validator,message_class_id,message_template,severity_as_emitted,objects,adjudication,citation_section,citation_table,citation_quote,rationale
dciodvfy,e4c7fa2d56f7,Error - Missing attribute Type 2C Conditional Element=<Laterality> Module=<GeneralSeries>,Error,462,FLOOR,PS3.3 C.7.3.1 General Series Module; PS3.5 7.4.4 Type 2C Conditional Data Elements,"PS3.3 Table C.7-5a General Series Module Attributes (rows Laterality (0020,0060) Type 2C and Body Part Examined (0018,0015) Type 3)","PS3.3 Table C.7-5a, Laterality (0020,0060), Type 2C: ""Laterality of (paired) body part examined. Required if the body part examined is a paired structure and Image Laterality (0020,0062) or Frame Laterality (0020,9072) or Measurement Laterality (0024,0113) are not present."" PS3.5 7.4.4: ""IODs and SOP Classes define Type 2C Data Elements that have the same requirements as Type 2 Data Elements under certain specified conditions. It is a protocol violation if the specified conditions are met and the Data Element is not included. When the specified conditions are not met, Type 2C Data Elements shall not be included in the Data Set unless it is specified that they may be present otherwise.""","The condition turns on whether the body part examined is a paired structure. The attribute that would carry that fact, Body Part Examined (0018,0015), is Type 3 in the same table, so a conformant object need not carry it, and PS3.3 gives no normative list of which body parts are paired. The condition is therefore not evaluable from the dataset. PS3.5 7.4.4 makes the two readings symmetric: if the condition is met the absence is a violation, and if it is not met the absence is mandatory. The message cannot distinguish them. The identical message class id e4c7fa2d56f7 is already in results/floor_set.csv against a known-good object built by highdicom, which is the empirical form of the same point. The Presentation Series Module (PS3.3 Table C.11.9-1), which PS3.3 A.33.1 says specialises the General Series Module for this IOD, specialises only Modality (0008,0060) and leaves Laterality at Type 2C. dicom-validator, reading the same 462 objects, raised nothing here."
dciodvfy,b572d7689ee2,"Error - DisplayedAreaSelectionSequence is internally inconsistent - DisplayedAreaTopLeftHandCorner = (344,0) is not above and to the left of DisplayedAreaBottomRightHandCorner = (344,512)",Error,5,PLAUSIBILITY,PS3.3 C.10.4 Displayed Area Module,PS3.3 Table C.10-4 Displayed Area Module Attributes,"PS3.3 Table C.10-4, Displayed Area Top Left Hand Corner (0070,0052), Type 1: ""The top left (after spatial transformation) pixel in the referenced image to be displayed, given as column\row. Column is the horizontal (before spatial transformation) offset (X) and row is the vertical (before spatial transformation) offset (Y) relative to the origin of the pixel data before spatial transformation, which is 1\1. See Figure C.10.4-1."" Note in PS3.3 C.10.4: ""The TLHC and BRHC may be outside the boundaries of the image pixel data (e.g., the TLHC may be 0 or negative, or the BRHC may be greater than Rows or Columns), allowing minification or placement of the image pixel data within a larger Specified Displayed Area.""","CONTESTED, and the counterfactual is reported alongside the verdict. Section C.10.4 and Table C.10-4 were read in full. Neither states any ordering relation between (0070,0052) and (0070,0053), neither uses shall for such a relation, and neither forbids a region one column or one row wide. Both attributes are Type 1 and both are present with values valid for VR SL and VM 2 as PS3.5 7.4.1 defines validity. In every observed message one axis is equal rather than inverted, for example TopLeft = (344,0) against BottomRight = (344,512), so dciodvfy is applying a strict inequality on both axes that the standard does not state. The section's only statement about corner values loosens the constraint rather than tightening it, permitting zero and negative coordinates. NET is refused because the rubric requires a section and table giving the Type or condition violated and no such text exists. FLOOR is refused because nothing cited positively permits a degenerate region either. PLAUSIBILITY is recorded: a cross-attribute consistency heuristic with no located conformance requirement behind it. PS3.4 Annex N, the Softcopy Presentation State Storage SOP Classes, was also checked and states nothing about the relationship between the two corners. A reader who holds that the attribute names top left and bottom right are themselves normative would move this class to NET, which changes the PRE-05 outcome, so the counterfactual triple and both rates are reported in results/phase2/net_rates_gsps.md."
dciodvfy,815a4ab09dce,"Error - DisplayedAreaSelectionSequence is internally inconsistent - DisplayedAreaTopLeftHandCorner = (347,0) is not above and to the left of DisplayedAreaBottomRightHandCorner = (347,512)",Error,3,PLAUSIBILITY,PS3.3 C.10.4 Displayed Area Module,PS3.3 Table C.10-4 Displayed Area Module Attributes,"PS3.3 Table C.10-4, Displayed Area Top Left Hand Corner (0070,0052), Type 1: ""The top left (after spatial transformation) pixel in the referenced image to be displayed, given as column\row. Column is the horizontal (before spatial transformation) offset (X) and row is the vertical (before spatial transformation) offset (Y) relative to the origin of the pixel data before spatial transformation, which is 1\1. See Figure C.10.4-1."" Note in PS3.3 C.10.4: ""The TLHC and BRHC may be outside the boundaries of the image pixel data (e.g., the TLHC may be 0 or negative, or the BRHC may be greater than Rows or Columns), allowing minification or placement of the image pixel data within a larger Specified Displayed Area.""","CONTESTED, and the counterfactual is reported alongside the verdict. Section C.10.4 and Table C.10-4 were read in full. Neither states any ordering relation between (0070,0052) and (0070,0053), neither uses shall for such a relation, and neither forbids a region one column or one row wide. Both attributes are Type 1 and both are present with values valid for VR SL and VM 2 as PS3.5 7.4.1 defines validity. In every observed message one axis is equal rather than inverted, for example TopLeft = (344,0) against BottomRight = (344,512), so dciodvfy is applying a strict inequality on both axes that the standard does not state. The section's only statement about corner values loosens the constraint rather than tightening it, permitting zero and negative coordinates. NET is refused because the rubric requires a section and table giving the Type or condition violated and no such text exists. FLOOR is refused because nothing cited positively permits a degenerate region either. PLAUSIBILITY is recorded: a cross-attribute consistency heuristic with no located conformance requirement behind it. PS3.4 Annex N, the Softcopy Presentation State Storage SOP Classes, was also checked and states nothing about the relationship between the two corners. A reader who holds that the attribute names top left and bottom right are themselves normative would move this class to NET, which changes the PRE-05 outcome, so the counterfactual triple and both rates are reported in results/phase2/net_rates_gsps.md."
dciodvfy,ec4e9244a88e,"Error - DisplayedAreaSelectionSequence is internally inconsistent - DisplayedAreaTopLeftHandCorner = (0,341) is not above and to the left of DisplayedAreaBottomRightHandCorner = (512,341)",Error,2,PLAUSIBILITY,PS3.3 C.10.4 Displayed Area Module,PS3.3 Table C.10-4 Displayed Area Module Attributes,"PS3.3 Table C.10-4, Displayed Area Top Left Hand Corner (0070,0052), Type 1: ""The top left (after spatial transformation) pixel in the referenced image to be displayed, given as column\row. Column is the horizontal (before spatial transformation) offset (X) and row is the vertical (before spatial transformation) offset (Y) relative to the origin of the pixel data before spatial transformation, which is 1\1. See Figure C.10.4-1."" Note in PS3.3 C.10.4: ""The TLHC and BRHC may be outside the boundaries of the image pixel data (e.g., the TLHC may be 0 or negative, or the BRHC may be greater than Rows or Columns), allowing minification or placement of the image pixel data within a larger Specified Displayed Area.""","CONTESTED, and the counterfactual is reported alongside the verdict. Section C.10.4 and Table C.10-4 were read in full. Neither states any ordering relation between (0070,0052) and (0070,0053), neither uses shall for such a relation, and neither forbids a region one column or one row wide. Both attributes are Type 1 and both are present with values valid for VR SL and VM 2 as PS3.5 7.4.1 defines validity. In every observed message one axis is equal rather than inverted, for example TopLeft = (344,0) against BottomRight = (344,512), so dciodvfy is applying a strict inequality on both axes that the standard does not state. The section's only statement about corner values loosens the constraint rather than tightening it, permitting zero and negative coordinates. NET is refused because the rubric requires a section and table giving the Type or condition violated and no such text exists. FLOOR is refused because nothing cited positively permits a degenerate region either. PLAUSIBILITY is recorded: a cross-attribute consistency heuristic with no located conformance requirement behind it. PS3.4 Annex N, the Softcopy Presentation State Storage SOP Classes, was also checked and states nothing about the relationship between the two corners. A reader who holds that the attribute names top left and bottom right are themselves normative would move this class to NET, which changes the PRE-05 outcome, so the counterfactual triple and both rates are reported in results/phase2/net_rates_gsps.md."
dciodvfy,54cba9305877,"Error - DisplayedAreaSelectionSequence is internally inconsistent - DisplayedAreaTopLeftHandCorner = (340,0) is not above and to the left of DisplayedAreaBottomRightHandCorner = (340,512)",Error,2,PLAUSIBILITY,PS3.3 C.10.4 Displayed Area Module,PS3.3 Table C.10-4 Displayed Area Module Attributes,"PS3.3 Table C.10-4, Displayed Area Top Left Hand Corner (0070,0052), Type 1: ""The top left (after spatial transformation) pixel in the referenced image to be displayed, given as column\row. Column is the horizontal (before spatial transformation) offset (X) and row is the vertical (before spatial transformation) offset (Y) relative to the origin of the pixel data before spatial transformation, which is 1\1. See Figure C.10.4-1."" Note in PS3.3 C.10.4: ""The TLHC and BRHC may be outside the boundaries of the image pixel data (e.g., the TLHC may be 0 or negative, or the BRHC may be greater than Rows or Columns), allowing minification or placement of the image pixel data within a larger Specified Displayed Area.""","CONTESTED, and the counterfactual is reported alongside the verdict. Section C.10.4 and Table C.10-4 were read in full. Neither states any ordering relation between (0070,0052) and (0070,0053), neither uses shall for such a relation, and neither forbids a region one column or one row wide. Both attributes are Type 1 and both are present with values valid for VR SL and VM 2 as PS3.5 7.4.1 defines validity. In every observed message one axis is equal rather than inverted, for example TopLeft = (344,0) against BottomRight = (344,512), so dciodvfy is applying a strict inequality on both axes that the standard does not state. The section's only statement about corner values loosens the constraint rather than tightening it, permitting zero and negative coordinates. NET is refused because the rubric requires a section and table giving the Type or condition violated and no such text exists. FLOOR is refused because nothing cited positively permits a degenerate region either. PLAUSIBILITY is recorded: a cross-attribute consistency heuristic with no located conformance requirement behind it. PS3.4 Annex N, the Softcopy Presentation State Storage SOP Classes, was also checked and states nothing about the relationship between the two corners. A reader who holds that the attribute names top left and bottom right are themselves normative would move this class to NET, which changes the PRE-05 outcome, so the counterfactual triple and both rates are reported in results/phase2/net_rates_gsps.md."
dciodvfy,4e148786b6b3,"Error - DisplayedAreaSelectionSequence is internally inconsistent - DisplayedAreaTopLeftHandCorner = (340,0) is not above and to the left of DisplayedAreaBottomRightHandCorner = (340,513)",Error,2,PLAUSIBILITY,PS3.3 C.10.4 Displayed Area Module,PS3.3 Table C.10-4 Displayed Area Module Attributes,"PS3.3 Table C.10-4, Displayed Area Top Left Hand Corner (0070,0052), Type 1: ""The top left (after spatial transformation) pixel in the referenced image to be displayed, given as column\row. Column is the horizontal (before spatial transformation) offset (X) and row is the vertical (before spatial transformation) offset (Y) relative to the origin of the pixel data before spatial transformation, which is 1\1. See Figure C.10.4-1."" Note in PS3.3 C.10.4: ""The TLHC and BRHC may be outside the boundaries of the image pixel data (e.g., the TLHC may be 0 or negative, or the BRHC may be greater than Rows or Columns), allowing minification or placement of the image pixel data within a larger Specified Displayed Area.""","CONTESTED, and the counterfactual is reported alongside the verdict. Section C.10.4 and Table C.10-4 were read in full. Neither states any ordering relation between (0070,0052) and (0070,0053), neither uses shall for such a relation, and neither forbids a region one column or one row wide. Both attributes are Type 1 and both are present with values valid for VR SL and VM 2 as PS3.5 7.4.1 defines validity. In every observed message one axis is equal rather than inverted, for example TopLeft = (344,0) against BottomRight = (344,512), so dciodvfy is applying a strict inequality on both axes that the standard does not state. The section's only statement about corner values loosens the constraint rather than tightening it, permitting zero and negative coordinates. NET is refused because the rubric requires a section and table giving the Type or condition violated and no such text exists. FLOOR is refused because nothing cited positively permits a degenerate region either. PLAUSIBILITY is recorded: a cross-attribute consistency heuristic with no located conformance requirement behind it. PS3.4 Annex N, the Softcopy Presentation State Storage SOP Classes, was also checked and states nothing about the relationship between the two corners. A reader who holds that the attribute names top left and bottom right are themselves normative would move this class to NET, which changes the PRE-05 outcome, so the counterfactual triple and both rates are reported in results/phase2/net_rates_gsps.md."
dciodvfy,6d27ea471492,"Error - DisplayedAreaSelectionSequence is internally inconsistent - DisplayedAreaTopLeftHandCorner = (341,0) is not above and to the left of DisplayedAreaBottomRightHandCorner = (341,512)",Error,2,PLAUSIBILITY,PS3.3 C.10.4 Displayed Area Module,PS3.3 Table C.10-4 Displayed Area Module Attributes,"PS3.3 Table C.10-4, Displayed Area Top Left Hand Corner (0070,0052), Type 1: ""The top left (after spatial transformation) pixel in the referenced image to be displayed, given as column\row. Column is the horizontal (before spatial transformation) offset (X) and row is the vertical (before spatial transformation) offset (Y) relative to the origin of the pixel data before spatial transformation, which is 1\1. See Figure C.10.4-1."" Note in PS3.3 C.10.4: ""The TLHC and BRHC may be outside the boundaries of the image pixel data (e.g., the TLHC may be 0 or negative, or the BRHC may be greater than Rows or Columns), allowing minification or placement of the image pixel data within a larger Specified Displayed Area.""","CONTESTED, and the counterfactual is reported alongside the verdict. Section C.10.4 and Table C.10-4 were read in full. Neither states any ordering relation between (0070,0052) and (0070,0053), neither uses shall for such a relation, and neither forbids a region one column or one row wide. Both attributes are Type 1 and both are present with values valid for VR SL and VM 2 as PS3.5 7.4.1 defines validity. In every observed message one axis is equal rather than inverted, for example TopLeft = (344,0) against BottomRight = (344,512), so dciodvfy is applying a strict inequality on both axes that the standard does not state. The section's only statement about corner values loosens the constraint rather than tightening it, permitting zero and negative coordinates. NET is refused because the rubric requires a section and table giving the Type or condition violated and no such text exists. FLOOR is refused because nothing cited positively permits a degenerate region either. PLAUSIBILITY is recorded: a cross-attribute consistency heuristic with no located conformance requirement behind it. PS3.4 Annex N, the Softcopy Presentation State Storage SOP Classes, was also checked and states nothing about the relationship between the two corners. A reader who holds that the attribute names top left and bottom right are themselves normative would move this class to NET, which changes the PRE-05 outcome, so the counterfactual triple and both rates are reported in results/phase2/net_rates_gsps.md."
dciodvfy,bf7e17adad4c,"Error - DisplayedAreaSelectionSequence is internally inconsistent - DisplayedAreaTopLeftHandCorner = (342,0) is not above and to the left of DisplayedAreaBottomRightHandCorner = (342,512)",Error,2,PLAUSIBILITY,PS3.3 C.10.4 Displayed Area Module,PS3.3 Table C.10-4 Displayed Area Module Attributes,"PS3.3 Table C.10-4, Displayed Area Top Left Hand Corner (0070,0052), Type 1: ""The top left (after spatial transformation) pixel in the referenced image to be displayed, given as column\row. Column is the horizontal (before spatial transformation) offset (X) and row is the vertical (before spatial transformation) offset (Y) relative to the origin of the pixel data before spatial transformation, which is 1\1. See Figure C.10.4-1."" Note in PS3.3 C.10.4: ""The TLHC and BRHC may be outside the boundaries of the image pixel data (e.g., the TLHC may be 0 or negative, or the BRHC may be greater than Rows or Columns), allowing minification or placement of the image pixel data within a larger Specified Displayed Area.""","CONTESTED, and the counterfactual is reported alongside the verdict. Section C.10.4 and Table C.10-4 were read in full. Neither states any ordering relation between (0070,0052) and (0070,0053), neither uses shall for such a relation, and neither forbids a region one column or one row wide. Both attributes are Type 1 and both are present with values valid for VR SL and VM 2 as PS3.5 7.4.1 defines validity. In every observed message one axis is equal rather than inverted, for example TopLeft = (344,0) against BottomRight = (344,512), so dciodvfy is applying a strict inequality on both axes that the standard does not state. The section's only statement about corner values loosens the constraint rather than tightening it, permitting zero and negative coordinates. NET is refused because the rubric requires a section and table giving the Type or condition violated and no such text exists. FLOOR is refused because nothing cited positively permits a degenerate region either. PLAUSIBILITY is recorded: a cross-attribute consistency heuristic with no located conformance requirement behind it. PS3.4 Annex N, the Softcopy Presentation State Storage SOP Classes, was also checked and states nothing about the relationship between the two corners. A reader who holds that the attribute names top left and bottom right are themselves normative would move this class to NET, which changes the PRE-05 outcome, so the counterfactual triple and both rates are reported in results/phase2/net_rates_gsps.md."
dciodvfy,b3fa31e6419e,"Error - DisplayedAreaSelectionSequence is internally inconsistent - DisplayedAreaTopLeftHandCorner = (343,0) is not above and to the left of DisplayedAreaBottomRightHandCorner = (343,513)",Error,2,PLAUSIBILITY,PS3.3 C.10.4 Displayed Area Module,PS3.3 Table C.10-4 Displayed Area Module Attributes,"PS3.3 Table C.10-4, Displayed Area Top Left Hand Corner (0070,0052), Type 1: ""The top left (after spatial transformation) pixel in the referenced image to be displayed, given as column\row. Column is the horizontal (before spatial transformation) offset (X) and row is the vertical (before spatial transformation) offset (Y) relative to the origin of the pixel data before spatial transformation, which is 1\1. See Figure C.10.4-1."" Note in PS3.3 C.10.4: ""The TLHC and BRHC may be outside the boundaries of the image pixel data (e.g., the TLHC may be 0 or negative, or the BRHC may be greater than Rows or Columns), allowing minification or placement of the image pixel data within a larger Specified Displayed Area.""","CONTESTED, and the counterfactual is reported alongside the verdict. Section C.10.4 and Table C.10-4 were read in full. Neither states any ordering relation between (0070,0052) and (0070,0053), neither uses shall for such a relation, and neither forbids a region one column or one row wide. Both attributes are Type 1 and both are present with values valid for VR SL and VM 2 as PS3.5 7.4.1 defines validity. In every observed message one axis is equal rather than inverted, for example TopLeft = (344,0) against BottomRight = (344,512), so dciodvfy is applying a strict inequality on both axes that the standard does not state. The section's only statement about corner values loosens the constraint rather than tightening it, permitting zero and negative coordinates. NET is refused because the rubric requires a section and table giving the Type or condition violated and no such text exists. FLOOR is refused because nothing cited positively permits a degenerate region either. PLAUSIBILITY is recorded: a cross-attribute consistency heuristic with no located conformance requirement behind it. PS3.4 Annex N, the Softcopy Presentation State Storage SOP Classes, was also checked and states nothing about the relationship between the two corners. A reader who holds that the attribute names top left and bottom right are themselves normative would move this class to NET, which changes the PRE-05 outcome, so the counterfactual triple and both rates are reported in results/phase2/net_rates_gsps.md."
dciodvfy,5f59d3a00bba,"Error - DisplayedAreaSelectionSequence is internally inconsistent - DisplayedAreaTopLeftHandCorner = (344,0) is not above and to the left of DisplayedAreaBottomRightHandCorner = (344,513)",Error,2,PLAUSIBILITY,PS3.3 C.10.4 Displayed Area Module,PS3.3 Table C.10-4 Displayed Area Module Attributes,"PS3.3 Table C.10-4, Displayed Area Top Left Hand Corner (0070,0052), Type 1: ""The top left (after spatial transformation) pixel in the referenced image to be displayed, given as column\row. Column is the horizontal (before spatial transformation) offset (X) and row is the vertical (before spatial transformation) offset (Y) relative to the origin of the pixel data before spatial transformation, which is 1\1. See Figure C.10.4-1."" Note in PS3.3 C.10.4: ""The TLHC and BRHC may be outside the boundaries of the image pixel data (e.g., the TLHC may be 0 or negative, or the BRHC may be greater than Rows or Columns), allowing minification or placement of the image pixel data within a larger Specified Displayed Area.""","CONTESTED, and the counterfactual is reported alongside the verdict. Section C.10.4 and Table C.10-4 were read in full. Neither states any ordering relation between (0070,0052) and (0070,0053), neither uses shall for such a relation, and neither forbids a region one column or one row wide. Both attributes are Type 1 and both are present with values valid for VR SL and VM 2 as PS3.5 7.4.1 defines validity. In every observed message one axis is equal rather than inverted, for example TopLeft = (344,0) against BottomRight = (344,512), so dciodvfy is applying a strict inequality on both axes that the standard does not state. The section's only statement about corner values loosens the constraint rather than tightening it, permitting zero and negative coordinates. NET is refused because the rubric requires a section and table giving the Type or condition violated and no such text exists. FLOOR is refused because nothing cited positively permits a degenerate region either. PLAUSIBILITY is recorded: a cross-attribute consistency heuristic with no located conformance requirement behind it. PS3.4 Annex N, the Softcopy Presentation State Storage SOP Classes, was also checked and states nothing about the relationship between the two corners. A reader who holds that the attribute names top left and bottom right are themselves normative would move this class to NET, which changes the PRE-05 outcome, so the counterfactual triple and both rates are reported in results/phase2/net_rates_gsps.md."
dciodvfy,bd4f4d5238b3,"Error - DisplayedAreaSelectionSequence is internally inconsistent - DisplayedAreaTopLeftHandCorner = (345,0) is not above and to the left of DisplayedAreaBottomRightHandCorner = (345,512)",Error,2,PLAUSIBILITY,PS3.3 C.10.4 Displayed Area Module,PS3.3 Table C.10-4 Displayed Area Module Attributes,"PS3.3 Table C.10-4, Displayed Area Top Left Hand Corner (0070,0052), Type 1: ""The top left (after spatial transformation) pixel in the referenced image to be displayed, given as column\row. Column is the horizontal (before spatial transformation) offset (X) and row is the vertical (before spatial transformation) offset (Y) relative to the origin of the pixel data before spatial transformation, which is 1\1. See Figure C.10.4-1."" Note in PS3.3 C.10.4: ""The TLHC and BRHC may be outside the boundaries of the image pixel data (e.g., the TLHC may be 0 or negative, or the BRHC may be greater than Rows or Columns), allowing minification or placement of the image pixel data within a larger Specified Displayed Area.""","CONTESTED, and the counterfactual is reported alongside the verdict. Section C.10.4 and Table C.10-4 were read in full. Neither states any ordering relation between (0070,0052) and (0070,0053), neither uses shall for such a relation, and neither forbids a region one column or one row wide. Both attributes are Type 1 and both are present with values valid for VR SL and VM 2 as PS3.5 7.4.1 defines validity. In every observed message one axis is equal rather than inverted, for example TopLeft = (344,0) against BottomRight = (344,512), so dciodvfy is applying a strict inequality on both axes that the standard does not state. The section's only statement about corner values loosens the constraint rather than tightening it, permitting zero and negative coordinates. NET is refused because the rubric requires a section and table giving the Type or condition violated and no such text exists. FLOOR is refused because nothing cited positively permits a degenerate region either. PLAUSIBILITY is recorded: a cross-attribute consistency heuristic with no located conformance requirement behind it. PS3.4 Annex N, the Softcopy Presentation State Storage SOP Classes, was also checked and states nothing about the relationship between the two corners. A reader who holds that the attribute names top left and bottom right are themselves normative would move this class to NET, which changes the PRE-05 outcome, so the counterfactual triple and both rates are reported in results/phase2/net_rates_gsps.md."
dciodvfy,fb0b061c091a,"Error - DisplayedAreaSelectionSequence is internally inconsistent - DisplayedAreaTopLeftHandCorner = (345,0) is not above and to the left of DisplayedAreaBottomRightHandCorner = (345,513)",Error,2,PLAUSIBILITY,PS3.3 C.10.4 Displayed Area Module,PS3.3 Table C.10-4 Displayed Area Module Attributes,"PS3.3 Table C.10-4, Displayed Area Top Left Hand Corner (0070,0052), Type 1: ""The top left (after spatial transformation) pixel in the referenced image to be displayed, given as column\row. Column is the horizontal (before spatial transformation) offset (X) and row is the vertical (before spatial transformation) offset (Y) relative to the origin of the pixel data before spatial transformation, which is 1\1. See Figure C.10.4-1."" Note in PS3.3 C.10.4: ""The TLHC and BRHC may be outside the boundaries of the image pixel data (e.g., the TLHC may be 0 or negative, or the BRHC may be greater than Rows or Columns), allowing minification or placement of the image pixel data within a larger Specified Displayed Area.""","CONTESTED, and the counterfactual is reported alongside the verdict. Section C.10.4 and Table C.10-4 were read in full. Neither states any ordering relation between (0070,0052) and (0070,0053), neither uses shall for such a relation, and neither forbids a region one column or one row wide. Both attributes are Type 1 and both are present with values valid for VR SL and VM 2 as PS3.5 7.4.1 defines validity. In every observed message one axis is equal rather than inverted, for example TopLeft = (344,0) against BottomRight = (344,512), so dciodvfy is applying a strict inequality on both axes that the standard does not state. The section's only statement about corner values loosens the constraint rather than tightening it, permitting zero and negative coordinates. NET is refused because the rubric requires a section and table giving the Type or condition violated and no such text exists. FLOOR is refused because nothing cited positively permits a degenerate region either. PLAUSIBILITY is recorded: a cross-attribute consistency heuristic with no located conformance requirement behind it. PS3.4 Annex N, the Softcopy Presentation State Storage SOP Classes, was also checked and states nothing about the relationship between the two corners. A reader who holds that the attribute names top left and bottom right are themselves normative would move this class to NET, which changes the PRE-05 outcome, so the counterfactual triple and both rates are reported in results/phase2/net_rates_gsps.md."
dciodvfy,a342fa7386ce,"Error - DisplayedAreaSelectionSequence is internally inconsistent - DisplayedAreaTopLeftHandCorner = (356,1) is not above and to the left of DisplayedAreaBottomRightHandCorner = (356,512)",Error,2,PLAUSIBILITY,PS3.3 C.10.4 Displayed Area Module,PS3.3 Table C.10-4 Displayed Area Module Attributes,"PS3.3 Table C.10-4, Displayed Area Top Left Hand Corner (0070,0052), Type 1: ""The top left (after spatial transformation) pixel in the referenced image to be displayed, given as column\row. Column is the horizontal (before spatial transformation) offset (X) and row is the vertical (before spatial transformation) offset (Y) relative to the origin of the pixel data before spatial transformation, which is 1\1. See Figure C.10.4-1."" Note in PS3.3 C.10.4: ""The TLHC and BRHC may be outside the boundaries of the image pixel data (e.g., the TLHC may be 0 or negative, or the BRHC may be greater than Rows or Columns), allowing minification or placement of the image pixel data within a larger Specified Displayed Area.""","CONTESTED, and the counterfactual is reported alongside the verdict. Section C.10.4 and Table C.10-4 were read in full. Neither states any ordering relation between (0070,0052) and (0070,0053), neither uses shall for such a relation, and neither forbids a region one column or one row wide. Both attributes are Type 1 and both are present with values valid for VR SL and VM 2 as PS3.5 7.4.1 defines validity. In every observed message one axis is equal rather than inverted, for example TopLeft = (344,0) against BottomRight = (344,512), so dciodvfy is applying a strict inequality on both axes that the standard does not state. The section's only statement about corner values loosens the constraint rather than tightening it, permitting zero and negative coordinates. NET is refused because the rubric requires a section and table giving the Type or condition violated and no such text exists. FLOOR is refused because nothing cited positively permits a degenerate region either. PLAUSIBILITY is recorded: a cross-attribute consistency heuristic with no located conformance requirement behind it. PS3.4 Annex N, the Softcopy Presentation State Storage SOP Classes, was also checked and states nothing about the relationship between the two corners. A reader who holds that the attribute names top left and bottom right are themselves normative would move this class to NET, which changes the PRE-05 outcome, so the counterfactual triple and both rates are reported in results/phase2/net_rates_gsps.md."
dciodvfy,b64e24bea4da,"Error - DisplayedAreaSelectionSequence is internally inconsistent - DisplayedAreaTopLeftHandCorner = (357,1) is not above and to the left of DisplayedAreaBottomRightHandCorner = (357,512)",Error,2,PLAUSIBILITY,PS3.3 C.10.4 Displayed Area Module,PS3.3 Table C.10-4 Displayed Area Module Attributes,"PS3.3 Table C.10-4, Displayed Area Top Left Hand Corner (0070,0052), Type 1: ""The top left (after spatial transformation) pixel in the referenced image to be displayed, given as column\row. Column is the horizontal (before spatial transformation) offset (X) and row is the vertical (before spatial transformation) offset (Y) relative to the origin of the pixel data before spatial transformation, which is 1\1. See Figure C.10.4-1."" Note in PS3.3 C.10.4: ""The TLHC and BRHC may be outside the boundaries of the image pixel data (e.g., the TLHC may be 0 or negative, or the BRHC may be greater than Rows or Columns), allowing minification or placement of the image pixel data within a larger Specified Displayed Area.""","CONTESTED, and the counterfactual is reported alongside the verdict. Section C.10.4 and Table C.10-4 were read in full. Neither states any ordering relation between (0070,0052) and (0070,0053), neither uses shall for such a relation, and neither forbids a region one column or one row wide. Both attributes are Type 1 and both are present with values valid for VR SL and VM 2 as PS3.5 7.4.1 defines validity. In every observed message one axis is equal rather than inverted, for example TopLeft = (344,0) against BottomRight = (344,512), so dciodvfy is applying a strict inequality on both axes that the standard does not state. The section's only statement about corner values loosens the constraint rather than tightening it, permitting zero and negative coordinates. NET is refused because the rubric requires a section and table giving the Type or condition violated and no such text exists. FLOOR is refused because nothing cited positively permits a degenerate region either. PLAUSIBILITY is recorded: a cross-attribute consistency heuristic with no located conformance requirement behind it. PS3.4 Annex N, the Softcopy Presentation State Storage SOP Classes, was also checked and states nothing about the relationship between the two corners. A reader who holds that the attribute names top left and bottom right are themselves normative would move this class to NET, which changes the PRE-05 outcome, so the counterfactual triple and both rates are reported in results/phase2/net_rates_gsps.md."
dciodvfy,d866aa303049,"Error - DisplayedAreaSelectionSequence is internally inconsistent - DisplayedAreaTopLeftHandCorner = (-10,309) is not above and to the left of DisplayedAreaBottomRightHandCorner = (523,309)",Error,1,PLAUSIBILITY,PS3.3 C.10.4 Displayed Area Module,PS3.3 Table C.10-4 Displayed Area Module Attributes,"PS3.3 Table C.10-4, Displayed Area Top Left Hand Corner (0070,0052), Type 1: ""The top left (after spatial transformation) pixel in the referenced image to be displayed, given as column\row. Column is the horizontal (before spatial transformation) offset (X) and row is the vertical (before spatial transformation) offset (Y) relative to the origin of the pixel data before spatial transformation, which is 1\1. See Figure C.10.4-1."" Note in PS3.3 C.10.4: ""The TLHC and BRHC may be outside the boundaries of the image pixel data (e.g., the TLHC may be 0 or negative, or the BRHC may be greater than Rows or Columns), allowing minification or placement of the image pixel data within a larger Specified Displayed Area.""","CONTESTED, and the counterfactual is reported alongside the verdict. Section C.10.4 and Table C.10-4 were read in full. Neither states any ordering relation between (0070,0052) and (0070,0053), neither uses shall for such a relation, and neither forbids a region one column or one row wide. Both attributes are Type 1 and both are present with values valid for VR SL and VM 2 as PS3.5 7.4.1 defines validity. In every observed message one axis is equal rather than inverted, for example TopLeft = (344,0) against BottomRight = (344,512), so dciodvfy is applying a strict inequality on both axes that the standard does not state. The section's only statement about corner values loosens the constraint rather than tightening it, permitting zero and negative coordinates. NET is refused because the rubric requires a section and table giving the Type or condition violated and no such text exists. FLOOR is refused because nothing cited positively permits a degenerate region either. PLAUSIBILITY is recorded: a cross-attribute consistency heuristic with no located conformance requirement behind it. PS3.4 Annex N, the Softcopy Presentation State Storage SOP Classes, was also checked and states nothing about the relationship between the two corners. A reader who holds that the attribute names top left and bottom right are themselves normative would move this class to NET, which changes the PRE-05 outcome, so the counterfactual triple and both rates are reported in results/phase2/net_rates_gsps.md."
dciodvfy,635f7a39a201,"Error - DisplayedAreaSelectionSequence is internally inconsistent - DisplayedAreaTopLeftHandCorner = (-16,268) is not above and to the left of DisplayedAreaBottomRightHandCorner = (529,268)",Error,1,PLAUSIBILITY,PS3.3 C.10.4 Displayed Area Module,PS3.3 Table C.10-4 Displayed Area Module Attributes,"PS3.3 Table C.10-4, Displayed Area Top Left Hand Corner (0070,0052), Type 1: ""The top left (after spatial transformation) pixel in the referenced image to be displayed, given as column\row. Column is the horizontal (before spatial transformation) offset (X) and row is the vertical (before spatial transformation) offset (Y) relative to the origin of the pixel data before spatial transformation, which is 1\1. See Figure C.10.4-1."" Note in PS3.3 C.10.4: ""The TLHC and BRHC may be outside the boundaries of the image pixel data (e.g., the TLHC may be 0 or negative, or the BRHC may be greater than Rows or Columns), allowing minification or placement of the image pixel data within a larger Specified Displayed Area.""","CONTESTED, and the counterfactual is reported alongside the verdict. Section C.10.4 and Table C.10-4 were read in full. Neither states any ordering relation between (0070,0052) and (0070,0053), neither uses shall for such a relation, and neither forbids a region one column or one row wide. Both attributes are Type 1 and both are present with values valid for VR SL and VM 2 as PS3.5 7.4.1 defines validity. In every observed message one axis is equal rather than inverted, for example TopLeft = (344,0) against BottomRight = (344,512), so dciodvfy is applying a strict inequality on both axes that the standard does not state. The section's only statement about corner values loosens the constraint rather than tightening it, permitting zero and negative coordinates. NET is refused because the rubric requires a section and table giving the Type or condition violated and no such text exists. FLOOR is refused because nothing cited positively permits a degenerate region either. PLAUSIBILITY is recorded: a cross-attribute consistency heuristic with no located conformance requirement behind it. PS3.4 Annex N, the Softcopy Presentation State Storage SOP Classes, was also checked and states nothing about the relationship between the two corners. A reader who holds that the attribute names top left and bottom right are themselves normative would move this class to NET, which changes the PRE-05 outcome, so the counterfactual triple and both rates are reported in results/phase2/net_rates_gsps.md."
dciodvfy,e297e16a726e,"Error - DisplayedAreaSelectionSequence is internally inconsistent - DisplayedAreaTopLeftHandCorner = (-21,370) is not above and to the left of DisplayedAreaBottomRightHandCorner = (534,370)",Error,1,PLAUSIBILITY,PS3.3 C.10.4 Displayed Area Module,PS3.3 Table C.10-4 Displayed Area Module Attributes,"PS3.3 Table C.10-4, Displayed Area Top Left Hand Corner (0070,0052), Type 1: ""The top left (after spatial transformation) pixel in the referenced image to be displayed, given as column\row. Column is the horizontal (before spatial transformation) offset (X) and row is the vertical (before spatial transformation) offset (Y) relative to the origin of the pixel data before spatial transformation, which is 1\1. See Figure C.10.4-1."" Note in PS3.3 C.10.4: ""The TLHC and BRHC may be outside the boundaries of the image pixel data (e.g., the TLHC may be 0 or negative, or the BRHC may be greater than Rows or Columns), allowing minification or placement of the image pixel data within a larger Specified Displayed Area.""","CONTESTED, and the counterfactual is reported alongside the verdict. Section C.10.4 and Table C.10-4 were read in full. Neither states any ordering relation between (0070,0052) and (0070,0053), neither uses shall for such a relation, and neither forbids a region one column or one row wide. Both attributes are Type 1 and both are present with values valid for VR SL and VM 2 as PS3.5 7.4.1 defines validity. In every observed message one axis is equal rather than inverted, for example TopLeft = (344,0) against BottomRight = (344,512), so dciodvfy is applying a strict inequality on both axes that the standard does not state. The section's only statement about corner values loosens the constraint rather than tightening it, permitting zero and negative coordinates. NET is refused because the rubric requires a section and table giving the Type or condition violated and no such text exists. FLOOR is refused because nothing cited positively permits a degenerate region either. PLAUSIBILITY is recorded: a cross-attribute consistency heuristic with no located conformance requirement behind it. PS3.4 Annex N, the Softcopy Presentation State Storage SOP Classes, was also checked and states nothing about the relationship between the two corners. A reader who holds that the attribute names top left and bottom right are themselves normative would move this class to NET, which changes the PRE-05 outcome, so the counterfactual triple and both rates are reported in results/phase2/net_rates_gsps.md."
dciodvfy,90dcae2114a3,"Error - DisplayedAreaSelectionSequence is internally inconsistent - DisplayedAreaTopLeftHandCorner = (-260,187) is not above and to the left of DisplayedAreaBottomRightHandCorner = (773,187)",Error,1,PLAUSIBILITY,PS3.3 C.10.4 Displayed Area Module,PS3.3 Table C.10-4 Displayed Area Module Attributes,"PS3.3 Table C.10-4, Displayed Area Top Left Hand Corner (0070,0052), Type 1: ""The top left (after spatial transformation) pixel in the referenced image to be displayed, given as column\row. Column is the horizontal (before spatial transformation) offset (X) and row is the vertical (before spatial transformation) offset (Y) relative to the origin of the pixel data before spatial transformation, which is 1\1. See Figure C.10.4-1."" Note in PS3.3 C.10.4: ""The TLHC and BRHC may be outside the boundaries of the image pixel data (e.g., the TLHC may be 0 or negative, or the BRHC may be greater than Rows or Columns), allowing minification or placement of the image pixel data within a larger Specified Displayed Area.""","CONTESTED, and the counterfactual is reported alongside the verdict. Section C.10.4 and Table C.10-4 were read in full. Neither states any ordering relation between (0070,0052) and (0070,0053), neither uses shall for such a relation, and neither forbids a region one column or one row wide. Both attributes are Type 1 and both are present with values valid for VR SL and VM 2 as PS3.5 7.4.1 defines validity. In every observed message one axis is equal rather than inverted, for example TopLeft = (344,0) against BottomRight = (344,512), so dciodvfy is applying a strict inequality on both axes that the standard does not state. The section's only statement about corner values loosens the constraint rather than tightening it, permitting zero and negative coordinates. NET is refused because the rubric requires a section and table giving the Type or condition violated and no such text exists. FLOOR is refused because nothing cited positively permits a degenerate region either. PLAUSIBILITY is recorded: a cross-attribute consistency heuristic with no located conformance requirement behind it. PS3.4 Annex N, the Softcopy Presentation State Storage SOP Classes, was also checked and states nothing about the relationship between the two corners. A reader who holds that the attribute names top left and bottom right are themselves normative would move this class to NET, which changes the PRE-05 outcome, so the counterfactual triple and both rates are reported in results/phase2/net_rates_gsps.md."
dciodvfy,8101631f7972,"Error - DisplayedAreaSelectionSequence is internally inconsistent - DisplayedAreaTopLeftHandCorner = (-260,263) is not above and to the left of DisplayedAreaBottomRightHandCorner = (773,262)",Error,1,PLAUSIBILITY,PS3.3 C.10.4 Displayed Area Module,PS3.3 Table C.10-4 Displayed Area Module Attributes,"PS3.3 Table C.10-4, Displayed Area Top Left Hand Corner (0070,0052), Type 1: ""The top left (after spatial transformation) pixel in the referenced image to be displayed, given as column\row. Column is the horizontal (before spatial transformation) offset (X) and row is the vertical (before spatial transformation) offset (Y) relative to the origin of the pixel data before spatial transformation, which is 1\1. See Figure C.10.4-1."" Note in PS3.3 C.10.4: ""The TLHC and BRHC may be outside the boundaries of the image pixel data (e.g., the TLHC may be 0 or negative, or the BRHC may be greater than Rows or Columns), allowing minification or placement of the image pixel data within a larger Specified Displayed Area.""","CONTESTED, and the counterfactual is reported alongside the verdict. Section C.10.4 and Table C.10-4 were read in full. Neither states any ordering relation between (0070,0052) and (0070,0053), neither uses shall for such a relation, and neither forbids a region one column or one row wide. Both attributes are Type 1 and both are present with values valid for VR SL and VM 2 as PS3.5 7.4.1 defines validity. In every observed message one axis is equal rather than inverted, for example TopLeft = (344,0) against BottomRight = (344,512), so dciodvfy is applying a strict inequality on both axes that the standard does not state. The section's only statement about corner values loosens the constraint rather than tightening it, permitting zero and negative coordinates. NET is refused because the rubric requires a section and table giving the Type or condition violated and no such text exists. FLOOR is refused because nothing cited positively permits a degenerate region either. PLAUSIBILITY is recorded: a cross-attribute consistency heuristic with no located conformance requirement behind it. PS3.4 Annex N, the Softcopy Presentation State Storage SOP Classes, was also checked and states nothing about the relationship between the two corners. A reader who holds that the attribute names top left and bottom right are themselves normative would move this class to NET, which changes the PRE-05 outcome, so the counterfactual triple and both rates are reported in results/phase2/net_rates_gsps.md."
dciodvfy,89243dcc2591,"Error - DisplayedAreaSelectionSequence is internally inconsistent - DisplayedAreaTopLeftHandCorner = (-260,290) is not above and to the left of DisplayedAreaBottomRightHandCorner = (773,290)",Error,1,PLAUSIBILITY,PS3.3 C.10.4 Displayed Area Module,PS3.3 Table C.10-4 Displayed Area Module Attributes,"PS3.3 Table C.10-4, Displayed Area Top Left Hand Corner (0070,0052), Type 1: ""The top left (after spatial transformation) pixel in the referenced image to be displayed, given as column\row. Column is the horizontal (before spatial transformation) offset (X) and row is the vertical (before spatial transformation) offset (Y) relative to the origin of the pixel data before spatial transformation, which is 1\1. See Figure C.10.4-1."" Note in PS3.3 C.10.4: ""The TLHC and BRHC may be outside the boundaries of the image pixel data (e.g., the TLHC may be 0 or negative, or the BRHC may be greater than Rows or Columns), allowing minification or placement of the image pixel data within a larger Specified Displayed Area.""","CONTESTED, and the counterfactual is reported alongside the verdict. Section C.10.4 and Table C.10-4 were read in full. Neither states any ordering relation between (0070,0052) and (0070,0053), neither uses shall for such a relation, and neither forbids a region one column or one row wide. Both attributes are Type 1 and both are present with values valid for VR SL and VM 2 as PS3.5 7.4.1 defines validity. In every observed message one axis is equal rather than inverted, for example TopLeft = (344,0) against BottomRight = (344,512), so dciodvfy is applying a strict inequality on both axes that the standard does not state. The section's only statement about corner values loosens the constraint rather than tightening it, permitting zero and negative coordinates. NET is refused because the rubric requires a section and table giving the Type or condition violated and no such text exists. FLOOR is refused because nothing cited positively permits a degenerate region either. PLAUSIBILITY is recorded: a cross-attribute consistency heuristic with no located conformance requirement behind it. PS3.4 Annex N, the Softcopy Presentation State Storage SOP Classes, was also checked and states nothing about the relationship between the two corners. A reader who holds that the attribute names top left and bottom right are themselves normative would move this class to NET, which changes the PRE-05 outcome, so the counterfactual triple and both rates are reported in results/phase2/net_rates_gsps.md."
dciodvfy,a9fdcc66c6cc,"Error - DisplayedAreaSelectionSequence is internally inconsistent - DisplayedAreaTopLeftHandCorner = (-260,299) is not above and to the left of DisplayedAreaBottomRightHandCorner = (773,299)",Error,1,PLAUSIBILITY,PS3.3 C.10.4 Displayed Area Module,PS3.3 Table C.10-4 Displayed Area Module Attributes,"PS3.3 Table C.10-4, Displayed Area Top Left Hand Corner (0070,0052), Type 1: ""The top left (after spatial transformation) pixel in the referenced image to be displayed, given as column\row. Column is the horizontal (before spatial transformation) offset (X) and row is the vertical (before spatial transformation) offset (Y) relative to the origin of the pixel data before spatial transformation, which is 1\1. See Figure C.10.4-1."" Note in PS3.3 C.10.4: ""The TLHC and BRHC may be outside the boundaries of the image pixel data (e.g., the TLHC may be 0 or negative, or the BRHC may be greater than Rows or Columns), allowing minification or placement of the image pixel data within a larger Specified Displayed Area.""","CONTESTED, and the counterfactual is reported alongside the verdict. Section C.10.4 and Table C.10-4 were read in full. Neither states any ordering relation between (0070,0052) and (0070,0053), neither uses shall for such a relation, and neither forbids a region one column or one row wide. Both attributes are Type 1 and both are present with values valid for VR SL and VM 2 as PS3.5 7.4.1 defines validity. In every observed message one axis is equal rather than inverted, for example TopLeft = (344,0) against BottomRight = (344,512), so dciodvfy is applying a strict inequality on both axes that the standard does not state. The section's only statement about corner values loosens the constraint rather than tightening it, permitting zero and negative coordinates. NET is refused because the rubric requires a section and table giving the Type or condition violated and no such text exists. FLOOR is refused because nothing cited positively permits a degenerate region either. PLAUSIBILITY is recorded: a cross-attribute consistency heuristic with no located conformance requirement behind it. PS3.4 Annex N, the Softcopy Presentation State Storage SOP Classes, was also checked and states nothing about the relationship between the two corners. A reader who holds that the attribute names top left and bottom right are themselves normative would move this class to NET, which changes the PRE-05 outcome, so the counterfactual triple and both rates are reported in results/phase2/net_rates_gsps.md."
dciodvfy,0801ad0f35ef,"Error - DisplayedAreaSelectionSequence is internally inconsistent - DisplayedAreaTopLeftHandCorner = (-260,323) is not above and to the left of DisplayedAreaBottomRightHandCorner = (773,322)",Error,1,PLAUSIBILITY,PS3.3 C.10.4 Displayed Area Module,PS3.3 Table C.10-4 Displayed Area Module Attributes,"PS3.3 Table C.10-4, Displayed Area Top Left Hand Corner (0070,0052), Type 1: ""The top left (after spatial transformation) pixel in the referenced image to be displayed, given as column\row. Column is the horizontal (before spatial transformation) offset (X) and row is the vertical (before spatial transformation) offset (Y) relative to the origin of the pixel data before spatial transformation, which is 1\1. See Figure C.10.4-1."" Note in PS3.3 C.10.4: ""The TLHC and BRHC may be outside the boundaries of the image pixel data (e.g., the TLHC may be 0 or negative, or the BRHC may be greater than Rows or Columns), allowing minification or placement of the image pixel data within a larger Specified Displayed Area.""","CONTESTED, and the counterfactual is reported alongside the verdict. Section C.10.4 and Table C.10-4 were read in full. Neither states any ordering relation between (0070,0052) and (0070,0053), neither uses shall for such a relation, and neither forbids a region one column or one row wide. Both attributes are Type 1 and both are present with values valid for VR SL and VM 2 as PS3.5 7.4.1 defines validity. In every observed message one axis is equal rather than inverted, for example TopLeft = (344,0) against BottomRight = (344,512), so dciodvfy is applying a strict inequality on both axes that the standard does not state. The section's only statement about corner values loosens the constraint rather than tightening it, permitting zero and negative coordinates. NET is refused because the rubric requires a section and table giving the Type or condition violated and no such text exists. FLOOR is refused because nothing cited positively permits a degenerate region either. PLAUSIBILITY is recorded: a cross-attribute consistency heuristic with no located conformance requirement behind it. PS3.4 Annex N, the Softcopy Presentation State Storage SOP Classes, was also checked and states nothing about the relationship between the two corners. A reader who holds that the attribute names top left and bottom right are themselves normative would move this class to NET, which changes the PRE-05 outcome, so the counterfactual triple and both rates are reported in results/phase2/net_rates_gsps.md."
dciodvfy,1fddd673b732,"Error - DisplayedAreaSelectionSequence is internally inconsistent - DisplayedAreaTopLeftHandCorner = (-260,336) is not above and to the left of DisplayedAreaBottomRightHandCorner = (773,336)",Error,1,PLAUSIBILITY,PS3.3 C.10.4 Displayed Area Module,PS3.3 Table C.10-4 Displayed Area Module Attributes,"PS3.3 Table C.10-4, Displayed Area Top Left Hand Corner (0070,0052), Type 1: ""The top left (after spatial transformation) pixel in the referenced image to be displayed, given as column\row. Column is the horizontal (before spatial transformation) offset (X) and row is the vertical (before spatial transformation) offset (Y) relative to the origin of the pixel data before spatial transformation, which is 1\1. See Figure C.10.4-1."" Note in PS3.3 C.10.4: ""The TLHC and BRHC may be outside the boundaries of the image pixel data (e.g., the TLHC may be 0 or negative, or the BRHC may be greater than Rows or Columns), allowing minification or placement of the image pixel data within a larger Specified Displayed Area.""","CONTESTED, and the counterfactual is reported alongside the verdict. Section C.10.4 and Table C.10-4 were read in full. Neither states any ordering relation between (0070,0052) and (0070,0053), neither uses shall for such a relation, and neither forbids a region one column or one row wide. Both attributes are Type 1 and both are present with values valid for VR SL and VM 2 as PS3.5 7.4.1 defines validity. In every observed message one axis is equal rather than inverted, for example TopLeft = (344,0) against BottomRight = (344,512), so dciodvfy is applying a strict inequality on both axes that the standard does not state. The section's only statement about corner values loosens the constraint rather than tightening it, permitting zero and negative coordinates. NET is refused because the rubric requires a section and table giving the Type or condition violated and no such text exists. FLOOR is refused because nothing cited positively permits a degenerate region either. PLAUSIBILITY is recorded: a cross-attribute consistency heuristic with no located conformance requirement behind it. PS3.4 Annex N, the Softcopy Presentation State Storage SOP Classes, was also checked and states nothing about the relationship between the two corners. A reader who holds that the attribute names top left and bottom right are themselves normative would move this class to NET, which changes the PRE-05 outcome, so the counterfactual triple and both rates are reported in results/phase2/net_rates_gsps.md."
dciodvfy,5888be6d5c92,"Error - DisplayedAreaSelectionSequence is internally inconsistent - DisplayedAreaTopLeftHandCorner = (-260,342) is not above and to the left of DisplayedAreaBottomRightHandCorner = (773,342)",Error,1,PLAUSIBILITY,PS3.3 C.10.4 Displayed Area Module,PS3.3 Table C.10-4 Displayed Area Module Attributes,"PS3.3 Table C.10-4, Displayed Area Top Left Hand Corner (0070,0052), Type 1: ""The top left (after spatial transformation) pixel in the referenced image to be displayed, given as column\row. Column is the horizontal (before spatial transformation) offset (X) and row is the vertical (before spatial transformation) offset (Y) relative to the origin of the pixel data before spatial transformation, which is 1\1. See Figure C.10.4-1."" Note in PS3.3 C.10.4: ""The TLHC and BRHC may be outside the boundaries of the image pixel data (e.g., the TLHC may be 0 or negative, or the BRHC may be greater than Rows or Columns), allowing minification or placement of the image pixel data within a larger Specified Displayed Area.""","CONTESTED, and the counterfactual is reported alongside the verdict. Section C.10.4 and Table C.10-4 were read in full. Neither states any ordering relation between (0070,0052) and (0070,0053), neither uses shall for such a relation, and neither forbids a region one column or one row wide. Both attributes are Type 1 and both are present with values valid for VR SL and VM 2 as PS3.5 7.4.1 defines validity. In every observed message one axis is equal rather than inverted, for example TopLeft = (344,0) against BottomRight = (344,512), so dciodvfy is applying a strict inequality on both axes that the standard does not state. The section's only statement about corner values loosens the constraint rather than tightening it, permitting zero and negative coordinates. NET is refused because the rubric requires a section and table giving the Type or condition violated and no such text exists. FLOOR is refused because nothing cited positively permits a degenerate region either. PLAUSIBILITY is recorded: a cross-attribute consistency heuristic with no located conformance requirement behind it. PS3.4 Annex N, the Softcopy Presentation State Storage SOP Classes, was also checked and states nothing about the relationship between the two corners. A reader who holds that the attribute names top left and bottom right are themselves normative would move this class to NET, which changes the PRE-05 outcome, so the counterfactual triple and both rates are reported in results/phase2/net_rates_gsps.md."
dciodvfy,1621ded140d5,"Error - DisplayedAreaSelectionSequence is internally inconsistent - DisplayedAreaTopLeftHandCorner = (-315,211) is not above and to the left of DisplayedAreaBottomRightHandCorner = (828,211)",Error,1,PLAUSIBILITY,PS3.3 C.10.4 Displayed Area Module,PS3.3 Table C.10-4 Displayed Area Module Attributes,"PS3.3 Table C.10-4, Displayed Area Top Left Hand Corner (0070,0052), Type 1: ""The top left (after spatial transformation) pixel in the referenced image to be displayed, given as column\row. Column is the horizontal (before spatial transformation) offset (X) and row is the vertical (before spatial transformation) offset (Y) relative to the origin of the pixel data before spatial transformation, which is 1\1. See Figure C.10.4-1."" Note in PS3.3 C.10.4: ""The TLHC and BRHC may be outside the boundaries of the image pixel data (e.g., the TLHC may be 0 or negative, or the BRHC may be greater than Rows or Columns), allowing minification or placement of the image pixel data within a larger Specified Displayed Area.""","CONTESTED, and the counterfactual is reported alongside the verdict. Section C.10.4 and Table C.10-4 were read in full. Neither states any ordering relation between (0070,0052) and (0070,0053), neither uses shall for such a relation, and neither forbids a region one column or one row wide. Both attributes are Type 1 and both are present with values valid for VR SL and VM 2 as PS3.5 7.4.1 defines validity. In every observed message one axis is equal rather than inverted, for example TopLeft = (344,0) against BottomRight = (344,512), so dciodvfy is applying a strict inequality on both axes that the standard does not state. The section's only statement about corner values loosens the constraint rather than tightening it, permitting zero and negative coordinates. NET is refused because the rubric requires a section and table giving the Type or condition violated and no such text exists. FLOOR is refused because nothing cited positively permits a degenerate region either. PLAUSIBILITY is recorded: a cross-attribute consistency heuristic with no located conformance requirement behind it. PS3.4 Annex N, the Softcopy Presentation State Storage SOP Classes, was also checked and states nothing about the relationship between the two corners. A reader who holds that the attribute names top left and bottom right are themselves normative would move this class to NET, which changes the PRE-05 outcome, so the counterfactual triple and both rates are reported in results/phase2/net_rates_gsps.md."
dciodvfy,359e2d9837aa,"Error - DisplayedAreaSelectionSequence is internally inconsistent - DisplayedAreaTopLeftHandCorner = (-5,262) is not above and to the left of DisplayedAreaBottomRightHandCorner = (518,261)",Error,1,PLAUSIBILITY,PS3.3 C.10.4 Displayed Area Module,PS3.3 Table C.10-4 Displayed Area Module Attributes,"PS3.3 Table C.10-4, Displayed Area Top Left Hand Corner (0070,0052), Type 1: ""The top left (after spatial transformation) pixel in the referenced image to be displayed, given as column\row. Column is the horizontal (before spatial transformation) offset (X) and row is the vertical (before spatial transformation) offset (Y) relative to the origin of the pixel data before spatial transformation, which is 1\1. See Figure C.10.4-1."" Note in PS3.3 C.10.4: ""The TLHC and BRHC may be outside the boundaries of the image pixel data (e.g., the TLHC may be 0 or negative, or the BRHC may be greater than Rows or Columns), allowing minification or placement of the image pixel data within a larger Specified Displayed Area.""","CONTESTED, and the counterfactual is reported alongside the verdict. Section C.10.4 and Table C.10-4 were read in full. Neither states any ordering relation between (0070,0052) and (0070,0053), neither uses shall for such a relation, and neither forbids a region one column or one row wide. Both attributes are Type 1 and both are present with values valid for VR SL and VM 2 as PS3.5 7.4.1 defines validity. In every observed message one axis is equal rather than inverted, for example TopLeft = (344,0) against BottomRight = (344,512), so dciodvfy is applying a strict inequality on both axes that the standard does not state. The section's only statement about corner values loosens the constraint rather than tightening it, permitting zero and negative coordinates. NET is refused because the rubric requires a section and table giving the Type or condition violated and no such text exists. FLOOR is refused because nothing cited positively permits a degenerate region either. PLAUSIBILITY is recorded: a cross-attribute consistency heuristic with no located conformance requirement behind it. PS3.4 Annex N, the Softcopy Presentation State Storage SOP Classes, was also checked and states nothing about the relationship between the two corners. A reader who holds that the attribute names top left and bottom right are themselves normative would move this class to NET, which changes the PRE-05 outcome, so the counterfactual triple and both rates are reported in results/phase2/net_rates_gsps.md."
dciodvfy,64bfa2924cfe,"Error - DisplayedAreaSelectionSequence is internally inconsistent - DisplayedAreaTopLeftHandCorner = (0,233) is not above and to the left of DisplayedAreaBottomRightHandCorner = (512,233)",Error,1,PLAUSIBILITY,PS3.3 C.10.4 Displayed Area Module,PS3.3 Table C.10-4 Displayed Area Module Attributes,"PS3.3 Table C.10-4, Displayed Area Top Left Hand Corner (0070,0052), Type 1: ""The top left (after spatial transformation) pixel in the referenced image to be displayed, given as column\row. Column is the horizontal (before spatial transformation) offset (X) and row is the vertical (before spatial transformation) offset (Y) relative to the origin of the pixel data before spatial transformation, which is 1\1. See Figure C.10.4-1."" Note in PS3.3 C.10.4: ""The TLHC and BRHC may be outside the boundaries of the image pixel data (e.g., the TLHC may be 0 or negative, or the BRHC may be greater than Rows or Columns), allowing minification or placement of the image pixel data within a larger Specified Displayed Area.""","CONTESTED, and the counterfactual is reported alongside the verdict. Section C.10.4 and Table C.10-4 were read in full. Neither states any ordering relation between (0070,0052) and (0070,0053), neither uses shall for such a relation, and neither forbids a region one column or one row wide. Both attributes are Type 1 and both are present with values valid for VR SL and VM 2 as PS3.5 7.4.1 defines validity. In every observed message one axis is equal rather than inverted, for example TopLeft = (344,0) against BottomRight = (344,512), so dciodvfy is applying a strict inequality on both axes that the standard does not state. The section's only statement about corner values loosens the constraint rather than tightening it, permitting zero and negative coordinates. NET is refused because the rubric requires a section and table giving the Type or condition violated and no such text exists. FLOOR is refused because nothing cited positively permits a degenerate region either. PLAUSIBILITY is recorded: a cross-attribute consistency heuristic with no located conformance requirement behind it. PS3.4 Annex N, the Softcopy Presentation State Storage SOP Classes, was also checked and states nothing about the relationship between the two corners. A reader who holds that the attribute names top left and bottom right are themselves normative would move this class to NET, which changes the PRE-05 outcome, so the counterfactual triple and both rates are reported in results/phase2/net_rates_gsps.md."
dciodvfy,a5df68eaf15a,"Error - DisplayedAreaSelectionSequence is internally inconsistent - DisplayedAreaTopLeftHandCorner = (0,294) is not above and to the left of DisplayedAreaBottomRightHandCorner = (513,294)",Error,1,PLAUSIBILITY,PS3.3 C.10.4 Displayed Area Module,PS3.3 Table C.10-4 Displayed Area Module Attributes,"PS3.3 Table C.10-4, Displayed Area Top Left Hand Corner (0070,0052), Type 1: ""The top left (after spatial transformation) pixel in the referenced image to be displayed, given as column\row. Column is the horizontal (before spatial transformation) offset (X) and row is the vertical (before spatial transformation) offset (Y) relative to the origin of the pixel data before spatial transformation, which is 1\1. See Figure C.10.4-1."" Note in PS3.3 C.10.4: ""The TLHC and BRHC may be outside the boundaries of the image pixel data (e.g., the TLHC may be 0 or negative, or the BRHC may be greater than Rows or Columns), allowing minification or placement of the image pixel data within a larger Specified Displayed Area.""","CONTESTED, and the counterfactual is reported alongside the verdict. Section C.10.4 and Table C.10-4 were read in full. Neither states any ordering relation between (0070,0052) and (0070,0053), neither uses shall for such a relation, and neither forbids a region one column or one row wide. Both attributes are Type 1 and both are present with values valid for VR SL and VM 2 as PS3.5 7.4.1 defines validity. In every observed message one axis is equal rather than inverted, for example TopLeft = (344,0) against BottomRight = (344,512), so dciodvfy is applying a strict inequality on both axes that the standard does not state. The section's only statement about corner values loosens the constraint rather than tightening it, permitting zero and negative coordinates. NET is refused because the rubric requires a section and table giving the Type or condition violated and no such text exists. FLOOR is refused because nothing cited positively permits a degenerate region either. PLAUSIBILITY is recorded: a cross-attribute consistency heuristic with no located conformance requirement behind it. PS3.4 Annex N, the Softcopy Presentation State Storage SOP Classes, was also checked and states nothing about the relationship between the two corners. A reader who holds that the attribute names top left and bottom right are themselves normative would move this class to NET, which changes the PRE-05 outcome, so the counterfactual triple and both rates are reported in results/phase2/net_rates_gsps.md."
dciodvfy,3cc2b5f90e5b,"Error - DisplayedAreaSelectionSequence is internally inconsistent - DisplayedAreaTopLeftHandCorner = (0,298) is not above and to the left of DisplayedAreaBottomRightHandCorner = (512,298)",Error,1,PLAUSIBILITY,PS3.3 C.10.4 Displayed Area Module,PS3.3 Table C.10-4 Displayed Area Module Attributes,"PS3.3 Table C.10-4, Displayed Area Top Left Hand Corner (0070,0052), Type 1: ""The top left (after spatial transformation) pixel in the referenced image to be displayed, given as column\row. Column is the horizontal (before spatial transformation) offset (X) and row is the vertical (before spatial transformation) offset (Y) relative to the origin of the pixel data before spatial transformation, which is 1\1. See Figure C.10.4-1."" Note in PS3.3 C.10.4: ""The TLHC and BRHC may be outside the boundaries of the image pixel data (e.g., the TLHC may be 0 or negative, or the BRHC may be greater than Rows or Columns), allowing minification or placement of the image pixel data within a larger Specified Displayed Area.""","CONTESTED, and the counterfactual is reported alongside the verdict. Section C.10.4 and Table C.10-4 were read in full. Neither states any ordering relation between (0070,0052) and (0070,0053), neither uses shall for such a relation, and neither forbids a region one column or one row wide. Both attributes are Type 1 and both are present with values valid for VR SL and VM 2 as PS3.5 7.4.1 defines validity. In every observed message one axis is equal rather than inverted, for example TopLeft = (344,0) against BottomRight = (344,512), so dciodvfy is applying a strict inequality on both axes that the standard does not state. The section's only statement about corner values loosens the constraint rather than tightening it, permitting zero and negative coordinates. NET is refused because the rubric requires a section and table giving the Type or condition violated and no such text exists. FLOOR is refused because nothing cited positively permits a degenerate region either. PLAUSIBILITY is recorded: a cross-attribute consistency heuristic with no located conformance requirement behind it. PS3.4 Annex N, the Softcopy Presentation State Storage SOP Classes, was also checked and states nothing about the relationship between the two corners. A reader who holds that the attribute names top left and bottom right are themselves normative would move this class to NET, which changes the PRE-05 outcome, so the counterfactual triple and both rates are reported in results/phase2/net_rates_gsps.md."
dciodvfy,bd7fda8b3604,"Error - DisplayedAreaSelectionSequence is internally inconsistent - DisplayedAreaTopLeftHandCorner = (0,303) is not above and to the left of DisplayedAreaBottomRightHandCorner = (512,303)",Error,1,PLAUSIBILITY,PS3.3 C.10.4 Displayed Area Module,PS3.3 Table C.10-4 Displayed Area Module Attributes,"PS3.3 Table C.10-4, Displayed Area Top Left Hand Corner (0070,0052), Type 1: ""The top left (after spatial transformation) pixel in the referenced image to be displayed, given as column\row. Column is the horizontal (before spatial transformation) offset (X) and row is the vertical (before spatial transformation) offset (Y) relative to the origin of the pixel data before spatial transformation, which is 1\1. See Figure C.10.4-1."" Note in PS3.3 C.10.4: ""The TLHC and BRHC may be outside the boundaries of the image pixel data (e.g., the TLHC may be 0 or negative, or the BRHC may be greater than Rows or Columns), allowing minification or placement of the image pixel data within a larger Specified Displayed Area.""","CONTESTED, and the counterfactual is reported alongside the verdict. Section C.10.4 and Table C.10-4 were read in full. Neither states any ordering relation between (0070,0052) and (0070,0053), neither uses shall for such a relation, and neither forbids a region one column or one row wide. Both attributes are Type 1 and both are present with values valid for VR SL and VM 2 as PS3.5 7.4.1 defines validity. In every observed message one axis is equal rather than inverted, for example TopLeft = (344,0) against BottomRight = (344,512), so dciodvfy is applying a strict inequality on both axes that the standard does not state. The section's only statement about corner values loosens the constraint rather than tightening it, permitting zero and negative coordinates. NET is refused because the rubric requires a section and table giving the Type or condition violated and no such text exists. FLOOR is refused because nothing cited positively permits a degenerate region either. PLAUSIBILITY is recorded: a cross-attribute consistency heuristic with no located conformance requirement behind it. PS3.4 Annex N, the Softcopy Presentation State Storage SOP Classes, was also checked and states nothing about the relationship between the two corners. A reader who holds that the attribute names top left and bottom right are themselves normative would move this class to NET, which changes the PRE-05 outcome, so the counterfactual triple and both rates are reported in results/phase2/net_rates_gsps.md."
dciodvfy,986c924e7a87,"Error - DisplayedAreaSelectionSequence is internally inconsistent - DisplayedAreaTopLeftHandCorner = (0,311) is not above and to the left of DisplayedAreaBottomRightHandCorner = (512,311)",Error,1,PLAUSIBILITY,PS3.3 C.10.4 Displayed Area Module,PS3.3 Table C.10-4 Displayed Area Module Attributes,"PS3.3 Table C.10-4, Displayed Area Top Left Hand Corner (0070,0052), Type 1: ""The top left (after spatial transformation) pixel in the referenced image to be displayed, given as column\row. Column is the horizontal (before spatial transformation) offset (X) and row is the vertical (before spatial transformation) offset (Y) relative to the origin of the pixel data before spatial transformation, which is 1\1. See Figure C.10.4-1."" Note in PS3.3 C.10.4: ""The TLHC and BRHC may be outside the boundaries of the image pixel data (e.g., the TLHC may be 0 or negative, or the BRHC may be greater than Rows or Columns), allowing minification or placement of the image pixel data within a larger Specified Displayed Area.""","CONTESTED, and the counterfactual is reported alongside the verdict. Section C.10.4 and Table C.10-4 were read in full. Neither states any ordering relation between (0070,0052) and (0070,0053), neither uses shall for such a relation, and neither forbids a region one column or one row wide. Both attributes are Type 1 and both are present with values valid for VR SL and VM 2 as PS3.5 7.4.1 defines validity. In every observed message one axis is equal rather than inverted, for example TopLeft = (344,0) against BottomRight = (344,512), so dciodvfy is applying a strict inequality on both axes that the standard does not state. The section's only statement about corner values loosens the constraint rather than tightening it, permitting zero and negative coordinates. NET is refused because the rubric requires a section and table giving the Type or condition violated and no such text exists. FLOOR is refused because nothing cited positively permits a degenerate region either. PLAUSIBILITY is recorded: a cross-attribute consistency heuristic with no located conformance requirement behind it. PS3.4 Annex N, the Softcopy Presentation State Storage SOP Classes, was also checked and states nothing about the relationship between the two corners. A reader who holds that the attribute names top left and bottom right are themselves normative would move this class to NET, which changes the PRE-05 outcome, so the counterfactual triple and both rates are reported in results/phase2/net_rates_gsps.md."
dciodvfy,766bee2827cb,"Error - DisplayedAreaSelectionSequence is internally inconsistent - DisplayedAreaTopLeftHandCorner = (0,323) is not above and to the left of DisplayedAreaBottomRightHandCorner = (513,323)",Error,1,PLAUSIBILITY,PS3.3 C.10.4 Displayed Area Module,PS3.3 Table C.10-4 Displayed Area Module Attributes,"PS3.3 Table C.10-4, Displayed Area Top Left Hand Corner (0070,0052), Type 1: ""The top left (after spatial transformation) pixel in the referenced image to be displayed, given as column\row. Column is the horizontal (before spatial transformation) offset (X) and row is the vertical (before spatial transformation) offset (Y) relative to the origin of the pixel data before spatial transformation, which is 1\1. See Figure C.10.4-1."" Note in PS3.3 C.10.4: ""The TLHC and BRHC may be outside the boundaries of the image pixel data (e.g., the TLHC may be 0 or negative, or the BRHC may be greater than Rows or Columns), allowing minification or placement of the image pixel data within a larger Specified Displayed Area.""","CONTESTED, and the counterfactual is reported alongside the verdict. Section C.10.4 and Table C.10-4 were read in full. Neither states any ordering relation between (0070,0052) and (0070,0053), neither uses shall for such a relation, and neither forbids a region one column or one row wide. Both attributes are Type 1 and both are present with values valid for VR SL and VM 2 as PS3.5 7.4.1 defines validity. In every observed message one axis is equal rather than inverted, for example TopLeft = (344,0) against BottomRight = (344,512), so dciodvfy is applying a strict inequality on both axes that the standard does not state. The section's only statement about corner values loosens the constraint rather than tightening it, permitting zero and negative coordinates. NET is refused because the rubric requires a section and table giving the Type or condition violated and no such text exists. FLOOR is refused because nothing cited positively permits a degenerate region either. PLAUSIBILITY is recorded: a cross-attribute consistency heuristic with no located conformance requirement behind it. PS3.4 Annex N, the Softcopy Presentation State Storage SOP Classes, was also checked and states nothing about the relationship between the two corners. A reader who holds that the attribute names top left and bottom right are themselves normative would move this class to NET, which changes the PRE-05 outcome, so the counterfactual triple and both rates are reported in results/phase2/net_rates_gsps.md."
dciodvfy,1e55b93bdd5e,"Error - DisplayedAreaSelectionSequence is internally inconsistent - DisplayedAreaTopLeftHandCorner = (0,327) is not above and to the left of DisplayedAreaBottomRightHandCorner = (513,327)",Error,1,PLAUSIBILITY,PS3.3 C.10.4 Displayed Area Module,PS3.3 Table C.10-4 Displayed Area Module Attributes,"PS3.3 Table C.10-4, Displayed Area Top Left Hand Corner (0070,0052), Type 1: ""The top left (after spatial transformation) pixel in the referenced image to be displayed, given as column\row. Column is the horizontal (before spatial transformation) offset (X) and row is the vertical (before spatial transformation) offset (Y) relative to the origin of the pixel data before spatial transformation, which is 1\1. See Figure C.10.4-1."" Note in PS3.3 C.10.4: ""The TLHC and BRHC may be outside the boundaries of the image pixel data (e.g., the TLHC may be 0 or negative, or the BRHC may be greater than Rows or Columns), allowing minification or placement of the image pixel data within a larger Specified Displayed Area.""","CONTESTED, and the counterfactual is reported alongside the verdict. Section C.10.4 and Table C.10-4 were read in full. Neither states any ordering relation between (0070,0052) and (0070,0053), neither uses shall for such a relation, and neither forbids a region one column or one row wide. Both attributes are Type 1 and both are present with values valid for VR SL and VM 2 as PS3.5 7.4.1 defines validity. In every observed message one axis is equal rather than inverted, for example TopLeft = (344,0) against BottomRight = (344,512), so dciodvfy is applying a strict inequality on both axes that the standard does not state. The section's only statement about corner values loosens the constraint rather than tightening it, permitting zero and negative coordinates. NET is refused because the rubric requires a section and table giving the Type or condition violated and no such text exists. FLOOR is refused because nothing cited positively permits a degenerate region either. PLAUSIBILITY is recorded: a cross-attribute consistency heuristic with no located conformance requirement behind it. PS3.4 Annex N, the Softcopy Presentation State Storage SOP Classes, was also checked and states nothing about the relationship between the two corners. A reader who holds that the attribute names top left and bottom right are themselves normative would move this class to NET, which changes the PRE-05 outcome, so the counterfactual triple and both rates are reported in results/phase2/net_rates_gsps.md."
dciodvfy,2e0c16bde1fe,"Error - DisplayedAreaSelectionSequence is internally inconsistent - DisplayedAreaTopLeftHandCorner = (0,331) is not above and to the left of DisplayedAreaBottomRightHandCorner = (513,331)",Error,1,PLAUSIBILITY,PS3.3 C.10.4 Displayed Area Module,PS3.3 Table C.10-4 Displayed Area Module Attributes,"PS3.3 Table C.10-4, Displayed Area Top Left Hand Corner (0070,0052), Type 1: ""The top left (after spatial transformation) pixel in the referenced image to be displayed, given as column\row. Column is the horizontal (before spatial transformation) offset (X) and row is the vertical (before spatial transformation) offset (Y) relative to the origin of the pixel data before spatial transformation, which is 1\1. See Figure C.10.4-1."" Note in PS3.3 C.10.4: ""The TLHC and BRHC may be outside the boundaries of the image pixel data (e.g., the TLHC may be 0 or negative, or the BRHC may be greater than Rows or Columns), allowing minification or placement of the image pixel data within a larger Specified Displayed Area.""","CONTESTED, and the counterfactual is reported alongside the verdict. Section C.10.4 and Table C.10-4 were read in full. Neither states any ordering relation between (0070,0052) and (0070,0053), neither uses shall for such a relation, and neither forbids a region one column or one row wide. Both attributes are Type 1 and both are present with values valid for VR SL and VM 2 as PS3.5 7.4.1 defines validity. In every observed message one axis is equal rather than inverted, for example TopLeft = (344,0) against BottomRight = (344,512), so dciodvfy is applying a strict inequality on both axes that the standard does not state. The section's only statement about corner values loosens the constraint rather than tightening it, permitting zero and negative coordinates. NET is refused because the rubric requires a section and table giving the Type or condition violated and no such text exists. FLOOR is refused because nothing cited positively permits a degenerate region either. PLAUSIBILITY is recorded: a cross-attribute consistency heuristic with no located conformance requirement behind it. PS3.4 Annex N, the Softcopy Presentation State Storage SOP Classes, was also checked and states nothing about the relationship between the two corners. A reader who holds that the attribute names top left and bottom right are themselves normative would move this class to NET, which changes the PRE-05 outcome, so the counterfactual triple and both rates are reported in results/phase2/net_rates_gsps.md."
dciodvfy,96802dfd1e15,"Error - DisplayedAreaSelectionSequence is internally inconsistent - DisplayedAreaTopLeftHandCorner = (0,333) is not above and to the left of DisplayedAreaBottomRightHandCorner = (513,333)",Error,1,PLAUSIBILITY,PS3.3 C.10.4 Displayed Area Module,PS3.3 Table C.10-4 Displayed Area Module Attributes,"PS3.3 Table C.10-4, Displayed Area Top Left Hand Corner (0070,0052), Type 1: ""The top left (after spatial transformation) pixel in the referenced image to be displayed, given as column\row. Column is the horizontal (before spatial transformation) offset (X) and row is the vertical (before spatial transformation) offset (Y) relative to the origin of the pixel data before spatial transformation, which is 1\1. See Figure C.10.4-1."" Note in PS3.3 C.10.4: ""The TLHC and BRHC may be outside the boundaries of the image pixel data (e.g., the TLHC may be 0 or negative, or the BRHC may be greater than Rows or Columns), allowing minification or placement of the image pixel data within a larger Specified Displayed Area.""","CONTESTED, and the counterfactual is reported alongside the verdict. Section C.10.4 and Table C.10-4 were read in full. Neither states any ordering relation between (0070,0052) and (0070,0053), neither uses shall for such a relation, and neither forbids a region one column or one row wide. Both attributes are Type 1 and both are present with values valid for VR SL and VM 2 as PS3.5 7.4.1 defines validity. In every observed message one axis is equal rather than inverted, for example TopLeft = (344,0) against BottomRight = (344,512), so dciodvfy is applying a strict inequality on both axes that the standard does not state. The section's only statement about corner values loosens the constraint rather than tightening it, permitting zero and negative coordinates. NET is refused because the rubric requires a section and table giving the Type or condition violated and no such text exists. FLOOR is refused because nothing cited positively permits a degenerate region either. PLAUSIBILITY is recorded: a cross-attribute consistency heuristic with no located conformance requirement behind it. PS3.4 Annex N, the Softcopy Presentation State Storage SOP Classes, was also checked and states nothing about the relationship between the two corners. A reader who holds that the attribute names top left and bottom right are themselves normative would move this class to NET, which changes the PRE-05 outcome, so the counterfactual triple and both rates are reported in results/phase2/net_rates_gsps.md."
dciodvfy,d9b9811191f9,"Error - DisplayedAreaSelectionSequence is internally inconsistent - DisplayedAreaTopLeftHandCorner = (1,225) is not above and to the left of DisplayedAreaBottomRightHandCorner = (512,225)",Error,1,PLAUSIBILITY,PS3.3 C.10.4 Displayed Area Module,PS3.3 Table C.10-4 Displayed Area Module Attributes,"PS3.3 Table C.10-4, Displayed Area Top Left Hand Corner (0070,0052), Type 1: ""The top left (after spatial transformation) pixel in the referenced image to be displayed, given as column\row. Column is the horizontal (before spatial transformation) offset (X) and row is the vertical (before spatial transformation) offset (Y) relative to the origin of the pixel data before spatial transformation, which is 1\1. See Figure C.10.4-1."" Note in PS3.3 C.10.4: ""The TLHC and BRHC may be outside the boundaries of the image pixel data (e.g., the TLHC may be 0 or negative, or the BRHC may be greater than Rows or Columns), allowing minification or placement of the image pixel data within a larger Specified Displayed Area.""","CONTESTED, and the counterfactual is reported alongside the verdict. Section C.10.4 and Table C.10-4 were read in full. Neither states any ordering relation between (0070,0052) and (0070,0053), neither uses shall for such a relation, and neither forbids a region one column or one row wide. Both attributes are Type 1 and both are present with values valid for VR SL and VM 2 as PS3.5 7.4.1 defines validity. In every observed message one axis is equal rather than inverted, for example TopLeft = (344,0) against BottomRight = (344,512), so dciodvfy is applying a strict inequality on both axes that the standard does not state. The section's only statement about corner values loosens the constraint rather than tightening it, permitting zero and negative coordinates. NET is refused because the rubric requires a section and table giving the Type or condition violated and no such text exists. FLOOR is refused because nothing cited positively permits a degenerate region either. PLAUSIBILITY is recorded: a cross-attribute consistency heuristic with no located conformance requirement behind it. PS3.4 Annex N, the Softcopy Presentation State Storage SOP Classes, was also checked and states nothing about the relationship between the two corners. A reader who holds that the attribute names top left and bottom right are themselves normative would move this class to NET, which changes the PRE-05 outcome, so the counterfactual triple and both rates are reported in results/phase2/net_rates_gsps.md."
dciodvfy,55d49da21a7b,"Error - DisplayedAreaSelectionSequence is internally inconsistent - DisplayedAreaTopLeftHandCorner = (1,230) is not above and to the left of DisplayedAreaBottomRightHandCorner = (512,230)",Error,1,PLAUSIBILITY,PS3.3 C.10.4 Displayed Area Module,PS3.3 Table C.10-4 Displayed Area Module Attributes,"PS3.3 Table C.10-4, Displayed Area Top Left Hand Corner (0070,0052), Type 1: ""The top left (after spatial transformation) pixel in the referenced image to be displayed, given as column\row. Column is the horizontal (before spatial transformation) offset (X) and row is the vertical (before spatial transformation) offset (Y) relative to the origin of the pixel data before spatial transformation, which is 1\1. See Figure C.10.4-1."" Note in PS3.3 C.10.4: ""The TLHC and BRHC may be outside the boundaries of the image pixel data (e.g., the TLHC may be 0 or negative, or the BRHC may be greater than Rows or Columns), allowing minification or placement of the image pixel data within a larger Specified Displayed Area.""","CONTESTED, and the counterfactual is reported alongside the verdict. Section C.10.4 and Table C.10-4 were read in full. Neither states any ordering relation between (0070,0052) and (0070,0053), neither uses shall for such a relation, and neither forbids a region one column or one row wide. Both attributes are Type 1 and both are present with values valid for VR SL and VM 2 as PS3.5 7.4.1 defines validity. In every observed message one axis is equal rather than inverted, for example TopLeft = (344,0) against BottomRight = (344,512), so dciodvfy is applying a strict inequality on both axes that the standard does not state. The section's only statement about corner values loosens the constraint rather than tightening it, permitting zero and negative coordinates. NET is refused because the rubric requires a section and table giving the Type or condition violated and no such text exists. FLOOR is refused because nothing cited positively permits a degenerate region either. PLAUSIBILITY is recorded: a cross-attribute consistency heuristic with no located conformance requirement behind it. PS3.4 Annex N, the Softcopy Presentation State Storage SOP Classes, was also checked and states nothing about the relationship between the two corners. A reader who holds that the attribute names top left and bottom right are themselves normative would move this class to NET, which changes the PRE-05 outcome, so the counterfactual triple and both rates are reported in results/phase2/net_rates_gsps.md."
dciodvfy,623ba32e0562,"Error - DisplayedAreaSelectionSequence is internally inconsistent - DisplayedAreaTopLeftHandCorner = (1,305) is not above and to the left of DisplayedAreaBottomRightHandCorner = (512,304)",Error,1,PLAUSIBILITY,PS3.3 C.10.4 Displayed Area Module,PS3.3 Table C.10-4 Displayed Area Module Attributes,"PS3.3 Table C.10-4, Displayed Area Top Left Hand Corner (0070,0052), Type 1: ""The top left (after spatial transformation) pixel in the referenced image to be displayed, given as column\row. Column is the horizontal (before spatial transformation) offset (X) and row is the vertical (before spatial transformation) offset (Y) relative to the origin of the pixel data before spatial transformation, which is 1\1. See Figure C.10.4-1."" Note in PS3.3 C.10.4: ""The TLHC and BRHC may be outside the boundaries of the image pixel data (e.g., the TLHC may be 0 or negative, or the BRHC may be greater than Rows or Columns), allowing minification or placement of the image pixel data within a larger Specified Displayed Area.""","CONTESTED, and the counterfactual is reported alongside the verdict. Section C.10.4 and Table C.10-4 were read in full. Neither states any ordering relation between (0070,0052) and (0070,0053), neither uses shall for such a relation, and neither forbids a region one column or one row wide. Both attributes are Type 1 and both are present with values valid for VR SL and VM 2 as PS3.5 7.4.1 defines validity. In every observed message one axis is equal rather than inverted, for example TopLeft = (344,0) against BottomRight = (344,512), so dciodvfy is applying a strict inequality on both axes that the standard does not state. The section's only statement about corner values loosens the constraint rather than tightening it, permitting zero and negative coordinates. NET is refused because the rubric requires a section and table giving the Type or condition violated and no such text exists. FLOOR is refused because nothing cited positively permits a degenerate region either. PLAUSIBILITY is recorded: a cross-attribute consistency heuristic with no located conformance requirement behind it. PS3.4 Annex N, the Softcopy Presentation State Storage SOP Classes, was also checked and states nothing about the relationship between the two corners. A reader who holds that the attribute names top left and bottom right are themselves normative would move this class to NET, which changes the PRE-05 outcome, so the counterfactual triple and both rates are reported in results/phase2/net_rates_gsps.md."
dciodvfy,ec3813e41736,"Error - DisplayedAreaSelectionSequence is internally inconsistent - DisplayedAreaTopLeftHandCorner = (1,308) is not above and to the left of DisplayedAreaBottomRightHandCorner = (512,308)",Error,1,PLAUSIBILITY,PS3.3 C.10.4 Displayed Area Module,PS3.3 Table C.10-4 Displayed Area Module Attributes,"PS3.3 Table C.10-4, Displayed Area Top Left Hand Corner (0070,0052), Type 1: ""The top left (after spatial transformation) pixel in the referenced image to be displayed, given as column\row. Column is the horizontal (before spatial transformation) offset (X) and row is the vertical (before spatial transformation) offset (Y) relative to the origin of the pixel data before spatial transformation, which is 1\1. See Figure C.10.4-1."" Note in PS3.3 C.10.4: ""The TLHC and BRHC may be outside the boundaries of the image pixel data (e.g., the TLHC may be 0 or negative, or the BRHC may be greater than Rows or Columns), allowing minification or placement of the image pixel data within a larger Specified Displayed Area.""","CONTESTED, and the counterfactual is reported alongside the verdict. Section C.10.4 and Table C.10-4 were read in full. Neither states any ordering relation between (0070,0052) and (0070,0053), neither uses shall for such a relation, and neither forbids a region one column or one row wide. Both attributes are Type 1 and both are present with values valid for VR SL and VM 2 as PS3.5 7.4.1 defines validity. In every observed message one axis is equal rather than inverted, for example TopLeft = (344,0) against BottomRight = (344,512), so dciodvfy is applying a strict inequality on both axes that the standard does not state. The section's only statement about corner values loosens the constraint rather than tightening it, permitting zero and negative coordinates. NET is refused because the rubric requires a section and table giving the Type or condition violated and no such text exists. FLOOR is refused because nothing cited positively permits a degenerate region either. PLAUSIBILITY is recorded: a cross-attribute consistency heuristic with no located conformance requirement behind it. PS3.4 Annex N, the Softcopy Presentation State Storage SOP Classes, was also checked and states nothing about the relationship between the two corners. A reader who holds that the attribute names top left and bottom right are themselves normative would move this class to NET, which changes the PRE-05 outcome, so the counterfactual triple and both rates are reported in results/phase2/net_rates_gsps.md."
dciodvfy,ba1fd0b9d6b3,"Error - DisplayedAreaSelectionSequence is internally inconsistent - DisplayedAreaTopLeftHandCorner = (115,-5) is not above and to the left of DisplayedAreaBottomRightHandCorner = (115,518)",Error,1,PLAUSIBILITY,PS3.3 C.10.4 Displayed Area Module,PS3.3 Table C.10-4 Displayed Area Module Attributes,"PS3.3 Table C.10-4, Displayed Area Top Left Hand Corner (0070,0052), Type 1: ""The top left (after spatial transformation) pixel in the referenced image to be displayed, given as column\row. Column is the horizontal (before spatial transformation) offset (X) and row is the vertical (before spatial transformation) offset (Y) relative to the origin of the pixel data before spatial transformation, which is 1\1. See Figure C.10.4-1."" Note in PS3.3 C.10.4: ""The TLHC and BRHC may be outside the boundaries of the image pixel data (e.g., the TLHC may be 0 or negative, or the BRHC may be greater than Rows or Columns), allowing minification or placement of the image pixel data within a larger Specified Displayed Area.""","CONTESTED, and the counterfactual is reported alongside the verdict. Section C.10.4 and Table C.10-4 were read in full. Neither states any ordering relation between (0070,0052) and (0070,0053), neither uses shall for such a relation, and neither forbids a region one column or one row wide. Both attributes are Type 1 and both are present with values valid for VR SL and VM 2 as PS3.5 7.4.1 defines validity. In every observed message one axis is equal rather than inverted, for example TopLeft = (344,0) against BottomRight = (344,512), so dciodvfy is applying a strict inequality on both axes that the standard does not state. The section's only statement about corner values loosens the constraint rather than tightening it, permitting zero and negative coordinates. NET is refused because the rubric requires a section and table giving the Type or condition violated and no such text exists. FLOOR is refused because nothing cited positively permits a degenerate region either. PLAUSIBILITY is recorded: a cross-attribute consistency heuristic with no located conformance requirement behind it. PS3.4 Annex N, the Softcopy Presentation State Storage SOP Classes, was also checked and states nothing about the relationship between the two corners. A reader who holds that the attribute names top left and bottom right are themselves normative would move this class to NET, which changes the PRE-05 outcome, so the counterfactual triple and both rates are reported in results/phase2/net_rates_gsps.md."
dciodvfy,9b56c297497e,"Error - DisplayedAreaSelectionSequence is internally inconsistent - DisplayedAreaTopLeftHandCorner = (134,0) is not above and to the left of DisplayedAreaBottomRightHandCorner = (134,513)",Error,1,PLAUSIBILITY,PS3.3 C.10.4 Displayed Area Module,PS3.3 Table C.10-4 Displayed Area Module Attributes,"PS3.3 Table C.10-4, Displayed Area Top Left Hand Corner (0070,0052), Type 1: ""The top left (after spatial transformation) pixel in the referenced image to be displayed, given as column\row. Column is the horizontal (before spatial transformation) offset (X) and row is the vertical (before spatial transformation) offset (Y) relative to the origin of the pixel data before spatial transformation, which is 1\1. See Figure C.10.4-1."" Note in PS3.3 C.10.4: ""The TLHC and BRHC may be outside the boundaries of the image pixel data (e.g., the TLHC may be 0 or negative, or the BRHC may be greater than Rows or Columns), allowing minification or placement of the image pixel data within a larger Specified Displayed Area.""","CONTESTED, and the counterfactual is reported alongside the verdict. Section C.10.4 and Table C.10-4 were read in full. Neither states any ordering relation between (0070,0052) and (0070,0053), neither uses shall for such a relation, and neither forbids a region one column or one row wide. Both attributes are Type 1 and both are present with values valid for VR SL and VM 2 as PS3.5 7.4.1 defines validity. In every observed message one axis is equal rather than inverted, for example TopLeft = (344,0) against BottomRight = (344,512), so dciodvfy is applying a strict inequality on both axes that the standard does not state. The section's only statement about corner values loosens the constraint rather than tightening it, permitting zero and negative coordinates. NET is refused because the rubric requires a section and table giving the Type or condition violated and no such text exists. FLOOR is refused because nothing cited positively permits a degenerate region either. PLAUSIBILITY is recorded: a cross-attribute consistency heuristic with no located conformance requirement behind it. PS3.4 Annex N, the Softcopy Presentation State Storage SOP Classes, was also checked and states nothing about the relationship between the two corners. A reader who holds that the attribute names top left and bottom right are themselves normative would move this class to NET, which changes the PRE-05 outcome, so the counterfactual triple and both rates are reported in results/phase2/net_rates_gsps.md."
dciodvfy,f0c948e3cf75,"Error - DisplayedAreaSelectionSequence is internally inconsistent - DisplayedAreaTopLeftHandCorner = (135,0) is not above and to the left of DisplayedAreaBottomRightHandCorner = (135,513)",Error,1,PLAUSIBILITY,PS3.3 C.10.4 Displayed Area Module,PS3.3 Table C.10-4 Displayed Area Module Attributes,"PS3.3 Table C.10-4, Displayed Area Top Left Hand Corner (0070,0052), Type 1: ""The top left (after spatial transformation) pixel in the referenced image to be displayed, given as column\row. Column is the horizontal (before spatial transformation) offset (X) and row is the vertical (before spatial transformation) offset (Y) relative to the origin of the pixel data before spatial transformation, which is 1\1. See Figure C.10.4-1."" Note in PS3.3 C.10.4: ""The TLHC and BRHC may be outside the boundaries of the image pixel data (e.g., the TLHC may be 0 or negative, or the BRHC may be greater than Rows or Columns), allowing minification or placement of the image pixel data within a larger Specified Displayed Area.""","CONTESTED, and the counterfactual is reported alongside the verdict. Section C.10.4 and Table C.10-4 were read in full. Neither states any ordering relation between (0070,0052) and (0070,0053), neither uses shall for such a relation, and neither forbids a region one column or one row wide. Both attributes are Type 1 and both are present with values valid for VR SL and VM 2 as PS3.5 7.4.1 defines validity. In every observed message one axis is equal rather than inverted, for example TopLeft = (344,0) against BottomRight = (344,512), so dciodvfy is applying a strict inequality on both axes that the standard does not state. The section's only statement about corner values loosens the constraint rather than tightening it, permitting zero and negative coordinates. NET is refused because the rubric requires a section and table giving the Type or condition violated and no such text exists. FLOOR is refused because nothing cited positively permits a degenerate region either. PLAUSIBILITY is recorded: a cross-attribute consistency heuristic with no located conformance requirement behind it. PS3.4 Annex N, the Softcopy Presentation State Storage SOP Classes, was also checked and states nothing about the relationship between the two corners. A reader who holds that the attribute names top left and bottom right are themselves normative would move this class to NET, which changes the PRE-05 outcome, so the counterfactual triple and both rates are reported in results/phase2/net_rates_gsps.md."
dciodvfy,4ecae1f6f76d,"Error - DisplayedAreaSelectionSequence is internally inconsistent - DisplayedAreaTopLeftHandCorner = (137,0) is not above and to the left of DisplayedAreaBottomRightHandCorner = (137,513)",Error,1,PLAUSIBILITY,PS3.3 C.10.4 Displayed Area Module,PS3.3 Table C.10-4 Displayed Area Module Attributes,"PS3.3 Table C.10-4, Displayed Area Top Left Hand Corner (0070,0052), Type 1: ""The top left (after spatial transformation) pixel in the referenced image to be displayed, given as column\row. Column is the horizontal (before spatial transformation) offset (X) and row is the vertical (before spatial transformation) offset (Y) relative to the origin of the pixel data before spatial transformation, which is 1\1. See Figure C.10.4-1."" Note in PS3.3 C.10.4: ""The TLHC and BRHC may be outside the boundaries of the image pixel data (e.g., the TLHC may be 0 or negative, or the BRHC may be greater than Rows or Columns), allowing minification or placement of the image pixel data within a larger Specified Displayed Area.""","CONTESTED, and the counterfactual is reported alongside the verdict. Section C.10.4 and Table C.10-4 were read in full. Neither states any ordering relation between (0070,0052) and (0070,0053), neither uses shall for such a relation, and neither forbids a region one column or one row wide. Both attributes are Type 1 and both are present with values valid for VR SL and VM 2 as PS3.5 7.4.1 defines validity. In every observed message one axis is equal rather than inverted, for example TopLeft = (344,0) against BottomRight = (344,512), so dciodvfy is applying a strict inequality on both axes that the standard does not state. The section's only statement about corner values loosens the constraint rather than tightening it, permitting zero and negative coordinates. NET is refused because the rubric requires a section and table giving the Type or condition violated and no such text exists. FLOOR is refused because nothing cited positively permits a degenerate region either. PLAUSIBILITY is recorded: a cross-attribute consistency heuristic with no located conformance requirement behind it. PS3.4 Annex N, the Softcopy Presentation State Storage SOP Classes, was also checked and states nothing about the relationship between the two corners. A reader who holds that the attribute names top left and bottom right are themselves normative would move this class to NET, which changes the PRE-05 outcome, so the counterfactual triple and both rates are reported in results/phase2/net_rates_gsps.md."
dciodvfy,eb9f5e889a9f,"Error - DisplayedAreaSelectionSequence is internally inconsistent - DisplayedAreaTopLeftHandCorner = (141,0) is not above and to the left of DisplayedAreaBottomRightHandCorner = (141,513)",Error,1,PLAUSIBILITY,PS3.3 C.10.4 Displayed Area Module,PS3.3 Table C.10-4 Displayed Area Module Attributes,"PS3.3 Table C.10-4, Displayed Area Top Left Hand Corner (0070,0052), Type 1: ""The top left (after spatial transformation) pixel in the referenced image to be displayed, given as column\row. Column is the horizontal (before spatial transformation) offset (X) and row is the vertical (before spatial transformation) offset (Y) relative to the origin of the pixel data before spatial transformation, which is 1\1. See Figure C.10.4-1."" Note in PS3.3 C.10.4: ""The TLHC and BRHC may be outside the boundaries of the image pixel data (e.g., the TLHC may be 0 or negative, or the BRHC may be greater than Rows or Columns), allowing minification or placement of the image pixel data within a larger Specified Displayed Area.""","CONTESTED, and the counterfactual is reported alongside the verdict. Section C.10.4 and Table C.10-4 were read in full. Neither states any ordering relation between (0070,0052) and (0070,0053), neither uses shall for such a relation, and neither forbids a region one column or one row wide. Both attributes are Type 1 and both are present with values valid for VR SL and VM 2 as PS3.5 7.4.1 defines validity. In every observed message one axis is equal rather than inverted, for example TopLeft = (344,0) against BottomRight = (344,512), so dciodvfy is applying a strict inequality on both axes that the standard does not state. The section's only statement about corner values loosens the constraint rather than tightening it, permitting zero and negative coordinates. NET is refused because the rubric requires a section and table giving the Type or condition violated and no such text exists. FLOOR is refused because nothing cited positively permits a degenerate region either. PLAUSIBILITY is recorded: a cross-attribute consistency heuristic with no located conformance requirement behind it. PS3.4 Annex N, the Softcopy Presentation State Storage SOP Classes, was also checked and states nothing about the relationship between the two corners. A reader who holds that the attribute names top left and bottom right are themselves normative would move this class to NET, which changes the PRE-05 outcome, so the counterfactual triple and both rates are reported in results/phase2/net_rates_gsps.md."
dciodvfy,4e270b333d32,"Error - DisplayedAreaSelectionSequence is internally inconsistent - DisplayedAreaTopLeftHandCorner = (143,1) is not above and to the left of DisplayedAreaBottomRightHandCorner = (143,512)",Error,1,PLAUSIBILITY,PS3.3 C.10.4 Displayed Area Module,PS3.3 Table C.10-4 Displayed Area Module Attributes,"PS3.3 Table C.10-4, Displayed Area Top Left Hand Corner (0070,0052), Type 1: ""The top left (after spatial transformation) pixel in the referenced image to be displayed, given as column\row. Column is the horizontal (before spatial transformation) offset (X) and row is the vertical (before spatial transformation) offset (Y) relative to the origin of the pixel data before spatial transformation, which is 1\1. See Figure C.10.4-1."" Note in PS3.3 C.10.4: ""The TLHC and BRHC may be outside the boundaries of the image pixel data (e.g., the TLHC may be 0 or negative, or the BRHC may be greater than Rows or Columns), allowing minification or placement of the image pixel data within a larger Specified Displayed Area.""","CONTESTED, and the counterfactual is reported alongside the verdict. Section C.10.4 and Table C.10-4 were read in full. Neither states any ordering relation between (0070,0052) and (0070,0053), neither uses shall for such a relation, and neither forbids a region one column or one row wide. Both attributes are Type 1 and both are present with values valid for VR SL and VM 2 as PS3.5 7.4.1 defines validity. In every observed message one axis is equal rather than inverted, for example TopLeft = (344,0) against BottomRight = (344,512), so dciodvfy is applying a strict inequality on both axes that the standard does not state. The section's only statement about corner values loosens the constraint rather than tightening it, permitting zero and negative coordinates. NET is refused because the rubric requires a section and table giving the Type or condition violated and no such text exists. FLOOR is refused because nothing cited positively permits a degenerate region either. PLAUSIBILITY is recorded: a cross-attribute consistency heuristic with no located conformance requirement behind it. PS3.4 Annex N, the Softcopy Presentation State Storage SOP Classes, was also checked and states nothing about the relationship between the two corners. A reader who holds that the attribute names top left and bottom right are themselves normative would move this class to NET, which changes the PRE-05 outcome, so the counterfactual triple and both rates are reported in results/phase2/net_rates_gsps.md."
dciodvfy,1c63ecaa1afc,"Error - DisplayedAreaSelectionSequence is internally inconsistent - DisplayedAreaTopLeftHandCorner = (149,1) is not above and to the left of DisplayedAreaBottomRightHandCorner = (149,512)",Error,1,PLAUSIBILITY,PS3.3 C.10.4 Displayed Area Module,PS3.3 Table C.10-4 Displayed Area Module Attributes,"PS3.3 Table C.10-4, Displayed Area Top Left Hand Corner (0070,0052), Type 1: ""The top left (after spatial transformation) pixel in the referenced image to be displayed, given as column\row. Column is the horizontal (before spatial transformation) offset (X) and row is the vertical (before spatial transformation) offset (Y) relative to the origin of the pixel data before spatial transformation, which is 1\1. See Figure C.10.4-1."" Note in PS3.3 C.10.4: ""The TLHC and BRHC may be outside the boundaries of the image pixel data (e.g., the TLHC may be 0 or negative, or the BRHC may be greater than Rows or Columns), allowing minification or placement of the image pixel data within a larger Specified Displayed Area.""","CONTESTED, and the counterfactual is reported alongside the verdict. Section C.10.4 and Table C.10-4 were read in full. Neither states any ordering relation between (0070,0052) and (0070,0053), neither uses shall for such a relation, and neither forbids a region one column or one row wide. Both attributes are Type 1 and both are present with values valid for VR SL and VM 2 as PS3.5 7.4.1 defines validity. In every observed message one axis is equal rather than inverted, for example TopLeft = (344,0) against BottomRight = (344,512), so dciodvfy is applying a strict inequality on both axes that the standard does not state. The section's only statement about corner values loosens the constraint rather than tightening it, permitting zero and negative coordinates. NET is refused because the rubric requires a section and table giving the Type or condition violated and no such text exists. FLOOR is refused because nothing cited positively permits a degenerate region either. PLAUSIBILITY is recorded: a cross-attribute consistency heuristic with no located conformance requirement behind it. PS3.4 Annex N, the Softcopy Presentation State Storage SOP Classes, was also checked and states nothing about the relationship between the two corners. A reader who holds that the attribute names top left and bottom right are themselves normative would move this class to NET, which changes the PRE-05 outcome, so the counterfactual triple and both rates are reported in results/phase2/net_rates_gsps.md."
dciodvfy,4367cafefa77,"Error - DisplayedAreaSelectionSequence is internally inconsistent - DisplayedAreaTopLeftHandCorner = (150,1) is not above and to the left of DisplayedAreaBottomRightHandCorner = (150,513)",Error,1,PLAUSIBILITY,PS3.3 C.10.4 Displayed Area Module,PS3.3 Table C.10-4 Displayed Area Module Attributes,"PS3.3 Table C.10-4, Displayed Area Top Left Hand Corner (0070,0052), Type 1: ""The top left (after spatial transformation) pixel in the referenced image to be displayed, given as column\row. Column is the horizontal (before spatial transformation) offset (X) and row is the vertical (before spatial transformation) offset (Y) relative to the origin of the pixel data before spatial transformation, which is 1\1. See Figure C.10.4-1."" Note in PS3.3 C.10.4: ""The TLHC and BRHC may be outside the boundaries of the image pixel data (e.g., the TLHC may be 0 or negative, or the BRHC may be greater than Rows or Columns), allowing minification or placement of the image pixel data within a larger Specified Displayed Area.""","CONTESTED, and the counterfactual is reported alongside the verdict. Section C.10.4 and Table C.10-4 were read in full. Neither states any ordering relation between (0070,0052) and (0070,0053), neither uses shall for such a relation, and neither forbids a region one column or one row wide. Both attributes are Type 1 and both are present with values valid for VR SL and VM 2 as PS3.5 7.4.1 defines validity. In every observed message one axis is equal rather than inverted, for example TopLeft = (344,0) against BottomRight = (344,512), so dciodvfy is applying a strict inequality on both axes that the standard does not state. The section's only statement about corner values loosens the constraint rather than tightening it, permitting zero and negative coordinates. NET is refused because the rubric requires a section and table giving the Type or condition violated and no such text exists. FLOOR is refused because nothing cited positively permits a degenerate region either. PLAUSIBILITY is recorded: a cross-attribute consistency heuristic with no located conformance requirement behind it. PS3.4 Annex N, the Softcopy Presentation State Storage SOP Classes, was also checked and states nothing about the relationship between the two corners. A reader who holds that the attribute names top left and bottom right are themselves normative would move this class to NET, which changes the PRE-05 outcome, so the counterfactual triple and both rates are reported in results/phase2/net_rates_gsps.md."
dciodvfy,f2d726831d44,"Error - DisplayedAreaSelectionSequence is internally inconsistent - DisplayedAreaTopLeftHandCorner = (153,1) is not above and to the left of DisplayedAreaBottomRightHandCorner = (153,512)",Error,1,PLAUSIBILITY,PS3.3 C.10.4 Displayed Area Module,PS3.3 Table C.10-4 Displayed Area Module Attributes,"PS3.3 Table C.10-4, Displayed Area Top Left Hand Corner (0070,0052), Type 1: ""The top left (after spatial transformation) pixel in the referenced image to be displayed, given as column\row. Column is the horizontal (before spatial transformation) offset (X) and row is the vertical (before spatial transformation) offset (Y) relative to the origin of the pixel data before spatial transformation, which is 1\1. See Figure C.10.4-1."" Note in PS3.3 C.10.4: ""The TLHC and BRHC may be outside the boundaries of the image pixel data (e.g., the TLHC may be 0 or negative, or the BRHC may be greater than Rows or Columns), allowing minification or placement of the image pixel data within a larger Specified Displayed Area.""","CONTESTED, and the counterfactual is reported alongside the verdict. Section C.10.4 and Table C.10-4 were read in full. Neither states any ordering relation between (0070,0052) and (0070,0053), neither uses shall for such a relation, and neither forbids a region one column or one row wide. Both attributes are Type 1 and both are present with values valid for VR SL and VM 2 as PS3.5 7.4.1 defines validity. In every observed message one axis is equal rather than inverted, for example TopLeft = (344,0) against BottomRight = (344,512), so dciodvfy is applying a strict inequality on both axes that the standard does not state. The section's only statement about corner values loosens the constraint rather than tightening it, permitting zero and negative coordinates. NET is refused because the rubric requires a section and table giving the Type or condition violated and no such text exists. FLOOR is refused because nothing cited positively permits a degenerate region either. PLAUSIBILITY is recorded: a cross-attribute consistency heuristic with no located conformance requirement behind it. PS3.4 Annex N, the Softcopy Presentation State Storage SOP Classes, was also checked and states nothing about the relationship between the two corners. A reader who holds that the attribute names top left and bottom right are themselves normative would move this class to NET, which changes the PRE-05 outcome, so the counterfactual triple and both rates are reported in results/phase2/net_rates_gsps.md."
dciodvfy,e61264339630,"Error - DisplayedAreaSelectionSequence is internally inconsistent - DisplayedAreaTopLeftHandCorner = (156,1) is not above and to the left of DisplayedAreaBottomRightHandCorner = (156,512)",Error,1,PLAUSIBILITY,PS3.3 C.10.4 Displayed Area Module,PS3.3 Table C.10-4 Displayed Area Module Attributes,"PS3.3 Table C.10-4, Displayed Area Top Left Hand Corner (0070,0052), Type 1: ""The top left (after spatial transformation) pixel in the referenced image to be displayed, given as column\row. Column is the horizontal (before spatial transformation) offset (X) and row is the vertical (before spatial transformation) offset (Y) relative to the origin of the pixel data before spatial transformation, which is 1\1. See Figure C.10.4-1."" Note in PS3.3 C.10.4: ""The TLHC and BRHC may be outside the boundaries of the image pixel data (e.g., the TLHC may be 0 or negative, or the BRHC may be greater than Rows or Columns), allowing minification or placement of the image pixel data within a larger Specified Displayed Area.""","CONTESTED, and the counterfactual is reported alongside the verdict. Section C.10.4 and Table C.10-4 were read in full. Neither states any ordering relation between (0070,0052) and (0070,0053), neither uses shall for such a relation, and neither forbids a region one column or one row wide. Both attributes are Type 1 and both are present with values valid for VR SL and VM 2 as PS3.5 7.4.1 defines validity. In every observed message one axis is equal rather than inverted, for example TopLeft = (344,0) against BottomRight = (344,512), so dciodvfy is applying a strict inequality on both axes that the standard does not state. The section's only statement about corner values loosens the constraint rather than tightening it, permitting zero and negative coordinates. NET is refused because the rubric requires a section and table giving the Type or condition violated and no such text exists. FLOOR is refused because nothing cited positively permits a degenerate region either. PLAUSIBILITY is recorded: a cross-attribute consistency heuristic with no located conformance requirement behind it. PS3.4 Annex N, the Softcopy Presentation State Storage SOP Classes, was also checked and states nothing about the relationship between the two corners. A reader who holds that the attribute names top left and bottom right are themselves normative would move this class to NET, which changes the PRE-05 outcome, so the counterfactual triple and both rates are reported in results/phase2/net_rates_gsps.md."
dciodvfy,6f86f3441058,"Error - DisplayedAreaSelectionSequence is internally inconsistent - DisplayedAreaTopLeftHandCorner = (157,1) is not above and to the left of DisplayedAreaBottomRightHandCorner = (157,512)",Error,1,PLAUSIBILITY,PS3.3 C.10.4 Displayed Area Module,PS3.3 Table C.10-4 Displayed Area Module Attributes,"PS3.3 Table C.10-4, Displayed Area Top Left Hand Corner (0070,0052), Type 1: ""The top left (after spatial transformation) pixel in the referenced image to be displayed, given as column\row. Column is the horizontal (before spatial transformation) offset (X) and row is the vertical (before spatial transformation) offset (Y) relative to the origin of the pixel data before spatial transformation, which is 1\1. See Figure C.10.4-1."" Note in PS3.3 C.10.4: ""The TLHC and BRHC may be outside the boundaries of the image pixel data (e.g., the TLHC may be 0 or negative, or the BRHC may be greater than Rows or Columns), allowing minification or placement of the image pixel data within a larger Specified Displayed Area.""","CONTESTED, and the counterfactual is reported alongside the verdict. Section C.10.4 and Table C.10-4 were read in full. Neither states any ordering relation between (0070,0052) and (0070,0053), neither uses shall for such a relation, and neither forbids a region one column or one row wide. Both attributes are Type 1 and both are present with values valid for VR SL and VM 2 as PS3.5 7.4.1 defines validity. In every observed message one axis is equal rather than inverted, for example TopLeft = (344,0) against BottomRight = (344,512), so dciodvfy is applying a strict inequality on both axes that the standard does not state. The section's only statement about corner values loosens the constraint rather than tightening it, permitting zero and negative coordinates. NET is refused because the rubric requires a section and table giving the Type or condition violated and no such text exists. FLOOR is refused because nothing cited positively permits a degenerate region either. PLAUSIBILITY is recorded: a cross-attribute consistency heuristic with no located conformance requirement behind it. PS3.4 Annex N, the Softcopy Presentation State Storage SOP Classes, was also checked and states nothing about the relationship between the two corners. A reader who holds that the attribute names top left and bottom right are themselves normative would move this class to NET, which changes the PRE-05 outcome, so the counterfactual triple and both rates are reported in results/phase2/net_rates_gsps.md."
dciodvfy,72b704314e2d,"Error - DisplayedAreaSelectionSequence is internally inconsistent - DisplayedAreaTopLeftHandCorner = (160,-21) is not above and to the left of DisplayedAreaBottomRightHandCorner = (160,534)",Error,1,PLAUSIBILITY,PS3.3 C.10.4 Displayed Area Module,PS3.3 Table C.10-4 Displayed Area Module Attributes,"PS3.3 Table C.10-4, Displayed Area Top Left Hand Corner (0070,0052), Type 1: ""The top left (after spatial transformation) pixel in the referenced image to be displayed, given as column\row. Column is the horizontal (before spatial transformation) offset (X) and row is the vertical (before spatial transformation) offset (Y) relative to the origin of the pixel data before spatial transformation, which is 1\1. See Figure C.10.4-1."" Note in PS3.3 C.10.4: ""The TLHC and BRHC may be outside the boundaries of the image pixel data (e.g., the TLHC may be 0 or negative, or the BRHC may be greater than Rows or Columns), allowing minification or placement of the image pixel data within a larger Specified Displayed Area.""","CONTESTED, and the counterfactual is reported alongside the verdict. Section C.10.4 and Table C.10-4 were read in full. Neither states any ordering relation between (0070,0052) and (0070,0053), neither uses shall for such a relation, and neither forbids a region one column or one row wide. Both attributes are Type 1 and both are present with values valid for VR SL and VM 2 as PS3.5 7.4.1 defines validity. In every observed message one axis is equal rather than inverted, for example TopLeft = (344,0) against BottomRight = (344,512), so dciodvfy is applying a strict inequality on both axes that the standard does not state. The section's only statement about corner values loosens the constraint rather than tightening it, permitting zero and negative coordinates. NET is refused because the rubric requires a section and table giving the Type or condition violated and no such text exists. FLOOR is refused because nothing cited positively permits a degenerate region either. PLAUSIBILITY is recorded: a cross-attribute consistency heuristic with no located conformance requirement behind it. PS3.4 Annex N, the Softcopy Presentation State Storage SOP Classes, was also checked and states nothing about the relationship between the two corners. A reader who holds that the attribute names top left and bottom right are themselves normative would move this class to NET, which changes the PRE-05 outcome, so the counterfactual triple and both rates are reported in results/phase2/net_rates_gsps.md."
dciodvfy,ce21999e7296,"Error - DisplayedAreaSelectionSequence is internally inconsistent - DisplayedAreaTopLeftHandCorner = (170,-259) is not above and to the left of DisplayedAreaBottomRightHandCorner = (170,772)",Error,1,PLAUSIBILITY,PS3.3 C.10.4 Displayed Area Module,PS3.3 Table C.10-4 Displayed Area Module Attributes,"PS3.3 Table C.10-4, Displayed Area Top Left Hand Corner (0070,0052), Type 1: ""The top left (after spatial transformation) pixel in the referenced image to be displayed, given as column\row. Column is the horizontal (before spatial transformation) offset (X) and row is the vertical (before spatial transformation) offset (Y) relative to the origin of the pixel data before spatial transformation, which is 1\1. See Figure C.10.4-1."" Note in PS3.3 C.10.4: ""The TLHC and BRHC may be outside the boundaries of the image pixel data (e.g., the TLHC may be 0 or negative, or the BRHC may be greater than Rows or Columns), allowing minification or placement of the image pixel data within a larger Specified Displayed Area.""","CONTESTED, and the counterfactual is reported alongside the verdict. Section C.10.4 and Table C.10-4 were read in full. Neither states any ordering relation between (0070,0052) and (0070,0053), neither uses shall for such a relation, and neither forbids a region one column or one row wide. Both attributes are Type 1 and both are present with values valid for VR SL and VM 2 as PS3.5 7.4.1 defines validity. In every observed message one axis is equal rather than inverted, for example TopLeft = (344,0) against BottomRight = (344,512), so dciodvfy is applying a strict inequality on both axes that the standard does not state. The section's only statement about corner values loosens the constraint rather than tightening it, permitting zero and negative coordinates. NET is refused because the rubric requires a section and table giving the Type or condition violated and no such text exists. FLOOR is refused because nothing cited positively permits a degenerate region either. PLAUSIBILITY is recorded: a cross-attribute consistency heuristic with no located conformance requirement behind it. PS3.4 Annex N, the Softcopy Presentation State Storage SOP Classes, was also checked and states nothing about the relationship between the two corners. A reader who holds that the attribute names top left and bottom right are themselves normative would move this class to NET, which changes the PRE-05 outcome, so the counterfactual triple and both rates are reported in results/phase2/net_rates_gsps.md."
dciodvfy,1041b49e4abd,"Error - DisplayedAreaSelectionSequence is internally inconsistent - DisplayedAreaTopLeftHandCorner = (177,1) is not above and to the left of DisplayedAreaBottomRightHandCorner = (177,512)",Error,1,PLAUSIBILITY,PS3.3 C.10.4 Displayed Area Module,PS3.3 Table C.10-4 Displayed Area Module Attributes,"PS3.3 Table C.10-4, Displayed Area Top Left Hand Corner (0070,0052), Type 1: ""The top left (after spatial transformation) pixel in the referenced image to be displayed, given as column\row. Column is the horizontal (before spatial transformation) offset (X) and row is the vertical (before spatial transformation) offset (Y) relative to the origin of the pixel data before spatial transformation, which is 1\1. See Figure C.10.4-1."" Note in PS3.3 C.10.4: ""The TLHC and BRHC may be outside the boundaries of the image pixel data (e.g., the TLHC may be 0 or negative, or the BRHC may be greater than Rows or Columns), allowing minification or placement of the image pixel data within a larger Specified Displayed Area.""","CONTESTED, and the counterfactual is reported alongside the verdict. Section C.10.4 and Table C.10-4 were read in full. Neither states any ordering relation between (0070,0052) and (0070,0053), neither uses shall for such a relation, and neither forbids a region one column or one row wide. Both attributes are Type 1 and both are present with values valid for VR SL and VM 2 as PS3.5 7.4.1 defines validity. In every observed message one axis is equal rather than inverted, for example TopLeft = (344,0) against BottomRight = (344,512), so dciodvfy is applying a strict inequality on both axes that the standard does not state. The section's only statement about corner values loosens the constraint rather than tightening it, permitting zero and negative coordinates. NET is refused because the rubric requires a section and table giving the Type or condition violated and no such text exists. FLOOR is refused because nothing cited positively permits a degenerate region either. PLAUSIBILITY is recorded: a cross-attribute consistency heuristic with no located conformance requirement behind it. PS3.4 Annex N, the Softcopy Presentation State Storage SOP Classes, was also checked and states nothing about the relationship between the two corners. A reader who holds that the attribute names top left and bottom right are themselves normative would move this class to NET, which changes the PRE-05 outcome, so the counterfactual triple and both rates are reported in results/phase2/net_rates_gsps.md."
dciodvfy,f374b15c7230,"Error - DisplayedAreaSelectionSequence is internally inconsistent - DisplayedAreaTopLeftHandCorner = (183,-259) is not above and to the left of DisplayedAreaBottomRightHandCorner = (183,772)",Error,1,PLAUSIBILITY,PS3.3 C.10.4 Displayed Area Module,PS3.3 Table C.10-4 Displayed Area Module Attributes,"PS3.3 Table C.10-4, Displayed Area Top Left Hand Corner (0070,0052), Type 1: ""The top left (after spatial transformation) pixel in the referenced image to be displayed, given as column\row. Column is the horizontal (before spatial transformation) offset (X) and row is the vertical (before spatial transformation) offset (Y) relative to the origin of the pixel data before spatial transformation, which is 1\1. See Figure C.10.4-1."" Note in PS3.3 C.10.4: ""The TLHC and BRHC may be outside the boundaries of the image pixel data (e.g., the TLHC may be 0 or negative, or the BRHC may be greater than Rows or Columns), allowing minification or placement of the image pixel data within a larger Specified Displayed Area.""","CONTESTED, and the counterfactual is reported alongside the verdict. Section C.10.4 and Table C.10-4 were read in full. Neither states any ordering relation between (0070,0052) and (0070,0053), neither uses shall for such a relation, and neither forbids a region one column or one row wide. Both attributes are Type 1 and both are present with values valid for VR SL and VM 2 as PS3.5 7.4.1 defines validity. In every observed message one axis is equal rather than inverted, for example TopLeft = (344,0) against BottomRight = (344,512), so dciodvfy is applying a strict inequality on both axes that the standard does not state. The section's only statement about corner values loosens the constraint rather than tightening it, permitting zero and negative coordinates. NET is refused because the rubric requires a section and table giving the Type or condition violated and no such text exists. FLOOR is refused because nothing cited positively permits a degenerate region either. PLAUSIBILITY is recorded: a cross-attribute consistency heuristic with no located conformance requirement behind it. PS3.4 Annex N, the Softcopy Presentation State Storage SOP Classes, was also checked and states nothing about the relationship between the two corners. A reader who holds that the attribute names top left and bottom right are themselves normative would move this class to NET, which changes the PRE-05 outcome, so the counterfactual triple and both rates are reported in results/phase2/net_rates_gsps.md."
dciodvfy,1af9486c4d9a,"Error - DisplayedAreaSelectionSequence is internally inconsistent - DisplayedAreaTopLeftHandCorner = (185,0) is not above and to the left of DisplayedAreaBottomRightHandCorner = (185,513)",Error,1,PLAUSIBILITY,PS3.3 C.10.4 Displayed Area Module,PS3.3 Table C.10-4 Displayed Area Module Attributes,"PS3.3 Table C.10-4, Displayed Area Top Left Hand Corner (0070,0052), Type 1: ""The top left (after spatial transformation) pixel in the referenced image to be displayed, given as column\row. Column is the horizontal (before spatial transformation) offset (X) and row is the vertical (before spatial transformation) offset (Y) relative to the origin of the pixel data before spatial transformation, which is 1\1. See Figure C.10.4-1."" Note in PS3.3 C.10.4: ""The TLHC and BRHC may be outside the boundaries of the image pixel data (e.g., the TLHC may be 0 or negative, or the BRHC may be greater than Rows or Columns), allowing minification or placement of the image pixel data within a larger Specified Displayed Area.""","CONTESTED, and the counterfactual is reported alongside the verdict. Section C.10.4 and Table C.10-4 were read in full. Neither states any ordering relation between (0070,0052) and (0070,0053), neither uses shall for such a relation, and neither forbids a region one column or one row wide. Both attributes are Type 1 and both are present with values valid for VR SL and VM 2 as PS3.5 7.4.1 defines validity. In every observed message one axis is equal rather than inverted, for example TopLeft = (344,0) against BottomRight = (344,512), so dciodvfy is applying a strict inequality on both axes that the standard does not state. The section's only statement about corner values loosens the constraint rather than tightening it, permitting zero and negative coordinates. NET is refused because the rubric requires a section and table giving the Type or condition violated and no such text exists. FLOOR is refused because nothing cited positively permits a degenerate region either. PLAUSIBILITY is recorded: a cross-attribute consistency heuristic with no located conformance requirement behind it. PS3.4 Annex N, the Softcopy Presentation State Storage SOP Classes, was also checked and states nothing about the relationship between the two corners. A reader who holds that the attribute names top left and bottom right are themselves normative would move this class to NET, which changes the PRE-05 outcome, so the counterfactual triple and both rates are reported in results/phase2/net_rates_gsps.md."
dciodvfy,20507e43cc92,"Error - DisplayedAreaSelectionSequence is internally inconsistent - DisplayedAreaTopLeftHandCorner = (191,0) is not above and to the left of DisplayedAreaBottomRightHandCorner = (191,513)",Error,1,PLAUSIBILITY,PS3.3 C.10.4 Displayed Area Module,PS3.3 Table C.10-4 Displayed Area Module Attributes,"PS3.3 Table C.10-4, Displayed Area Top Left Hand Corner (0070,0052), Type 1: ""The top left (after spatial transformation) pixel in the referenced image to be displayed, given as column\row. Column is the horizontal (before spatial transformation) offset (X) and row is the vertical (before spatial transformation) offset (Y) relative to the origin of the pixel data before spatial transformation, which is 1\1. See Figure C.10.4-1."" Note in PS3.3 C.10.4: ""The TLHC and BRHC may be outside the boundaries of the image pixel data (e.g., the TLHC may be 0 or negative, or the BRHC may be greater than Rows or Columns), allowing minification or placement of the image pixel data within a larger Specified Displayed Area.""","CONTESTED, and the counterfactual is reported alongside the verdict. Section C.10.4 and Table C.10-4 were read in full. Neither states any ordering relation between (0070,0052) and (0070,0053), neither uses shall for such a relation, and neither forbids a region one column or one row wide. Both attributes are Type 1 and both are present with values valid for VR SL and VM 2 as PS3.5 7.4.1 defines validity. In every observed message one axis is equal rather than inverted, for example TopLeft = (344,0) against BottomRight = (344,512), so dciodvfy is applying a strict inequality on both axes that the standard does not state. The section's only statement about corner values loosens the constraint rather than tightening it, permitting zero and negative coordinates. NET is refused because the rubric requires a section and table giving the Type or condition violated and no such text exists. FLOOR is refused because nothing cited positively permits a degenerate region either. PLAUSIBILITY is recorded: a cross-attribute consistency heuristic with no located conformance requirement behind it. PS3.4 Annex N, the Softcopy Presentation State Storage SOP Classes, was also checked and states nothing about the relationship between the two corners. A reader who holds that the attribute names top left and bottom right are themselves normative would move this class to NET, which changes the PRE-05 outcome, so the counterfactual triple and both rates are reported in results/phase2/net_rates_gsps.md."
dciodvfy,6542d95dc050,"Error - DisplayedAreaSelectionSequence is internally inconsistent - DisplayedAreaTopLeftHandCorner = (193,1) is not above and to the left of DisplayedAreaBottomRightHandCorner = (193,512)",Error,1,PLAUSIBILITY,PS3.3 C.10.4 Displayed Area Module,PS3.3 Table C.10-4 Displayed Area Module Attributes,"PS3.3 Table C.10-4, Displayed Area Top Left Hand Corner (0070,0052), Type 1: ""The top left (after spatial transformation) pixel in the referenced image to be displayed, given as column\row. Column is the horizontal (before spatial transformation) offset (X) and row is the vertical (before spatial transformation) offset (Y) relative to the origin of the pixel data before spatial transformation, which is 1\1. See Figure C.10.4-1."" Note in PS3.3 C.10.4: ""The TLHC and BRHC may be outside the boundaries of the image pixel data (e.g., the TLHC may be 0 or negative, or the BRHC may be greater than Rows or Columns), allowing minification or placement of the image pixel data within a larger Specified Displayed Area.""","CONTESTED, and the counterfactual is reported alongside the verdict. Section C.10.4 and Table C.10-4 were read in full. Neither states any ordering relation between (0070,0052) and (0070,0053), neither uses shall for such a relation, and neither forbids a region one column or one row wide. Both attributes are Type 1 and both are present with values valid for VR SL and VM 2 as PS3.5 7.4.1 defines validity. In every observed message one axis is equal rather than inverted, for example TopLeft = (344,0) against BottomRight = (344,512), so dciodvfy is applying a strict inequality on both axes that the standard does not state. The section's only statement about corner values loosens the constraint rather than tightening it, permitting zero and negative coordinates. NET is refused because the rubric requires a section and table giving the Type or condition violated and no such text exists. FLOOR is refused because nothing cited positively permits a degenerate region either. PLAUSIBILITY is recorded: a cross-attribute consistency heuristic with no located conformance requirement behind it. PS3.4 Annex N, the Softcopy Presentation State Storage SOP Classes, was also checked and states nothing about the relationship between the two corners. A reader who holds that the attribute names top left and bottom right are themselves normative would move this class to NET, which changes the PRE-05 outcome, so the counterfactual triple and both rates are reported in results/phase2/net_rates_gsps.md."
dciodvfy,0c6a5c8b129e,"Error - DisplayedAreaSelectionSequence is internally inconsistent - DisplayedAreaTopLeftHandCorner = (194,0) is not above and to the left of DisplayedAreaBottomRightHandCorner = (194,513)",Error,1,PLAUSIBILITY,PS3.3 C.10.4 Displayed Area Module,PS3.3 Table C.10-4 Displayed Area Module Attributes,"PS3.3 Table C.10-4, Displayed Area Top Left Hand Corner (0070,0052), Type 1: ""The top left (after spatial transformation) pixel in the referenced image to be displayed, given as column\row. Column is the horizontal (before spatial transformation) offset (X) and row is the vertical (before spatial transformation) offset (Y) relative to the origin of the pixel data before spatial transformation, which is 1\1. See Figure C.10.4-1."" Note in PS3.3 C.10.4: ""The TLHC and BRHC may be outside the boundaries of the image pixel data (e.g., the TLHC may be 0 or negative, or the BRHC may be greater than Rows or Columns), allowing minification or placement of the image pixel data within a larger Specified Displayed Area.""","CONTESTED, and the counterfactual is reported alongside the verdict. Section C.10.4 and Table C.10-4 were read in full. Neither states any ordering relation between (0070,0052) and (0070,0053), neither uses shall for such a relation, and neither forbids a region one column or one row wide. Both attributes are Type 1 and both are present with values valid for VR SL and VM 2 as PS3.5 7.4.1 defines validity. In every observed message one axis is equal rather than inverted, for example TopLeft = (344,0) against BottomRight = (344,512), so dciodvfy is applying a strict inequality on both axes that the standard does not state. The section's only statement about corner values loosens the constraint rather than tightening it, permitting zero and negative coordinates. NET is refused because the rubric requires a section and table giving the Type or condition violated and no such text exists. FLOOR is refused because nothing cited positively permits a degenerate region either. PLAUSIBILITY is recorded: a cross-attribute consistency heuristic with no located conformance requirement behind it. PS3.4 Annex N, the Softcopy Presentation State Storage SOP Classes, was also checked and states nothing about the relationship between the two corners. A reader who holds that the attribute names top left and bottom right are themselves normative would move this class to NET, which changes the PRE-05 outcome, so the counterfactual triple and both rates are reported in results/phase2/net_rates_gsps.md."
dciodvfy,0d19bd2f292f,"Error - DisplayedAreaSelectionSequence is internally inconsistent - DisplayedAreaTopLeftHandCorner = (201,0) is not above and to the left of DisplayedAreaBottomRightHandCorner = (201,513)",Error,1,PLAUSIBILITY,PS3.3 C.10.4 Displayed Area Module,PS3.3 Table C.10-4 Displayed Area Module Attributes,"PS3.3 Table C.10-4, Displayed Area Top Left Hand Corner (0070,0052), Type 1: ""The top left (after spatial transformation) pixel in the referenced image to be displayed, given as column\row. Column is the horizontal (before spatial transformation) offset (X) and row is the vertical (before spatial transformation) offset (Y) relative to the origin of the pixel data before spatial transformation, which is 1\1. See Figure C.10.4-1."" Note in PS3.3 C.10.4: ""The TLHC and BRHC may be outside the boundaries of the image pixel data (e.g., the TLHC may be 0 or negative, or the BRHC may be greater than Rows or Columns), allowing minification or placement of the image pixel data within a larger Specified Displayed Area.""","CONTESTED, and the counterfactual is reported alongside the verdict. Section C.10.4 and Table C.10-4 were read in full. Neither states any ordering relation between (0070,0052) and (0070,0053), neither uses shall for such a relation, and neither forbids a region one column or one row wide. Both attributes are Type 1 and both are present with values valid for VR SL and VM 2 as PS3.5 7.4.1 defines validity. In every observed message one axis is equal rather than inverted, for example TopLeft = (344,0) against BottomRight = (344,512), so dciodvfy is applying a strict inequality on both axes that the standard does not state. The section's only statement about corner values loosens the constraint rather than tightening it, permitting zero and negative coordinates. NET is refused because the rubric requires a section and table giving the Type or condition violated and no such text exists. FLOOR is refused because nothing cited positively permits a degenerate region either. PLAUSIBILITY is recorded: a cross-attribute consistency heuristic with no located conformance requirement behind it. PS3.4 Annex N, the Softcopy Presentation State Storage SOP Classes, was also checked and states nothing about the relationship between the two corners. A reader who holds that the attribute names top left and bottom right are themselves normative would move this class to NET, which changes the PRE-05 outcome, so the counterfactual triple and both rates are reported in results/phase2/net_rates_gsps.md."
dciodvfy,0bb81a744d0e,"Error - DisplayedAreaSelectionSequence is internally inconsistent - DisplayedAreaTopLeftHandCorner = (232,251) is not above and to the left of DisplayedAreaBottomRightHandCorner = (432,251)",Error,1,PLAUSIBILITY,PS3.3 C.10.4 Displayed Area Module,PS3.3 Table C.10-4 Displayed Area Module Attributes,"PS3.3 Table C.10-4, Displayed Area Top Left Hand Corner (0070,0052), Type 1: ""The top left (after spatial transformation) pixel in the referenced image to be displayed, given as column\row. Column is the horizontal (before spatial transformation) offset (X) and row is the vertical (before spatial transformation) offset (Y) relative to the origin of the pixel data before spatial transformation, which is 1\1. See Figure C.10.4-1."" Note in PS3.3 C.10.4: ""The TLHC and BRHC may be outside the boundaries of the image pixel data (e.g., the TLHC may be 0 or negative, or the BRHC may be greater than Rows or Columns), allowing minification or placement of the image pixel data within a larger Specified Displayed Area.""","CONTESTED, and the counterfactual is reported alongside the verdict. Section C.10.4 and Table C.10-4 were read in full. Neither states any ordering relation between (0070,0052) and (0070,0053), neither uses shall for such a relation, and neither forbids a region one column or one row wide. Both attributes are Type 1 and both are present with values valid for VR SL and VM 2 as PS3.5 7.4.1 defines validity. In every observed message one axis is equal rather than inverted, for example TopLeft = (344,0) against BottomRight = (344,512), so dciodvfy is applying a strict inequality on both axes that the standard does not state. The section's only statement about corner values loosens the constraint rather than tightening it, permitting zero and negative coordinates. NET is refused because the rubric requires a section and table giving the Type or condition violated and no such text exists. FLOOR is refused because nothing cited positively permits a degenerate region either. PLAUSIBILITY is recorded: a cross-attribute consistency heuristic with no located conformance requirement behind it. PS3.4 Annex N, the Softcopy Presentation State Storage SOP Classes, was also checked and states nothing about the relationship between the two corners. A reader who holds that the attribute names top left and bottom right are themselves normative would move this class to NET, which changes the PRE-05 outcome, so the counterfactual triple and both rates are reported in results/phase2/net_rates_gsps.md."
dciodvfy,e1f59eab8250,"Error - DisplayedAreaSelectionSequence is internally inconsistent - DisplayedAreaTopLeftHandCorner = (236,233) is not above and to the left of DisplayedAreaBottomRightHandCorner = (427,233)",Error,1,PLAUSIBILITY,PS3.3 C.10.4 Displayed Area Module,PS3.3 Table C.10-4 Displayed Area Module Attributes,"PS3.3 Table C.10-4, Displayed Area Top Left Hand Corner (0070,0052), Type 1: ""The top left (after spatial transformation) pixel in the referenced image to be displayed, given as column\row. Column is the horizontal (before spatial transformation) offset (X) and row is the vertical (before spatial transformation) offset (Y) relative to the origin of the pixel data before spatial transformation, which is 1\1. See Figure C.10.4-1."" Note in PS3.3 C.10.4: ""The TLHC and BRHC may be outside the boundaries of the image pixel data (e.g., the TLHC may be 0 or negative, or the BRHC may be greater than Rows or Columns), allowing minification or placement of the image pixel data within a larger Specified Displayed Area.""","CONTESTED, and the counterfactual is reported alongside the verdict. Section C.10.4 and Table C.10-4 were read in full. Neither states any ordering relation between (0070,0052) and (0070,0053), neither uses shall for such a relation, and neither forbids a region one column or one row wide. Both attributes are Type 1 and both are present with values valid for VR SL and VM 2 as PS3.5 7.4.1 defines validity. In every observed message one axis is equal rather than inverted, for example TopLeft = (344,0) against BottomRight = (344,512), so dciodvfy is applying a strict inequality on both axes that the standard does not state. The section's only statement about corner values loosens the constraint rather than tightening it, permitting zero and negative coordinates. NET is refused because the rubric requires a section and table giving the Type or condition violated and no such text exists. FLOOR is refused because nothing cited positively permits a degenerate region either. PLAUSIBILITY is recorded: a cross-attribute consistency heuristic with no located conformance requirement behind it. PS3.4 Annex N, the Softcopy Presentation State Storage SOP Classes, was also checked and states nothing about the relationship between the two corners. A reader who holds that the attribute names top left and bottom right are themselves normative would move this class to NET, which changes the PRE-05 outcome, so the counterfactual triple and both rates are reported in results/phase2/net_rates_gsps.md."
dciodvfy,ade7f4261ae2,"Error - DisplayedAreaSelectionSequence is internally inconsistent - DisplayedAreaTopLeftHandCorner = (256,231) is not above and to the left of DisplayedAreaBottomRightHandCorner = (420,231)",Error,1,PLAUSIBILITY,PS3.3 C.10.4 Displayed Area Module,PS3.3 Table C.10-4 Displayed Area Module Attributes,"PS3.3 Table C.10-4, Displayed Area Top Left Hand Corner (0070,0052), Type 1: ""The top left (after spatial transformation) pixel in the referenced image to be displayed, given as column\row. Column is the horizontal (before spatial transformation) offset (X) and row is the vertical (before spatial transformation) offset (Y) relative to the origin of the pixel data before spatial transformation, which is 1\1. See Figure C.10.4-1."" Note in PS3.3 C.10.4: ""The TLHC and BRHC may be outside the boundaries of the image pixel data (e.g., the TLHC may be 0 or negative, or the BRHC may be greater than Rows or Columns), allowing minification or placement of the image pixel data within a larger Specified Displayed Area.""","CONTESTED, and the counterfactual is reported alongside the verdict. Section C.10.4 and Table C.10-4 were read in full. Neither states any ordering relation between (0070,0052) and (0070,0053), neither uses shall for such a relation, and neither forbids a region one column or one row wide. Both attributes are Type 1 and both are present with values valid for VR SL and VM 2 as PS3.5 7.4.1 defines validity. In every observed message one axis is equal rather than inverted, for example TopLeft = (344,0) against BottomRight = (344,512), so dciodvfy is applying a strict inequality on both axes that the standard does not state. The section's only statement about corner values loosens the constraint rather than tightening it, permitting zero and negative coordinates. NET is refused because the rubric requires a section and table giving the Type or condition violated and no such text exists. FLOOR is refused because nothing cited positively permits a degenerate region either. PLAUSIBILITY is recorded: a cross-attribute consistency heuristic with no located conformance requirement behind it. PS3.4 Annex N, the Softcopy Presentation State Storage SOP Classes, was also checked and states nothing about the relationship between the two corners. A reader who holds that the attribute names top left and bottom right are themselves normative would move this class to NET, which changes the PRE-05 outcome, so the counterfactual triple and both rates are reported in results/phase2/net_rates_gsps.md."
dciodvfy,921325a841f3,"Error - DisplayedAreaSelectionSequence is internally inconsistent - DisplayedAreaTopLeftHandCorner = (262,307) is not above and to the left of DisplayedAreaBottomRightHandCorner = (387,307)",Error,1,PLAUSIBILITY,PS3.3 C.10.4 Displayed Area Module,PS3.3 Table C.10-4 Displayed Area Module Attributes,"PS3.3 Table C.10-4, Displayed Area Top Left Hand Corner (0070,0052), Type 1: ""The top left (after spatial transformation) pixel in the referenced image to be displayed, given as column\row. Column is the horizontal (before spatial transformation) offset (X) and row is the vertical (before spatial transformation) offset (Y) relative to the origin of the pixel data before spatial transformation, which is 1\1. See Figure C.10.4-1."" Note in PS3.3 C.10.4: ""The TLHC and BRHC may be outside the boundaries of the image pixel data (e.g., the TLHC may be 0 or negative, or the BRHC may be greater than Rows or Columns), allowing minification or placement of the image pixel data within a larger Specified Displayed Area.""","CONTESTED, and the counterfactual is reported alongside the verdict. Section C.10.4 and Table C.10-4 were read in full. Neither states any ordering relation between (0070,0052) and (0070,0053), neither uses shall for such a relation, and neither forbids a region one column or one row wide. Both attributes are Type 1 and both are present with values valid for VR SL and VM 2 as PS3.5 7.4.1 defines validity. In every observed message one axis is equal rather than inverted, for example TopLeft = (344,0) against BottomRight = (344,512), so dciodvfy is applying a strict inequality on both axes that the standard does not state. The section's only statement about corner values loosens the constraint rather than tightening it, permitting zero and negative coordinates. NET is refused because the rubric requires a section and table giving the Type or condition violated and no such text exists. FLOOR is refused because nothing cited positively permits a degenerate region either. PLAUSIBILITY is recorded: a cross-attribute consistency heuristic with no located conformance requirement behind it. PS3.4 Annex N, the Softcopy Presentation State Storage SOP Classes, was also checked and states nothing about the relationship between the two corners. A reader who holds that the attribute names top left and bottom right are themselves normative would move this class to NET, which changes the PRE-05 outcome, so the counterfactual triple and both rates are reported in results/phase2/net_rates_gsps.md."
dciodvfy,7d7763ec26d0,"Error - DisplayedAreaSelectionSequence is internally inconsistent - DisplayedAreaTopLeftHandCorner = (265,273) is not above and to the left of DisplayedAreaBottomRightHandCorner = (398,273)",Error,1,PLAUSIBILITY,PS3.3 C.10.4 Displayed Area Module,PS3.3 Table C.10-4 Displayed Area Module Attributes,"PS3.3 Table C.10-4, Displayed Area Top Left Hand Corner (0070,0052), Type 1: ""The top left (after spatial transformation) pixel in the referenced image to be displayed, given as column\row. Column is the horizontal (before spatial transformation) offset (X) and row is the vertical (before spatial transformation) offset (Y) relative to the origin of the pixel data before spatial transformation, which is 1\1. See Figure C.10.4-1."" Note in PS3.3 C.10.4: ""The TLHC and BRHC may be outside the boundaries of the image pixel data (e.g., the TLHC may be 0 or negative, or the BRHC may be greater than Rows or Columns), allowing minification or placement of the image pixel data within a larger Specified Displayed Area.""","CONTESTED, and the counterfactual is reported alongside the verdict. Section C.10.4 and Table C.10-4 were read in full. Neither states any ordering relation between (0070,0052) and (0070,0053), neither uses shall for such a relation, and neither forbids a region one column or one row wide. Both attributes are Type 1 and both are present with values valid for VR SL and VM 2 as PS3.5 7.4.1 defines validity. In every observed message one axis is equal rather than inverted, for example TopLeft = (344,0) against BottomRight = (344,512), so dciodvfy is applying a strict inequality on both axes that the standard does not state. The section's only statement about corner values loosens the constraint rather than tightening it, permitting zero and negative coordinates. NET is refused because the rubric requires a section and table giving the Type or condition violated and no such text exists. FLOOR is refused because nothing cited positively permits a degenerate region either. PLAUSIBILITY is recorded: a cross-attribute consistency heuristic with no located conformance requirement behind it. PS3.4 Annex N, the Softcopy Presentation State Storage SOP Classes, was also checked and states nothing about the relationship between the two corners. A reader who holds that the attribute names top left and bottom right are themselves normative would move this class to NET, which changes the PRE-05 outcome, so the counterfactual triple and both rates are reported in results/phase2/net_rates_gsps.md."
dciodvfy,12eb38e06378,"Error - DisplayedAreaSelectionSequence is internally inconsistent - DisplayedAreaTopLeftHandCorner = (271,267) is not above and to the left of DisplayedAreaBottomRightHandCorner = (391,267)",Error,1,PLAUSIBILITY,PS3.3 C.10.4 Displayed Area Module,PS3.3 Table C.10-4 Displayed Area Module Attributes,"PS3.3 Table C.10-4, Displayed Area Top Left Hand Corner (0070,0052), Type 1: ""The top left (after spatial transformation) pixel in the referenced image to be displayed, given as column\row. Column is the horizontal (before spatial transformation) offset (X) and row is the vertical (before spatial transformation) offset (Y) relative to the origin of the pixel data before spatial transformation, which is 1\1. See Figure C.10.4-1."" Note in PS3.3 C.10.4: ""The TLHC and BRHC may be outside the boundaries of the image pixel data (e.g., the TLHC may be 0 or negative, or the BRHC may be greater than Rows or Columns), allowing minification or placement of the image pixel data within a larger Specified Displayed Area.""","CONTESTED, and the counterfactual is reported alongside the verdict. Section C.10.4 and Table C.10-4 were read in full. Neither states any ordering relation between (0070,0052) and (0070,0053), neither uses shall for such a relation, and neither forbids a region one column or one row wide. Both attributes are Type 1 and both are present with values valid for VR SL and VM 2 as PS3.5 7.4.1 defines validity. In every observed message one axis is equal rather than inverted, for example TopLeft = (344,0) against BottomRight = (344,512), so dciodvfy is applying a strict inequality on both axes that the standard does not state. The section's only statement about corner values loosens the constraint rather than tightening it, permitting zero and negative coordinates. NET is refused because the rubric requires a section and table giving the Type or condition violated and no such text exists. FLOOR is refused because nothing cited positively permits a degenerate region either. PLAUSIBILITY is recorded: a cross-attribute consistency heuristic with no located conformance requirement behind it. PS3.4 Annex N, the Softcopy Presentation State Storage SOP Classes, was also checked and states nothing about the relationship between the two corners. A reader who holds that the attribute names top left and bottom right are themselves normative would move this class to NET, which changes the PRE-05 outcome, so the counterfactual triple and both rates are reported in results/phase2/net_rates_gsps.md."
dciodvfy,dabff53df904,"Error - DisplayedAreaSelectionSequence is internally inconsistent - DisplayedAreaTopLeftHandCorner = (288,343) is not above and to the left of DisplayedAreaBottomRightHandCorner = (405,343)",Error,1,PLAUSIBILITY,PS3.3 C.10.4 Displayed Area Module,PS3.3 Table C.10-4 Displayed Area Module Attributes,"PS3.3 Table C.10-4, Displayed Area Top Left Hand Corner (0070,0052), Type 1: ""The top left (after spatial transformation) pixel in the referenced image to be displayed, given as column\row. Column is the horizontal (before spatial transformation) offset (X) and row is the vertical (before spatial transformation) offset (Y) relative to the origin of the pixel data before spatial transformation, which is 1\1. See Figure C.10.4-1."" Note in PS3.3 C.10.4: ""The TLHC and BRHC may be outside the boundaries of the image pixel data (e.g., the TLHC may be 0 or negative, or the BRHC may be greater than Rows or Columns), allowing minification or placement of the image pixel data within a larger Specified Displayed Area.""","CONTESTED, and the counterfactual is reported alongside the verdict. Section C.10.4 and Table C.10-4 were read in full. Neither states any ordering relation between (0070,0052) and (0070,0053), neither uses shall for such a relation, and neither forbids a region one column or one row wide. Both attributes are Type 1 and both are present with values valid for VR SL and VM 2 as PS3.5 7.4.1 defines validity. In every observed message one axis is equal rather than inverted, for example TopLeft = (344,0) against BottomRight = (344,512), so dciodvfy is applying a strict inequality on both axes that the standard does not state. The section's only statement about corner values loosens the constraint rather than tightening it, permitting zero and negative coordinates. NET is refused because the rubric requires a section and table giving the Type or condition violated and no such text exists. FLOOR is refused because nothing cited positively permits a degenerate region either. PLAUSIBILITY is recorded: a cross-attribute consistency heuristic with no located conformance requirement behind it. PS3.4 Annex N, the Softcopy Presentation State Storage SOP Classes, was also checked and states nothing about the relationship between the two corners. A reader who holds that the attribute names top left and bottom right are themselves normative would move this class to NET, which changes the PRE-05 outcome, so the counterfactual triple and both rates are reported in results/phase2/net_rates_gsps.md."
dciodvfy,6e6cdc5cb7c8,"Error - DisplayedAreaSelectionSequence is internally inconsistent - DisplayedAreaTopLeftHandCorner = (290,255) is not above and to the left of DisplayedAreaBottomRightHandCorner = (511,255)",Error,1,PLAUSIBILITY,PS3.3 C.10.4 Displayed Area Module,PS3.3 Table C.10-4 Displayed Area Module Attributes,"PS3.3 Table C.10-4, Displayed Area Top Left Hand Corner (0070,0052), Type 1: ""The top left (after spatial transformation) pixel in the referenced image to be displayed, given as column\row. Column is the horizontal (before spatial transformation) offset (X) and row is the vertical (before spatial transformation) offset (Y) relative to the origin of the pixel data before spatial transformation, which is 1\1. See Figure C.10.4-1."" Note in PS3.3 C.10.4: ""The TLHC and BRHC may be outside the boundaries of the image pixel data (e.g., the TLHC may be 0 or negative, or the BRHC may be greater than Rows or Columns), allowing minification or placement of the image pixel data within a larger Specified Displayed Area.""","CONTESTED, and the counterfactual is reported alongside the verdict. Section C.10.4 and Table C.10-4 were read in full. Neither states any ordering relation between (0070,0052) and (0070,0053), neither uses shall for such a relation, and neither forbids a region one column or one row wide. Both attributes are Type 1 and both are present with values valid for VR SL and VM 2 as PS3.5 7.4.1 defines validity. In every observed message one axis is equal rather than inverted, for example TopLeft = (344,0) against BottomRight = (344,512), so dciodvfy is applying a strict inequality on both axes that the standard does not state. The section's only statement about corner values loosens the constraint rather than tightening it, permitting zero and negative coordinates. NET is refused because the rubric requires a section and table giving the Type or condition violated and no such text exists. FLOOR is refused because nothing cited positively permits a degenerate region either. PLAUSIBILITY is recorded: a cross-attribute consistency heuristic with no located conformance requirement behind it. PS3.4 Annex N, the Softcopy Presentation State Storage SOP Classes, was also checked and states nothing about the relationship between the two corners. A reader who holds that the attribute names top left and bottom right are themselves normative would move this class to NET, which changes the PRE-05 outcome, so the counterfactual triple and both rates are reported in results/phase2/net_rates_gsps.md."
dciodvfy,1f9e17fc941f,"Error - DisplayedAreaSelectionSequence is internally inconsistent - DisplayedAreaTopLeftHandCorner = (309,-259) is not above and to the left of DisplayedAreaBottomRightHandCorner = (309,772)",Error,1,PLAUSIBILITY,PS3.3 C.10.4 Displayed Area Module,PS3.3 Table C.10-4 Displayed Area Module Attributes,"PS3.3 Table C.10-4, Displayed Area Top Left Hand Corner (0070,0052), Type 1: ""The top left (after spatial transformation) pixel in the referenced image to be displayed, given as column\row. Column is the horizontal (before spatial transformation) offset (X) and row is the vertical (before spatial transformation) offset (Y) relative to the origin of the pixel data before spatial transformation, which is 1\1. See Figure C.10.4-1."" Note in PS3.3 C.10.4: ""The TLHC and BRHC may be outside the boundaries of the image pixel data (e.g., the TLHC may be 0 or negative, or the BRHC may be greater than Rows or Columns), allowing minification or placement of the image pixel data within a larger Specified Displayed Area.""","CONTESTED, and the counterfactual is reported alongside the verdict. Section C.10.4 and Table C.10-4 were read in full. Neither states any ordering relation between (0070,0052) and (0070,0053), neither uses shall for such a relation, and neither forbids a region one column or one row wide. Both attributes are Type 1 and both are present with values valid for VR SL and VM 2 as PS3.5 7.4.1 defines validity. In every observed message one axis is equal rather than inverted, for example TopLeft = (344,0) against BottomRight = (344,512), so dciodvfy is applying a strict inequality on both axes that the standard does not state. The section's only statement about corner values loosens the constraint rather than tightening it, permitting zero and negative coordinates. NET is refused because the rubric requires a section and table giving the Type or condition violated and no such text exists. FLOOR is refused because nothing cited positively permits a degenerate region either. PLAUSIBILITY is recorded: a cross-attribute consistency heuristic with no located conformance requirement behind it. PS3.4 Annex N, the Softcopy Presentation State Storage SOP Classes, was also checked and states nothing about the relationship between the two corners. A reader who holds that the attribute names top left and bottom right are themselves normative would move this class to NET, which changes the PRE-05 outcome, so the counterfactual triple and both rates are reported in results/phase2/net_rates_gsps.md."
dciodvfy,15d5a477cc41,"Error - DisplayedAreaSelectionSequence is internally inconsistent - DisplayedAreaTopLeftHandCorner = (328,257) is not above and to the left of DisplayedAreaBottomRightHandCorner = (328,408)",Error,1,PLAUSIBILITY,PS3.3 C.10.4 Displayed Area Module,PS3.3 Table C.10-4 Displayed Area Module Attributes,"PS3.3 Table C.10-4, Displayed Area Top Left Hand Corner (0070,0052), Type 1: ""The top left (after spatial transformation) pixel in the referenced image to be displayed, given as column\row. Column is the horizontal (before spatial transformation) offset (X) and row is the vertical (before spatial transformation) offset (Y) relative to the origin of the pixel data before spatial transformation, which is 1\1. See Figure C.10.4-1."" Note in PS3.3 C.10.4: ""The TLHC and BRHC may be outside the boundaries of the image pixel data (e.g., the TLHC may be 0 or negative, or the BRHC may be greater than Rows or Columns), allowing minification or placement of the image pixel data within a larger Specified Displayed Area.""","CONTESTED, and the counterfactual is reported alongside the verdict. Section C.10.4 and Table C.10-4 were read in full. Neither states any ordering relation between (0070,0052) and (0070,0053), neither uses shall for such a relation, and neither forbids a region one column or one row wide. Both attributes are Type 1 and both are present with values valid for VR SL and VM 2 as PS3.5 7.4.1 defines validity. In every observed message one axis is equal rather than inverted, for example TopLeft = (344,0) against BottomRight = (344,512), so dciodvfy is applying a strict inequality on both axes that the standard does not state. The section's only statement about corner values loosens the constraint rather than tightening it, permitting zero and negative coordinates. NET is refused because the rubric requires a section and table giving the Type or condition violated and no such text exists. FLOOR is refused because nothing cited positively permits a degenerate region either. PLAUSIBILITY is recorded: a cross-attribute consistency heuristic with no located conformance requirement behind it. PS3.4 Annex N, the Softcopy Presentation State Storage SOP Classes, was also checked and states nothing about the relationship between the two corners. A reader who holds that the attribute names top left and bottom right are themselves normative would move this class to NET, which changes the PRE-05 outcome, so the counterfactual triple and both rates are reported in results/phase2/net_rates_gsps.md."
dciodvfy,9baa8fd8519d,"Error - DisplayedAreaSelectionSequence is internally inconsistent - DisplayedAreaTopLeftHandCorner = (330,1) is not above and to the left of DisplayedAreaBottomRightHandCorner = (330,512)",Error,1,PLAUSIBILITY,PS3.3 C.10.4 Displayed Area Module,PS3.3 Table C.10-4 Displayed Area Module Attributes,"PS3.3 Table C.10-4, Displayed Area Top Left Hand Corner (0070,0052), Type 1: ""The top left (after spatial transformation) pixel in the referenced image to be displayed, given as column\row. Column is the horizontal (before spatial transformation) offset (X) and row is the vertical (before spatial transformation) offset (Y) relative to the origin of the pixel data before spatial transformation, which is 1\1. See Figure C.10.4-1."" Note in PS3.3 C.10.4: ""The TLHC and BRHC may be outside the boundaries of the image pixel data (e.g., the TLHC may be 0 or negative, or the BRHC may be greater than Rows or Columns), allowing minification or placement of the image pixel data within a larger Specified Displayed Area.""","CONTESTED, and the counterfactual is reported alongside the verdict. Section C.10.4 and Table C.10-4 were read in full. Neither states any ordering relation between (0070,0052) and (0070,0053), neither uses shall for such a relation, and neither forbids a region one column or one row wide. Both attributes are Type 1 and both are present with values valid for VR SL and VM 2 as PS3.5 7.4.1 defines validity. In every observed message one axis is equal rather than inverted, for example TopLeft = (344,0) against BottomRight = (344,512), so dciodvfy is applying a strict inequality on both axes that the standard does not state. The section's only statement about corner values loosens the constraint rather than tightening it, permitting zero and negative coordinates. NET is refused because the rubric requires a section and table giving the Type or condition violated and no such text exists. FLOOR is refused because nothing cited positively permits a degenerate region either. PLAUSIBILITY is recorded: a cross-attribute consistency heuristic with no located conformance requirement behind it. PS3.4 Annex N, the Softcopy Presentation State Storage SOP Classes, was also checked and states nothing about the relationship between the two corners. A reader who holds that the attribute names top left and bottom right are themselves normative would move this class to NET, which changes the PRE-05 outcome, so the counterfactual triple and both rates are reported in results/phase2/net_rates_gsps.md."
dciodvfy,306d43681e16,"Error - DisplayedAreaSelectionSequence is internally inconsistent - DisplayedAreaTopLeftHandCorner = (330,258) is not above and to the left of DisplayedAreaBottomRightHandCorner = (330,396)",Error,1,PLAUSIBILITY,PS3.3 C.10.4 Displayed Area Module,PS3.3 Table C.10-4 Displayed Area Module Attributes,"PS3.3 Table C.10-4, Displayed Area Top Left Hand Corner (0070,0052), Type 1: ""The top left (after spatial transformation) pixel in the referenced image to be displayed, given as column\row. Column is the horizontal (before spatial transformation) offset (X) and row is the vertical (before spatial transformation) offset (Y) relative to the origin of the pixel data before spatial transformation, which is 1\1. See Figure C.10.4-1."" Note in PS3.3 C.10.4: ""The TLHC and BRHC may be outside the boundaries of the image pixel data (e.g., the TLHC may be 0 or negative, or the BRHC may be greater than Rows or Columns), allowing minification or placement of the image pixel data within a larger Specified Displayed Area.""","CONTESTED, and the counterfactual is reported alongside the verdict. Section C.10.4 and Table C.10-4 were read in full. Neither states any ordering relation between (0070,0052) and (0070,0053), neither uses shall for such a relation, and neither forbids a region one column or one row wide. Both attributes are Type 1 and both are present with values valid for VR SL and VM 2 as PS3.5 7.4.1 defines validity. In every observed message one axis is equal rather than inverted, for example TopLeft = (344,0) against BottomRight = (344,512), so dciodvfy is applying a strict inequality on both axes that the standard does not state. The section's only statement about corner values loosens the constraint rather than tightening it, permitting zero and negative coordinates. NET is refused because the rubric requires a section and table giving the Type or condition violated and no such text exists. FLOOR is refused because nothing cited positively permits a degenerate region either. PLAUSIBILITY is recorded: a cross-attribute consistency heuristic with no located conformance requirement behind it. PS3.4 Annex N, the Softcopy Presentation State Storage SOP Classes, was also checked and states nothing about the relationship between the two corners. A reader who holds that the attribute names top left and bottom right are themselves normative would move this class to NET, which changes the PRE-05 outcome, so the counterfactual triple and both rates are reported in results/phase2/net_rates_gsps.md."
dciodvfy,10d91d5fd2ae,"Error - DisplayedAreaSelectionSequence is internally inconsistent - DisplayedAreaTopLeftHandCorner = (331,1) is not above and to the left of DisplayedAreaBottomRightHandCorner = (331,512)",Error,1,PLAUSIBILITY,PS3.3 C.10.4 Displayed Area Module,PS3.3 Table C.10-4 Displayed Area Module Attributes,"PS3.3 Table C.10-4, Displayed Area Top Left Hand Corner (0070,0052), Type 1: ""The top left (after spatial transformation) pixel in the referenced image to be displayed, given as column\row. Column is the horizontal (before spatial transformation) offset (X) and row is the vertical (before spatial transformation) offset (Y) relative to the origin of the pixel data before spatial transformation, which is 1\1. See Figure C.10.4-1."" Note in PS3.3 C.10.4: ""The TLHC and BRHC may be outside the boundaries of the image pixel data (e.g., the TLHC may be 0 or negative, or the BRHC may be greater than Rows or Columns), allowing minification or placement of the image pixel data within a larger Specified Displayed Area.""","CONTESTED, and the counterfactual is reported alongside the verdict. Section C.10.4 and Table C.10-4 were read in full. Neither states any ordering relation between (0070,0052) and (0070,0053), neither uses shall for such a relation, and neither forbids a region one column or one row wide. Both attributes are Type 1 and both are present with values valid for VR SL and VM 2 as PS3.5 7.4.1 defines validity. In every observed message one axis is equal rather than inverted, for example TopLeft = (344,0) against BottomRight = (344,512), so dciodvfy is applying a strict inequality on both axes that the standard does not state. The section's only statement about corner values loosens the constraint rather than tightening it, permitting zero and negative coordinates. NET is refused because the rubric requires a section and table giving the Type or condition violated and no such text exists. FLOOR is refused because nothing cited positively permits a degenerate region either. PLAUSIBILITY is recorded: a cross-attribute consistency heuristic with no located conformance requirement behind it. PS3.4 Annex N, the Softcopy Presentation State Storage SOP Classes, was also checked and states nothing about the relationship between the two corners. A reader who holds that the attribute names top left and bottom right are themselves normative would move this class to NET, which changes the PRE-05 outcome, so the counterfactual triple and both rates are reported in results/phase2/net_rates_gsps.md."
dciodvfy,01efbec76b8d,"Error - DisplayedAreaSelectionSequence is internally inconsistent - DisplayedAreaTopLeftHandCorner = (331,225) is not above and to the left of DisplayedAreaBottomRightHandCorner = (331,408)",Error,1,PLAUSIBILITY,PS3.3 C.10.4 Displayed Area Module,PS3.3 Table C.10-4 Displayed Area Module Attributes,"PS3.3 Table C.10-4, Displayed Area Top Left Hand Corner (0070,0052), Type 1: ""The top left (after spatial transformation) pixel in the referenced image to be displayed, given as column\row. Column is the horizontal (before spatial transformation) offset (X) and row is the vertical (before spatial transformation) offset (Y) relative to the origin of the pixel data before spatial transformation, which is 1\1. See Figure C.10.4-1."" Note in PS3.3 C.10.4: ""The TLHC and BRHC may be outside the boundaries of the image pixel data (e.g., the TLHC may be 0 or negative, or the BRHC may be greater than Rows or Columns), allowing minification or placement of the image pixel data within a larger Specified Displayed Area.""","CONTESTED, and the counterfactual is reported alongside the verdict. Section C.10.4 and Table C.10-4 were read in full. Neither states any ordering relation between (0070,0052) and (0070,0053), neither uses shall for such a relation, and neither forbids a region one column or one row wide. Both attributes are Type 1 and both are present with values valid for VR SL and VM 2 as PS3.5 7.4.1 defines validity. In every observed message one axis is equal rather than inverted, for example TopLeft = (344,0) against BottomRight = (344,512), so dciodvfy is applying a strict inequality on both axes that the standard does not state. The section's only statement about corner values loosens the constraint rather than tightening it, permitting zero and negative coordinates. NET is refused because the rubric requires a section and table giving the Type or condition violated and no such text exists. FLOOR is refused because nothing cited positively permits a degenerate region either. PLAUSIBILITY is recorded: a cross-attribute consistency heuristic with no located conformance requirement behind it. PS3.4 Annex N, the Softcopy Presentation State Storage SOP Classes, was also checked and states nothing about the relationship between the two corners. A reader who holds that the attribute names top left and bottom right are themselves normative would move this class to NET, which changes the PRE-05 outcome, so the counterfactual triple and both rates are reported in results/phase2/net_rates_gsps.md."
dciodvfy,99ac2c3afdf7,"Error - DisplayedAreaSelectionSequence is internally inconsistent - DisplayedAreaTopLeftHandCorner = (333,299) is not above and to the left of DisplayedAreaBottomRightHandCorner = (333,379)",Error,1,PLAUSIBILITY,PS3.3 C.10.4 Displayed Area Module,PS3.3 Table C.10-4 Displayed Area Module Attributes,"PS3.3 Table C.10-4, Displayed Area Top Left Hand Corner (0070,0052), Type 1: ""The top left (after spatial transformation) pixel in the referenced image to be displayed, given as column\row. Column is the horizontal (before spatial transformation) offset (X) and row is the vertical (before spatial transformation) offset (Y) relative to the origin of the pixel data before spatial transformation, which is 1\1. See Figure C.10.4-1."" Note in PS3.3 C.10.4: ""The TLHC and BRHC may be outside the boundaries of the image pixel data (e.g., the TLHC may be 0 or negative, or the BRHC may be greater than Rows or Columns), allowing minification or placement of the image pixel data within a larger Specified Displayed Area.""","CONTESTED, and the counterfactual is reported alongside the verdict. Section C.10.4 and Table C.10-4 were read in full. Neither states any ordering relation between (0070,0052) and (0070,0053), neither uses shall for such a relation, and neither forbids a region one column or one row wide. Both attributes are Type 1 and both are present with values valid for VR SL and VM 2 as PS3.5 7.4.1 defines validity. In every observed message one axis is equal rather than inverted, for example TopLeft = (344,0) against BottomRight = (344,512), so dciodvfy is applying a strict inequality on both axes that the standard does not state. The section's only statement about corner values loosens the constraint rather than tightening it, permitting zero and negative coordinates. NET is refused because the rubric requires a section and table giving the Type or condition violated and no such text exists. FLOOR is refused because nothing cited positively permits a degenerate region either. PLAUSIBILITY is recorded: a cross-attribute consistency heuristic with no located conformance requirement behind it. PS3.4 Annex N, the Softcopy Presentation State Storage SOP Classes, was also checked and states nothing about the relationship between the two corners. A reader who holds that the attribute names top left and bottom right are themselves normative would move this class to NET, which changes the PRE-05 outcome, so the counterfactual triple and both rates are reported in results/phase2/net_rates_gsps.md."
dciodvfy,02882b8e81f7,"Error - DisplayedAreaSelectionSequence is internally inconsistent - DisplayedAreaTopLeftHandCorner = (339,-8) is not above and to the left of DisplayedAreaBottomRightHandCorner = (339,522)",Error,1,PLAUSIBILITY,PS3.3 C.10.4 Displayed Area Module,PS3.3 Table C.10-4 Displayed Area Module Attributes,"PS3.3 Table C.10-4, Displayed Area Top Left Hand Corner (0070,0052), Type 1: ""The top left (after spatial transformation) pixel in the referenced image to be displayed, given as column\row. Column is the horizontal (before spatial transformation) offset (X) and row is the vertical (before spatial transformation) offset (Y) relative to the origin of the pixel data before spatial transformation, which is 1\1. See Figure C.10.4-1."" Note in PS3.3 C.10.4: ""The TLHC and BRHC may be outside the boundaries of the image pixel data (e.g., the TLHC may be 0 or negative, or the BRHC may be greater than Rows or Columns), allowing minification or placement of the image pixel data within a larger Specified Displayed Area.""","CONTESTED, and the counterfactual is reported alongside the verdict. Section C.10.4 and Table C.10-4 were read in full. Neither states any ordering relation between (0070,0052) and (0070,0053), neither uses shall for such a relation, and neither forbids a region one column or one row wide. Both attributes are Type 1 and both are present with values valid for VR SL and VM 2 as PS3.5 7.4.1 defines validity. In every observed message one axis is equal rather than inverted, for example TopLeft = (344,0) against BottomRight = (344,512), so dciodvfy is applying a strict inequality on both axes that the standard does not state. The section's only statement about corner values loosens the constraint rather than tightening it, permitting zero and negative coordinates. NET is refused because the rubric requires a section and table giving the Type or condition violated and no such text exists. FLOOR is refused because nothing cited positively permits a degenerate region either. PLAUSIBILITY is recorded: a cross-attribute consistency heuristic with no located conformance requirement behind it. PS3.4 Annex N, the Softcopy Presentation State Storage SOP Classes, was also checked and states nothing about the relationship between the two corners. A reader who holds that the attribute names top left and bottom right are themselves normative would move this class to NET, which changes the PRE-05 outcome, so the counterfactual triple and both rates are reported in results/phase2/net_rates_gsps.md."
dciodvfy,ef116e94927d,"Error - DisplayedAreaSelectionSequence is internally inconsistent - DisplayedAreaTopLeftHandCorner = (339,0) is not above and to the left of DisplayedAreaBottomRightHandCorner = (339,512)",Error,1,PLAUSIBILITY,PS3.3 C.10.4 Displayed Area Module,PS3.3 Table C.10-4 Displayed Area Module Attributes,"PS3.3 Table C.10-4, Displayed Area Top Left Hand Corner (0070,0052), Type 1: ""The top left (after spatial transformation) pixel in the referenced image to be displayed, given as column\row. Column is the horizontal (before spatial transformation) offset (X) and row is the vertical (before spatial transformation) offset (Y) relative to the origin of the pixel data before spatial transformation, which is 1\1. See Figure C.10.4-1."" Note in PS3.3 C.10.4: ""The TLHC and BRHC may be outside the boundaries of the image pixel data (e.g., the TLHC may be 0 or negative, or the BRHC may be greater than Rows or Columns), allowing minification or placement of the image pixel data within a larger Specified Displayed Area.""","CONTESTED, and the counterfactual is reported alongside the verdict. Section C.10.4 and Table C.10-4 were read in full. Neither states any ordering relation between (0070,0052) and (0070,0053), neither uses shall for such a relation, and neither forbids a region one column or one row wide. Both attributes are Type 1 and both are present with values valid for VR SL and VM 2 as PS3.5 7.4.1 defines validity. In every observed message one axis is equal rather than inverted, for example TopLeft = (344,0) against BottomRight = (344,512), so dciodvfy is applying a strict inequality on both axes that the standard does not state. The section's only statement about corner values loosens the constraint rather than tightening it, permitting zero and negative coordinates. NET is refused because the rubric requires a section and table giving the Type or condition violated and no such text exists. FLOOR is refused because nothing cited positively permits a degenerate region either. PLAUSIBILITY is recorded: a cross-attribute consistency heuristic with no located conformance requirement behind it. PS3.4 Annex N, the Softcopy Presentation State Storage SOP Classes, was also checked and states nothing about the relationship between the two corners. A reader who holds that the attribute names top left and bottom right are themselves normative would move this class to NET, which changes the PRE-05 outcome, so the counterfactual triple and both rates are reported in results/phase2/net_rates_gsps.md."
dciodvfy,adb620a05508,"Error - DisplayedAreaSelectionSequence is internally inconsistent - DisplayedAreaTopLeftHandCorner = (339,100) is not above and to the left of DisplayedAreaBottomRightHandCorner = (339,444)",Error,1,PLAUSIBILITY,PS3.3 C.10.4 Displayed Area Module,PS3.3 Table C.10-4 Displayed Area Module Attributes,"PS3.3 Table C.10-4, Displayed Area Top Left Hand Corner (0070,0052), Type 1: ""The top left (after spatial transformation) pixel in the referenced image to be displayed, given as column\row. Column is the horizontal (before spatial transformation) offset (X) and row is the vertical (before spatial transformation) offset (Y) relative to the origin of the pixel data before spatial transformation, which is 1\1. See Figure C.10.4-1."" Note in PS3.3 C.10.4: ""The TLHC and BRHC may be outside the boundaries of the image pixel data (e.g., the TLHC may be 0 or negative, or the BRHC may be greater than Rows or Columns), allowing minification or placement of the image pixel data within a larger Specified Displayed Area.""","CONTESTED, and the counterfactual is reported alongside the verdict. Section C.10.4 and Table C.10-4 were read in full. Neither states any ordering relation between (0070,0052) and (0070,0053), neither uses shall for such a relation, and neither forbids a region one column or one row wide. Both attributes are Type 1 and both are present with values valid for VR SL and VM 2 as PS3.5 7.4.1 defines validity. In every observed message one axis is equal rather than inverted, for example TopLeft = (344,0) against BottomRight = (344,512), so dciodvfy is applying a strict inequality on both axes that the standard does not state. The section's only statement about corner values loosens the constraint rather than tightening it, permitting zero and negative coordinates. NET is refused because the rubric requires a section and table giving the Type or condition violated and no such text exists. FLOOR is refused because nothing cited positively permits a degenerate region either. PLAUSIBILITY is recorded: a cross-attribute consistency heuristic with no located conformance requirement behind it. PS3.4 Annex N, the Softcopy Presentation State Storage SOP Classes, was also checked and states nothing about the relationship between the two corners. A reader who holds that the attribute names top left and bottom right are themselves normative would move this class to NET, which changes the PRE-05 outcome, so the counterfactual triple and both rates are reported in results/phase2/net_rates_gsps.md."
dciodvfy,4140e633cc96,"Error - DisplayedAreaSelectionSequence is internally inconsistent - DisplayedAreaTopLeftHandCorner = (339,155) is not above and to the left of DisplayedAreaBottomRightHandCorner = (339,405)",Error,1,PLAUSIBILITY,PS3.3 C.10.4 Displayed Area Module,PS3.3 Table C.10-4 Displayed Area Module Attributes,"PS3.3 Table C.10-4, Displayed Area Top Left Hand Corner (0070,0052), Type 1: ""The top left (after spatial transformation) pixel in the referenced image to be displayed, given as column\row. Column is the horizontal (before spatial transformation) offset (X) and row is the vertical (before spatial transformation) offset (Y) relative to the origin of the pixel data before spatial transformation, which is 1\1. See Figure C.10.4-1."" Note in PS3.3 C.10.4: ""The TLHC and BRHC may be outside the boundaries of the image pixel data (e.g., the TLHC may be 0 or negative, or the BRHC may be greater than Rows or Columns), allowing minification or placement of the image pixel data within a larger Specified Displayed Area.""","CONTESTED, and the counterfactual is reported alongside the verdict. Section C.10.4 and Table C.10-4 were read in full. Neither states any ordering relation between (0070,0052) and (0070,0053), neither uses shall for such a relation, and neither forbids a region one column or one row wide. Both attributes are Type 1 and both are present with values valid for VR SL and VM 2 as PS3.5 7.4.1 defines validity. In every observed message one axis is equal rather than inverted, for example TopLeft = (344,0) against BottomRight = (344,512), so dciodvfy is applying a strict inequality on both axes that the standard does not state. The section's only statement about corner values loosens the constraint rather than tightening it, permitting zero and negative coordinates. NET is refused because the rubric requires a section and table giving the Type or condition violated and no such text exists. FLOOR is refused because nothing cited positively permits a degenerate region either. PLAUSIBILITY is recorded: a cross-attribute consistency heuristic with no located conformance requirement behind it. PS3.4 Annex N, the Softcopy Presentation State Storage SOP Classes, was also checked and states nothing about the relationship between the two corners. A reader who holds that the attribute names top left and bottom right are themselves normative would move this class to NET, which changes the PRE-05 outcome, so the counterfactual triple and both rates are reported in results/phase2/net_rates_gsps.md."
dciodvfy,1300debe6e1f,"Error - DisplayedAreaSelectionSequence is internally inconsistent - DisplayedAreaTopLeftHandCorner = (339,192) is not above and to the left of DisplayedAreaBottomRightHandCorner = (339,412)",Error,1,PLAUSIBILITY,PS3.3 C.10.4 Displayed Area Module,PS3.3 Table C.10-4 Displayed Area Module Attributes,"PS3.3 Table C.10-4, Displayed Area Top Left Hand Corner (0070,0052), Type 1: ""The top left (after spatial transformation) pixel in the referenced image to be displayed, given as column\row. Column is the horizontal (before spatial transformation) offset (X) and row is the vertical (before spatial transformation) offset (Y) relative to the origin of the pixel data before spatial transformation, which is 1\1. See Figure C.10.4-1."" Note in PS3.3 C.10.4: ""The TLHC and BRHC may be outside the boundaries of the image pixel data (e.g., the TLHC may be 0 or negative, or the BRHC may be greater than Rows or Columns), allowing minification or placement of the image pixel data within a larger Specified Displayed Area.""","CONTESTED, and the counterfactual is reported alongside the verdict. Section C.10.4 and Table C.10-4 were read in full. Neither states any ordering relation between (0070,0052) and (0070,0053), neither uses shall for such a relation, and neither forbids a region one column or one row wide. Both attributes are Type 1 and both are present with values valid for VR SL and VM 2 as PS3.5 7.4.1 defines validity. In every observed message one axis is equal rather than inverted, for example TopLeft = (344,0) against BottomRight = (344,512), so dciodvfy is applying a strict inequality on both axes that the standard does not state. The section's only statement about corner values loosens the constraint rather than tightening it, permitting zero and negative coordinates. NET is refused because the rubric requires a section and table giving the Type or condition violated and no such text exists. FLOOR is refused because nothing cited positively permits a degenerate region either. PLAUSIBILITY is recorded: a cross-attribute consistency heuristic with no located conformance requirement behind it. PS3.4 Annex N, the Softcopy Presentation State Storage SOP Classes, was also checked and states nothing about the relationship between the two corners. A reader who holds that the attribute names top left and bottom right are themselves normative would move this class to NET, which changes the PRE-05 outcome, so the counterfactual triple and both rates are reported in results/phase2/net_rates_gsps.md."
dciodvfy,14b3fa1bc4ff,"Error - DisplayedAreaSelectionSequence is internally inconsistent - DisplayedAreaTopLeftHandCorner = (341,-8) is not above and to the left of DisplayedAreaBottomRightHandCorner = (341,522)",Error,1,PLAUSIBILITY,PS3.3 C.10.4 Displayed Area Module,PS3.3 Table C.10-4 Displayed Area Module Attributes,"PS3.3 Table C.10-4, Displayed Area Top Left Hand Corner (0070,0052), Type 1: ""The top left (after spatial transformation) pixel in the referenced image to be displayed, given as column\row. Column is the horizontal (before spatial transformation) offset (X) and row is the vertical (before spatial transformation) offset (Y) relative to the origin of the pixel data before spatial transformation, which is 1\1. See Figure C.10.4-1."" Note in PS3.3 C.10.4: ""The TLHC and BRHC may be outside the boundaries of the image pixel data (e.g., the TLHC may be 0 or negative, or the BRHC may be greater than Rows or Columns), allowing minification or placement of the image pixel data within a larger Specified Displayed Area.""","CONTESTED, and the counterfactual is reported alongside the verdict. Section C.10.4 and Table C.10-4 were read in full. Neither states any ordering relation between (0070,0052) and (0070,0053), neither uses shall for such a relation, and neither forbids a region one column or one row wide. Both attributes are Type 1 and both are present with values valid for VR SL and VM 2 as PS3.5 7.4.1 defines validity. In every observed message one axis is equal rather than inverted, for example TopLeft = (344,0) against BottomRight = (344,512), so dciodvfy is applying a strict inequality on both axes that the standard does not state. The section's only statement about corner values loosens the constraint rather than tightening it, permitting zero and negative coordinates. NET is refused because the rubric requires a section and table giving the Type or condition violated and no such text exists. FLOOR is refused because nothing cited positively permits a degenerate region either. PLAUSIBILITY is recorded: a cross-attribute consistency heuristic with no located conformance requirement behind it. PS3.4 Annex N, the Softcopy Presentation State Storage SOP Classes, was also checked and states nothing about the relationship between the two corners. A reader who holds that the attribute names top left and bottom right are themselves normative would move this class to NET, which changes the PRE-05 outcome, so the counterfactual triple and both rates are reported in results/phase2/net_rates_gsps.md."
dciodvfy,e08a0ff2b574,"Error - DisplayedAreaSelectionSequence is internally inconsistent - DisplayedAreaTopLeftHandCorner = (341,181) is not above and to the left of DisplayedAreaBottomRightHandCorner = (341,393)",Error,1,PLAUSIBILITY,PS3.3 C.10.4 Displayed Area Module,PS3.3 Table C.10-4 Displayed Area Module Attributes,"PS3.3 Table C.10-4, Displayed Area Top Left Hand Corner (0070,0052), Type 1: ""The top left (after spatial transformation) pixel in the referenced image to be displayed, given as column\row. Column is the horizontal (before spatial transformation) offset (X) and row is the vertical (before spatial transformation) offset (Y) relative to the origin of the pixel data before spatial transformation, which is 1\1. See Figure C.10.4-1."" Note in PS3.3 C.10.4: ""The TLHC and BRHC may be outside the boundaries of the image pixel data (e.g., the TLHC may be 0 or negative, or the BRHC may be greater than Rows or Columns), allowing minification or placement of the image pixel data within a larger Specified Displayed Area.""","CONTESTED, and the counterfactual is reported alongside the verdict. Section C.10.4 and Table C.10-4 were read in full. Neither states any ordering relation between (0070,0052) and (0070,0053), neither uses shall for such a relation, and neither forbids a region one column or one row wide. Both attributes are Type 1 and both are present with values valid for VR SL and VM 2 as PS3.5 7.4.1 defines validity. In every observed message one axis is equal rather than inverted, for example TopLeft = (344,0) against BottomRight = (344,512), so dciodvfy is applying a strict inequality on both axes that the standard does not state. The section's only statement about corner values loosens the constraint rather than tightening it, permitting zero and negative coordinates. NET is refused because the rubric requires a section and table giving the Type or condition violated and no such text exists. FLOOR is refused because nothing cited positively permits a degenerate region either. PLAUSIBILITY is recorded: a cross-attribute consistency heuristic with no located conformance requirement behind it. PS3.4 Annex N, the Softcopy Presentation State Storage SOP Classes, was also checked and states nothing about the relationship between the two corners. A reader who holds that the attribute names top left and bottom right are themselves normative would move this class to NET, which changes the PRE-05 outcome, so the counterfactual triple and both rates are reported in results/phase2/net_rates_gsps.md."
dciodvfy,fa30f429b07e,"Error - DisplayedAreaSelectionSequence is internally inconsistent - DisplayedAreaTopLeftHandCorner = (341,230) is not above and to the left of DisplayedAreaBottomRightHandCorner = (341,393)",Error,1,PLAUSIBILITY,PS3.3 C.10.4 Displayed Area Module,PS3.3 Table C.10-4 Displayed Area Module Attributes,"PS3.3 Table C.10-4, Displayed Area Top Left Hand Corner (0070,0052), Type 1: ""The top left (after spatial transformation) pixel in the referenced image to be displayed, given as column\row. Column is the horizontal (before spatial transformation) offset (X) and row is the vertical (before spatial transformation) offset (Y) relative to the origin of the pixel data before spatial transformation, which is 1\1. See Figure C.10.4-1."" Note in PS3.3 C.10.4: ""The TLHC and BRHC may be outside the boundaries of the image pixel data (e.g., the TLHC may be 0 or negative, or the BRHC may be greater than Rows or Columns), allowing minification or placement of the image pixel data within a larger Specified Displayed Area.""","CONTESTED, and the counterfactual is reported alongside the verdict. Section C.10.4 and Table C.10-4 were read in full. Neither states any ordering relation between (0070,0052) and (0070,0053), neither uses shall for such a relation, and neither forbids a region one column or one row wide. Both attributes are Type 1 and both are present with values valid for VR SL and VM 2 as PS3.5 7.4.1 defines validity. In every observed message one axis is equal rather than inverted, for example TopLeft = (344,0) against BottomRight = (344,512), so dciodvfy is applying a strict inequality on both axes that the standard does not state. The section's only statement about corner values loosens the constraint rather than tightening it, permitting zero and negative coordinates. NET is refused because the rubric requires a section and table giving the Type or condition violated and no such text exists. FLOOR is refused because nothing cited positively permits a degenerate region either. PLAUSIBILITY is recorded: a cross-attribute consistency heuristic with no located conformance requirement behind it. PS3.4 Annex N, the Softcopy Presentation State Storage SOP Classes, was also checked and states nothing about the relationship between the two corners. A reader who holds that the attribute names top left and bottom right are themselves normative would move this class to NET, which changes the PRE-05 outcome, so the counterfactual triple and both rates are reported in results/phase2/net_rates_gsps.md."
dciodvfy,19810e81d995,"Error - DisplayedAreaSelectionSequence is internally inconsistent - DisplayedAreaTopLeftHandCorner = (342,0) is not above and to the left of DisplayedAreaBottomRightHandCorner = (342,513)",Error,1,PLAUSIBILITY,PS3.3 C.10.4 Displayed Area Module,PS3.3 Table C.10-4 Displayed Area Module Attributes,"PS3.3 Table C.10-4, Displayed Area Top Left Hand Corner (0070,0052), Type 1: ""The top left (after spatial transformation) pixel in the referenced image to be displayed, given as column\row. Column is the horizontal (before spatial transformation) offset (X) and row is the vertical (before spatial transformation) offset (Y) relative to the origin of the pixel data before spatial transformation, which is 1\1. See Figure C.10.4-1."" Note in PS3.3 C.10.4: ""The TLHC and BRHC may be outside the boundaries of the image pixel data (e.g., the TLHC may be 0 or negative, or the BRHC may be greater than Rows or Columns), allowing minification or placement of the image pixel data within a larger Specified Displayed Area.""","CONTESTED, and the counterfactual is reported alongside the verdict. Section C.10.4 and Table C.10-4 were read in full. Neither states any ordering relation between (0070,0052) and (0070,0053), neither uses shall for such a relation, and neither forbids a region one column or one row wide. Both attributes are Type 1 and both are present with values valid for VR SL and VM 2 as PS3.5 7.4.1 defines validity. In every observed message one axis is equal rather than inverted, for example TopLeft = (344,0) against BottomRight = (344,512), so dciodvfy is applying a strict inequality on both axes that the standard does not state. The section's only statement about corner values loosens the constraint rather than tightening it, permitting zero and negative coordinates. NET is refused because the rubric requires a section and table giving the Type or condition violated and no such text exists. FLOOR is refused because nothing cited positively permits a degenerate region either. PLAUSIBILITY is recorded: a cross-attribute consistency heuristic with no located conformance requirement behind it. PS3.4 Annex N, the Softcopy Presentation State Storage SOP Classes, was also checked and states nothing about the relationship between the two corners. A reader who holds that the attribute names top left and bottom right are themselves normative would move this class to NET, which changes the PRE-05 outcome, so the counterfactual triple and both rates are reported in results/phase2/net_rates_gsps.md."
dciodvfy,d09401f8b06e,"Error - DisplayedAreaSelectionSequence is internally inconsistent - DisplayedAreaTopLeftHandCorner = (342,172) is not above and to the left of DisplayedAreaBottomRightHandCorner = (342,430)",Error,1,PLAUSIBILITY,PS3.3 C.10.4 Displayed Area Module,PS3.3 Table C.10-4 Displayed Area Module Attributes,"PS3.3 Table C.10-4, Displayed Area Top Left Hand Corner (0070,0052), Type 1: ""The top left (after spatial transformation) pixel in the referenced image to be displayed, given as column\row. Column is the horizontal (before spatial transformation) offset (X) and row is the vertical (before spatial transformation) offset (Y) relative to the origin of the pixel data before spatial transformation, which is 1\1. See Figure C.10.4-1."" Note in PS3.3 C.10.4: ""The TLHC and BRHC may be outside the boundaries of the image pixel data (e.g., the TLHC may be 0 or negative, or the BRHC may be greater than Rows or Columns), allowing minification or placement of the image pixel data within a larger Specified Displayed Area.""","CONTESTED, and the counterfactual is reported alongside the verdict. Section C.10.4 and Table C.10-4 were read in full. Neither states any ordering relation between (0070,0052) and (0070,0053), neither uses shall for such a relation, and neither forbids a region one column or one row wide. Both attributes are Type 1 and both are present with values valid for VR SL and VM 2 as PS3.5 7.4.1 defines validity. In every observed message one axis is equal rather than inverted, for example TopLeft = (344,0) against BottomRight = (344,512), so dciodvfy is applying a strict inequality on both axes that the standard does not state. The section's only statement about corner values loosens the constraint rather than tightening it, permitting zero and negative coordinates. NET is refused because the rubric requires a section and table giving the Type or condition violated and no such text exists. FLOOR is refused because nothing cited positively permits a degenerate region either. PLAUSIBILITY is recorded: a cross-attribute consistency heuristic with no located conformance requirement behind it. PS3.4 Annex N, the Softcopy Presentation State Storage SOP Classes, was also checked and states nothing about the relationship between the two corners. A reader who holds that the attribute names top left and bottom right are themselves normative would move this class to NET, which changes the PRE-05 outcome, so the counterfactual triple and both rates are reported in results/phase2/net_rates_gsps.md."
dciodvfy,7364deb85963,"Error - DisplayedAreaSelectionSequence is internally inconsistent - DisplayedAreaTopLeftHandCorner = (342,228) is not above and to the left of DisplayedAreaBottomRightHandCorner = (342,397)",Error,1,PLAUSIBILITY,PS3.3 C.10.4 Displayed Area Module,PS3.3 Table C.10-4 Displayed Area Module Attributes,"PS3.3 Table C.10-4, Displayed Area Top Left Hand Corner (0070,0052), Type 1: ""The top left (after spatial transformation) pixel in the referenced image to be displayed, given as column\row. Column is the horizontal (before spatial transformation) offset (X) and row is the vertical (before spatial transformation) offset (Y) relative to the origin of the pixel data before spatial transformation, which is 1\1. See Figure C.10.4-1."" Note in PS3.3 C.10.4: ""The TLHC and BRHC may be outside the boundaries of the image pixel data (e.g., the TLHC may be 0 or negative, or the BRHC may be greater than Rows or Columns), allowing minification or placement of the image pixel data within a larger Specified Displayed Area.""","CONTESTED, and the counterfactual is reported alongside the verdict. Section C.10.4 and Table C.10-4 were read in full. Neither states any ordering relation between (0070,0052) and (0070,0053), neither uses shall for such a relation, and neither forbids a region one column or one row wide. Both attributes are Type 1 and both are present with values valid for VR SL and VM 2 as PS3.5 7.4.1 defines validity. In every observed message one axis is equal rather than inverted, for example TopLeft = (344,0) against BottomRight = (344,512), so dciodvfy is applying a strict inequality on both axes that the standard does not state. The section's only statement about corner values loosens the constraint rather than tightening it, permitting zero and negative coordinates. NET is refused because the rubric requires a section and table giving the Type or condition violated and no such text exists. FLOOR is refused because nothing cited positively permits a degenerate region either. PLAUSIBILITY is recorded: a cross-attribute consistency heuristic with no located conformance requirement behind it. PS3.4 Annex N, the Softcopy Presentation State Storage SOP Classes, was also checked and states nothing about the relationship between the two corners. A reader who holds that the attribute names top left and bottom right are themselves normative would move this class to NET, which changes the PRE-05 outcome, so the counterfactual triple and both rates are reported in results/phase2/net_rates_gsps.md."
dciodvfy,92666270e27e,"Error - DisplayedAreaSelectionSequence is internally inconsistent - DisplayedAreaTopLeftHandCorner = (342,275) is not above and to the left of DisplayedAreaBottomRightHandCorner = (342,312)",Error,1,PLAUSIBILITY,PS3.3 C.10.4 Displayed Area Module,PS3.3 Table C.10-4 Displayed Area Module Attributes,"PS3.3 Table C.10-4, Displayed Area Top Left Hand Corner (0070,0052), Type 1: ""The top left (after spatial transformation) pixel in the referenced image to be displayed, given as column\row. Column is the horizontal (before spatial transformation) offset (X) and row is the vertical (before spatial transformation) offset (Y) relative to the origin of the pixel data before spatial transformation, which is 1\1. See Figure C.10.4-1."" Note in PS3.3 C.10.4: ""The TLHC and BRHC may be outside the boundaries of the image pixel data (e.g., the TLHC may be 0 or negative, or the BRHC may be greater than Rows or Columns), allowing minification or placement of the image pixel data within a larger Specified Displayed Area.""","CONTESTED, and the counterfactual is reported alongside the verdict. Section C.10.4 and Table C.10-4 were read in full. Neither states any ordering relation between (0070,0052) and (0070,0053), neither uses shall for such a relation, and neither forbids a region one column or one row wide. Both attributes are Type 1 and both are present with values valid for VR SL and VM 2 as PS3.5 7.4.1 defines validity. In every observed message one axis is equal rather than inverted, for example TopLeft = (344,0) against BottomRight = (344,512), so dciodvfy is applying a strict inequality on both axes that the standard does not state. The section's only statement about corner values loosens the constraint rather than tightening it, permitting zero and negative coordinates. NET is refused because the rubric requires a section and table giving the Type or condition violated and no such text exists. FLOOR is refused because nothing cited positively permits a degenerate region either. PLAUSIBILITY is recorded: a cross-attribute consistency heuristic with no located conformance requirement behind it. PS3.4 Annex N, the Softcopy Presentation State Storage SOP Classes, was also checked and states nothing about the relationship between the two corners. A reader who holds that the attribute names top left and bottom right are themselves normative would move this class to NET, which changes the PRE-05 outcome, so the counterfactual triple and both rates are reported in results/phase2/net_rates_gsps.md."
dciodvfy,0e1115bfcda4,"Error - DisplayedAreaSelectionSequence is internally inconsistent - DisplayedAreaTopLeftHandCorner = (342,299) is not above and to the left of DisplayedAreaBottomRightHandCorner = (342,393)",Error,1,PLAUSIBILITY,PS3.3 C.10.4 Displayed Area Module,PS3.3 Table C.10-4 Displayed Area Module Attributes,"PS3.3 Table C.10-4, Displayed Area Top Left Hand Corner (0070,0052), Type 1: ""The top left (after spatial transformation) pixel in the referenced image to be displayed, given as column\row. Column is the horizontal (before spatial transformation) offset (X) and row is the vertical (before spatial transformation) offset (Y) relative to the origin of the pixel data before spatial transformation, which is 1\1. See Figure C.10.4-1."" Note in PS3.3 C.10.4: ""The TLHC and BRHC may be outside the boundaries of the image pixel data (e.g., the TLHC may be 0 or negative, or the BRHC may be greater than Rows or Columns), allowing minification or placement of the image pixel data within a larger Specified Displayed Area.""","CONTESTED, and the counterfactual is reported alongside the verdict. Section C.10.4 and Table C.10-4 were read in full. Neither states any ordering relation between (0070,0052) and (0070,0053), neither uses shall for such a relation, and neither forbids a region one column or one row wide. Both attributes are Type 1 and both are present with values valid for VR SL and VM 2 as PS3.5 7.4.1 defines validity. In every observed message one axis is equal rather than inverted, for example TopLeft = (344,0) against BottomRight = (344,512), so dciodvfy is applying a strict inequality on both axes that the standard does not state. The section's only statement about corner values loosens the constraint rather than tightening it, permitting zero and negative coordinates. NET is refused because the rubric requires a section and table giving the Type or condition violated and no such text exists. FLOOR is refused because nothing cited positively permits a degenerate region either. PLAUSIBILITY is recorded: a cross-attribute consistency heuristic with no located conformance requirement behind it. PS3.4 Annex N, the Softcopy Presentation State Storage SOP Classes, was also checked and states nothing about the relationship between the two corners. A reader who holds that the attribute names top left and bottom right are themselves normative would move this class to NET, which changes the PRE-05 outcome, so the counterfactual triple and both rates are reported in results/phase2/net_rates_gsps.md."
dciodvfy,239291bed810,"Error - DisplayedAreaSelectionSequence is internally inconsistent - DisplayedAreaTopLeftHandCorner = (343,-259) is not above and to the left of DisplayedAreaBottomRightHandCorner = (343,772)",Error,1,PLAUSIBILITY,PS3.3 C.10.4 Displayed Area Module,PS3.3 Table C.10-4 Displayed Area Module Attributes,"PS3.3 Table C.10-4, Displayed Area Top Left Hand Corner (0070,0052), Type 1: ""The top left (after spatial transformation) pixel in the referenced image to be displayed, given as column\row. Column is the horizontal (before spatial transformation) offset (X) and row is the vertical (before spatial transformation) offset (Y) relative to the origin of the pixel data before spatial transformation, which is 1\1. See Figure C.10.4-1."" Note in PS3.3 C.10.4: ""The TLHC and BRHC may be outside the boundaries of the image pixel data (e.g., the TLHC may be 0 or negative, or the BRHC may be greater than Rows or Columns), allowing minification or placement of the image pixel data within a larger Specified Displayed Area.""","CONTESTED, and the counterfactual is reported alongside the verdict. Section C.10.4 and Table C.10-4 were read in full. Neither states any ordering relation between (0070,0052) and (0070,0053), neither uses shall for such a relation, and neither forbids a region one column or one row wide. Both attributes are Type 1 and both are present with values valid for VR SL and VM 2 as PS3.5 7.4.1 defines validity. In every observed message one axis is equal rather than inverted, for example TopLeft = (344,0) against BottomRight = (344,512), so dciodvfy is applying a strict inequality on both axes that the standard does not state. The section's only statement about corner values loosens the constraint rather than tightening it, permitting zero and negative coordinates. NET is refused because the rubric requires a section and table giving the Type or condition violated and no such text exists. FLOOR is refused because nothing cited positively permits a degenerate region either. PLAUSIBILITY is recorded: a cross-attribute consistency heuristic with no located conformance requirement behind it. PS3.4 Annex N, the Softcopy Presentation State Storage SOP Classes, was also checked and states nothing about the relationship between the two corners. A reader who holds that the attribute names top left and bottom right are themselves normative would move this class to NET, which changes the PRE-05 outcome, so the counterfactual triple and both rates are reported in results/phase2/net_rates_gsps.md."
dciodvfy,6e608cfd1c1a,"Error - DisplayedAreaSelectionSequence is internally inconsistent - DisplayedAreaTopLeftHandCorner = (343,102) is not above and to the left of DisplayedAreaBottomRightHandCorner = (343,442)",Error,1,PLAUSIBILITY,PS3.3 C.10.4 Displayed Area Module,PS3.3 Table C.10-4 Displayed Area Module Attributes,"PS3.3 Table C.10-4, Displayed Area Top Left Hand Corner (0070,0052), Type 1: ""The top left (after spatial transformation) pixel in the referenced image to be displayed, given as column\row. Column is the horizontal (before spatial transformation) offset (X) and row is the vertical (before spatial transformation) offset (Y) relative to the origin of the pixel data before spatial transformation, which is 1\1. See Figure C.10.4-1."" Note in PS3.3 C.10.4: ""The TLHC and BRHC may be outside the boundaries of the image pixel data (e.g., the TLHC may be 0 or negative, or the BRHC may be greater than Rows or Columns), allowing minification or placement of the image pixel data within a larger Specified Displayed Area.""","CONTESTED, and the counterfactual is reported alongside the verdict. Section C.10.4 and Table C.10-4 were read in full. Neither states any ordering relation between (0070,0052) and (0070,0053), neither uses shall for such a relation, and neither forbids a region one column or one row wide. Both attributes are Type 1 and both are present with values valid for VR SL and VM 2 as PS3.5 7.4.1 defines validity. In every observed message one axis is equal rather than inverted, for example TopLeft = (344,0) against BottomRight = (344,512), so dciodvfy is applying a strict inequality on both axes that the standard does not state. The section's only statement about corner values loosens the constraint rather than tightening it, permitting zero and negative coordinates. NET is refused because the rubric requires a section and table giving the Type or condition violated and no such text exists. FLOOR is refused because nothing cited positively permits a degenerate region either. PLAUSIBILITY is recorded: a cross-attribute consistency heuristic with no located conformance requirement behind it. PS3.4 Annex N, the Softcopy Presentation State Storage SOP Classes, was also checked and states nothing about the relationship between the two corners. A reader who holds that the attribute names top left and bottom right are themselves normative would move this class to NET, which changes the PRE-05 outcome, so the counterfactual triple and both rates are reported in results/phase2/net_rates_gsps.md."
dciodvfy,5a02b4b2abe0,"Error - DisplayedAreaSelectionSequence is internally inconsistent - DisplayedAreaTopLeftHandCorner = (343,267) is not above and to the left of DisplayedAreaBottomRightHandCorner = (343,417)",Error,1,PLAUSIBILITY,PS3.3 C.10.4 Displayed Area Module,PS3.3 Table C.10-4 Displayed Area Module Attributes,"PS3.3 Table C.10-4, Displayed Area Top Left Hand Corner (0070,0052), Type 1: ""The top left (after spatial transformation) pixel in the referenced image to be displayed, given as column\row. Column is the horizontal (before spatial transformation) offset (X) and row is the vertical (before spatial transformation) offset (Y) relative to the origin of the pixel data before spatial transformation, which is 1\1. See Figure C.10.4-1."" Note in PS3.3 C.10.4: ""The TLHC and BRHC may be outside the boundaries of the image pixel data (e.g., the TLHC may be 0 or negative, or the BRHC may be greater than Rows or Columns), allowing minification or placement of the image pixel data within a larger Specified Displayed Area.""","CONTESTED, and the counterfactual is reported alongside the verdict. Section C.10.4 and Table C.10-4 were read in full. Neither states any ordering relation between (0070,0052) and (0070,0053), neither uses shall for such a relation, and neither forbids a region one column or one row wide. Both attributes are Type 1 and both are present with values valid for VR SL and VM 2 as PS3.5 7.4.1 defines validity. In every observed message one axis is equal rather than inverted, for example TopLeft = (344,0) against BottomRight = (344,512), so dciodvfy is applying a strict inequality on both axes that the standard does not state. The section's only statement about corner values loosens the constraint rather than tightening it, permitting zero and negative coordinates. NET is refused because the rubric requires a section and table giving the Type or condition violated and no such text exists. FLOOR is refused because nothing cited positively permits a degenerate region either. PLAUSIBILITY is recorded: a cross-attribute consistency heuristic with no located conformance requirement behind it. PS3.4 Annex N, the Softcopy Presentation State Storage SOP Classes, was also checked and states nothing about the relationship between the two corners. A reader who holds that the attribute names top left and bottom right are themselves normative would move this class to NET, which changes the PRE-05 outcome, so the counterfactual triple and both rates are reported in results/phase2/net_rates_gsps.md."
dciodvfy,967e85e5b4cc,"Error - DisplayedAreaSelectionSequence is internally inconsistent - DisplayedAreaTopLeftHandCorner = (343,291) is not above and to the left of DisplayedAreaBottomRightHandCorner = (343,394)",Error,1,PLAUSIBILITY,PS3.3 C.10.4 Displayed Area Module,PS3.3 Table C.10-4 Displayed Area Module Attributes,"PS3.3 Table C.10-4, Displayed Area Top Left Hand Corner (0070,0052), Type 1: ""The top left (after spatial transformation) pixel in the referenced image to be displayed, given as column\row. Column is the horizontal (before spatial transformation) offset (X) and row is the vertical (before spatial transformation) offset (Y) relative to the origin of the pixel data before spatial transformation, which is 1\1. See Figure C.10.4-1."" Note in PS3.3 C.10.4: ""The TLHC and BRHC may be outside the boundaries of the image pixel data (e.g., the TLHC may be 0 or negative, or the BRHC may be greater than Rows or Columns), allowing minification or placement of the image pixel data within a larger Specified Displayed Area.""","CONTESTED, and the counterfactual is reported alongside the verdict. Section C.10.4 and Table C.10-4 were read in full. Neither states any ordering relation between (0070,0052) and (0070,0053), neither uses shall for such a relation, and neither forbids a region one column or one row wide. Both attributes are Type 1 and both are present with values valid for VR SL and VM 2 as PS3.5 7.4.1 defines validity. In every observed message one axis is equal rather than inverted, for example TopLeft = (344,0) against BottomRight = (344,512), so dciodvfy is applying a strict inequality on both axes that the standard does not state. The section's only statement about corner values loosens the constraint rather than tightening it, permitting zero and negative coordinates. NET is refused because the rubric requires a section and table giving the Type or condition violated and no such text exists. FLOOR is refused because nothing cited positively permits a degenerate region either. PLAUSIBILITY is recorded: a cross-attribute consistency heuristic with no located conformance requirement behind it. PS3.4 Annex N, the Softcopy Presentation State Storage SOP Classes, was also checked and states nothing about the relationship between the two corners. A reader who holds that the attribute names top left and bottom right are themselves normative would move this class to NET, which changes the PRE-05 outcome, so the counterfactual triple and both rates are reported in results/phase2/net_rates_gsps.md."
dciodvfy,608b87a9d0c0,"Error - DisplayedAreaSelectionSequence is internally inconsistent - DisplayedAreaTopLeftHandCorner = (345,-10) is not above and to the left of DisplayedAreaBottomRightHandCorner = (345,523)",Error,1,PLAUSIBILITY,PS3.3 C.10.4 Displayed Area Module,PS3.3 Table C.10-4 Displayed Area Module Attributes,"PS3.3 Table C.10-4, Displayed Area Top Left Hand Corner (0070,0052), Type 1: ""The top left (after spatial transformation) pixel in the referenced image to be displayed, given as column\row. Column is the horizontal (before spatial transformation) offset (X) and row is the vertical (before spatial transformation) offset (Y) relative to the origin of the pixel data before spatial transformation, which is 1\1. See Figure C.10.4-1."" Note in PS3.3 C.10.4: ""The TLHC and BRHC may be outside the boundaries of the image pixel data (e.g., the TLHC may be 0 or negative, or the BRHC may be greater than Rows or Columns), allowing minification or placement of the image pixel data within a larger Specified Displayed Area.""","CONTESTED, and the counterfactual is reported alongside the verdict. Section C.10.4 and Table C.10-4 were read in full. Neither states any ordering relation between (0070,0052) and (0070,0053), neither uses shall for such a relation, and neither forbids a region one column or one row wide. Both attributes are Type 1 and both are present with values valid for VR SL and VM 2 as PS3.5 7.4.1 defines validity. In every observed message one axis is equal rather than inverted, for example TopLeft = (344,0) against BottomRight = (344,512), so dciodvfy is applying a strict inequality on both axes that the standard does not state. The section's only statement about corner values loosens the constraint rather than tightening it, permitting zero and negative coordinates. NET is refused because the rubric requires a section and table giving the Type or condition violated and no such text exists. FLOOR is refused because nothing cited positively permits a degenerate region either. PLAUSIBILITY is recorded: a cross-attribute consistency heuristic with no located conformance requirement behind it. PS3.4 Annex N, the Softcopy Presentation State Storage SOP Classes, was also checked and states nothing about the relationship between the two corners. A reader who holds that the attribute names top left and bottom right are themselves normative would move this class to NET, which changes the PRE-05 outcome, so the counterfactual triple and both rates are reported in results/phase2/net_rates_gsps.md."
dciodvfy,eebc4761ca64,"Error - DisplayedAreaSelectionSequence is internally inconsistent - DisplayedAreaTopLeftHandCorner = (345,195) is not above and to the left of DisplayedAreaBottomRightHandCorner = (345,410)",Error,1,PLAUSIBILITY,PS3.3 C.10.4 Displayed Area Module,PS3.3 Table C.10-4 Displayed Area Module Attributes,"PS3.3 Table C.10-4, Displayed Area Top Left Hand Corner (0070,0052), Type 1: ""The top left (after spatial transformation) pixel in the referenced image to be displayed, given as column\row. Column is the horizontal (before spatial transformation) offset (X) and row is the vertical (before spatial transformation) offset (Y) relative to the origin of the pixel data before spatial transformation, which is 1\1. See Figure C.10.4-1."" Note in PS3.3 C.10.4: ""The TLHC and BRHC may be outside the boundaries of the image pixel data (e.g., the TLHC may be 0 or negative, or the BRHC may be greater than Rows or Columns), allowing minification or placement of the image pixel data within a larger Specified Displayed Area.""","CONTESTED, and the counterfactual is reported alongside the verdict. Section C.10.4 and Table C.10-4 were read in full. Neither states any ordering relation between (0070,0052) and (0070,0053), neither uses shall for such a relation, and neither forbids a region one column or one row wide. Both attributes are Type 1 and both are present with values valid for VR SL and VM 2 as PS3.5 7.4.1 defines validity. In every observed message one axis is equal rather than inverted, for example TopLeft = (344,0) against BottomRight = (344,512), so dciodvfy is applying a strict inequality on both axes that the standard does not state. The section's only statement about corner values loosens the constraint rather than tightening it, permitting zero and negative coordinates. NET is refused because the rubric requires a section and table giving the Type or condition violated and no such text exists. FLOOR is refused because nothing cited positively permits a degenerate region either. PLAUSIBILITY is recorded: a cross-attribute consistency heuristic with no located conformance requirement behind it. PS3.4 Annex N, the Softcopy Presentation State Storage SOP Classes, was also checked and states nothing about the relationship between the two corners. A reader who holds that the attribute names top left and bottom right are themselves normative would move this class to NET, which changes the PRE-05 outcome, so the counterfactual triple and both rates are reported in results/phase2/net_rates_gsps.md."
dciodvfy,e1444fb64c20,"Error - DisplayedAreaSelectionSequence is internally inconsistent - DisplayedAreaTopLeftHandCorner = (345,254) is not above and to the left of DisplayedAreaBottomRightHandCorner = (345,373)",Error,1,PLAUSIBILITY,PS3.3 C.10.4 Displayed Area Module,PS3.3 Table C.10-4 Displayed Area Module Attributes,"PS3.3 Table C.10-4, Displayed Area Top Left Hand Corner (0070,0052), Type 1: ""The top left (after spatial transformation) pixel in the referenced image to be displayed, given as column\row. Column is the horizontal (before spatial transformation) offset (X) and row is the vertical (before spatial transformation) offset (Y) relative to the origin of the pixel data before spatial transformation, which is 1\1. See Figure C.10.4-1."" Note in PS3.3 C.10.4: ""The TLHC and BRHC may be outside the boundaries of the image pixel data (e.g., the TLHC may be 0 or negative, or the BRHC may be greater than Rows or Columns), allowing minification or placement of the image pixel data within a larger Specified Displayed Area.""","CONTESTED, and the counterfactual is reported alongside the verdict. Section C.10.4 and Table C.10-4 were read in full. Neither states any ordering relation between (0070,0052) and (0070,0053), neither uses shall for such a relation, and neither forbids a region one column or one row wide. Both attributes are Type 1 and both are present with values valid for VR SL and VM 2 as PS3.5 7.4.1 defines validity. In every observed message one axis is equal rather than inverted, for example TopLeft = (344,0) against BottomRight = (344,512), so dciodvfy is applying a strict inequality on both axes that the standard does not state. The section's only statement about corner values loosens the constraint rather than tightening it, permitting zero and negative coordinates. NET is refused because the rubric requires a section and table giving the Type or condition violated and no such text exists. FLOOR is refused because nothing cited positively permits a degenerate region either. PLAUSIBILITY is recorded: a cross-attribute consistency heuristic with no located conformance requirement behind it. PS3.4 Annex N, the Softcopy Presentation State Storage SOP Classes, was also checked and states nothing about the relationship between the two corners. A reader who holds that the attribute names top left and bottom right are themselves normative would move this class to NET, which changes the PRE-05 outcome, so the counterfactual triple and both rates are reported in results/phase2/net_rates_gsps.md."
dciodvfy,e857d6224388,"Error - DisplayedAreaSelectionSequence is internally inconsistent - DisplayedAreaTopLeftHandCorner = (345,267) is not above and to the left of DisplayedAreaBottomRightHandCorner = (345,384)",Error,1,PLAUSIBILITY,PS3.3 C.10.4 Displayed Area Module,PS3.3 Table C.10-4 Displayed Area Module Attributes,"PS3.3 Table C.10-4, Displayed Area Top Left Hand Corner (0070,0052), Type 1: ""The top left (after spatial transformation) pixel in the referenced image to be displayed, given as column\row. Column is the horizontal (before spatial transformation) offset (X) and row is the vertical (before spatial transformation) offset (Y) relative to the origin of the pixel data before spatial transformation, which is 1\1. See Figure C.10.4-1."" Note in PS3.3 C.10.4: ""The TLHC and BRHC may be outside the boundaries of the image pixel data (e.g., the TLHC may be 0 or negative, or the BRHC may be greater than Rows or Columns), allowing minification or placement of the image pixel data within a larger Specified Displayed Area.""","CONTESTED, and the counterfactual is reported alongside the verdict. Section C.10.4 and Table C.10-4 were read in full. Neither states any ordering relation between (0070,0052) and (0070,0053), neither uses shall for such a relation, and neither forbids a region one column or one row wide. Both attributes are Type 1 and both are present with values valid for VR SL and VM 2 as PS3.5 7.4.1 defines validity. In every observed message one axis is equal rather than inverted, for example TopLeft = (344,0) against BottomRight = (344,512), so dciodvfy is applying a strict inequality on both axes that the standard does not state. The section's only statement about corner values loosens the constraint rather than tightening it, permitting zero and negative coordinates. NET is refused because the rubric requires a section and table giving the Type or condition violated and no such text exists. FLOOR is refused because nothing cited positively permits a degenerate region either. PLAUSIBILITY is recorded: a cross-attribute consistency heuristic with no located conformance requirement behind it. PS3.4 Annex N, the Softcopy Presentation State Storage SOP Classes, was also checked and states nothing about the relationship between the two corners. A reader who holds that the attribute names top left and bottom right are themselves normative would move this class to NET, which changes the PRE-05 outcome, so the counterfactual triple and both rates are reported in results/phase2/net_rates_gsps.md."
dciodvfy,e727c984e5ca,"Error - DisplayedAreaSelectionSequence is internally inconsistent - DisplayedAreaTopLeftHandCorner = (345,421) is not above and to the left of DisplayedAreaBottomRightHandCorner = (345,304)",Error,1,PLAUSIBILITY,PS3.3 C.10.4 Displayed Area Module,PS3.3 Table C.10-4 Displayed Area Module Attributes,"PS3.3 Table C.10-4, Displayed Area Top Left Hand Corner (0070,0052), Type 1: ""The top left (after spatial transformation) pixel in the referenced image to be displayed, given as column\row. Column is the horizontal (before spatial transformation) offset (X) and row is the vertical (before spatial transformation) offset (Y) relative to the origin of the pixel data before spatial transformation, which is 1\1. See Figure C.10.4-1."" Note in PS3.3 C.10.4: ""The TLHC and BRHC may be outside the boundaries of the image pixel data (e.g., the TLHC may be 0 or negative, or the BRHC may be greater than Rows or Columns), allowing minification or placement of the image pixel data within a larger Specified Displayed Area.""","CONTESTED, and the counterfactual is reported alongside the verdict. Section C.10.4 and Table C.10-4 were read in full. Neither states any ordering relation between (0070,0052) and (0070,0053), neither uses shall for such a relation, and neither forbids a region one column or one row wide. Both attributes are Type 1 and both are present with values valid for VR SL and VM 2 as PS3.5 7.4.1 defines validity. In every observed message one axis is equal rather than inverted, for example TopLeft = (344,0) against BottomRight = (344,512), so dciodvfy is applying a strict inequality on both axes that the standard does not state. The section's only statement about corner values loosens the constraint rather than tightening it, permitting zero and negative coordinates. NET is refused because the rubric requires a section and table giving the Type or condition violated and no such text exists. FLOOR is refused because nothing cited positively permits a degenerate region either. PLAUSIBILITY is recorded: a cross-attribute consistency heuristic with no located conformance requirement behind it. PS3.4 Annex N, the Softcopy Presentation State Storage SOP Classes, was also checked and states nothing about the relationship between the two corners. A reader who holds that the attribute names top left and bottom right are themselves normative would move this class to NET, which changes the PRE-05 outcome, so the counterfactual triple and both rates are reported in results/phase2/net_rates_gsps.md."
dciodvfy,7d6dd9f20e4c,"Error - DisplayedAreaSelectionSequence is internally inconsistent - DisplayedAreaTopLeftHandCorner = (346,-10) is not above and to the left of DisplayedAreaBottomRightHandCorner = (346,523)",Error,1,PLAUSIBILITY,PS3.3 C.10.4 Displayed Area Module,PS3.3 Table C.10-4 Displayed Area Module Attributes,"PS3.3 Table C.10-4, Displayed Area Top Left Hand Corner (0070,0052), Type 1: ""The top left (after spatial transformation) pixel in the referenced image to be displayed, given as column\row. Column is the horizontal (before spatial transformation) offset (X) and row is the vertical (before spatial transformation) offset (Y) relative to the origin of the pixel data before spatial transformation, which is 1\1. See Figure C.10.4-1."" Note in PS3.3 C.10.4: ""The TLHC and BRHC may be outside the boundaries of the image pixel data (e.g., the TLHC may be 0 or negative, or the BRHC may be greater than Rows or Columns), allowing minification or placement of the image pixel data within a larger Specified Displayed Area.""","CONTESTED, and the counterfactual is reported alongside the verdict. Section C.10.4 and Table C.10-4 were read in full. Neither states any ordering relation between (0070,0052) and (0070,0053), neither uses shall for such a relation, and neither forbids a region one column or one row wide. Both attributes are Type 1 and both are present with values valid for VR SL and VM 2 as PS3.5 7.4.1 defines validity. In every observed message one axis is equal rather than inverted, for example TopLeft = (344,0) against BottomRight = (344,512), so dciodvfy is applying a strict inequality on both axes that the standard does not state. The section's only statement about corner values loosens the constraint rather than tightening it, permitting zero and negative coordinates. NET is refused because the rubric requires a section and table giving the Type or condition violated and no such text exists. FLOOR is refused because nothing cited positively permits a degenerate region either. PLAUSIBILITY is recorded: a cross-attribute consistency heuristic with no located conformance requirement behind it. PS3.4 Annex N, the Softcopy Presentation State Storage SOP Classes, was also checked and states nothing about the relationship between the two corners. A reader who holds that the attribute names top left and bottom right are themselves normative would move this class to NET, which changes the PRE-05 outcome, so the counterfactual triple and both rates are reported in results/phase2/net_rates_gsps.md."
dciodvfy,2c270d19c826,"Error - DisplayedAreaSelectionSequence is internally inconsistent - DisplayedAreaTopLeftHandCorner = (346,138) is not above and to the left of DisplayedAreaBottomRightHandCorner = (346,441)",Error,1,PLAUSIBILITY,PS3.3 C.10.4 Displayed Area Module,PS3.3 Table C.10-4 Displayed Area Module Attributes,"PS3.3 Table C.10-4, Displayed Area Top Left Hand Corner (0070,0052), Type 1: ""The top left (after spatial transformation) pixel in the referenced image to be displayed, given as column\row. Column is the horizontal (before spatial transformation) offset (X) and row is the vertical (before spatial transformation) offset (Y) relative to the origin of the pixel data before spatial transformation, which is 1\1. See Figure C.10.4-1."" Note in PS3.3 C.10.4: ""The TLHC and BRHC may be outside the boundaries of the image pixel data (e.g., the TLHC may be 0 or negative, or the BRHC may be greater than Rows or Columns), allowing minification or placement of the image pixel data within a larger Specified Displayed Area.""","CONTESTED, and the counterfactual is reported alongside the verdict. Section C.10.4 and Table C.10-4 were read in full. Neither states any ordering relation between (0070,0052) and (0070,0053), neither uses shall for such a relation, and neither forbids a region one column or one row wide. Both attributes are Type 1 and both are present with values valid for VR SL and VM 2 as PS3.5 7.4.1 defines validity. In every observed message one axis is equal rather than inverted, for example TopLeft = (344,0) against BottomRight = (344,512), so dciodvfy is applying a strict inequality on both axes that the standard does not state. The section's only statement about corner values loosens the constraint rather than tightening it, permitting zero and negative coordinates. NET is refused because the rubric requires a section and table giving the Type or condition violated and no such text exists. FLOOR is refused because nothing cited positively permits a degenerate region either. PLAUSIBILITY is recorded: a cross-attribute consistency heuristic with no located conformance requirement behind it. PS3.4 Annex N, the Softcopy Presentation State Storage SOP Classes, was also checked and states nothing about the relationship between the two corners. A reader who holds that the attribute names top left and bottom right are themselves normative would move this class to NET, which changes the PRE-05 outcome, so the counterfactual triple and both rates are reported in results/phase2/net_rates_gsps.md."
dciodvfy,e2d9736571f7,"Error - DisplayedAreaSelectionSequence is internally inconsistent - DisplayedAreaTopLeftHandCorner = (346,270) is not above and to the left of DisplayedAreaBottomRightHandCorner = (346,377)",Error,1,PLAUSIBILITY,PS3.3 C.10.4 Displayed Area Module,PS3.3 Table C.10-4 Displayed Area Module Attributes,"PS3.3 Table C.10-4, Displayed Area Top Left Hand Corner (0070,0052), Type 1: ""The top left (after spatial transformation) pixel in the referenced image to be displayed, given as column\row. Column is the horizontal (before spatial transformation) offset (X) and row is the vertical (before spatial transformation) offset (Y) relative to the origin of the pixel data before spatial transformation, which is 1\1. See Figure C.10.4-1."" Note in PS3.3 C.10.4: ""The TLHC and BRHC may be outside the boundaries of the image pixel data (e.g., the TLHC may be 0 or negative, or the BRHC may be greater than Rows or Columns), allowing minification or placement of the image pixel data within a larger Specified Displayed Area.""","CONTESTED, and the counterfactual is reported alongside the verdict. Section C.10.4 and Table C.10-4 were read in full. Neither states any ordering relation between (0070,0052) and (0070,0053), neither uses shall for such a relation, and neither forbids a region one column or one row wide. Both attributes are Type 1 and both are present with values valid for VR SL and VM 2 as PS3.5 7.4.1 defines validity. In every observed message one axis is equal rather than inverted, for example TopLeft = (344,0) against BottomRight = (344,512), so dciodvfy is applying a strict inequality on both axes that the standard does not state. The section's only statement about corner values loosens the constraint rather than tightening it, permitting zero and negative coordinates. NET is refused because the rubric requires a section and table giving the Type or condition violated and no such text exists. FLOOR is refused because nothing cited positively permits a degenerate region either. PLAUSIBILITY is recorded: a cross-attribute consistency heuristic with no located conformance requirement behind it. PS3.4 Annex N, the Softcopy Presentation State Storage SOP Classes, was also checked and states nothing about the relationship between the two corners. A reader who holds that the attribute names top left and bottom right are themselves normative would move this class to NET, which changes the PRE-05 outcome, so the counterfactual triple and both rates are reported in results/phase2/net_rates_gsps.md."
dciodvfy,6a87acc77673,"Error - DisplayedAreaSelectionSequence is internally inconsistent - DisplayedAreaTopLeftHandCorner = (346,277) is not above and to the left of DisplayedAreaBottomRightHandCorner = (346,357)",Error,1,PLAUSIBILITY,PS3.3 C.10.4 Displayed Area Module,PS3.3 Table C.10-4 Displayed Area Module Attributes,"PS3.3 Table C.10-4, Displayed Area Top Left Hand Corner (0070,0052), Type 1: ""The top left (after spatial transformation) pixel in the referenced image to be displayed, given as column\row. Column is the horizontal (before spatial transformation) offset (X) and row is the vertical (before spatial transformation) offset (Y) relative to the origin of the pixel data before spatial transformation, which is 1\1. See Figure C.10.4-1."" Note in PS3.3 C.10.4: ""The TLHC and BRHC may be outside the boundaries of the image pixel data (e.g., the TLHC may be 0 or negative, or the BRHC may be greater than Rows or Columns), allowing minification or placement of the image pixel data within a larger Specified Displayed Area.""","CONTESTED, and the counterfactual is reported alongside the verdict. Section C.10.4 and Table C.10-4 were read in full. Neither states any ordering relation between (0070,0052) and (0070,0053), neither uses shall for such a relation, and neither forbids a region one column or one row wide. Both attributes are Type 1 and both are present with values valid for VR SL and VM 2 as PS3.5 7.4.1 defines validity. In every observed message one axis is equal rather than inverted, for example TopLeft = (344,0) against BottomRight = (344,512), so dciodvfy is applying a strict inequality on both axes that the standard does not state. The section's only statement about corner values loosens the constraint rather than tightening it, permitting zero and negative coordinates. NET is refused because the rubric requires a section and table giving the Type or condition violated and no such text exists. FLOOR is refused because nothing cited positively permits a degenerate region either. PLAUSIBILITY is recorded: a cross-attribute consistency heuristic with no located conformance requirement behind it. PS3.4 Annex N, the Softcopy Presentation State Storage SOP Classes, was also checked and states nothing about the relationship between the two corners. A reader who holds that the attribute names top left and bottom right are themselves normative would move this class to NET, which changes the PRE-05 outcome, so the counterfactual triple and both rates are reported in results/phase2/net_rates_gsps.md."
dciodvfy,23c62b413dbd,"Error - DisplayedAreaSelectionSequence is internally inconsistent - DisplayedAreaTopLeftHandCorner = (347,187) is not above and to the left of DisplayedAreaBottomRightHandCorner = (347,420)",Error,1,PLAUSIBILITY,PS3.3 C.10.4 Displayed Area Module,PS3.3 Table C.10-4 Displayed Area Module Attributes,"PS3.3 Table C.10-4, Displayed Area Top Left Hand Corner (0070,0052), Type 1: ""The top left (after spatial transformation) pixel in the referenced image to be displayed, given as column\row. Column is the horizontal (before spatial transformation) offset (X) and row is the vertical (before spatial transformation) offset (Y) relative to the origin of the pixel data before spatial transformation, which is 1\1. See Figure C.10.4-1."" Note in PS3.3 C.10.4: ""The TLHC and BRHC may be outside the boundaries of the image pixel data (e.g., the TLHC may be 0 or negative, or the BRHC may be greater than Rows or Columns), allowing minification or placement of the image pixel data within a larger Specified Displayed Area.""","CONTESTED, and the counterfactual is reported alongside the verdict. Section C.10.4 and Table C.10-4 were read in full. Neither states any ordering relation between (0070,0052) and (0070,0053), neither uses shall for such a relation, and neither forbids a region one column or one row wide. Both attributes are Type 1 and both are present with values valid for VR SL and VM 2 as PS3.5 7.4.1 defines validity. In every observed message one axis is equal rather than inverted, for example TopLeft = (344,0) against BottomRight = (344,512), so dciodvfy is applying a strict inequality on both axes that the standard does not state. The section's only statement about corner values loosens the constraint rather than tightening it, permitting zero and negative coordinates. NET is refused because the rubric requires a section and table giving the Type or condition violated and no such text exists. FLOOR is refused because nothing cited positively permits a degenerate region either. PLAUSIBILITY is recorded: a cross-attribute consistency heuristic with no located conformance requirement behind it. PS3.4 Annex N, the Softcopy Presentation State Storage SOP Classes, was also checked and states nothing about the relationship between the two corners. A reader who holds that the attribute names top left and bottom right are themselves normative would move this class to NET, which changes the PRE-05 outcome, so the counterfactual triple and both rates are reported in results/phase2/net_rates_gsps.md."
dciodvfy,78a21ffd3b6e,"Error - DisplayedAreaSelectionSequence is internally inconsistent - DisplayedAreaTopLeftHandCorner = (347,202) is not above and to the left of DisplayedAreaBottomRightHandCorner = (347,398)",Error,1,PLAUSIBILITY,PS3.3 C.10.4 Displayed Area Module,PS3.3 Table C.10-4 Displayed Area Module Attributes,"PS3.3 Table C.10-4, Displayed Area Top Left Hand Corner (0070,0052), Type 1: ""The top left (after spatial transformation) pixel in the referenced image to be displayed, given as column\row. Column is the horizontal (before spatial transformation) offset (X) and row is the vertical (before spatial transformation) offset (Y) relative to the origin of the pixel data before spatial transformation, which is 1\1. See Figure C.10.4-1."" Note in PS3.3 C.10.4: ""The TLHC and BRHC may be outside the boundaries of the image pixel data (e.g., the TLHC may be 0 or negative, or the BRHC may be greater than Rows or Columns), allowing minification or placement of the image pixel data within a larger Specified Displayed Area.""","CONTESTED, and the counterfactual is reported alongside the verdict. Section C.10.4 and Table C.10-4 were read in full. Neither states any ordering relation between (0070,0052) and (0070,0053), neither uses shall for such a relation, and neither forbids a region one column or one row wide. Both attributes are Type 1 and both are present with values valid for VR SL and VM 2 as PS3.5 7.4.1 defines validity. In every observed message one axis is equal rather than inverted, for example TopLeft = (344,0) against BottomRight = (344,512), so dciodvfy is applying a strict inequality on both axes that the standard does not state. The section's only statement about corner values loosens the constraint rather than tightening it, permitting zero and negative coordinates. NET is refused because the rubric requires a section and table giving the Type or condition violated and no such text exists. FLOOR is refused because nothing cited positively permits a degenerate region either. PLAUSIBILITY is recorded: a cross-attribute consistency heuristic with no located conformance requirement behind it. PS3.4 Annex N, the Softcopy Presentation State Storage SOP Classes, was also checked and states nothing about the relationship between the two corners. A reader who holds that the attribute names top left and bottom right are themselves normative would move this class to NET, which changes the PRE-05 outcome, so the counterfactual triple and both rates are reported in results/phase2/net_rates_gsps.md."
dciodvfy,9bdb2a814170,"Error - DisplayedAreaSelectionSequence is internally inconsistent - DisplayedAreaTopLeftHandCorner = (347,212) is not above and to the left of DisplayedAreaBottomRightHandCorner = (347,392)",Error,1,PLAUSIBILITY,PS3.3 C.10.4 Displayed Area Module,PS3.3 Table C.10-4 Displayed Area Module Attributes,"PS3.3 Table C.10-4, Displayed Area Top Left Hand Corner (0070,0052), Type 1: ""The top left (after spatial transformation) pixel in the referenced image to be displayed, given as column\row. Column is the horizontal (before spatial transformation) offset (X) and row is the vertical (before spatial transformation) offset (Y) relative to the origin of the pixel data before spatial transformation, which is 1\1. See Figure C.10.4-1."" Note in PS3.3 C.10.4: ""The TLHC and BRHC may be outside the boundaries of the image pixel data (e.g., the TLHC may be 0 or negative, or the BRHC may be greater than Rows or Columns), allowing minification or placement of the image pixel data within a larger Specified Displayed Area.""","CONTESTED, and the counterfactual is reported alongside the verdict. Section C.10.4 and Table C.10-4 were read in full. Neither states any ordering relation between (0070,0052) and (0070,0053), neither uses shall for such a relation, and neither forbids a region one column or one row wide. Both attributes are Type 1 and both are present with values valid for VR SL and VM 2 as PS3.5 7.4.1 defines validity. In every observed message one axis is equal rather than inverted, for example TopLeft = (344,0) against BottomRight = (344,512), so dciodvfy is applying a strict inequality on both axes that the standard does not state. The section's only statement about corner values loosens the constraint rather than tightening it, permitting zero and negative coordinates. NET is refused because the rubric requires a section and table giving the Type or condition violated and no such text exists. FLOOR is refused because nothing cited positively permits a degenerate region either. PLAUSIBILITY is recorded: a cross-attribute consistency heuristic with no located conformance requirement behind it. PS3.4 Annex N, the Softcopy Presentation State Storage SOP Classes, was also checked and states nothing about the relationship between the two corners. A reader who holds that the attribute names top left and bottom right are themselves normative would move this class to NET, which changes the PRE-05 outcome, so the counterfactual triple and both rates are reported in results/phase2/net_rates_gsps.md."
dciodvfy,703b73a7e2f8,"Error - DisplayedAreaSelectionSequence is internally inconsistent - DisplayedAreaTopLeftHandCorner = (348,0) is not above and to the left of DisplayedAreaBottomRightHandCorner = (348,512)",Error,1,PLAUSIBILITY,PS3.3 C.10.4 Displayed Area Module,PS3.3 Table C.10-4 Displayed Area Module Attributes,"PS3.3 Table C.10-4, Displayed Area Top Left Hand Corner (0070,0052), Type 1: ""The top left (after spatial transformation) pixel in the referenced image to be displayed, given as column\row. Column is the horizontal (before spatial transformation) offset (X) and row is the vertical (before spatial transformation) offset (Y) relative to the origin of the pixel data before spatial transformation, which is 1\1. See Figure C.10.4-1."" Note in PS3.3 C.10.4: ""The TLHC and BRHC may be outside the boundaries of the image pixel data (e.g., the TLHC may be 0 or negative, or the BRHC may be greater than Rows or Columns), allowing minification or placement of the image pixel data within a larger Specified Displayed Area.""","CONTESTED, and the counterfactual is reported alongside the verdict. Section C.10.4 and Table C.10-4 were read in full. Neither states any ordering relation between (0070,0052) and (0070,0053), neither uses shall for such a relation, and neither forbids a region one column or one row wide. Both attributes are Type 1 and both are present with values valid for VR SL and VM 2 as PS3.5 7.4.1 defines validity. In every observed message one axis is equal rather than inverted, for example TopLeft = (344,0) against BottomRight = (344,512), so dciodvfy is applying a strict inequality on both axes that the standard does not state. The section's only statement about corner values loosens the constraint rather than tightening it, permitting zero and negative coordinates. NET is refused because the rubric requires a section and table giving the Type or condition violated and no such text exists. FLOOR is refused because nothing cited positively permits a degenerate region either. PLAUSIBILITY is recorded: a cross-attribute consistency heuristic with no located conformance requirement behind it. PS3.4 Annex N, the Softcopy Presentation State Storage SOP Classes, was also checked and states nothing about the relationship between the two corners. A reader who holds that the attribute names top left and bottom right are themselves normative would move this class to NET, which changes the PRE-05 outcome, so the counterfactual triple and both rates are reported in results/phase2/net_rates_gsps.md."
dciodvfy,a95cdc22db5d,"Error - DisplayedAreaSelectionSequence is internally inconsistent - DisplayedAreaTopLeftHandCorner = (348,236) is not above and to the left of DisplayedAreaBottomRightHandCorner = (348,378)",Error,1,PLAUSIBILITY,PS3.3 C.10.4 Displayed Area Module,PS3.3 Table C.10-4 Displayed Area Module Attributes,"PS3.3 Table C.10-4, Displayed Area Top Left Hand Corner (0070,0052), Type 1: ""The top left (after spatial transformation) pixel in the referenced image to be displayed, given as column\row. Column is the horizontal (before spatial transformation) offset (X) and row is the vertical (before spatial transformation) offset (Y) relative to the origin of the pixel data before spatial transformation, which is 1\1. See Figure C.10.4-1."" Note in PS3.3 C.10.4: ""The TLHC and BRHC may be outside the boundaries of the image pixel data (e.g., the TLHC may be 0 or negative, or the BRHC may be greater than Rows or Columns), allowing minification or placement of the image pixel data within a larger Specified Displayed Area.""","CONTESTED, and the counterfactual is reported alongside the verdict. Section C.10.4 and Table C.10-4 were read in full. Neither states any ordering relation between (0070,0052) and (0070,0053), neither uses shall for such a relation, and neither forbids a region one column or one row wide. Both attributes are Type 1 and both are present with values valid for VR SL and VM 2 as PS3.5 7.4.1 defines validity. In every observed message one axis is equal rather than inverted, for example TopLeft = (344,0) against BottomRight = (344,512), so dciodvfy is applying a strict inequality on both axes that the standard does not state. The section's only statement about corner values loosens the constraint rather than tightening it, permitting zero and negative coordinates. NET is refused because the rubric requires a section and table giving the Type or condition violated and no such text exists. FLOOR is refused because nothing cited positively permits a degenerate region either. PLAUSIBILITY is recorded: a cross-attribute consistency heuristic with no located conformance requirement behind it. PS3.4 Annex N, the Softcopy Presentation State Storage SOP Classes, was also checked and states nothing about the relationship between the two corners. A reader who holds that the attribute names top left and bottom right are themselves normative would move this class to NET, which changes the PRE-05 outcome, so the counterfactual triple and both rates are reported in results/phase2/net_rates_gsps.md."
dciodvfy,79310b89ff34,"Error - DisplayedAreaSelectionSequence is internally inconsistent - DisplayedAreaTopLeftHandCorner = (348,278) is not above and to the left of DisplayedAreaBottomRightHandCorner = (348,375)",Error,1,PLAUSIBILITY,PS3.3 C.10.4 Displayed Area Module,PS3.3 Table C.10-4 Displayed Area Module Attributes,"PS3.3 Table C.10-4, Displayed Area Top Left Hand Corner (0070,0052), Type 1: ""The top left (after spatial transformation) pixel in the referenced image to be displayed, given as column\row. Column is the horizontal (before spatial transformation) offset (X) and row is the vertical (before spatial transformation) offset (Y) relative to the origin of the pixel data before spatial transformation, which is 1\1. See Figure C.10.4-1."" Note in PS3.3 C.10.4: ""The TLHC and BRHC may be outside the boundaries of the image pixel data (e.g., the TLHC may be 0 or negative, or the BRHC may be greater than Rows or Columns), allowing minification or placement of the image pixel data within a larger Specified Displayed Area.""","CONTESTED, and the counterfactual is reported alongside the verdict. Section C.10.4 and Table C.10-4 were read in full. Neither states any ordering relation between (0070,0052) and (0070,0053), neither uses shall for such a relation, and neither forbids a region one column or one row wide. Both attributes are Type 1 and both are present with values valid for VR SL and VM 2 as PS3.5 7.4.1 defines validity. In every observed message one axis is equal rather than inverted, for example TopLeft = (344,0) against BottomRight = (344,512), so dciodvfy is applying a strict inequality on both axes that the standard does not state. The section's only statement about corner values loosens the constraint rather than tightening it, permitting zero and negative coordinates. NET is refused because the rubric requires a section and table giving the Type or condition violated and no such text exists. FLOOR is refused because nothing cited positively permits a degenerate region either. PLAUSIBILITY is recorded: a cross-attribute consistency heuristic with no located conformance requirement behind it. PS3.4 Annex N, the Softcopy Presentation State Storage SOP Classes, was also checked and states nothing about the relationship between the two corners. A reader who holds that the attribute names top left and bottom right are themselves normative would move this class to NET, which changes the PRE-05 outcome, so the counterfactual triple and both rates are reported in results/phase2/net_rates_gsps.md."
dciodvfy,6f57df5a53ac,"Error - DisplayedAreaSelectionSequence is internally inconsistent - DisplayedAreaTopLeftHandCorner = (349,-8) is not above and to the left of DisplayedAreaBottomRightHandCorner = (349,504)",Error,1,PLAUSIBILITY,PS3.3 C.10.4 Displayed Area Module,PS3.3 Table C.10-4 Displayed Area Module Attributes,"PS3.3 Table C.10-4, Displayed Area Top Left Hand Corner (0070,0052), Type 1: ""The top left (after spatial transformation) pixel in the referenced image to be displayed, given as column\row. Column is the horizontal (before spatial transformation) offset (X) and row is the vertical (before spatial transformation) offset (Y) relative to the origin of the pixel data before spatial transformation, which is 1\1. See Figure C.10.4-1."" Note in PS3.3 C.10.4: ""The TLHC and BRHC may be outside the boundaries of the image pixel data (e.g., the TLHC may be 0 or negative, or the BRHC may be greater than Rows or Columns), allowing minification or placement of the image pixel data within a larger Specified Displayed Area.""","CONTESTED, and the counterfactual is reported alongside the verdict. Section C.10.4 and Table C.10-4 were read in full. Neither states any ordering relation between (0070,0052) and (0070,0053), neither uses shall for such a relation, and neither forbids a region one column or one row wide. Both attributes are Type 1 and both are present with values valid for VR SL and VM 2 as PS3.5 7.4.1 defines validity. In every observed message one axis is equal rather than inverted, for example TopLeft = (344,0) against BottomRight = (344,512), so dciodvfy is applying a strict inequality on both axes that the standard does not state. The section's only statement about corner values loosens the constraint rather than tightening it, permitting zero and negative coordinates. NET is refused because the rubric requires a section and table giving the Type or condition violated and no such text exists. FLOOR is refused because nothing cited positively permits a degenerate region either. PLAUSIBILITY is recorded: a cross-attribute consistency heuristic with no located conformance requirement behind it. PS3.4 Annex N, the Softcopy Presentation State Storage SOP Classes, was also checked and states nothing about the relationship between the two corners. A reader who holds that the attribute names top left and bottom right are themselves normative would move this class to NET, which changes the PRE-05 outcome, so the counterfactual triple and both rates are reported in results/phase2/net_rates_gsps.md."
dciodvfy,0ce4701ab960,"Error - DisplayedAreaSelectionSequence is internally inconsistent - DisplayedAreaTopLeftHandCorner = (349,0) is not above and to the left of DisplayedAreaBottomRightHandCorner = (349,512)",Error,1,PLAUSIBILITY,PS3.3 C.10.4 Displayed Area Module,PS3.3 Table C.10-4 Displayed Area Module Attributes,"PS3.3 Table C.10-4, Displayed Area Top Left Hand Corner (0070,0052), Type 1: ""The top left (after spatial transformation) pixel in the referenced image to be displayed, given as column\row. Column is the horizontal (before spatial transformation) offset (X) and row is the vertical (before spatial transformation) offset (Y) relative to the origin of the pixel data before spatial transformation, which is 1\1. See Figure C.10.4-1."" Note in PS3.3 C.10.4: ""The TLHC and BRHC may be outside the boundaries of the image pixel data (e.g., the TLHC may be 0 or negative, or the BRHC may be greater than Rows or Columns), allowing minification or placement of the image pixel data within a larger Specified Displayed Area.""","CONTESTED, and the counterfactual is reported alongside the verdict. Section C.10.4 and Table C.10-4 were read in full. Neither states any ordering relation between (0070,0052) and (0070,0053), neither uses shall for such a relation, and neither forbids a region one column or one row wide. Both attributes are Type 1 and both are present with values valid for VR SL and VM 2 as PS3.5 7.4.1 defines validity. In every observed message one axis is equal rather than inverted, for example TopLeft = (344,0) against BottomRight = (344,512), so dciodvfy is applying a strict inequality on both axes that the standard does not state. The section's only statement about corner values loosens the constraint rather than tightening it, permitting zero and negative coordinates. NET is refused because the rubric requires a section and table giving the Type or condition violated and no such text exists. FLOOR is refused because nothing cited positively permits a degenerate region either. PLAUSIBILITY is recorded: a cross-attribute consistency heuristic with no located conformance requirement behind it. PS3.4 Annex N, the Softcopy Presentation State Storage SOP Classes, was also checked and states nothing about the relationship between the two corners. A reader who holds that the attribute names top left and bottom right are themselves normative would move this class to NET, which changes the PRE-05 outcome, so the counterfactual triple and both rates are reported in results/phase2/net_rates_gsps.md."
dciodvfy,6da7729dbc14,"Error - DisplayedAreaSelectionSequence is internally inconsistent - DisplayedAreaTopLeftHandCorner = (349,224) is not above and to the left of DisplayedAreaBottomRightHandCorner = (349,389)",Error,1,PLAUSIBILITY,PS3.3 C.10.4 Displayed Area Module,PS3.3 Table C.10-4 Displayed Area Module Attributes,"PS3.3 Table C.10-4, Displayed Area Top Left Hand Corner (0070,0052), Type 1: ""The top left (after spatial transformation) pixel in the referenced image to be displayed, given as column\row. Column is the horizontal (before spatial transformation) offset (X) and row is the vertical (before spatial transformation) offset (Y) relative to the origin of the pixel data before spatial transformation, which is 1\1. See Figure C.10.4-1."" Note in PS3.3 C.10.4: ""The TLHC and BRHC may be outside the boundaries of the image pixel data (e.g., the TLHC may be 0 or negative, or the BRHC may be greater than Rows or Columns), allowing minification or placement of the image pixel data within a larger Specified Displayed Area.""","CONTESTED, and the counterfactual is reported alongside the verdict. Section C.10.4 and Table C.10-4 were read in full. Neither states any ordering relation between (0070,0052) and (0070,0053), neither uses shall for such a relation, and neither forbids a region one column or one row wide. Both attributes are Type 1 and both are present with values valid for VR SL and VM 2 as PS3.5 7.4.1 defines validity. In every observed message one axis is equal rather than inverted, for example TopLeft = (344,0) against BottomRight = (344,512), so dciodvfy is applying a strict inequality on both axes that the standard does not state. The section's only statement about corner values loosens the constraint rather than tightening it, permitting zero and negative coordinates. NET is refused because the rubric requires a section and table giving the Type or condition violated and no such text exists. FLOOR is refused because nothing cited positively permits a degenerate region either. PLAUSIBILITY is recorded: a cross-attribute consistency heuristic with no located conformance requirement behind it. PS3.4 Annex N, the Softcopy Presentation State Storage SOP Classes, was also checked and states nothing about the relationship between the two corners. A reader who holds that the attribute names top left and bottom right are themselves normative would move this class to NET, which changes the PRE-05 outcome, so the counterfactual triple and both rates are reported in results/phase2/net_rates_gsps.md."
dciodvfy,e2c4ece48fc4,"Error - DisplayedAreaSelectionSequence is internally inconsistent - DisplayedAreaTopLeftHandCorner = (349,279) is not above and to the left of DisplayedAreaBottomRightHandCorner = (349,376)",Error,1,PLAUSIBILITY,PS3.3 C.10.4 Displayed Area Module,PS3.3 Table C.10-4 Displayed Area Module Attributes,"PS3.3 Table C.10-4, Displayed Area Top Left Hand Corner (0070,0052), Type 1: ""The top left (after spatial transformation) pixel in the referenced image to be displayed, given as column\row. Column is the horizontal (before spatial transformation) offset (X) and row is the vertical (before spatial transformation) offset (Y) relative to the origin of the pixel data before spatial transformation, which is 1\1. See Figure C.10.4-1."" Note in PS3.3 C.10.4: ""The TLHC and BRHC may be outside the boundaries of the image pixel data (e.g., the TLHC may be 0 or negative, or the BRHC may be greater than Rows or Columns), allowing minification or placement of the image pixel data within a larger Specified Displayed Area.""","CONTESTED, and the counterfactual is reported alongside the verdict. Section C.10.4 and Table C.10-4 were read in full. Neither states any ordering relation between (0070,0052) and (0070,0053), neither uses shall for such a relation, and neither forbids a region one column or one row wide. Both attributes are Type 1 and both are present with values valid for VR SL and VM 2 as PS3.5 7.4.1 defines validity. In every observed message one axis is equal rather than inverted, for example TopLeft = (344,0) against BottomRight = (344,512), so dciodvfy is applying a strict inequality on both axes that the standard does not state. The section's only statement about corner values loosens the constraint rather than tightening it, permitting zero and negative coordinates. NET is refused because the rubric requires a section and table giving the Type or condition violated and no such text exists. FLOOR is refused because nothing cited positively permits a degenerate region either. PLAUSIBILITY is recorded: a cross-attribute consistency heuristic with no located conformance requirement behind it. PS3.4 Annex N, the Softcopy Presentation State Storage SOP Classes, was also checked and states nothing about the relationship between the two corners. A reader who holds that the attribute names top left and bottom right are themselves normative would move this class to NET, which changes the PRE-05 outcome, so the counterfactual triple and both rates are reported in results/phase2/net_rates_gsps.md."
dciodvfy,b3ac0588056e,"Error - DisplayedAreaSelectionSequence is internally inconsistent - DisplayedAreaTopLeftHandCorner = (350,276) is not above and to the left of DisplayedAreaBottomRightHandCorner = (350,375)",Error,1,PLAUSIBILITY,PS3.3 C.10.4 Displayed Area Module,PS3.3 Table C.10-4 Displayed Area Module Attributes,"PS3.3 Table C.10-4, Displayed Area Top Left Hand Corner (0070,0052), Type 1: ""The top left (after spatial transformation) pixel in the referenced image to be displayed, given as column\row. Column is the horizontal (before spatial transformation) offset (X) and row is the vertical (before spatial transformation) offset (Y) relative to the origin of the pixel data before spatial transformation, which is 1\1. See Figure C.10.4-1."" Note in PS3.3 C.10.4: ""The TLHC and BRHC may be outside the boundaries of the image pixel data (e.g., the TLHC may be 0 or negative, or the BRHC may be greater than Rows or Columns), allowing minification or placement of the image pixel data within a larger Specified Displayed Area.""","CONTESTED, and the counterfactual is reported alongside the verdict. Section C.10.4 and Table C.10-4 were read in full. Neither states any ordering relation between (0070,0052) and (0070,0053), neither uses shall for such a relation, and neither forbids a region one column or one row wide. Both attributes are Type 1 and both are present with values valid for VR SL and VM 2 as PS3.5 7.4.1 defines validity. In every observed message one axis is equal rather than inverted, for example TopLeft = (344,0) against BottomRight = (344,512), so dciodvfy is applying a strict inequality on both axes that the standard does not state. The section's only statement about corner values loosens the constraint rather than tightening it, permitting zero and negative coordinates. NET is refused because the rubric requires a section and table giving the Type or condition violated and no such text exists. FLOOR is refused because nothing cited positively permits a degenerate region either. PLAUSIBILITY is recorded: a cross-attribute consistency heuristic with no located conformance requirement behind it. PS3.4 Annex N, the Softcopy Presentation State Storage SOP Classes, was also checked and states nothing about the relationship between the two corners. A reader who holds that the attribute names top left and bottom right are themselves normative would move this class to NET, which changes the PRE-05 outcome, so the counterfactual triple and both rates are reported in results/phase2/net_rates_gsps.md."
dciodvfy,d9a7375460e3,"Error - DisplayedAreaSelectionSequence is internally inconsistent - DisplayedAreaTopLeftHandCorner = (351,-10) is not above and to the left of DisplayedAreaBottomRightHandCorner = (351,523)",Error,1,PLAUSIBILITY,PS3.3 C.10.4 Displayed Area Module,PS3.3 Table C.10-4 Displayed Area Module Attributes,"PS3.3 Table C.10-4, Displayed Area Top Left Hand Corner (0070,0052), Type 1: ""The top left (after spatial transformation) pixel in the referenced image to be displayed, given as column\row. Column is the horizontal (before spatial transformation) offset (X) and row is the vertical (before spatial transformation) offset (Y) relative to the origin of the pixel data before spatial transformation, which is 1\1. See Figure C.10.4-1."" Note in PS3.3 C.10.4: ""The TLHC and BRHC may be outside the boundaries of the image pixel data (e.g., the TLHC may be 0 or negative, or the BRHC may be greater than Rows or Columns), allowing minification or placement of the image pixel data within a larger Specified Displayed Area.""","CONTESTED, and the counterfactual is reported alongside the verdict. Section C.10.4 and Table C.10-4 were read in full. Neither states any ordering relation between (0070,0052) and (0070,0053), neither uses shall for such a relation, and neither forbids a region one column or one row wide. Both attributes are Type 1 and both are present with values valid for VR SL and VM 2 as PS3.5 7.4.1 defines validity. In every observed message one axis is equal rather than inverted, for example TopLeft = (344,0) against BottomRight = (344,512), so dciodvfy is applying a strict inequality on both axes that the standard does not state. The section's only statement about corner values loosens the constraint rather than tightening it, permitting zero and negative coordinates. NET is refused because the rubric requires a section and table giving the Type or condition violated and no such text exists. FLOOR is refused because nothing cited positively permits a degenerate region either. PLAUSIBILITY is recorded: a cross-attribute consistency heuristic with no located conformance requirement behind it. PS3.4 Annex N, the Softcopy Presentation State Storage SOP Classes, was also checked and states nothing about the relationship between the two corners. A reader who holds that the attribute names top left and bottom right are themselves normative would move this class to NET, which changes the PRE-05 outcome, so the counterfactual triple and both rates are reported in results/phase2/net_rates_gsps.md."
dciodvfy,0ba9a370bc9f,"Error - DisplayedAreaSelectionSequence is internally inconsistent - DisplayedAreaTopLeftHandCorner = (352,271) is not above and to the left of DisplayedAreaBottomRightHandCorner = (352,330)",Error,1,PLAUSIBILITY,PS3.3 C.10.4 Displayed Area Module,PS3.3 Table C.10-4 Displayed Area Module Attributes,"PS3.3 Table C.10-4, Displayed Area Top Left Hand Corner (0070,0052), Type 1: ""The top left (after spatial transformation) pixel in the referenced image to be displayed, given as column\row. Column is the horizontal (before spatial transformation) offset (X) and row is the vertical (before spatial transformation) offset (Y) relative to the origin of the pixel data before spatial transformation, which is 1\1. See Figure C.10.4-1."" Note in PS3.3 C.10.4: ""The TLHC and BRHC may be outside the boundaries of the image pixel data (e.g., the TLHC may be 0 or negative, or the BRHC may be greater than Rows or Columns), allowing minification or placement of the image pixel data within a larger Specified Displayed Area.""","CONTESTED, and the counterfactual is reported alongside the verdict. Section C.10.4 and Table C.10-4 were read in full. Neither states any ordering relation between (0070,0052) and (0070,0053), neither uses shall for such a relation, and neither forbids a region one column or one row wide. Both attributes are Type 1 and both are present with values valid for VR SL and VM 2 as PS3.5 7.4.1 defines validity. In every observed message one axis is equal rather than inverted, for example TopLeft = (344,0) against BottomRight = (344,512), so dciodvfy is applying a strict inequality on both axes that the standard does not state. The section's only statement about corner values loosens the constraint rather than tightening it, permitting zero and negative coordinates. NET is refused because the rubric requires a section and table giving the Type or condition violated and no such text exists. FLOOR is refused because nothing cited positively permits a degenerate region either. PLAUSIBILITY is recorded: a cross-attribute consistency heuristic with no located conformance requirement behind it. PS3.4 Annex N, the Softcopy Presentation State Storage SOP Classes, was also checked and states nothing about the relationship between the two corners. A reader who holds that the attribute names top left and bottom right are themselves normative would move this class to NET, which changes the PRE-05 outcome, so the counterfactual triple and both rates are reported in results/phase2/net_rates_gsps.md."
dciodvfy,e022b0f7d422,"Error - DisplayedAreaSelectionSequence is internally inconsistent - DisplayedAreaTopLeftHandCorner = (352,277) is not above and to the left of DisplayedAreaBottomRightHandCorner = (352,394)",Error,1,PLAUSIBILITY,PS3.3 C.10.4 Displayed Area Module,PS3.3 Table C.10-4 Displayed Area Module Attributes,"PS3.3 Table C.10-4, Displayed Area Top Left Hand Corner (0070,0052), Type 1: ""The top left (after spatial transformation) pixel in the referenced image to be displayed, given as column\row. Column is the horizontal (before spatial transformation) offset (X) and row is the vertical (before spatial transformation) offset (Y) relative to the origin of the pixel data before spatial transformation, which is 1\1. See Figure C.10.4-1."" Note in PS3.3 C.10.4: ""The TLHC and BRHC may be outside the boundaries of the image pixel data (e.g., the TLHC may be 0 or negative, or the BRHC may be greater than Rows or Columns), allowing minification or placement of the image pixel data within a larger Specified Displayed Area.""","CONTESTED, and the counterfactual is reported alongside the verdict. Section C.10.4 and Table C.10-4 were read in full. Neither states any ordering relation between (0070,0052) and (0070,0053), neither uses shall for such a relation, and neither forbids a region one column or one row wide. Both attributes are Type 1 and both are present with values valid for VR SL and VM 2 as PS3.5 7.4.1 defines validity. In every observed message one axis is equal rather than inverted, for example TopLeft = (344,0) against BottomRight = (344,512), so dciodvfy is applying a strict inequality on both axes that the standard does not state. The section's only statement about corner values loosens the constraint rather than tightening it, permitting zero and negative coordinates. NET is refused because the rubric requires a section and table giving the Type or condition violated and no such text exists. FLOOR is refused because nothing cited positively permits a degenerate region either. PLAUSIBILITY is recorded: a cross-attribute consistency heuristic with no located conformance requirement behind it. PS3.4 Annex N, the Softcopy Presentation State Storage SOP Classes, was also checked and states nothing about the relationship between the two corners. A reader who holds that the attribute names top left and bottom right are themselves normative would move this class to NET, which changes the PRE-05 outcome, so the counterfactual triple and both rates are reported in results/phase2/net_rates_gsps.md."
dciodvfy,fef15603f613,"Error - DisplayedAreaSelectionSequence is internally inconsistent - DisplayedAreaTopLeftHandCorner = (353,234) is not above and to the left of DisplayedAreaBottomRightHandCorner = (353,358)",Error,1,PLAUSIBILITY,PS3.3 C.10.4 Displayed Area Module,PS3.3 Table C.10-4 Displayed Area Module Attributes,"PS3.3 Table C.10-4, Displayed Area Top Left Hand Corner (0070,0052), Type 1: ""The top left (after spatial transformation) pixel in the referenced image to be displayed, given as column\row. Column is the horizontal (before spatial transformation) offset (X) and row is the vertical (before spatial transformation) offset (Y) relative to the origin of the pixel data before spatial transformation, which is 1\1. See Figure C.10.4-1."" Note in PS3.3 C.10.4: ""The TLHC and BRHC may be outside the boundaries of the image pixel data (e.g., the TLHC may be 0 or negative, or the BRHC may be greater than Rows or Columns), allowing minification or placement of the image pixel data within a larger Specified Displayed Area.""","CONTESTED, and the counterfactual is reported alongside the verdict. Section C.10.4 and Table C.10-4 were read in full. Neither states any ordering relation between (0070,0052) and (0070,0053), neither uses shall for such a relation, and neither forbids a region one column or one row wide. Both attributes are Type 1 and both are present with values valid for VR SL and VM 2 as PS3.5 7.4.1 defines validity. In every observed message one axis is equal rather than inverted, for example TopLeft = (344,0) against BottomRight = (344,512), so dciodvfy is applying a strict inequality on both axes that the standard does not state. The section's only statement about corner values loosens the constraint rather than tightening it, permitting zero and negative coordinates. NET is refused because the rubric requires a section and table giving the Type or condition violated and no such text exists. FLOOR is refused because nothing cited positively permits a degenerate region either. PLAUSIBILITY is recorded: a cross-attribute consistency heuristic with no located conformance requirement behind it. PS3.4 Annex N, the Softcopy Presentation State Storage SOP Classes, was also checked and states nothing about the relationship between the two corners. A reader who holds that the attribute names top left and bottom right are themselves normative would move this class to NET, which changes the PRE-05 outcome, so the counterfactual triple and both rates are reported in results/phase2/net_rates_gsps.md."
dciodvfy,2390093f6816,"Error - DisplayedAreaSelectionSequence is internally inconsistent - DisplayedAreaTopLeftHandCorner = (354,1) is not above and to the left of DisplayedAreaBottomRightHandCorner = (354,512)",Error,1,PLAUSIBILITY,PS3.3 C.10.4 Displayed Area Module,PS3.3 Table C.10-4 Displayed Area Module Attributes,"PS3.3 Table C.10-4, Displayed Area Top Left Hand Corner (0070,0052), Type 1: ""The top left (after spatial transformation) pixel in the referenced image to be displayed, given as column\row. Column is the horizontal (before spatial transformation) offset (X) and row is the vertical (before spatial transformation) offset (Y) relative to the origin of the pixel data before spatial transformation, which is 1\1. See Figure C.10.4-1."" Note in PS3.3 C.10.4: ""The TLHC and BRHC may be outside the boundaries of the image pixel data (e.g., the TLHC may be 0 or negative, or the BRHC may be greater than Rows or Columns), allowing minification or placement of the image pixel data within a larger Specified Displayed Area.""","CONTESTED, and the counterfactual is reported alongside the verdict. Section C.10.4 and Table C.10-4 were read in full. Neither states any ordering relation between (0070,0052) and (0070,0053), neither uses shall for such a relation, and neither forbids a region one column or one row wide. Both attributes are Type 1 and both are present with values valid for VR SL and VM 2 as PS3.5 7.4.1 defines validity. In every observed message one axis is equal rather than inverted, for example TopLeft = (344,0) against BottomRight = (344,512), so dciodvfy is applying a strict inequality on both axes that the standard does not state. The section's only statement about corner values loosens the constraint rather than tightening it, permitting zero and negative coordinates. NET is refused because the rubric requires a section and table giving the Type or condition violated and no such text exists. FLOOR is refused because nothing cited positively permits a degenerate region either. PLAUSIBILITY is recorded: a cross-attribute consistency heuristic with no located conformance requirement behind it. PS3.4 Annex N, the Softcopy Presentation State Storage SOP Classes, was also checked and states nothing about the relationship between the two corners. A reader who holds that the attribute names top left and bottom right are themselves normative would move this class to NET, which changes the PRE-05 outcome, so the counterfactual triple and both rates are reported in results/phase2/net_rates_gsps.md."
dciodvfy,809657fb09b5,"Error - DisplayedAreaSelectionSequence is internally inconsistent - DisplayedAreaTopLeftHandCorner = (354,254) is not above and to the left of DisplayedAreaBottomRightHandCorner = (354,312)",Error,1,PLAUSIBILITY,PS3.3 C.10.4 Displayed Area Module,PS3.3 Table C.10-4 Displayed Area Module Attributes,"PS3.3 Table C.10-4, Displayed Area Top Left Hand Corner (0070,0052), Type 1: ""The top left (after spatial transformation) pixel in the referenced image to be displayed, given as column\row. Column is the horizontal (before spatial transformation) offset (X) and row is the vertical (before spatial transformation) offset (Y) relative to the origin of the pixel data before spatial transformation, which is 1\1. See Figure C.10.4-1."" Note in PS3.3 C.10.4: ""The TLHC and BRHC may be outside the boundaries of the image pixel data (e.g., the TLHC may be 0 or negative, or the BRHC may be greater than Rows or Columns), allowing minification or placement of the image pixel data within a larger Specified Displayed Area.""","CONTESTED, and the counterfactual is reported alongside the verdict. Section C.10.4 and Table C.10-4 were read in full. Neither states any ordering relation between (0070,0052) and (0070,0053), neither uses shall for such a relation, and neither forbids a region one column or one row wide. Both attributes are Type 1 and both are present with values valid for VR SL and VM 2 as PS3.5 7.4.1 defines validity. In every observed message one axis is equal rather than inverted, for example TopLeft = (344,0) against BottomRight = (344,512), so dciodvfy is applying a strict inequality on both axes that the standard does not state. The section's only statement about corner values loosens the constraint rather than tightening it, permitting zero and negative coordinates. NET is refused because the rubric requires a section and table giving the Type or condition violated and no such text exists. FLOOR is refused because nothing cited positively permits a degenerate region either. PLAUSIBILITY is recorded: a cross-attribute consistency heuristic with no located conformance requirement behind it. PS3.4 Annex N, the Softcopy Presentation State Storage SOP Classes, was also checked and states nothing about the relationship between the two corners. A reader who holds that the attribute names top left and bottom right are themselves normative would move this class to NET, which changes the PRE-05 outcome, so the counterfactual triple and both rates are reported in results/phase2/net_rates_gsps.md."
dciodvfy,df1230c26cc5,"Error - DisplayedAreaSelectionSequence is internally inconsistent - DisplayedAreaTopLeftHandCorner = (354,271) is not above and to the left of DisplayedAreaBottomRightHandCorner = (354,330)",Error,1,PLAUSIBILITY,PS3.3 C.10.4 Displayed Area Module,PS3.3 Table C.10-4 Displayed Area Module Attributes,"PS3.3 Table C.10-4, Displayed Area Top Left Hand Corner (0070,0052), Type 1: ""The top left (after spatial transformation) pixel in the referenced image to be displayed, given as column\row. Column is the horizontal (before spatial transformation) offset (X) and row is the vertical (before spatial transformation) offset (Y) relative to the origin of the pixel data before spatial transformation, which is 1\1. See Figure C.10.4-1."" Note in PS3.3 C.10.4: ""The TLHC and BRHC may be outside the boundaries of the image pixel data (e.g., the TLHC may be 0 or negative, or the BRHC may be greater than Rows or Columns), allowing minification or placement of the image pixel data within a larger Specified Displayed Area.""","CONTESTED, and the counterfactual is reported alongside the verdict. Section C.10.4 and Table C.10-4 were read in full. Neither states any ordering relation between (0070,0052) and (0070,0053), neither uses shall for such a relation, and neither forbids a region one column or one row wide. Both attributes are Type 1 and both are present with values valid for VR SL and VM 2 as PS3.5 7.4.1 defines validity. In every observed message one axis is equal rather than inverted, for example TopLeft = (344,0) against BottomRight = (344,512), so dciodvfy is applying a strict inequality on both axes that the standard does not state. The section's only statement about corner values loosens the constraint rather than tightening it, permitting zero and negative coordinates. NET is refused because the rubric requires a section and table giving the Type or condition violated and no such text exists. FLOOR is refused because nothing cited positively permits a degenerate region either. PLAUSIBILITY is recorded: a cross-attribute consistency heuristic with no located conformance requirement behind it. PS3.4 Annex N, the Softcopy Presentation State Storage SOP Classes, was also checked and states nothing about the relationship between the two corners. A reader who holds that the attribute names top left and bottom right are themselves normative would move this class to NET, which changes the PRE-05 outcome, so the counterfactual triple and both rates are reported in results/phase2/net_rates_gsps.md."
dciodvfy,d5e67945f82b,"Error - DisplayedAreaSelectionSequence is internally inconsistent - DisplayedAreaTopLeftHandCorner = (354,316) is not above and to the left of DisplayedAreaBottomRightHandCorner = (354,411)",Error,1,PLAUSIBILITY,PS3.3 C.10.4 Displayed Area Module,PS3.3 Table C.10-4 Displayed Area Module Attributes,"PS3.3 Table C.10-4, Displayed Area Top Left Hand Corner (0070,0052), Type 1: ""The top left (after spatial transformation) pixel in the referenced image to be displayed, given as column\row. Column is the horizontal (before spatial transformation) offset (X) and row is the vertical (before spatial transformation) offset (Y) relative to the origin of the pixel data before spatial transformation, which is 1\1. See Figure C.10.4-1."" Note in PS3.3 C.10.4: ""The TLHC and BRHC may be outside the boundaries of the image pixel data (e.g., the TLHC may be 0 or negative, or the BRHC may be greater than Rows or Columns), allowing minification or placement of the image pixel data within a larger Specified Displayed Area.""","CONTESTED, and the counterfactual is reported alongside the verdict. Section C.10.4 and Table C.10-4 were read in full. Neither states any ordering relation between (0070,0052) and (0070,0053), neither uses shall for such a relation, and neither forbids a region one column or one row wide. Both attributes are Type 1 and both are present with values valid for VR SL and VM 2 as PS3.5 7.4.1 defines validity. In every observed message one axis is equal rather than inverted, for example TopLeft = (344,0) against BottomRight = (344,512), so dciodvfy is applying a strict inequality on both axes that the standard does not state. The section's only statement about corner values loosens the constraint rather than tightening it, permitting zero and negative coordinates. NET is refused because the rubric requires a section and table giving the Type or condition violated and no such text exists. FLOOR is refused because nothing cited positively permits a degenerate region either. PLAUSIBILITY is recorded: a cross-attribute consistency heuristic with no located conformance requirement behind it. PS3.4 Annex N, the Softcopy Presentation State Storage SOP Classes, was also checked and states nothing about the relationship between the two corners. A reader who holds that the attribute names top left and bottom right are themselves normative would move this class to NET, which changes the PRE-05 outcome, so the counterfactual triple and both rates are reported in results/phase2/net_rates_gsps.md."
dciodvfy,7d579a41d6fb,"Error - DisplayedAreaSelectionSequence is internally inconsistent - DisplayedAreaTopLeftHandCorner = (355,260) is not above and to the left of DisplayedAreaBottomRightHandCorner = (355,305)",Error,1,PLAUSIBILITY,PS3.3 C.10.4 Displayed Area Module,PS3.3 Table C.10-4 Displayed Area Module Attributes,"PS3.3 Table C.10-4, Displayed Area Top Left Hand Corner (0070,0052), Type 1: ""The top left (after spatial transformation) pixel in the referenced image to be displayed, given as column\row. Column is the horizontal (before spatial transformation) offset (X) and row is the vertical (before spatial transformation) offset (Y) relative to the origin of the pixel data before spatial transformation, which is 1\1. See Figure C.10.4-1."" Note in PS3.3 C.10.4: ""The TLHC and BRHC may be outside the boundaries of the image pixel data (e.g., the TLHC may be 0 or negative, or the BRHC may be greater than Rows or Columns), allowing minification or placement of the image pixel data within a larger Specified Displayed Area.""","CONTESTED, and the counterfactual is reported alongside the verdict. Section C.10.4 and Table C.10-4 were read in full. Neither states any ordering relation between (0070,0052) and (0070,0053), neither uses shall for such a relation, and neither forbids a region one column or one row wide. Both attributes are Type 1 and both are present with values valid for VR SL and VM 2 as PS3.5 7.4.1 defines validity. In every observed message one axis is equal rather than inverted, for example TopLeft = (344,0) against BottomRight = (344,512), so dciodvfy is applying a strict inequality on both axes that the standard does not state. The section's only statement about corner values loosens the constraint rather than tightening it, permitting zero and negative coordinates. NET is refused because the rubric requires a section and table giving the Type or condition violated and no such text exists. FLOOR is refused because nothing cited positively permits a degenerate region either. PLAUSIBILITY is recorded: a cross-attribute consistency heuristic with no located conformance requirement behind it. PS3.4 Annex N, the Softcopy Presentation State Storage SOP Classes, was also checked and states nothing about the relationship between the two corners. A reader who holds that the attribute names top left and bottom right are themselves normative would move this class to NET, which changes the PRE-05 outcome, so the counterfactual triple and both rates are reported in results/phase2/net_rates_gsps.md."
dciodvfy,8b863a2a357b,"Error - DisplayedAreaSelectionSequence is internally inconsistent - DisplayedAreaTopLeftHandCorner = (355,277) is not above and to the left of DisplayedAreaBottomRightHandCorner = (355,399)",Error,1,PLAUSIBILITY,PS3.3 C.10.4 Displayed Area Module,PS3.3 Table C.10-4 Displayed Area Module Attributes,"PS3.3 Table C.10-4, Displayed Area Top Left Hand Corner (0070,0052), Type 1: ""The top left (after spatial transformation) pixel in the referenced image to be displayed, given as column\row. Column is the horizontal (before spatial transformation) offset (X) and row is the vertical (before spatial transformation) offset (Y) relative to the origin of the pixel data before spatial transformation, which is 1\1. See Figure C.10.4-1."" Note in PS3.3 C.10.4: ""The TLHC and BRHC may be outside the boundaries of the image pixel data (e.g., the TLHC may be 0 or negative, or the BRHC may be greater than Rows or Columns), allowing minification or placement of the image pixel data within a larger Specified Displayed Area.""","CONTESTED, and the counterfactual is reported alongside the verdict. Section C.10.4 and Table C.10-4 were read in full. Neither states any ordering relation between (0070,0052) and (0070,0053), neither uses shall for such a relation, and neither forbids a region one column or one row wide. Both attributes are Type 1 and both are present with values valid for VR SL and VM 2 as PS3.5 7.4.1 defines validity. In every observed message one axis is equal rather than inverted, for example TopLeft = (344,0) against BottomRight = (344,512), so dciodvfy is applying a strict inequality on both axes that the standard does not state. The section's only statement about corner values loosens the constraint rather than tightening it, permitting zero and negative coordinates. NET is refused because the rubric requires a section and table giving the Type or condition violated and no such text exists. FLOOR is refused because nothing cited positively permits a degenerate region either. PLAUSIBILITY is recorded: a cross-attribute consistency heuristic with no located conformance requirement behind it. PS3.4 Annex N, the Softcopy Presentation State Storage SOP Classes, was also checked and states nothing about the relationship between the two corners. A reader who holds that the attribute names top left and bottom right are themselves normative would move this class to NET, which changes the PRE-05 outcome, so the counterfactual triple and both rates are reported in results/phase2/net_rates_gsps.md."
dciodvfy,6b5d47845cf7,"Error - DisplayedAreaSelectionSequence is internally inconsistent - DisplayedAreaTopLeftHandCorner = (356,0) is not above and to the left of DisplayedAreaBottomRightHandCorner = (356,513)",Error,1,PLAUSIBILITY,PS3.3 C.10.4 Displayed Area Module,PS3.3 Table C.10-4 Displayed Area Module Attributes,"PS3.3 Table C.10-4, Displayed Area Top Left Hand Corner (0070,0052), Type 1: ""The top left (after spatial transformation) pixel in the referenced image to be displayed, given as column\row. Column is the horizontal (before spatial transformation) offset (X) and row is the vertical (before spatial transformation) offset (Y) relative to the origin of the pixel data before spatial transformation, which is 1\1. See Figure C.10.4-1."" Note in PS3.3 C.10.4: ""The TLHC and BRHC may be outside the boundaries of the image pixel data (e.g., the TLHC may be 0 or negative, or the BRHC may be greater than Rows or Columns), allowing minification or placement of the image pixel data within a larger Specified Displayed Area.""","CONTESTED, and the counterfactual is reported alongside the verdict. Section C.10.4 and Table C.10-4 were read in full. Neither states any ordering relation between (0070,0052) and (0070,0053), neither uses shall for such a relation, and neither forbids a region one column or one row wide. Both attributes are Type 1 and both are present with values valid for VR SL and VM 2 as PS3.5 7.4.1 defines validity. In every observed message one axis is equal rather than inverted, for example TopLeft = (344,0) against BottomRight = (344,512), so dciodvfy is applying a strict inequality on both axes that the standard does not state. The section's only statement about corner values loosens the constraint rather than tightening it, permitting zero and negative coordinates. NET is refused because the rubric requires a section and table giving the Type or condition violated and no such text exists. FLOOR is refused because nothing cited positively permits a degenerate region either. PLAUSIBILITY is recorded: a cross-attribute consistency heuristic with no located conformance requirement behind it. PS3.4 Annex N, the Softcopy Presentation State Storage SOP Classes, was also checked and states nothing about the relationship between the two corners. A reader who holds that the attribute names top left and bottom right are themselves normative would move this class to NET, which changes the PRE-05 outcome, so the counterfactual triple and both rates are reported in results/phase2/net_rates_gsps.md."
dciodvfy,5172c09b9230,"Error - DisplayedAreaSelectionSequence is internally inconsistent - DisplayedAreaTopLeftHandCorner = (356,238) is not above and to the left of DisplayedAreaBottomRightHandCorner = (356,473)",Error,1,PLAUSIBILITY,PS3.3 C.10.4 Displayed Area Module,PS3.3 Table C.10-4 Displayed Area Module Attributes,"PS3.3 Table C.10-4, Displayed Area Top Left Hand Corner (0070,0052), Type 1: ""The top left (after spatial transformation) pixel in the referenced image to be displayed, given as column\row. Column is the horizontal (before spatial transformation) offset (X) and row is the vertical (before spatial transformation) offset (Y) relative to the origin of the pixel data before spatial transformation, which is 1\1. See Figure C.10.4-1."" Note in PS3.3 C.10.4: ""The TLHC and BRHC may be outside the boundaries of the image pixel data (e.g., the TLHC may be 0 or negative, or the BRHC may be greater than Rows or Columns), allowing minification or placement of the image pixel data within a larger Specified Displayed Area.""","CONTESTED, and the counterfactual is reported alongside the verdict. Section C.10.4 and Table C.10-4 were read in full. Neither states any ordering relation between (0070,0052) and (0070,0053), neither uses shall for such a relation, and neither forbids a region one column or one row wide. Both attributes are Type 1 and both are present with values valid for VR SL and VM 2 as PS3.5 7.4.1 defines validity. In every observed message one axis is equal rather than inverted, for example TopLeft = (344,0) against BottomRight = (344,512), so dciodvfy is applying a strict inequality on both axes that the standard does not state. The section's only statement about corner values loosens the constraint rather than tightening it, permitting zero and negative coordinates. NET is refused because the rubric requires a section and table giving the Type or condition violated and no such text exists. FLOOR is refused because nothing cited positively permits a degenerate region either. PLAUSIBILITY is recorded: a cross-attribute consistency heuristic with no located conformance requirement behind it. PS3.4 Annex N, the Softcopy Presentation State Storage SOP Classes, was also checked and states nothing about the relationship between the two corners. A reader who holds that the attribute names top left and bottom right are themselves normative would move this class to NET, which changes the PRE-05 outcome, so the counterfactual triple and both rates are reported in results/phase2/net_rates_gsps.md."
dciodvfy,cde4d767f160,"Error - DisplayedAreaSelectionSequence is internally inconsistent - DisplayedAreaTopLeftHandCorner = (357,238) is not above and to the left of DisplayedAreaBottomRightHandCorner = (357,417)",Error,1,PLAUSIBILITY,PS3.3 C.10.4 Displayed Area Module,PS3.3 Table C.10-4 Displayed Area Module Attributes,"PS3.3 Table C.10-4, Displayed Area Top Left Hand Corner (0070,0052), Type 1: ""The top left (after spatial transformation) pixel in the referenced image to be displayed, given as column\row. Column is the horizontal (before spatial transformation) offset (X) and row is the vertical (before spatial transformation) offset (Y) relative to the origin of the pixel data before spatial transformation, which is 1\1. See Figure C.10.4-1."" Note in PS3.3 C.10.4: ""The TLHC and BRHC may be outside the boundaries of the image pixel data (e.g., the TLHC may be 0 or negative, or the BRHC may be greater than Rows or Columns), allowing minification or placement of the image pixel data within a larger Specified Displayed Area.""","CONTESTED, and the counterfactual is reported alongside the verdict. Section C.10.4 and Table C.10-4 were read in full. Neither states any ordering relation between (0070,0052) and (0070,0053), neither uses shall for such a relation, and neither forbids a region one column or one row wide. Both attributes are Type 1 and both are present with values valid for VR SL and VM 2 as PS3.5 7.4.1 defines validity. In every observed message one axis is equal rather than inverted, for example TopLeft = (344,0) against BottomRight = (344,512), so dciodvfy is applying a strict inequality on both axes that the standard does not state. The section's only statement about corner values loosens the constraint rather than tightening it, permitting zero and negative coordinates. NET is refused because the rubric requires a section and table giving the Type or condition violated and no such text exists. FLOOR is refused because nothing cited positively permits a degenerate region either. PLAUSIBILITY is recorded: a cross-attribute consistency heuristic with no located conformance requirement behind it. PS3.4 Annex N, the Softcopy Presentation State Storage SOP Classes, was also checked and states nothing about the relationship between the two corners. A reader who holds that the attribute names top left and bottom right are themselves normative would move this class to NET, which changes the PRE-05 outcome, so the counterfactual triple and both rates are reported in results/phase2/net_rates_gsps.md."
dciodvfy,6a3de084f77f,"Error - DisplayedAreaSelectionSequence is internally inconsistent - DisplayedAreaTopLeftHandCorner = (357,268) is not above and to the left of DisplayedAreaBottomRightHandCorner = (357,305)",Error,1,PLAUSIBILITY,PS3.3 C.10.4 Displayed Area Module,PS3.3 Table C.10-4 Displayed Area Module Attributes,"PS3.3 Table C.10-4, Displayed Area Top Left Hand Corner (0070,0052), Type 1: ""The top left (after spatial transformation) pixel in the referenced image to be displayed, given as column\row. Column is the horizontal (before spatial transformation) offset (X) and row is the vertical (before spatial transformation) offset (Y) relative to the origin of the pixel data before spatial transformation, which is 1\1. See Figure C.10.4-1."" Note in PS3.3 C.10.4: ""The TLHC and BRHC may be outside the boundaries of the image pixel data (e.g., the TLHC may be 0 or negative, or the BRHC may be greater than Rows or Columns), allowing minification or placement of the image pixel data within a larger Specified Displayed Area.""","CONTESTED, and the counterfactual is reported alongside the verdict. Section C.10.4 and Table C.10-4 were read in full. Neither states any ordering relation between (0070,0052) and (0070,0053), neither uses shall for such a relation, and neither forbids a region one column or one row wide. Both attributes are Type 1 and both are present with values valid for VR SL and VM 2 as PS3.5 7.4.1 defines validity. In every observed message one axis is equal rather than inverted, for example TopLeft = (344,0) against BottomRight = (344,512), so dciodvfy is applying a strict inequality on both axes that the standard does not state. The section's only statement about corner values loosens the constraint rather than tightening it, permitting zero and negative coordinates. NET is refused because the rubric requires a section and table giving the Type or condition violated and no such text exists. FLOOR is refused because nothing cited positively permits a degenerate region either. PLAUSIBILITY is recorded: a cross-attribute consistency heuristic with no located conformance requirement behind it. PS3.4 Annex N, the Softcopy Presentation State Storage SOP Classes, was also checked and states nothing about the relationship between the two corners. A reader who holds that the attribute names top left and bottom right are themselves normative would move this class to NET, which changes the PRE-05 outcome, so the counterfactual triple and both rates are reported in results/phase2/net_rates_gsps.md."
dciodvfy,ab3d397c703a,"Error - DisplayedAreaSelectionSequence is internally inconsistent - DisplayedAreaTopLeftHandCorner = (358,240) is not above and to the left of DisplayedAreaBottomRightHandCorner = (358,298)",Error,1,PLAUSIBILITY,PS3.3 C.10.4 Displayed Area Module,PS3.3 Table C.10-4 Displayed Area Module Attributes,"PS3.3 Table C.10-4, Displayed Area Top Left Hand Corner (0070,0052), Type 1: ""The top left (after spatial transformation) pixel in the referenced image to be displayed, given as column\row. Column is the horizontal (before spatial transformation) offset (X) and row is the vertical (before spatial transformation) offset (Y) relative to the origin of the pixel data before spatial transformation, which is 1\1. See Figure C.10.4-1."" Note in PS3.3 C.10.4: ""The TLHC and BRHC may be outside the boundaries of the image pixel data (e.g., the TLHC may be 0 or negative, or the BRHC may be greater than Rows or Columns), allowing minification or placement of the image pixel data within a larger Specified Displayed Area.""","CONTESTED, and the counterfactual is reported alongside the verdict. Section C.10.4 and Table C.10-4 were read in full. Neither states any ordering relation between (0070,0052) and (0070,0053), neither uses shall for such a relation, and neither forbids a region one column or one row wide. Both attributes are Type 1 and both are present with values valid for VR SL and VM 2 as PS3.5 7.4.1 defines validity. In every observed message one axis is equal rather than inverted, for example TopLeft = (344,0) against BottomRight = (344,512), so dciodvfy is applying a strict inequality on both axes that the standard does not state. The section's only statement about corner values loosens the constraint rather than tightening it, permitting zero and negative coordinates. NET is refused because the rubric requires a section and table giving the Type or condition violated and no such text exists. FLOOR is refused because nothing cited positively permits a degenerate region either. PLAUSIBILITY is recorded: a cross-attribute consistency heuristic with no located conformance requirement behind it. PS3.4 Annex N, the Softcopy Presentation State Storage SOP Classes, was also checked and states nothing about the relationship between the two corners. A reader who holds that the attribute names top left and bottom right are themselves normative would move this class to NET, which changes the PRE-05 outcome, so the counterfactual triple and both rates are reported in results/phase2/net_rates_gsps.md."
dciodvfy,845d898c9400,"Error - DisplayedAreaSelectionSequence is internally inconsistent - DisplayedAreaTopLeftHandCorner = (374,216) is not above and to the left of DisplayedAreaBottomRightHandCorner = (433,216)",Error,1,PLAUSIBILITY,PS3.3 C.10.4 Displayed Area Module,PS3.3 Table C.10-4 Displayed Area Module Attributes,"PS3.3 Table C.10-4, Displayed Area Top Left Hand Corner (0070,0052), Type 1: ""The top left (after spatial transformation) pixel in the referenced image to be displayed, given as column\row. Column is the horizontal (before spatial transformation) offset (X) and row is the vertical (before spatial transformation) offset (Y) relative to the origin of the pixel data before spatial transformation, which is 1\1. See Figure C.10.4-1."" Note in PS3.3 C.10.4: ""The TLHC and BRHC may be outside the boundaries of the image pixel data (e.g., the TLHC may be 0 or negative, or the BRHC may be greater than Rows or Columns), allowing minification or placement of the image pixel data within a larger Specified Displayed Area.""","CONTESTED, and the counterfactual is reported alongside the verdict. Section C.10.4 and Table C.10-4 were read in full. Neither states any ordering relation between (0070,0052) and (0070,0053), neither uses shall for such a relation, and neither forbids a region one column or one row wide. Both attributes are Type 1 and both are present with values valid for VR SL and VM 2 as PS3.5 7.4.1 defines validity. In every observed message one axis is equal rather than inverted, for example TopLeft = (344,0) against BottomRight = (344,512), so dciodvfy is applying a strict inequality on both axes that the standard does not state. The section's only statement about corner values loosens the constraint rather than tightening it, permitting zero and negative coordinates. NET is refused because the rubric requires a section and table giving the Type or condition violated and no such text exists. FLOOR is refused because nothing cited positively permits a degenerate region either. PLAUSIBILITY is recorded: a cross-attribute consistency heuristic with no located conformance requirement behind it. PS3.4 Annex N, the Softcopy Presentation State Storage SOP Classes, was also checked and states nothing about the relationship between the two corners. A reader who holds that the attribute names top left and bottom right are themselves normative would move this class to NET, which changes the PRE-05 outcome, so the counterfactual triple and both rates are reported in results/phase2/net_rates_gsps.md."
dciodvfy,dd4ab78e4d4b,"Error - DisplayedAreaSelectionSequence is internally inconsistent - DisplayedAreaTopLeftHandCorner = (381,0) is not above and to the left of DisplayedAreaBottomRightHandCorner = (381,512)",Error,1,PLAUSIBILITY,PS3.3 C.10.4 Displayed Area Module,PS3.3 Table C.10-4 Displayed Area Module Attributes,"PS3.3 Table C.10-4, Displayed Area Top Left Hand Corner (0070,0052), Type 1: ""The top left (after spatial transformation) pixel in the referenced image to be displayed, given as column\row. Column is the horizontal (before spatial transformation) offset (X) and row is the vertical (before spatial transformation) offset (Y) relative to the origin of the pixel data before spatial transformation, which is 1\1. See Figure C.10.4-1."" Note in PS3.3 C.10.4: ""The TLHC and BRHC may be outside the boundaries of the image pixel data (e.g., the TLHC may be 0 or negative, or the BRHC may be greater than Rows or Columns), allowing minification or placement of the image pixel data within a larger Specified Displayed Area.""","CONTESTED, and the counterfactual is reported alongside the verdict. Section C.10.4 and Table C.10-4 were read in full. Neither states any ordering relation between (0070,0052) and (0070,0053), neither uses shall for such a relation, and neither forbids a region one column or one row wide. Both attributes are Type 1 and both are present with values valid for VR SL and VM 2 as PS3.5 7.4.1 defines validity. In every observed message one axis is equal rather than inverted, for example TopLeft = (344,0) against BottomRight = (344,512), so dciodvfy is applying a strict inequality on both axes that the standard does not state. The section's only statement about corner values loosens the constraint rather than tightening it, permitting zero and negative coordinates. NET is refused because the rubric requires a section and table giving the Type or condition violated and no such text exists. FLOOR is refused because nothing cited positively permits a degenerate region either. PLAUSIBILITY is recorded: a cross-attribute consistency heuristic with no located conformance requirement behind it. PS3.4 Annex N, the Softcopy Presentation State Storage SOP Classes, was also checked and states nothing about the relationship between the two corners. A reader who holds that the attribute names top left and bottom right are themselves normative would move this class to NET, which changes the PRE-05 outcome, so the counterfactual triple and both rates are reported in results/phase2/net_rates_gsps.md."
dciodvfy,c541ff141b9a,"Error - DisplayedAreaSelectionSequence is internally inconsistent - DisplayedAreaTopLeftHandCorner = (384,199) is not above and to the left of DisplayedAreaBottomRightHandCorner = (443,199)",Error,1,PLAUSIBILITY,PS3.3 C.10.4 Displayed Area Module,PS3.3 Table C.10-4 Displayed Area Module Attributes,"PS3.3 Table C.10-4, Displayed Area Top Left Hand Corner (0070,0052), Type 1: ""The top left (after spatial transformation) pixel in the referenced image to be displayed, given as column\row. Column is the horizontal (before spatial transformation) offset (X) and row is the vertical (before spatial transformation) offset (Y) relative to the origin of the pixel data before spatial transformation, which is 1\1. See Figure C.10.4-1."" Note in PS3.3 C.10.4: ""The TLHC and BRHC may be outside the boundaries of the image pixel data (e.g., the TLHC may be 0 or negative, or the BRHC may be greater than Rows or Columns), allowing minification or placement of the image pixel data within a larger Specified Displayed Area.""","CONTESTED, and the counterfactual is reported alongside the verdict. Section C.10.4 and Table C.10-4 were read in full. Neither states any ordering relation between (0070,0052) and (0070,0053), neither uses shall for such a relation, and neither forbids a region one column or one row wide. Both attributes are Type 1 and both are present with values valid for VR SL and VM 2 as PS3.5 7.4.1 defines validity. In every observed message one axis is equal rather than inverted, for example TopLeft = (344,0) against BottomRight = (344,512), so dciodvfy is applying a strict inequality on both axes that the standard does not state. The section's only statement about corner values loosens the constraint rather than tightening it, permitting zero and negative coordinates. NET is refused because the rubric requires a section and table giving the Type or condition violated and no such text exists. FLOOR is refused because nothing cited positively permits a degenerate region either. PLAUSIBILITY is recorded: a cross-attribute consistency heuristic with no located conformance requirement behind it. PS3.4 Annex N, the Softcopy Presentation State Storage SOP Classes, was also checked and states nothing about the relationship between the two corners. A reader who holds that the attribute names top left and bottom right are themselves normative would move this class to NET, which changes the PRE-05 outcome, so the counterfactual triple and both rates are reported in results/phase2/net_rates_gsps.md."
dciodvfy,cec7130a052c,"Error - DisplayedAreaSelectionSequence is internally inconsistent - DisplayedAreaTopLeftHandCorner = (399,160) is not above and to the left of DisplayedAreaBottomRightHandCorner = (399,322)",Error,1,PLAUSIBILITY,PS3.3 C.10.4 Displayed Area Module,PS3.3 Table C.10-4 Displayed Area Module Attributes,"PS3.3 Table C.10-4, Displayed Area Top Left Hand Corner (0070,0052), Type 1: ""The top left (after spatial transformation) pixel in the referenced image to be displayed, given as column\row. Column is the horizontal (before spatial transformation) offset (X) and row is the vertical (before spatial transformation) offset (Y) relative to the origin of the pixel data before spatial transformation, which is 1\1. See Figure C.10.4-1."" Note in PS3.3 C.10.4: ""The TLHC and BRHC may be outside the boundaries of the image pixel data (e.g., the TLHC may be 0 or negative, or the BRHC may be greater than Rows or Columns), allowing minification or placement of the image pixel data within a larger Specified Displayed Area.""","CONTESTED, and the counterfactual is reported alongside the verdict. Section C.10.4 and Table C.10-4 were read in full. Neither states any ordering relation between (0070,0052) and (0070,0053), neither uses shall for such a relation, and neither forbids a region one column or one row wide. Both attributes are Type 1 and both are present with values valid for VR SL and VM 2 as PS3.5 7.4.1 defines validity. In every observed message one axis is equal rather than inverted, for example TopLeft = (344,0) against BottomRight = (344,512), so dciodvfy is applying a strict inequality on both axes that the standard does not state. The section's only statement about corner values loosens the constraint rather than tightening it, permitting zero and negative coordinates. NET is refused because the rubric requires a section and table giving the Type or condition violated and no such text exists. FLOOR is refused because nothing cited positively permits a degenerate region either. PLAUSIBILITY is recorded: a cross-attribute consistency heuristic with no located conformance requirement behind it. PS3.4 Annex N, the Softcopy Presentation State Storage SOP Classes, was also checked and states nothing about the relationship between the two corners. A reader who holds that the attribute names top left and bottom right are themselves normative would move this class to NET, which changes the PRE-05 outcome, so the counterfactual triple and both rates are reported in results/phase2/net_rates_gsps.md."
dciodvfy,da1c5387362f,"Error - DisplayedAreaSelectionSequence is internally inconsistent - DisplayedAreaTopLeftHandCorner = (403,175) is not above and to the left of DisplayedAreaBottomRightHandCorner = (403,265)",Error,1,PLAUSIBILITY,PS3.3 C.10.4 Displayed Area Module,PS3.3 Table C.10-4 Displayed Area Module Attributes,"PS3.3 Table C.10-4, Displayed Area Top Left Hand Corner (0070,0052), Type 1: ""The top left (after spatial transformation) pixel in the referenced image to be displayed, given as column\row. Column is the horizontal (before spatial transformation) offset (X) and row is the vertical (before spatial transformation) offset (Y) relative to the origin of the pixel data before spatial transformation, which is 1\1. See Figure C.10.4-1."" Note in PS3.3 C.10.4: ""The TLHC and BRHC may be outside the boundaries of the image pixel data (e.g., the TLHC may be 0 or negative, or the BRHC may be greater than Rows or Columns), allowing minification or placement of the image pixel data within a larger Specified Displayed Area.""","CONTESTED, and the counterfactual is reported alongside the verdict. Section C.10.4 and Table C.10-4 were read in full. Neither states any ordering relation between (0070,0052) and (0070,0053), neither uses shall for such a relation, and neither forbids a region one column or one row wide. Both attributes are Type 1 and both are present with values valid for VR SL and VM 2 as PS3.5 7.4.1 defines validity. In every observed message one axis is equal rather than inverted, for example TopLeft = (344,0) against BottomRight = (344,512), so dciodvfy is applying a strict inequality on both axes that the standard does not state. The section's only statement about corner values loosens the constraint rather than tightening it, permitting zero and negative coordinates. NET is refused because the rubric requires a section and table giving the Type or condition violated and no such text exists. FLOOR is refused because nothing cited positively permits a degenerate region either. PLAUSIBILITY is recorded: a cross-attribute consistency heuristic with no located conformance requirement behind it. PS3.4 Annex N, the Softcopy Presentation State Storage SOP Classes, was also checked and states nothing about the relationship between the two corners. A reader who holds that the attribute names top left and bottom right are themselves normative would move this class to NET, which changes the PRE-05 outcome, so the counterfactual triple and both rates are reported in results/phase2/net_rates_gsps.md."
dciodvfy,dadbcecbc3dc,"Error - DisplayedAreaSelectionSequence is internally inconsistent - DisplayedAreaTopLeftHandCorner = (404,163) is not above and to the left of DisplayedAreaBottomRightHandCorner = (404,283)",Error,1,PLAUSIBILITY,PS3.3 C.10.4 Displayed Area Module,PS3.3 Table C.10-4 Displayed Area Module Attributes,"PS3.3 Table C.10-4, Displayed Area Top Left Hand Corner (0070,0052), Type 1: ""The top left (after spatial transformation) pixel in the referenced image to be displayed, given as column\row. Column is the horizontal (before spatial transformation) offset (X) and row is the vertical (before spatial transformation) offset (Y) relative to the origin of the pixel data before spatial transformation, which is 1\1. See Figure C.10.4-1."" Note in PS3.3 C.10.4: ""The TLHC and BRHC may be outside the boundaries of the image pixel data (e.g., the TLHC may be 0 or negative, or the BRHC may be greater than Rows or Columns), allowing minification or placement of the image pixel data within a larger Specified Displayed Area.""","CONTESTED, and the counterfactual is reported alongside the verdict. Section C.10.4 and Table C.10-4 were read in full. Neither states any ordering relation between (0070,0052) and (0070,0053), neither uses shall for such a relation, and neither forbids a region one column or one row wide. Both attributes are Type 1 and both are present with values valid for VR SL and VM 2 as PS3.5 7.4.1 defines validity. In every observed message one axis is equal rather than inverted, for example TopLeft = (344,0) against BottomRight = (344,512), so dciodvfy is applying a strict inequality on both axes that the standard does not state. The section's only statement about corner values loosens the constraint rather than tightening it, permitting zero and negative coordinates. NET is refused because the rubric requires a section and table giving the Type or condition violated and no such text exists. FLOOR is refused because nothing cited positively permits a degenerate region either. PLAUSIBILITY is recorded: a cross-attribute consistency heuristic with no located conformance requirement behind it. PS3.4 Annex N, the Softcopy Presentation State Storage SOP Classes, was also checked and states nothing about the relationship between the two corners. A reader who holds that the attribute names top left and bottom right are themselves normative would move this class to NET, which changes the PRE-05 outcome, so the counterfactual triple and both rates are reported in results/phase2/net_rates_gsps.md."
dciodvfy,cf08636128ed,"Error - DisplayedAreaSelectionSequence is internally inconsistent - DisplayedAreaTopLeftHandCorner = (404,170) is not above and to the left of DisplayedAreaBottomRightHandCorner = (404,271)",Error,1,PLAUSIBILITY,PS3.3 C.10.4 Displayed Area Module,PS3.3 Table C.10-4 Displayed Area Module Attributes,"PS3.3 Table C.10-4, Displayed Area Top Left Hand Corner (0070,0052), Type 1: ""The top left (after spatial transformation) pixel in the referenced image to be displayed, given as column\row. Column is the horizontal (before spatial transformation) offset (X) and row is the vertical (before spatial transformation) offset (Y) relative to the origin of the pixel data before spatial transformation, which is 1\1. See Figure C.10.4-1."" Note in PS3.3 C.10.4: ""The TLHC and BRHC may be outside the boundaries of the image pixel data (e.g., the TLHC may be 0 or negative, or the BRHC may be greater than Rows or Columns), allowing minification or placement of the image pixel data within a larger Specified Displayed Area.""","CONTESTED, and the counterfactual is reported alongside the verdict. Section C.10.4 and Table C.10-4 were read in full. Neither states any ordering relation between (0070,0052) and (0070,0053), neither uses shall for such a relation, and neither forbids a region one column or one row wide. Both attributes are Type 1 and both are present with values valid for VR SL and VM 2 as PS3.5 7.4.1 defines validity. In every observed message one axis is equal rather than inverted, for example TopLeft = (344,0) against BottomRight = (344,512), so dciodvfy is applying a strict inequality on both axes that the standard does not state. The section's only statement about corner values loosens the constraint rather than tightening it, permitting zero and negative coordinates. NET is refused because the rubric requires a section and table giving the Type or condition violated and no such text exists. FLOOR is refused because nothing cited positively permits a degenerate region either. PLAUSIBILITY is recorded: a cross-attribute consistency heuristic with no located conformance requirement behind it. PS3.4 Annex N, the Softcopy Presentation State Storage SOP Classes, was also checked and states nothing about the relationship between the two corners. A reader who holds that the attribute names top left and bottom right are themselves normative would move this class to NET, which changes the PRE-05 outcome, so the counterfactual triple and both rates are reported in results/phase2/net_rates_gsps.md."
dciodvfy,651abe406c71,"Error - DisplayedAreaSelectionSequence is internally inconsistent - DisplayedAreaTopLeftHandCorner = (441,1) is not above and to the left of DisplayedAreaBottomRightHandCorner = (441,512)",Error,1,PLAUSIBILITY,PS3.3 C.10.4 Displayed Area Module,PS3.3 Table C.10-4 Displayed Area Module Attributes,"PS3.3 Table C.10-4, Displayed Area Top Left Hand Corner (0070,0052), Type 1: ""The top left (after spatial transformation) pixel in the referenced image to be displayed, given as column\row. Column is the horizontal (before spatial transformation) offset (X) and row is the vertical (before spatial transformation) offset (Y) relative to the origin of the pixel data before spatial transformation, which is 1\1. See Figure C.10.4-1."" Note in PS3.3 C.10.4: ""The TLHC and BRHC may be outside the boundaries of the image pixel data (e.g., the TLHC may be 0 or negative, or the BRHC may be greater than Rows or Columns), allowing minification or placement of the image pixel data within a larger Specified Displayed Area.""","CONTESTED, and the counterfactual is reported alongside the verdict. Section C.10.4 and Table C.10-4 were read in full. Neither states any ordering relation between (0070,0052) and (0070,0053), neither uses shall for such a relation, and neither forbids a region one column or one row wide. Both attributes are Type 1 and both are present with values valid for VR SL and VM 2 as PS3.5 7.4.1 defines validity. In every observed message one axis is equal rather than inverted, for example TopLeft = (344,0) against BottomRight = (344,512), so dciodvfy is applying a strict inequality on both axes that the standard does not state. The section's only statement about corner values loosens the constraint rather than tightening it, permitting zero and negative coordinates. NET is refused because the rubric requires a section and table giving the Type or condition violated and no such text exists. FLOOR is refused because nothing cited positively permits a degenerate region either. PLAUSIBILITY is recorded: a cross-attribute consistency heuristic with no located conformance requirement behind it. PS3.4 Annex N, the Softcopy Presentation State Storage SOP Classes, was also checked and states nothing about the relationship between the two corners. A reader who holds that the attribute names top left and bottom right are themselves normative would move this class to NET, which changes the PRE-05 outcome, so the counterfactual triple and both rates are reported in results/phase2/net_rates_gsps.md."
dciodvfy,8f79da815fd9,"Error - DisplayedAreaSelectionSequence is internally inconsistent - DisplayedAreaTopLeftHandCorner = (448,1) is not above and to the left of DisplayedAreaBottomRightHandCorner = (448,512)",Error,1,PLAUSIBILITY,PS3.3 C.10.4 Displayed Area Module,PS3.3 Table C.10-4 Displayed Area Module Attributes,"PS3.3 Table C.10-4, Displayed Area Top Left Hand Corner (0070,0052), Type 1: ""The top left (after spatial transformation) pixel in the referenced image to be displayed, given as column\row. Column is the horizontal (before spatial transformation) offset (X) and row is the vertical (before spatial transformation) offset (Y) relative to the origin of the pixel data before spatial transformation, which is 1\1. See Figure C.10.4-1."" Note in PS3.3 C.10.4: ""The TLHC and BRHC may be outside the boundaries of the image pixel data (e.g., the TLHC may be 0 or negative, or the BRHC may be greater than Rows or Columns), allowing minification or placement of the image pixel data within a larger Specified Displayed Area.""","CONTESTED, and the counterfactual is reported alongside the verdict. Section C.10.4 and Table C.10-4 were read in full. Neither states any ordering relation between (0070,0052) and (0070,0053), neither uses shall for such a relation, and neither forbids a region one column or one row wide. Both attributes are Type 1 and both are present with values valid for VR SL and VM 2 as PS3.5 7.4.1 defines validity. In every observed message one axis is equal rather than inverted, for example TopLeft = (344,0) against BottomRight = (344,512), so dciodvfy is applying a strict inequality on both axes that the standard does not state. The section's only statement about corner values loosens the constraint rather than tightening it, permitting zero and negative coordinates. NET is refused because the rubric requires a section and table giving the Type or condition violated and no such text exists. FLOOR is refused because nothing cited positively permits a degenerate region either. PLAUSIBILITY is recorded: a cross-attribute consistency heuristic with no located conformance requirement behind it. PS3.4 Annex N, the Softcopy Presentation State Storage SOP Classes, was also checked and states nothing about the relationship between the two corners. A reader who holds that the attribute names top left and bottom right are themselves normative would move this class to NET, which changes the PRE-05 outcome, so the counterfactual triple and both rates are reported in results/phase2/net_rates_gsps.md."
dciodvfy,d1c45f636ce3,"Error - DisplayedAreaSelectionSequence is internally inconsistent - DisplayedAreaTopLeftHandCorner = (450,0) is not above and to the left of DisplayedAreaBottomRightHandCorner = (450,513)",Error,1,PLAUSIBILITY,PS3.3 C.10.4 Displayed Area Module,PS3.3 Table C.10-4 Displayed Area Module Attributes,"PS3.3 Table C.10-4, Displayed Area Top Left Hand Corner (0070,0052), Type 1: ""The top left (after spatial transformation) pixel in the referenced image to be displayed, given as column\row. Column is the horizontal (before spatial transformation) offset (X) and row is the vertical (before spatial transformation) offset (Y) relative to the origin of the pixel data before spatial transformation, which is 1\1. See Figure C.10.4-1."" Note in PS3.3 C.10.4: ""The TLHC and BRHC may be outside the boundaries of the image pixel data (e.g., the TLHC may be 0 or negative, or the BRHC may be greater than Rows or Columns), allowing minification or placement of the image pixel data within a larger Specified Displayed Area.""","CONTESTED, and the counterfactual is reported alongside the verdict. Section C.10.4 and Table C.10-4 were read in full. Neither states any ordering relation between (0070,0052) and (0070,0053), neither uses shall for such a relation, and neither forbids a region one column or one row wide. Both attributes are Type 1 and both are present with values valid for VR SL and VM 2 as PS3.5 7.4.1 defines validity. In every observed message one axis is equal rather than inverted, for example TopLeft = (344,0) against BottomRight = (344,512), so dciodvfy is applying a strict inequality on both axes that the standard does not state. The section's only statement about corner values loosens the constraint rather than tightening it, permitting zero and negative coordinates. NET is refused because the rubric requires a section and table giving the Type or condition violated and no such text exists. FLOOR is refused because nothing cited positively permits a degenerate region either. PLAUSIBILITY is recorded: a cross-attribute consistency heuristic with no located conformance requirement behind it. PS3.4 Annex N, the Softcopy Presentation State Storage SOP Classes, was also checked and states nothing about the relationship between the two corners. A reader who holds that the attribute names top left and bottom right are themselves normative would move this class to NET, which changes the PRE-05 outcome, so the counterfactual triple and both rates are reported in results/phase2/net_rates_gsps.md."
dciodvfy,815f5dab3ba7,Warning - Missing attribute or value that would be needed to build DICOMDIR - Study ID,Warning,624,NOT-IOD,PS3.3 F.5.2 Study Directory Record Definition; PS3.3 C.7.2.1 General Study Module,PS3.3 Table F.5-2 Study Keys; PS3.3 Table C.7-3 General Study Module Attributes,"PS3.3 Table C.7-3, General Study Module: ""Study ID | (0020,0010) | 2 | User or equipment generated Study identifier."" PS3.3 F.5.2: ""It is identified by a Directory Record Type (0004,1430) of Value ""STUDY"". Table F.5-2 lists the set of Keys with their associated Types for such a Directory Record Type."" Table F.5-2 gives Study ID (0020,0010) as Type 1.","Study ID is Type 2 in the module the GSPS IOD includes, so a zero-length value satisfies it (PS3.5 7.4.3). Type 1 applies only to the Study Directory Record of the Basic Directory IOD in PS3.3 Annex F, which is the DICOMDIR, an object this study does not build and IDC does not distribute. dciodvfy says so in the message text. It is media interchange advice, not a statement about the IOD under test. dciodvfy raised no Type 2 message against Study ID on any of these objects, which is consistent with the attribute being present and zero length."
dciodvfy,14603f34e31e,Warning - Value dubious for this VR - (TAG) PN Patient's Name PN [1] = <QIBA_CT_1C> - Retired Person Name form,Warning,462,PLAUSIBILITY,PS3.5 6.2 Value Representation,"PS3.5 Table 6.2-1 DICOM Value Representations, row PN Person Name","PS3.5 Table 6.2-1, PN: ""Any of the five components may be an empty string. The component delimiter shall be the caret ""^"" character (5EH). There shall be no more than four component delimiters, i.e., none after the last component if all components are present. Delimiters are required for interior null components. Trailing null components and their delimiters may be omitted.""","A PN value carrying a single component and no delimiter is exactly the case Table 6.2-1 permits when it says trailing null components and their delimiters may be omitted. No length, character set or delimiter rule in PS3.5 6.2 is broken by these values. dciodvfy is reporting that the value looks like an unstructured ACR-NEMA era name rather than a structured one, which is a judgement about value quality and not a conformance requirement. Patient's Name (0010,0010) is Type 2 in the Patient Module, so its content is unconstrained beyond the VR. Recorded as PLAUSIBILITY rather than FLOOR because the complaint is about the shape of a value, not about a construct the IOD tables permit."
dciodvfy,4a71864409dc,Warning - Missing attribute or value that would be needed to build DICOMDIR - Study Time,Warning,384,NOT-IOD,PS3.3 F.5.2 Study Directory Record Definition; PS3.3 C.7.2.1 General Study Module,PS3.3 Table F.5-2 Study Keys; PS3.3 Table C.7-3 General Study Module Attributes,"PS3.3 Table C.7-3, General Study Module: ""Study Time | (0008,0030) | 2 | Time the Study started."" PS3.3 F.5.2: ""It is identified by a Directory Record Type (0004,1430) of Value ""STUDY"". Table F.5-2 lists the set of Keys with their associated Types for such a Directory Record Type."" Table F.5-2 gives Study Time (0008,0030) as Type 1.","Same construction as Study ID. Type 2 in Table C.7-3, which the GSPS IOD includes, and Type 1 only as a key of the Study Directory Record in Table F.5-2. Media interchange advice, not an IOD statement."
dciodvfy,3e71ea7ef539,Warning - Value dubious for this VR - (TAG) PN Patient's Name PN [1] = <UID> - Retired Person Name form,Warning,240,PLAUSIBILITY,PS3.5 6.2 Value Representation,"PS3.5 Table 6.2-1 DICOM Value Representations, row PN Person Name","PS3.5 Table 6.2-1, PN: ""Any of the five components may be an empty string. The component delimiter shall be the caret ""^"" character (5EH). There shall be no more than four component delimiters, i.e., none after the last component if all components are present. Delimiters are required for interior null components. Trailing null components and their delimiters may be omitted.""","A PN value carrying a single component and no delimiter is exactly the case Table 6.2-1 permits when it says trailing null components and their delimiters may be omitted. No length, character set or delimiter rule in PS3.5 6.2 is broken by these values. dciodvfy is reporting that the value looks like an unstructured ACR-NEMA era name rather than a structured one, which is a judgement about value quality and not a conformance requirement. Patient's Name (0010,0010) is Type 2 in the Patient Module, so its content is unconstrained beyond the VR. Recorded as PLAUSIBILITY rather than FLOOR because the complaint is about the shape of a value, not about a construct the IOD tables permit."
dciodvfy,1f9be1443f24,Warning - Value dubious for this VR - (TAG) PN Patient's Name PN [1] = <107166> - Retired Person Name form,Warning,12,PLAUSIBILITY,PS3.5 6.2 Value Representation,"PS3.5 Table 6.2-1 DICOM Value Representations, row PN Person Name","PS3.5 Table 6.2-1, PN: ""Any of the five components may be an empty string. The component delimiter shall be the caret ""^"" character (5EH). There shall be no more than four component delimiters, i.e., none after the last component if all components are present. Delimiters are required for interior null components. Trailing null components and their delimiters may be omitted.""","A PN value carrying a single component and no delimiter is exactly the case Table 6.2-1 permits when it says trailing null components and their delimiters may be omitted. No length, character set or delimiter rule in PS3.5 6.2 is broken by these values. dciodvfy is reporting that the value looks like an unstructured ACR-NEMA era name rather than a structured one, which is a judgement about value quality and not a conformance requirement. Patient's Name (0010,0010) is Type 2 in the Patient Module, so its content is unconstrained beyond the VR. Recorded as PLAUSIBILITY rather than FLOOR because the complaint is about the shape of a value, not about a construct the IOD tables permit."
dciodvfy,8fe425de795f,Warning - Value dubious for this VR - (TAG) PN Patient's Name PN [1] = <110743> - Retired Person Name form,Warning,12,PLAUSIBILITY,PS3.5 6.2 Value Representation,"PS3.5 Table 6.2-1 DICOM Value Representations, row PN Person Name","PS3.5 Table 6.2-1, PN: ""Any of the five components may be an empty string. The component delimiter shall be the caret ""^"" character (5EH). There shall be no more than four component delimiters, i.e., none after the last component if all components are present. Delimiters are required for interior null components. Trailing null components and their delimiters may be omitted.""","A PN value carrying a single component and no delimiter is exactly the case Table 6.2-1 permits when it says trailing null components and their delimiters may be omitted. No length, character set or delimiter rule in PS3.5 6.2 is broken by these values. dciodvfy is reporting that the value looks like an unstructured ACR-NEMA era name rather than a structured one, which is a judgement about value quality and not a conformance requirement. Patient's Name (0010,0010) is Type 2 in the Patient Module, so its content is unconstrained beyond the VR. Recorded as PLAUSIBILITY rather than FLOOR because the complaint is about the shape of a value, not about a construct the IOD tables permit."
dciodvfy,5e4594de6b4f,Warning - Value dubious for this VR - (TAG) PN Patient's Name PN [1] = <126123> - Retired Person Name form,Warning,12,PLAUSIBILITY,PS3.5 6.2 Value Representation,"PS3.5 Table 6.2-1 DICOM Value Representations, row PN Person Name","PS3.5 Table 6.2-1, PN: ""Any of the five components may be an empty string. The component delimiter shall be the caret ""^"" character (5EH). There shall be no more than four component delimiters, i.e., none after the last component if all components are present. Delimiters are required for interior null components. Trailing null components and their delimiters may be omitted.""","A PN value carrying a single component and no delimiter is exactly the case Table 6.2-1 permits when it says trailing null components and their delimiters may be omitted. No length, character set or delimiter rule in PS3.5 6.2 is broken by these values. dciodvfy is reporting that the value looks like an unstructured ACR-NEMA era name rather than a structured one, which is a judgement about value quality and not a conformance requirement. Patient's Name (0010,0010) is Type 2 in the Patient Module, so its content is unconstrained beyond the VR. Recorded as PLAUSIBILITY rather than FLOOR because the complaint is about the shape of a value, not about a construct the IOD tables permit."
dciodvfy,dd83dbf18979,Warning - Value dubious for this VR - (TAG) PN Patient's Name PN [1] = <130094> - Retired Person Name form,Warning,12,PLAUSIBILITY,PS3.5 6.2 Value Representation,"PS3.5 Table 6.2-1 DICOM Value Representations, row PN Person Name","PS3.5 Table 6.2-1, PN: ""Any of the five components may be an empty string. The component delimiter shall be the caret ""^"" character (5EH). There shall be no more than four component delimiters, i.e., none after the last component if all components are present. Delimiters are required for interior null components. Trailing null components and their delimiters may be omitted.""","A PN value carrying a single component and no delimiter is exactly the case Table 6.2-1 permits when it says trailing null components and their delimiters may be omitted. No length, character set or delimiter rule in PS3.5 6.2 is broken by these values. dciodvfy is reporting that the value looks like an unstructured ACR-NEMA era name rather than a structured one, which is a judgement about value quality and not a conformance requirement. Patient's Name (0010,0010) is Type 2 in the Patient Module, so its content is unconstrained beyond the VR. Recorded as PLAUSIBILITY rather than FLOOR because the complaint is about the shape of a value, not about a construct the IOD tables permit."
dciodvfy,a68c2bd56d67,Warning - Value dubious for this VR - (TAG) PN Patient's Name PN [1] = <132854> - Retired Person Name form,Warning,12,PLAUSIBILITY,PS3.5 6.2 Value Representation,"PS3.5 Table 6.2-1 DICOM Value Representations, row PN Person Name","PS3.5 Table 6.2-1, PN: ""Any of the five components may be an empty string. The component delimiter shall be the caret ""^"" character (5EH). There shall be no more than four component delimiters, i.e., none after the last component if all components are present. Delimiters are required for interior null components. Trailing null components and their delimiters may be omitted.""","A PN value carrying a single component and no delimiter is exactly the case Table 6.2-1 permits when it says trailing null components and their delimiters may be omitted. No length, character set or delimiter rule in PS3.5 6.2 is broken by these values. dciodvfy is reporting that the value looks like an unstructured ACR-NEMA era name rather than a structured one, which is a judgement about value quality and not a conformance requirement. Patient's Name (0010,0010) is Type 2 in the Patient Module, so its content is unconstrained beyond the VR. Recorded as PLAUSIBILITY rather than FLOOR because the complaint is about the shape of a value, not about a construct the IOD tables permit."
dciodvfy,aadbdf3d4725,Warning - Value dubious for this VR - (TAG) PN Patient's Name PN [1] = <135798> - Retired Person Name form,Warning,12,PLAUSIBILITY,PS3.5 6.2 Value Representation,"PS3.5 Table 6.2-1 DICOM Value Representations, row PN Person Name","PS3.5 Table 6.2-1, PN: ""Any of the five components may be an empty string. The component delimiter shall be the caret ""^"" character (5EH). There shall be no more than four component delimiters, i.e., none after the last component if all components are present. Delimiters are required for interior null components. Trailing null components and their delimiters may be omitted.""","A PN value carrying a single component and no delimiter is exactly the case Table 6.2-1 permits when it says trailing null components and their delimiters may be omitted. No length, character set or delimiter rule in PS3.5 6.2 is broken by these values. dciodvfy is reporting that the value looks like an unstructured ACR-NEMA era name rather than a structured one, which is a judgement about value quality and not a conformance requirement. Patient's Name (0010,0010) is Type 2 in the Patient Module, so its content is unconstrained beyond the VR. Recorded as PLAUSIBILITY rather than FLOOR because the complaint is about the shape of a value, not about a construct the IOD tables permit."
dciodvfy,fb3d1edad913,Warning - Value dubious for this VR - (TAG) PN Patient's Name PN [1] = <157357> - Retired Person Name form,Warning,12,PLAUSIBILITY,PS3.5 6.2 Value Representation,"PS3.5 Table 6.2-1 DICOM Value Representations, row PN Person Name","PS3.5 Table 6.2-1, PN: ""Any of the five components may be an empty string. The component delimiter shall be the caret ""^"" character (5EH). There shall be no more than four component delimiters, i.e., none after the last component if all components are present. Delimiters are required for interior null components. Trailing null components and their delimiters may be omitted.""","A PN value carrying a single component and no delimiter is exactly the case Table 6.2-1 permits when it says trailing null components and their delimiters may be omitted. No length, character set or delimiter rule in PS3.5 6.2 is broken by these values. dciodvfy is reporting that the value looks like an unstructured ACR-NEMA era name rather than a structured one, which is a judgement about value quality and not a conformance requirement. Patient's Name (0010,0010) is Type 2 in the Patient Module, so its content is unconstrained beyond the VR. Recorded as PLAUSIBILITY rather than FLOOR because the complaint is about the shape of a value, not about a construct the IOD tables permit."
dciodvfy,42435c890dab,Warning - Value dubious for this VR - (TAG) PN Patient's Name PN [1] = <157876> - Retired Person Name form,Warning,12,PLAUSIBILITY,PS3.5 6.2 Value Representation,"PS3.5 Table 6.2-1 DICOM Value Representations, row PN Person Name","PS3.5 Table 6.2-1, PN: ""Any of the five components may be an empty string. The component delimiter shall be the caret ""^"" character (5EH). There shall be no more than four component delimiters, i.e., none after the last component if all components are present. Delimiters are required for interior null components. Trailing null components and their delimiters may be omitted.""","A PN value carrying a single component and no delimiter is exactly the case Table 6.2-1 permits when it says trailing null components and their delimiters may be omitted. No length, character set or delimiter rule in PS3.5 6.2 is broken by these values. dciodvfy is reporting that the value looks like an unstructured ACR-NEMA era name rather than a structured one, which is a judgement about value quality and not a conformance requirement. Patient's Name (0010,0010) is Type 2 in the Patient Module, so its content is unconstrained beyond the VR. Recorded as PLAUSIBILITY rather than FLOOR because the complaint is about the shape of a value, not about a construct the IOD tables permit."
dciodvfy,094a5533a029,Warning - Value dubious for this VR - (TAG) PN Patient's Name PN [1] = <182825> - Retired Person Name form,Warning,12,PLAUSIBILITY,PS3.5 6.2 Value Representation,"PS3.5 Table 6.2-1 DICOM Value Representations, row PN Person Name","PS3.5 Table 6.2-1, PN: ""Any of the five components may be an empty string. The component delimiter shall be the caret ""^"" character (5EH). There shall be no more than four component delimiters, i.e., none after the last component if all components are present. Delimiters are required for interior null components. Trailing null components and their delimiters may be omitted.""","A PN value carrying a single component and no delimiter is exactly the case Table 6.2-1 permits when it says trailing null components and their delimiters may be omitted. No length, character set or delimiter rule in PS3.5 6.2 is broken by these values. dciodvfy is reporting that the value looks like an unstructured ACR-NEMA era name rather than a structured one, which is a judgement about value quality and not a conformance requirement. Patient's Name (0010,0010) is Type 2 in the Patient Module, so its content is unconstrained beyond the VR. Recorded as PLAUSIBILITY rather than FLOOR because the complaint is about the shape of a value, not about a construct the IOD tables permit."
dciodvfy,768eba208839,Warning - Value dubious for this VR - (TAG) PN Patient's Name PN [1] = <200320> - Retired Person Name form,Warning,12,PLAUSIBILITY,PS3.5 6.2 Value Representation,"PS3.5 Table 6.2-1 DICOM Value Representations, row PN Person Name","PS3.5 Table 6.2-1, PN: ""Any of the five components may be an empty string. The component delimiter shall be the caret ""^"" character (5EH). There shall be no more than four component delimiters, i.e., none after the last component if all components are present. Delimiters are required for interior null components. Trailing null components and their delimiters may be omitted.""","A PN value carrying a single component and no delimiter is exactly the case Table 6.2-1 permits when it says trailing null components and their delimiters may be omitted. No length, character set or delimiter rule in PS3.5 6.2 is broken by these values. dciodvfy is reporting that the value looks like an unstructured ACR-NEMA era name rather than a structured one, which is a judgement about value quality and not a conformance requirement. Patient's Name (0010,0010) is Type 2 in the Patient Module, so its content is unconstrained beyond the VR. Recorded as PLAUSIBILITY rather than FLOOR because the complaint is about the shape of a value, not about a construct the IOD tables permit."
dciodvfy,3ebdcd29c02e,Warning - Value dubious for this VR - (TAG) PN Patient's Name PN [1] = <209868> - Retired Person Name form,Warning,12,PLAUSIBILITY,PS3.5 6.2 Value Representation,"PS3.5 Table 6.2-1 DICOM Value Representations, row PN Person Name","PS3.5 Table 6.2-1, PN: ""Any of the five components may be an empty string. The component delimiter shall be the caret ""^"" character (5EH). There shall be no more than four component delimiters, i.e., none after the last component if all components are present. Delimiters are required for interior null components. Trailing null components and their delimiters may be omitted.""","A PN value carrying a single component and no delimiter is exactly the case Table 6.2-1 permits when it says trailing null components and their delimiters may be omitted. No length, character set or delimiter rule in PS3.5 6.2 is broken by these values. dciodvfy is reporting that the value looks like an unstructured ACR-NEMA era name rather than a structured one, which is a judgement about value quality and not a conformance requirement. Patient's Name (0010,0010) is Type 2 in the Patient Module, so its content is unconstrained beyond the VR. Recorded as PLAUSIBILITY rather than FLOOR because the complaint is about the shape of a value, not about a construct the IOD tables permit."
dciodvfy,4ecf6197af84,Warning - Value dubious for this VR - (TAG) PN Patient's Name PN [1] = <229925> - Retired Person Name form,Warning,12,PLAUSIBILITY,PS3.5 6.2 Value Representation,"PS3.5 Table 6.2-1 DICOM Value Representations, row PN Person Name","PS3.5 Table 6.2-1, PN: ""Any of the five components may be an empty string. The component delimiter shall be the caret ""^"" character (5EH). There shall be no more than four component delimiters, i.e., none after the last component if all components are present. Delimiters are required for interior null components. Trailing null components and their delimiters may be omitted.""","A PN value carrying a single component and no delimiter is exactly the case Table 6.2-1 permits when it says trailing null components and their delimiters may be omitted. No length, character set or delimiter rule in PS3.5 6.2 is broken by these values. dciodvfy is reporting that the value looks like an unstructured ACR-NEMA era name rather than a structured one, which is a judgement about value quality and not a conformance requirement. Patient's Name (0010,0010) is Type 2 in the Patient Module, so its content is unconstrained beyond the VR. Recorded as PLAUSIBILITY rather than FLOOR because the complaint is about the shape of a value, not about a construct the IOD tables permit."
dciodvfy,ddd057e3f4bd,Warning - Value dubious for this VR - (TAG) PN Patient's Name PN [1] = <231091> - Retired Person Name form,Warning,12,PLAUSIBILITY,PS3.5 6.2 Value Representation,"PS3.5 Table 6.2-1 DICOM Value Representations, row PN Person Name","PS3.5 Table 6.2-1, PN: ""Any of the five components may be an empty string. The component delimiter shall be the caret ""^"" character (5EH). There shall be no more than four component delimiters, i.e., none after the last component if all components are present. Delimiters are required for interior null components. Trailing null components and their delimiters may be omitted.""","A PN value carrying a single component and no delimiter is exactly the case Table 6.2-1 permits when it says trailing null components and their delimiters may be omitted. No length, character set or delimiter rule in PS3.5 6.2 is broken by these values. dciodvfy is reporting that the value looks like an unstructured ACR-NEMA era name rather than a structured one, which is a judgement about value quality and not a conformance requirement. Patient's Name (0010,0010) is Type 2 in the Patient Module, so its content is unconstrained beyond the VR. Recorded as PLAUSIBILITY rather than FLOOR because the complaint is about the shape of a value, not about a construct the IOD tables permit."
dciodvfy,61d8c8c59970,Warning - Value dubious for this VR - (TAG) PN Patient's Name PN [1] = <238644> - Retired Person Name form,Warning,12,PLAUSIBILITY,PS3.5 6.2 Value Representation,"PS3.5 Table 6.2-1 DICOM Value Representations, row PN Person Name","PS3.5 Table 6.2-1, PN: ""Any of the five components may be an empty string. The component delimiter shall be the caret ""^"" character (5EH). There shall be no more than four component delimiters, i.e., none after the last component if all components are present. Delimiters are required for interior null components. Trailing null components and their delimiters may be omitted.""","A PN value carrying a single component and no delimiter is exactly the case Table 6.2-1 permits when it says trailing null components and their delimiters may be omitted. No length, character set or delimiter rule in PS3.5 6.2 is broken by these values. dciodvfy is reporting that the value looks like an unstructured ACR-NEMA era name rather than a structured one, which is a judgement about value quality and not a conformance requirement. Patient's Name (0010,0010) is Type 2 in the Patient Module, so its content is unconstrained beyond the VR. Recorded as PLAUSIBILITY rather than FLOOR because the complaint is about the shape of a value, not about a construct the IOD tables permit."
dciodvfy,9003826dca02,Warning - Value dubious for this VR - (TAG) PN Patient's Name PN [1] = <243509> - Retired Person Name form,Warning,12,PLAUSIBILITY,PS3.5 6.2 Value Representation,"PS3.5 Table 6.2-1 DICOM Value Representations, row PN Person Name","PS3.5 Table 6.2-1, PN: ""Any of the five components may be an empty string. The component delimiter shall be the caret ""^"" character (5EH). There shall be no more than four component delimiters, i.e., none after the last component if all components are present. Delimiters are required for interior null components. Trailing null components and their delimiters may be omitted.""","A PN value carrying a single component and no delimiter is exactly the case Table 6.2-1 permits when it says trailing null components and their delimiters may be omitted. No length, character set or delimiter rule in PS3.5 6.2 is broken by these values. dciodvfy is reporting that the value looks like an unstructured ACR-NEMA era name rather than a structured one, which is a judgement about value quality and not a conformance requirement. Patient's Name (0010,0010) is Type 2 in the Patient Module, so its content is unconstrained beyond the VR. Recorded as PLAUSIBILITY rather than FLOOR because the complaint is about the shape of a value, not about a construct the IOD tables permit."
dciodvfy,13dcac3f2161,Warning - Value dubious for this VR - (TAG) PN Patient's Name PN [1] = <244660> - Retired Person Name form,Warning,12,PLAUSIBILITY,PS3.5 6.2 Value Representation,"PS3.5 Table 6.2-1 DICOM Value Representations, row PN Person Name","PS3.5 Table 6.2-1, PN: ""Any of the five components may be an empty string. The component delimiter shall be the caret ""^"" character (5EH). There shall be no more than four component delimiters, i.e., none after the last component if all components are present. Delimiters are required for interior null components. Trailing null components and their delimiters may be omitted.""","A PN value carrying a single component and no delimiter is exactly the case Table 6.2-1 permits when it says trailing null components and their delimiters may be omitted. No length, character set or delimiter rule in PS3.5 6.2 is broken by these values. dciodvfy is reporting that the value looks like an unstructured ACR-NEMA era name rather than a structured one, which is a judgement about value quality and not a conformance requirement. Patient's Name (0010,0010) is Type 2 in the Patient Module, so its content is unconstrained beyond the VR. Recorded as PLAUSIBILITY rather than FLOOR because the complaint is about the shape of a value, not about a construct the IOD tables permit."
dciodvfy,795d9a9c3174,Warning - Value dubious for this VR - (TAG) PN Patient's Name PN [1] = <269755> - Retired Person Name form,Warning,12,PLAUSIBILITY,PS3.5 6.2 Value Representation,"PS3.5 Table 6.2-1 DICOM Value Representations, row PN Person Name","PS3.5 Table 6.2-1, PN: ""Any of the five components may be an empty string. The component delimiter shall be the caret ""^"" character (5EH). There shall be no more than four component delimiters, i.e., none after the last component if all components are present. Delimiters are required for interior null components. Trailing null components and their delimiters may be omitted.""","A PN value carrying a single component and no delimiter is exactly the case Table 6.2-1 permits when it says trailing null components and their delimiters may be omitted. No length, character set or delimiter rule in PS3.5 6.2 is broken by these values. dciodvfy is reporting that the value looks like an unstructured ACR-NEMA era name rather than a structured one, which is a judgement about value quality and not a conformance requirement. Patient's Name (0010,0010) is Type 2 in the Patient Module, so its content is unconstrained beyond the VR. Recorded as PLAUSIBILITY rather than FLOOR because the complaint is about the shape of a value, not about a construct the IOD tables permit."
dciodvfy,9dc0c5458436,Warning - Value dubious for this VR - (TAG) PN Patient's Name PN [1] = <277654> - Retired Person Name form,Warning,12,PLAUSIBILITY,PS3.5 6.2 Value Representation,"PS3.5 Table 6.2-1 DICOM Value Representations, row PN Person Name","PS3.5 Table 6.2-1, PN: ""Any of the five components may be an empty string. The component delimiter shall be the caret ""^"" character (5EH). There shall be no more than four component delimiters, i.e., none after the last component if all components are present. Delimiters are required for interior null components. Trailing null components and their delimiters may be omitted.""","A PN value carrying a single component and no delimiter is exactly the case Table 6.2-1 permits when it says trailing null components and their delimiters may be omitted. No length, character set or delimiter rule in PS3.5 6.2 is broken by these values. dciodvfy is reporting that the value looks like an unstructured ACR-NEMA era name rather than a structured one, which is a judgement about value quality and not a conformance requirement. Patient's Name (0010,0010) is Type 2 in the Patient Module, so its content is unconstrained beyond the VR. Recorded as PLAUSIBILITY rather than FLOOR because the complaint is about the shape of a value, not about a construct the IOD tables permit."
dciodvfy,d9a7e9292901,Warning - Value dubious for this VR - (TAG) PN Patient's Name PN [1] = <293546> - Retired Person Name form,Warning,12,PLAUSIBILITY,PS3.5 6.2 Value Representation,"PS3.5 Table 6.2-1 DICOM Value Representations, row PN Person Name","PS3.5 Table 6.2-1, PN: ""Any of the five components may be an empty string. The component delimiter shall be the caret ""^"" character (5EH). There shall be no more than four component delimiters, i.e., none after the last component if all components are present. Delimiters are required for interior null components. Trailing null components and their delimiters may be omitted.""","A PN value carrying a single component and no delimiter is exactly the case Table 6.2-1 permits when it says trailing null components and their delimiters may be omitted. No length, character set or delimiter rule in PS3.5 6.2 is broken by these values. dciodvfy is reporting that the value looks like an unstructured ACR-NEMA era name rather than a structured one, which is a judgement about value quality and not a conformance requirement. Patient's Name (0010,0010) is Type 2 in the Patient Module, so its content is unconstrained beyond the VR. Recorded as PLAUSIBILITY rather than FLOOR because the complaint is about the shape of a value, not about a construct the IOD tables permit."
dciodvfy,700b417c1b0e,Warning - Value dubious for this VR - (TAG) PN Patient's Name PN [1] = <296698> - Retired Person Name form,Warning,12,PLAUSIBILITY,PS3.5 6.2 Value Representation,"PS3.5 Table 6.2-1 DICOM Value Representations, row PN Person Name","PS3.5 Table 6.2-1, PN: ""Any of the five components may be an empty string. The component delimiter shall be the caret ""^"" character (5EH). There shall be no more than four component delimiters, i.e., none after the last component if all components are present. Delimiters are required for interior null components. Trailing null components and their delimiters may be omitted.""","A PN value carrying a single component and no delimiter is exactly the case Table 6.2-1 permits when it says trailing null components and their delimiters may be omitted. No length, character set or delimiter rule in PS3.5 6.2 is broken by these values. dciodvfy is reporting that the value looks like an unstructured ACR-NEMA era name rather than a structured one, which is a judgement about value quality and not a conformance requirement. Patient's Name (0010,0010) is Type 2 in the Patient Module, so its content is unconstrained beyond the VR. Recorded as PLAUSIBILITY rather than FLOOR because the complaint is about the shape of a value, not about a construct the IOD tables permit."
dciodvfy,459613cc4d8f,Warning - Value dubious for this VR - (TAG) PN Patient's Name PN [1] = <301889> - Retired Person Name form,Warning,12,PLAUSIBILITY,PS3.5 6.2 Value Representation,"PS3.5 Table 6.2-1 DICOM Value Representations, row PN Person Name","PS3.5 Table 6.2-1, PN: ""Any of the five components may be an empty string. The component delimiter shall be the caret ""^"" character (5EH). There shall be no more than four component delimiters, i.e., none after the last component if all components are present. Delimiters are required for interior null components. Trailing null components and their delimiters may be omitted.""","A PN value carrying a single component and no delimiter is exactly the case Table 6.2-1 permits when it says trailing null components and their delimiters may be omitted. No length, character set or delimiter rule in PS3.5 6.2 is broken by these values. dciodvfy is reporting that the value looks like an unstructured ACR-NEMA era name rather than a structured one, which is a judgement about value quality and not a conformance requirement. Patient's Name (0010,0010) is Type 2 in the Patient Module, so its content is unconstrained beyond the VR. Recorded as PLAUSIBILITY rather than FLOOR because the complaint is about the shape of a value, not about a construct the IOD tables permit."
dciodvfy,6c4f0cb87cf0,Warning - Value dubious for this VR - (TAG) PN Patient's Name PN [1] = <308221> - Retired Person Name form,Warning,12,PLAUSIBILITY,PS3.5 6.2 Value Representation,"PS3.5 Table 6.2-1 DICOM Value Representations, row PN Person Name","PS3.5 Table 6.2-1, PN: ""Any of the five components may be an empty string. The component delimiter shall be the caret ""^"" character (5EH). There shall be no more than four component delimiters, i.e., none after the last component if all components are present. Delimiters are required for interior null components. Trailing null components and their delimiters may be omitted.""","A PN value carrying a single component and no delimiter is exactly the case Table 6.2-1 permits when it says trailing null components and their delimiters may be omitted. No length, character set or delimiter rule in PS3.5 6.2 is broken by these values. dciodvfy is reporting that the value looks like an unstructured ACR-NEMA era name rather than a structured one, which is a judgement about value quality and not a conformance requirement. Patient's Name (0010,0010) is Type 2 in the Patient Module, so its content is unconstrained beyond the VR. Recorded as PLAUSIBILITY rather than FLOOR because the complaint is about the shape of a value, not about a construct the IOD tables permit."
dciodvfy,4fe5563f9dca,Warning - Value dubious for this VR - (TAG) PN Patient's Name PN [1] = <314333> - Retired Person Name form,Warning,12,PLAUSIBILITY,PS3.5 6.2 Value Representation,"PS3.5 Table 6.2-1 DICOM Value Representations, row PN Person Name","PS3.5 Table 6.2-1, PN: ""Any of the five components may be an empty string. The component delimiter shall be the caret ""^"" character (5EH). There shall be no more than four component delimiters, i.e., none after the last component if all components are present. Delimiters are required for interior null components. Trailing null components and their delimiters may be omitted.""","A PN value carrying a single component and no delimiter is exactly the case Table 6.2-1 permits when it says trailing null components and their delimiters may be omitted. No length, character set or delimiter rule in PS3.5 6.2 is broken by these values. dciodvfy is reporting that the value looks like an unstructured ACR-NEMA era name rather than a structured one, which is a judgement about value quality and not a conformance requirement. Patient's Name (0010,0010) is Type 2 in the Patient Module, so its content is unconstrained beyond the VR. Recorded as PLAUSIBILITY rather than FLOOR because the complaint is about the shape of a value, not about a construct the IOD tables permit."
dciodvfy,21d3d71e7b65,Warning - Value dubious for this VR - (TAG) PN Patient's Name PN [1] = <315906> - Retired Person Name form,Warning,12,PLAUSIBILITY,PS3.5 6.2 Value Representation,"PS3.5 Table 6.2-1 DICOM Value Representations, row PN Person Name","PS3.5 Table 6.2-1, PN: ""Any of the five components may be an empty string. The component delimiter shall be the caret ""^"" character (5EH). There shall be no more than four component delimiters, i.e., none after the last component if all components are present. Delimiters are required for interior null components. Trailing null components and their delimiters may be omitted.""","A PN value carrying a single component and no delimiter is exactly the case Table 6.2-1 permits when it says trailing null components and their delimiters may be omitted. No length, character set or delimiter rule in PS3.5 6.2 is broken by these values. dciodvfy is reporting that the value looks like an unstructured ACR-NEMA era name rather than a structured one, which is a judgement about value quality and not a conformance requirement. Patient's Name (0010,0010) is Type 2 in the Patient Module, so its content is unconstrained beyond the VR. Recorded as PLAUSIBILITY rather than FLOOR because the complaint is about the shape of a value, not about a construct the IOD tables permit."
dciodvfy,6f68d706b3b4,Warning - Value dubious for this VR - (TAG) PN Patient's Name PN [1] = <318903> - Retired Person Name form,Warning,12,PLAUSIBILITY,PS3.5 6.2 Value Representation,"PS3.5 Table 6.2-1 DICOM Value Representations, row PN Person Name","PS3.5 Table 6.2-1, PN: ""Any of the five components may be an empty string. The component delimiter shall be the caret ""^"" character (5EH). There shall be no more than four component delimiters, i.e., none after the last component if all components are present. Delimiters are required for interior null components. Trailing null components and their delimiters may be omitted.""","A PN value carrying a single component and no delimiter is exactly the case Table 6.2-1 permits when it says trailing null components and their delimiters may be omitted. No length, character set or delimiter rule in PS3.5 6.2 is broken by these values. dciodvfy is reporting that the value looks like an unstructured ACR-NEMA era name rather than a structured one, which is a judgement about value quality and not a conformance requirement. Patient's Name (0010,0010) is Type 2 in the Patient Module, so its content is unconstrained beyond the VR. Recorded as PLAUSIBILITY rather than FLOOR because the complaint is about the shape of a value, not about a construct the IOD tables permit."
dciodvfy,8de6774298e0,Warning - Value dubious for this VR - (TAG) PN Patient's Name PN [1] = <324303> - Retired Person Name form,Warning,12,PLAUSIBILITY,PS3.5 6.2 Value Representation,"PS3.5 Table 6.2-1 DICOM Value Representations, row PN Person Name","PS3.5 Table 6.2-1, PN: ""Any of the five components may be an empty string. The component delimiter shall be the caret ""^"" character (5EH). There shall be no more than four component delimiters, i.e., none after the last component if all components are present. Delimiters are required for interior null components. Trailing null components and their delimiters may be omitted.""","A PN value carrying a single component and no delimiter is exactly the case Table 6.2-1 permits when it says trailing null components and their delimiters may be omitted. No length, character set or delimiter rule in PS3.5 6.2 is broken by these values. dciodvfy is reporting that the value looks like an unstructured ACR-NEMA era name rather than a structured one, which is a judgement about value quality and not a conformance requirement. Patient's Name (0010,0010) is Type 2 in the Patient Module, so its content is unconstrained beyond the VR. Recorded as PLAUSIBILITY rather than FLOOR because the complaint is about the shape of a value, not about a construct the IOD tables permit."
dciodvfy,69c66e31383e,Warning - Value dubious for this VR - (TAG) PN Patient's Name PN [1] = <335900> - Retired Person Name form,Warning,12,PLAUSIBILITY,PS3.5 6.2 Value Representation,"PS3.5 Table 6.2-1 DICOM Value Representations, row PN Person Name","PS3.5 Table 6.2-1, PN: ""Any of the five components may be an empty string. The component delimiter shall be the caret ""^"" character (5EH). There shall be no more than four component delimiters, i.e., none after the last component if all components are present. Delimiters are required for interior null components. Trailing null components and their delimiters may be omitted.""","A PN value carrying a single component and no delimiter is exactly the case Table 6.2-1 permits when it says trailing null components and their delimiters may be omitted. No length, character set or delimiter rule in PS3.5 6.2 is broken by these values. dciodvfy is reporting that the value looks like an unstructured ACR-NEMA era name rather than a structured one, which is a judgement about value quality and not a conformance requirement. Patient's Name (0010,0010) is Type 2 in the Patient Module, so its content is unconstrained beyond the VR. Recorded as PLAUSIBILITY rather than FLOOR because the complaint is about the shape of a value, not about a construct the IOD tables permit."
dciodvfy,e55baf9bd08e,Warning - Value dubious for this VR - (TAG) PN Patient's Name PN [1] = <573377> - Retired Person Name form,Warning,12,PLAUSIBILITY,PS3.5 6.2 Value Representation,"PS3.5 Table 6.2-1 DICOM Value Representations, row PN Person Name","PS3.5 Table 6.2-1, PN: ""Any of the five components may be an empty string. The component delimiter shall be the caret ""^"" character (5EH). There shall be no more than four component delimiters, i.e., none after the last component if all components are present. Delimiters are required for interior null components. Trailing null components and their delimiters may be omitted.""","A PN value carrying a single component and no delimiter is exactly the case Table 6.2-1 permits when it says trailing null components and their delimiters may be omitted. No length, character set or delimiter rule in PS3.5 6.2 is broken by these values. dciodvfy is reporting that the value looks like an unstructured ACR-NEMA era name rather than a structured one, which is a judgement about value quality and not a conformance requirement. Patient's Name (0010,0010) is Type 2 in the Patient Module, so its content is unconstrained beyond the VR. Recorded as PLAUSIBILITY rather than FLOOR because the complaint is about the shape of a value, not about a construct the IOD tables permit."
dciodvfy,18e8e59eb754,Warning - Value dubious for this VR - (TAG) PN Patient's Name PN [1] = <643677> - Retired Person Name form,Warning,12,PLAUSIBILITY,PS3.5 6.2 Value Representation,"PS3.5 Table 6.2-1 DICOM Value Representations, row PN Person Name","PS3.5 Table 6.2-1, PN: ""Any of the five components may be an empty string. The component delimiter shall be the caret ""^"" character (5EH). There shall be no more than four component delimiters, i.e., none after the last component if all components are present. Delimiters are required for interior null components. Trailing null components and their delimiters may be omitted.""","A PN value carrying a single component and no delimiter is exactly the case Table 6.2-1 permits when it says trailing null components and their delimiters may be omitted. No length, character set or delimiter rule in PS3.5 6.2 is broken by these values. dciodvfy is reporting that the value looks like an unstructured ACR-NEMA era name rather than a structured one, which is a judgement about value quality and not a conformance requirement. Patient's Name (0010,0010) is Type 2 in the Patient Module, so its content is unconstrained beyond the VR. Recorded as PLAUSIBILITY rather than FLOOR because the complaint is about the shape of a value, not about a construct the IOD tables permit."
dciodvfy,4469b7e1da6a,Warning - Value dubious for this VR - (TAG) PN Patient's Name PN [1] = <714842> - Retired Person Name form,Warning,12,PLAUSIBILITY,PS3.5 6.2 Value Representation,"PS3.5 Table 6.2-1 DICOM Value Representations, row PN Person Name","PS3.5 Table 6.2-1, PN: ""Any of the five components may be an empty string. The component delimiter shall be the caret ""^"" character (5EH). There shall be no more than four component delimiters, i.e., none after the last component if all components are present. Delimiters are required for interior null components. Trailing null components and their delimiters may be omitted.""","A PN value carrying a single component and no delimiter is exactly the case Table 6.2-1 permits when it says trailing null components and their delimiters may be omitted. No length, character set or delimiter rule in PS3.5 6.2 is broken by these values. dciodvfy is reporting that the value looks like an unstructured ACR-NEMA era name rather than a structured one, which is a judgement about value quality and not a conformance requirement. Patient's Name (0010,0010) is Type 2 in the Patient Module, so its content is unconstrained beyond the VR. Recorded as PLAUSIBILITY rather than FLOOR because the complaint is about the shape of a value, not about a construct the IOD tables permit."
dciodvfy,3fae8fcc3fa4,Warning - Value dubious for this VR - (TAG) PN Patient's Name PN [1] = <895032> - Retired Person Name form,Warning,12,PLAUSIBILITY,PS3.5 6.2 Value Representation,"PS3.5 Table 6.2-1 DICOM Value Representations, row PN Person Name","PS3.5 Table 6.2-1, PN: ""Any of the five components may be an empty string. The component delimiter shall be the caret ""^"" character (5EH). There shall be no more than four component delimiters, i.e., none after the last component if all components are present. Delimiters are required for interior null components. Trailing null components and their delimiters may be omitted.""","A PN value carrying a single component and no delimiter is exactly the case Table 6.2-1 permits when it says trailing null components and their delimiters may be omitted. No length, character set or delimiter rule in PS3.5 6.2 is broken by these values. dciodvfy is reporting that the value looks like an unstructured ACR-NEMA era name rather than a structured one, which is a judgement about value quality and not a conformance requirement. Patient's Name (0010,0010) is Type 2 in the Patient Module, so its content is unconstrained beyond the VR. Recorded as PLAUSIBILITY rather than FLOOR because the complaint is about the shape of a value, not about a construct the IOD tables permit."
dciodvfy,249aa045bbf3,Warning - Value dubious for this VR - (TAG) PN Patient's Name PN [1] = <978961> - Retired Person Name form,Warning,12,PLAUSIBILITY,PS3.5 6.2 Value Representation,"PS3.5 Table 6.2-1 DICOM Value Representations, row PN Person Name","PS3.5 Table 6.2-1, PN: ""Any of the five components may be an empty string. The component delimiter shall be the caret ""^"" character (5EH). There shall be no more than four component delimiters, i.e., none after the last component if all components are present. Delimiters are required for interior null components. Trailing null components and their delimiters may be omitted.""","A PN value carrying a single component and no delimiter is exactly the case Table 6.2-1 permits when it says trailing null components and their delimiters may be omitted. No length, character set or delimiter rule in PS3.5 6.2 is broken by these values. dciodvfy is reporting that the value looks like an unstructured ACR-NEMA era name rather than a structured one, which is a judgement about value quality and not a conformance requirement. Patient's Name (0010,0010) is Type 2 in the Patient Module, so its content is unconstrained beyond the VR. Recorded as PLAUSIBILITY rather than FLOOR because the complaint is about the shape of a value, not about a construct the IOD tables permit."
