validator,message_class_id,message_template,severity_as_emitted,objects,adjudication,citation_section,citation_table,citation_quote,rationale
dciodvfy,76ab0c6981d2,Warning - CodingSchemeDesignator is deprecated - attribute <CodingSchemeDesignator> = <SRT>,Warning,2118,FLOOR,PS3.16 Section 8 Coding Schemes and Section 8.1 SNOMED CT; PS3.3 Section 8.2 Coding Scheme Designator and Coding Scheme Version,PS3.16 Table 8-1 Coding Schemes,"PS3.16 Table 8-1, row ""SRT"", Description column: ""[SNOMED], using the \""SNOMED-RT style\"" Code Values (see Section 8.1)"", carrying the Note: ""This Coding Scheme is deprecated. The use of \""SNOMED-RT style\"" Code Values is no longer authorized by SNOMED except for creation by legacy devices, legacy objects in archives, and receiving systems that need to understand them."" PS3.3 Section 8.2: ""Standard Coding Scheme designators used in DICOM information interchange are listed in PS3.16."" PS3.16 Section 8.1: ""It is the responsibility of such Application Entities to convert any alphanumeric SnomedID with Coding Scheme Designator \""SRT\"" used in old DICOM objects and services to the corresponding numeric ConceptID code.""","SRT is still a row of the normative Table 8-1 in the pinned edition, and the note contemplates legacy objects in archives explicitly. The obligation PS3.16 Section 8.1 states falls on the receiving Application Entity, not on the stored object, and PS3.16 Annex O exists to let receivers discharge it. No shall anywhere in the citation chain forbids a stored object from carrying SRT. dciodvfy's own wording is that the designator is deprecated, not that it is not permitted, and the message is emitted at Warning severity."
dciodvfy,4a71864409dc,Warning - Missing attribute or value that would be needed to build DICOMDIR - Study Time,Warning,1356,NOT-IOD,"not applicable, the message is not about IOD conformance",not applicable,,"The canonical NOT-IOD case named in the rubric. The attribute is wanted for a DICOMDIR directory record, which is a Media Storage matter in PS3.10 and PS3.11, and its absence is not a statement about the Type of the attribute in this IOD. dciodvfy emits it at Warning severity and does not name a Type."
dciodvfy,815f5dab3ba7,Warning - Missing attribute or value that would be needed to build DICOMDIR - Study ID,Warning,891,NOT-IOD,"not applicable, the message is not about IOD conformance",not applicable,,"The canonical NOT-IOD case named in the rubric. The attribute is wanted for a DICOMDIR directory record, which is a Media Storage matter in PS3.10 and PS3.11, and its absence is not a statement about the Type of the attribute in this IOD. dciodvfy emits it at Warning severity and does not name a Type."
dciodvfy,a11ed153ed0a,Error - Shall not be present for Referenced SOP Class that is not multi-frame - attribute <ReferencedFrameNumber>,Error,722,NET,"PS3.3 Section C.18.4 Image Reference Macro, reached from Section C.17.3 SR Document Content Module via Section C.17.3.3 Document Content Macro; Type 1C requirement in PS3.5 Section 7.4.2","PS3.3 Table C.18.4-1 Image Reference Macro Attributes; included by PS3.3 Table C.17-5 Document Content Macro Attributes, which is included by PS3.3 Table C.17-4 SR Document Content Module Attributes","PS3.3 Table C.18.4-1, row "">Referenced Frame Number"", tag (0008,1160), Type 1C: ""Identifies the Frame numbers within the Referenced SOP Instance to which the reference applies. The first Frame shall be denoted as Frame number 1. Required if the Referenced SOP Instance is a Multi-frame Image and the reference does not apply to all Frames, and Referenced Segment Number (0062,000B) is not present."" PS3.3 Table C.17-5: ""Include Table C.18.4-1 Image Reference Macro Attributes if and only if Value Type (0040,A040) is IMAGE."" PS3.5 Section 7.4.2 Type 1C Conditional Data Elements: ""When the specified conditions are not met, Type 1C Data Elements shall not be included in the Data Set unless it is specified that they may be present otherwise.""","dciodvfy reports that the Referenced SOP Class is not multi-frame, so the first clause of the three-clause condition is false and the condition is not met. PS3.5 Section 7.4.2 then makes presence a protocol violation unless the attribute is separately allowed to be present otherwise, and Table C.18.4-1 carries no such allowance for (0008,1160). The standard uses the phrase May be present otherwise where it intends it, for example on Current Requested Procedure Evidence Sequence (0040,A375) in Table C.17-2, and does not use it here. Two residuals are recorded and not resolved: the condition is written on the Referenced SOP Instance while dciodvfy evaluates it from the Referenced SOP Class UID, which is exact only for SOP Classes that admit no multi-frame Instance; and no PS3.16 template text was found that permits the attribute for a single-frame reference."
dciodvfy,7a5040220071,Warning - Value dubious for this VR - (TAG) PN Person Name PN [1] = <Removed> - Retired Person Name form,Warning,566,PLAUSIBILITY,"not applicable, no requirement is cited by the message",not applicable,,"Named in the rubric as a plausibility heuristic. The message is about the shape of a PN value, a single component with no caret delimiters, which PS3.5 Table 6.2-1 permits for VR PN. No Type and no condition is asserted, and dciodvfy emits it at Warning severity with the word dubious."
dciodvfy,14603f34e31e,Warning - Value dubious for this VR - (TAG) PN Patient's Name PN [1] = <QIBA_CT_1C> - Retired Person Name form,Warning,462,PLAUSIBILITY,"not applicable, no requirement is cited by the message",not applicable,,"Named in the rubric as a plausibility heuristic. The message is about the shape of a PN value, a single component with no caret delimiters, which PS3.5 Table 6.2-1 permits for VR PN. No Type and no condition is asserted, and dciodvfy emits it at Warning severity with the word dubious."
dciodvfy,71c024f95948,Error - Referenced SOP Instance is not listed in CurrentRequestedProcedureEvidenceSequence or PertinentOtherEvidenceSequence but have IMAGE ReferencedSOPInstanceUID UID,Error,462,NET,PS3.3 Section C.17.2 SR Document General Module and Section C.17.2.3 Current Requested Procedure Evidence Sequence and Pertinent Other Evidence Sequence,PS3.3 Table C.17-2 SR Document General Module Attributes,"PS3.3 Table C.17-2, row ""Current Requested Procedure Evidence Sequence"", tag (0040,A375), Type 1C: ""Full set of Composite SOP Instances, of which the creator is aware, which were created to satisfy the current Requested Procedure(s) for which this SR Document is generated or that are referenced in the Content Tree."" PS3.3 Section C.17.2.3: ""The intent of the Current Requested Procedure Evidence Sequence (0040,A375) is to reference all evidence created in order to satisfy the current Requested Procedure(s) for this SR Document. This shall include, but is not limited to, all current evidence referenced in the Content Tree."" and ""For other SOP Instances that include the SR Document General Module, this Sequence shall contain at minimum the set of Composite SOP Instances from the current Requested Procedure(s) that are referenced in the Content Tree."" and ""For the purposes of inclusion in the Current Requested Procedure Evidence Sequence (0040,A375) and the Pertinent Other Evidence Sequence (0040,A385), the set of Composite SOP Instances is defined to include not only the images and waveforms referenced in the Content Tree, but also all presentation states, Real World Value maps and other accompanying Composite Instances that are referenced from the Content Items.""","Two message classes fall under this rule, one naming an image reference and one naming a presentation state reached from an IMAGE Content Item. Both are covered: the third quoted sentence of Section C.17.2.3 puts presentation states referenced from Content Items inside the set that has to be listed, and the second uses shall for content-tree references. The Comprehensive SR IOD includes the SR Document General Module, so Table C.17-2 applies."
dciodvfy,786c37754445,Warning - Unrecognized defined term <RP-101030> for value 1 of attribute <Coding Scheme Designator>,Warning,462,UNDECIDABLE,PS3.3 Section 8.2; PS3.16 Section 8,PS3.16 Table 8-1 Coding Schemes,"PS3.3 Section 8.2: ""Other Coding Scheme designators, for both private and public Coding Schemes, may be used, in accordance with PS3.16."" PS3.16 Section 8: ""Additionally, any Coding Scheme may be used that has an entry in the HL7 Registry of Coding Schemes (HL7 v2 Table 0396, or the equivalent online registry), in which case the HL7 Symbolic Name shall be used as the value for the Coding Scheme Designator in DICOM, as long as it does not conflict with an entry Table 8-1 and fits within the Value Representation of the DICOM Coding Scheme Designator (0008,0102) Attribute. As specified in the HL7 v2 Table 0396, local or private Coding Schemes shall be identified by an alphanumeric identifier beginning with the characters \""99\"".""","The permission in PS3.3 Section 8.2 is not open: it is in accordance with PS3.16, and PS3.16 Section 8 conditions it on an entry in HL7 v2 Table 0396 or, for private schemes, on a leading 99. The flagged value is not a row of Table 8-1 and does not begin with 99, and this study did not consult the HL7 registry, so neither limb can be closed. Reported as an ambiguity rather than resolved. dciodvfy emits it at Warning severity and asserts no Type or condition."
dciodvfy,f52b4de5674c,Error - Referenced SOP Instance is not listed in CurrentRequestedProcedureEvidenceSequence or PertinentOtherEvidenceSequence but have IMAGE PresentationState ReferencedSOPInstanceUID UID,Error,462,NET,PS3.3 Section C.17.2 SR Document General Module and Section C.17.2.3 Current Requested Procedure Evidence Sequence and Pertinent Other Evidence Sequence,PS3.3 Table C.17-2 SR Document General Module Attributes,"PS3.3 Table C.17-2, row ""Current Requested Procedure Evidence Sequence"", tag (0040,A375), Type 1C: ""Full set of Composite SOP Instances, of which the creator is aware, which were created to satisfy the current Requested Procedure(s) for which this SR Document is generated or that are referenced in the Content Tree."" PS3.3 Section C.17.2.3: ""The intent of the Current Requested Procedure Evidence Sequence (0040,A375) is to reference all evidence created in order to satisfy the current Requested Procedure(s) for this SR Document. This shall include, but is not limited to, all current evidence referenced in the Content Tree."" and ""For other SOP Instances that include the SR Document General Module, this Sequence shall contain at minimum the set of Composite SOP Instances from the current Requested Procedure(s) that are referenced in the Content Tree."" and ""For the purposes of inclusion in the Current Requested Procedure Evidence Sequence (0040,A375) and the Pertinent Other Evidence Sequence (0040,A385), the set of Composite SOP Instances is defined to include not only the images and waveforms referenced in the Content Tree, but also all presentation states, Real World Value maps and other accompanying Composite Instances that are referenced from the Content Items.""","Two message classes fall under this rule, one naming an image reference and one naming a presentation state reached from an IMAGE Content Item. Both are covered: the third quoted sentence of Section C.17.2.3 puts presentation states referenced from Content Items inside the set that has to be listed, and the second uses shall for content-tree references. The Comprehensive SR IOD includes the SR Document General Module, so Table C.17-2 applies."
dciodvfy,6abd0e852d78,Error - Dicom dataset contains invalid data values for Value Representations,Error,232,NET,PS3.5 Section 6.2 Value Representation,"PS3.5 Table 6.2-1 DICOM Value Representations, row DS","PS3.5 Table 6.2-1, row ""DS"" Decimal String, Length of Value column: ""16 bytes maximum"".","dciodvfy's roll-up line for the per-attribute VR errors in the same object. Measured, not assumed: the set of objects carrying this message is exactly the set carrying the DS length errors, 232 objects with zero on either side of the difference, so it carries the same citation and the same off-part flag. It adds no object to any numerator."
dciodvfy,3e71ea7ef539,Warning - Value dubious for this VR - (TAG) PN Patient's Name PN [1] = <UID> - Retired Person Name form,Warning,140,PLAUSIBILITY,"not applicable, no requirement is cited by the message",not applicable,,"Named in the rubric as a plausibility heuristic. The message is about the shape of a PN value, a single component with no caret delimiters, which PS3.5 Table 6.2-1 permits for VR PN. No Type and no condition is asserted, and dciodvfy emits it at Warning severity with the word dubious."
dciodvfy,1b00c347876d,Warning - Value dubious for this VR - (TAG) PN Person Name PN [1] = <QIBA CT 1B Round 2 Reader 3> - Retired Person Name form,Warning,52,PLAUSIBILITY,"not applicable, no requirement is cited by the message",not applicable,,"Named in the rubric as a plausibility heuristic. The message is about the shape of a PN value, a single component with no caret delimiters, which PS3.5 Table 6.2-1 permits for VR PN. No Type and no condition is asserted, and dciodvfy emits it at Warning severity with the word dubious."
dciodvfy,ae316ae75adc,Warning - Value dubious for this VR - (TAG) PN Person Name PN [1] = <QIBA CT 1B Round 2 Reader 5> - Retired Person Name form,Warning,52,PLAUSIBILITY,"not applicable, no requirement is cited by the message",not applicable,,"Named in the rubric as a plausibility heuristic. The message is about the shape of a PN value, a single component with no caret delimiters, which PS3.5 Table 6.2-1 permits for VR PN. No Type and no condition is asserted, and dciodvfy emits it at Warning severity with the word dubious."
dciodvfy,ccf4807bd065,Warning - Value dubious for this VR - (TAG) PN Person Name PN [1] = <QIBA CT 1B Round 2 Reader 1> - Retired Person Name form,Warning,52,PLAUSIBILITY,"not applicable, no requirement is cited by the message",not applicable,,"Named in the rubric as a plausibility heuristic. The message is about the shape of a PN value, a single component with no caret delimiters, which PS3.5 Table 6.2-1 permits for VR PN. No Type and no condition is asserted, and dciodvfy emits it at Warning severity with the word dubious."
dciodvfy,df81b547222c,Warning - Value dubious for this VR - (TAG) PN Person Name PN [1] = <QIBA CT 1B Round 2 Reader 2> - Retired Person Name form,Warning,52,PLAUSIBILITY,"not applicable, no requirement is cited by the message",not applicable,,"Named in the rubric as a plausibility heuristic. The message is about the shape of a PN value, a single component with no caret delimiters, which PS3.5 Table 6.2-1 permits for VR PN. No Type and no condition is asserted, and dciodvfy emits it at Warning severity with the word dubious."
dciodvfy,fb7742c1276f,Warning - Value dubious for this VR - (TAG) PN Person Name PN [1] = <QIBA CT 1B Round 2 Reader 4> - Retired Person Name form,Warning,52,PLAUSIBILITY,"not applicable, no requirement is cited by the message",not applicable,,"Named in the rubric as a plausibility heuristic. The message is about the shape of a PN value, a single component with no caret delimiters, which PS3.5 Table 6.2-1 permits for VR PN. No Type and no condition is asserted, and dciodvfy emits it at Warning severity with the word dubious."
dciodvfy,094a5533a029,Warning - Value dubious for this VR - (TAG) PN Patient's Name PN [1] = <182825> - Retired Person Name form,Warning,7,PLAUSIBILITY,"not applicable, no requirement is cited by the message",not applicable,,"Named in the rubric as a plausibility heuristic. The message is about the shape of a PN value, a single component with no caret delimiters, which PS3.5 Table 6.2-1 permits for VR PN. No Type and no condition is asserted, and dciodvfy emits it at Warning severity with the word dubious."
dciodvfy,13dcac3f2161,Warning - Value dubious for this VR - (TAG) PN Patient's Name PN [1] = <244660> - Retired Person Name form,Warning,7,PLAUSIBILITY,"not applicable, no requirement is cited by the message",not applicable,,"Named in the rubric as a plausibility heuristic. The message is about the shape of a PN value, a single component with no caret delimiters, which PS3.5 Table 6.2-1 permits for VR PN. No Type and no condition is asserted, and dciodvfy emits it at Warning severity with the word dubious."
dciodvfy,18e8e59eb754,Warning - Value dubious for this VR - (TAG) PN Patient's Name PN [1] = <643677> - Retired Person Name form,Warning,7,PLAUSIBILITY,"not applicable, no requirement is cited by the message",not applicable,,"Named in the rubric as a plausibility heuristic. The message is about the shape of a PN value, a single component with no caret delimiters, which PS3.5 Table 6.2-1 permits for VR PN. No Type and no condition is asserted, and dciodvfy emits it at Warning severity with the word dubious."
dciodvfy,1f9be1443f24,Warning - Value dubious for this VR - (TAG) PN Patient's Name PN [1] = <107166> - Retired Person Name form,Warning,7,PLAUSIBILITY,"not applicable, no requirement is cited by the message",not applicable,,"Named in the rubric as a plausibility heuristic. The message is about the shape of a PN value, a single component with no caret delimiters, which PS3.5 Table 6.2-1 permits for VR PN. No Type and no condition is asserted, and dciodvfy emits it at Warning severity with the word dubious."
dciodvfy,21d3d71e7b65,Warning - Value dubious for this VR - (TAG) PN Patient's Name PN [1] = <315906> - Retired Person Name form,Warning,7,PLAUSIBILITY,"not applicable, no requirement is cited by the message",not applicable,,"Named in the rubric as a plausibility heuristic. The message is about the shape of a PN value, a single component with no caret delimiters, which PS3.5 Table 6.2-1 permits for VR PN. No Type and no condition is asserted, and dciodvfy emits it at Warning severity with the word dubious."
dciodvfy,249aa045bbf3,Warning - Value dubious for this VR - (TAG) PN Patient's Name PN [1] = <978961> - Retired Person Name form,Warning,7,PLAUSIBILITY,"not applicable, no requirement is cited by the message",not applicable,,"Named in the rubric as a plausibility heuristic. The message is about the shape of a PN value, a single component with no caret delimiters, which PS3.5 Table 6.2-1 permits for VR PN. No Type and no condition is asserted, and dciodvfy emits it at Warning severity with the word dubious."
dciodvfy,3ebdcd29c02e,Warning - Value dubious for this VR - (TAG) PN Patient's Name PN [1] = <209868> - Retired Person Name form,Warning,7,PLAUSIBILITY,"not applicable, no requirement is cited by the message",not applicable,,"Named in the rubric as a plausibility heuristic. The message is about the shape of a PN value, a single component with no caret delimiters, which PS3.5 Table 6.2-1 permits for VR PN. No Type and no condition is asserted, and dciodvfy emits it at Warning severity with the word dubious."
dciodvfy,3fae8fcc3fa4,Warning - Value dubious for this VR - (TAG) PN Patient's Name PN [1] = <895032> - Retired Person Name form,Warning,7,PLAUSIBILITY,"not applicable, no requirement is cited by the message",not applicable,,"Named in the rubric as a plausibility heuristic. The message is about the shape of a PN value, a single component with no caret delimiters, which PS3.5 Table 6.2-1 permits for VR PN. No Type and no condition is asserted, and dciodvfy emits it at Warning severity with the word dubious."
dciodvfy,42435c890dab,Warning - Value dubious for this VR - (TAG) PN Patient's Name PN [1] = <157876> - Retired Person Name form,Warning,7,PLAUSIBILITY,"not applicable, no requirement is cited by the message",not applicable,,"Named in the rubric as a plausibility heuristic. The message is about the shape of a PN value, a single component with no caret delimiters, which PS3.5 Table 6.2-1 permits for VR PN. No Type and no condition is asserted, and dciodvfy emits it at Warning severity with the word dubious."
dciodvfy,4469b7e1da6a,Warning - Value dubious for this VR - (TAG) PN Patient's Name PN [1] = <714842> - Retired Person Name form,Warning,7,PLAUSIBILITY,"not applicable, no requirement is cited by the message",not applicable,,"Named in the rubric as a plausibility heuristic. The message is about the shape of a PN value, a single component with no caret delimiters, which PS3.5 Table 6.2-1 permits for VR PN. No Type and no condition is asserted, and dciodvfy emits it at Warning severity with the word dubious."
dciodvfy,459613cc4d8f,Warning - Value dubious for this VR - (TAG) PN Patient's Name PN [1] = <301889> - Retired Person Name form,Warning,7,PLAUSIBILITY,"not applicable, no requirement is cited by the message",not applicable,,"Named in the rubric as a plausibility heuristic. The message is about the shape of a PN value, a single component with no caret delimiters, which PS3.5 Table 6.2-1 permits for VR PN. No Type and no condition is asserted, and dciodvfy emits it at Warning severity with the word dubious."
dciodvfy,4ecf6197af84,Warning - Value dubious for this VR - (TAG) PN Patient's Name PN [1] = <229925> - Retired Person Name form,Warning,7,PLAUSIBILITY,"not applicable, no requirement is cited by the message",not applicable,,"Named in the rubric as a plausibility heuristic. The message is about the shape of a PN value, a single component with no caret delimiters, which PS3.5 Table 6.2-1 permits for VR PN. No Type and no condition is asserted, and dciodvfy emits it at Warning severity with the word dubious."
dciodvfy,4fe5563f9dca,Warning - Value dubious for this VR - (TAG) PN Patient's Name PN [1] = <314333> - Retired Person Name form,Warning,7,PLAUSIBILITY,"not applicable, no requirement is cited by the message",not applicable,,"Named in the rubric as a plausibility heuristic. The message is about the shape of a PN value, a single component with no caret delimiters, which PS3.5 Table 6.2-1 permits for VR PN. No Type and no condition is asserted, and dciodvfy emits it at Warning severity with the word dubious."
dciodvfy,5e4594de6b4f,Warning - Value dubious for this VR - (TAG) PN Patient's Name PN [1] = <126123> - Retired Person Name form,Warning,7,PLAUSIBILITY,"not applicable, no requirement is cited by the message",not applicable,,"Named in the rubric as a plausibility heuristic. The message is about the shape of a PN value, a single component with no caret delimiters, which PS3.5 Table 6.2-1 permits for VR PN. No Type and no condition is asserted, and dciodvfy emits it at Warning severity with the word dubious."
dciodvfy,61d8c8c59970,Warning - Value dubious for this VR - (TAG) PN Patient's Name PN [1] = <238644> - Retired Person Name form,Warning,7,PLAUSIBILITY,"not applicable, no requirement is cited by the message",not applicable,,"Named in the rubric as a plausibility heuristic. The message is about the shape of a PN value, a single component with no caret delimiters, which PS3.5 Table 6.2-1 permits for VR PN. No Type and no condition is asserted, and dciodvfy emits it at Warning severity with the word dubious."
dciodvfy,69c66e31383e,Warning - Value dubious for this VR - (TAG) PN Patient's Name PN [1] = <335900> - Retired Person Name form,Warning,7,PLAUSIBILITY,"not applicable, no requirement is cited by the message",not applicable,,"Named in the rubric as a plausibility heuristic. The message is about the shape of a PN value, a single component with no caret delimiters, which PS3.5 Table 6.2-1 permits for VR PN. No Type and no condition is asserted, and dciodvfy emits it at Warning severity with the word dubious."
dciodvfy,6c4f0cb87cf0,Warning - Value dubious for this VR - (TAG) PN Patient's Name PN [1] = <308221> - Retired Person Name form,Warning,7,PLAUSIBILITY,"not applicable, no requirement is cited by the message",not applicable,,"Named in the rubric as a plausibility heuristic. The message is about the shape of a PN value, a single component with no caret delimiters, which PS3.5 Table 6.2-1 permits for VR PN. No Type and no condition is asserted, and dciodvfy emits it at Warning severity with the word dubious."
dciodvfy,6f68d706b3b4,Warning - Value dubious for this VR - (TAG) PN Patient's Name PN [1] = <318903> - Retired Person Name form,Warning,7,PLAUSIBILITY,"not applicable, no requirement is cited by the message",not applicable,,"Named in the rubric as a plausibility heuristic. The message is about the shape of a PN value, a single component with no caret delimiters, which PS3.5 Table 6.2-1 permits for VR PN. No Type and no condition is asserted, and dciodvfy emits it at Warning severity with the word dubious."
dciodvfy,700b417c1b0e,Warning - Value dubious for this VR - (TAG) PN Patient's Name PN [1] = <296698> - Retired Person Name form,Warning,7,PLAUSIBILITY,"not applicable, no requirement is cited by the message",not applicable,,"Named in the rubric as a plausibility heuristic. The message is about the shape of a PN value, a single component with no caret delimiters, which PS3.5 Table 6.2-1 permits for VR PN. No Type and no condition is asserted, and dciodvfy emits it at Warning severity with the word dubious."
dciodvfy,768eba208839,Warning - Value dubious for this VR - (TAG) PN Patient's Name PN [1] = <200320> - Retired Person Name form,Warning,7,PLAUSIBILITY,"not applicable, no requirement is cited by the message",not applicable,,"Named in the rubric as a plausibility heuristic. The message is about the shape of a PN value, a single component with no caret delimiters, which PS3.5 Table 6.2-1 permits for VR PN. No Type and no condition is asserted, and dciodvfy emits it at Warning severity with the word dubious."
dciodvfy,795d9a9c3174,Warning - Value dubious for this VR - (TAG) PN Patient's Name PN [1] = <269755> - Retired Person Name form,Warning,7,PLAUSIBILITY,"not applicable, no requirement is cited by the message",not applicable,,"Named in the rubric as a plausibility heuristic. The message is about the shape of a PN value, a single component with no caret delimiters, which PS3.5 Table 6.2-1 permits for VR PN. No Type and no condition is asserted, and dciodvfy emits it at Warning severity with the word dubious."
dciodvfy,8de6774298e0,Warning - Value dubious for this VR - (TAG) PN Patient's Name PN [1] = <324303> - Retired Person Name form,Warning,7,PLAUSIBILITY,"not applicable, no requirement is cited by the message",not applicable,,"Named in the rubric as a plausibility heuristic. The message is about the shape of a PN value, a single component with no caret delimiters, which PS3.5 Table 6.2-1 permits for VR PN. No Type and no condition is asserted, and dciodvfy emits it at Warning severity with the word dubious."
dciodvfy,8fe425de795f,Warning - Value dubious for this VR - (TAG) PN Patient's Name PN [1] = <110743> - Retired Person Name form,Warning,7,PLAUSIBILITY,"not applicable, no requirement is cited by the message",not applicable,,"Named in the rubric as a plausibility heuristic. The message is about the shape of a PN value, a single component with no caret delimiters, which PS3.5 Table 6.2-1 permits for VR PN. No Type and no condition is asserted, and dciodvfy emits it at Warning severity with the word dubious."
dciodvfy,9003826dca02,Warning - Value dubious for this VR - (TAG) PN Patient's Name PN [1] = <243509> - Retired Person Name form,Warning,7,PLAUSIBILITY,"not applicable, no requirement is cited by the message",not applicable,,"Named in the rubric as a plausibility heuristic. The message is about the shape of a PN value, a single component with no caret delimiters, which PS3.5 Table 6.2-1 permits for VR PN. No Type and no condition is asserted, and dciodvfy emits it at Warning severity with the word dubious."
dciodvfy,9dc0c5458436,Warning - Value dubious for this VR - (TAG) PN Patient's Name PN [1] = <277654> - Retired Person Name form,Warning,7,PLAUSIBILITY,"not applicable, no requirement is cited by the message",not applicable,,"Named in the rubric as a plausibility heuristic. The message is about the shape of a PN value, a single component with no caret delimiters, which PS3.5 Table 6.2-1 permits for VR PN. No Type and no condition is asserted, and dciodvfy emits it at Warning severity with the word dubious."
dciodvfy,a68c2bd56d67,Warning - Value dubious for this VR - (TAG) PN Patient's Name PN [1] = <132854> - Retired Person Name form,Warning,7,PLAUSIBILITY,"not applicable, no requirement is cited by the message",not applicable,,"Named in the rubric as a plausibility heuristic. The message is about the shape of a PN value, a single component with no caret delimiters, which PS3.5 Table 6.2-1 permits for VR PN. No Type and no condition is asserted, and dciodvfy emits it at Warning severity with the word dubious."
dciodvfy,aadbdf3d4725,Warning - Value dubious for this VR - (TAG) PN Patient's Name PN [1] = <135798> - Retired Person Name form,Warning,7,PLAUSIBILITY,"not applicable, no requirement is cited by the message",not applicable,,"Named in the rubric as a plausibility heuristic. The message is about the shape of a PN value, a single component with no caret delimiters, which PS3.5 Table 6.2-1 permits for VR PN. No Type and no condition is asserted, and dciodvfy emits it at Warning severity with the word dubious."
dciodvfy,d9a7e9292901,Warning - Value dubious for this VR - (TAG) PN Patient's Name PN [1] = <293546> - Retired Person Name form,Warning,7,PLAUSIBILITY,"not applicable, no requirement is cited by the message",not applicable,,"Named in the rubric as a plausibility heuristic. The message is about the shape of a PN value, a single component with no caret delimiters, which PS3.5 Table 6.2-1 permits for VR PN. No Type and no condition is asserted, and dciodvfy emits it at Warning severity with the word dubious."
dciodvfy,dd83dbf18979,Warning - Value dubious for this VR - (TAG) PN Patient's Name PN [1] = <130094> - Retired Person Name form,Warning,7,PLAUSIBILITY,"not applicable, no requirement is cited by the message",not applicable,,"Named in the rubric as a plausibility heuristic. The message is about the shape of a PN value, a single component with no caret delimiters, which PS3.5 Table 6.2-1 permits for VR PN. No Type and no condition is asserted, and dciodvfy emits it at Warning severity with the word dubious."
dciodvfy,ddd057e3f4bd,Warning - Value dubious for this VR - (TAG) PN Patient's Name PN [1] = <231091> - Retired Person Name form,Warning,7,PLAUSIBILITY,"not applicable, no requirement is cited by the message",not applicable,,"Named in the rubric as a plausibility heuristic. The message is about the shape of a PN value, a single component with no caret delimiters, which PS3.5 Table 6.2-1 permits for VR PN. No Type and no condition is asserted, and dciodvfy emits it at Warning severity with the word dubious."
dciodvfy,e55baf9bd08e,Warning - Value dubious for this VR - (TAG) PN Patient's Name PN [1] = <573377> - Retired Person Name form,Warning,7,PLAUSIBILITY,"not applicable, no requirement is cited by the message",not applicable,,"Named in the rubric as a plausibility heuristic. The message is about the shape of a PN value, a single component with no caret delimiters, which PS3.5 Table 6.2-1 permits for VR PN. No Type and no condition is asserted, and dciodvfy emits it at Warning severity with the word dubious."
dciodvfy,fb3d1edad913,Warning - Value dubious for this VR - (TAG) PN Patient's Name PN [1] = <157357> - Retired Person Name form,Warning,7,PLAUSIBILITY,"not applicable, no requirement is cited by the message",not applicable,,"Named in the rubric as a plausibility heuristic. The message is about the shape of a PN value, a single component with no caret delimiters, which PS3.5 Table 6.2-1 permits for VR PN. No Type and no condition is asserted, and dciodvfy emits it at Warning severity with the word dubious."
dciodvfy,24dc807c12b7,"Error - Value invalid for this VR - (TAG) DS Numeric Value DS [1] = <-137.297302246094> - Length invalid for this VR = 17, expected <= 16",Error,4,NET,PS3.5 Section 6.2 Value Representation,"PS3.5 Table 6.2-1 DICOM Value Representations, row DS","PS3.5 Table 6.2-1, row ""DS"" Decimal String, Length of Value column: ""16 bytes maximum"".","A stated, exact, quotable maximum, breached by a 17 character value. The citation is PS3.5 rather than PS3.3, PS3.4 or PS3.16 because the defect is an encoding-level VR length overflow and not an IOD Type or condition, so the rubric's citation scope does not cover it. Recorded as NET and flagged as off-part, and every triple in the report is also given with the off-part classes demoted to UNDECIDABLE."
dciodvfy,85b51d33f2cf,"Error - Value invalid for this VR - (TAG) DS Numeric Value DS [1] = <-141.226440429688> - Length invalid for this VR = 17, expected <= 16",Error,3,NET,PS3.5 Section 6.2 Value Representation,"PS3.5 Table 6.2-1 DICOM Value Representations, row DS","PS3.5 Table 6.2-1, row ""DS"" Decimal String, Length of Value column: ""16 bytes maximum"".","A stated, exact, quotable maximum, breached by a 17 character value. The citation is PS3.5 rather than PS3.3, PS3.4 or PS3.16 because the defect is an encoding-level VR length overflow and not an IOD Type or condition, so the rubric's citation scope does not cover it. Recorded as NET and flagged as off-part, and every triple in the report is also given with the off-part classes demoted to UNDECIDABLE."
dciodvfy,d610e942d921,"Error - Value invalid for this VR - (TAG) DS Numeric Value DS [1] = <-141.709106445312> - Length invalid for this VR = 17, expected <= 16",Error,3,NET,PS3.5 Section 6.2 Value Representation,"PS3.5 Table 6.2-1 DICOM Value Representations, row DS","PS3.5 Table 6.2-1, row ""DS"" Decimal String, Length of Value column: ""16 bytes maximum"".","A stated, exact, quotable maximum, breached by a 17 character value. The citation is PS3.5 rather than PS3.3, PS3.4 or PS3.16 because the defect is an encoding-level VR length overflow and not an IOD Type or condition, so the rubric's citation scope does not cover it. Recorded as NET and flagged as off-part, and every triple in the report is also given with the off-part classes demoted to UNDECIDABLE."
dciodvfy,034aa847188a,"Error - Value invalid for this VR - (TAG) DS Numeric Value DS [1] = <-109.362060546875> - Length invalid for this VR = 17, expected <= 16",Error,2,NET,PS3.5 Section 6.2 Value Representation,"PS3.5 Table 6.2-1 DICOM Value Representations, row DS","PS3.5 Table 6.2-1, row ""DS"" Decimal String, Length of Value column: ""16 bytes maximum"".","A stated, exact, quotable maximum, breached by a 17 character value. The citation is PS3.5 rather than PS3.3, PS3.4 or PS3.16 because the defect is an encoding-level VR length overflow and not an IOD Type or condition, so the rubric's citation scope does not cover it. Recorded as NET and flagged as off-part, and every triple in the report is also given with the off-part classes demoted to UNDECIDABLE."
dciodvfy,0a2823e3c4d8,"Error - Value invalid for this VR - (TAG) DS Numeric Value DS [1] = <-102.888793945312> - Length invalid for this VR = 17, expected <= 16",Error,2,NET,PS3.5 Section 6.2 Value Representation,"PS3.5 Table 6.2-1 DICOM Value Representations, row DS","PS3.5 Table 6.2-1, row ""DS"" Decimal String, Length of Value column: ""16 bytes maximum"".","A stated, exact, quotable maximum, breached by a 17 character value. The citation is PS3.5 rather than PS3.3, PS3.4 or PS3.16 because the defect is an encoding-level VR length overflow and not an IOD Type or condition, so the rubric's citation scope does not cover it. Recorded as NET and flagged as off-part, and every triple in the report is also given with the off-part classes demoted to UNDECIDABLE."
dciodvfy,0fda99ab4c12,"Error - Value invalid for this VR - (TAG) DS Numeric Value DS [1] = <-141.469970703125> - Length invalid for this VR = 17, expected <= 16",Error,2,NET,PS3.5 Section 6.2 Value Representation,"PS3.5 Table 6.2-1 DICOM Value Representations, row DS","PS3.5 Table 6.2-1, row ""DS"" Decimal String, Length of Value column: ""16 bytes maximum"".","A stated, exact, quotable maximum, breached by a 17 character value. The citation is PS3.5 rather than PS3.3, PS3.4 or PS3.16 because the defect is an encoding-level VR length overflow and not an IOD Type or condition, so the rubric's citation scope does not cover it. Recorded as NET and flagged as off-part, and every triple in the report is also given with the off-part classes demoted to UNDECIDABLE."
dciodvfy,3331ee90db85,"Error - Value invalid for this VR - (TAG) DS Numeric Value DS [1] = <-59.1793823242188> - Length invalid for this VR = 17, expected <= 16",Error,2,NET,PS3.5 Section 6.2 Value Representation,"PS3.5 Table 6.2-1 DICOM Value Representations, row DS","PS3.5 Table 6.2-1, row ""DS"" Decimal String, Length of Value column: ""16 bytes maximum"".","A stated, exact, quotable maximum, breached by a 17 character value. The citation is PS3.5 rather than PS3.3, PS3.4 or PS3.16 because the defect is an encoding-level VR length overflow and not an IOD Type or condition, so the rubric's citation scope does not cover it. Recorded as NET and flagged as off-part, and every triple in the report is also given with the off-part classes demoted to UNDECIDABLE."
dciodvfy,344131e0fe24,"Error - Value invalid for this VR - (TAG) DS Numeric Value DS [1] = <-143.366333007812> - Length invalid for this VR = 17, expected <= 16",Error,2,NET,PS3.5 Section 6.2 Value Representation,"PS3.5 Table 6.2-1 DICOM Value Representations, row DS","PS3.5 Table 6.2-1, row ""DS"" Decimal String, Length of Value column: ""16 bytes maximum"".","A stated, exact, quotable maximum, breached by a 17 character value. The citation is PS3.5 rather than PS3.3, PS3.4 or PS3.16 because the defect is an encoding-level VR length overflow and not an IOD Type or condition, so the rubric's citation scope does not cover it. Recorded as NET and flagged as off-part, and every triple in the report is also given with the off-part classes demoted to UNDECIDABLE."
dciodvfy,62ff90158358,"Error - Value invalid for this VR - (TAG) DS Numeric Value DS [1] = <-92.1058959960938> - Length invalid for this VR = 17, expected <= 16",Error,2,NET,PS3.5 Section 6.2 Value Representation,"PS3.5 Table 6.2-1 DICOM Value Representations, row DS","PS3.5 Table 6.2-1, row ""DS"" Decimal String, Length of Value column: ""16 bytes maximum"".","A stated, exact, quotable maximum, breached by a 17 character value. The citation is PS3.5 rather than PS3.3, PS3.4 or PS3.16 because the defect is an encoding-level VR length overflow and not an IOD Type or condition, so the rubric's citation scope does not cover it. Recorded as NET and flagged as off-part, and every triple in the report is also given with the off-part classes demoted to UNDECIDABLE."
dciodvfy,68d802fb4e8c,"Error - Value invalid for this VR - (TAG) DS Numeric Value DS [1] = <-142.962646484375> - Length invalid for this VR = 17, expected <= 16",Error,2,NET,PS3.5 Section 6.2 Value Representation,"PS3.5 Table 6.2-1 DICOM Value Representations, row DS","PS3.5 Table 6.2-1, row ""DS"" Decimal String, Length of Value column: ""16 bytes maximum"".","A stated, exact, quotable maximum, breached by a 17 character value. The citation is PS3.5 rather than PS3.3, PS3.4 or PS3.16 because the defect is an encoding-level VR length overflow and not an IOD Type or condition, so the rubric's citation scope does not cover it. Recorded as NET and flagged as off-part, and every triple in the report is also given with the off-part classes demoted to UNDECIDABLE."
dciodvfy,8fee6d972261,"Error - Value invalid for this VR - (TAG) DS Numeric Value DS [1] = <-182.543884277344> - Length invalid for this VR = 17, expected <= 16",Error,2,NET,PS3.5 Section 6.2 Value Representation,"PS3.5 Table 6.2-1 DICOM Value Representations, row DS","PS3.5 Table 6.2-1, row ""DS"" Decimal String, Length of Value column: ""16 bytes maximum"".","A stated, exact, quotable maximum, breached by a 17 character value. The citation is PS3.5 rather than PS3.3, PS3.4 or PS3.16 because the defect is an encoding-level VR length overflow and not an IOD Type or condition, so the rubric's citation scope does not cover it. Recorded as NET and flagged as off-part, and every triple in the report is also given with the off-part classes demoted to UNDECIDABLE."
dciodvfy,b21412b65b52,"Error - Value invalid for this VR - (TAG) DS Numeric Value DS [1] = <-134.732666015625> - Length invalid for this VR = 17, expected <= 16",Error,2,NET,PS3.5 Section 6.2 Value Representation,"PS3.5 Table 6.2-1 DICOM Value Representations, row DS","PS3.5 Table 6.2-1, row ""DS"" Decimal String, Length of Value column: ""16 bytes maximum"".","A stated, exact, quotable maximum, breached by a 17 character value. The citation is PS3.5 rather than PS3.3, PS3.4 or PS3.16 because the defect is an encoding-level VR length overflow and not an IOD Type or condition, so the rubric's citation scope does not cover it. Recorded as NET and flagged as off-part, and every triple in the report is also given with the off-part classes demoted to UNDECIDABLE."
dciodvfy,b3c48615b663,"Error - Value invalid for this VR - (TAG) DS Numeric Value DS [1] = <-92.7723999023438> - Length invalid for this VR = 17, expected <= 16",Error,2,NET,PS3.5 Section 6.2 Value Representation,"PS3.5 Table 6.2-1 DICOM Value Representations, row DS","PS3.5 Table 6.2-1, row ""DS"" Decimal String, Length of Value column: ""16 bytes maximum"".","A stated, exact, quotable maximum, breached by a 17 character value. The citation is PS3.5 rather than PS3.3, PS3.4 or PS3.16 because the defect is an encoding-level VR length overflow and not an IOD Type or condition, so the rubric's citation scope does not cover it. Recorded as NET and flagged as off-part, and every triple in the report is also given with the off-part classes demoted to UNDECIDABLE."
dciodvfy,c2e195364581,"Error - Value invalid for this VR - (TAG) DS Numeric Value DS [1] = <-129.831176757812> - Length invalid for this VR = 17, expected <= 16",Error,2,NET,PS3.5 Section 6.2 Value Representation,"PS3.5 Table 6.2-1 DICOM Value Representations, row DS","PS3.5 Table 6.2-1, row ""DS"" Decimal String, Length of Value column: ""16 bytes maximum"".","A stated, exact, quotable maximum, breached by a 17 character value. The citation is PS3.5 rather than PS3.3, PS3.4 or PS3.16 because the defect is an encoding-level VR length overflow and not an IOD Type or condition, so the rubric's citation scope does not cover it. Recorded as NET and flagged as off-part, and every triple in the report is also given with the off-part classes demoted to UNDECIDABLE."
dciodvfy,c701bfcbc0bc,"Error - Value invalid for this VR - (TAG) DS Numeric Value DS [1] = <-136.494018554688> - Length invalid for this VR = 17, expected <= 16",Error,2,NET,PS3.5 Section 6.2 Value Representation,"PS3.5 Table 6.2-1 DICOM Value Representations, row DS","PS3.5 Table 6.2-1, row ""DS"" Decimal String, Length of Value column: ""16 bytes maximum"".","A stated, exact, quotable maximum, breached by a 17 character value. The citation is PS3.5 rather than PS3.3, PS3.4 or PS3.16 because the defect is an encoding-level VR length overflow and not an IOD Type or condition, so the rubric's citation scope does not cover it. Recorded as NET and flagged as off-part, and every triple in the report is also given with the off-part classes demoted to UNDECIDABLE."
dciodvfy,ec19c1fc78ac,"Error - Value invalid for this VR - (TAG) DS Numeric Value DS [1] = <-108.705200195312> - Length invalid for this VR = 17, expected <= 16",Error,2,NET,PS3.5 Section 6.2 Value Representation,"PS3.5 Table 6.2-1 DICOM Value Representations, row DS","PS3.5 Table 6.2-1, row ""DS"" Decimal String, Length of Value column: ""16 bytes maximum"".","A stated, exact, quotable maximum, breached by a 17 character value. The citation is PS3.5 rather than PS3.3, PS3.4 or PS3.16 because the defect is an encoding-level VR length overflow and not an IOD Type or condition, so the rubric's citation scope does not cover it. Recorded as NET and flagged as off-part, and every triple in the report is also given with the off-part classes demoted to UNDECIDABLE."
dciodvfy,008a737a4b58,"Error - Value invalid for this VR - (TAG) DS Numeric Value DS [1] = <-14.0890502929688> - Length invalid for this VR = 17, expected <= 16",Error,1,NET,PS3.5 Section 6.2 Value Representation,"PS3.5 Table 6.2-1 DICOM Value Representations, row DS","PS3.5 Table 6.2-1, row ""DS"" Decimal String, Length of Value column: ""16 bytes maximum"".","A stated, exact, quotable maximum, breached by a 17 character value. The citation is PS3.5 rather than PS3.3, PS3.4 or PS3.16 because the defect is an encoding-level VR length overflow and not an IOD Type or condition, so the rubric's citation scope does not cover it. Recorded as NET and flagged as off-part, and every triple in the report is also given with the off-part classes demoted to UNDECIDABLE."
dciodvfy,00d5429c876d,"Error - Value invalid for this VR - (TAG) DS Numeric Value DS [1] = <-38.7686767578125> - Length invalid for this VR = 17, expected <= 16",Error,1,NET,PS3.5 Section 6.2 Value Representation,"PS3.5 Table 6.2-1 DICOM Value Representations, row DS","PS3.5 Table 6.2-1, row ""DS"" Decimal String, Length of Value column: ""16 bytes maximum"".","A stated, exact, quotable maximum, breached by a 17 character value. The citation is PS3.5 rather than PS3.3, PS3.4 or PS3.16 because the defect is an encoding-level VR length overflow and not an IOD Type or condition, so the rubric's citation scope does not cover it. Recorded as NET and flagged as off-part, and every triple in the report is also given with the off-part classes demoted to UNDECIDABLE."
dciodvfy,0217c43d87a7,"Error - Value invalid for this VR - (TAG) DS Numeric Value DS [1] = <-106.877075195312> - Length invalid for this VR = 17, expected <= 16",Error,1,NET,PS3.5 Section 6.2 Value Representation,"PS3.5 Table 6.2-1 DICOM Value Representations, row DS","PS3.5 Table 6.2-1, row ""DS"" Decimal String, Length of Value column: ""16 bytes maximum"".","A stated, exact, quotable maximum, breached by a 17 character value. The citation is PS3.5 rather than PS3.3, PS3.4 or PS3.16 because the defect is an encoding-level VR length overflow and not an IOD Type or condition, so the rubric's citation scope does not cover it. Recorded as NET and flagged as off-part, and every triple in the report is also given with the off-part classes demoted to UNDECIDABLE."
dciodvfy,03d378ac7ebc,"Error - Value invalid for this VR - (TAG) DS Numeric Value DS [1] = <-127.041259765625> - Length invalid for this VR = 17, expected <= 16",Error,1,NET,PS3.5 Section 6.2 Value Representation,"PS3.5 Table 6.2-1 DICOM Value Representations, row DS","PS3.5 Table 6.2-1, row ""DS"" Decimal String, Length of Value column: ""16 bytes maximum"".","A stated, exact, quotable maximum, breached by a 17 character value. The citation is PS3.5 rather than PS3.3, PS3.4 or PS3.16 because the defect is an encoding-level VR length overflow and not an IOD Type or condition, so the rubric's citation scope does not cover it. Recorded as NET and flagged as off-part, and every triple in the report is also given with the off-part classes demoted to UNDECIDABLE."
dciodvfy,086c760e8551,"Error - Value invalid for this VR - (TAG) DS Numeric Value DS [1] = <-85.1923217773438> - Length invalid for this VR = 17, expected <= 16",Error,1,NET,PS3.5 Section 6.2 Value Representation,"PS3.5 Table 6.2-1 DICOM Value Representations, row DS","PS3.5 Table 6.2-1, row ""DS"" Decimal String, Length of Value column: ""16 bytes maximum"".","A stated, exact, quotable maximum, breached by a 17 character value. The citation is PS3.5 rather than PS3.3, PS3.4 or PS3.16 because the defect is an encoding-level VR length overflow and not an IOD Type or condition, so the rubric's citation scope does not cover it. Recorded as NET and flagged as off-part, and every triple in the report is also given with the off-part classes demoted to UNDECIDABLE."
dciodvfy,09d9b8912ed7,"Error - Value invalid for this VR - (TAG) DS Numeric Value DS [1] = <-120.528137207031> - Length invalid for this VR = 17, expected <= 16",Error,1,NET,PS3.5 Section 6.2 Value Representation,"PS3.5 Table 6.2-1 DICOM Value Representations, row DS","PS3.5 Table 6.2-1, row ""DS"" Decimal String, Length of Value column: ""16 bytes maximum"".","A stated, exact, quotable maximum, breached by a 17 character value. The citation is PS3.5 rather than PS3.3, PS3.4 or PS3.16 because the defect is an encoding-level VR length overflow and not an IOD Type or condition, so the rubric's citation scope does not cover it. Recorded as NET and flagged as off-part, and every triple in the report is also given with the off-part classes demoted to UNDECIDABLE."
dciodvfy,0a06ae0e221b,"Error - Value invalid for this VR - (TAG) DS Numeric Value DS [1] = <-111.522216796875> - Length invalid for this VR = 17, expected <= 16",Error,1,NET,PS3.5 Section 6.2 Value Representation,"PS3.5 Table 6.2-1 DICOM Value Representations, row DS","PS3.5 Table 6.2-1, row ""DS"" Decimal String, Length of Value column: ""16 bytes maximum"".","A stated, exact, quotable maximum, breached by a 17 character value. The citation is PS3.5 rather than PS3.3, PS3.4 or PS3.16 because the defect is an encoding-level VR length overflow and not an IOD Type or condition, so the rubric's citation scope does not cover it. Recorded as NET and flagged as off-part, and every triple in the report is also given with the off-part classes demoted to UNDECIDABLE."
dciodvfy,0b534315980c,"Error - Value invalid for this VR - (TAG) DS Numeric Value DS [1] = <-20.9912719726562> - Length invalid for this VR = 17, expected <= 16",Error,1,NET,PS3.5 Section 6.2 Value Representation,"PS3.5 Table 6.2-1 DICOM Value Representations, row DS","PS3.5 Table 6.2-1, row ""DS"" Decimal String, Length of Value column: ""16 bytes maximum"".","A stated, exact, quotable maximum, breached by a 17 character value. The citation is PS3.5 rather than PS3.3, PS3.4 or PS3.16 because the defect is an encoding-level VR length overflow and not an IOD Type or condition, so the rubric's citation scope does not cover it. Recorded as NET and flagged as off-part, and every triple in the report is also given with the off-part classes demoted to UNDECIDABLE."
dciodvfy,0c4249d2d30b,"Error - Value invalid for this VR - (TAG) DS Numeric Value DS [1] = <-34.4974365234375> - Length invalid for this VR = 17, expected <= 16",Error,1,NET,PS3.5 Section 6.2 Value Representation,"PS3.5 Table 6.2-1 DICOM Value Representations, row DS","PS3.5 Table 6.2-1, row ""DS"" Decimal String, Length of Value column: ""16 bytes maximum"".","A stated, exact, quotable maximum, breached by a 17 character value. The citation is PS3.5 rather than PS3.3, PS3.4 or PS3.16 because the defect is an encoding-level VR length overflow and not an IOD Type or condition, so the rubric's citation scope does not cover it. Recorded as NET and flagged as off-part, and every triple in the report is also given with the off-part classes demoted to UNDECIDABLE."
dciodvfy,0ce7e6c6f1d2,"Error - Value invalid for this VR - (TAG) DS Numeric Value DS [1] = <-131.106384277344> - Length invalid for this VR = 17, expected <= 16",Error,1,NET,PS3.5 Section 6.2 Value Representation,"PS3.5 Table 6.2-1 DICOM Value Representations, row DS","PS3.5 Table 6.2-1, row ""DS"" Decimal String, Length of Value column: ""16 bytes maximum"".","A stated, exact, quotable maximum, breached by a 17 character value. The citation is PS3.5 rather than PS3.3, PS3.4 or PS3.16 because the defect is an encoding-level VR length overflow and not an IOD Type or condition, so the rubric's citation scope does not cover it. Recorded as NET and flagged as off-part, and every triple in the report is also given with the off-part classes demoted to UNDECIDABLE."
dciodvfy,0efe69a3a43b,"Error - Value invalid for this VR - (TAG) DS Numeric Value DS [1] = <-107.828430175781> - Length invalid for this VR = 17, expected <= 16",Error,1,NET,PS3.5 Section 6.2 Value Representation,"PS3.5 Table 6.2-1 DICOM Value Representations, row DS","PS3.5 Table 6.2-1, row ""DS"" Decimal String, Length of Value column: ""16 bytes maximum"".","A stated, exact, quotable maximum, breached by a 17 character value. The citation is PS3.5 rather than PS3.3, PS3.4 or PS3.16 because the defect is an encoding-level VR length overflow and not an IOD Type or condition, so the rubric's citation scope does not cover it. Recorded as NET and flagged as off-part, and every triple in the report is also given with the off-part classes demoted to UNDECIDABLE."
dciodvfy,1065282e6eb9,"Error - Value invalid for this VR - (TAG) DS Numeric Value DS [1] = <-14.7669067382812> - Length invalid for this VR = 17, expected <= 16",Error,1,NET,PS3.5 Section 6.2 Value Representation,"PS3.5 Table 6.2-1 DICOM Value Representations, row DS","PS3.5 Table 6.2-1, row ""DS"" Decimal String, Length of Value column: ""16 bytes maximum"".","A stated, exact, quotable maximum, breached by a 17 character value. The citation is PS3.5 rather than PS3.3, PS3.4 or PS3.16 because the defect is an encoding-level VR length overflow and not an IOD Type or condition, so the rubric's citation scope does not cover it. Recorded as NET and flagged as off-part, and every triple in the report is also given with the off-part classes demoted to UNDECIDABLE."
dciodvfy,106805596930,"Error - Value invalid for this VR - (TAG) DS Numeric Value DS [1] = <-131.691284179688> - Length invalid for this VR = 17, expected <= 16",Error,1,NET,PS3.5 Section 6.2 Value Representation,"PS3.5 Table 6.2-1 DICOM Value Representations, row DS","PS3.5 Table 6.2-1, row ""DS"" Decimal String, Length of Value column: ""16 bytes maximum"".","A stated, exact, quotable maximum, breached by a 17 character value. The citation is PS3.5 rather than PS3.3, PS3.4 or PS3.16 because the defect is an encoding-level VR length overflow and not an IOD Type or condition, so the rubric's citation scope does not cover it. Recorded as NET and flagged as off-part, and every triple in the report is also given with the off-part classes demoted to UNDECIDABLE."
dciodvfy,114c5d085d2f,"Error - Value invalid for this VR - (TAG) DS Numeric Value DS [1] = <-31.0836791992188> - Length invalid for this VR = 17, expected <= 16",Error,1,NET,PS3.5 Section 6.2 Value Representation,"PS3.5 Table 6.2-1 DICOM Value Representations, row DS","PS3.5 Table 6.2-1, row ""DS"" Decimal String, Length of Value column: ""16 bytes maximum"".","A stated, exact, quotable maximum, breached by a 17 character value. The citation is PS3.5 rather than PS3.3, PS3.4 or PS3.16 because the defect is an encoding-level VR length overflow and not an IOD Type or condition, so the rubric's citation scope does not cover it. Recorded as NET and flagged as off-part, and every triple in the report is also given with the off-part classes demoted to UNDECIDABLE."
dciodvfy,1216910c3e2b,"Error - Value invalid for this VR - (TAG) DS Numeric Value DS [1] = <-232.129272460938> - Length invalid for this VR = 17, expected <= 16",Error,1,NET,PS3.5 Section 6.2 Value Representation,"PS3.5 Table 6.2-1 DICOM Value Representations, row DS","PS3.5 Table 6.2-1, row ""DS"" Decimal String, Length of Value column: ""16 bytes maximum"".","A stated, exact, quotable maximum, breached by a 17 character value. The citation is PS3.5 rather than PS3.3, PS3.4 or PS3.16 because the defect is an encoding-level VR length overflow and not an IOD Type or condition, so the rubric's citation scope does not cover it. Recorded as NET and flagged as off-part, and every triple in the report is also given with the off-part classes demoted to UNDECIDABLE."
dciodvfy,141dfa2bddde,"Error - Value invalid for this VR - (TAG) DS Numeric Value DS [1] = <-48.4594116210938> - Length invalid for this VR = 17, expected <= 16",Error,1,NET,PS3.5 Section 6.2 Value Representation,"PS3.5 Table 6.2-1 DICOM Value Representations, row DS","PS3.5 Table 6.2-1, row ""DS"" Decimal String, Length of Value column: ""16 bytes maximum"".","A stated, exact, quotable maximum, breached by a 17 character value. The citation is PS3.5 rather than PS3.3, PS3.4 or PS3.16 because the defect is an encoding-level VR length overflow and not an IOD Type or condition, so the rubric's citation scope does not cover it. Recorded as NET and flagged as off-part, and every triple in the report is also given with the off-part classes demoted to UNDECIDABLE."
dciodvfy,15c09cb6ad16,"Error - Value invalid for this VR - (TAG) DS Numeric Value DS [1] = <-331.063354492188> - Length invalid for this VR = 17, expected <= 16",Error,1,NET,PS3.5 Section 6.2 Value Representation,"PS3.5 Table 6.2-1 DICOM Value Representations, row DS","PS3.5 Table 6.2-1, row ""DS"" Decimal String, Length of Value column: ""16 bytes maximum"".","A stated, exact, quotable maximum, breached by a 17 character value. The citation is PS3.5 rather than PS3.3, PS3.4 or PS3.16 because the defect is an encoding-level VR length overflow and not an IOD Type or condition, so the rubric's citation scope does not cover it. Recorded as NET and flagged as off-part, and every triple in the report is also given with the off-part classes demoted to UNDECIDABLE."
dciodvfy,16b492ca33f2,"Error - Value invalid for this VR - (TAG) DS Numeric Value DS [1] = <-94.0833129882812> - Length invalid for this VR = 17, expected <= 16",Error,1,NET,PS3.5 Section 6.2 Value Representation,"PS3.5 Table 6.2-1 DICOM Value Representations, row DS","PS3.5 Table 6.2-1, row ""DS"" Decimal String, Length of Value column: ""16 bytes maximum"".","A stated, exact, quotable maximum, breached by a 17 character value. The citation is PS3.5 rather than PS3.3, PS3.4 or PS3.16 because the defect is an encoding-level VR length overflow and not an IOD Type or condition, so the rubric's citation scope does not cover it. Recorded as NET and flagged as off-part, and every triple in the report is also given with the off-part classes demoted to UNDECIDABLE."
dciodvfy,17c48048b918,"Error - Value invalid for this VR - (TAG) DS Numeric Value DS [1] = <-303.256652832031> - Length invalid for this VR = 17, expected <= 16",Error,1,NET,PS3.5 Section 6.2 Value Representation,"PS3.5 Table 6.2-1 DICOM Value Representations, row DS","PS3.5 Table 6.2-1, row ""DS"" Decimal String, Length of Value column: ""16 bytes maximum"".","A stated, exact, quotable maximum, breached by a 17 character value. The citation is PS3.5 rather than PS3.3, PS3.4 or PS3.16 because the defect is an encoding-level VR length overflow and not an IOD Type or condition, so the rubric's citation scope does not cover it. Recorded as NET and flagged as off-part, and every triple in the report is also given with the off-part classes demoted to UNDECIDABLE."
dciodvfy,1901d5418e9f,"Error - Value invalid for this VR - (TAG) DS Numeric Value DS [1] = <-1.45819091796875> - Length invalid for this VR = 17, expected <= 16",Error,1,NET,PS3.5 Section 6.2 Value Representation,"PS3.5 Table 6.2-1 DICOM Value Representations, row DS","PS3.5 Table 6.2-1, row ""DS"" Decimal String, Length of Value column: ""16 bytes maximum"".","A stated, exact, quotable maximum, breached by a 17 character value. The citation is PS3.5 rather than PS3.3, PS3.4 or PS3.16 because the defect is an encoding-level VR length overflow and not an IOD Type or condition, so the rubric's citation scope does not cover it. Recorded as NET and flagged as off-part, and every triple in the report is also given with the off-part classes demoted to UNDECIDABLE."
dciodvfy,1911e8c7ee59,"Error - Value invalid for this VR - (TAG) DS Numeric Value DS [1] = <-88.6430053710938> - Length invalid for this VR = 17, expected <= 16",Error,1,NET,PS3.5 Section 6.2 Value Representation,"PS3.5 Table 6.2-1 DICOM Value Representations, row DS","PS3.5 Table 6.2-1, row ""DS"" Decimal String, Length of Value column: ""16 bytes maximum"".","A stated, exact, quotable maximum, breached by a 17 character value. The citation is PS3.5 rather than PS3.3, PS3.4 or PS3.16 because the defect is an encoding-level VR length overflow and not an IOD Type or condition, so the rubric's citation scope does not cover it. Recorded as NET and flagged as off-part, and every triple in the report is also given with the off-part classes demoted to UNDECIDABLE."
dciodvfy,1a2a87a3dc2a,"Error - Value invalid for this VR - (TAG) DS Numeric Value DS [1] = <-34.8285522460938> - Length invalid for this VR = 17, expected <= 16",Error,1,NET,PS3.5 Section 6.2 Value Representation,"PS3.5 Table 6.2-1 DICOM Value Representations, row DS","PS3.5 Table 6.2-1, row ""DS"" Decimal String, Length of Value column: ""16 bytes maximum"".","A stated, exact, quotable maximum, breached by a 17 character value. The citation is PS3.5 rather than PS3.3, PS3.4 or PS3.16 because the defect is an encoding-level VR length overflow and not an IOD Type or condition, so the rubric's citation scope does not cover it. Recorded as NET and flagged as off-part, and every triple in the report is also given with the off-part classes demoted to UNDECIDABLE."
dciodvfy,1bb2e64e2a1e,"Error - Value invalid for this VR - (TAG) DS Numeric Value DS [1] = <-111.558227539062> - Length invalid for this VR = 17, expected <= 16",Error,1,NET,PS3.5 Section 6.2 Value Representation,"PS3.5 Table 6.2-1 DICOM Value Representations, row DS","PS3.5 Table 6.2-1, row ""DS"" Decimal String, Length of Value column: ""16 bytes maximum"".","A stated, exact, quotable maximum, breached by a 17 character value. The citation is PS3.5 rather than PS3.3, PS3.4 or PS3.16 because the defect is an encoding-level VR length overflow and not an IOD Type or condition, so the rubric's citation scope does not cover it. Recorded as NET and flagged as off-part, and every triple in the report is also given with the off-part classes demoted to UNDECIDABLE."
dciodvfy,1c1a24879b4b,"Error - Value invalid for this VR - (TAG) DS Numeric Value DS [1] = <-101.949523925781> - Length invalid for this VR = 17, expected <= 16",Error,1,NET,PS3.5 Section 6.2 Value Representation,"PS3.5 Table 6.2-1 DICOM Value Representations, row DS","PS3.5 Table 6.2-1, row ""DS"" Decimal String, Length of Value column: ""16 bytes maximum"".","A stated, exact, quotable maximum, breached by a 17 character value. The citation is PS3.5 rather than PS3.3, PS3.4 or PS3.16 because the defect is an encoding-level VR length overflow and not an IOD Type or condition, so the rubric's citation scope does not cover it. Recorded as NET and flagged as off-part, and every triple in the report is also given with the off-part classes demoted to UNDECIDABLE."
dciodvfy,1d5df3a98957,"Error - Value invalid for this VR - (TAG) DS Numeric Value DS [1] = <-116.552368164062> - Length invalid for this VR = 17, expected <= 16",Error,1,NET,PS3.5 Section 6.2 Value Representation,"PS3.5 Table 6.2-1 DICOM Value Representations, row DS","PS3.5 Table 6.2-1, row ""DS"" Decimal String, Length of Value column: ""16 bytes maximum"".","A stated, exact, quotable maximum, breached by a 17 character value. The citation is PS3.5 rather than PS3.3, PS3.4 or PS3.16 because the defect is an encoding-level VR length overflow and not an IOD Type or condition, so the rubric's citation scope does not cover it. Recorded as NET and flagged as off-part, and every triple in the report is also given with the off-part classes demoted to UNDECIDABLE."
dciodvfy,1e1bfb6b4acc,"Error - Value invalid for this VR - (TAG) DS Numeric Value DS [1] = <-187.569091796875> - Length invalid for this VR = 17, expected <= 16",Error,1,NET,PS3.5 Section 6.2 Value Representation,"PS3.5 Table 6.2-1 DICOM Value Representations, row DS","PS3.5 Table 6.2-1, row ""DS"" Decimal String, Length of Value column: ""16 bytes maximum"".","A stated, exact, quotable maximum, breached by a 17 character value. The citation is PS3.5 rather than PS3.3, PS3.4 or PS3.16 because the defect is an encoding-level VR length overflow and not an IOD Type or condition, so the rubric's citation scope does not cover it. Recorded as NET and flagged as off-part, and every triple in the report is also given with the off-part classes demoted to UNDECIDABLE."
dciodvfy,2091b246baa9,"Error - Value invalid for this VR - (TAG) DS Numeric Value DS [1] = <-72.8668212890625> - Length invalid for this VR = 17, expected <= 16",Error,1,NET,PS3.5 Section 6.2 Value Representation,"PS3.5 Table 6.2-1 DICOM Value Representations, row DS","PS3.5 Table 6.2-1, row ""DS"" Decimal String, Length of Value column: ""16 bytes maximum"".","A stated, exact, quotable maximum, breached by a 17 character value. The citation is PS3.5 rather than PS3.3, PS3.4 or PS3.16 because the defect is an encoding-level VR length overflow and not an IOD Type or condition, so the rubric's citation scope does not cover it. Recorded as NET and flagged as off-part, and every triple in the report is also given with the off-part classes demoted to UNDECIDABLE."
dciodvfy,20dd3fcb8ad2,"Error - Value invalid for this VR - (TAG) DS Numeric Value DS [1] = <-88.8628540039062> - Length invalid for this VR = 17, expected <= 16",Error,1,NET,PS3.5 Section 6.2 Value Representation,"PS3.5 Table 6.2-1 DICOM Value Representations, row DS","PS3.5 Table 6.2-1, row ""DS"" Decimal String, Length of Value column: ""16 bytes maximum"".","A stated, exact, quotable maximum, breached by a 17 character value. The citation is PS3.5 rather than PS3.3, PS3.4 or PS3.16 because the defect is an encoding-level VR length overflow and not an IOD Type or condition, so the rubric's citation scope does not cover it. Recorded as NET and flagged as off-part, and every triple in the report is also given with the off-part classes demoted to UNDECIDABLE."
dciodvfy,21ef6225f5bb,"Error - Value invalid for this VR - (TAG) DS Numeric Value DS [1] = <-118.193908691406> - Length invalid for this VR = 17, expected <= 16",Error,1,NET,PS3.5 Section 6.2 Value Representation,"PS3.5 Table 6.2-1 DICOM Value Representations, row DS","PS3.5 Table 6.2-1, row ""DS"" Decimal String, Length of Value column: ""16 bytes maximum"".","A stated, exact, quotable maximum, breached by a 17 character value. The citation is PS3.5 rather than PS3.3, PS3.4 or PS3.16 because the defect is an encoding-level VR length overflow and not an IOD Type or condition, so the rubric's citation scope does not cover it. Recorded as NET and flagged as off-part, and every triple in the report is also given with the off-part classes demoted to UNDECIDABLE."
dciodvfy,22ff173f21f1,"Error - Value invalid for this VR - (TAG) DS Numeric Value DS [1] = <-51.5743408203125> - Length invalid for this VR = 17, expected <= 16",Error,1,NET,PS3.5 Section 6.2 Value Representation,"PS3.5 Table 6.2-1 DICOM Value Representations, row DS","PS3.5 Table 6.2-1, row ""DS"" Decimal String, Length of Value column: ""16 bytes maximum"".","A stated, exact, quotable maximum, breached by a 17 character value. The citation is PS3.5 rather than PS3.3, PS3.4 or PS3.16 because the defect is an encoding-level VR length overflow and not an IOD Type or condition, so the rubric's citation scope does not cover it. Recorded as NET and flagged as off-part, and every triple in the report is also given with the off-part classes demoted to UNDECIDABLE."
dciodvfy,23062abf5f61,"Error - Value invalid for this VR - (TAG) DS Numeric Value DS [1] = <-169.574279785156> - Length invalid for this VR = 17, expected <= 16",Error,1,NET,PS3.5 Section 6.2 Value Representation,"PS3.5 Table 6.2-1 DICOM Value Representations, row DS","PS3.5 Table 6.2-1, row ""DS"" Decimal String, Length of Value column: ""16 bytes maximum"".","A stated, exact, quotable maximum, breached by a 17 character value. The citation is PS3.5 rather than PS3.3, PS3.4 or PS3.16 because the defect is an encoding-level VR length overflow and not an IOD Type or condition, so the rubric's citation scope does not cover it. Recorded as NET and flagged as off-part, and every triple in the report is also given with the off-part classes demoted to UNDECIDABLE."
dciodvfy,23d2d75d3a60,"Error - Value invalid for this VR - (TAG) DS Numeric Value DS [1] = <-107.070556640625> - Length invalid for this VR = 17, expected <= 16",Error,1,NET,PS3.5 Section 6.2 Value Representation,"PS3.5 Table 6.2-1 DICOM Value Representations, row DS","PS3.5 Table 6.2-1, row ""DS"" Decimal String, Length of Value column: ""16 bytes maximum"".","A stated, exact, quotable maximum, breached by a 17 character value. The citation is PS3.5 rather than PS3.3, PS3.4 or PS3.16 because the defect is an encoding-level VR length overflow and not an IOD Type or condition, so the rubric's citation scope does not cover it. Recorded as NET and flagged as off-part, and every triple in the report is also given with the off-part classes demoted to UNDECIDABLE."
dciodvfy,25d4f08921c1,"Error - Value invalid for this VR - (TAG) DS Numeric Value DS [1] = <-138.737365722656> - Length invalid for this VR = 17, expected <= 16",Error,1,NET,PS3.5 Section 6.2 Value Representation,"PS3.5 Table 6.2-1 DICOM Value Representations, row DS","PS3.5 Table 6.2-1, row ""DS"" Decimal String, Length of Value column: ""16 bytes maximum"".","A stated, exact, quotable maximum, breached by a 17 character value. The citation is PS3.5 rather than PS3.3, PS3.4 or PS3.16 because the defect is an encoding-level VR length overflow and not an IOD Type or condition, so the rubric's citation scope does not cover it. Recorded as NET and flagged as off-part, and every triple in the report is also given with the off-part classes demoted to UNDECIDABLE."
dciodvfy,26406a9861ec,"Error - Value invalid for this VR - (TAG) DS Numeric Value DS [1] = <-34.4833374023438> - Length invalid for this VR = 17, expected <= 16",Error,1,NET,PS3.5 Section 6.2 Value Representation,"PS3.5 Table 6.2-1 DICOM Value Representations, row DS","PS3.5 Table 6.2-1, row ""DS"" Decimal String, Length of Value column: ""16 bytes maximum"".","A stated, exact, quotable maximum, breached by a 17 character value. The citation is PS3.5 rather than PS3.3, PS3.4 or PS3.16 because the defect is an encoding-level VR length overflow and not an IOD Type or condition, so the rubric's citation scope does not cover it. Recorded as NET and flagged as off-part, and every triple in the report is also given with the off-part classes demoted to UNDECIDABLE."
dciodvfy,29d0bd61d3db,"Error - Value invalid for this VR - (TAG) DS Numeric Value DS [1] = <-161.256652832031> - Length invalid for this VR = 17, expected <= 16",Error,1,NET,PS3.5 Section 6.2 Value Representation,"PS3.5 Table 6.2-1 DICOM Value Representations, row DS","PS3.5 Table 6.2-1, row ""DS"" Decimal String, Length of Value column: ""16 bytes maximum"".","A stated, exact, quotable maximum, breached by a 17 character value. The citation is PS3.5 rather than PS3.3, PS3.4 or PS3.16 because the defect is an encoding-level VR length overflow and not an IOD Type or condition, so the rubric's citation scope does not cover it. Recorded as NET and flagged as off-part, and every triple in the report is also given with the off-part classes demoted to UNDECIDABLE."
dciodvfy,2bc64397e111,"Error - Value invalid for this VR - (TAG) DS Numeric Value DS [1] = <-1.68487548828125> - Length invalid for this VR = 17, expected <= 16",Error,1,NET,PS3.5 Section 6.2 Value Representation,"PS3.5 Table 6.2-1 DICOM Value Representations, row DS","PS3.5 Table 6.2-1, row ""DS"" Decimal String, Length of Value column: ""16 bytes maximum"".","A stated, exact, quotable maximum, breached by a 17 character value. The citation is PS3.5 rather than PS3.3, PS3.4 or PS3.16 because the defect is an encoding-level VR length overflow and not an IOD Type or condition, so the rubric's citation scope does not cover it. Recorded as NET and flagged as off-part, and every triple in the report is also given with the off-part classes demoted to UNDECIDABLE."
dciodvfy,2c2c7f3c17c5,"Error - Value invalid for this VR - (TAG) DS Numeric Value DS [1] = <-123.679565429688> - Length invalid for this VR = 17, expected <= 16",Error,1,NET,PS3.5 Section 6.2 Value Representation,"PS3.5 Table 6.2-1 DICOM Value Representations, row DS","PS3.5 Table 6.2-1, row ""DS"" Decimal String, Length of Value column: ""16 bytes maximum"".","A stated, exact, quotable maximum, breached by a 17 character value. The citation is PS3.5 rather than PS3.3, PS3.4 or PS3.16 because the defect is an encoding-level VR length overflow and not an IOD Type or condition, so the rubric's citation scope does not cover it. Recorded as NET and flagged as off-part, and every triple in the report is also given with the off-part classes demoted to UNDECIDABLE."
dciodvfy,2c5091f3b371,"Error - Value invalid for this VR - (TAG) DS Numeric Value DS [1] = <-81.6846313476562> - Length invalid for this VR = 17, expected <= 16",Error,1,NET,PS3.5 Section 6.2 Value Representation,"PS3.5 Table 6.2-1 DICOM Value Representations, row DS","PS3.5 Table 6.2-1, row ""DS"" Decimal String, Length of Value column: ""16 bytes maximum"".","A stated, exact, quotable maximum, breached by a 17 character value. The citation is PS3.5 rather than PS3.3, PS3.4 or PS3.16 because the defect is an encoding-level VR length overflow and not an IOD Type or condition, so the rubric's citation scope does not cover it. Recorded as NET and flagged as off-part, and every triple in the report is also given with the off-part classes demoted to UNDECIDABLE."
dciodvfy,2d189e4f9404,"Error - Value invalid for this VR - (TAG) DS Numeric Value DS [1] = <-109.599853515625> - Length invalid for this VR = 17, expected <= 16",Error,1,NET,PS3.5 Section 6.2 Value Representation,"PS3.5 Table 6.2-1 DICOM Value Representations, row DS","PS3.5 Table 6.2-1, row ""DS"" Decimal String, Length of Value column: ""16 bytes maximum"".","A stated, exact, quotable maximum, breached by a 17 character value. The citation is PS3.5 rather than PS3.3, PS3.4 or PS3.16 because the defect is an encoding-level VR length overflow and not an IOD Type or condition, so the rubric's citation scope does not cover it. Recorded as NET and flagged as off-part, and every triple in the report is also given with the off-part classes demoted to UNDECIDABLE."
dciodvfy,2eb715a6c4d9,"Error - Value invalid for this VR - (TAG) DS Numeric Value DS [1] = <-90.5321655273438> - Length invalid for this VR = 17, expected <= 16",Error,1,NET,PS3.5 Section 6.2 Value Representation,"PS3.5 Table 6.2-1 DICOM Value Representations, row DS","PS3.5 Table 6.2-1, row ""DS"" Decimal String, Length of Value column: ""16 bytes maximum"".","A stated, exact, quotable maximum, breached by a 17 character value. The citation is PS3.5 rather than PS3.3, PS3.4 or PS3.16 because the defect is an encoding-level VR length overflow and not an IOD Type or condition, so the rubric's citation scope does not cover it. Recorded as NET and flagged as off-part, and every triple in the report is also given with the off-part classes demoted to UNDECIDABLE."
dciodvfy,2f73363837ae,"Error - Value invalid for this VR - (TAG) DS Numeric Value DS [1] = <-12.9061889648438> - Length invalid for this VR = 17, expected <= 16",Error,1,NET,PS3.5 Section 6.2 Value Representation,"PS3.5 Table 6.2-1 DICOM Value Representations, row DS","PS3.5 Table 6.2-1, row ""DS"" Decimal String, Length of Value column: ""16 bytes maximum"".","A stated, exact, quotable maximum, breached by a 17 character value. The citation is PS3.5 rather than PS3.3, PS3.4 or PS3.16 because the defect is an encoding-level VR length overflow and not an IOD Type or condition, so the rubric's citation scope does not cover it. Recorded as NET and flagged as off-part, and every triple in the report is also given with the off-part classes demoted to UNDECIDABLE."
dciodvfy,2f76a79d6c28,"Error - Value invalid for this VR - (TAG) DS Numeric Value DS [1] = <-13.6714477539062> - Length invalid for this VR = 17, expected <= 16",Error,1,NET,PS3.5 Section 6.2 Value Representation,"PS3.5 Table 6.2-1 DICOM Value Representations, row DS","PS3.5 Table 6.2-1, row ""DS"" Decimal String, Length of Value column: ""16 bytes maximum"".","A stated, exact, quotable maximum, breached by a 17 character value. The citation is PS3.5 rather than PS3.3, PS3.4 or PS3.16 because the defect is an encoding-level VR length overflow and not an IOD Type or condition, so the rubric's citation scope does not cover it. Recorded as NET and flagged as off-part, and every triple in the report is also given with the off-part classes demoted to UNDECIDABLE."
dciodvfy,2fc1723528cf,Error - Bad attribute Value Multiplicity 2 (1 Required by Dictionary) Element=<StudyDescription> Module=<GeneralStudy>,Error,1,NET,PS3.6 Section 6 Registry of DICOM Data Elements; module membership in PS3.3 Section C.7.2.1 General Study Module,"PS3.6 Table 6-1 Registry of DICOM Data Elements, row (0008,1030); PS3.3 Table C.7-3 General Study Module Attributes","PS3.6 Table 6-1, row (0008,1030) Study Description, VR LO, VM ""1"". PS3.3 Table C.7-3, row ""Study Description"", tag (0008,1030), Type 3: ""Institution-generated description or classification of the Study performed.""","Two message classes fall under this rule, dciodvfy's dictionary form and its module form, both on Study Description in the same single object. The registry gives VM 1 and the value carries two components. Type 3 is not a defence: PS3.5 Section 7.4.5 makes absence permissible, not a wrong VM when present. The citation is PS3.6 rather than PS3.3, PS3.4 or PS3.16, so the class is flagged off-part on the same terms as the DS length classes."
dciodvfy,30758d0dff17,"Error - Value invalid for this VR - (TAG) DS Numeric Value DS [1] = <-12.1610107421875> - Length invalid for this VR = 17, expected <= 16",Error,1,NET,PS3.5 Section 6.2 Value Representation,"PS3.5 Table 6.2-1 DICOM Value Representations, row DS","PS3.5 Table 6.2-1, row ""DS"" Decimal String, Length of Value column: ""16 bytes maximum"".","A stated, exact, quotable maximum, breached by a 17 character value. The citation is PS3.5 rather than PS3.3, PS3.4 or PS3.16 because the defect is an encoding-level VR length overflow and not an IOD Type or condition, so the rubric's citation scope does not cover it. Recorded as NET and flagged as off-part, and every triple in the report is also given with the off-part classes demoted to UNDECIDABLE."
dciodvfy,307dbe1d0699,"Error - Value invalid for this VR - (TAG) DS Numeric Value DS [1] = <-189.324584960938> - Length invalid for this VR = 17, expected <= 16",Error,1,NET,PS3.5 Section 6.2 Value Representation,"PS3.5 Table 6.2-1 DICOM Value Representations, row DS","PS3.5 Table 6.2-1, row ""DS"" Decimal String, Length of Value column: ""16 bytes maximum"".","A stated, exact, quotable maximum, breached by a 17 character value. The citation is PS3.5 rather than PS3.3, PS3.4 or PS3.16 because the defect is an encoding-level VR length overflow and not an IOD Type or condition, so the rubric's citation scope does not cover it. Recorded as NET and flagged as off-part, and every triple in the report is also given with the off-part classes demoted to UNDECIDABLE."
dciodvfy,319a6cbc0241,Error - Bad attribute Value Multiplicity Type 3 Optional Element=<StudyDescription> Module=<GeneralStudy>,Error,1,NET,PS3.6 Section 6 Registry of DICOM Data Elements; module membership in PS3.3 Section C.7.2.1 General Study Module,"PS3.6 Table 6-1 Registry of DICOM Data Elements, row (0008,1030); PS3.3 Table C.7-3 General Study Module Attributes","PS3.6 Table 6-1, row (0008,1030) Study Description, VR LO, VM ""1"". PS3.3 Table C.7-3, row ""Study Description"", tag (0008,1030), Type 3: ""Institution-generated description or classification of the Study performed.""","Two message classes fall under this rule, dciodvfy's dictionary form and its module form, both on Study Description in the same single object. The registry gives VM 1 and the value carries two components. Type 3 is not a defence: PS3.5 Section 7.4.5 makes absence permissible, not a wrong VM when present. The citation is PS3.6 rather than PS3.3, PS3.4 or PS3.16, so the class is flagged off-part on the same terms as the DS length classes."
dciodvfy,381d509e51ff,"Error - Value invalid for this VR - (TAG) DS Numeric Value DS [1] = <-120.336486816406> - Length invalid for this VR = 17, expected <= 16",Error,1,NET,PS3.5 Section 6.2 Value Representation,"PS3.5 Table 6.2-1 DICOM Value Representations, row DS","PS3.5 Table 6.2-1, row ""DS"" Decimal String, Length of Value column: ""16 bytes maximum"".","A stated, exact, quotable maximum, breached by a 17 character value. The citation is PS3.5 rather than PS3.3, PS3.4 or PS3.16 because the defect is an encoding-level VR length overflow and not an IOD Type or condition, so the rubric's citation scope does not cover it. Recorded as NET and flagged as off-part, and every triple in the report is also given with the off-part classes demoted to UNDECIDABLE."
dciodvfy,3840e1036758,"Error - Value invalid for this VR - (TAG) DS Numeric Value DS [1] = <-90.9730834960938> - Length invalid for this VR = 17, expected <= 16",Error,1,NET,PS3.5 Section 6.2 Value Representation,"PS3.5 Table 6.2-1 DICOM Value Representations, row DS","PS3.5 Table 6.2-1, row ""DS"" Decimal String, Length of Value column: ""16 bytes maximum"".","A stated, exact, quotable maximum, breached by a 17 character value. The citation is PS3.5 rather than PS3.3, PS3.4 or PS3.16 because the defect is an encoding-level VR length overflow and not an IOD Type or condition, so the rubric's citation scope does not cover it. Recorded as NET and flagged as off-part, and every triple in the report is also given with the off-part classes demoted to UNDECIDABLE."
dciodvfy,3a689cadf131,"Error - Value invalid for this VR - (TAG) DS Numeric Value DS [1] = <-88.6280517578125> - Length invalid for this VR = 17, expected <= 16",Error,1,NET,PS3.5 Section 6.2 Value Representation,"PS3.5 Table 6.2-1 DICOM Value Representations, row DS","PS3.5 Table 6.2-1, row ""DS"" Decimal String, Length of Value column: ""16 bytes maximum"".","A stated, exact, quotable maximum, breached by a 17 character value. The citation is PS3.5 rather than PS3.3, PS3.4 or PS3.16 because the defect is an encoding-level VR length overflow and not an IOD Type or condition, so the rubric's citation scope does not cover it. Recorded as NET and flagged as off-part, and every triple in the report is also given with the off-part classes demoted to UNDECIDABLE."
dciodvfy,3a7cc38cf685,"Error - Value invalid for this VR - (TAG) DS Numeric Value DS [1] = <-6.89801025390625> - Length invalid for this VR = 17, expected <= 16",Error,1,NET,PS3.5 Section 6.2 Value Representation,"PS3.5 Table 6.2-1 DICOM Value Representations, row DS","PS3.5 Table 6.2-1, row ""DS"" Decimal String, Length of Value column: ""16 bytes maximum"".","A stated, exact, quotable maximum, breached by a 17 character value. The citation is PS3.5 rather than PS3.3, PS3.4 or PS3.16 because the defect is an encoding-level VR length overflow and not an IOD Type or condition, so the rubric's citation scope does not cover it. Recorded as NET and flagged as off-part, and every triple in the report is also given with the off-part classes demoted to UNDECIDABLE."
dciodvfy,3b050552de5c,"Error - Value invalid for this VR - (TAG) DS Numeric Value DS [1] = <-34.6868286132812> - Length invalid for this VR = 17, expected <= 16",Error,1,NET,PS3.5 Section 6.2 Value Representation,"PS3.5 Table 6.2-1 DICOM Value Representations, row DS","PS3.5 Table 6.2-1, row ""DS"" Decimal String, Length of Value column: ""16 bytes maximum"".","A stated, exact, quotable maximum, breached by a 17 character value. The citation is PS3.5 rather than PS3.3, PS3.4 or PS3.16 because the defect is an encoding-level VR length overflow and not an IOD Type or condition, so the rubric's citation scope does not cover it. Recorded as NET and flagged as off-part, and every triple in the report is also given with the off-part classes demoted to UNDECIDABLE."
dciodvfy,3c6981075dc6,"Error - Value invalid for this VR - (TAG) DS Numeric Value DS [1] = <-94.4628295898438> - Length invalid for this VR = 17, expected <= 16",Error,1,NET,PS3.5 Section 6.2 Value Representation,"PS3.5 Table 6.2-1 DICOM Value Representations, row DS","PS3.5 Table 6.2-1, row ""DS"" Decimal String, Length of Value column: ""16 bytes maximum"".","A stated, exact, quotable maximum, breached by a 17 character value. The citation is PS3.5 rather than PS3.3, PS3.4 or PS3.16 because the defect is an encoding-level VR length overflow and not an IOD Type or condition, so the rubric's citation scope does not cover it. Recorded as NET and flagged as off-part, and every triple in the report is also given with the off-part classes demoted to UNDECIDABLE."
dciodvfy,3ee3f84d6ac1,"Error - Value invalid for this VR - (TAG) DS Numeric Value DS [1] = <-179.290344238281> - Length invalid for this VR = 17, expected <= 16",Error,1,NET,PS3.5 Section 6.2 Value Representation,"PS3.5 Table 6.2-1 DICOM Value Representations, row DS","PS3.5 Table 6.2-1, row ""DS"" Decimal String, Length of Value column: ""16 bytes maximum"".","A stated, exact, quotable maximum, breached by a 17 character value. The citation is PS3.5 rather than PS3.3, PS3.4 or PS3.16 because the defect is an encoding-level VR length overflow and not an IOD Type or condition, so the rubric's citation scope does not cover it. Recorded as NET and flagged as off-part, and every triple in the report is also given with the off-part classes demoted to UNDECIDABLE."
dciodvfy,3ee5d49377e3,"Error - Value invalid for this VR - (TAG) DS Numeric Value DS [1] = <-11.5043334960938> - Length invalid for this VR = 17, expected <= 16",Error,1,NET,PS3.5 Section 6.2 Value Representation,"PS3.5 Table 6.2-1 DICOM Value Representations, row DS","PS3.5 Table 6.2-1, row ""DS"" Decimal String, Length of Value column: ""16 bytes maximum"".","A stated, exact, quotable maximum, breached by a 17 character value. The citation is PS3.5 rather than PS3.3, PS3.4 or PS3.16 because the defect is an encoding-level VR length overflow and not an IOD Type or condition, so the rubric's citation scope does not cover it. Recorded as NET and flagged as off-part, and every triple in the report is also given with the off-part classes demoted to UNDECIDABLE."
dciodvfy,3fab2171904c,"Error - Value invalid for this VR - (TAG) DS Numeric Value DS [1] = <-139.657165527344> - Length invalid for this VR = 17, expected <= 16",Error,1,NET,PS3.5 Section 6.2 Value Representation,"PS3.5 Table 6.2-1 DICOM Value Representations, row DS","PS3.5 Table 6.2-1, row ""DS"" Decimal String, Length of Value column: ""16 bytes maximum"".","A stated, exact, quotable maximum, breached by a 17 character value. The citation is PS3.5 rather than PS3.3, PS3.4 or PS3.16 because the defect is an encoding-level VR length overflow and not an IOD Type or condition, so the rubric's citation scope does not cover it. Recorded as NET and flagged as off-part, and every triple in the report is also given with the off-part classes demoted to UNDECIDABLE."
dciodvfy,40bd07fe8cd8,"Error - Value invalid for this VR - (TAG) DS Numeric Value DS [1] = <-4.99810791015625> - Length invalid for this VR = 17, expected <= 16",Error,1,NET,PS3.5 Section 6.2 Value Representation,"PS3.5 Table 6.2-1 DICOM Value Representations, row DS","PS3.5 Table 6.2-1, row ""DS"" Decimal String, Length of Value column: ""16 bytes maximum"".","A stated, exact, quotable maximum, breached by a 17 character value. The citation is PS3.5 rather than PS3.3, PS3.4 or PS3.16 because the defect is an encoding-level VR length overflow and not an IOD Type or condition, so the rubric's citation scope does not cover it. Recorded as NET and flagged as off-part, and every triple in the report is also given with the off-part classes demoted to UNDECIDABLE."
dciodvfy,4445881ac0fd,"Error - Value invalid for this VR - (TAG) DS Numeric Value DS [1] = <-6.02777099609375> - Length invalid for this VR = 17, expected <= 16",Error,1,NET,PS3.5 Section 6.2 Value Representation,"PS3.5 Table 6.2-1 DICOM Value Representations, row DS","PS3.5 Table 6.2-1, row ""DS"" Decimal String, Length of Value column: ""16 bytes maximum"".","A stated, exact, quotable maximum, breached by a 17 character value. The citation is PS3.5 rather than PS3.3, PS3.4 or PS3.16 because the defect is an encoding-level VR length overflow and not an IOD Type or condition, so the rubric's citation scope does not cover it. Recorded as NET and flagged as off-part, and every triple in the report is also given with the off-part classes demoted to UNDECIDABLE."
dciodvfy,462f04bb9101,"Error - Value invalid for this VR - (TAG) DS Numeric Value DS [1] = <-148.179992675781> - Length invalid for this VR = 17, expected <= 16",Error,1,NET,PS3.5 Section 6.2 Value Representation,"PS3.5 Table 6.2-1 DICOM Value Representations, row DS","PS3.5 Table 6.2-1, row ""DS"" Decimal String, Length of Value column: ""16 bytes maximum"".","A stated, exact, quotable maximum, breached by a 17 character value. The citation is PS3.5 rather than PS3.3, PS3.4 or PS3.16 because the defect is an encoding-level VR length overflow and not an IOD Type or condition, so the rubric's citation scope does not cover it. Recorded as NET and flagged as off-part, and every triple in the report is also given with the off-part classes demoted to UNDECIDABLE."
dciodvfy,46481c64f580,"Error - Value invalid for this VR - (TAG) DS Numeric Value DS [1] = <-39.4876098632812> - Length invalid for this VR = 17, expected <= 16",Error,1,NET,PS3.5 Section 6.2 Value Representation,"PS3.5 Table 6.2-1 DICOM Value Representations, row DS","PS3.5 Table 6.2-1, row ""DS"" Decimal String, Length of Value column: ""16 bytes maximum"".","A stated, exact, quotable maximum, breached by a 17 character value. The citation is PS3.5 rather than PS3.3, PS3.4 or PS3.16 because the defect is an encoding-level VR length overflow and not an IOD Type or condition, so the rubric's citation scope does not cover it. Recorded as NET and flagged as off-part, and every triple in the report is also given with the off-part classes demoted to UNDECIDABLE."
dciodvfy,46c94d5b75d5,"Error - Value invalid for this VR - (TAG) DS Numeric Value DS [1] = <-12.5631103515625> - Length invalid for this VR = 17, expected <= 16",Error,1,NET,PS3.5 Section 6.2 Value Representation,"PS3.5 Table 6.2-1 DICOM Value Representations, row DS","PS3.5 Table 6.2-1, row ""DS"" Decimal String, Length of Value column: ""16 bytes maximum"".","A stated, exact, quotable maximum, breached by a 17 character value. The citation is PS3.5 rather than PS3.3, PS3.4 or PS3.16 because the defect is an encoding-level VR length overflow and not an IOD Type or condition, so the rubric's citation scope does not cover it. Recorded as NET and flagged as off-part, and every triple in the report is also given with the off-part classes demoted to UNDECIDABLE."
dciodvfy,46cb803e614d,"Error - Value invalid for this VR - (TAG) DS Numeric Value DS [1] = <-22.3355102539062> - Length invalid for this VR = 17, expected <= 16",Error,1,NET,PS3.5 Section 6.2 Value Representation,"PS3.5 Table 6.2-1 DICOM Value Representations, row DS","PS3.5 Table 6.2-1, row ""DS"" Decimal String, Length of Value column: ""16 bytes maximum"".","A stated, exact, quotable maximum, breached by a 17 character value. The citation is PS3.5 rather than PS3.3, PS3.4 or PS3.16 because the defect is an encoding-level VR length overflow and not an IOD Type or condition, so the rubric's citation scope does not cover it. Recorded as NET and flagged as off-part, and every triple in the report is also given with the off-part classes demoted to UNDECIDABLE."
dciodvfy,46d448716e00,"Error - Value invalid for this VR - (TAG) DS Numeric Value DS [1] = <-90.7052001953125> - Length invalid for this VR = 17, expected <= 16",Error,1,NET,PS3.5 Section 6.2 Value Representation,"PS3.5 Table 6.2-1 DICOM Value Representations, row DS","PS3.5 Table 6.2-1, row ""DS"" Decimal String, Length of Value column: ""16 bytes maximum"".","A stated, exact, quotable maximum, breached by a 17 character value. The citation is PS3.5 rather than PS3.3, PS3.4 or PS3.16 because the defect is an encoding-level VR length overflow and not an IOD Type or condition, so the rubric's citation scope does not cover it. Recorded as NET and flagged as off-part, and every triple in the report is also given with the off-part classes demoted to UNDECIDABLE."
dciodvfy,489486893f1e,"Error - Value invalid for this VR - (TAG) DS Numeric Value DS [1] = <-11.6536254882812> - Length invalid for this VR = 17, expected <= 16",Error,1,NET,PS3.5 Section 6.2 Value Representation,"PS3.5 Table 6.2-1 DICOM Value Representations, row DS","PS3.5 Table 6.2-1, row ""DS"" Decimal String, Length of Value column: ""16 bytes maximum"".","A stated, exact, quotable maximum, breached by a 17 character value. The citation is PS3.5 rather than PS3.3, PS3.4 or PS3.16 because the defect is an encoding-level VR length overflow and not an IOD Type or condition, so the rubric's citation scope does not cover it. Recorded as NET and flagged as off-part, and every triple in the report is also given with the off-part classes demoted to UNDECIDABLE."
dciodvfy,48a7ede42467,"Error - Value invalid for this VR - (TAG) DS Numeric Value DS [1] = <-126.083801269531> - Length invalid for this VR = 17, expected <= 16",Error,1,NET,PS3.5 Section 6.2 Value Representation,"PS3.5 Table 6.2-1 DICOM Value Representations, row DS","PS3.5 Table 6.2-1, row ""DS"" Decimal String, Length of Value column: ""16 bytes maximum"".","A stated, exact, quotable maximum, breached by a 17 character value. The citation is PS3.5 rather than PS3.3, PS3.4 or PS3.16 because the defect is an encoding-level VR length overflow and not an IOD Type or condition, so the rubric's citation scope does not cover it. Recorded as NET and flagged as off-part, and every triple in the report is also given with the off-part classes demoted to UNDECIDABLE."
dciodvfy,4a2efb4fff62,"Error - Value invalid for this VR - (TAG) DS Numeric Value DS [1] = <-126.317626953125> - Length invalid for this VR = 17, expected <= 16",Error,1,NET,PS3.5 Section 6.2 Value Representation,"PS3.5 Table 6.2-1 DICOM Value Representations, row DS","PS3.5 Table 6.2-1, row ""DS"" Decimal String, Length of Value column: ""16 bytes maximum"".","A stated, exact, quotable maximum, breached by a 17 character value. The citation is PS3.5 rather than PS3.3, PS3.4 or PS3.16 because the defect is an encoding-level VR length overflow and not an IOD Type or condition, so the rubric's citation scope does not cover it. Recorded as NET and flagged as off-part, and every triple in the report is also given with the off-part classes demoted to UNDECIDABLE."
dciodvfy,4a446fc2542d,"Error - Value invalid for this VR - (TAG) DS Numeric Value DS [1] = <-89.0829467773438> - Length invalid for this VR = 17, expected <= 16",Error,1,NET,PS3.5 Section 6.2 Value Representation,"PS3.5 Table 6.2-1 DICOM Value Representations, row DS","PS3.5 Table 6.2-1, row ""DS"" Decimal String, Length of Value column: ""16 bytes maximum"".","A stated, exact, quotable maximum, breached by a 17 character value. The citation is PS3.5 rather than PS3.3, PS3.4 or PS3.16 because the defect is an encoding-level VR length overflow and not an IOD Type or condition, so the rubric's citation scope does not cover it. Recorded as NET and flagged as off-part, and every triple in the report is also given with the off-part classes demoted to UNDECIDABLE."
dciodvfy,4be645444d63,"Error - Value invalid for this VR - (TAG) DS Numeric Value DS [1] = <-28.0311889648438> - Length invalid for this VR = 17, expected <= 16",Error,1,NET,PS3.5 Section 6.2 Value Representation,"PS3.5 Table 6.2-1 DICOM Value Representations, row DS","PS3.5 Table 6.2-1, row ""DS"" Decimal String, Length of Value column: ""16 bytes maximum"".","A stated, exact, quotable maximum, breached by a 17 character value. The citation is PS3.5 rather than PS3.3, PS3.4 or PS3.16 because the defect is an encoding-level VR length overflow and not an IOD Type or condition, so the rubric's citation scope does not cover it. Recorded as NET and flagged as off-part, and every triple in the report is also given with the off-part classes demoted to UNDECIDABLE."
dciodvfy,4e9d9179e144,"Error - Value invalid for this VR - (TAG) DS Numeric Value DS [1] = <-117.071105957031> - Length invalid for this VR = 17, expected <= 16",Error,1,NET,PS3.5 Section 6.2 Value Representation,"PS3.5 Table 6.2-1 DICOM Value Representations, row DS","PS3.5 Table 6.2-1, row ""DS"" Decimal String, Length of Value column: ""16 bytes maximum"".","A stated, exact, quotable maximum, breached by a 17 character value. The citation is PS3.5 rather than PS3.3, PS3.4 or PS3.16 because the defect is an encoding-level VR length overflow and not an IOD Type or condition, so the rubric's citation scope does not cover it. Recorded as NET and flagged as off-part, and every triple in the report is also given with the off-part classes demoted to UNDECIDABLE."
dciodvfy,4ef79defaf8a,"Error - Value invalid for this VR - (TAG) DS Numeric Value DS [1] = <-185.177978515625> - Length invalid for this VR = 17, expected <= 16",Error,1,NET,PS3.5 Section 6.2 Value Representation,"PS3.5 Table 6.2-1 DICOM Value Representations, row DS","PS3.5 Table 6.2-1, row ""DS"" Decimal String, Length of Value column: ""16 bytes maximum"".","A stated, exact, quotable maximum, breached by a 17 character value. The citation is PS3.5 rather than PS3.3, PS3.4 or PS3.16 because the defect is an encoding-level VR length overflow and not an IOD Type or condition, so the rubric's citation scope does not cover it. Recorded as NET and flagged as off-part, and every triple in the report is also given with the off-part classes demoted to UNDECIDABLE."
dciodvfy,519399dc81df,"Error - Value invalid for this VR - (TAG) DS Numeric Value DS [1] = <-18.4627075195312> - Length invalid for this VR = 17, expected <= 16",Error,1,NET,PS3.5 Section 6.2 Value Representation,"PS3.5 Table 6.2-1 DICOM Value Representations, row DS","PS3.5 Table 6.2-1, row ""DS"" Decimal String, Length of Value column: ""16 bytes maximum"".","A stated, exact, quotable maximum, breached by a 17 character value. The citation is PS3.5 rather than PS3.3, PS3.4 or PS3.16 because the defect is an encoding-level VR length overflow and not an IOD Type or condition, so the rubric's citation scope does not cover it. Recorded as NET and flagged as off-part, and every triple in the report is also given with the off-part classes demoted to UNDECIDABLE."
dciodvfy,51f2ed48c445,"Error - Value invalid for this VR - (TAG) DS Numeric Value DS [1] = <-34.2367553710938> - Length invalid for this VR = 17, expected <= 16",Error,1,NET,PS3.5 Section 6.2 Value Representation,"PS3.5 Table 6.2-1 DICOM Value Representations, row DS","PS3.5 Table 6.2-1, row ""DS"" Decimal String, Length of Value column: ""16 bytes maximum"".","A stated, exact, quotable maximum, breached by a 17 character value. The citation is PS3.5 rather than PS3.3, PS3.4 or PS3.16 because the defect is an encoding-level VR length overflow and not an IOD Type or condition, so the rubric's citation scope does not cover it. Recorded as NET and flagged as off-part, and every triple in the report is also given with the off-part classes demoted to UNDECIDABLE."
dciodvfy,5368516283e4,"Error - Value invalid for this VR - (TAG) DS Numeric Value DS [1] = <-0.49114990234375> - Length invalid for this VR = 17, expected <= 16",Error,1,NET,PS3.5 Section 6.2 Value Representation,"PS3.5 Table 6.2-1 DICOM Value Representations, row DS","PS3.5 Table 6.2-1, row ""DS"" Decimal String, Length of Value column: ""16 bytes maximum"".","A stated, exact, quotable maximum, breached by a 17 character value. The citation is PS3.5 rather than PS3.3, PS3.4 or PS3.16 because the defect is an encoding-level VR length overflow and not an IOD Type or condition, so the rubric's citation scope does not cover it. Recorded as NET and flagged as off-part, and every triple in the report is also given with the off-part classes demoted to UNDECIDABLE."
dciodvfy,544324aaeb7a,"Error - Value invalid for this VR - (TAG) DS Numeric Value DS [1] = <-12.9166259765625> - Length invalid for this VR = 17, expected <= 16",Error,1,NET,PS3.5 Section 6.2 Value Representation,"PS3.5 Table 6.2-1 DICOM Value Representations, row DS","PS3.5 Table 6.2-1, row ""DS"" Decimal String, Length of Value column: ""16 bytes maximum"".","A stated, exact, quotable maximum, breached by a 17 character value. The citation is PS3.5 rather than PS3.3, PS3.4 or PS3.16 because the defect is an encoding-level VR length overflow and not an IOD Type or condition, so the rubric's citation scope does not cover it. Recorded as NET and flagged as off-part, and every triple in the report is also given with the off-part classes demoted to UNDECIDABLE."
dciodvfy,579717f767ec,"Error - Value invalid for this VR - (TAG) DS Numeric Value DS [1] = <-109.083679199219> - Length invalid for this VR = 17, expected <= 16",Error,1,NET,PS3.5 Section 6.2 Value Representation,"PS3.5 Table 6.2-1 DICOM Value Representations, row DS","PS3.5 Table 6.2-1, row ""DS"" Decimal String, Length of Value column: ""16 bytes maximum"".","A stated, exact, quotable maximum, breached by a 17 character value. The citation is PS3.5 rather than PS3.3, PS3.4 or PS3.16 because the defect is an encoding-level VR length overflow and not an IOD Type or condition, so the rubric's citation scope does not cover it. Recorded as NET and flagged as off-part, and every triple in the report is also given with the off-part classes demoted to UNDECIDABLE."
dciodvfy,5994f99fce1c,"Error - Value invalid for this VR - (TAG) DS Numeric Value DS [1] = <-188.264465332031> - Length invalid for this VR = 17, expected <= 16",Error,1,NET,PS3.5 Section 6.2 Value Representation,"PS3.5 Table 6.2-1 DICOM Value Representations, row DS","PS3.5 Table 6.2-1, row ""DS"" Decimal String, Length of Value column: ""16 bytes maximum"".","A stated, exact, quotable maximum, breached by a 17 character value. The citation is PS3.5 rather than PS3.3, PS3.4 or PS3.16 because the defect is an encoding-level VR length overflow and not an IOD Type or condition, so the rubric's citation scope does not cover it. Recorded as NET and flagged as off-part, and every triple in the report is also given with the off-part classes demoted to UNDECIDABLE."
dciodvfy,5b556562a60f,"Error - Value invalid for this VR - (TAG) DS Numeric Value DS [1] = <-33.8971557617188> - Length invalid for this VR = 17, expected <= 16",Error,1,NET,PS3.5 Section 6.2 Value Representation,"PS3.5 Table 6.2-1 DICOM Value Representations, row DS","PS3.5 Table 6.2-1, row ""DS"" Decimal String, Length of Value column: ""16 bytes maximum"".","A stated, exact, quotable maximum, breached by a 17 character value. The citation is PS3.5 rather than PS3.3, PS3.4 or PS3.16 because the defect is an encoding-level VR length overflow and not an IOD Type or condition, so the rubric's citation scope does not cover it. Recorded as NET and flagged as off-part, and every triple in the report is also given with the off-part classes demoted to UNDECIDABLE."
dciodvfy,5b58383d099b,"Error - Value invalid for this VR - (TAG) DS Numeric Value DS [1] = <-11.9566040039062> - Length invalid for this VR = 17, expected <= 16",Error,1,NET,PS3.5 Section 6.2 Value Representation,"PS3.5 Table 6.2-1 DICOM Value Representations, row DS","PS3.5 Table 6.2-1, row ""DS"" Decimal String, Length of Value column: ""16 bytes maximum"".","A stated, exact, quotable maximum, breached by a 17 character value. The citation is PS3.5 rather than PS3.3, PS3.4 or PS3.16 because the defect is an encoding-level VR length overflow and not an IOD Type or condition, so the rubric's citation scope does not cover it. Recorded as NET and flagged as off-part, and every triple in the report is also given with the off-part classes demoted to UNDECIDABLE."
dciodvfy,5c8b18902668,"Error - Value invalid for this VR - (TAG) DS Numeric Value DS [1] = <-103.768493652344> - Length invalid for this VR = 17, expected <= 16",Error,1,NET,PS3.5 Section 6.2 Value Representation,"PS3.5 Table 6.2-1 DICOM Value Representations, row DS","PS3.5 Table 6.2-1, row ""DS"" Decimal String, Length of Value column: ""16 bytes maximum"".","A stated, exact, quotable maximum, breached by a 17 character value. The citation is PS3.5 rather than PS3.3, PS3.4 or PS3.16 because the defect is an encoding-level VR length overflow and not an IOD Type or condition, so the rubric's citation scope does not cover it. Recorded as NET and flagged as off-part, and every triple in the report is also given with the off-part classes demoted to UNDECIDABLE."
dciodvfy,5c9ad303111c,"Error - Value invalid for this VR - (TAG) DS Numeric Value DS [1] = <-210.636352539062> - Length invalid for this VR = 17, expected <= 16",Error,1,NET,PS3.5 Section 6.2 Value Representation,"PS3.5 Table 6.2-1 DICOM Value Representations, row DS","PS3.5 Table 6.2-1, row ""DS"" Decimal String, Length of Value column: ""16 bytes maximum"".","A stated, exact, quotable maximum, breached by a 17 character value. The citation is PS3.5 rather than PS3.3, PS3.4 or PS3.16 because the defect is an encoding-level VR length overflow and not an IOD Type or condition, so the rubric's citation scope does not cover it. Recorded as NET and flagged as off-part, and every triple in the report is also given with the off-part classes demoted to UNDECIDABLE."
dciodvfy,5e1cf67ee27b,"Error - Value invalid for this VR - (TAG) DS Numeric Value DS [1] = <-141.400024414062> - Length invalid for this VR = 17, expected <= 16",Error,1,NET,PS3.5 Section 6.2 Value Representation,"PS3.5 Table 6.2-1 DICOM Value Representations, row DS","PS3.5 Table 6.2-1, row ""DS"" Decimal String, Length of Value column: ""16 bytes maximum"".","A stated, exact, quotable maximum, breached by a 17 character value. The citation is PS3.5 rather than PS3.3, PS3.4 or PS3.16 because the defect is an encoding-level VR length overflow and not an IOD Type or condition, so the rubric's citation scope does not cover it. Recorded as NET and flagged as off-part, and every triple in the report is also given with the off-part classes demoted to UNDECIDABLE."
dciodvfy,5f314fcb0f6e,"Error - Value invalid for this VR - (TAG) DS Numeric Value DS [1] = <-11.8178100585938> - Length invalid for this VR = 17, expected <= 16",Error,1,NET,PS3.5 Section 6.2 Value Representation,"PS3.5 Table 6.2-1 DICOM Value Representations, row DS","PS3.5 Table 6.2-1, row ""DS"" Decimal String, Length of Value column: ""16 bytes maximum"".","A stated, exact, quotable maximum, breached by a 17 character value. The citation is PS3.5 rather than PS3.3, PS3.4 or PS3.16 because the defect is an encoding-level VR length overflow and not an IOD Type or condition, so the rubric's citation scope does not cover it. Recorded as NET and flagged as off-part, and every triple in the report is also given with the off-part classes demoted to UNDECIDABLE."
dciodvfy,62cb787f443e,"Error - Value invalid for this VR - (TAG) DS Numeric Value DS [1] = <-185.008666992188> - Length invalid for this VR = 17, expected <= 16",Error,1,NET,PS3.5 Section 6.2 Value Representation,"PS3.5 Table 6.2-1 DICOM Value Representations, row DS","PS3.5 Table 6.2-1, row ""DS"" Decimal String, Length of Value column: ""16 bytes maximum"".","A stated, exact, quotable maximum, breached by a 17 character value. The citation is PS3.5 rather than PS3.3, PS3.4 or PS3.16 because the defect is an encoding-level VR length overflow and not an IOD Type or condition, so the rubric's citation scope does not cover it. Recorded as NET and flagged as off-part, and every triple in the report is also given with the off-part classes demoted to UNDECIDABLE."
dciodvfy,63241954bb62,"Error - Value invalid for this VR - (TAG) DS Numeric Value DS [1] = <-24.3667602539062> - Length invalid for this VR = 17, expected <= 16",Error,1,NET,PS3.5 Section 6.2 Value Representation,"PS3.5 Table 6.2-1 DICOM Value Representations, row DS","PS3.5 Table 6.2-1, row ""DS"" Decimal String, Length of Value column: ""16 bytes maximum"".","A stated, exact, quotable maximum, breached by a 17 character value. The citation is PS3.5 rather than PS3.3, PS3.4 or PS3.16 because the defect is an encoding-level VR length overflow and not an IOD Type or condition, so the rubric's citation scope does not cover it. Recorded as NET and flagged as off-part, and every triple in the report is also given with the off-part classes demoted to UNDECIDABLE."
dciodvfy,63c595a1be23,"Error - Value invalid for this VR - (TAG) DS Numeric Value DS [1] = <-180.793640136719> - Length invalid for this VR = 17, expected <= 16",Error,1,NET,PS3.5 Section 6.2 Value Representation,"PS3.5 Table 6.2-1 DICOM Value Representations, row DS","PS3.5 Table 6.2-1, row ""DS"" Decimal String, Length of Value column: ""16 bytes maximum"".","A stated, exact, quotable maximum, breached by a 17 character value. The citation is PS3.5 rather than PS3.3, PS3.4 or PS3.16 because the defect is an encoding-level VR length overflow and not an IOD Type or condition, so the rubric's citation scope does not cover it. Recorded as NET and flagged as off-part, and every triple in the report is also given with the off-part classes demoted to UNDECIDABLE."
dciodvfy,66fc4ef7bdca,"Error - Value invalid for this VR - (TAG) DS Numeric Value DS [1] = <-118.699523925781> - Length invalid for this VR = 17, expected <= 16",Error,1,NET,PS3.5 Section 6.2 Value Representation,"PS3.5 Table 6.2-1 DICOM Value Representations, row DS","PS3.5 Table 6.2-1, row ""DS"" Decimal String, Length of Value column: ""16 bytes maximum"".","A stated, exact, quotable maximum, breached by a 17 character value. The citation is PS3.5 rather than PS3.3, PS3.4 or PS3.16 because the defect is an encoding-level VR length overflow and not an IOD Type or condition, so the rubric's citation scope does not cover it. Recorded as NET and flagged as off-part, and every triple in the report is also given with the off-part classes demoted to UNDECIDABLE."
dciodvfy,672eab20990d,"Error - Value invalid for this VR - (TAG) DS Numeric Value DS [1] = <-130.645874023438> - Length invalid for this VR = 17, expected <= 16",Error,1,NET,PS3.5 Section 6.2 Value Representation,"PS3.5 Table 6.2-1 DICOM Value Representations, row DS","PS3.5 Table 6.2-1, row ""DS"" Decimal String, Length of Value column: ""16 bytes maximum"".","A stated, exact, quotable maximum, breached by a 17 character value. The citation is PS3.5 rather than PS3.3, PS3.4 or PS3.16 because the defect is an encoding-level VR length overflow and not an IOD Type or condition, so the rubric's citation scope does not cover it. Recorded as NET and flagged as off-part, and every triple in the report is also given with the off-part classes demoted to UNDECIDABLE."
dciodvfy,679eaf3c6e04,"Error - Value invalid for this VR - (TAG) DS Numeric Value DS [1] = <-218.014953613281> - Length invalid for this VR = 17, expected <= 16",Error,1,NET,PS3.5 Section 6.2 Value Representation,"PS3.5 Table 6.2-1 DICOM Value Representations, row DS","PS3.5 Table 6.2-1, row ""DS"" Decimal String, Length of Value column: ""16 bytes maximum"".","A stated, exact, quotable maximum, breached by a 17 character value. The citation is PS3.5 rather than PS3.3, PS3.4 or PS3.16 because the defect is an encoding-level VR length overflow and not an IOD Type or condition, so the rubric's citation scope does not cover it. Recorded as NET and flagged as off-part, and every triple in the report is also given with the off-part classes demoted to UNDECIDABLE."
dciodvfy,68446e91c0c0,"Error - Value invalid for this VR - (TAG) DS Numeric Value DS [1] = <-135.644165039062> - Length invalid for this VR = 17, expected <= 16",Error,1,NET,PS3.5 Section 6.2 Value Representation,"PS3.5 Table 6.2-1 DICOM Value Representations, row DS","PS3.5 Table 6.2-1, row ""DS"" Decimal String, Length of Value column: ""16 bytes maximum"".","A stated, exact, quotable maximum, breached by a 17 character value. The citation is PS3.5 rather than PS3.3, PS3.4 or PS3.16 because the defect is an encoding-level VR length overflow and not an IOD Type or condition, so the rubric's citation scope does not cover it. Recorded as NET and flagged as off-part, and every triple in the report is also given with the off-part classes demoted to UNDECIDABLE."
dciodvfy,69727c9a2ca3,"Error - Value invalid for this VR - (TAG) DS Numeric Value DS [1] = <-13.9098510742188> - Length invalid for this VR = 17, expected <= 16",Error,1,NET,PS3.5 Section 6.2 Value Representation,"PS3.5 Table 6.2-1 DICOM Value Representations, row DS","PS3.5 Table 6.2-1, row ""DS"" Decimal String, Length of Value column: ""16 bytes maximum"".","A stated, exact, quotable maximum, breached by a 17 character value. The citation is PS3.5 rather than PS3.3, PS3.4 or PS3.16 because the defect is an encoding-level VR length overflow and not an IOD Type or condition, so the rubric's citation scope does not cover it. Recorded as NET and flagged as off-part, and every triple in the report is also given with the off-part classes demoted to UNDECIDABLE."
dciodvfy,6e15ed2846e3,"Error - Value invalid for this VR - (TAG) DS Numeric Value DS [1] = <-84.7088012695312> - Length invalid for this VR = 17, expected <= 16",Error,1,NET,PS3.5 Section 6.2 Value Representation,"PS3.5 Table 6.2-1 DICOM Value Representations, row DS","PS3.5 Table 6.2-1, row ""DS"" Decimal String, Length of Value column: ""16 bytes maximum"".","A stated, exact, quotable maximum, breached by a 17 character value. The citation is PS3.5 rather than PS3.3, PS3.4 or PS3.16 because the defect is an encoding-level VR length overflow and not an IOD Type or condition, so the rubric's citation scope does not cover it. Recorded as NET and flagged as off-part, and every triple in the report is also given with the off-part classes demoted to UNDECIDABLE."
dciodvfy,6f71f1922c44,"Error - Value invalid for this VR - (TAG) DS Numeric Value DS [1] = <-193.908386230469> - Length invalid for this VR = 17, expected <= 16",Error,1,NET,PS3.5 Section 6.2 Value Representation,"PS3.5 Table 6.2-1 DICOM Value Representations, row DS","PS3.5 Table 6.2-1, row ""DS"" Decimal String, Length of Value column: ""16 bytes maximum"".","A stated, exact, quotable maximum, breached by a 17 character value. The citation is PS3.5 rather than PS3.3, PS3.4 or PS3.16 because the defect is an encoding-level VR length overflow and not an IOD Type or condition, so the rubric's citation scope does not cover it. Recorded as NET and flagged as off-part, and every triple in the report is also given with the off-part classes demoted to UNDECIDABLE."
dciodvfy,6fd388f39937,"Error - Value invalid for this VR - (TAG) DS Numeric Value DS [1] = <-14.5711669921875> - Length invalid for this VR = 17, expected <= 16",Error,1,NET,PS3.5 Section 6.2 Value Representation,"PS3.5 Table 6.2-1 DICOM Value Representations, row DS","PS3.5 Table 6.2-1, row ""DS"" Decimal String, Length of Value column: ""16 bytes maximum"".","A stated, exact, quotable maximum, breached by a 17 character value. The citation is PS3.5 rather than PS3.3, PS3.4 or PS3.16 because the defect is an encoding-level VR length overflow and not an IOD Type or condition, so the rubric's citation scope does not cover it. Recorded as NET and flagged as off-part, and every triple in the report is also given with the off-part classes demoted to UNDECIDABLE."
dciodvfy,70e25068e239,"Error - Value invalid for this VR - (TAG) DS Numeric Value DS [1] = <-27.7884521484375> - Length invalid for this VR = 17, expected <= 16",Error,1,NET,PS3.5 Section 6.2 Value Representation,"PS3.5 Table 6.2-1 DICOM Value Representations, row DS","PS3.5 Table 6.2-1, row ""DS"" Decimal String, Length of Value column: ""16 bytes maximum"".","A stated, exact, quotable maximum, breached by a 17 character value. The citation is PS3.5 rather than PS3.3, PS3.4 or PS3.16 because the defect is an encoding-level VR length overflow and not an IOD Type or condition, so the rubric's citation scope does not cover it. Recorded as NET and flagged as off-part, and every triple in the report is also given with the off-part classes demoted to UNDECIDABLE."
dciodvfy,727d36313b58,"Error - Value invalid for this VR - (TAG) DS Numeric Value DS [1] = <-119.873291015625> - Length invalid for this VR = 17, expected <= 16",Error,1,NET,PS3.5 Section 6.2 Value Representation,"PS3.5 Table 6.2-1 DICOM Value Representations, row DS","PS3.5 Table 6.2-1, row ""DS"" Decimal String, Length of Value column: ""16 bytes maximum"".","A stated, exact, quotable maximum, breached by a 17 character value. The citation is PS3.5 rather than PS3.3, PS3.4 or PS3.16 because the defect is an encoding-level VR length overflow and not an IOD Type or condition, so the rubric's citation scope does not cover it. Recorded as NET and flagged as off-part, and every triple in the report is also given with the off-part classes demoted to UNDECIDABLE."
dciodvfy,73f7ebe168c4,"Error - Value invalid for this VR - (TAG) DS Numeric Value DS [1] = <-116.849060058594> - Length invalid for this VR = 17, expected <= 16",Error,1,NET,PS3.5 Section 6.2 Value Representation,"PS3.5 Table 6.2-1 DICOM Value Representations, row DS","PS3.5 Table 6.2-1, row ""DS"" Decimal String, Length of Value column: ""16 bytes maximum"".","A stated, exact, quotable maximum, breached by a 17 character value. The citation is PS3.5 rather than PS3.3, PS3.4 or PS3.16 because the defect is an encoding-level VR length overflow and not an IOD Type or condition, so the rubric's citation scope does not cover it. Recorded as NET and flagged as off-part, and every triple in the report is also given with the off-part classes demoted to UNDECIDABLE."
dciodvfy,79302981ac80,"Error - Value invalid for this VR - (TAG) DS Numeric Value DS [1] = <-36.8587646484375> - Length invalid for this VR = 17, expected <= 16",Error,1,NET,PS3.5 Section 6.2 Value Representation,"PS3.5 Table 6.2-1 DICOM Value Representations, row DS","PS3.5 Table 6.2-1, row ""DS"" Decimal String, Length of Value column: ""16 bytes maximum"".","A stated, exact, quotable maximum, breached by a 17 character value. The citation is PS3.5 rather than PS3.3, PS3.4 or PS3.16 because the defect is an encoding-level VR length overflow and not an IOD Type or condition, so the rubric's citation scope does not cover it. Recorded as NET and flagged as off-part, and every triple in the report is also given with the off-part classes demoted to UNDECIDABLE."
dciodvfy,79aa27b0193f,"Error - Value invalid for this VR - (TAG) DS Numeric Value DS [1] = <-89.4598999023438> - Length invalid for this VR = 17, expected <= 16",Error,1,NET,PS3.5 Section 6.2 Value Representation,"PS3.5 Table 6.2-1 DICOM Value Representations, row DS","PS3.5 Table 6.2-1, row ""DS"" Decimal String, Length of Value column: ""16 bytes maximum"".","A stated, exact, quotable maximum, breached by a 17 character value. The citation is PS3.5 rather than PS3.3, PS3.4 or PS3.16 because the defect is an encoding-level VR length overflow and not an IOD Type or condition, so the rubric's citation scope does not cover it. Recorded as NET and flagged as off-part, and every triple in the report is also given with the off-part classes demoted to UNDECIDABLE."
dciodvfy,79ae6e4b9192,"Error - Value invalid for this VR - (TAG) DS Numeric Value DS [1] = <-29.9044799804688> - Length invalid for this VR = 17, expected <= 16",Error,1,NET,PS3.5 Section 6.2 Value Representation,"PS3.5 Table 6.2-1 DICOM Value Representations, row DS","PS3.5 Table 6.2-1, row ""DS"" Decimal String, Length of Value column: ""16 bytes maximum"".","A stated, exact, quotable maximum, breached by a 17 character value. The citation is PS3.5 rather than PS3.3, PS3.4 or PS3.16 because the defect is an encoding-level VR length overflow and not an IOD Type or condition, so the rubric's citation scope does not cover it. Recorded as NET and flagged as off-part, and every triple in the report is also given with the off-part classes demoted to UNDECIDABLE."
dciodvfy,7a271cda8475,"Error - Value invalid for this VR - (TAG) DS Numeric Value DS [1] = <-10.9198608398438> - Length invalid for this VR = 17, expected <= 16",Error,1,NET,PS3.5 Section 6.2 Value Representation,"PS3.5 Table 6.2-1 DICOM Value Representations, row DS","PS3.5 Table 6.2-1, row ""DS"" Decimal String, Length of Value column: ""16 bytes maximum"".","A stated, exact, quotable maximum, breached by a 17 character value. The citation is PS3.5 rather than PS3.3, PS3.4 or PS3.16 because the defect is an encoding-level VR length overflow and not an IOD Type or condition, so the rubric's citation scope does not cover it. Recorded as NET and flagged as off-part, and every triple in the report is also given with the off-part classes demoted to UNDECIDABLE."
dciodvfy,7b4f6844e651,"Error - Value invalid for this VR - (TAG) DS Numeric Value DS [1] = <-18.0350952148438> - Length invalid for this VR = 17, expected <= 16",Error,1,NET,PS3.5 Section 6.2 Value Representation,"PS3.5 Table 6.2-1 DICOM Value Representations, row DS","PS3.5 Table 6.2-1, row ""DS"" Decimal String, Length of Value column: ""16 bytes maximum"".","A stated, exact, quotable maximum, breached by a 17 character value. The citation is PS3.5 rather than PS3.3, PS3.4 or PS3.16 because the defect is an encoding-level VR length overflow and not an IOD Type or condition, so the rubric's citation scope does not cover it. Recorded as NET and flagged as off-part, and every triple in the report is also given with the off-part classes demoted to UNDECIDABLE."
dciodvfy,7c3d7478ec2f,"Error - Value invalid for this VR - (TAG) DS Numeric Value DS [1] = <-140.560668945312> - Length invalid for this VR = 17, expected <= 16",Error,1,NET,PS3.5 Section 6.2 Value Representation,"PS3.5 Table 6.2-1 DICOM Value Representations, row DS","PS3.5 Table 6.2-1, row ""DS"" Decimal String, Length of Value column: ""16 bytes maximum"".","A stated, exact, quotable maximum, breached by a 17 character value. The citation is PS3.5 rather than PS3.3, PS3.4 or PS3.16 because the defect is an encoding-level VR length overflow and not an IOD Type or condition, so the rubric's citation scope does not cover it. Recorded as NET and flagged as off-part, and every triple in the report is also given with the off-part classes demoted to UNDECIDABLE."
dciodvfy,7d28db8b18c6,"Error - Value invalid for this VR - (TAG) DS Numeric Value DS [1] = <-106.579956054688> - Length invalid for this VR = 17, expected <= 16",Error,1,NET,PS3.5 Section 6.2 Value Representation,"PS3.5 Table 6.2-1 DICOM Value Representations, row DS","PS3.5 Table 6.2-1, row ""DS"" Decimal String, Length of Value column: ""16 bytes maximum"".","A stated, exact, quotable maximum, breached by a 17 character value. The citation is PS3.5 rather than PS3.3, PS3.4 or PS3.16 because the defect is an encoding-level VR length overflow and not an IOD Type or condition, so the rubric's citation scope does not cover it. Recorded as NET and flagged as off-part, and every triple in the report is also given with the off-part classes demoted to UNDECIDABLE."
dciodvfy,7ff505d10731,"Error - Value invalid for this VR - (TAG) DS Numeric Value DS [1] = <-102.710510253906> - Length invalid for this VR = 17, expected <= 16",Error,1,NET,PS3.5 Section 6.2 Value Representation,"PS3.5 Table 6.2-1 DICOM Value Representations, row DS","PS3.5 Table 6.2-1, row ""DS"" Decimal String, Length of Value column: ""16 bytes maximum"".","A stated, exact, quotable maximum, breached by a 17 character value. The citation is PS3.5 rather than PS3.3, PS3.4 or PS3.16 because the defect is an encoding-level VR length overflow and not an IOD Type or condition, so the rubric's citation scope does not cover it. Recorded as NET and flagged as off-part, and every triple in the report is also given with the off-part classes demoted to UNDECIDABLE."
dciodvfy,80d535bfae18,"Error - Value invalid for this VR - (TAG) DS Numeric Value DS [1] = <-21.4265747070312> - Length invalid for this VR = 17, expected <= 16",Error,1,NET,PS3.5 Section 6.2 Value Representation,"PS3.5 Table 6.2-1 DICOM Value Representations, row DS","PS3.5 Table 6.2-1, row ""DS"" Decimal String, Length of Value column: ""16 bytes maximum"".","A stated, exact, quotable maximum, breached by a 17 character value. The citation is PS3.5 rather than PS3.3, PS3.4 or PS3.16 because the defect is an encoding-level VR length overflow and not an IOD Type or condition, so the rubric's citation scope does not cover it. Recorded as NET and flagged as off-part, and every triple in the report is also given with the off-part classes demoted to UNDECIDABLE."
dciodvfy,82cecda7082b,"Error - Value invalid for this VR - (TAG) DS Numeric Value DS [1] = <-103.761474609375> - Length invalid for this VR = 17, expected <= 16",Error,1,NET,PS3.5 Section 6.2 Value Representation,"PS3.5 Table 6.2-1 DICOM Value Representations, row DS","PS3.5 Table 6.2-1, row ""DS"" Decimal String, Length of Value column: ""16 bytes maximum"".","A stated, exact, quotable maximum, breached by a 17 character value. The citation is PS3.5 rather than PS3.3, PS3.4 or PS3.16 because the defect is an encoding-level VR length overflow and not an IOD Type or condition, so the rubric's citation scope does not cover it. Recorded as NET and flagged as off-part, and every triple in the report is also given with the off-part classes demoted to UNDECIDABLE."
dciodvfy,82d1107e22d8,"Error - Value invalid for this VR - (TAG) DS Numeric Value DS [1] = <-78.9000244140625> - Length invalid for this VR = 17, expected <= 16",Error,1,NET,PS3.5 Section 6.2 Value Representation,"PS3.5 Table 6.2-1 DICOM Value Representations, row DS","PS3.5 Table 6.2-1, row ""DS"" Decimal String, Length of Value column: ""16 bytes maximum"".","A stated, exact, quotable maximum, breached by a 17 character value. The citation is PS3.5 rather than PS3.3, PS3.4 or PS3.16 because the defect is an encoding-level VR length overflow and not an IOD Type or condition, so the rubric's citation scope does not cover it. Recorded as NET and flagged as off-part, and every triple in the report is also given with the off-part classes demoted to UNDECIDABLE."
dciodvfy,82fe1cdd23b8,"Error - Value invalid for this VR - (TAG) DS Numeric Value DS [1] = <-4.80670166015625> - Length invalid for this VR = 17, expected <= 16",Error,1,NET,PS3.5 Section 6.2 Value Representation,"PS3.5 Table 6.2-1 DICOM Value Representations, row DS","PS3.5 Table 6.2-1, row ""DS"" Decimal String, Length of Value column: ""16 bytes maximum"".","A stated, exact, quotable maximum, breached by a 17 character value. The citation is PS3.5 rather than PS3.3, PS3.4 or PS3.16 because the defect is an encoding-level VR length overflow and not an IOD Type or condition, so the rubric's citation scope does not cover it. Recorded as NET and flagged as off-part, and every triple in the report is also given with the off-part classes demoted to UNDECIDABLE."
dciodvfy,852938f42c12,"Error - Value invalid for this VR - (TAG) DS Numeric Value DS [1] = <-117.147399902344> - Length invalid for this VR = 17, expected <= 16",Error,1,NET,PS3.5 Section 6.2 Value Representation,"PS3.5 Table 6.2-1 DICOM Value Representations, row DS","PS3.5 Table 6.2-1, row ""DS"" Decimal String, Length of Value column: ""16 bytes maximum"".","A stated, exact, quotable maximum, breached by a 17 character value. The citation is PS3.5 rather than PS3.3, PS3.4 or PS3.16 because the defect is an encoding-level VR length overflow and not an IOD Type or condition, so the rubric's citation scope does not cover it. Recorded as NET and flagged as off-part, and every triple in the report is also given with the off-part classes demoted to UNDECIDABLE."
dciodvfy,85d778e6e8fa,"Error - Value invalid for this VR - (TAG) DS Numeric Value DS [1] = <-188.767211914062> - Length invalid for this VR = 17, expected <= 16",Error,1,NET,PS3.5 Section 6.2 Value Representation,"PS3.5 Table 6.2-1 DICOM Value Representations, row DS","PS3.5 Table 6.2-1, row ""DS"" Decimal String, Length of Value column: ""16 bytes maximum"".","A stated, exact, quotable maximum, breached by a 17 character value. The citation is PS3.5 rather than PS3.3, PS3.4 or PS3.16 because the defect is an encoding-level VR length overflow and not an IOD Type or condition, so the rubric's citation scope does not cover it. Recorded as NET and flagged as off-part, and every triple in the report is also given with the off-part classes demoted to UNDECIDABLE."
dciodvfy,86267689d999,"Error - Value invalid for this VR - (TAG) DS Numeric Value DS [1] = <-129.145141601562> - Length invalid for this VR = 17, expected <= 16",Error,1,NET,PS3.5 Section 6.2 Value Representation,"PS3.5 Table 6.2-1 DICOM Value Representations, row DS","PS3.5 Table 6.2-1, row ""DS"" Decimal String, Length of Value column: ""16 bytes maximum"".","A stated, exact, quotable maximum, breached by a 17 character value. The citation is PS3.5 rather than PS3.3, PS3.4 or PS3.16 because the defect is an encoding-level VR length overflow and not an IOD Type or condition, so the rubric's citation scope does not cover it. Recorded as NET and flagged as off-part, and every triple in the report is also given with the off-part classes demoted to UNDECIDABLE."
dciodvfy,875b05434e7d,"Error - Value invalid for this VR - (TAG) DS Numeric Value DS [1] = <-120.662780761719> - Length invalid for this VR = 17, expected <= 16",Error,1,NET,PS3.5 Section 6.2 Value Representation,"PS3.5 Table 6.2-1 DICOM Value Representations, row DS","PS3.5 Table 6.2-1, row ""DS"" Decimal String, Length of Value column: ""16 bytes maximum"".","A stated, exact, quotable maximum, breached by a 17 character value. The citation is PS3.5 rather than PS3.3, PS3.4 or PS3.16 because the defect is an encoding-level VR length overflow and not an IOD Type or condition, so the rubric's citation scope does not cover it. Recorded as NET and flagged as off-part, and every triple in the report is also given with the off-part classes demoted to UNDECIDABLE."
dciodvfy,881642e14e3c,"Error - Value invalid for this VR - (TAG) DS Numeric Value DS [1] = <-119.990600585938> - Length invalid for this VR = 17, expected <= 16",Error,1,NET,PS3.5 Section 6.2 Value Representation,"PS3.5 Table 6.2-1 DICOM Value Representations, row DS","PS3.5 Table 6.2-1, row ""DS"" Decimal String, Length of Value column: ""16 bytes maximum"".","A stated, exact, quotable maximum, breached by a 17 character value. The citation is PS3.5 rather than PS3.3, PS3.4 or PS3.16 because the defect is an encoding-level VR length overflow and not an IOD Type or condition, so the rubric's citation scope does not cover it. Recorded as NET and flagged as off-part, and every triple in the report is also given with the off-part classes demoted to UNDECIDABLE."
dciodvfy,887f105f59ed,"Error - Value invalid for this VR - (TAG) DS Numeric Value DS [1] = <-170.715698242188> - Length invalid for this VR = 17, expected <= 16",Error,1,NET,PS3.5 Section 6.2 Value Representation,"PS3.5 Table 6.2-1 DICOM Value Representations, row DS","PS3.5 Table 6.2-1, row ""DS"" Decimal String, Length of Value column: ""16 bytes maximum"".","A stated, exact, quotable maximum, breached by a 17 character value. The citation is PS3.5 rather than PS3.3, PS3.4 or PS3.16 because the defect is an encoding-level VR length overflow and not an IOD Type or condition, so the rubric's citation scope does not cover it. Recorded as NET and flagged as off-part, and every triple in the report is also given with the off-part classes demoted to UNDECIDABLE."
dciodvfy,8be10ddd0d88,"Error - Value invalid for this VR - (TAG) DS Numeric Value DS [1] = <-89.1482543945312> - Length invalid for this VR = 17, expected <= 16",Error,1,NET,PS3.5 Section 6.2 Value Representation,"PS3.5 Table 6.2-1 DICOM Value Representations, row DS","PS3.5 Table 6.2-1, row ""DS"" Decimal String, Length of Value column: ""16 bytes maximum"".","A stated, exact, quotable maximum, breached by a 17 character value. The citation is PS3.5 rather than PS3.3, PS3.4 or PS3.16 because the defect is an encoding-level VR length overflow and not an IOD Type or condition, so the rubric's citation scope does not cover it. Recorded as NET and flagged as off-part, and every triple in the report is also given with the off-part classes demoted to UNDECIDABLE."
dciodvfy,8eec18d321a0,"Error - Value invalid for this VR - (TAG) DS Numeric Value DS [1] = <-221.371215820312> - Length invalid for this VR = 17, expected <= 16",Error,1,NET,PS3.5 Section 6.2 Value Representation,"PS3.5 Table 6.2-1 DICOM Value Representations, row DS","PS3.5 Table 6.2-1, row ""DS"" Decimal String, Length of Value column: ""16 bytes maximum"".","A stated, exact, quotable maximum, breached by a 17 character value. The citation is PS3.5 rather than PS3.3, PS3.4 or PS3.16 because the defect is an encoding-level VR length overflow and not an IOD Type or condition, so the rubric's citation scope does not cover it. Recorded as NET and flagged as off-part, and every triple in the report is also given with the off-part classes demoted to UNDECIDABLE."
dciodvfy,8fa4a4639eb2,"Error - Value invalid for this VR - (TAG) DS Numeric Value DS [1] = <-127.340209960938> - Length invalid for this VR = 17, expected <= 16",Error,1,NET,PS3.5 Section 6.2 Value Representation,"PS3.5 Table 6.2-1 DICOM Value Representations, row DS","PS3.5 Table 6.2-1, row ""DS"" Decimal String, Length of Value column: ""16 bytes maximum"".","A stated, exact, quotable maximum, breached by a 17 character value. The citation is PS3.5 rather than PS3.3, PS3.4 or PS3.16 because the defect is an encoding-level VR length overflow and not an IOD Type or condition, so the rubric's citation scope does not cover it. Recorded as NET and flagged as off-part, and every triple in the report is also given with the off-part classes demoted to UNDECIDABLE."
dciodvfy,95bea7f2096c,"Error - Value invalid for this VR - (TAG) DS Numeric Value DS [1] = <-134.719970703125> - Length invalid for this VR = 17, expected <= 16",Error,1,NET,PS3.5 Section 6.2 Value Representation,"PS3.5 Table 6.2-1 DICOM Value Representations, row DS","PS3.5 Table 6.2-1, row ""DS"" Decimal String, Length of Value column: ""16 bytes maximum"".","A stated, exact, quotable maximum, breached by a 17 character value. The citation is PS3.5 rather than PS3.3, PS3.4 or PS3.16 because the defect is an encoding-level VR length overflow and not an IOD Type or condition, so the rubric's citation scope does not cover it. Recorded as NET and flagged as off-part, and every triple in the report is also given with the off-part classes demoted to UNDECIDABLE."
dciodvfy,95fc1a113f33,"Error - Value invalid for this VR - (TAG) DS Numeric Value DS [1] = <-101.203918457031> - Length invalid for this VR = 17, expected <= 16",Error,1,NET,PS3.5 Section 6.2 Value Representation,"PS3.5 Table 6.2-1 DICOM Value Representations, row DS","PS3.5 Table 6.2-1, row ""DS"" Decimal String, Length of Value column: ""16 bytes maximum"".","A stated, exact, quotable maximum, breached by a 17 character value. The citation is PS3.5 rather than PS3.3, PS3.4 or PS3.16 because the defect is an encoding-level VR length overflow and not an IOD Type or condition, so the rubric's citation scope does not cover it. Recorded as NET and flagged as off-part, and every triple in the report is also given with the off-part classes demoted to UNDECIDABLE."
dciodvfy,9b3163e74548,"Error - Value invalid for this VR - (TAG) DS Numeric Value DS [1] = <-135.782165527344> - Length invalid for this VR = 17, expected <= 16",Error,1,NET,PS3.5 Section 6.2 Value Representation,"PS3.5 Table 6.2-1 DICOM Value Representations, row DS","PS3.5 Table 6.2-1, row ""DS"" Decimal String, Length of Value column: ""16 bytes maximum"".","A stated, exact, quotable maximum, breached by a 17 character value. The citation is PS3.5 rather than PS3.3, PS3.4 or PS3.16 because the defect is an encoding-level VR length overflow and not an IOD Type or condition, so the rubric's citation scope does not cover it. Recorded as NET and flagged as off-part, and every triple in the report is also given with the off-part classes demoted to UNDECIDABLE."
dciodvfy,9b366e470d79,"Error - Value invalid for this VR - (TAG) DS Numeric Value DS [1] = <-97.0053100585938> - Length invalid for this VR = 17, expected <= 16",Error,1,NET,PS3.5 Section 6.2 Value Representation,"PS3.5 Table 6.2-1 DICOM Value Representations, row DS","PS3.5 Table 6.2-1, row ""DS"" Decimal String, Length of Value column: ""16 bytes maximum"".","A stated, exact, quotable maximum, breached by a 17 character value. The citation is PS3.5 rather than PS3.3, PS3.4 or PS3.16 because the defect is an encoding-level VR length overflow and not an IOD Type or condition, so the rubric's citation scope does not cover it. Recorded as NET and flagged as off-part, and every triple in the report is also given with the off-part classes demoted to UNDECIDABLE."
dciodvfy,9b54831852f8,"Error - Value invalid for this VR - (TAG) DS Numeric Value DS [1] = <-11.0272216796875> - Length invalid for this VR = 17, expected <= 16",Error,1,NET,PS3.5 Section 6.2 Value Representation,"PS3.5 Table 6.2-1 DICOM Value Representations, row DS","PS3.5 Table 6.2-1, row ""DS"" Decimal String, Length of Value column: ""16 bytes maximum"".","A stated, exact, quotable maximum, breached by a 17 character value. The citation is PS3.5 rather than PS3.3, PS3.4 or PS3.16 because the defect is an encoding-level VR length overflow and not an IOD Type or condition, so the rubric's citation scope does not cover it. Recorded as NET and flagged as off-part, and every triple in the report is also given with the off-part classes demoted to UNDECIDABLE."
dciodvfy,9d9d6431ed26,"Error - Value invalid for this VR - (TAG) DS Numeric Value DS [1] = <-119.513549804688> - Length invalid for this VR = 17, expected <= 16",Error,1,NET,PS3.5 Section 6.2 Value Representation,"PS3.5 Table 6.2-1 DICOM Value Representations, row DS","PS3.5 Table 6.2-1, row ""DS"" Decimal String, Length of Value column: ""16 bytes maximum"".","A stated, exact, quotable maximum, breached by a 17 character value. The citation is PS3.5 rather than PS3.3, PS3.4 or PS3.16 because the defect is an encoding-level VR length overflow and not an IOD Type or condition, so the rubric's citation scope does not cover it. Recorded as NET and flagged as off-part, and every triple in the report is also given with the off-part classes demoted to UNDECIDABLE."
dciodvfy,9e6a3f034360,"Error - Value invalid for this VR - (TAG) DS Numeric Value DS [1] = <-11.6981811523438> - Length invalid for this VR = 17, expected <= 16",Error,1,NET,PS3.5 Section 6.2 Value Representation,"PS3.5 Table 6.2-1 DICOM Value Representations, row DS","PS3.5 Table 6.2-1, row ""DS"" Decimal String, Length of Value column: ""16 bytes maximum"".","A stated, exact, quotable maximum, breached by a 17 character value. The citation is PS3.5 rather than PS3.3, PS3.4 or PS3.16 because the defect is an encoding-level VR length overflow and not an IOD Type or condition, so the rubric's citation scope does not cover it. Recorded as NET and flagged as off-part, and every triple in the report is also given with the off-part classes demoted to UNDECIDABLE."
dciodvfy,9f9b49f893ec,"Error - Value invalid for this VR - (TAG) DS Numeric Value DS [1] = <-153.354553222656> - Length invalid for this VR = 17, expected <= 16",Error,1,NET,PS3.5 Section 6.2 Value Representation,"PS3.5 Table 6.2-1 DICOM Value Representations, row DS","PS3.5 Table 6.2-1, row ""DS"" Decimal String, Length of Value column: ""16 bytes maximum"".","A stated, exact, quotable maximum, breached by a 17 character value. The citation is PS3.5 rather than PS3.3, PS3.4 or PS3.16 because the defect is an encoding-level VR length overflow and not an IOD Type or condition, so the rubric's citation scope does not cover it. Recorded as NET and flagged as off-part, and every triple in the report is also given with the off-part classes demoted to UNDECIDABLE."
dciodvfy,a02a93b43340,"Error - Value invalid for this VR - (TAG) DS Numeric Value DS [1] = <-107.099975585938> - Length invalid for this VR = 17, expected <= 16",Error,1,NET,PS3.5 Section 6.2 Value Representation,"PS3.5 Table 6.2-1 DICOM Value Representations, row DS","PS3.5 Table 6.2-1, row ""DS"" Decimal String, Length of Value column: ""16 bytes maximum"".","A stated, exact, quotable maximum, breached by a 17 character value. The citation is PS3.5 rather than PS3.3, PS3.4 or PS3.16 because the defect is an encoding-level VR length overflow and not an IOD Type or condition, so the rubric's citation scope does not cover it. Recorded as NET and flagged as off-part, and every triple in the report is also given with the off-part classes demoted to UNDECIDABLE."
dciodvfy,a125f52d0b30,"Error - Value invalid for this VR - (TAG) DS Numeric Value DS [1] = <-48.4217529296875> - Length invalid for this VR = 17, expected <= 16",Error,1,NET,PS3.5 Section 6.2 Value Representation,"PS3.5 Table 6.2-1 DICOM Value Representations, row DS","PS3.5 Table 6.2-1, row ""DS"" Decimal String, Length of Value column: ""16 bytes maximum"".","A stated, exact, quotable maximum, breached by a 17 character value. The citation is PS3.5 rather than PS3.3, PS3.4 or PS3.16 because the defect is an encoding-level VR length overflow and not an IOD Type or condition, so the rubric's citation scope does not cover it. Recorded as NET and flagged as off-part, and every triple in the report is also given with the off-part classes demoted to UNDECIDABLE."
dciodvfy,a2e0343eb28a,"Error - Value invalid for this VR - (TAG) DS Numeric Value DS [1] = <-92.4385375976562> - Length invalid for this VR = 17, expected <= 16",Error,1,NET,PS3.5 Section 6.2 Value Representation,"PS3.5 Table 6.2-1 DICOM Value Representations, row DS","PS3.5 Table 6.2-1, row ""DS"" Decimal String, Length of Value column: ""16 bytes maximum"".","A stated, exact, quotable maximum, breached by a 17 character value. The citation is PS3.5 rather than PS3.3, PS3.4 or PS3.16 because the defect is an encoding-level VR length overflow and not an IOD Type or condition, so the rubric's citation scope does not cover it. Recorded as NET and flagged as off-part, and every triple in the report is also given with the off-part classes demoted to UNDECIDABLE."
dciodvfy,a320f8641035,"Error - Value invalid for this VR - (TAG) DS Numeric Value DS [1] = <-103.625244140625> - Length invalid for this VR = 17, expected <= 16",Error,1,NET,PS3.5 Section 6.2 Value Representation,"PS3.5 Table 6.2-1 DICOM Value Representations, row DS","PS3.5 Table 6.2-1, row ""DS"" Decimal String, Length of Value column: ""16 bytes maximum"".","A stated, exact, quotable maximum, breached by a 17 character value. The citation is PS3.5 rather than PS3.3, PS3.4 or PS3.16 because the defect is an encoding-level VR length overflow and not an IOD Type or condition, so the rubric's citation scope does not cover it. Recorded as NET and flagged as off-part, and every triple in the report is also given with the off-part classes demoted to UNDECIDABLE."
dciodvfy,a38253ea2d34,"Error - Value invalid for this VR - (TAG) DS Numeric Value DS [1] = <-92.9957275390625> - Length invalid for this VR = 17, expected <= 16",Error,1,NET,PS3.5 Section 6.2 Value Representation,"PS3.5 Table 6.2-1 DICOM Value Representations, row DS","PS3.5 Table 6.2-1, row ""DS"" Decimal String, Length of Value column: ""16 bytes maximum"".","A stated, exact, quotable maximum, breached by a 17 character value. The citation is PS3.5 rather than PS3.3, PS3.4 or PS3.16 because the defect is an encoding-level VR length overflow and not an IOD Type or condition, so the rubric's citation scope does not cover it. Recorded as NET and flagged as off-part, and every triple in the report is also given with the off-part classes demoted to UNDECIDABLE."
dciodvfy,a4eee4061de9,"Error - Value invalid for this VR - (TAG) DS Numeric Value DS [1] = <-140.554077148438> - Length invalid for this VR = 17, expected <= 16",Error,1,NET,PS3.5 Section 6.2 Value Representation,"PS3.5 Table 6.2-1 DICOM Value Representations, row DS","PS3.5 Table 6.2-1, row ""DS"" Decimal String, Length of Value column: ""16 bytes maximum"".","A stated, exact, quotable maximum, breached by a 17 character value. The citation is PS3.5 rather than PS3.3, PS3.4 or PS3.16 because the defect is an encoding-level VR length overflow and not an IOD Type or condition, so the rubric's citation scope does not cover it. Recorded as NET and flagged as off-part, and every triple in the report is also given with the off-part classes demoted to UNDECIDABLE."
dciodvfy,a7634b649d53,"Error - Value invalid for this VR - (TAG) DS Numeric Value DS [1] = <-247.525634765625> - Length invalid for this VR = 17, expected <= 16",Error,1,NET,PS3.5 Section 6.2 Value Representation,"PS3.5 Table 6.2-1 DICOM Value Representations, row DS","PS3.5 Table 6.2-1, row ""DS"" Decimal String, Length of Value column: ""16 bytes maximum"".","A stated, exact, quotable maximum, breached by a 17 character value. The citation is PS3.5 rather than PS3.3, PS3.4 or PS3.16 because the defect is an encoding-level VR length overflow and not an IOD Type or condition, so the rubric's citation scope does not cover it. Recorded as NET and flagged as off-part, and every triple in the report is also given with the off-part classes demoted to UNDECIDABLE."
dciodvfy,a7c8c2befc2c,"Error - Value invalid for this VR - (TAG) DS Numeric Value DS [1] = <-164.339111328125> - Length invalid for this VR = 17, expected <= 16",Error,1,NET,PS3.5 Section 6.2 Value Representation,"PS3.5 Table 6.2-1 DICOM Value Representations, row DS","PS3.5 Table 6.2-1, row ""DS"" Decimal String, Length of Value column: ""16 bytes maximum"".","A stated, exact, quotable maximum, breached by a 17 character value. The citation is PS3.5 rather than PS3.3, PS3.4 or PS3.16 because the defect is an encoding-level VR length overflow and not an IOD Type or condition, so the rubric's citation scope does not cover it. Recorded as NET and flagged as off-part, and every triple in the report is also given with the off-part classes demoted to UNDECIDABLE."
dciodvfy,a942dbbe3dd4,"Error - Value invalid for this VR - (TAG) DS Numeric Value DS [1] = <-40.1713256835938> - Length invalid for this VR = 17, expected <= 16",Error,1,NET,PS3.5 Section 6.2 Value Representation,"PS3.5 Table 6.2-1 DICOM Value Representations, row DS","PS3.5 Table 6.2-1, row ""DS"" Decimal String, Length of Value column: ""16 bytes maximum"".","A stated, exact, quotable maximum, breached by a 17 character value. The citation is PS3.5 rather than PS3.3, PS3.4 or PS3.16 because the defect is an encoding-level VR length overflow and not an IOD Type or condition, so the rubric's citation scope does not cover it. Recorded as NET and flagged as off-part, and every triple in the report is also given with the off-part classes demoted to UNDECIDABLE."
dciodvfy,aa0ada7e0873,"Error - Value invalid for this VR - (TAG) DS Numeric Value DS [1] = <-124.673950195312> - Length invalid for this VR = 17, expected <= 16",Error,1,NET,PS3.5 Section 6.2 Value Representation,"PS3.5 Table 6.2-1 DICOM Value Representations, row DS","PS3.5 Table 6.2-1, row ""DS"" Decimal String, Length of Value column: ""16 bytes maximum"".","A stated, exact, quotable maximum, breached by a 17 character value. The citation is PS3.5 rather than PS3.3, PS3.4 or PS3.16 because the defect is an encoding-level VR length overflow and not an IOD Type or condition, so the rubric's citation scope does not cover it. Recorded as NET and flagged as off-part, and every triple in the report is also given with the off-part classes demoted to UNDECIDABLE."
dciodvfy,aa20cfef335b,"Error - Value invalid for this VR - (TAG) DS Numeric Value DS [1] = <-13.3624877929688> - Length invalid for this VR = 17, expected <= 16",Error,1,NET,PS3.5 Section 6.2 Value Representation,"PS3.5 Table 6.2-1 DICOM Value Representations, row DS","PS3.5 Table 6.2-1, row ""DS"" Decimal String, Length of Value column: ""16 bytes maximum"".","A stated, exact, quotable maximum, breached by a 17 character value. The citation is PS3.5 rather than PS3.3, PS3.4 or PS3.16 because the defect is an encoding-level VR length overflow and not an IOD Type or condition, so the rubric's citation scope does not cover it. Recorded as NET and flagged as off-part, and every triple in the report is also given with the off-part classes demoted to UNDECIDABLE."
dciodvfy,aa35e9c02a9b,"Error - Value invalid for this VR - (TAG) DS Numeric Value DS [1] = <-15.3978881835938> - Length invalid for this VR = 17, expected <= 16",Error,1,NET,PS3.5 Section 6.2 Value Representation,"PS3.5 Table 6.2-1 DICOM Value Representations, row DS","PS3.5 Table 6.2-1, row ""DS"" Decimal String, Length of Value column: ""16 bytes maximum"".","A stated, exact, quotable maximum, breached by a 17 character value. The citation is PS3.5 rather than PS3.3, PS3.4 or PS3.16 because the defect is an encoding-level VR length overflow and not an IOD Type or condition, so the rubric's citation scope does not cover it. Recorded as NET and flagged as off-part, and every triple in the report is also given with the off-part classes demoted to UNDECIDABLE."
dciodvfy,aa70f4c10857,"Error - Value invalid for this VR - (TAG) DS Numeric Value DS [1] = <-44.1425170898438> - Length invalid for this VR = 17, expected <= 16",Error,1,NET,PS3.5 Section 6.2 Value Representation,"PS3.5 Table 6.2-1 DICOM Value Representations, row DS","PS3.5 Table 6.2-1, row ""DS"" Decimal String, Length of Value column: ""16 bytes maximum"".","A stated, exact, quotable maximum, breached by a 17 character value. The citation is PS3.5 rather than PS3.3, PS3.4 or PS3.16 because the defect is an encoding-level VR length overflow and not an IOD Type or condition, so the rubric's citation scope does not cover it. Recorded as NET and flagged as off-part, and every triple in the report is also given with the off-part classes demoted to UNDECIDABLE."
dciodvfy,aac41af5c3bc,"Error - Value invalid for this VR - (TAG) DS Numeric Value DS [1] = <-128.239501953125> - Length invalid for this VR = 17, expected <= 16",Error,1,NET,PS3.5 Section 6.2 Value Representation,"PS3.5 Table 6.2-1 DICOM Value Representations, row DS","PS3.5 Table 6.2-1, row ""DS"" Decimal String, Length of Value column: ""16 bytes maximum"".","A stated, exact, quotable maximum, breached by a 17 character value. The citation is PS3.5 rather than PS3.3, PS3.4 or PS3.16 because the defect is an encoding-level VR length overflow and not an IOD Type or condition, so the rubric's citation scope does not cover it. Recorded as NET and flagged as off-part, and every triple in the report is also given with the off-part classes demoted to UNDECIDABLE."
dciodvfy,ad125eb2f19b,"Error - Value invalid for this VR - (TAG) DS Numeric Value DS [1] = <-173.108093261719> - Length invalid for this VR = 17, expected <= 16",Error,1,NET,PS3.5 Section 6.2 Value Representation,"PS3.5 Table 6.2-1 DICOM Value Representations, row DS","PS3.5 Table 6.2-1, row ""DS"" Decimal String, Length of Value column: ""16 bytes maximum"".","A stated, exact, quotable maximum, breached by a 17 character value. The citation is PS3.5 rather than PS3.3, PS3.4 or PS3.16 because the defect is an encoding-level VR length overflow and not an IOD Type or condition, so the rubric's citation scope does not cover it. Recorded as NET and flagged as off-part, and every triple in the report is also given with the off-part classes demoted to UNDECIDABLE."
dciodvfy,ad88e5b69b81,"Error - Value invalid for this VR - (TAG) DS Numeric Value DS [1] = <-59.7825927734375> - Length invalid for this VR = 17, expected <= 16",Error,1,NET,PS3.5 Section 6.2 Value Representation,"PS3.5 Table 6.2-1 DICOM Value Representations, row DS","PS3.5 Table 6.2-1, row ""DS"" Decimal String, Length of Value column: ""16 bytes maximum"".","A stated, exact, quotable maximum, breached by a 17 character value. The citation is PS3.5 rather than PS3.3, PS3.4 or PS3.16 because the defect is an encoding-level VR length overflow and not an IOD Type or condition, so the rubric's citation scope does not cover it. Recorded as NET and flagged as off-part, and every triple in the report is also given with the off-part classes demoted to UNDECIDABLE."
dciodvfy,ad97eddb8ea1,"Error - Value invalid for this VR - (TAG) DS Numeric Value DS [1] = <-184.162170410156> - Length invalid for this VR = 17, expected <= 16",Error,1,NET,PS3.5 Section 6.2 Value Representation,"PS3.5 Table 6.2-1 DICOM Value Representations, row DS","PS3.5 Table 6.2-1, row ""DS"" Decimal String, Length of Value column: ""16 bytes maximum"".","A stated, exact, quotable maximum, breached by a 17 character value. The citation is PS3.5 rather than PS3.3, PS3.4 or PS3.16 because the defect is an encoding-level VR length overflow and not an IOD Type or condition, so the rubric's citation scope does not cover it. Recorded as NET and flagged as off-part, and every triple in the report is also given with the off-part classes demoted to UNDECIDABLE."
dciodvfy,ae6a38f8f30d,"Error - Value invalid for this VR - (TAG) DS Numeric Value DS [1] = <-32.2239379882812> - Length invalid for this VR = 17, expected <= 16",Error,1,NET,PS3.5 Section 6.2 Value Representation,"PS3.5 Table 6.2-1 DICOM Value Representations, row DS","PS3.5 Table 6.2-1, row ""DS"" Decimal String, Length of Value column: ""16 bytes maximum"".","A stated, exact, quotable maximum, breached by a 17 character value. The citation is PS3.5 rather than PS3.3, PS3.4 or PS3.16 because the defect is an encoding-level VR length overflow and not an IOD Type or condition, so the rubric's citation scope does not cover it. Recorded as NET and flagged as off-part, and every triple in the report is also given with the off-part classes demoted to UNDECIDABLE."
dciodvfy,aed964dc004a,"Error - Value invalid for this VR - (TAG) DS Numeric Value DS [1] = <-126.854736328125> - Length invalid for this VR = 17, expected <= 16",Error,1,NET,PS3.5 Section 6.2 Value Representation,"PS3.5 Table 6.2-1 DICOM Value Representations, row DS","PS3.5 Table 6.2-1, row ""DS"" Decimal String, Length of Value column: ""16 bytes maximum"".","A stated, exact, quotable maximum, breached by a 17 character value. The citation is PS3.5 rather than PS3.3, PS3.4 or PS3.16 because the defect is an encoding-level VR length overflow and not an IOD Type or condition, so the rubric's citation scope does not cover it. Recorded as NET and flagged as off-part, and every triple in the report is also given with the off-part classes demoted to UNDECIDABLE."
dciodvfy,b10290f78241,"Error - Value invalid for this VR - (TAG) DS Numeric Value DS [1] = <-113.183288574219> - Length invalid for this VR = 17, expected <= 16",Error,1,NET,PS3.5 Section 6.2 Value Representation,"PS3.5 Table 6.2-1 DICOM Value Representations, row DS","PS3.5 Table 6.2-1, row ""DS"" Decimal String, Length of Value column: ""16 bytes maximum"".","A stated, exact, quotable maximum, breached by a 17 character value. The citation is PS3.5 rather than PS3.3, PS3.4 or PS3.16 because the defect is an encoding-level VR length overflow and not an IOD Type or condition, so the rubric's citation scope does not cover it. Recorded as NET and flagged as off-part, and every triple in the report is also given with the off-part classes demoted to UNDECIDABLE."
dciodvfy,b1e0060fcbca,"Error - Value invalid for this VR - (TAG) DS Numeric Value DS [1] = <-15.4049682617188> - Length invalid for this VR = 17, expected <= 16",Error,1,NET,PS3.5 Section 6.2 Value Representation,"PS3.5 Table 6.2-1 DICOM Value Representations, row DS","PS3.5 Table 6.2-1, row ""DS"" Decimal String, Length of Value column: ""16 bytes maximum"".","A stated, exact, quotable maximum, breached by a 17 character value. The citation is PS3.5 rather than PS3.3, PS3.4 or PS3.16 because the defect is an encoding-level VR length overflow and not an IOD Type or condition, so the rubric's citation scope does not cover it. Recorded as NET and flagged as off-part, and every triple in the report is also given with the off-part classes demoted to UNDECIDABLE."
dciodvfy,b2a8e85dd9a3,"Error - Value invalid for this VR - (TAG) DS Numeric Value DS [1] = <-279.699157714844> - Length invalid for this VR = 17, expected <= 16",Error,1,NET,PS3.5 Section 6.2 Value Representation,"PS3.5 Table 6.2-1 DICOM Value Representations, row DS","PS3.5 Table 6.2-1, row ""DS"" Decimal String, Length of Value column: ""16 bytes maximum"".","A stated, exact, quotable maximum, breached by a 17 character value. The citation is PS3.5 rather than PS3.3, PS3.4 or PS3.16 because the defect is an encoding-level VR length overflow and not an IOD Type or condition, so the rubric's citation scope does not cover it. Recorded as NET and flagged as off-part, and every triple in the report is also given with the off-part classes demoted to UNDECIDABLE."
dciodvfy,b3009c207ca0,"Error - Value invalid for this VR - (TAG) DS Numeric Value DS [1] = <-117.217956542969> - Length invalid for this VR = 17, expected <= 16",Error,1,NET,PS3.5 Section 6.2 Value Representation,"PS3.5 Table 6.2-1 DICOM Value Representations, row DS","PS3.5 Table 6.2-1, row ""DS"" Decimal String, Length of Value column: ""16 bytes maximum"".","A stated, exact, quotable maximum, breached by a 17 character value. The citation is PS3.5 rather than PS3.3, PS3.4 or PS3.16 because the defect is an encoding-level VR length overflow and not an IOD Type or condition, so the rubric's citation scope does not cover it. Recorded as NET and flagged as off-part, and every triple in the report is also given with the off-part classes demoted to UNDECIDABLE."
dciodvfy,b32b0626749a,"Error - Value invalid for this VR - (TAG) DS Numeric Value DS [1] = <-15.0381469726562> - Length invalid for this VR = 17, expected <= 16",Error,1,NET,PS3.5 Section 6.2 Value Representation,"PS3.5 Table 6.2-1 DICOM Value Representations, row DS","PS3.5 Table 6.2-1, row ""DS"" Decimal String, Length of Value column: ""16 bytes maximum"".","A stated, exact, quotable maximum, breached by a 17 character value. The citation is PS3.5 rather than PS3.3, PS3.4 or PS3.16 because the defect is an encoding-level VR length overflow and not an IOD Type or condition, so the rubric's citation scope does not cover it. Recorded as NET and flagged as off-part, and every triple in the report is also given with the off-part classes demoted to UNDECIDABLE."
dciodvfy,b33bc9095508,"Error - Value invalid for this VR - (TAG) DS Numeric Value DS [1] = <-115.043029785156> - Length invalid for this VR = 17, expected <= 16",Error,1,NET,PS3.5 Section 6.2 Value Representation,"PS3.5 Table 6.2-1 DICOM Value Representations, row DS","PS3.5 Table 6.2-1, row ""DS"" Decimal String, Length of Value column: ""16 bytes maximum"".","A stated, exact, quotable maximum, breached by a 17 character value. The citation is PS3.5 rather than PS3.3, PS3.4 or PS3.16 because the defect is an encoding-level VR length overflow and not an IOD Type or condition, so the rubric's citation scope does not cover it. Recorded as NET and flagged as off-part, and every triple in the report is also given with the off-part classes demoted to UNDECIDABLE."
dciodvfy,b4721a85542a,"Error - Value invalid for this VR - (TAG) DS Numeric Value DS [1] = <-116.330810546875> - Length invalid for this VR = 17, expected <= 16",Error,1,NET,PS3.5 Section 6.2 Value Representation,"PS3.5 Table 6.2-1 DICOM Value Representations, row DS","PS3.5 Table 6.2-1, row ""DS"" Decimal String, Length of Value column: ""16 bytes maximum"".","A stated, exact, quotable maximum, breached by a 17 character value. The citation is PS3.5 rather than PS3.3, PS3.4 or PS3.16 because the defect is an encoding-level VR length overflow and not an IOD Type or condition, so the rubric's citation scope does not cover it. Recorded as NET and flagged as off-part, and every triple in the report is also given with the off-part classes demoted to UNDECIDABLE."
dciodvfy,b48a0bf85ff4,"Error - Value invalid for this VR - (TAG) DS Numeric Value DS [1] = <-22.3579711914062> - Length invalid for this VR = 17, expected <= 16",Error,1,NET,PS3.5 Section 6.2 Value Representation,"PS3.5 Table 6.2-1 DICOM Value Representations, row DS","PS3.5 Table 6.2-1, row ""DS"" Decimal String, Length of Value column: ""16 bytes maximum"".","A stated, exact, quotable maximum, breached by a 17 character value. The citation is PS3.5 rather than PS3.3, PS3.4 or PS3.16 because the defect is an encoding-level VR length overflow and not an IOD Type or condition, so the rubric's citation scope does not cover it. Recorded as NET and flagged as off-part, and every triple in the report is also given with the off-part classes demoted to UNDECIDABLE."
dciodvfy,b6b759f7c370,"Error - Value invalid for this VR - (TAG) DS Numeric Value DS [1] = <-34.8917846679688> - Length invalid for this VR = 17, expected <= 16",Error,1,NET,PS3.5 Section 6.2 Value Representation,"PS3.5 Table 6.2-1 DICOM Value Representations, row DS","PS3.5 Table 6.2-1, row ""DS"" Decimal String, Length of Value column: ""16 bytes maximum"".","A stated, exact, quotable maximum, breached by a 17 character value. The citation is PS3.5 rather than PS3.3, PS3.4 or PS3.16 because the defect is an encoding-level VR length overflow and not an IOD Type or condition, so the rubric's citation scope does not cover it. Recorded as NET and flagged as off-part, and every triple in the report is also given with the off-part classes demoted to UNDECIDABLE."
dciodvfy,b74146a3a4a5,"Error - Value invalid for this VR - (TAG) DS Numeric Value DS [1] = <-41.0822143554688> - Length invalid for this VR = 17, expected <= 16",Error,1,NET,PS3.5 Section 6.2 Value Representation,"PS3.5 Table 6.2-1 DICOM Value Representations, row DS","PS3.5 Table 6.2-1, row ""DS"" Decimal String, Length of Value column: ""16 bytes maximum"".","A stated, exact, quotable maximum, breached by a 17 character value. The citation is PS3.5 rather than PS3.3, PS3.4 or PS3.16 because the defect is an encoding-level VR length overflow and not an IOD Type or condition, so the rubric's citation scope does not cover it. Recorded as NET and flagged as off-part, and every triple in the report is also given with the off-part classes demoted to UNDECIDABLE."
dciodvfy,b814d1011bd8,"Error - Value invalid for this VR - (TAG) DS Numeric Value DS [1] = <-89.4923706054688> - Length invalid for this VR = 17, expected <= 16",Error,1,NET,PS3.5 Section 6.2 Value Representation,"PS3.5 Table 6.2-1 DICOM Value Representations, row DS","PS3.5 Table 6.2-1, row ""DS"" Decimal String, Length of Value column: ""16 bytes maximum"".","A stated, exact, quotable maximum, breached by a 17 character value. The citation is PS3.5 rather than PS3.3, PS3.4 or PS3.16 because the defect is an encoding-level VR length overflow and not an IOD Type or condition, so the rubric's citation scope does not cover it. Recorded as NET and flagged as off-part, and every triple in the report is also given with the off-part classes demoted to UNDECIDABLE."
dciodvfy,b9b8799821c5,"Error - Value invalid for this VR - (TAG) DS Numeric Value DS [1] = <-33.5358276367188> - Length invalid for this VR = 17, expected <= 16",Error,1,NET,PS3.5 Section 6.2 Value Representation,"PS3.5 Table 6.2-1 DICOM Value Representations, row DS","PS3.5 Table 6.2-1, row ""DS"" Decimal String, Length of Value column: ""16 bytes maximum"".","A stated, exact, quotable maximum, breached by a 17 character value. The citation is PS3.5 rather than PS3.3, PS3.4 or PS3.16 because the defect is an encoding-level VR length overflow and not an IOD Type or condition, so the rubric's citation scope does not cover it. Recorded as NET and flagged as off-part, and every triple in the report is also given with the off-part classes demoted to UNDECIDABLE."
dciodvfy,ba0debbcabee,"Error - Value invalid for this VR - (TAG) DS Numeric Value DS [1] = <-10.2101440429688> - Length invalid for this VR = 17, expected <= 16",Error,1,NET,PS3.5 Section 6.2 Value Representation,"PS3.5 Table 6.2-1 DICOM Value Representations, row DS","PS3.5 Table 6.2-1, row ""DS"" Decimal String, Length of Value column: ""16 bytes maximum"".","A stated, exact, quotable maximum, breached by a 17 character value. The citation is PS3.5 rather than PS3.3, PS3.4 or PS3.16 because the defect is an encoding-level VR length overflow and not an IOD Type or condition, so the rubric's citation scope does not cover it. Recorded as NET and flagged as off-part, and every triple in the report is also given with the off-part classes demoted to UNDECIDABLE."
dciodvfy,bbcccbc28946,"Error - Value invalid for this VR - (TAG) DS Numeric Value DS [1] = <-118.852478027344> - Length invalid for this VR = 17, expected <= 16",Error,1,NET,PS3.5 Section 6.2 Value Representation,"PS3.5 Table 6.2-1 DICOM Value Representations, row DS","PS3.5 Table 6.2-1, row ""DS"" Decimal String, Length of Value column: ""16 bytes maximum"".","A stated, exact, quotable maximum, breached by a 17 character value. The citation is PS3.5 rather than PS3.3, PS3.4 or PS3.16 because the defect is an encoding-level VR length overflow and not an IOD Type or condition, so the rubric's citation scope does not cover it. Recorded as NET and flagged as off-part, and every triple in the report is also given with the off-part classes demoted to UNDECIDABLE."
dciodvfy,bc2e7e716aea,"Error - Value invalid for this VR - (TAG) DS Numeric Value DS [1] = <-10.9485473632812> - Length invalid for this VR = 17, expected <= 16",Error,1,NET,PS3.5 Section 6.2 Value Representation,"PS3.5 Table 6.2-1 DICOM Value Representations, row DS","PS3.5 Table 6.2-1, row ""DS"" Decimal String, Length of Value column: ""16 bytes maximum"".","A stated, exact, quotable maximum, breached by a 17 character value. The citation is PS3.5 rather than PS3.3, PS3.4 or PS3.16 because the defect is an encoding-level VR length overflow and not an IOD Type or condition, so the rubric's citation scope does not cover it. Recorded as NET and flagged as off-part, and every triple in the report is also given with the off-part classes demoted to UNDECIDABLE."
dciodvfy,bcc245eb4dc6,"Error - Value invalid for this VR - (TAG) DS Numeric Value DS [1] = <-88.3643188476562> - Length invalid for this VR = 17, expected <= 16",Error,1,NET,PS3.5 Section 6.2 Value Representation,"PS3.5 Table 6.2-1 DICOM Value Representations, row DS","PS3.5 Table 6.2-1, row ""DS"" Decimal String, Length of Value column: ""16 bytes maximum"".","A stated, exact, quotable maximum, breached by a 17 character value. The citation is PS3.5 rather than PS3.3, PS3.4 or PS3.16 because the defect is an encoding-level VR length overflow and not an IOD Type or condition, so the rubric's citation scope does not cover it. Recorded as NET and flagged as off-part, and every triple in the report is also given with the off-part classes demoted to UNDECIDABLE."
dciodvfy,c395f3943b7d,"Error - Value invalid for this VR - (TAG) DS Numeric Value DS [1] = <-235.126586914062> - Length invalid for this VR = 17, expected <= 16",Error,1,NET,PS3.5 Section 6.2 Value Representation,"PS3.5 Table 6.2-1 DICOM Value Representations, row DS","PS3.5 Table 6.2-1, row ""DS"" Decimal String, Length of Value column: ""16 bytes maximum"".","A stated, exact, quotable maximum, breached by a 17 character value. The citation is PS3.5 rather than PS3.3, PS3.4 or PS3.16 because the defect is an encoding-level VR length overflow and not an IOD Type or condition, so the rubric's citation scope does not cover it. Recorded as NET and flagged as off-part, and every triple in the report is also given with the off-part classes demoted to UNDECIDABLE."
dciodvfy,c66287b7a98b,"Error - Value invalid for this VR - (TAG) DS Numeric Value DS [1] = <-11.5309448242188> - Length invalid for this VR = 17, expected <= 16",Error,1,NET,PS3.5 Section 6.2 Value Representation,"PS3.5 Table 6.2-1 DICOM Value Representations, row DS","PS3.5 Table 6.2-1, row ""DS"" Decimal String, Length of Value column: ""16 bytes maximum"".","A stated, exact, quotable maximum, breached by a 17 character value. The citation is PS3.5 rather than PS3.3, PS3.4 or PS3.16 because the defect is an encoding-level VR length overflow and not an IOD Type or condition, so the rubric's citation scope does not cover it. Recorded as NET and flagged as off-part, and every triple in the report is also given with the off-part classes demoted to UNDECIDABLE."
dciodvfy,c90ef464fcd2,"Error - Value invalid for this VR - (TAG) DS Numeric Value DS [1] = <-90.1375732421875> - Length invalid for this VR = 17, expected <= 16",Error,1,NET,PS3.5 Section 6.2 Value Representation,"PS3.5 Table 6.2-1 DICOM Value Representations, row DS","PS3.5 Table 6.2-1, row ""DS"" Decimal String, Length of Value column: ""16 bytes maximum"".","A stated, exact, quotable maximum, breached by a 17 character value. The citation is PS3.5 rather than PS3.3, PS3.4 or PS3.16 because the defect is an encoding-level VR length overflow and not an IOD Type or condition, so the rubric's citation scope does not cover it. Recorded as NET and flagged as off-part, and every triple in the report is also given with the off-part classes demoted to UNDECIDABLE."
dciodvfy,cb1b06b87e20,"Error - Value invalid for this VR - (TAG) DS Numeric Value DS [1] = <-11.6159057617188> - Length invalid for this VR = 17, expected <= 16",Error,1,NET,PS3.5 Section 6.2 Value Representation,"PS3.5 Table 6.2-1 DICOM Value Representations, row DS","PS3.5 Table 6.2-1, row ""DS"" Decimal String, Length of Value column: ""16 bytes maximum"".","A stated, exact, quotable maximum, breached by a 17 character value. The citation is PS3.5 rather than PS3.3, PS3.4 or PS3.16 because the defect is an encoding-level VR length overflow and not an IOD Type or condition, so the rubric's citation scope does not cover it. Recorded as NET and flagged as off-part, and every triple in the report is also given with the off-part classes demoted to UNDECIDABLE."
dciodvfy,cb86c2cca03f,"Error - Value invalid for this VR - (TAG) DS Numeric Value DS [1] = <-39.3064575195312> - Length invalid for this VR = 17, expected <= 16",Error,1,NET,PS3.5 Section 6.2 Value Representation,"PS3.5 Table 6.2-1 DICOM Value Representations, row DS","PS3.5 Table 6.2-1, row ""DS"" Decimal String, Length of Value column: ""16 bytes maximum"".","A stated, exact, quotable maximum, breached by a 17 character value. The citation is PS3.5 rather than PS3.3, PS3.4 or PS3.16 because the defect is an encoding-level VR length overflow and not an IOD Type or condition, so the rubric's citation scope does not cover it. Recorded as NET and flagged as off-part, and every triple in the report is also given with the off-part classes demoted to UNDECIDABLE."
dciodvfy,cd766c4551d0,"Error - Value invalid for this VR - (TAG) DS Numeric Value DS [1] = <-11.8233032226562> - Length invalid for this VR = 17, expected <= 16",Error,1,NET,PS3.5 Section 6.2 Value Representation,"PS3.5 Table 6.2-1 DICOM Value Representations, row DS","PS3.5 Table 6.2-1, row ""DS"" Decimal String, Length of Value column: ""16 bytes maximum"".","A stated, exact, quotable maximum, breached by a 17 character value. The citation is PS3.5 rather than PS3.3, PS3.4 or PS3.16 because the defect is an encoding-level VR length overflow and not an IOD Type or condition, so the rubric's citation scope does not cover it. Recorded as NET and flagged as off-part, and every triple in the report is also given with the off-part classes demoted to UNDECIDABLE."
dciodvfy,d129bad82d01,"Error - Value invalid for this VR - (TAG) DS Numeric Value DS [1] = <-60.8021850585938> - Length invalid for this VR = 17, expected <= 16",Error,1,NET,PS3.5 Section 6.2 Value Representation,"PS3.5 Table 6.2-1 DICOM Value Representations, row DS","PS3.5 Table 6.2-1, row ""DS"" Decimal String, Length of Value column: ""16 bytes maximum"".","A stated, exact, quotable maximum, breached by a 17 character value. The citation is PS3.5 rather than PS3.3, PS3.4 or PS3.16 because the defect is an encoding-level VR length overflow and not an IOD Type or condition, so the rubric's citation scope does not cover it. Recorded as NET and flagged as off-part, and every triple in the report is also given with the off-part classes demoted to UNDECIDABLE."
dciodvfy,d562b17d5cea,"Error - Value invalid for this VR - (TAG) DS Numeric Value DS [1] = <-189.791320800781> - Length invalid for this VR = 17, expected <= 16",Error,1,NET,PS3.5 Section 6.2 Value Representation,"PS3.5 Table 6.2-1 DICOM Value Representations, row DS","PS3.5 Table 6.2-1, row ""DS"" Decimal String, Length of Value column: ""16 bytes maximum"".","A stated, exact, quotable maximum, breached by a 17 character value. The citation is PS3.5 rather than PS3.3, PS3.4 or PS3.16 because the defect is an encoding-level VR length overflow and not an IOD Type or condition, so the rubric's citation scope does not cover it. Recorded as NET and flagged as off-part, and every triple in the report is also given with the off-part classes demoted to UNDECIDABLE."
dciodvfy,d81bf01eef8d,"Error - Value invalid for this VR - (TAG) DS Numeric Value DS [1] = <-149.932067871094> - Length invalid for this VR = 17, expected <= 16",Error,1,NET,PS3.5 Section 6.2 Value Representation,"PS3.5 Table 6.2-1 DICOM Value Representations, row DS","PS3.5 Table 6.2-1, row ""DS"" Decimal String, Length of Value column: ""16 bytes maximum"".","A stated, exact, quotable maximum, breached by a 17 character value. The citation is PS3.5 rather than PS3.3, PS3.4 or PS3.16 because the defect is an encoding-level VR length overflow and not an IOD Type or condition, so the rubric's citation scope does not cover it. Recorded as NET and flagged as off-part, and every triple in the report is also given with the off-part classes demoted to UNDECIDABLE."
dciodvfy,d9b77f8566ef,"Error - Value invalid for this VR - (TAG) DS Numeric Value DS [1] = <-131.033264160156> - Length invalid for this VR = 17, expected <= 16",Error,1,NET,PS3.5 Section 6.2 Value Representation,"PS3.5 Table 6.2-1 DICOM Value Representations, row DS","PS3.5 Table 6.2-1, row ""DS"" Decimal String, Length of Value column: ""16 bytes maximum"".","A stated, exact, quotable maximum, breached by a 17 character value. The citation is PS3.5 rather than PS3.3, PS3.4 or PS3.16 because the defect is an encoding-level VR length overflow and not an IOD Type or condition, so the rubric's citation scope does not cover it. Recorded as NET and flagged as off-part, and every triple in the report is also given with the off-part classes demoted to UNDECIDABLE."
dciodvfy,d9c75cccd6d7,"Error - Value invalid for this VR - (TAG) DS Numeric Value DS [1] = <-128.989685058594> - Length invalid for this VR = 17, expected <= 16",Error,1,NET,PS3.5 Section 6.2 Value Representation,"PS3.5 Table 6.2-1 DICOM Value Representations, row DS","PS3.5 Table 6.2-1, row ""DS"" Decimal String, Length of Value column: ""16 bytes maximum"".","A stated, exact, quotable maximum, breached by a 17 character value. The citation is PS3.5 rather than PS3.3, PS3.4 or PS3.16 because the defect is an encoding-level VR length overflow and not an IOD Type or condition, so the rubric's citation scope does not cover it. Recorded as NET and flagged as off-part, and every triple in the report is also given with the off-part classes demoted to UNDECIDABLE."
dciodvfy,da8bc69b5249,"Error - Value invalid for this VR - (TAG) DS Numeric Value DS [1] = <-89.3353881835938> - Length invalid for this VR = 17, expected <= 16",Error,1,NET,PS3.5 Section 6.2 Value Representation,"PS3.5 Table 6.2-1 DICOM Value Representations, row DS","PS3.5 Table 6.2-1, row ""DS"" Decimal String, Length of Value column: ""16 bytes maximum"".","A stated, exact, quotable maximum, breached by a 17 character value. The citation is PS3.5 rather than PS3.3, PS3.4 or PS3.16 because the defect is an encoding-level VR length overflow and not an IOD Type or condition, so the rubric's citation scope does not cover it. Recorded as NET and flagged as off-part, and every triple in the report is also given with the off-part classes demoted to UNDECIDABLE."
dciodvfy,dafbb8981152,"Error - Value invalid for this VR - (TAG) DS Numeric Value DS [1] = <-113.263732910156> - Length invalid for this VR = 17, expected <= 16",Error,1,NET,PS3.5 Section 6.2 Value Representation,"PS3.5 Table 6.2-1 DICOM Value Representations, row DS","PS3.5 Table 6.2-1, row ""DS"" Decimal String, Length of Value column: ""16 bytes maximum"".","A stated, exact, quotable maximum, breached by a 17 character value. The citation is PS3.5 rather than PS3.3, PS3.4 or PS3.16 because the defect is an encoding-level VR length overflow and not an IOD Type or condition, so the rubric's citation scope does not cover it. Recorded as NET and flagged as off-part, and every triple in the report is also given with the off-part classes demoted to UNDECIDABLE."
dciodvfy,db8bc544eef8,"Error - Value invalid for this VR - (TAG) DS Numeric Value DS [1] = <-302.303588867188> - Length invalid for this VR = 17, expected <= 16",Error,1,NET,PS3.5 Section 6.2 Value Representation,"PS3.5 Table 6.2-1 DICOM Value Representations, row DS","PS3.5 Table 6.2-1, row ""DS"" Decimal String, Length of Value column: ""16 bytes maximum"".","A stated, exact, quotable maximum, breached by a 17 character value. The citation is PS3.5 rather than PS3.3, PS3.4 or PS3.16 because the defect is an encoding-level VR length overflow and not an IOD Type or condition, so the rubric's citation scope does not cover it. Recorded as NET and flagged as off-part, and every triple in the report is also given with the off-part classes demoted to UNDECIDABLE."
dciodvfy,dbb7f6b3cb56,"Error - Value invalid for this VR - (TAG) DS Numeric Value DS [1] = <-25.9942626953125> - Length invalid for this VR = 17, expected <= 16",Error,1,NET,PS3.5 Section 6.2 Value Representation,"PS3.5 Table 6.2-1 DICOM Value Representations, row DS","PS3.5 Table 6.2-1, row ""DS"" Decimal String, Length of Value column: ""16 bytes maximum"".","A stated, exact, quotable maximum, breached by a 17 character value. The citation is PS3.5 rather than PS3.3, PS3.4 or PS3.16 because the defect is an encoding-level VR length overflow and not an IOD Type or condition, so the rubric's citation scope does not cover it. Recorded as NET and flagged as off-part, and every triple in the report is also given with the off-part classes demoted to UNDECIDABLE."
dciodvfy,dc85061e1574,"Error - Value invalid for this VR - (TAG) DS Numeric Value DS [1] = <-125.520812988281> - Length invalid for this VR = 17, expected <= 16",Error,1,NET,PS3.5 Section 6.2 Value Representation,"PS3.5 Table 6.2-1 DICOM Value Representations, row DS","PS3.5 Table 6.2-1, row ""DS"" Decimal String, Length of Value column: ""16 bytes maximum"".","A stated, exact, quotable maximum, breached by a 17 character value. The citation is PS3.5 rather than PS3.3, PS3.4 or PS3.16 because the defect is an encoding-level VR length overflow and not an IOD Type or condition, so the rubric's citation scope does not cover it. Recorded as NET and flagged as off-part, and every triple in the report is also given with the off-part classes demoted to UNDECIDABLE."
dciodvfy,dcb8e969b6fe,"Error - Value invalid for this VR - (TAG) DS Numeric Value DS [1] = <-40.8231201171875> - Length invalid for this VR = 17, expected <= 16",Error,1,NET,PS3.5 Section 6.2 Value Representation,"PS3.5 Table 6.2-1 DICOM Value Representations, row DS","PS3.5 Table 6.2-1, row ""DS"" Decimal String, Length of Value column: ""16 bytes maximum"".","A stated, exact, quotable maximum, breached by a 17 character value. The citation is PS3.5 rather than PS3.3, PS3.4 or PS3.16 because the defect is an encoding-level VR length overflow and not an IOD Type or condition, so the rubric's citation scope does not cover it. Recorded as NET and flagged as off-part, and every triple in the report is also given with the off-part classes demoted to UNDECIDABLE."
dciodvfy,dcbcd1190f09,"Error - Value invalid for this VR - (TAG) DS Numeric Value DS [1] = <-101.874877929688> - Length invalid for this VR = 17, expected <= 16",Error,1,NET,PS3.5 Section 6.2 Value Representation,"PS3.5 Table 6.2-1 DICOM Value Representations, row DS","PS3.5 Table 6.2-1, row ""DS"" Decimal String, Length of Value column: ""16 bytes maximum"".","A stated, exact, quotable maximum, breached by a 17 character value. The citation is PS3.5 rather than PS3.3, PS3.4 or PS3.16 because the defect is an encoding-level VR length overflow and not an IOD Type or condition, so the rubric's citation scope does not cover it. Recorded as NET and flagged as off-part, and every triple in the report is also given with the off-part classes demoted to UNDECIDABLE."
dciodvfy,de46217e2107,"Error - Value invalid for this VR - (TAG) DS Numeric Value DS [1] = <-120.898742675781> - Length invalid for this VR = 17, expected <= 16",Error,1,NET,PS3.5 Section 6.2 Value Representation,"PS3.5 Table 6.2-1 DICOM Value Representations, row DS","PS3.5 Table 6.2-1, row ""DS"" Decimal String, Length of Value column: ""16 bytes maximum"".","A stated, exact, quotable maximum, breached by a 17 character value. The citation is PS3.5 rather than PS3.3, PS3.4 or PS3.16 because the defect is an encoding-level VR length overflow and not an IOD Type or condition, so the rubric's citation scope does not cover it. Recorded as NET and flagged as off-part, and every triple in the report is also given with the off-part classes demoted to UNDECIDABLE."
dciodvfy,de64f65c2a00,"Error - Value invalid for this VR - (TAG) DS Numeric Value DS [1] = <-70.0411987304688> - Length invalid for this VR = 17, expected <= 16",Error,1,NET,PS3.5 Section 6.2 Value Representation,"PS3.5 Table 6.2-1 DICOM Value Representations, row DS","PS3.5 Table 6.2-1, row ""DS"" Decimal String, Length of Value column: ""16 bytes maximum"".","A stated, exact, quotable maximum, breached by a 17 character value. The citation is PS3.5 rather than PS3.3, PS3.4 or PS3.16 because the defect is an encoding-level VR length overflow and not an IOD Type or condition, so the rubric's citation scope does not cover it. Recorded as NET and flagged as off-part, and every triple in the report is also given with the off-part classes demoted to UNDECIDABLE."
dciodvfy,e06f3ac95c2a,"Error - Value invalid for this VR - (TAG) DS Numeric Value DS [1] = <-12.3599243164062> - Length invalid for this VR = 17, expected <= 16",Error,1,NET,PS3.5 Section 6.2 Value Representation,"PS3.5 Table 6.2-1 DICOM Value Representations, row DS","PS3.5 Table 6.2-1, row ""DS"" Decimal String, Length of Value column: ""16 bytes maximum"".","A stated, exact, quotable maximum, breached by a 17 character value. The citation is PS3.5 rather than PS3.3, PS3.4 or PS3.16 because the defect is an encoding-level VR length overflow and not an IOD Type or condition, so the rubric's citation scope does not cover it. Recorded as NET and flagged as off-part, and every triple in the report is also given with the off-part classes demoted to UNDECIDABLE."
dciodvfy,e39fb0afba0e,"Error - Value invalid for this VR - (TAG) DS Numeric Value DS [1] = <-156.109985351562> - Length invalid for this VR = 17, expected <= 16",Error,1,NET,PS3.5 Section 6.2 Value Representation,"PS3.5 Table 6.2-1 DICOM Value Representations, row DS","PS3.5 Table 6.2-1, row ""DS"" Decimal String, Length of Value column: ""16 bytes maximum"".","A stated, exact, quotable maximum, breached by a 17 character value. The citation is PS3.5 rather than PS3.3, PS3.4 or PS3.16 because the defect is an encoding-level VR length overflow and not an IOD Type or condition, so the rubric's citation scope does not cover it. Recorded as NET and flagged as off-part, and every triple in the report is also given with the off-part classes demoted to UNDECIDABLE."
dciodvfy,e3aa6c0ddb16,"Error - Value invalid for this VR - (TAG) DS Numeric Value DS [1] = <-133.489868164062> - Length invalid for this VR = 17, expected <= 16",Error,1,NET,PS3.5 Section 6.2 Value Representation,"PS3.5 Table 6.2-1 DICOM Value Representations, row DS","PS3.5 Table 6.2-1, row ""DS"" Decimal String, Length of Value column: ""16 bytes maximum"".","A stated, exact, quotable maximum, breached by a 17 character value. The citation is PS3.5 rather than PS3.3, PS3.4 or PS3.16 because the defect is an encoding-level VR length overflow and not an IOD Type or condition, so the rubric's citation scope does not cover it. Recorded as NET and flagged as off-part, and every triple in the report is also given with the off-part classes demoted to UNDECIDABLE."
dciodvfy,e3f5b7060ed1,"Error - Value invalid for this VR - (TAG) DS Numeric Value DS [1] = <-107.261779785156> - Length invalid for this VR = 17, expected <= 16",Error,1,NET,PS3.5 Section 6.2 Value Representation,"PS3.5 Table 6.2-1 DICOM Value Representations, row DS","PS3.5 Table 6.2-1, row ""DS"" Decimal String, Length of Value column: ""16 bytes maximum"".","A stated, exact, quotable maximum, breached by a 17 character value. The citation is PS3.5 rather than PS3.3, PS3.4 or PS3.16 because the defect is an encoding-level VR length overflow and not an IOD Type or condition, so the rubric's citation scope does not cover it. Recorded as NET and flagged as off-part, and every triple in the report is also given with the off-part classes demoted to UNDECIDABLE."
dciodvfy,e6396b0cbde4,"Error - Value invalid for this VR - (TAG) DS Numeric Value DS [1] = <-102.337585449219> - Length invalid for this VR = 17, expected <= 16",Error,1,NET,PS3.5 Section 6.2 Value Representation,"PS3.5 Table 6.2-1 DICOM Value Representations, row DS","PS3.5 Table 6.2-1, row ""DS"" Decimal String, Length of Value column: ""16 bytes maximum"".","A stated, exact, quotable maximum, breached by a 17 character value. The citation is PS3.5 rather than PS3.3, PS3.4 or PS3.16 because the defect is an encoding-level VR length overflow and not an IOD Type or condition, so the rubric's citation scope does not cover it. Recorded as NET and flagged as off-part, and every triple in the report is also given with the off-part classes demoted to UNDECIDABLE."
dciodvfy,e8dceced0795,"Error - Value invalid for this VR - (TAG) DS Numeric Value DS [1] = <-223.020812988281> - Length invalid for this VR = 17, expected <= 16",Error,1,NET,PS3.5 Section 6.2 Value Representation,"PS3.5 Table 6.2-1 DICOM Value Representations, row DS","PS3.5 Table 6.2-1, row ""DS"" Decimal String, Length of Value column: ""16 bytes maximum"".","A stated, exact, quotable maximum, breached by a 17 character value. The citation is PS3.5 rather than PS3.3, PS3.4 or PS3.16 because the defect is an encoding-level VR length overflow and not an IOD Type or condition, so the rubric's citation scope does not cover it. Recorded as NET and flagged as off-part, and every triple in the report is also given with the off-part classes demoted to UNDECIDABLE."
dciodvfy,eb08c02601e7,"Error - Value invalid for this VR - (TAG) DS Numeric Value DS [1] = <-12.3153686523438> - Length invalid for this VR = 17, expected <= 16",Error,1,NET,PS3.5 Section 6.2 Value Representation,"PS3.5 Table 6.2-1 DICOM Value Representations, row DS","PS3.5 Table 6.2-1, row ""DS"" Decimal String, Length of Value column: ""16 bytes maximum"".","A stated, exact, quotable maximum, breached by a 17 character value. The citation is PS3.5 rather than PS3.3, PS3.4 or PS3.16 because the defect is an encoding-level VR length overflow and not an IOD Type or condition, so the rubric's citation scope does not cover it. Recorded as NET and flagged as off-part, and every triple in the report is also given with the off-part classes demoted to UNDECIDABLE."
dciodvfy,ec4695433263,"Error - Value invalid for this VR - (TAG) DS Numeric Value DS [1] = <-189.813537597656> - Length invalid for this VR = 17, expected <= 16",Error,1,NET,PS3.5 Section 6.2 Value Representation,"PS3.5 Table 6.2-1 DICOM Value Representations, row DS","PS3.5 Table 6.2-1, row ""DS"" Decimal String, Length of Value column: ""16 bytes maximum"".","A stated, exact, quotable maximum, breached by a 17 character value. The citation is PS3.5 rather than PS3.3, PS3.4 or PS3.16 because the defect is an encoding-level VR length overflow and not an IOD Type or condition, so the rubric's citation scope does not cover it. Recorded as NET and flagged as off-part, and every triple in the report is also given with the off-part classes demoted to UNDECIDABLE."
dciodvfy,ecc2d8c5a2c5,"Error - Value invalid for this VR - (TAG) DS Numeric Value DS [1] = <-14.2473754882812> - Length invalid for this VR = 17, expected <= 16",Error,1,NET,PS3.5 Section 6.2 Value Representation,"PS3.5 Table 6.2-1 DICOM Value Representations, row DS","PS3.5 Table 6.2-1, row ""DS"" Decimal String, Length of Value column: ""16 bytes maximum"".","A stated, exact, quotable maximum, breached by a 17 character value. The citation is PS3.5 rather than PS3.3, PS3.4 or PS3.16 because the defect is an encoding-level VR length overflow and not an IOD Type or condition, so the rubric's citation scope does not cover it. Recorded as NET and flagged as off-part, and every triple in the report is also given with the off-part classes demoted to UNDECIDABLE."
dciodvfy,ed3893167bf9,"Error - Value invalid for this VR - (TAG) DS Numeric Value DS [1] = <-169.405151367188> - Length invalid for this VR = 17, expected <= 16",Error,1,NET,PS3.5 Section 6.2 Value Representation,"PS3.5 Table 6.2-1 DICOM Value Representations, row DS","PS3.5 Table 6.2-1, row ""DS"" Decimal String, Length of Value column: ""16 bytes maximum"".","A stated, exact, quotable maximum, breached by a 17 character value. The citation is PS3.5 rather than PS3.3, PS3.4 or PS3.16 because the defect is an encoding-level VR length overflow and not an IOD Type or condition, so the rubric's citation scope does not cover it. Recorded as NET and flagged as off-part, and every triple in the report is also given with the off-part classes demoted to UNDECIDABLE."
dciodvfy,f0cd3b8662af,"Error - Value invalid for this VR - (TAG) DS Numeric Value DS [1] = <-40.4402465820312> - Length invalid for this VR = 17, expected <= 16",Error,1,NET,PS3.5 Section 6.2 Value Representation,"PS3.5 Table 6.2-1 DICOM Value Representations, row DS","PS3.5 Table 6.2-1, row ""DS"" Decimal String, Length of Value column: ""16 bytes maximum"".","A stated, exact, quotable maximum, breached by a 17 character value. The citation is PS3.5 rather than PS3.3, PS3.4 or PS3.16 because the defect is an encoding-level VR length overflow and not an IOD Type or condition, so the rubric's citation scope does not cover it. Recorded as NET and flagged as off-part, and every triple in the report is also given with the off-part classes demoted to UNDECIDABLE."
dciodvfy,f23134a45883,"Error - Value invalid for this VR - (TAG) DS Numeric Value DS [1] = <-11.0468139648438> - Length invalid for this VR = 17, expected <= 16",Error,1,NET,PS3.5 Section 6.2 Value Representation,"PS3.5 Table 6.2-1 DICOM Value Representations, row DS","PS3.5 Table 6.2-1, row ""DS"" Decimal String, Length of Value column: ""16 bytes maximum"".","A stated, exact, quotable maximum, breached by a 17 character value. The citation is PS3.5 rather than PS3.3, PS3.4 or PS3.16 because the defect is an encoding-level VR length overflow and not an IOD Type or condition, so the rubric's citation scope does not cover it. Recorded as NET and flagged as off-part, and every triple in the report is also given with the off-part classes demoted to UNDECIDABLE."
dciodvfy,f288c740422b,"Error - Value invalid for this VR - (TAG) DS Numeric Value DS [1] = <-58.7831420898438> - Length invalid for this VR = 17, expected <= 16",Error,1,NET,PS3.5 Section 6.2 Value Representation,"PS3.5 Table 6.2-1 DICOM Value Representations, row DS","PS3.5 Table 6.2-1, row ""DS"" Decimal String, Length of Value column: ""16 bytes maximum"".","A stated, exact, quotable maximum, breached by a 17 character value. The citation is PS3.5 rather than PS3.3, PS3.4 or PS3.16 because the defect is an encoding-level VR length overflow and not an IOD Type or condition, so the rubric's citation scope does not cover it. Recorded as NET and flagged as off-part, and every triple in the report is also given with the off-part classes demoted to UNDECIDABLE."
dciodvfy,f2cf863ba09a,"Error - Value invalid for this VR - (TAG) DS Numeric Value DS [1] = <-214.522399902344> - Length invalid for this VR = 17, expected <= 16",Error,1,NET,PS3.5 Section 6.2 Value Representation,"PS3.5 Table 6.2-1 DICOM Value Representations, row DS","PS3.5 Table 6.2-1, row ""DS"" Decimal String, Length of Value column: ""16 bytes maximum"".","A stated, exact, quotable maximum, breached by a 17 character value. The citation is PS3.5 rather than PS3.3, PS3.4 or PS3.16 because the defect is an encoding-level VR length overflow and not an IOD Type or condition, so the rubric's citation scope does not cover it. Recorded as NET and flagged as off-part, and every triple in the report is also given with the off-part classes demoted to UNDECIDABLE."
dciodvfy,f39f5f379dc0,"Error - Value invalid for this VR - (TAG) DS Numeric Value DS [1] = <-210.503845214844> - Length invalid for this VR = 17, expected <= 16",Error,1,NET,PS3.5 Section 6.2 Value Representation,"PS3.5 Table 6.2-1 DICOM Value Representations, row DS","PS3.5 Table 6.2-1, row ""DS"" Decimal String, Length of Value column: ""16 bytes maximum"".","A stated, exact, quotable maximum, breached by a 17 character value. The citation is PS3.5 rather than PS3.3, PS3.4 or PS3.16 because the defect is an encoding-level VR length overflow and not an IOD Type or condition, so the rubric's citation scope does not cover it. Recorded as NET and flagged as off-part, and every triple in the report is also given with the off-part classes demoted to UNDECIDABLE."
dciodvfy,f4a386cd7c2e,"Error - Value invalid for this VR - (TAG) DS Numeric Value DS [1] = <-88.1036376953125> - Length invalid for this VR = 17, expected <= 16",Error,1,NET,PS3.5 Section 6.2 Value Representation,"PS3.5 Table 6.2-1 DICOM Value Representations, row DS","PS3.5 Table 6.2-1, row ""DS"" Decimal String, Length of Value column: ""16 bytes maximum"".","A stated, exact, quotable maximum, breached by a 17 character value. The citation is PS3.5 rather than PS3.3, PS3.4 or PS3.16 because the defect is an encoding-level VR length overflow and not an IOD Type or condition, so the rubric's citation scope does not cover it. Recorded as NET and flagged as off-part, and every triple in the report is also given with the off-part classes demoted to UNDECIDABLE."
dciodvfy,f8aae92d8408,"Error - Value invalid for this VR - (TAG) DS Numeric Value DS [1] = <-181.487182617188> - Length invalid for this VR = 17, expected <= 16",Error,1,NET,PS3.5 Section 6.2 Value Representation,"PS3.5 Table 6.2-1 DICOM Value Representations, row DS","PS3.5 Table 6.2-1, row ""DS"" Decimal String, Length of Value column: ""16 bytes maximum"".","A stated, exact, quotable maximum, breached by a 17 character value. The citation is PS3.5 rather than PS3.3, PS3.4 or PS3.16 because the defect is an encoding-level VR length overflow and not an IOD Type or condition, so the rubric's citation scope does not cover it. Recorded as NET and flagged as off-part, and every triple in the report is also given with the off-part classes demoted to UNDECIDABLE."
dciodvfy,fa653bd0a99d,"Error - Value invalid for this VR - (TAG) DS Numeric Value DS [1] = <-187.599975585938> - Length invalid for this VR = 17, expected <= 16",Error,1,NET,PS3.5 Section 6.2 Value Representation,"PS3.5 Table 6.2-1 DICOM Value Representations, row DS","PS3.5 Table 6.2-1, row ""DS"" Decimal String, Length of Value column: ""16 bytes maximum"".","A stated, exact, quotable maximum, breached by a 17 character value. The citation is PS3.5 rather than PS3.3, PS3.4 or PS3.16 because the defect is an encoding-level VR length overflow and not an IOD Type or condition, so the rubric's citation scope does not cover it. Recorded as NET and flagged as off-part, and every triple in the report is also given with the off-part classes demoted to UNDECIDABLE."
dciodvfy,fee69df5a535,"Error - Value invalid for this VR - (TAG) DS Numeric Value DS [1] = <-191.455688476562> - Length invalid for this VR = 17, expected <= 16",Error,1,NET,PS3.5 Section 6.2 Value Representation,"PS3.5 Table 6.2-1 DICOM Value Representations, row DS","PS3.5 Table 6.2-1, row ""DS"" Decimal String, Length of Value column: ""16 bytes maximum"".","A stated, exact, quotable maximum, breached by a 17 character value. The citation is PS3.5 rather than PS3.3, PS3.4 or PS3.16 because the defect is an encoding-level VR length overflow and not an IOD Type or condition, so the rubric's citation scope does not cover it. Recorded as NET and flagged as off-part, and every triple in the report is also given with the off-part classes demoted to UNDECIDABLE."
dicom-validator,991dc147bda0,Module <SR Document Content> (TAG) (Content Sequence) / (TAG) (Content Sequence) / (TAG) (Content Sequence) / (TAG) (Content Sequence) / (TAG) (Content Sequence) / (TAG) (Content Sequence) / (TAG) (Referenced SOP Sequence) Tag (TAG) (Referenced SOP Sequence) is unexpected,ERROR,826,FLOOR,PS3.3 Section C.18.4 Image Reference Macro,PS3.3 Table C.18.4-1 Image Reference Macro Attributes,"PS3.3 Table C.18.4-1, row "">Referenced SOP Sequence"", tag (0008,1199), Type 3: ""Reference to a Softcopy Presentation State SOP Class/SOP Instance pair. Only a single Item is permitted in this Sequence."" PS3.5 Section 7.4.5: ""IODs and SOP Classes define Type 3 Data Elements that are optional Data Elements. Absence of a Type 3 Data Element from a Data Set does not convey any significance and is not a protocol violation.""","A Type 3 attribute listed by the macro at exactly the nesting depth the object uses, flagged as not belonging to any allowed module. Same modelling gap as the Referenced Frame Number class, and the clearest demonstration of it, because no condition exists on a Type 3 attribute that could have failed."
dicom-validator,00f94303f649,Module <SR Document Content> (TAG) (Content Sequence) / (TAG) (Content Sequence) / (TAG) (Referenced SOP Sequence) Tag (TAG) (Referenced Frame Number) is unexpected,ERROR,722,FLOOR,PS3.3 Section C.18.4 Image Reference Macro,PS3.3 Table C.18.4-1 Image Reference Macro Attributes,"PS3.3 Table C.18.4-1 opens with the row ""Include Table C.18.3-1 Composite Object Reference Macro Attributes"" and then lists "">Referenced Frame Number"", (0008,1160), 1C. The "">"" places it one level inside the Referenced SOP Sequence that Table C.18.3-1 defines: ""Referenced SOP Sequence, (0008,1199), 1, References to Composite Object SOP Class/SOP Instance pairs. Only a single Item shall be included in this Sequence."" PS3.3 Table C.17-5: ""Include Table C.18.4-1 Image Reference Macro Attributes if and only if Value Type (0040,A040) is IMAGE.""","The construct the message names, (0008,1160) present inside (0008,1199) of an IMAGE Content Item, is exactly where Table C.18.4-1 puts it, so the location is permitted and the message is FLOOR. The message is not a condition verdict: dicom-validator 0.8.2 documents ErrorCode.TagUnexpected as Tag is not in any allowed module and renders it as is unexpected, while a failed condition is ErrorCode.TagNotAllowed and renders as is not allowed by condition. Its parsed model of Table C.18.4-1, read back from the pinned 2026c standard cache, holds (0008,1160), (0062,000B), the nested (0008,1199), (0008,114B) and (0088,0200) as siblings of the included Referenced SOP Sequence rather than as its children, so inside that Sequence it expects only Table 10-11 and reports everything else as unexpected. Consequence for the census: this message class is not independent confirmation of dciodvfy's Referenced Frame Number Error on the same 722 objects."
dicom-validator,73f7f90b6622,Module <SR Document Content> (TAG) (Content Sequence) / (TAG) (Content Sequence) / (TAG) (Content Sequence) / (TAG) (Content Sequence) / (TAG) (Content Sequence) / (TAG) (Content Sequence) / (TAG) (Content Sequence) / (TAG) (Content Sequence) / (TAG) (Referenced SOP Sequence) Tag (TAG) (Referenced SOP Sequence) is unexpected,ERROR,722,FLOOR,PS3.3 Section C.18.4 Image Reference Macro,PS3.3 Table C.18.4-1 Image Reference Macro Attributes,"PS3.3 Table C.18.4-1, row "">Referenced SOP Sequence"", tag (0008,1199), Type 3: ""Reference to a Softcopy Presentation State SOP Class/SOP Instance pair. Only a single Item is permitted in this Sequence."" PS3.5 Section 7.4.5: ""IODs and SOP Classes define Type 3 Data Elements that are optional Data Elements. Absence of a Type 3 Data Element from a Data Set does not convey any significance and is not a protocol violation.""","A Type 3 attribute listed by the macro at exactly the nesting depth the object uses, flagged as not belonging to any allowed module. Same modelling gap as the Referenced Frame Number class, and the clearest demonstration of it, because no condition exists on a Type 3 attribute that could have failed."
dicom-validator,bed0b891cece,Module <SR Document Content> (TAG) (Content Sequence) / (TAG) (Content Sequence) / (TAG) (Content Sequence) / (TAG) (Content Sequence) / (TAG) (Content Sequence) / (TAG) (Content Sequence) / (TAG) (Content Sequence) / (TAG) (Content Sequence) / (TAG) (Referenced SOP Sequence) Tag (TAG) (Referenced Frame Number) is unexpected,ERROR,722,FLOOR,PS3.3 Section C.18.4 Image Reference Macro,PS3.3 Table C.18.4-1 Image Reference Macro Attributes,"PS3.3 Table C.18.4-1 opens with the row ""Include Table C.18.3-1 Composite Object Reference Macro Attributes"" and then lists "">Referenced Frame Number"", (0008,1160), 1C. The "">"" places it one level inside the Referenced SOP Sequence that Table C.18.3-1 defines: ""Referenced SOP Sequence, (0008,1199), 1, References to Composite Object SOP Class/SOP Instance pairs. Only a single Item shall be included in this Sequence."" PS3.3 Table C.17-5: ""Include Table C.18.4-1 Image Reference Macro Attributes if and only if Value Type (0040,A040) is IMAGE.""","The construct the message names, (0008,1160) present inside (0008,1199) of an IMAGE Content Item, is exactly where Table C.18.4-1 puts it, so the location is permitted and the message is FLOOR. The message is not a condition verdict: dicom-validator 0.8.2 documents ErrorCode.TagUnexpected as Tag is not in any allowed module and renders it as is unexpected, while a failed condition is ErrorCode.TagNotAllowed and renders as is not allowed by condition. Its parsed model of Table C.18.4-1, read back from the pinned 2026c standard cache, holds (0008,1160), (0062,000B), the nested (0008,1199), (0008,114B) and (0088,0200) as siblings of the included Referenced SOP Sequence rather than as its children, so inside that Sequence it expects only Table 10-11 and reports everything else as unexpected. Consequence for the census: this message class is not independent confirmation of dciodvfy's Referenced Frame Number Error on the same 722 objects."
dicom-validator,ef4f83f2101b,Module <SR Document Content> (TAG) (Content Sequence) / (TAG) (Content Sequence) / (TAG) (Content Sequence) / (TAG) (Content Sequence) / (TAG) (Content Sequence) / (TAG) (Content Sequence) / (TAG) (Measured Value Sequence) Tag (TAG) (Numeric Value) has invalid value '-137.297302246094' for VR DS,ERROR,4,NET,PS3.5 Section 6.2 Value Representation,"PS3.5 Table 6.2-1 DICOM Value Representations, row DS","PS3.5 Table 6.2-1, row ""DS"" Decimal String, Length of Value column: ""16 bytes maximum"".","The same 17 character values dciodvfy reports, found independently by a second codebase through a different route, pydicom's VR validation rather than a dicom3tools length check. Off-part on the same terms as the dciodvfy DS length classes."
dicom-validator,682b59658eaa,Module <SR Document Content> (TAG) (Content Sequence) / (TAG) (Content Sequence) / (TAG) (Content Sequence) / (TAG) (Content Sequence) / (TAG) (Content Sequence) / (TAG) (Content Sequence) / (TAG) (Measured Value Sequence) Tag (TAG) (Numeric Value) has invalid value '-141.709106445312' for VR DS,ERROR,3,NET,PS3.5 Section 6.2 Value Representation,"PS3.5 Table 6.2-1 DICOM Value Representations, row DS","PS3.5 Table 6.2-1, row ""DS"" Decimal String, Length of Value column: ""16 bytes maximum"".","The same 17 character values dciodvfy reports, found independently by a second codebase through a different route, pydicom's VR validation rather than a dicom3tools length check. Off-part on the same terms as the dciodvfy DS length classes."
dicom-validator,f8e41ba5a533,Module <SR Document Content> (TAG) (Content Sequence) / (TAG) (Content Sequence) / (TAG) (Content Sequence) / (TAG) (Content Sequence) / (TAG) (Content Sequence) / (TAG) (Content Sequence) / (TAG) (Measured Value Sequence) Tag (TAG) (Numeric Value) has invalid value '-141.226440429688' for VR DS,ERROR,3,NET,PS3.5 Section 6.2 Value Representation,"PS3.5 Table 6.2-1 DICOM Value Representations, row DS","PS3.5 Table 6.2-1, row ""DS"" Decimal String, Length of Value column: ""16 bytes maximum"".","The same 17 character values dciodvfy reports, found independently by a second codebase through a different route, pydicom's VR validation rather than a dicom3tools length check. Off-part on the same terms as the dciodvfy DS length classes."
dicom-validator,089968e709e4,Module <SR Document Content> (TAG) (Content Sequence) / (TAG) (Content Sequence) / (TAG) (Content Sequence) / (TAG) (Content Sequence) / (TAG) (Content Sequence) / (TAG) (Content Sequence) / (TAG) (Measured Value Sequence) Tag (TAG) (Numeric Value) has invalid value '-109.362060546875' for VR DS,ERROR,2,NET,PS3.5 Section 6.2 Value Representation,"PS3.5 Table 6.2-1 DICOM Value Representations, row DS","PS3.5 Table 6.2-1, row ""DS"" Decimal String, Length of Value column: ""16 bytes maximum"".","The same 17 character values dciodvfy reports, found independently by a second codebase through a different route, pydicom's VR validation rather than a dicom3tools length check. Off-part on the same terms as the dciodvfy DS length classes."
dicom-validator,1d8fc881c894,Module <SR Document Content> (TAG) (Content Sequence) / (TAG) (Content Sequence) / (TAG) (Content Sequence) / (TAG) (Content Sequence) / (TAG) (Content Sequence) / (TAG) (Content Sequence) / (TAG) (Measured Value Sequence) Tag (TAG) (Numeric Value) has invalid value '-143.366333007812' for VR DS,ERROR,2,NET,PS3.5 Section 6.2 Value Representation,"PS3.5 Table 6.2-1 DICOM Value Representations, row DS","PS3.5 Table 6.2-1, row ""DS"" Decimal String, Length of Value column: ""16 bytes maximum"".","The same 17 character values dciodvfy reports, found independently by a second codebase through a different route, pydicom's VR validation rather than a dicom3tools length check. Off-part on the same terms as the dciodvfy DS length classes."
dicom-validator,27d332504a04,Module <SR Document Content> (TAG) (Content Sequence) / (TAG) (Content Sequence) / (TAG) (Content Sequence) / (TAG) (Content Sequence) / (TAG) (Content Sequence) / (TAG) (Content Sequence) / (TAG) (Measured Value Sequence) Tag (TAG) (Numeric Value) has invalid value '-102.888793945312' for VR DS,ERROR,2,NET,PS3.5 Section 6.2 Value Representation,"PS3.5 Table 6.2-1 DICOM Value Representations, row DS","PS3.5 Table 6.2-1, row ""DS"" Decimal String, Length of Value column: ""16 bytes maximum"".","The same 17 character values dciodvfy reports, found independently by a second codebase through a different route, pydicom's VR validation rather than a dicom3tools length check. Off-part on the same terms as the dciodvfy DS length classes."
dicom-validator,51cb5cbc2abb,Module <SR Document Content> (TAG) (Content Sequence) / (TAG) (Content Sequence) / (TAG) (Content Sequence) / (TAG) (Content Sequence) / (TAG) (Content Sequence) / (TAG) (Content Sequence) / (TAG) (Measured Value Sequence) Tag (TAG) (Numeric Value) has invalid value '-129.831176757812' for VR DS,ERROR,2,NET,PS3.5 Section 6.2 Value Representation,"PS3.5 Table 6.2-1 DICOM Value Representations, row DS","PS3.5 Table 6.2-1, row ""DS"" Decimal String, Length of Value column: ""16 bytes maximum"".","The same 17 character values dciodvfy reports, found independently by a second codebase through a different route, pydicom's VR validation rather than a dicom3tools length check. Off-part on the same terms as the dciodvfy DS length classes."
dicom-validator,6ef71ea2705a,Module <SR Document Content> (TAG) (Content Sequence) / (TAG) (Content Sequence) / (TAG) (Content Sequence) / (TAG) (Content Sequence) / (TAG) (Content Sequence) / (TAG) (Content Sequence) / (TAG) (Measured Value Sequence) Tag (TAG) (Numeric Value) has invalid value '-59.1793823242188' for VR DS,ERROR,2,NET,PS3.5 Section 6.2 Value Representation,"PS3.5 Table 6.2-1 DICOM Value Representations, row DS","PS3.5 Table 6.2-1, row ""DS"" Decimal String, Length of Value column: ""16 bytes maximum"".","The same 17 character values dciodvfy reports, found independently by a second codebase through a different route, pydicom's VR validation rather than a dicom3tools length check. Off-part on the same terms as the dciodvfy DS length classes."
dicom-validator,701842da06ce,Module <SR Document Content> (TAG) (Content Sequence) / (TAG) (Content Sequence) / (TAG) (Content Sequence) / (TAG) (Content Sequence) / (TAG) (Content Sequence) / (TAG) (Content Sequence) / (TAG) (Measured Value Sequence) Tag (TAG) (Numeric Value) has invalid value '-92.7723999023438' for VR DS,ERROR,2,NET,PS3.5 Section 6.2 Value Representation,"PS3.5 Table 6.2-1 DICOM Value Representations, row DS","PS3.5 Table 6.2-1, row ""DS"" Decimal String, Length of Value column: ""16 bytes maximum"".","The same 17 character values dciodvfy reports, found independently by a second codebase through a different route, pydicom's VR validation rather than a dicom3tools length check. Off-part on the same terms as the dciodvfy DS length classes."
dicom-validator,76fa4ae9d077,Module <SR Document Content> (TAG) (Content Sequence) / (TAG) (Content Sequence) / (TAG) (Content Sequence) / (TAG) (Content Sequence) / (TAG) (Content Sequence) / (TAG) (Content Sequence) / (TAG) (Measured Value Sequence) Tag (TAG) (Numeric Value) has invalid value '-108.705200195312' for VR DS,ERROR,2,NET,PS3.5 Section 6.2 Value Representation,"PS3.5 Table 6.2-1 DICOM Value Representations, row DS","PS3.5 Table 6.2-1, row ""DS"" Decimal String, Length of Value column: ""16 bytes maximum"".","The same 17 character values dciodvfy reports, found independently by a second codebase through a different route, pydicom's VR validation rather than a dicom3tools length check. Off-part on the same terms as the dciodvfy DS length classes."
dicom-validator,8dc8a5d952b4,Module <SR Document Content> (TAG) (Content Sequence) / (TAG) (Content Sequence) / (TAG) (Content Sequence) / (TAG) (Content Sequence) / (TAG) (Content Sequence) / (TAG) (Content Sequence) / (TAG) (Measured Value Sequence) Tag (TAG) (Numeric Value) has invalid value '-141.469970703125' for VR DS,ERROR,2,NET,PS3.5 Section 6.2 Value Representation,"PS3.5 Table 6.2-1 DICOM Value Representations, row DS","PS3.5 Table 6.2-1, row ""DS"" Decimal String, Length of Value column: ""16 bytes maximum"".","The same 17 character values dciodvfy reports, found independently by a second codebase through a different route, pydicom's VR validation rather than a dicom3tools length check. Off-part on the same terms as the dciodvfy DS length classes."
dicom-validator,ad3fae73e861,Module <SR Document Content> (TAG) (Content Sequence) / (TAG) (Content Sequence) / (TAG) (Content Sequence) / (TAG) (Content Sequence) / (TAG) (Content Sequence) / (TAG) (Content Sequence) / (TAG) (Measured Value Sequence) Tag (TAG) (Numeric Value) has invalid value '-142.962646484375' for VR DS,ERROR,2,NET,PS3.5 Section 6.2 Value Representation,"PS3.5 Table 6.2-1 DICOM Value Representations, row DS","PS3.5 Table 6.2-1, row ""DS"" Decimal String, Length of Value column: ""16 bytes maximum"".","The same 17 character values dciodvfy reports, found independently by a second codebase through a different route, pydicom's VR validation rather than a dicom3tools length check. Off-part on the same terms as the dciodvfy DS length classes."
dicom-validator,d9c413abff50,Module <SR Document Content> (TAG) (Content Sequence) / (TAG) (Content Sequence) / (TAG) (Content Sequence) / (TAG) (Content Sequence) / (TAG) (Content Sequence) / (TAG) (Content Sequence) / (TAG) (Measured Value Sequence) Tag (TAG) (Numeric Value) has invalid value '-92.1058959960938' for VR DS,ERROR,2,NET,PS3.5 Section 6.2 Value Representation,"PS3.5 Table 6.2-1 DICOM Value Representations, row DS","PS3.5 Table 6.2-1, row ""DS"" Decimal String, Length of Value column: ""16 bytes maximum"".","The same 17 character values dciodvfy reports, found independently by a second codebase through a different route, pydicom's VR validation rather than a dicom3tools length check. Off-part on the same terms as the dciodvfy DS length classes."
dicom-validator,e238974e6200,Module <SR Document Content> (TAG) (Content Sequence) / (TAG) (Content Sequence) / (TAG) (Content Sequence) / (TAG) (Content Sequence) / (TAG) (Content Sequence) / (TAG) (Content Sequence) / (TAG) (Measured Value Sequence) Tag (TAG) (Numeric Value) has invalid value '-136.494018554688' for VR DS,ERROR,2,NET,PS3.5 Section 6.2 Value Representation,"PS3.5 Table 6.2-1 DICOM Value Representations, row DS","PS3.5 Table 6.2-1, row ""DS"" Decimal String, Length of Value column: ""16 bytes maximum"".","The same 17 character values dciodvfy reports, found independently by a second codebase through a different route, pydicom's VR validation rather than a dicom3tools length check. Off-part on the same terms as the dciodvfy DS length classes."
dicom-validator,ed6b476a5b73,Module <SR Document Content> (TAG) (Content Sequence) / (TAG) (Content Sequence) / (TAG) (Content Sequence) / (TAG) (Content Sequence) / (TAG) (Content Sequence) / (TAG) (Content Sequence) / (TAG) (Measured Value Sequence) Tag (TAG) (Numeric Value) has invalid value '-134.732666015625' for VR DS,ERROR,2,NET,PS3.5 Section 6.2 Value Representation,"PS3.5 Table 6.2-1 DICOM Value Representations, row DS","PS3.5 Table 6.2-1, row ""DS"" Decimal String, Length of Value column: ""16 bytes maximum"".","The same 17 character values dciodvfy reports, found independently by a second codebase through a different route, pydicom's VR validation rather than a dicom3tools length check. Off-part on the same terms as the dciodvfy DS length classes."
dicom-validator,f1504597a2a1,Module <SR Document Content> (TAG) (Content Sequence) / (TAG) (Content Sequence) / (TAG) (Content Sequence) / (TAG) (Content Sequence) / (TAG) (Content Sequence) / (TAG) (Content Sequence) / (TAG) (Measured Value Sequence) Tag (TAG) (Numeric Value) has invalid value '-182.543884277344' for VR DS,ERROR,2,NET,PS3.5 Section 6.2 Value Representation,"PS3.5 Table 6.2-1 DICOM Value Representations, row DS","PS3.5 Table 6.2-1, row ""DS"" Decimal String, Length of Value column: ""16 bytes maximum"".","The same 17 character values dciodvfy reports, found independently by a second codebase through a different route, pydicom's VR validation rather than a dicom3tools length check. Off-part on the same terms as the dciodvfy DS length classes."
dicom-validator,034510af6598,Module <SR Document Content> (TAG) (Content Sequence) / (TAG) (Content Sequence) / (TAG) (Content Sequence) / (TAG) (Content Sequence) / (TAG) (Content Sequence) / (TAG) (Content Sequence) / (TAG) (Measured Value Sequence) Tag (TAG) (Numeric Value) has invalid value '-20.9912719726562' for VR DS,ERROR,1,NET,PS3.5 Section 6.2 Value Representation,"PS3.5 Table 6.2-1 DICOM Value Representations, row DS","PS3.5 Table 6.2-1, row ""DS"" Decimal String, Length of Value column: ""16 bytes maximum"".","The same 17 character values dciodvfy reports, found independently by a second codebase through a different route, pydicom's VR validation rather than a dicom3tools length check. Off-part on the same terms as the dciodvfy DS length classes."
dicom-validator,038fe2e7c33b,Module <SR Document Content> (TAG) (Content Sequence) / (TAG) (Content Sequence) / (TAG) (Content Sequence) / (TAG) (Content Sequence) / (TAG) (Content Sequence) / (TAG) (Content Sequence) / (TAG) (Measured Value Sequence) Tag (TAG) (Numeric Value) has invalid value '-118.852478027344' for VR DS,ERROR,1,NET,PS3.5 Section 6.2 Value Representation,"PS3.5 Table 6.2-1 DICOM Value Representations, row DS","PS3.5 Table 6.2-1, row ""DS"" Decimal String, Length of Value column: ""16 bytes maximum"".","The same 17 character values dciodvfy reports, found independently by a second codebase through a different route, pydicom's VR validation rather than a dicom3tools length check. Off-part on the same terms as the dciodvfy DS length classes."
dicom-validator,04839b1b0441,Module <SR Document Content> (TAG) (Content Sequence) / (TAG) (Content Sequence) / (TAG) (Content Sequence) / (TAG) (Content Sequence) / (TAG) (Content Sequence) / (TAG) (Content Sequence) / (TAG) (Measured Value Sequence) Tag (TAG) (Numeric Value) has invalid value '-4.80670166015625' for VR DS,ERROR,1,NET,PS3.5 Section 6.2 Value Representation,"PS3.5 Table 6.2-1 DICOM Value Representations, row DS","PS3.5 Table 6.2-1, row ""DS"" Decimal String, Length of Value column: ""16 bytes maximum"".","The same 17 character values dciodvfy reports, found independently by a second codebase through a different route, pydicom's VR validation rather than a dicom3tools length check. Off-part on the same terms as the dciodvfy DS length classes."
dicom-validator,05d0e7848629,Module <SR Document Content> (TAG) (Content Sequence) / (TAG) (Content Sequence) / (TAG) (Content Sequence) / (TAG) (Content Sequence) / (TAG) (Content Sequence) / (TAG) (Content Sequence) / (TAG) (Measured Value Sequence) Tag (TAG) (Numeric Value) has invalid value '-15.0381469726562' for VR DS,ERROR,1,NET,PS3.5 Section 6.2 Value Representation,"PS3.5 Table 6.2-1 DICOM Value Representations, row DS","PS3.5 Table 6.2-1, row ""DS"" Decimal String, Length of Value column: ""16 bytes maximum"".","The same 17 character values dciodvfy reports, found independently by a second codebase through a different route, pydicom's VR validation rather than a dicom3tools length check. Off-part on the same terms as the dciodvfy DS length classes."
dicom-validator,065df1766e3b,Module <SR Document Content> (TAG) (Content Sequence) / (TAG) (Content Sequence) / (TAG) (Content Sequence) / (TAG) (Content Sequence) / (TAG) (Content Sequence) / (TAG) (Content Sequence) / (TAG) (Measured Value Sequence) Tag (TAG) (Numeric Value) has invalid value '-18.0350952148438' for VR DS,ERROR,1,NET,PS3.5 Section 6.2 Value Representation,"PS3.5 Table 6.2-1 DICOM Value Representations, row DS","PS3.5 Table 6.2-1, row ""DS"" Decimal String, Length of Value column: ""16 bytes maximum"".","The same 17 character values dciodvfy reports, found independently by a second codebase through a different route, pydicom's VR validation rather than a dicom3tools length check. Off-part on the same terms as the dciodvfy DS length classes."
dicom-validator,08d7d4d99e7b,Module <SR Document Content> (TAG) (Content Sequence) / (TAG) (Content Sequence) / (TAG) (Content Sequence) / (TAG) (Content Sequence) / (TAG) (Content Sequence) / (TAG) (Content Sequence) / (TAG) (Measured Value Sequence) Tag (TAG) (Numeric Value) has invalid value '-210.503845214844' for VR DS,ERROR,1,NET,PS3.5 Section 6.2 Value Representation,"PS3.5 Table 6.2-1 DICOM Value Representations, row DS","PS3.5 Table 6.2-1, row ""DS"" Decimal String, Length of Value column: ""16 bytes maximum"".","The same 17 character values dciodvfy reports, found independently by a second codebase through a different route, pydicom's VR validation rather than a dicom3tools length check. Off-part on the same terms as the dciodvfy DS length classes."
dicom-validator,09fb5320fa81,Module <SR Document Content> (TAG) (Content Sequence) / (TAG) (Content Sequence) / (TAG) (Content Sequence) / (TAG) (Content Sequence) / (TAG) (Content Sequence) / (TAG) (Content Sequence) / (TAG) (Measured Value Sequence) Tag (TAG) (Numeric Value) has invalid value '-34.8285522460938' for VR DS,ERROR,1,NET,PS3.5 Section 6.2 Value Representation,"PS3.5 Table 6.2-1 DICOM Value Representations, row DS","PS3.5 Table 6.2-1, row ""DS"" Decimal String, Length of Value column: ""16 bytes maximum"".","The same 17 character values dciodvfy reports, found independently by a second codebase through a different route, pydicom's VR validation rather than a dicom3tools length check. Off-part on the same terms as the dciodvfy DS length classes."
dicom-validator,0a1be543fbfc,Module <SR Document Content> (TAG) (Content Sequence) / (TAG) (Content Sequence) / (TAG) (Content Sequence) / (TAG) (Content Sequence) / (TAG) (Content Sequence) / (TAG) (Content Sequence) / (TAG) (Measured Value Sequence) Tag (TAG) (Numeric Value) has invalid value '-117.071105957031' for VR DS,ERROR,1,NET,PS3.5 Section 6.2 Value Representation,"PS3.5 Table 6.2-1 DICOM Value Representations, row DS","PS3.5 Table 6.2-1, row ""DS"" Decimal String, Length of Value column: ""16 bytes maximum"".","The same 17 character values dciodvfy reports, found independently by a second codebase through a different route, pydicom's VR validation rather than a dicom3tools length check. Off-part on the same terms as the dciodvfy DS length classes."
dicom-validator,0a4d2a1e80ba,Module <SR Document Content> (TAG) (Content Sequence) / (TAG) (Content Sequence) / (TAG) (Content Sequence) / (TAG) (Content Sequence) / (TAG) (Content Sequence) / (TAG) (Content Sequence) / (TAG) (Measured Value Sequence) Tag (TAG) (Numeric Value) has invalid value '-44.1425170898438' for VR DS,ERROR,1,NET,PS3.5 Section 6.2 Value Representation,"PS3.5 Table 6.2-1 DICOM Value Representations, row DS","PS3.5 Table 6.2-1, row ""DS"" Decimal String, Length of Value column: ""16 bytes maximum"".","The same 17 character values dciodvfy reports, found independently by a second codebase through a different route, pydicom's VR validation rather than a dicom3tools length check. Off-part on the same terms as the dciodvfy DS length classes."
dicom-validator,0ae258a1be82,Module <SR Document Content> (TAG) (Content Sequence) / (TAG) (Content Sequence) / (TAG) (Content Sequence) / (TAG) (Content Sequence) / (TAG) (Content Sequence) / (TAG) (Content Sequence) / (TAG) (Measured Value Sequence) Tag (TAG) (Numeric Value) has invalid value '-27.7884521484375' for VR DS,ERROR,1,NET,PS3.5 Section 6.2 Value Representation,"PS3.5 Table 6.2-1 DICOM Value Representations, row DS","PS3.5 Table 6.2-1, row ""DS"" Decimal String, Length of Value column: ""16 bytes maximum"".","The same 17 character values dciodvfy reports, found independently by a second codebase through a different route, pydicom's VR validation rather than a dicom3tools length check. Off-part on the same terms as the dciodvfy DS length classes."
dicom-validator,0d2889f9bcb2,Module <SR Document Content> (TAG) (Content Sequence) / (TAG) (Content Sequence) / (TAG) (Content Sequence) / (TAG) (Content Sequence) / (TAG) (Content Sequence) / (TAG) (Content Sequence) / (TAG) (Measured Value Sequence) Tag (TAG) (Numeric Value) has invalid value '-134.719970703125' for VR DS,ERROR,1,NET,PS3.5 Section 6.2 Value Representation,"PS3.5 Table 6.2-1 DICOM Value Representations, row DS","PS3.5 Table 6.2-1, row ""DS"" Decimal String, Length of Value column: ""16 bytes maximum"".","The same 17 character values dciodvfy reports, found independently by a second codebase through a different route, pydicom's VR validation rather than a dicom3tools length check. Off-part on the same terms as the dciodvfy DS length classes."
dicom-validator,10dae521a439,Module <SR Document Content> (TAG) (Content Sequence) / (TAG) (Content Sequence) / (TAG) (Content Sequence) / (TAG) (Content Sequence) / (TAG) (Content Sequence) / (TAG) (Content Sequence) / (TAG) (Measured Value Sequence) Tag (TAG) (Numeric Value) has invalid value '-131.106384277344' for VR DS,ERROR,1,NET,PS3.5 Section 6.2 Value Representation,"PS3.5 Table 6.2-1 DICOM Value Representations, row DS","PS3.5 Table 6.2-1, row ""DS"" Decimal String, Length of Value column: ""16 bytes maximum"".","The same 17 character values dciodvfy reports, found independently by a second codebase through a different route, pydicom's VR validation rather than a dicom3tools length check. Off-part on the same terms as the dciodvfy DS length classes."
dicom-validator,1477b80cd3e3,Module <SR Document Content> (TAG) (Content Sequence) / (TAG) (Content Sequence) / (TAG) (Content Sequence) / (TAG) (Content Sequence) / (TAG) (Content Sequence) / (TAG) (Content Sequence) / (TAG) (Measured Value Sequence) Tag (TAG) (Numeric Value) has invalid value '-34.4833374023438' for VR DS,ERROR,1,NET,PS3.5 Section 6.2 Value Representation,"PS3.5 Table 6.2-1 DICOM Value Representations, row DS","PS3.5 Table 6.2-1, row ""DS"" Decimal String, Length of Value column: ""16 bytes maximum"".","The same 17 character values dciodvfy reports, found independently by a second codebase through a different route, pydicom's VR validation rather than a dicom3tools length check. Off-part on the same terms as the dciodvfy DS length classes."
dicom-validator,1bd77252cac3,Module <SR Document Content> (TAG) (Content Sequence) / (TAG) (Content Sequence) / (TAG) (Content Sequence) / (TAG) (Content Sequence) / (TAG) (Content Sequence) / (TAG) (Content Sequence) / (TAG) (Measured Value Sequence) Tag (TAG) (Numeric Value) has invalid value '-10.2101440429688' for VR DS,ERROR,1,NET,PS3.5 Section 6.2 Value Representation,"PS3.5 Table 6.2-1 DICOM Value Representations, row DS","PS3.5 Table 6.2-1, row ""DS"" Decimal String, Length of Value column: ""16 bytes maximum"".","The same 17 character values dciodvfy reports, found independently by a second codebase through a different route, pydicom's VR validation rather than a dicom3tools length check. Off-part on the same terms as the dciodvfy DS length classes."
dicom-validator,1da3f0148000,Module <SR Document Content> (TAG) (Content Sequence) / (TAG) (Content Sequence) / (TAG) (Content Sequence) / (TAG) (Content Sequence) / (TAG) (Content Sequence) / (TAG) (Content Sequence) / (TAG) (Measured Value Sequence) Tag (TAG) (Numeric Value) has invalid value '-148.179992675781' for VR DS,ERROR,1,NET,PS3.5 Section 6.2 Value Representation,"PS3.5 Table 6.2-1 DICOM Value Representations, row DS","PS3.5 Table 6.2-1, row ""DS"" Decimal String, Length of Value column: ""16 bytes maximum"".","The same 17 character values dciodvfy reports, found independently by a second codebase through a different route, pydicom's VR validation rather than a dicom3tools length check. Off-part on the same terms as the dciodvfy DS length classes."
dicom-validator,1fe0a4144116,Module <SR Document Content> (TAG) (Content Sequence) / (TAG) (Content Sequence) / (TAG) (Content Sequence) / (TAG) (Content Sequence) / (TAG) (Content Sequence) / (TAG) (Content Sequence) / (TAG) (Measured Value Sequence) Tag (TAG) (Numeric Value) has invalid value '-6.89801025390625' for VR DS,ERROR,1,NET,PS3.5 Section 6.2 Value Representation,"PS3.5 Table 6.2-1 DICOM Value Representations, row DS","PS3.5 Table 6.2-1, row ""DS"" Decimal String, Length of Value column: ""16 bytes maximum"".","The same 17 character values dciodvfy reports, found independently by a second codebase through a different route, pydicom's VR validation rather than a dicom3tools length check. Off-part on the same terms as the dciodvfy DS length classes."
dicom-validator,20ae2ac92776,Module <SR Document Content> (TAG) (Content Sequence) / (TAG) (Content Sequence) / (TAG) (Content Sequence) / (TAG) (Content Sequence) / (TAG) (Content Sequence) / (TAG) (Content Sequence) / (TAG) (Measured Value Sequence) Tag (TAG) (Numeric Value) has invalid value '-102.710510253906' for VR DS,ERROR,1,NET,PS3.5 Section 6.2 Value Representation,"PS3.5 Table 6.2-1 DICOM Value Representations, row DS","PS3.5 Table 6.2-1, row ""DS"" Decimal String, Length of Value column: ""16 bytes maximum"".","The same 17 character values dciodvfy reports, found independently by a second codebase through a different route, pydicom's VR validation rather than a dicom3tools length check. Off-part on the same terms as the dciodvfy DS length classes."
dicom-validator,20c437945ae8,Module <SR Document Content> (TAG) (Content Sequence) / (TAG) (Content Sequence) / (TAG) (Content Sequence) / (TAG) (Content Sequence) / (TAG) (Content Sequence) / (TAG) (Content Sequence) / (TAG) (Measured Value Sequence) Tag (TAG) (Numeric Value) has invalid value '-15.4049682617188' for VR DS,ERROR,1,NET,PS3.5 Section 6.2 Value Representation,"PS3.5 Table 6.2-1 DICOM Value Representations, row DS","PS3.5 Table 6.2-1, row ""DS"" Decimal String, Length of Value column: ""16 bytes maximum"".","The same 17 character values dciodvfy reports, found independently by a second codebase through a different route, pydicom's VR validation rather than a dicom3tools length check. Off-part on the same terms as the dciodvfy DS length classes."
dicom-validator,22736fbdbb6f,Module <SR Document Content> (TAG) (Content Sequence) / (TAG) (Content Sequence) / (TAG) (Content Sequence) / (TAG) (Content Sequence) / (TAG) (Content Sequence) / (TAG) (Content Sequence) / (TAG) (Measured Value Sequence) Tag (TAG) (Numeric Value) has invalid value '-12.5631103515625' for VR DS,ERROR,1,NET,PS3.5 Section 6.2 Value Representation,"PS3.5 Table 6.2-1 DICOM Value Representations, row DS","PS3.5 Table 6.2-1, row ""DS"" Decimal String, Length of Value column: ""16 bytes maximum"".","The same 17 character values dciodvfy reports, found independently by a second codebase through a different route, pydicom's VR validation rather than a dicom3tools length check. Off-part on the same terms as the dciodvfy DS length classes."
dicom-validator,2357709393f1,Module <SR Document Content> (TAG) (Content Sequence) / (TAG) (Content Sequence) / (TAG) (Content Sequence) / (TAG) (Content Sequence) / (TAG) (Content Sequence) / (TAG) (Content Sequence) / (TAG) (Measured Value Sequence) Tag (TAG) (Numeric Value) has invalid value '-126.083801269531' for VR DS,ERROR,1,NET,PS3.5 Section 6.2 Value Representation,"PS3.5 Table 6.2-1 DICOM Value Representations, row DS","PS3.5 Table 6.2-1, row ""DS"" Decimal String, Length of Value column: ""16 bytes maximum"".","The same 17 character values dciodvfy reports, found independently by a second codebase through a different route, pydicom's VR validation rather than a dicom3tools length check. Off-part on the same terms as the dciodvfy DS length classes."
dicom-validator,24a573cd9bb4,Module <SR Document Content> (TAG) (Content Sequence) / (TAG) (Content Sequence) / (TAG) (Content Sequence) / (TAG) (Content Sequence) / (TAG) (Content Sequence) / (TAG) (Content Sequence) / (TAG) (Measured Value Sequence) Tag (TAG) (Numeric Value) has invalid value '-34.6868286132812' for VR DS,ERROR,1,NET,PS3.5 Section 6.2 Value Representation,"PS3.5 Table 6.2-1 DICOM Value Representations, row DS","PS3.5 Table 6.2-1, row ""DS"" Decimal String, Length of Value column: ""16 bytes maximum"".","The same 17 character values dciodvfy reports, found independently by a second codebase through a different route, pydicom's VR validation rather than a dicom3tools length check. Off-part on the same terms as the dciodvfy DS length classes."
dicom-validator,24fabdadbf30,Module <SR Document Content> (TAG) (Content Sequence) / (TAG) (Content Sequence) / (TAG) (Content Sequence) / (TAG) (Content Sequence) / (TAG) (Content Sequence) / (TAG) (Content Sequence) / (TAG) (Measured Value Sequence) Tag (TAG) (Numeric Value) has invalid value '-25.9942626953125' for VR DS,ERROR,1,NET,PS3.5 Section 6.2 Value Representation,"PS3.5 Table 6.2-1 DICOM Value Representations, row DS","PS3.5 Table 6.2-1, row ""DS"" Decimal String, Length of Value column: ""16 bytes maximum"".","The same 17 character values dciodvfy reports, found independently by a second codebase through a different route, pydicom's VR validation rather than a dicom3tools length check. Off-part on the same terms as the dciodvfy DS length classes."
dicom-validator,253dcd8305da,Module <SR Document Content> (TAG) (Content Sequence) / (TAG) (Content Sequence) / (TAG) (Content Sequence) / (TAG) (Content Sequence) / (TAG) (Content Sequence) / (TAG) (Content Sequence) / (TAG) (Measured Value Sequence) Tag (TAG) (Numeric Value) has invalid value '-34.4974365234375' for VR DS,ERROR,1,NET,PS3.5 Section 6.2 Value Representation,"PS3.5 Table 6.2-1 DICOM Value Representations, row DS","PS3.5 Table 6.2-1, row ""DS"" Decimal String, Length of Value column: ""16 bytes maximum"".","The same 17 character values dciodvfy reports, found independently by a second codebase through a different route, pydicom's VR validation rather than a dicom3tools length check. Off-part on the same terms as the dciodvfy DS length classes."
dicom-validator,2586623730a6,Module <SR Document Content> (TAG) (Content Sequence) / (TAG) (Content Sequence) / (TAG) (Content Sequence) / (TAG) (Content Sequence) / (TAG) (Content Sequence) / (TAG) (Content Sequence) / (TAG) (Measured Value Sequence) Tag (TAG) (Numeric Value) has invalid value '-51.5743408203125' for VR DS,ERROR,1,NET,PS3.5 Section 6.2 Value Representation,"PS3.5 Table 6.2-1 DICOM Value Representations, row DS","PS3.5 Table 6.2-1, row ""DS"" Decimal String, Length of Value column: ""16 bytes maximum"".","The same 17 character values dciodvfy reports, found independently by a second codebase through a different route, pydicom's VR validation rather than a dicom3tools length check. Off-part on the same terms as the dciodvfy DS length classes."
dicom-validator,25bf6e1dd3bf,Module <SR Document Content> (TAG) (Content Sequence) / (TAG) (Content Sequence) / (TAG) (Content Sequence) / (TAG) (Content Sequence) / (TAG) (Content Sequence) / (TAG) (Content Sequence) / (TAG) (Measured Value Sequence) Tag (TAG) (Numeric Value) has invalid value '-173.108093261719' for VR DS,ERROR,1,NET,PS3.5 Section 6.2 Value Representation,"PS3.5 Table 6.2-1 DICOM Value Representations, row DS","PS3.5 Table 6.2-1, row ""DS"" Decimal String, Length of Value column: ""16 bytes maximum"".","The same 17 character values dciodvfy reports, found independently by a second codebase through a different route, pydicom's VR validation rather than a dicom3tools length check. Off-part on the same terms as the dciodvfy DS length classes."
dicom-validator,2eda5b46716c,Module <SR Document Content> (TAG) (Content Sequence) / (TAG) (Content Sequence) / (TAG) (Content Sequence) / (TAG) (Content Sequence) / (TAG) (Content Sequence) / (TAG) (Content Sequence) / (TAG) (Measured Value Sequence) Tag (TAG) (Numeric Value) has invalid value '-189.324584960938' for VR DS,ERROR,1,NET,PS3.5 Section 6.2 Value Representation,"PS3.5 Table 6.2-1 DICOM Value Representations, row DS","PS3.5 Table 6.2-1, row ""DS"" Decimal String, Length of Value column: ""16 bytes maximum"".","The same 17 character values dciodvfy reports, found independently by a second codebase through a different route, pydicom's VR validation rather than a dicom3tools length check. Off-part on the same terms as the dciodvfy DS length classes."
dicom-validator,2f3ed729fdbd,Module <SR Document Content> (TAG) (Content Sequence) / (TAG) (Content Sequence) / (TAG) (Content Sequence) / (TAG) (Content Sequence) / (TAG) (Content Sequence) / (TAG) (Content Sequence) / (TAG) (Measured Value Sequence) Tag (TAG) (Numeric Value) has invalid value '-106.579956054688' for VR DS,ERROR,1,NET,PS3.5 Section 6.2 Value Representation,"PS3.5 Table 6.2-1 DICOM Value Representations, row DS","PS3.5 Table 6.2-1, row ""DS"" Decimal String, Length of Value column: ""16 bytes maximum"".","The same 17 character values dciodvfy reports, found independently by a second codebase through a different route, pydicom's VR validation rather than a dicom3tools length check. Off-part on the same terms as the dciodvfy DS length classes."
dicom-validator,31493e922bc1,Module <SR Document Content> (TAG) (Content Sequence) / (TAG) (Content Sequence) / (TAG) (Content Sequence) / (TAG) (Content Sequence) / (TAG) (Content Sequence) / (TAG) (Content Sequence) / (TAG) (Measured Value Sequence) Tag (TAG) (Numeric Value) has invalid value '-31.0836791992188' for VR DS,ERROR,1,NET,PS3.5 Section 6.2 Value Representation,"PS3.5 Table 6.2-1 DICOM Value Representations, row DS","PS3.5 Table 6.2-1, row ""DS"" Decimal String, Length of Value column: ""16 bytes maximum"".","The same 17 character values dciodvfy reports, found independently by a second codebase through a different route, pydicom's VR validation rather than a dicom3tools length check. Off-part on the same terms as the dciodvfy DS length classes."
dicom-validator,3661d0c3637f,Module <SR Document Content> (TAG) (Content Sequence) / (TAG) (Content Sequence) / (TAG) (Content Sequence) / (TAG) (Content Sequence) / (TAG) (Content Sequence) / (TAG) (Content Sequence) / (TAG) (Measured Value Sequence) Tag (TAG) (Numeric Value) has invalid value '-15.3978881835938' for VR DS,ERROR,1,NET,PS3.5 Section 6.2 Value Representation,"PS3.5 Table 6.2-1 DICOM Value Representations, row DS","PS3.5 Table 6.2-1, row ""DS"" Decimal String, Length of Value column: ""16 bytes maximum"".","The same 17 character values dciodvfy reports, found independently by a second codebase through a different route, pydicom's VR validation rather than a dicom3tools length check. Off-part on the same terms as the dciodvfy DS length classes."
dicom-validator,3847a84dd131,Module <SR Document Content> (TAG) (Content Sequence) / (TAG) (Content Sequence) / (TAG) (Content Sequence) / (TAG) (Content Sequence) / (TAG) (Content Sequence) / (TAG) (Content Sequence) / (TAG) (Measured Value Sequence) Tag (TAG) (Numeric Value) has invalid value '-11.6536254882812' for VR DS,ERROR,1,NET,PS3.5 Section 6.2 Value Representation,"PS3.5 Table 6.2-1 DICOM Value Representations, row DS","PS3.5 Table 6.2-1, row ""DS"" Decimal String, Length of Value column: ""16 bytes maximum"".","The same 17 character values dciodvfy reports, found independently by a second codebase through a different route, pydicom's VR validation rather than a dicom3tools length check. Off-part on the same terms as the dciodvfy DS length classes."
dicom-validator,3937ea4583c1,Module <SR Document Content> (TAG) (Content Sequence) / (TAG) (Content Sequence) / (TAG) (Content Sequence) / (TAG) (Content Sequence) / (TAG) (Content Sequence) / (TAG) (Content Sequence) / (TAG) (Measured Value Sequence) Tag (TAG) (Numeric Value) has invalid value '-170.715698242188' for VR DS,ERROR,1,NET,PS3.5 Section 6.2 Value Representation,"PS3.5 Table 6.2-1 DICOM Value Representations, row DS","PS3.5 Table 6.2-1, row ""DS"" Decimal String, Length of Value column: ""16 bytes maximum"".","The same 17 character values dciodvfy reports, found independently by a second codebase through a different route, pydicom's VR validation rather than a dicom3tools length check. Off-part on the same terms as the dciodvfy DS length classes."
dicom-validator,3aad6ff57a6f,Module <SR Document Content> (TAG) (Content Sequence) / (TAG) (Content Sequence) / (TAG) (Content Sequence) / (TAG) (Content Sequence) / (TAG) (Content Sequence) / (TAG) (Content Sequence) / (TAG) (Measured Value Sequence) Tag (TAG) (Numeric Value) has invalid value '-103.768493652344' for VR DS,ERROR,1,NET,PS3.5 Section 6.2 Value Representation,"PS3.5 Table 6.2-1 DICOM Value Representations, row DS","PS3.5 Table 6.2-1, row ""DS"" Decimal String, Length of Value column: ""16 bytes maximum"".","The same 17 character values dciodvfy reports, found independently by a second codebase through a different route, pydicom's VR validation rather than a dicom3tools length check. Off-part on the same terms as the dciodvfy DS length classes."
dicom-validator,3c5083ab2f16,Module <SR Document Content> (TAG) (Content Sequence) / (TAG) (Content Sequence) / (TAG) (Content Sequence) / (TAG) (Content Sequence) / (TAG) (Content Sequence) / (TAG) (Content Sequence) / (TAG) (Measured Value Sequence) Tag (TAG) (Numeric Value) has invalid value '-21.4265747070312' for VR DS,ERROR,1,NET,PS3.5 Section 6.2 Value Representation,"PS3.5 Table 6.2-1 DICOM Value Representations, row DS","PS3.5 Table 6.2-1, row ""DS"" Decimal String, Length of Value column: ""16 bytes maximum"".","The same 17 character values dciodvfy reports, found independently by a second codebase through a different route, pydicom's VR validation rather than a dicom3tools length check. Off-part on the same terms as the dciodvfy DS length classes."
dicom-validator,3c84b5c65515,Module <SR Document Content> (TAG) (Content Sequence) / (TAG) (Content Sequence) / (TAG) (Content Sequence) / (TAG) (Content Sequence) / (TAG) (Content Sequence) / (TAG) (Content Sequence) / (TAG) (Measured Value Sequence) Tag (TAG) (Numeric Value) has invalid value '-189.791320800781' for VR DS,ERROR,1,NET,PS3.5 Section 6.2 Value Representation,"PS3.5 Table 6.2-1 DICOM Value Representations, row DS","PS3.5 Table 6.2-1, row ""DS"" Decimal String, Length of Value column: ""16 bytes maximum"".","The same 17 character values dciodvfy reports, found independently by a second codebase through a different route, pydicom's VR validation rather than a dicom3tools length check. Off-part on the same terms as the dciodvfy DS length classes."
dicom-validator,3e049771da43,Module <SR Document Content> (TAG) (Content Sequence) / (TAG) (Content Sequence) / (TAG) (Content Sequence) / (TAG) (Content Sequence) / (TAG) (Content Sequence) / (TAG) (Content Sequence) / (TAG) (Measured Value Sequence) Tag (TAG) (Numeric Value) has invalid value '-232.129272460938' for VR DS,ERROR,1,NET,PS3.5 Section 6.2 Value Representation,"PS3.5 Table 6.2-1 DICOM Value Representations, row DS","PS3.5 Table 6.2-1, row ""DS"" Decimal String, Length of Value column: ""16 bytes maximum"".","The same 17 character values dciodvfy reports, found independently by a second codebase through a different route, pydicom's VR validation rather than a dicom3tools length check. Off-part on the same terms as the dciodvfy DS length classes."
dicom-validator,3f35cb4bdf27,Module <SR Document Content> (TAG) (Content Sequence) / (TAG) (Content Sequence) / (TAG) (Content Sequence) / (TAG) (Content Sequence) / (TAG) (Content Sequence) / (TAG) (Content Sequence) / (TAG) (Measured Value Sequence) Tag (TAG) (Numeric Value) has invalid value '-94.4628295898438' for VR DS,ERROR,1,NET,PS3.5 Section 6.2 Value Representation,"PS3.5 Table 6.2-1 DICOM Value Representations, row DS","PS3.5 Table 6.2-1, row ""DS"" Decimal String, Length of Value column: ""16 bytes maximum"".","The same 17 character values dciodvfy reports, found independently by a second codebase through a different route, pydicom's VR validation rather than a dicom3tools length check. Off-part on the same terms as the dciodvfy DS length classes."
dicom-validator,3f5bc2b6615c,Module <SR Document Content> (TAG) (Content Sequence) / (TAG) (Content Sequence) / (TAG) (Content Sequence) / (TAG) (Content Sequence) / (TAG) (Content Sequence) / (TAG) (Content Sequence) / (TAG) (Measured Value Sequence) Tag (TAG) (Numeric Value) has invalid value '-113.263732910156' for VR DS,ERROR,1,NET,PS3.5 Section 6.2 Value Representation,"PS3.5 Table 6.2-1 DICOM Value Representations, row DS","PS3.5 Table 6.2-1, row ""DS"" Decimal String, Length of Value column: ""16 bytes maximum"".","The same 17 character values dciodvfy reports, found independently by a second codebase through a different route, pydicom's VR validation rather than a dicom3tools length check. Off-part on the same terms as the dciodvfy DS length classes."
dicom-validator,40499bb2cec9,Module <SR Document Content> (TAG) (Content Sequence) / (TAG) (Content Sequence) / (TAG) (Content Sequence) / (TAG) (Content Sequence) / (TAG) (Content Sequence) / (TAG) (Content Sequence) / (TAG) (Measured Value Sequence) Tag (TAG) (Numeric Value) has invalid value '-72.8668212890625' for VR DS,ERROR,1,NET,PS3.5 Section 6.2 Value Representation,"PS3.5 Table 6.2-1 DICOM Value Representations, row DS","PS3.5 Table 6.2-1, row ""DS"" Decimal String, Length of Value column: ""16 bytes maximum"".","The same 17 character values dciodvfy reports, found independently by a second codebase through a different route, pydicom's VR validation rather than a dicom3tools length check. Off-part on the same terms as the dciodvfy DS length classes."
dicom-validator,41b22450e3bd,Module <SR Document Content> (TAG) (Content Sequence) / (TAG) (Content Sequence) / (TAG) (Content Sequence) / (TAG) (Content Sequence) / (TAG) (Content Sequence) / (TAG) (Content Sequence) / (TAG) (Measured Value Sequence) Tag (TAG) (Numeric Value) has invalid value '-223.020812988281' for VR DS,ERROR,1,NET,PS3.5 Section 6.2 Value Representation,"PS3.5 Table 6.2-1 DICOM Value Representations, row DS","PS3.5 Table 6.2-1, row ""DS"" Decimal String, Length of Value column: ""16 bytes maximum"".","The same 17 character values dciodvfy reports, found independently by a second codebase through a different route, pydicom's VR validation rather than a dicom3tools length check. Off-part on the same terms as the dciodvfy DS length classes."
dicom-validator,445142626220,Module <SR Document Content> (TAG) (Content Sequence) / (TAG) (Content Sequence) / (TAG) (Content Sequence) / (TAG) (Content Sequence) / (TAG) (Content Sequence) / (TAG) (Content Sequence) / (TAG) (Measured Value Sequence) Tag (TAG) (Numeric Value) has invalid value '-36.8587646484375' for VR DS,ERROR,1,NET,PS3.5 Section 6.2 Value Representation,"PS3.5 Table 6.2-1 DICOM Value Representations, row DS","PS3.5 Table 6.2-1, row ""DS"" Decimal String, Length of Value column: ""16 bytes maximum"".","The same 17 character values dciodvfy reports, found independently by a second codebase through a different route, pydicom's VR validation rather than a dicom3tools length check. Off-part on the same terms as the dciodvfy DS length classes."
dicom-validator,46816ad9d4ff,Module <SR Document Content> (TAG) (Content Sequence) / (TAG) (Content Sequence) / (TAG) (Content Sequence) / (TAG) (Content Sequence) / (TAG) (Content Sequence) / (TAG) (Content Sequence) / (TAG) (Measured Value Sequence) Tag (TAG) (Numeric Value) has invalid value '-89.0829467773438' for VR DS,ERROR,1,NET,PS3.5 Section 6.2 Value Representation,"PS3.5 Table 6.2-1 DICOM Value Representations, row DS","PS3.5 Table 6.2-1, row ""DS"" Decimal String, Length of Value column: ""16 bytes maximum"".","The same 17 character values dciodvfy reports, found independently by a second codebase through a different route, pydicom's VR validation rather than a dicom3tools length check. Off-part on the same terms as the dciodvfy DS length classes."
dicom-validator,472bc7e8d767,Module <SR Document Content> (TAG) (Content Sequence) / (TAG) (Content Sequence) / (TAG) (Content Sequence) / (TAG) (Content Sequence) / (TAG) (Content Sequence) / (TAG) (Content Sequence) / (TAG) (Measured Value Sequence) Tag (TAG) (Numeric Value) has invalid value '-126.854736328125' for VR DS,ERROR,1,NET,PS3.5 Section 6.2 Value Representation,"PS3.5 Table 6.2-1 DICOM Value Representations, row DS","PS3.5 Table 6.2-1, row ""DS"" Decimal String, Length of Value column: ""16 bytes maximum"".","The same 17 character values dciodvfy reports, found independently by a second codebase through a different route, pydicom's VR validation rather than a dicom3tools length check. Off-part on the same terms as the dciodvfy DS length classes."
dicom-validator,478a865342c6,Module <SR Document Content> (TAG) (Content Sequence) / (TAG) (Content Sequence) / (TAG) (Content Sequence) / (TAG) (Content Sequence) / (TAG) (Content Sequence) / (TAG) (Content Sequence) / (TAG) (Measured Value Sequence) Tag (TAG) (Numeric Value) has invalid value '-85.1923217773438' for VR DS,ERROR,1,NET,PS3.5 Section 6.2 Value Representation,"PS3.5 Table 6.2-1 DICOM Value Representations, row DS","PS3.5 Table 6.2-1, row ""DS"" Decimal String, Length of Value column: ""16 bytes maximum"".","The same 17 character values dciodvfy reports, found independently by a second codebase through a different route, pydicom's VR validation rather than a dicom3tools length check. Off-part on the same terms as the dciodvfy DS length classes."
dicom-validator,4a2c5ab54baf,Module <SR Document Content> (TAG) (Content Sequence) / (TAG) (Content Sequence) / (TAG) (Content Sequence) / (TAG) (Content Sequence) / (TAG) (Content Sequence) / (TAG) (Content Sequence) / (TAG) (Measured Value Sequence) Tag (TAG) (Numeric Value) has invalid value '-302.303588867188' for VR DS,ERROR,1,NET,PS3.5 Section 6.2 Value Representation,"PS3.5 Table 6.2-1 DICOM Value Representations, row DS","PS3.5 Table 6.2-1, row ""DS"" Decimal String, Length of Value column: ""16 bytes maximum"".","The same 17 character values dciodvfy reports, found independently by a second codebase through a different route, pydicom's VR validation rather than a dicom3tools length check. Off-part on the same terms as the dciodvfy DS length classes."
dicom-validator,4b1797bda692,Module <SR Document Content> (TAG) (Content Sequence) / (TAG) (Content Sequence) / (TAG) (Content Sequence) / (TAG) (Content Sequence) / (TAG) (Content Sequence) / (TAG) (Content Sequence) / (TAG) (Measured Value Sequence) Tag (TAG) (Numeric Value) has invalid value '-235.126586914062' for VR DS,ERROR,1,NET,PS3.5 Section 6.2 Value Representation,"PS3.5 Table 6.2-1 DICOM Value Representations, row DS","PS3.5 Table 6.2-1, row ""DS"" Decimal String, Length of Value column: ""16 bytes maximum"".","The same 17 character values dciodvfy reports, found independently by a second codebase through a different route, pydicom's VR validation rather than a dicom3tools length check. Off-part on the same terms as the dciodvfy DS length classes."
dicom-validator,4d01fee550cb,Module <SR Document Content> (TAG) (Content Sequence) / (TAG) (Content Sequence) / (TAG) (Content Sequence) / (TAG) (Content Sequence) / (TAG) (Content Sequence) / (TAG) (Content Sequence) / (TAG) (Measured Value Sequence) Tag (TAG) (Numeric Value) has invalid value '-13.9098510742188' for VR DS,ERROR,1,NET,PS3.5 Section 6.2 Value Representation,"PS3.5 Table 6.2-1 DICOM Value Representations, row DS","PS3.5 Table 6.2-1, row ""DS"" Decimal String, Length of Value column: ""16 bytes maximum"".","The same 17 character values dciodvfy reports, found independently by a second codebase through a different route, pydicom's VR validation rather than a dicom3tools length check. Off-part on the same terms as the dciodvfy DS length classes."
dicom-validator,4e0e4ad41913,Module <SR Document Content> (TAG) (Content Sequence) / (TAG) (Content Sequence) / (TAG) (Content Sequence) / (TAG) (Content Sequence) / (TAG) (Content Sequence) / (TAG) (Content Sequence) / (TAG) (Measured Value Sequence) Tag (TAG) (Numeric Value) has invalid value '-221.371215820312' for VR DS,ERROR,1,NET,PS3.5 Section 6.2 Value Representation,"PS3.5 Table 6.2-1 DICOM Value Representations, row DS","PS3.5 Table 6.2-1, row ""DS"" Decimal String, Length of Value column: ""16 bytes maximum"".","The same 17 character values dciodvfy reports, found independently by a second codebase through a different route, pydicom's VR validation rather than a dicom3tools length check. Off-part on the same terms as the dciodvfy DS length classes."
dicom-validator,4f3b17b1559c,Module <SR Document Content> (TAG) (Content Sequence) / (TAG) (Content Sequence) / (TAG) (Content Sequence) / (TAG) (Content Sequence) / (TAG) (Content Sequence) / (TAG) (Content Sequence) / (TAG) (Measured Value Sequence) Tag (TAG) (Numeric Value) has invalid value '-156.109985351562' for VR DS,ERROR,1,NET,PS3.5 Section 6.2 Value Representation,"PS3.5 Table 6.2-1 DICOM Value Representations, row DS","PS3.5 Table 6.2-1, row ""DS"" Decimal String, Length of Value column: ""16 bytes maximum"".","The same 17 character values dciodvfy reports, found independently by a second codebase through a different route, pydicom's VR validation rather than a dicom3tools length check. Off-part on the same terms as the dciodvfy DS length classes."
dicom-validator,527044d568e5,Module <SR Document Content> (TAG) (Content Sequence) / (TAG) (Content Sequence) / (TAG) (Content Sequence) / (TAG) (Content Sequence) / (TAG) (Content Sequence) / (TAG) (Content Sequence) / (TAG) (Measured Value Sequence) Tag (TAG) (Numeric Value) has invalid value '-34.2367553710938' for VR DS,ERROR,1,NET,PS3.5 Section 6.2 Value Representation,"PS3.5 Table 6.2-1 DICOM Value Representations, row DS","PS3.5 Table 6.2-1, row ""DS"" Decimal String, Length of Value column: ""16 bytes maximum"".","The same 17 character values dciodvfy reports, found independently by a second codebase through a different route, pydicom's VR validation rather than a dicom3tools length check. Off-part on the same terms as the dciodvfy DS length classes."
dicom-validator,54e8f2b9e611,Module <SR Document Content> (TAG) (Content Sequence) / (TAG) (Content Sequence) / (TAG) (Content Sequence) / (TAG) (Content Sequence) / (TAG) (Content Sequence) / (TAG) (Content Sequence) / (TAG) (Measured Value Sequence) Tag (TAG) (Numeric Value) has invalid value '-127.041259765625' for VR DS,ERROR,1,NET,PS3.5 Section 6.2 Value Representation,"PS3.5 Table 6.2-1 DICOM Value Representations, row DS","PS3.5 Table 6.2-1, row ""DS"" Decimal String, Length of Value column: ""16 bytes maximum"".","The same 17 character values dciodvfy reports, found independently by a second codebase through a different route, pydicom's VR validation rather than a dicom3tools length check. Off-part on the same terms as the dciodvfy DS length classes."
dicom-validator,5555303b6eaf,Module <SR Document Content> (TAG) (Content Sequence) / (TAG) (Content Sequence) / (TAG) (Content Sequence) / (TAG) (Content Sequence) / (TAG) (Content Sequence) / (TAG) (Content Sequence) / (TAG) (Measured Value Sequence) Tag (TAG) (Numeric Value) has invalid value '-113.183288574219' for VR DS,ERROR,1,NET,PS3.5 Section 6.2 Value Representation,"PS3.5 Table 6.2-1 DICOM Value Representations, row DS","PS3.5 Table 6.2-1, row ""DS"" Decimal String, Length of Value column: ""16 bytes maximum"".","The same 17 character values dciodvfy reports, found independently by a second codebase through a different route, pydicom's VR validation rather than a dicom3tools length check. Off-part on the same terms as the dciodvfy DS length classes."
dicom-validator,5b2f27bd9f9f,Module <SR Document Content> (TAG) (Content Sequence) / (TAG) (Content Sequence) / (TAG) (Content Sequence) / (TAG) (Content Sequence) / (TAG) (Content Sequence) / (TAG) (Content Sequence) / (TAG) (Measured Value Sequence) Tag (TAG) (Numeric Value) has invalid value '-33.5358276367188' for VR DS,ERROR,1,NET,PS3.5 Section 6.2 Value Representation,"PS3.5 Table 6.2-1 DICOM Value Representations, row DS","PS3.5 Table 6.2-1, row ""DS"" Decimal String, Length of Value column: ""16 bytes maximum"".","The same 17 character values dciodvfy reports, found independently by a second codebase through a different route, pydicom's VR validation rather than a dicom3tools length check. Off-part on the same terms as the dciodvfy DS length classes."
dicom-validator,5d54b9e17760,Module <SR Document Content> (TAG) (Content Sequence) / (TAG) (Content Sequence) / (TAG) (Content Sequence) / (TAG) (Content Sequence) / (TAG) (Content Sequence) / (TAG) (Content Sequence) / (TAG) (Measured Value Sequence) Tag (TAG) (Numeric Value) has invalid value '-90.1375732421875' for VR DS,ERROR,1,NET,PS3.5 Section 6.2 Value Representation,"PS3.5 Table 6.2-1 DICOM Value Representations, row DS","PS3.5 Table 6.2-1, row ""DS"" Decimal String, Length of Value column: ""16 bytes maximum"".","The same 17 character values dciodvfy reports, found independently by a second codebase through a different route, pydicom's VR validation rather than a dicom3tools length check. Off-part on the same terms as the dciodvfy DS length classes."
dicom-validator,5d739db17dd3,Module <SR Document Content> (TAG) (Content Sequence) / (TAG) (Content Sequence) / (TAG) (Content Sequence) / (TAG) (Content Sequence) / (TAG) (Content Sequence) / (TAG) (Content Sequence) / (TAG) (Measured Value Sequence) Tag (TAG) (Numeric Value) has invalid value '-12.1610107421875' for VR DS,ERROR,1,NET,PS3.5 Section 6.2 Value Representation,"PS3.5 Table 6.2-1 DICOM Value Representations, row DS","PS3.5 Table 6.2-1, row ""DS"" Decimal String, Length of Value column: ""16 bytes maximum"".","The same 17 character values dciodvfy reports, found independently by a second codebase through a different route, pydicom's VR validation rather than a dicom3tools length check. Off-part on the same terms as the dciodvfy DS length classes."
dicom-validator,5e7c224aaff9,Module <SR Document Content> (TAG) (Content Sequence) / (TAG) (Content Sequence) / (TAG) (Content Sequence) / (TAG) (Content Sequence) / (TAG) (Content Sequence) / (TAG) (Content Sequence) / (TAG) (Measured Value Sequence) Tag (TAG) (Numeric Value) has invalid value '-188.767211914062' for VR DS,ERROR,1,NET,PS3.5 Section 6.2 Value Representation,"PS3.5 Table 6.2-1 DICOM Value Representations, row DS","PS3.5 Table 6.2-1, row ""DS"" Decimal String, Length of Value column: ""16 bytes maximum"".","The same 17 character values dciodvfy reports, found independently by a second codebase through a different route, pydicom's VR validation rather than a dicom3tools length check. Off-part on the same terms as the dciodvfy DS length classes."
dicom-validator,5f9eac600186,Module <SR Document Content> (TAG) (Content Sequence) / (TAG) (Content Sequence) / (TAG) (Content Sequence) / (TAG) (Content Sequence) / (TAG) (Content Sequence) / (TAG) (Content Sequence) / (TAG) (Measured Value Sequence) Tag (TAG) (Numeric Value) has invalid value '-12.3153686523438' for VR DS,ERROR,1,NET,PS3.5 Section 6.2 Value Representation,"PS3.5 Table 6.2-1 DICOM Value Representations, row DS","PS3.5 Table 6.2-1, row ""DS"" Decimal String, Length of Value column: ""16 bytes maximum"".","The same 17 character values dciodvfy reports, found independently by a second codebase through a different route, pydicom's VR validation rather than a dicom3tools length check. Off-part on the same terms as the dciodvfy DS length classes."
dicom-validator,5fa953b9892e,Module <SR Document Content> (TAG) (Content Sequence) / (TAG) (Content Sequence) / (TAG) (Content Sequence) / (TAG) (Content Sequence) / (TAG) (Content Sequence) / (TAG) (Content Sequence) / (TAG) (Measured Value Sequence) Tag (TAG) (Numeric Value) has invalid value '-120.336486816406' for VR DS,ERROR,1,NET,PS3.5 Section 6.2 Value Representation,"PS3.5 Table 6.2-1 DICOM Value Representations, row DS","PS3.5 Table 6.2-1, row ""DS"" Decimal String, Length of Value column: ""16 bytes maximum"".","The same 17 character values dciodvfy reports, found independently by a second codebase through a different route, pydicom's VR validation rather than a dicom3tools length check. Off-part on the same terms as the dciodvfy DS length classes."
dicom-validator,6070c1b988cd,Module <SR Document Content> (TAG) (Content Sequence) / (TAG) (Content Sequence) / (TAG) (Content Sequence) / (TAG) (Content Sequence) / (TAG) (Content Sequence) / (TAG) (Content Sequence) / (TAG) (Measured Value Sequence) Tag (TAG) (Numeric Value) has invalid value '-12.9166259765625' for VR DS,ERROR,1,NET,PS3.5 Section 6.2 Value Representation,"PS3.5 Table 6.2-1 DICOM Value Representations, row DS","PS3.5 Table 6.2-1, row ""DS"" Decimal String, Length of Value column: ""16 bytes maximum"".","The same 17 character values dciodvfy reports, found independently by a second codebase through a different route, pydicom's VR validation rather than a dicom3tools length check. Off-part on the same terms as the dciodvfy DS length classes."
dicom-validator,61ad1c94af7e,Module <SR Document Content> (TAG) (Content Sequence) / (TAG) (Content Sequence) / (TAG) (Content Sequence) / (TAG) (Content Sequence) / (TAG) (Content Sequence) / (TAG) (Content Sequence) / (TAG) (Measured Value Sequence) Tag (TAG) (Numeric Value) has invalid value '-89.4923706054688' for VR DS,ERROR,1,NET,PS3.5 Section 6.2 Value Representation,"PS3.5 Table 6.2-1 DICOM Value Representations, row DS","PS3.5 Table 6.2-1, row ""DS"" Decimal String, Length of Value column: ""16 bytes maximum"".","The same 17 character values dciodvfy reports, found independently by a second codebase through a different route, pydicom's VR validation rather than a dicom3tools length check. Off-part on the same terms as the dciodvfy DS length classes."
dicom-validator,62795e717ccd,Module <SR Document Content> (TAG) (Content Sequence) / (TAG) (Content Sequence) / (TAG) (Content Sequence) / (TAG) (Content Sequence) / (TAG) (Content Sequence) / (TAG) (Content Sequence) / (TAG) (Measured Value Sequence) Tag (TAG) (Numeric Value) has invalid value '-149.932067871094' for VR DS,ERROR,1,NET,PS3.5 Section 6.2 Value Representation,"PS3.5 Table 6.2-1 DICOM Value Representations, row DS","PS3.5 Table 6.2-1, row ""DS"" Decimal String, Length of Value column: ""16 bytes maximum"".","The same 17 character values dciodvfy reports, found independently by a second codebase through a different route, pydicom's VR validation rather than a dicom3tools length check. Off-part on the same terms as the dciodvfy DS length classes."
dicom-validator,64bcd0a1d3f1,Module <SR Document Content> (TAG) (Content Sequence) / (TAG) (Content Sequence) / (TAG) (Content Sequence) / (TAG) (Content Sequence) / (TAG) (Content Sequence) / (TAG) (Content Sequence) / (TAG) (Measured Value Sequence) Tag (TAG) (Numeric Value) has invalid value '-40.8231201171875' for VR DS,ERROR,1,NET,PS3.5 Section 6.2 Value Representation,"PS3.5 Table 6.2-1 DICOM Value Representations, row DS","PS3.5 Table 6.2-1, row ""DS"" Decimal String, Length of Value column: ""16 bytes maximum"".","The same 17 character values dciodvfy reports, found independently by a second codebase through a different route, pydicom's VR validation rather than a dicom3tools length check. Off-part on the same terms as the dciodvfy DS length classes."
dicom-validator,65a9e3cc8b5f,Module <SR Document Content> (TAG) (Content Sequence) / (TAG) (Content Sequence) / (TAG) (Content Sequence) / (TAG) (Content Sequence) / (TAG) (Content Sequence) / (TAG) (Content Sequence) / (TAG) (Measured Value Sequence) Tag (TAG) (Numeric Value) has invalid value '-48.4594116210938' for VR DS,ERROR,1,NET,PS3.5 Section 6.2 Value Representation,"PS3.5 Table 6.2-1 DICOM Value Representations, row DS","PS3.5 Table 6.2-1, row ""DS"" Decimal String, Length of Value column: ""16 bytes maximum"".","The same 17 character values dciodvfy reports, found independently by a second codebase through a different route, pydicom's VR validation rather than a dicom3tools length check. Off-part on the same terms as the dciodvfy DS length classes."
dicom-validator,68fb77cbb2ef,Module <SR Document Content> (TAG) (Content Sequence) / (TAG) (Content Sequence) / (TAG) (Content Sequence) / (TAG) (Content Sequence) / (TAG) (Content Sequence) / (TAG) (Content Sequence) / (TAG) (Measured Value Sequence) Tag (TAG) (Numeric Value) has invalid value '-1.45819091796875' for VR DS,ERROR,1,NET,PS3.5 Section 6.2 Value Representation,"PS3.5 Table 6.2-1 DICOM Value Representations, row DS","PS3.5 Table 6.2-1, row ""DS"" Decimal String, Length of Value column: ""16 bytes maximum"".","The same 17 character values dciodvfy reports, found independently by a second codebase through a different route, pydicom's VR validation rather than a dicom3tools length check. Off-part on the same terms as the dciodvfy DS length classes."
dicom-validator,6a48bccd49e4,Module <SR Document Content> (TAG) (Content Sequence) / (TAG) (Content Sequence) / (TAG) (Content Sequence) / (TAG) (Content Sequence) / (TAG) (Content Sequence) / (TAG) (Content Sequence) / (TAG) (Measured Value Sequence) Tag (TAG) (Numeric Value) has invalid value '-14.5711669921875' for VR DS,ERROR,1,NET,PS3.5 Section 6.2 Value Representation,"PS3.5 Table 6.2-1 DICOM Value Representations, row DS","PS3.5 Table 6.2-1, row ""DS"" Decimal String, Length of Value column: ""16 bytes maximum"".","The same 17 character values dciodvfy reports, found independently by a second codebase through a different route, pydicom's VR validation rather than a dicom3tools length check. Off-part on the same terms as the dciodvfy DS length classes."
dicom-validator,6b1ce051cd3e,Module <SR Document Content> (TAG) (Content Sequence) / (TAG) (Content Sequence) / (TAG) (Content Sequence) / (TAG) (Content Sequence) / (TAG) (Content Sequence) / (TAG) (Content Sequence) / (TAG) (Measured Value Sequence) Tag (TAG) (Numeric Value) has invalid value '-92.9957275390625' for VR DS,ERROR,1,NET,PS3.5 Section 6.2 Value Representation,"PS3.5 Table 6.2-1 DICOM Value Representations, row DS","PS3.5 Table 6.2-1, row ""DS"" Decimal String, Length of Value column: ""16 bytes maximum"".","The same 17 character values dciodvfy reports, found independently by a second codebase through a different route, pydicom's VR validation rather than a dicom3tools length check. Off-part on the same terms as the dciodvfy DS length classes."
dicom-validator,6b4032a1b6b2,Module <SR Document Content> (TAG) (Content Sequence) / (TAG) (Content Sequence) / (TAG) (Content Sequence) / (TAG) (Content Sequence) / (TAG) (Content Sequence) / (TAG) (Content Sequence) / (TAG) (Measured Value Sequence) Tag (TAG) (Numeric Value) has invalid value '-179.290344238281' for VR DS,ERROR,1,NET,PS3.5 Section 6.2 Value Representation,"PS3.5 Table 6.2-1 DICOM Value Representations, row DS","PS3.5 Table 6.2-1, row ""DS"" Decimal String, Length of Value column: ""16 bytes maximum"".","The same 17 character values dciodvfy reports, found independently by a second codebase through a different route, pydicom's VR validation rather than a dicom3tools length check. Off-part on the same terms as the dciodvfy DS length classes."
dicom-validator,6eddb5337d46,Module <SR Document Content> (TAG) (Content Sequence) / (TAG) (Content Sequence) / (TAG) (Content Sequence) / (TAG) (Content Sequence) / (TAG) (Content Sequence) / (TAG) (Content Sequence) / (TAG) (Measured Value Sequence) Tag (TAG) (Numeric Value) has invalid value '-81.6846313476562' for VR DS,ERROR,1,NET,PS3.5 Section 6.2 Value Representation,"PS3.5 Table 6.2-1 DICOM Value Representations, row DS","PS3.5 Table 6.2-1, row ""DS"" Decimal String, Length of Value column: ""16 bytes maximum"".","The same 17 character values dciodvfy reports, found independently by a second codebase through a different route, pydicom's VR validation rather than a dicom3tools length check. Off-part on the same terms as the dciodvfy DS length classes."
dicom-validator,6f9b4b276cd1,Module <SR Document Content> (TAG) (Content Sequence) / (TAG) (Content Sequence) / (TAG) (Content Sequence) / (TAG) (Content Sequence) / (TAG) (Content Sequence) / (TAG) (Content Sequence) / (TAG) (Measured Value Sequence) Tag (TAG) (Numeric Value) has invalid value '-88.1036376953125' for VR DS,ERROR,1,NET,PS3.5 Section 6.2 Value Representation,"PS3.5 Table 6.2-1 DICOM Value Representations, row DS","PS3.5 Table 6.2-1, row ""DS"" Decimal String, Length of Value column: ""16 bytes maximum"".","The same 17 character values dciodvfy reports, found independently by a second codebase through a different route, pydicom's VR validation rather than a dicom3tools length check. Off-part on the same terms as the dciodvfy DS length classes."
dicom-validator,70358911b032,Module <SR Document Content> (TAG) (Content Sequence) / (TAG) (Content Sequence) / (TAG) (Content Sequence) / (TAG) (Content Sequence) / (TAG) (Content Sequence) / (TAG) (Content Sequence) / (TAG) (Measured Value Sequence) Tag (TAG) (Numeric Value) has invalid value '-18.4627075195312' for VR DS,ERROR,1,NET,PS3.5 Section 6.2 Value Representation,"PS3.5 Table 6.2-1 DICOM Value Representations, row DS","PS3.5 Table 6.2-1, row ""DS"" Decimal String, Length of Value column: ""16 bytes maximum"".","The same 17 character values dciodvfy reports, found independently by a second codebase through a different route, pydicom's VR validation rather than a dicom3tools length check. Off-part on the same terms as the dciodvfy DS length classes."
dicom-validator,714c68f71231,Module <SR Document Content> (TAG) (Content Sequence) / (TAG) (Content Sequence) / (TAG) (Content Sequence) / (TAG) (Content Sequence) / (TAG) (Content Sequence) / (TAG) (Content Sequence) / (TAG) (Measured Value Sequence) Tag (TAG) (Numeric Value) has invalid value '-127.340209960938' for VR DS,ERROR,1,NET,PS3.5 Section 6.2 Value Representation,"PS3.5 Table 6.2-1 DICOM Value Representations, row DS","PS3.5 Table 6.2-1, row ""DS"" Decimal String, Length of Value column: ""16 bytes maximum"".","The same 17 character values dciodvfy reports, found independently by a second codebase through a different route, pydicom's VR validation rather than a dicom3tools length check. Off-part on the same terms as the dciodvfy DS length classes."
dicom-validator,715fec2fb4d6,Module <SR Document Content> (TAG) (Content Sequence) / (TAG) (Content Sequence) / (TAG) (Content Sequence) / (TAG) (Content Sequence) / (TAG) (Content Sequence) / (TAG) (Content Sequence) / (TAG) (Measured Value Sequence) Tag (TAG) (Numeric Value) has invalid value '-89.3353881835938' for VR DS,ERROR,1,NET,PS3.5 Section 6.2 Value Representation,"PS3.5 Table 6.2-1 DICOM Value Representations, row DS","PS3.5 Table 6.2-1, row ""DS"" Decimal String, Length of Value column: ""16 bytes maximum"".","The same 17 character values dciodvfy reports, found independently by a second codebase through a different route, pydicom's VR validation rather than a dicom3tools length check. Off-part on the same terms as the dciodvfy DS length classes."
dicom-validator,71a5b18bc62b,Module <SR Document Content> (TAG) (Content Sequence) / (TAG) (Content Sequence) / (TAG) (Content Sequence) / (TAG) (Content Sequence) / (TAG) (Content Sequence) / (TAG) (Content Sequence) / (TAG) (Measured Value Sequence) Tag (TAG) (Numeric Value) has invalid value '-88.6280517578125' for VR DS,ERROR,1,NET,PS3.5 Section 6.2 Value Representation,"PS3.5 Table 6.2-1 DICOM Value Representations, row DS","PS3.5 Table 6.2-1, row ""DS"" Decimal String, Length of Value column: ""16 bytes maximum"".","The same 17 character values dciodvfy reports, found independently by a second codebase through a different route, pydicom's VR validation rather than a dicom3tools length check. Off-part on the same terms as the dciodvfy DS length classes."
dicom-validator,749c6db71f34,Module <SR Document Content> (TAG) (Content Sequence) / (TAG) (Content Sequence) / (TAG) (Content Sequence) / (TAG) (Content Sequence) / (TAG) (Content Sequence) / (TAG) (Content Sequence) / (TAG) (Measured Value Sequence) Tag (TAG) (Numeric Value) has invalid value '-11.0272216796875' for VR DS,ERROR,1,NET,PS3.5 Section 6.2 Value Representation,"PS3.5 Table 6.2-1 DICOM Value Representations, row DS","PS3.5 Table 6.2-1, row ""DS"" Decimal String, Length of Value column: ""16 bytes maximum"".","The same 17 character values dciodvfy reports, found independently by a second codebase through a different route, pydicom's VR validation rather than a dicom3tools length check. Off-part on the same terms as the dciodvfy DS length classes."
dicom-validator,74f8227b237d,Module <SR Document Content> (TAG) (Content Sequence) / (TAG) (Content Sequence) / (TAG) (Content Sequence) / (TAG) (Content Sequence) / (TAG) (Content Sequence) / (TAG) (Content Sequence) / (TAG) (Measured Value Sequence) Tag (TAG) (Numeric Value) has invalid value '-88.8628540039062' for VR DS,ERROR,1,NET,PS3.5 Section 6.2 Value Representation,"PS3.5 Table 6.2-1 DICOM Value Representations, row DS","PS3.5 Table 6.2-1, row ""DS"" Decimal String, Length of Value column: ""16 bytes maximum"".","The same 17 character values dciodvfy reports, found independently by a second codebase through a different route, pydicom's VR validation rather than a dicom3tools length check. Off-part on the same terms as the dciodvfy DS length classes."
dicom-validator,7529ba82dcea,Module <SR Document Content> (TAG) (Content Sequence) / (TAG) (Content Sequence) / (TAG) (Content Sequence) / (TAG) (Content Sequence) / (TAG) (Content Sequence) / (TAG) (Content Sequence) / (TAG) (Measured Value Sequence) Tag (TAG) (Numeric Value) has invalid value '-39.3064575195312' for VR DS,ERROR,1,NET,PS3.5 Section 6.2 Value Representation,"PS3.5 Table 6.2-1 DICOM Value Representations, row DS","PS3.5 Table 6.2-1, row ""DS"" Decimal String, Length of Value column: ""16 bytes maximum"".","The same 17 character values dciodvfy reports, found independently by a second codebase through a different route, pydicom's VR validation rather than a dicom3tools length check. Off-part on the same terms as the dciodvfy DS length classes."
dicom-validator,753b01978712,Module <SR Document Content> (TAG) (Content Sequence) / (TAG) (Content Sequence) / (TAG) (Content Sequence) / (TAG) (Content Sequence) / (TAG) (Content Sequence) / (TAG) (Content Sequence) / (TAG) (Measured Value Sequence) Tag (TAG) (Numeric Value) has invalid value '-111.558227539062' for VR DS,ERROR,1,NET,PS3.5 Section 6.2 Value Representation,"PS3.5 Table 6.2-1 DICOM Value Representations, row DS","PS3.5 Table 6.2-1, row ""DS"" Decimal String, Length of Value column: ""16 bytes maximum"".","The same 17 character values dciodvfy reports, found independently by a second codebase through a different route, pydicom's VR validation rather than a dicom3tools length check. Off-part on the same terms as the dciodvfy DS length classes."
dicom-validator,76af3699d75c,Module <SR Document Content> (TAG) (Content Sequence) / (TAG) (Content Sequence) / (TAG) (Content Sequence) / (TAG) (Content Sequence) / (TAG) (Content Sequence) / (TAG) (Content Sequence) / (TAG) (Measured Value Sequence) Tag (TAG) (Numeric Value) has invalid value '-135.782165527344' for VR DS,ERROR,1,NET,PS3.5 Section 6.2 Value Representation,"PS3.5 Table 6.2-1 DICOM Value Representations, row DS","PS3.5 Table 6.2-1, row ""DS"" Decimal String, Length of Value column: ""16 bytes maximum"".","The same 17 character values dciodvfy reports, found independently by a second codebase through a different route, pydicom's VR validation rather than a dicom3tools length check. Off-part on the same terms as the dciodvfy DS length classes."
dicom-validator,7a88e2a5d403,Module <SR Document Content> (TAG) (Content Sequence) / (TAG) (Content Sequence) / (TAG) (Content Sequence) / (TAG) (Content Sequence) / (TAG) (Content Sequence) / (TAG) (Content Sequence) / (TAG) (Measured Value Sequence) Tag (TAG) (Numeric Value) has invalid value '-11.8233032226562' for VR DS,ERROR,1,NET,PS3.5 Section 6.2 Value Representation,"PS3.5 Table 6.2-1 DICOM Value Representations, row DS","PS3.5 Table 6.2-1, row ""DS"" Decimal String, Length of Value column: ""16 bytes maximum"".","The same 17 character values dciodvfy reports, found independently by a second codebase through a different route, pydicom's VR validation rather than a dicom3tools length check. Off-part on the same terms as the dciodvfy DS length classes."
dicom-validator,7ab6355e8a9e,Module <SR Document Content> (TAG) (Content Sequence) / (TAG) (Content Sequence) / (TAG) (Content Sequence) / (TAG) (Content Sequence) / (TAG) (Content Sequence) / (TAG) (Content Sequence) / (TAG) (Measured Value Sequence) Tag (TAG) (Numeric Value) has invalid value '-102.337585449219' for VR DS,ERROR,1,NET,PS3.5 Section 6.2 Value Representation,"PS3.5 Table 6.2-1 DICOM Value Representations, row DS","PS3.5 Table 6.2-1, row ""DS"" Decimal String, Length of Value column: ""16 bytes maximum"".","The same 17 character values dciodvfy reports, found independently by a second codebase through a different route, pydicom's VR validation rather than a dicom3tools length check. Off-part on the same terms as the dciodvfy DS length classes."
dicom-validator,7b96455f9ba8,Module <SR Document Content> (TAG) (Content Sequence) / (TAG) (Content Sequence) / (TAG) (Content Sequence) / (TAG) (Content Sequence) / (TAG) (Content Sequence) / (TAG) (Content Sequence) / (TAG) (Measured Value Sequence) Tag (TAG) (Numeric Value) has invalid value '-118.699523925781' for VR DS,ERROR,1,NET,PS3.5 Section 6.2 Value Representation,"PS3.5 Table 6.2-1 DICOM Value Representations, row DS","PS3.5 Table 6.2-1, row ""DS"" Decimal String, Length of Value column: ""16 bytes maximum"".","The same 17 character values dciodvfy reports, found independently by a second codebase through a different route, pydicom's VR validation rather than a dicom3tools length check. Off-part on the same terms as the dciodvfy DS length classes."
dicom-validator,7d7bdef41cce,Module <SR Document Content> (TAG) (Content Sequence) / (TAG) (Content Sequence) / (TAG) (Content Sequence) / (TAG) (Content Sequence) / (TAG) (Content Sequence) / (TAG) (Content Sequence) / (TAG) (Measured Value Sequence) Tag (TAG) (Numeric Value) has invalid value '-185.008666992188' for VR DS,ERROR,1,NET,PS3.5 Section 6.2 Value Representation,"PS3.5 Table 6.2-1 DICOM Value Representations, row DS","PS3.5 Table 6.2-1, row ""DS"" Decimal String, Length of Value column: ""16 bytes maximum"".","The same 17 character values dciodvfy reports, found independently by a second codebase through a different route, pydicom's VR validation rather than a dicom3tools length check. Off-part on the same terms as the dciodvfy DS length classes."
dicom-validator,7dadfe881d04,Module <SR Document Content> (TAG) (Content Sequence) / (TAG) (Content Sequence) / (TAG) (Content Sequence) / (TAG) (Content Sequence) / (TAG) (Content Sequence) / (TAG) (Content Sequence) / (TAG) (Measured Value Sequence) Tag (TAG) (Numeric Value) has invalid value '-116.849060058594' for VR DS,ERROR,1,NET,PS3.5 Section 6.2 Value Representation,"PS3.5 Table 6.2-1 DICOM Value Representations, row DS","PS3.5 Table 6.2-1, row ""DS"" Decimal String, Length of Value column: ""16 bytes maximum"".","The same 17 character values dciodvfy reports, found independently by a second codebase through a different route, pydicom's VR validation rather than a dicom3tools length check. Off-part on the same terms as the dciodvfy DS length classes."
dicom-validator,7e26e7011a44,Module <SR Document Content> (TAG) (Content Sequence) / (TAG) (Content Sequence) / (TAG) (Content Sequence) / (TAG) (Content Sequence) / (TAG) (Content Sequence) / (TAG) (Content Sequence) / (TAG) (Measured Value Sequence) Tag (TAG) (Numeric Value) has invalid value '-70.0411987304688' for VR DS,ERROR,1,NET,PS3.5 Section 6.2 Value Representation,"PS3.5 Table 6.2-1 DICOM Value Representations, row DS","PS3.5 Table 6.2-1, row ""DS"" Decimal String, Length of Value column: ""16 bytes maximum"".","The same 17 character values dciodvfy reports, found independently by a second codebase through a different route, pydicom's VR validation rather than a dicom3tools length check. Off-part on the same terms as the dciodvfy DS length classes."
dicom-validator,7fa2cc4e791e,Module <SR Document Content> (TAG) (Content Sequence) / (TAG) (Content Sequence) / (TAG) (Content Sequence) / (TAG) (Content Sequence) / (TAG) (Content Sequence) / (TAG) (Content Sequence) / (TAG) (Measured Value Sequence) Tag (TAG) (Numeric Value) has invalid value '-109.083679199219' for VR DS,ERROR,1,NET,PS3.5 Section 6.2 Value Representation,"PS3.5 Table 6.2-1 DICOM Value Representations, row DS","PS3.5 Table 6.2-1, row ""DS"" Decimal String, Length of Value column: ""16 bytes maximum"".","The same 17 character values dciodvfy reports, found independently by a second codebase through a different route, pydicom's VR validation rather than a dicom3tools length check. Off-part on the same terms as the dciodvfy DS length classes."
dicom-validator,7fe0516e574e,Module <SR Document Content> (TAG) (Content Sequence) / (TAG) (Content Sequence) / (TAG) (Content Sequence) / (TAG) (Content Sequence) / (TAG) (Content Sequence) / (TAG) (Content Sequence) / (TAG) (Measured Value Sequence) Tag (TAG) (Numeric Value) has invalid value '-59.7825927734375' for VR DS,ERROR,1,NET,PS3.5 Section 6.2 Value Representation,"PS3.5 Table 6.2-1 DICOM Value Representations, row DS","PS3.5 Table 6.2-1, row ""DS"" Decimal String, Length of Value column: ""16 bytes maximum"".","The same 17 character values dciodvfy reports, found independently by a second codebase through a different route, pydicom's VR validation rather than a dicom3tools length check. Off-part on the same terms as the dciodvfy DS length classes."
dicom-validator,81807ba6a922,Module <SR Document Content> (TAG) (Content Sequence) / (TAG) (Content Sequence) / (TAG) (Content Sequence) / (TAG) (Content Sequence) / (TAG) (Content Sequence) / (TAG) (Content Sequence) / (TAG) (Measured Value Sequence) Tag (TAG) (Numeric Value) has invalid value '-97.0053100585938' for VR DS,ERROR,1,NET,PS3.5 Section 6.2 Value Representation,"PS3.5 Table 6.2-1 DICOM Value Representations, row DS","PS3.5 Table 6.2-1, row ""DS"" Decimal String, Length of Value column: ""16 bytes maximum"".","The same 17 character values dciodvfy reports, found independently by a second codebase through a different route, pydicom's VR validation rather than a dicom3tools length check. Off-part on the same terms as the dciodvfy DS length classes."
dicom-validator,848412d31f3f,Module <SR Document Content> (TAG) (Content Sequence) / (TAG) (Content Sequence) / (TAG) (Content Sequence) / (TAG) (Content Sequence) / (TAG) (Content Sequence) / (TAG) (Content Sequence) / (TAG) (Measured Value Sequence) Tag (TAG) (Numeric Value) has invalid value '-11.8178100585938' for VR DS,ERROR,1,NET,PS3.5 Section 6.2 Value Representation,"PS3.5 Table 6.2-1 DICOM Value Representations, row DS","PS3.5 Table 6.2-1, row ""DS"" Decimal String, Length of Value column: ""16 bytes maximum"".","The same 17 character values dciodvfy reports, found independently by a second codebase through a different route, pydicom's VR validation rather than a dicom3tools length check. Off-part on the same terms as the dciodvfy DS length classes."
dicom-validator,86857ff5fb35,Module <SR Document Content> (TAG) (Content Sequence) / (TAG) (Content Sequence) / (TAG) (Content Sequence) / (TAG) (Content Sequence) / (TAG) (Content Sequence) / (TAG) (Content Sequence) / (TAG) (Measured Value Sequence) Tag (TAG) (Numeric Value) has invalid value '-218.014953613281' for VR DS,ERROR,1,NET,PS3.5 Section 6.2 Value Representation,"PS3.5 Table 6.2-1 DICOM Value Representations, row DS","PS3.5 Table 6.2-1, row ""DS"" Decimal String, Length of Value column: ""16 bytes maximum"".","The same 17 character values dciodvfy reports, found independently by a second codebase through a different route, pydicom's VR validation rather than a dicom3tools length check. Off-part on the same terms as the dciodvfy DS length classes."
dicom-validator,874470056293,Module <SR Document Content> (TAG) (Content Sequence) / (TAG) (Content Sequence) / (TAG) (Content Sequence) / (TAG) (Content Sequence) / (TAG) (Content Sequence) / (TAG) (Content Sequence) / (TAG) (Measured Value Sequence) Tag (TAG) (Numeric Value) has invalid value '-109.599853515625' for VR DS,ERROR,1,NET,PS3.5 Section 6.2 Value Representation,"PS3.5 Table 6.2-1 DICOM Value Representations, row DS","PS3.5 Table 6.2-1, row ""DS"" Decimal String, Length of Value column: ""16 bytes maximum"".","The same 17 character values dciodvfy reports, found independently by a second codebase through a different route, pydicom's VR validation rather than a dicom3tools length check. Off-part on the same terms as the dciodvfy DS length classes."
dicom-validator,8968b3200c45,Module <SR Document Content> (TAG) (Content Sequence) / (TAG) (Content Sequence) / (TAG) (Content Sequence) / (TAG) (Content Sequence) / (TAG) (Content Sequence) / (TAG) (Content Sequence) / (TAG) (Measured Value Sequence) Tag (TAG) (Numeric Value) has invalid value '-28.0311889648438' for VR DS,ERROR,1,NET,PS3.5 Section 6.2 Value Representation,"PS3.5 Table 6.2-1 DICOM Value Representations, row DS","PS3.5 Table 6.2-1, row ""DS"" Decimal String, Length of Value column: ""16 bytes maximum"".","The same 17 character values dciodvfy reports, found independently by a second codebase through a different route, pydicom's VR validation rather than a dicom3tools length check. Off-part on the same terms as the dciodvfy DS length classes."
dicom-validator,8a929f43e8ea,Module <SR Document Content> (TAG) (Content Sequence) / (TAG) (Content Sequence) / (TAG) (Content Sequence) / (TAG) (Content Sequence) / (TAG) (Content Sequence) / (TAG) (Content Sequence) / (TAG) (Measured Value Sequence) Tag (TAG) (Numeric Value) has invalid value '-92.4385375976562' for VR DS,ERROR,1,NET,PS3.5 Section 6.2 Value Representation,"PS3.5 Table 6.2-1 DICOM Value Representations, row DS","PS3.5 Table 6.2-1, row ""DS"" Decimal String, Length of Value column: ""16 bytes maximum"".","The same 17 character values dciodvfy reports, found independently by a second codebase through a different route, pydicom's VR validation rather than a dicom3tools length check. Off-part on the same terms as the dciodvfy DS length classes."
dicom-validator,8ae9276d8895,Module <SR Document Content> (TAG) (Content Sequence) / (TAG) (Content Sequence) / (TAG) (Content Sequence) / (TAG) (Content Sequence) / (TAG) (Content Sequence) / (TAG) (Content Sequence) / (TAG) (Measured Value Sequence) Tag (TAG) (Numeric Value) has invalid value '-33.8971557617188' for VR DS,ERROR,1,NET,PS3.5 Section 6.2 Value Representation,"PS3.5 Table 6.2-1 DICOM Value Representations, row DS","PS3.5 Table 6.2-1, row ""DS"" Decimal String, Length of Value column: ""16 bytes maximum"".","The same 17 character values dciodvfy reports, found independently by a second codebase through a different route, pydicom's VR validation rather than a dicom3tools length check. Off-part on the same terms as the dciodvfy DS length classes."
dicom-validator,8ce1f9cd35d5,Module <SR Document Content> (TAG) (Content Sequence) / (TAG) (Content Sequence) / (TAG) (Content Sequence) / (TAG) (Content Sequence) / (TAG) (Content Sequence) / (TAG) (Content Sequence) / (TAG) (Measured Value Sequence) Tag (TAG) (Numeric Value) has invalid value '-119.873291015625' for VR DS,ERROR,1,NET,PS3.5 Section 6.2 Value Representation,"PS3.5 Table 6.2-1 DICOM Value Representations, row DS","PS3.5 Table 6.2-1, row ""DS"" Decimal String, Length of Value column: ""16 bytes maximum"".","The same 17 character values dciodvfy reports, found independently by a second codebase through a different route, pydicom's VR validation rather than a dicom3tools length check. Off-part on the same terms as the dciodvfy DS length classes."
dicom-validator,8d5813541a08,Module <SR Document Content> (TAG) (Content Sequence) / (TAG) (Content Sequence) / (TAG) (Content Sequence) / (TAG) (Content Sequence) / (TAG) (Content Sequence) / (TAG) (Content Sequence) / (TAG) (Measured Value Sequence) Tag (TAG) (Numeric Value) has invalid value '-214.522399902344' for VR DS,ERROR,1,NET,PS3.5 Section 6.2 Value Representation,"PS3.5 Table 6.2-1 DICOM Value Representations, row DS","PS3.5 Table 6.2-1, row ""DS"" Decimal String, Length of Value column: ""16 bytes maximum"".","The same 17 character values dciodvfy reports, found independently by a second codebase through a different route, pydicom's VR validation rather than a dicom3tools length check. Off-part on the same terms as the dciodvfy DS length classes."
dicom-validator,8e78de41291d,Module <SR Document Content> (TAG) (Content Sequence) / (TAG) (Content Sequence) / (TAG) (Content Sequence) / (TAG) (Content Sequence) / (TAG) (Content Sequence) / (TAG) (Content Sequence) / (TAG) (Measured Value Sequence) Tag (TAG) (Numeric Value) has invalid value '-185.177978515625' for VR DS,ERROR,1,NET,PS3.5 Section 6.2 Value Representation,"PS3.5 Table 6.2-1 DICOM Value Representations, row DS","PS3.5 Table 6.2-1, row ""DS"" Decimal String, Length of Value column: ""16 bytes maximum"".","The same 17 character values dciodvfy reports, found independently by a second codebase through a different route, pydicom's VR validation rather than a dicom3tools length check. Off-part on the same terms as the dciodvfy DS length classes."
dicom-validator,8eabe94248a7,Module <SR Document Content> (TAG) (Content Sequence) / (TAG) (Content Sequence) / (TAG) (Content Sequence) / (TAG) (Content Sequence) / (TAG) (Content Sequence) / (TAG) (Content Sequence) / (TAG) (Measured Value Sequence) Tag (TAG) (Numeric Value) has invalid value '-14.7669067382812' for VR DS,ERROR,1,NET,PS3.5 Section 6.2 Value Representation,"PS3.5 Table 6.2-1 DICOM Value Representations, row DS","PS3.5 Table 6.2-1, row ""DS"" Decimal String, Length of Value column: ""16 bytes maximum"".","The same 17 character values dciodvfy reports, found independently by a second codebase through a different route, pydicom's VR validation rather than a dicom3tools length check. Off-part on the same terms as the dciodvfy DS length classes."
dicom-validator,8ed9a95e1aed,Module <SR Document Content> (TAG) (Content Sequence) / (TAG) (Content Sequence) / (TAG) (Content Sequence) / (TAG) (Content Sequence) / (TAG) (Content Sequence) / (TAG) (Content Sequence) / (TAG) (Measured Value Sequence) Tag (TAG) (Numeric Value) has invalid value '-188.264465332031' for VR DS,ERROR,1,NET,PS3.5 Section 6.2 Value Representation,"PS3.5 Table 6.2-1 DICOM Value Representations, row DS","PS3.5 Table 6.2-1, row ""DS"" Decimal String, Length of Value column: ""16 bytes maximum"".","The same 17 character values dciodvfy reports, found independently by a second codebase through a different route, pydicom's VR validation rather than a dicom3tools length check. Off-part on the same terms as the dciodvfy DS length classes."
dicom-validator,941c65b15c9b,Module <SR Document Content> (TAG) (Content Sequence) / (TAG) (Content Sequence) / (TAG) (Content Sequence) / (TAG) (Content Sequence) / (TAG) (Content Sequence) / (TAG) (Content Sequence) / (TAG) (Measured Value Sequence) Tag (TAG) (Numeric Value) has invalid value '-128.989685058594' for VR DS,ERROR,1,NET,PS3.5 Section 6.2 Value Representation,"PS3.5 Table 6.2-1 DICOM Value Representations, row DS","PS3.5 Table 6.2-1, row ""DS"" Decimal String, Length of Value column: ""16 bytes maximum"".","The same 17 character values dciodvfy reports, found independently by a second codebase through a different route, pydicom's VR validation rather than a dicom3tools length check. Off-part on the same terms as the dciodvfy DS length classes."
dicom-validator,94455968573e,Module <SR Document Content> (TAG) (Content Sequence) / (TAG) (Content Sequence) / (TAG) (Content Sequence) / (TAG) (Content Sequence) / (TAG) (Content Sequence) / (TAG) (Content Sequence) / (TAG) (Measured Value Sequence) Tag (TAG) (Numeric Value) has invalid value '-40.1713256835938' for VR DS,ERROR,1,NET,PS3.5 Section 6.2 Value Representation,"PS3.5 Table 6.2-1 DICOM Value Representations, row DS","PS3.5 Table 6.2-1, row ""DS"" Decimal String, Length of Value column: ""16 bytes maximum"".","The same 17 character values dciodvfy reports, found independently by a second codebase through a different route, pydicom's VR validation rather than a dicom3tools length check. Off-part on the same terms as the dciodvfy DS length classes."
dicom-validator,96643a54917c,Module <SR Document Content> (TAG) (Content Sequence) / (TAG) (Content Sequence) / (TAG) (Content Sequence) / (TAG) (Content Sequence) / (TAG) (Content Sequence) / (TAG) (Content Sequence) / (TAG) (Measured Value Sequence) Tag (TAG) (Numeric Value) has invalid value '-118.193908691406' for VR DS,ERROR,1,NET,PS3.5 Section 6.2 Value Representation,"PS3.5 Table 6.2-1 DICOM Value Representations, row DS","PS3.5 Table 6.2-1, row ""DS"" Decimal String, Length of Value column: ""16 bytes maximum"".","The same 17 character values dciodvfy reports, found independently by a second codebase through a different route, pydicom's VR validation rather than a dicom3tools length check. Off-part on the same terms as the dciodvfy DS length classes."
dicom-validator,975148208324,Module <SR Document Content> (TAG) (Content Sequence) / (TAG) (Content Sequence) / (TAG) (Content Sequence) / (TAG) (Content Sequence) / (TAG) (Content Sequence) / (TAG) (Content Sequence) / (TAG) (Measured Value Sequence) Tag (TAG) (Numeric Value) has invalid value '-120.898742675781' for VR DS,ERROR,1,NET,PS3.5 Section 6.2 Value Representation,"PS3.5 Table 6.2-1 DICOM Value Representations, row DS","PS3.5 Table 6.2-1, row ""DS"" Decimal String, Length of Value column: ""16 bytes maximum"".","The same 17 character values dciodvfy reports, found independently by a second codebase through a different route, pydicom's VR validation rather than a dicom3tools length check. Off-part on the same terms as the dciodvfy DS length classes."
dicom-validator,97538da116ae,Module <SR Document Content> (TAG) (Content Sequence) / (TAG) (Content Sequence) / (TAG) (Content Sequence) / (TAG) (Content Sequence) / (TAG) (Content Sequence) / (TAG) (Content Sequence) / (TAG) (Measured Value Sequence) Tag (TAG) (Numeric Value) has invalid value '-131.691284179688' for VR DS,ERROR,1,NET,PS3.5 Section 6.2 Value Representation,"PS3.5 Table 6.2-1 DICOM Value Representations, row DS","PS3.5 Table 6.2-1, row ""DS"" Decimal String, Length of Value column: ""16 bytes maximum"".","The same 17 character values dciodvfy reports, found independently by a second codebase through a different route, pydicom's VR validation rather than a dicom3tools length check. Off-part on the same terms as the dciodvfy DS length classes."
dicom-validator,9a1c5365dd74,Module <SR Document Content> (TAG) (Content Sequence) / (TAG) (Content Sequence) / (TAG) (Content Sequence) / (TAG) (Content Sequence) / (TAG) (Content Sequence) / (TAG) (Content Sequence) / (TAG) (Measured Value Sequence) Tag (TAG) (Numeric Value) has invalid value '-138.737365722656' for VR DS,ERROR,1,NET,PS3.5 Section 6.2 Value Representation,"PS3.5 Table 6.2-1 DICOM Value Representations, row DS","PS3.5 Table 6.2-1, row ""DS"" Decimal String, Length of Value column: ""16 bytes maximum"".","The same 17 character values dciodvfy reports, found independently by a second codebase through a different route, pydicom's VR validation rather than a dicom3tools length check. Off-part on the same terms as the dciodvfy DS length classes."
dicom-validator,9a3a7ed7e9a4,Module <SR Document Content> (TAG) (Content Sequence) / (TAG) (Content Sequence) / (TAG) (Content Sequence) / (TAG) (Content Sequence) / (TAG) (Content Sequence) / (TAG) (Content Sequence) / (TAG) (Measured Value Sequence) Tag (TAG) (Numeric Value) has invalid value '-101.874877929688' for VR DS,ERROR,1,NET,PS3.5 Section 6.2 Value Representation,"PS3.5 Table 6.2-1 DICOM Value Representations, row DS","PS3.5 Table 6.2-1, row ""DS"" Decimal String, Length of Value column: ""16 bytes maximum"".","The same 17 character values dciodvfy reports, found independently by a second codebase through a different route, pydicom's VR validation rather than a dicom3tools length check. Off-part on the same terms as the dciodvfy DS length classes."
dicom-validator,9a959b291f47,Module <SR Document Content> (TAG) (Content Sequence) / (TAG) (Content Sequence) / (TAG) (Content Sequence) / (TAG) (Content Sequence) / (TAG) (Content Sequence) / (TAG) (Content Sequence) / (TAG) (Measured Value Sequence) Tag (TAG) (Numeric Value) has invalid value '-24.3667602539062' for VR DS,ERROR,1,NET,PS3.5 Section 6.2 Value Representation,"PS3.5 Table 6.2-1 DICOM Value Representations, row DS","PS3.5 Table 6.2-1, row ""DS"" Decimal String, Length of Value column: ""16 bytes maximum"".","The same 17 character values dciodvfy reports, found independently by a second codebase through a different route, pydicom's VR validation rather than a dicom3tools length check. Off-part on the same terms as the dciodvfy DS length classes."
dicom-validator,9ab130a259d1,Module <SR Document Content> (TAG) (Content Sequence) / (TAG) (Content Sequence) / (TAG) (Content Sequence) / (TAG) (Content Sequence) / (TAG) (Content Sequence) / (TAG) (Content Sequence) / (TAG) (Measured Value Sequence) Tag (TAG) (Numeric Value) has invalid value '-210.636352539062' for VR DS,ERROR,1,NET,PS3.5 Section 6.2 Value Representation,"PS3.5 Table 6.2-1 DICOM Value Representations, row DS","PS3.5 Table 6.2-1, row ""DS"" Decimal String, Length of Value column: ""16 bytes maximum"".","The same 17 character values dciodvfy reports, found independently by a second codebase through a different route, pydicom's VR validation rather than a dicom3tools length check. Off-part on the same terms as the dciodvfy DS length classes."
dicom-validator,9b12c4599344,Module <SR Document Content> (TAG) (Content Sequence) / (TAG) (Content Sequence) / (TAG) (Content Sequence) / (TAG) (Content Sequence) / (TAG) (Content Sequence) / (TAG) (Content Sequence) / (TAG) (Measured Value Sequence) Tag (TAG) (Numeric Value) has invalid value '-103.761474609375' for VR DS,ERROR,1,NET,PS3.5 Section 6.2 Value Representation,"PS3.5 Table 6.2-1 DICOM Value Representations, row DS","PS3.5 Table 6.2-1, row ""DS"" Decimal String, Length of Value column: ""16 bytes maximum"".","The same 17 character values dciodvfy reports, found independently by a second codebase through a different route, pydicom's VR validation rather than a dicom3tools length check. Off-part on the same terms as the dciodvfy DS length classes."
dicom-validator,9b56921aa3be,Module <SR Document Content> (TAG) (Content Sequence) / (TAG) (Content Sequence) / (TAG) (Content Sequence) / (TAG) (Content Sequence) / (TAG) (Content Sequence) / (TAG) (Content Sequence) / (TAG) (Measured Value Sequence) Tag (TAG) (Numeric Value) has invalid value '-180.793640136719' for VR DS,ERROR,1,NET,PS3.5 Section 6.2 Value Representation,"PS3.5 Table 6.2-1 DICOM Value Representations, row DS","PS3.5 Table 6.2-1, row ""DS"" Decimal String, Length of Value column: ""16 bytes maximum"".","The same 17 character values dciodvfy reports, found independently by a second codebase through a different route, pydicom's VR validation rather than a dicom3tools length check. Off-part on the same terms as the dciodvfy DS length classes."
dicom-validator,9e3e34d9d24a,Module <SR Document Content> (TAG) (Content Sequence) / (TAG) (Content Sequence) / (TAG) (Content Sequence) / (TAG) (Content Sequence) / (TAG) (Content Sequence) / (TAG) (Content Sequence) / (TAG) (Measured Value Sequence) Tag (TAG) (Numeric Value) has invalid value '-130.645874023438' for VR DS,ERROR,1,NET,PS3.5 Section 6.2 Value Representation,"PS3.5 Table 6.2-1 DICOM Value Representations, row DS","PS3.5 Table 6.2-1, row ""DS"" Decimal String, Length of Value column: ""16 bytes maximum"".","The same 17 character values dciodvfy reports, found independently by a second codebase through a different route, pydicom's VR validation rather than a dicom3tools length check. Off-part on the same terms as the dciodvfy DS length classes."
dicom-validator,9ee29963284f,Module <SR Document Content> (TAG) (Content Sequence) / (TAG) (Content Sequence) / (TAG) (Content Sequence) / (TAG) (Content Sequence) / (TAG) (Content Sequence) / (TAG) (Content Sequence) / (TAG) (Measured Value Sequence) Tag (TAG) (Numeric Value) has invalid value '-12.9061889648438' for VR DS,ERROR,1,NET,PS3.5 Section 6.2 Value Representation,"PS3.5 Table 6.2-1 DICOM Value Representations, row DS","PS3.5 Table 6.2-1, row ""DS"" Decimal String, Length of Value column: ""16 bytes maximum"".","The same 17 character values dciodvfy reports, found independently by a second codebase through a different route, pydicom's VR validation rather than a dicom3tools length check. Off-part on the same terms as the dciodvfy DS length classes."
dicom-validator,9efd8170e606,Module <SR Document Content> (TAG) (Content Sequence) / (TAG) (Content Sequence) / (TAG) (Content Sequence) / (TAG) (Content Sequence) / (TAG) (Content Sequence) / (TAG) (Content Sequence) / (TAG) (Measured Value Sequence) Tag (TAG) (Numeric Value) has invalid value '-153.354553222656' for VR DS,ERROR,1,NET,PS3.5 Section 6.2 Value Representation,"PS3.5 Table 6.2-1 DICOM Value Representations, row DS","PS3.5 Table 6.2-1, row ""DS"" Decimal String, Length of Value column: ""16 bytes maximum"".","The same 17 character values dciodvfy reports, found independently by a second codebase through a different route, pydicom's VR validation rather than a dicom3tools length check. Off-part on the same terms as the dciodvfy DS length classes."
dicom-validator,9f1faf35f730,Module <SR Document Content> (TAG) (Content Sequence) / (TAG) (Content Sequence) / (TAG) (Content Sequence) / (TAG) (Content Sequence) / (TAG) (Content Sequence) / (TAG) (Content Sequence) / (TAG) (Measured Value Sequence) Tag (TAG) (Numeric Value) has invalid value '-187.569091796875' for VR DS,ERROR,1,NET,PS3.5 Section 6.2 Value Representation,"PS3.5 Table 6.2-1 DICOM Value Representations, row DS","PS3.5 Table 6.2-1, row ""DS"" Decimal String, Length of Value column: ""16 bytes maximum"".","The same 17 character values dciodvfy reports, found independently by a second codebase through a different route, pydicom's VR validation rather than a dicom3tools length check. Off-part on the same terms as the dciodvfy DS length classes."
dicom-validator,9f78490a14fa,Module <SR Document Content> (TAG) (Content Sequence) / (TAG) (Content Sequence) / (TAG) (Content Sequence) / (TAG) (Content Sequence) / (TAG) (Content Sequence) / (TAG) (Content Sequence) / (TAG) (Measured Value Sequence) Tag (TAG) (Numeric Value) has invalid value '-10.9198608398438' for VR DS,ERROR,1,NET,PS3.5 Section 6.2 Value Representation,"PS3.5 Table 6.2-1 DICOM Value Representations, row DS","PS3.5 Table 6.2-1, row ""DS"" Decimal String, Length of Value column: ""16 bytes maximum"".","The same 17 character values dciodvfy reports, found independently by a second codebase through a different route, pydicom's VR validation rather than a dicom3tools length check. Off-part on the same terms as the dciodvfy DS length classes."
dicom-validator,9ff0533bfb27,Module <SR Document Content> (TAG) (Content Sequence) / (TAG) (Content Sequence) / (TAG) (Content Sequence) / (TAG) (Content Sequence) / (TAG) (Content Sequence) / (TAG) (Content Sequence) / (TAG) (Measured Value Sequence) Tag (TAG) (Numeric Value) has invalid value '-119.990600585938' for VR DS,ERROR,1,NET,PS3.5 Section 6.2 Value Representation,"PS3.5 Table 6.2-1 DICOM Value Representations, row DS","PS3.5 Table 6.2-1, row ""DS"" Decimal String, Length of Value column: ""16 bytes maximum"".","The same 17 character values dciodvfy reports, found independently by a second codebase through a different route, pydicom's VR validation rather than a dicom3tools length check. Off-part on the same terms as the dciodvfy DS length classes."
dicom-validator,a034928f19b3,Module <SR Document Content> (TAG) (Content Sequence) / (TAG) (Content Sequence) / (TAG) (Content Sequence) / (TAG) (Content Sequence) / (TAG) (Content Sequence) / (TAG) (Content Sequence) / (TAG) (Measured Value Sequence) Tag (TAG) (Numeric Value) has invalid value '-117.147399902344' for VR DS,ERROR,1,NET,PS3.5 Section 6.2 Value Representation,"PS3.5 Table 6.2-1 DICOM Value Representations, row DS","PS3.5 Table 6.2-1, row ""DS"" Decimal String, Length of Value column: ""16 bytes maximum"".","The same 17 character values dciodvfy reports, found independently by a second codebase through a different route, pydicom's VR validation rather than a dicom3tools length check. Off-part on the same terms as the dciodvfy DS length classes."
dicom-validator,a49ea274990a,Module <SR Document Content> (TAG) (Content Sequence) / (TAG) (Content Sequence) / (TAG) (Content Sequence) / (TAG) (Content Sequence) / (TAG) (Content Sequence) / (TAG) (Content Sequence) / (TAG) (Measured Value Sequence) Tag (TAG) (Numeric Value) has invalid value '-193.908386230469' for VR DS,ERROR,1,NET,PS3.5 Section 6.2 Value Representation,"PS3.5 Table 6.2-1 DICOM Value Representations, row DS","PS3.5 Table 6.2-1, row ""DS"" Decimal String, Length of Value column: ""16 bytes maximum"".","The same 17 character values dciodvfy reports, found independently by a second codebase through a different route, pydicom's VR validation rather than a dicom3tools length check. Off-part on the same terms as the dciodvfy DS length classes."
dicom-validator,a584dc7694cc,Module <SR Document Content> (TAG) (Content Sequence) / (TAG) (Content Sequence) / (TAG) (Content Sequence) / (TAG) (Content Sequence) / (TAG) (Content Sequence) / (TAG) (Content Sequence) / (TAG) (Measured Value Sequence) Tag (TAG) (Numeric Value) has invalid value '-106.877075195312' for VR DS,ERROR,1,NET,PS3.5 Section 6.2 Value Representation,"PS3.5 Table 6.2-1 DICOM Value Representations, row DS","PS3.5 Table 6.2-1, row ""DS"" Decimal String, Length of Value column: ""16 bytes maximum"".","The same 17 character values dciodvfy reports, found independently by a second codebase through a different route, pydicom's VR validation rather than a dicom3tools length check. Off-part on the same terms as the dciodvfy DS length classes."
dicom-validator,a5c5de0d5ba4,Module <SR Document Content> (TAG) (Content Sequence) / (TAG) (Content Sequence) / (TAG) (Content Sequence) / (TAG) (Content Sequence) / (TAG) (Content Sequence) / (TAG) (Content Sequence) / (TAG) (Measured Value Sequence) Tag (TAG) (Numeric Value) has invalid value '-123.679565429688' for VR DS,ERROR,1,NET,PS3.5 Section 6.2 Value Representation,"PS3.5 Table 6.2-1 DICOM Value Representations, row DS","PS3.5 Table 6.2-1, row ""DS"" Decimal String, Length of Value column: ""16 bytes maximum"".","The same 17 character values dciodvfy reports, found independently by a second codebase through a different route, pydicom's VR validation rather than a dicom3tools length check. Off-part on the same terms as the dciodvfy DS length classes."
dicom-validator,a691461655b1,Module <SR Document Content> (TAG) (Content Sequence) / (TAG) (Content Sequence) / (TAG) (Content Sequence) / (TAG) (Content Sequence) / (TAG) (Content Sequence) / (TAG) (Content Sequence) / (TAG) (Measured Value Sequence) Tag (TAG) (Numeric Value) has invalid value '-88.6430053710938' for VR DS,ERROR,1,NET,PS3.5 Section 6.2 Value Representation,"PS3.5 Table 6.2-1 DICOM Value Representations, row DS","PS3.5 Table 6.2-1, row ""DS"" Decimal String, Length of Value column: ""16 bytes maximum"".","The same 17 character values dciodvfy reports, found independently by a second codebase through a different route, pydicom's VR validation rather than a dicom3tools length check. Off-part on the same terms as the dciodvfy DS length classes."
dicom-validator,a71eeacf8b4f,Module <SR Document Content> (TAG) (Content Sequence) / (TAG) (Content Sequence) / (TAG) (Content Sequence) / (TAG) (Content Sequence) / (TAG) (Content Sequence) / (TAG) (Content Sequence) / (TAG) (Measured Value Sequence) Tag (TAG) (Numeric Value) has invalid value '-331.063354492188' for VR DS,ERROR,1,NET,PS3.5 Section 6.2 Value Representation,"PS3.5 Table 6.2-1 DICOM Value Representations, row DS","PS3.5 Table 6.2-1, row ""DS"" Decimal String, Length of Value column: ""16 bytes maximum"".","The same 17 character values dciodvfy reports, found independently by a second codebase through a different route, pydicom's VR validation rather than a dicom3tools length check. Off-part on the same terms as the dciodvfy DS length classes."
dicom-validator,a83eb0e2b8a7,Module <SR Document Content> (TAG) (Content Sequence) / (TAG) (Content Sequence) / (TAG) (Content Sequence) / (TAG) (Content Sequence) / (TAG) (Content Sequence) / (TAG) (Content Sequence) / (TAG) (Measured Value Sequence) Tag (TAG) (Numeric Value) has invalid value '-111.522216796875' for VR DS,ERROR,1,NET,PS3.5 Section 6.2 Value Representation,"PS3.5 Table 6.2-1 DICOM Value Representations, row DS","PS3.5 Table 6.2-1, row ""DS"" Decimal String, Length of Value column: ""16 bytes maximum"".","The same 17 character values dciodvfy reports, found independently by a second codebase through a different route, pydicom's VR validation rather than a dicom3tools length check. Off-part on the same terms as the dciodvfy DS length classes."
dicom-validator,aa0029662e0a,Module <SR Document Content> (TAG) (Content Sequence) / (TAG) (Content Sequence) / (TAG) (Content Sequence) / (TAG) (Content Sequence) / (TAG) (Content Sequence) / (TAG) (Content Sequence) / (TAG) (Measured Value Sequence) Tag (TAG) (Numeric Value) has invalid value '-14.0890502929688' for VR DS,ERROR,1,NET,PS3.5 Section 6.2 Value Representation,"PS3.5 Table 6.2-1 DICOM Value Representations, row DS","PS3.5 Table 6.2-1, row ""DS"" Decimal String, Length of Value column: ""16 bytes maximum"".","The same 17 character values dciodvfy reports, found independently by a second codebase through a different route, pydicom's VR validation rather than a dicom3tools length check. Off-part on the same terms as the dciodvfy DS length classes."
dicom-validator,ab666b99c307,Module <SR Document Content> (TAG) (Content Sequence) / (TAG) (Content Sequence) / (TAG) (Content Sequence) / (TAG) (Content Sequence) / (TAG) (Content Sequence) / (TAG) (Content Sequence) / (TAG) (Measured Value Sequence) Tag (TAG) (Numeric Value) has invalid value '-11.5309448242188' for VR DS,ERROR,1,NET,PS3.5 Section 6.2 Value Representation,"PS3.5 Table 6.2-1 DICOM Value Representations, row DS","PS3.5 Table 6.2-1, row ""DS"" Decimal String, Length of Value column: ""16 bytes maximum"".","The same 17 character values dciodvfy reports, found independently by a second codebase through a different route, pydicom's VR validation rather than a dicom3tools length check. Off-part on the same terms as the dciodvfy DS length classes."
dicom-validator,abc6475aa744,Module <SR Document Content> (TAG) (Content Sequence) / (TAG) (Content Sequence) / (TAG) (Content Sequence) / (TAG) (Content Sequence) / (TAG) (Content Sequence) / (TAG) (Content Sequence) / (TAG) (Measured Value Sequence) Tag (TAG) (Numeric Value) has invalid value '-139.657165527344' for VR DS,ERROR,1,NET,PS3.5 Section 6.2 Value Representation,"PS3.5 Table 6.2-1 DICOM Value Representations, row DS","PS3.5 Table 6.2-1, row ""DS"" Decimal String, Length of Value column: ""16 bytes maximum"".","The same 17 character values dciodvfy reports, found independently by a second codebase through a different route, pydicom's VR validation rather than a dicom3tools length check. Off-part on the same terms as the dciodvfy DS length classes."
dicom-validator,abd39e817f18,Module <SR Document Content> (TAG) (Content Sequence) / (TAG) (Content Sequence) / (TAG) (Content Sequence) / (TAG) (Content Sequence) / (TAG) (Content Sequence) / (TAG) (Content Sequence) / (TAG) (Measured Value Sequence) Tag (TAG) (Numeric Value) has invalid value '-189.813537597656' for VR DS,ERROR,1,NET,PS3.5 Section 6.2 Value Representation,"PS3.5 Table 6.2-1 DICOM Value Representations, row DS","PS3.5 Table 6.2-1, row ""DS"" Decimal String, Length of Value column: ""16 bytes maximum"".","The same 17 character values dciodvfy reports, found independently by a second codebase through a different route, pydicom's VR validation rather than a dicom3tools length check. Off-part on the same terms as the dciodvfy DS length classes."
dicom-validator,ac72f9460971,Module <SR Document Content> (TAG) (Content Sequence) / (TAG) (Content Sequence) / (TAG) (Content Sequence) / (TAG) (Content Sequence) / (TAG) (Content Sequence) / (TAG) (Content Sequence) / (TAG) (Measured Value Sequence) Tag (TAG) (Numeric Value) has invalid value '-0.49114990234375' for VR DS,ERROR,1,NET,PS3.5 Section 6.2 Value Representation,"PS3.5 Table 6.2-1 DICOM Value Representations, row DS","PS3.5 Table 6.2-1, row ""DS"" Decimal String, Length of Value column: ""16 bytes maximum"".","The same 17 character values dciodvfy reports, found independently by a second codebase through a different route, pydicom's VR validation rather than a dicom3tools length check. Off-part on the same terms as the dciodvfy DS length classes."
dicom-validator,ae0b88278d1d,Module <SR Document Content> (TAG) (Content Sequence) / (TAG) (Content Sequence) / (TAG) (Content Sequence) / (TAG) (Content Sequence) / (TAG) (Content Sequence) / (TAG) (Content Sequence) / (TAG) (Measured Value Sequence) Tag (TAG) (Numeric Value) has invalid value '-12.3599243164062' for VR DS,ERROR,1,NET,PS3.5 Section 6.2 Value Representation,"PS3.5 Table 6.2-1 DICOM Value Representations, row DS","PS3.5 Table 6.2-1, row ""DS"" Decimal String, Length of Value column: ""16 bytes maximum"".","The same 17 character values dciodvfy reports, found independently by a second codebase through a different route, pydicom's VR validation rather than a dicom3tools length check. Off-part on the same terms as the dciodvfy DS length classes."
dicom-validator,af4dc4aee158,Module <SR Document Content> (TAG) (Content Sequence) / (TAG) (Content Sequence) / (TAG) (Content Sequence) / (TAG) (Content Sequence) / (TAG) (Content Sequence) / (TAG) (Content Sequence) / (TAG) (Measured Value Sequence) Tag (TAG) (Numeric Value) has invalid value '-247.525634765625' for VR DS,ERROR,1,NET,PS3.5 Section 6.2 Value Representation,"PS3.5 Table 6.2-1 DICOM Value Representations, row DS","PS3.5 Table 6.2-1, row ""DS"" Decimal String, Length of Value column: ""16 bytes maximum"".","The same 17 character values dciodvfy reports, found independently by a second codebase through a different route, pydicom's VR validation rather than a dicom3tools length check. Off-part on the same terms as the dciodvfy DS length classes."
dicom-validator,b105f122f8a9,Module <SR Document Content> (TAG) (Content Sequence) / (TAG) (Content Sequence) / (TAG) (Content Sequence) / (TAG) (Content Sequence) / (TAG) (Content Sequence) / (TAG) (Content Sequence) / (TAG) (Measured Value Sequence) Tag (TAG) (Numeric Value) has invalid value '-101.949523925781' for VR DS,ERROR,1,NET,PS3.5 Section 6.2 Value Representation,"PS3.5 Table 6.2-1 DICOM Value Representations, row DS","PS3.5 Table 6.2-1, row ""DS"" Decimal String, Length of Value column: ""16 bytes maximum"".","The same 17 character values dciodvfy reports, found independently by a second codebase through a different route, pydicom's VR validation rather than a dicom3tools length check. Off-part on the same terms as the dciodvfy DS length classes."
dicom-validator,b231937fd8de,Module <SR Document Content> (TAG) (Content Sequence) / (TAG) (Content Sequence) / (TAG) (Content Sequence) / (TAG) (Content Sequence) / (TAG) (Content Sequence) / (TAG) (Content Sequence) / (TAG) (Measured Value Sequence) Tag (TAG) (Numeric Value) has invalid value '-279.699157714844' for VR DS,ERROR,1,NET,PS3.5 Section 6.2 Value Representation,"PS3.5 Table 6.2-1 DICOM Value Representations, row DS","PS3.5 Table 6.2-1, row ""DS"" Decimal String, Length of Value column: ""16 bytes maximum"".","The same 17 character values dciodvfy reports, found independently by a second codebase through a different route, pydicom's VR validation rather than a dicom3tools length check. Off-part on the same terms as the dciodvfy DS length classes."
dicom-validator,b3ea633677ea,Module <SR Document Content> (TAG) (Content Sequence) / (TAG) (Content Sequence) / (TAG) (Content Sequence) / (TAG) (Content Sequence) / (TAG) (Content Sequence) / (TAG) (Content Sequence) / (TAG) (Measured Value Sequence) Tag (TAG) (Numeric Value) has invalid value '-107.099975585938' for VR DS,ERROR,1,NET,PS3.5 Section 6.2 Value Representation,"PS3.5 Table 6.2-1 DICOM Value Representations, row DS","PS3.5 Table 6.2-1, row ""DS"" Decimal String, Length of Value column: ""16 bytes maximum"".","The same 17 character values dciodvfy reports, found independently by a second codebase through a different route, pydicom's VR validation rather than a dicom3tools length check. Off-part on the same terms as the dciodvfy DS length classes."
dicom-validator,b43be79b6f81,Module <SR Document Content> (TAG) (Content Sequence) / (TAG) (Content Sequence) / (TAG) (Content Sequence) / (TAG) (Content Sequence) / (TAG) (Content Sequence) / (TAG) (Content Sequence) / (TAG) (Measured Value Sequence) Tag (TAG) (Numeric Value) has invalid value '-169.405151367188' for VR DS,ERROR,1,NET,PS3.5 Section 6.2 Value Representation,"PS3.5 Table 6.2-1 DICOM Value Representations, row DS","PS3.5 Table 6.2-1, row ""DS"" Decimal String, Length of Value column: ""16 bytes maximum"".","The same 17 character values dciodvfy reports, found independently by a second codebase through a different route, pydicom's VR validation rather than a dicom3tools length check. Off-part on the same terms as the dciodvfy DS length classes."
dicom-validator,b8e15b86f814,Module <SR Document Content> (TAG) (Content Sequence) / (TAG) (Content Sequence) / (TAG) (Content Sequence) / (TAG) (Content Sequence) / (TAG) (Content Sequence) / (TAG) (Content Sequence) / (TAG) (Measured Value Sequence) Tag (TAG) (Numeric Value) has invalid value '-38.7686767578125' for VR DS,ERROR,1,NET,PS3.5 Section 6.2 Value Representation,"PS3.5 Table 6.2-1 DICOM Value Representations, row DS","PS3.5 Table 6.2-1, row ""DS"" Decimal String, Length of Value column: ""16 bytes maximum"".","The same 17 character values dciodvfy reports, found independently by a second codebase through a different route, pydicom's VR validation rather than a dicom3tools length check. Off-part on the same terms as the dciodvfy DS length classes."
dicom-validator,b9be5e3a70e9,Module <SR Document Content> (TAG) (Content Sequence) / (TAG) (Content Sequence) / (TAG) (Content Sequence) / (TAG) (Content Sequence) / (TAG) (Content Sequence) / (TAG) (Content Sequence) / (TAG) (Measured Value Sequence) Tag (TAG) (Numeric Value) has invalid value '-303.256652832031' for VR DS,ERROR,1,NET,PS3.5 Section 6.2 Value Representation,"PS3.5 Table 6.2-1 DICOM Value Representations, row DS","PS3.5 Table 6.2-1, row ""DS"" Decimal String, Length of Value column: ""16 bytes maximum"".","The same 17 character values dciodvfy reports, found independently by a second codebase through a different route, pydicom's VR validation rather than a dicom3tools length check. Off-part on the same terms as the dciodvfy DS length classes."
dicom-validator,bd570a979470,Module <SR Document Content> (TAG) (Content Sequence) / (TAG) (Content Sequence) / (TAG) (Content Sequence) / (TAG) (Content Sequence) / (TAG) (Content Sequence) / (TAG) (Content Sequence) / (TAG) (Measured Value Sequence) Tag (TAG) (Numeric Value) has invalid value '-129.145141601562' for VR DS,ERROR,1,NET,PS3.5 Section 6.2 Value Representation,"PS3.5 Table 6.2-1 DICOM Value Representations, row DS","PS3.5 Table 6.2-1, row ""DS"" Decimal String, Length of Value column: ""16 bytes maximum"".","The same 17 character values dciodvfy reports, found independently by a second codebase through a different route, pydicom's VR validation rather than a dicom3tools length check. Off-part on the same terms as the dciodvfy DS length classes."
dicom-validator,be8eb72eecc4,Module <SR Document Content> (TAG) (Content Sequence) / (TAG) (Content Sequence) / (TAG) (Content Sequence) / (TAG) (Content Sequence) / (TAG) (Content Sequence) / (TAG) (Content Sequence) / (TAG) (Measured Value Sequence) Tag (TAG) (Numeric Value) has invalid value '-13.3624877929688' for VR DS,ERROR,1,NET,PS3.5 Section 6.2 Value Representation,"PS3.5 Table 6.2-1 DICOM Value Representations, row DS","PS3.5 Table 6.2-1, row ""DS"" Decimal String, Length of Value column: ""16 bytes maximum"".","The same 17 character values dciodvfy reports, found independently by a second codebase through a different route, pydicom's VR validation rather than a dicom3tools length check. Off-part on the same terms as the dciodvfy DS length classes."
dicom-validator,c07bbb90127f,Module <SR Document Content> (TAG) (Content Sequence) / (TAG) (Content Sequence) / (TAG) (Content Sequence) / (TAG) (Content Sequence) / (TAG) (Content Sequence) / (TAG) (Content Sequence) / (TAG) (Measured Value Sequence) Tag (TAG) (Numeric Value) has invalid value '-126.317626953125' for VR DS,ERROR,1,NET,PS3.5 Section 6.2 Value Representation,"PS3.5 Table 6.2-1 DICOM Value Representations, row DS","PS3.5 Table 6.2-1, row ""DS"" Decimal String, Length of Value column: ""16 bytes maximum"".","The same 17 character values dciodvfy reports, found independently by a second codebase through a different route, pydicom's VR validation rather than a dicom3tools length check. Off-part on the same terms as the dciodvfy DS length classes."
dicom-validator,c3516a11cab1,Module <SR Document Content> (TAG) (Content Sequence) / (TAG) (Content Sequence) / (TAG) (Content Sequence) / (TAG) (Content Sequence) / (TAG) (Content Sequence) / (TAG) (Content Sequence) / (TAG) (Measured Value Sequence) Tag (TAG) (Numeric Value) has invalid value '-116.330810546875' for VR DS,ERROR,1,NET,PS3.5 Section 6.2 Value Representation,"PS3.5 Table 6.2-1 DICOM Value Representations, row DS","PS3.5 Table 6.2-1, row ""DS"" Decimal String, Length of Value column: ""16 bytes maximum"".","The same 17 character values dciodvfy reports, found independently by a second codebase through a different route, pydicom's VR validation rather than a dicom3tools length check. Off-part on the same terms as the dciodvfy DS length classes."
dicom-validator,c657ababddb3,Module <SR Document Content> (TAG) (Content Sequence) / (TAG) (Content Sequence) / (TAG) (Content Sequence) / (TAG) (Content Sequence) / (TAG) (Content Sequence) / (TAG) (Content Sequence) / (TAG) (Measured Value Sequence) Tag (TAG) (Numeric Value) has invalid value '-11.5043334960938' for VR DS,ERROR,1,NET,PS3.5 Section 6.2 Value Representation,"PS3.5 Table 6.2-1 DICOM Value Representations, row DS","PS3.5 Table 6.2-1, row ""DS"" Decimal String, Length of Value column: ""16 bytes maximum"".","The same 17 character values dciodvfy reports, found independently by a second codebase through a different route, pydicom's VR validation rather than a dicom3tools length check. Off-part on the same terms as the dciodvfy DS length classes."
dicom-validator,c6a926ab3985,Module <SR Document Content> (TAG) (Content Sequence) / (TAG) (Content Sequence) / (TAG) (Content Sequence) / (TAG) (Content Sequence) / (TAG) (Content Sequence) / (TAG) (Content Sequence) / (TAG) (Measured Value Sequence) Tag (TAG) (Numeric Value) has invalid value '-94.0833129882812' for VR DS,ERROR,1,NET,PS3.5 Section 6.2 Value Representation,"PS3.5 Table 6.2-1 DICOM Value Representations, row DS","PS3.5 Table 6.2-1, row ""DS"" Decimal String, Length of Value column: ""16 bytes maximum"".","The same 17 character values dciodvfy reports, found independently by a second codebase through a different route, pydicom's VR validation rather than a dicom3tools length check. Off-part on the same terms as the dciodvfy DS length classes."
dicom-validator,c6dd0604d565,Module <SR Document Content> (TAG) (Content Sequence) / (TAG) (Content Sequence) / (TAG) (Content Sequence) / (TAG) (Content Sequence) / (TAG) (Content Sequence) / (TAG) (Content Sequence) / (TAG) (Measured Value Sequence) Tag (TAG) (Numeric Value) has invalid value '-169.574279785156' for VR DS,ERROR,1,NET,PS3.5 Section 6.2 Value Representation,"PS3.5 Table 6.2-1 DICOM Value Representations, row DS","PS3.5 Table 6.2-1, row ""DS"" Decimal String, Length of Value column: ""16 bytes maximum"".","The same 17 character values dciodvfy reports, found independently by a second codebase through a different route, pydicom's VR validation rather than a dicom3tools length check. Off-part on the same terms as the dciodvfy DS length classes."
dicom-validator,c71d7ff0d72c,Module <SR Document Content> (TAG) (Content Sequence) / (TAG) (Content Sequence) / (TAG) (Content Sequence) / (TAG) (Content Sequence) / (TAG) (Content Sequence) / (TAG) (Content Sequence) / (TAG) (Measured Value Sequence) Tag (TAG) (Numeric Value) has invalid value '-107.828430175781' for VR DS,ERROR,1,NET,PS3.5 Section 6.2 Value Representation,"PS3.5 Table 6.2-1 DICOM Value Representations, row DS","PS3.5 Table 6.2-1, row ""DS"" Decimal String, Length of Value column: ""16 bytes maximum"".","The same 17 character values dciodvfy reports, found independently by a second codebase through a different route, pydicom's VR validation rather than a dicom3tools length check. Off-part on the same terms as the dciodvfy DS length classes."
dicom-validator,c8660d666d44,Module <SR Document Content> (TAG) (Content Sequence) / (TAG) (Content Sequence) / (TAG) (Content Sequence) / (TAG) (Content Sequence) / (TAG) (Content Sequence) / (TAG) (Content Sequence) / (TAG) (Measured Value Sequence) Tag (TAG) (Numeric Value) has invalid value '-119.513549804688' for VR DS,ERROR,1,NET,PS3.5 Section 6.2 Value Representation,"PS3.5 Table 6.2-1 DICOM Value Representations, row DS","PS3.5 Table 6.2-1, row ""DS"" Decimal String, Length of Value column: ""16 bytes maximum"".","The same 17 character values dciodvfy reports, found independently by a second codebase through a different route, pydicom's VR validation rather than a dicom3tools length check. Off-part on the same terms as the dciodvfy DS length classes."
dicom-validator,c8a77325bafc,Module <SR Document Content> (TAG) (Content Sequence) / (TAG) (Content Sequence) / (TAG) (Content Sequence) / (TAG) (Content Sequence) / (TAG) (Content Sequence) / (TAG) (Content Sequence) / (TAG) (Measured Value Sequence) Tag (TAG) (Numeric Value) has invalid value '-6.02777099609375' for VR DS,ERROR,1,NET,PS3.5 Section 6.2 Value Representation,"PS3.5 Table 6.2-1 DICOM Value Representations, row DS","PS3.5 Table 6.2-1, row ""DS"" Decimal String, Length of Value column: ""16 bytes maximum"".","The same 17 character values dciodvfy reports, found independently by a second codebase through a different route, pydicom's VR validation rather than a dicom3tools length check. Off-part on the same terms as the dciodvfy DS length classes."
dicom-validator,c99c744fc96c,Module <SR Document Content> (TAG) (Content Sequence) / (TAG) (Content Sequence) / (TAG) (Content Sequence) / (TAG) (Content Sequence) / (TAG) (Content Sequence) / (TAG) (Content Sequence) / (TAG) (Measured Value Sequence) Tag (TAG) (Numeric Value) has invalid value '-84.7088012695312' for VR DS,ERROR,1,NET,PS3.5 Section 6.2 Value Representation,"PS3.5 Table 6.2-1 DICOM Value Representations, row DS","PS3.5 Table 6.2-1, row ""DS"" Decimal String, Length of Value column: ""16 bytes maximum"".","The same 17 character values dciodvfy reports, found independently by a second codebase through a different route, pydicom's VR validation rather than a dicom3tools length check. Off-part on the same terms as the dciodvfy DS length classes."
dicom-validator,cb7f5a66a4cb,Module <SR Document Content> (TAG) (Content Sequence) / (TAG) (Content Sequence) / (TAG) (Content Sequence) / (TAG) (Content Sequence) / (TAG) (Content Sequence) / (TAG) (Content Sequence) / (TAG) (Measured Value Sequence) Tag (TAG) (Numeric Value) has invalid value '-90.7052001953125' for VR DS,ERROR,1,NET,PS3.5 Section 6.2 Value Representation,"PS3.5 Table 6.2-1 DICOM Value Representations, row DS","PS3.5 Table 6.2-1, row ""DS"" Decimal String, Length of Value column: ""16 bytes maximum"".","The same 17 character values dciodvfy reports, found independently by a second codebase through a different route, pydicom's VR validation rather than a dicom3tools length check. Off-part on the same terms as the dciodvfy DS length classes."
dicom-validator,cc7b0b2ee030,Module <SR Document Content> (TAG) (Content Sequence) / (TAG) (Content Sequence) / (TAG) (Content Sequence) / (TAG) (Content Sequence) / (TAG) (Content Sequence) / (TAG) (Content Sequence) / (TAG) (Measured Value Sequence) Tag (TAG) (Numeric Value) has invalid value '-11.0468139648438' for VR DS,ERROR,1,NET,PS3.5 Section 6.2 Value Representation,"PS3.5 Table 6.2-1 DICOM Value Representations, row DS","PS3.5 Table 6.2-1, row ""DS"" Decimal String, Length of Value column: ""16 bytes maximum"".","The same 17 character values dciodvfy reports, found independently by a second codebase through a different route, pydicom's VR validation rather than a dicom3tools length check. Off-part on the same terms as the dciodvfy DS length classes."
dicom-validator,cd1e10aae7b2,Module <SR Document Content> (TAG) (Content Sequence) / (TAG) (Content Sequence) / (TAG) (Content Sequence) / (TAG) (Content Sequence) / (TAG) (Content Sequence) / (TAG) (Content Sequence) / (TAG) (Measured Value Sequence) Tag (TAG) (Numeric Value) has invalid value '-101.203918457031' for VR DS,ERROR,1,NET,PS3.5 Section 6.2 Value Representation,"PS3.5 Table 6.2-1 DICOM Value Representations, row DS","PS3.5 Table 6.2-1, row ""DS"" Decimal String, Length of Value column: ""16 bytes maximum"".","The same 17 character values dciodvfy reports, found independently by a second codebase through a different route, pydicom's VR validation rather than a dicom3tools length check. Off-part on the same terms as the dciodvfy DS length classes."
dicom-validator,ce781156af8a,Module <SR Document Content> (TAG) (Content Sequence) / (TAG) (Content Sequence) / (TAG) (Content Sequence) / (TAG) (Content Sequence) / (TAG) (Content Sequence) / (TAG) (Content Sequence) / (TAG) (Measured Value Sequence) Tag (TAG) (Numeric Value) has invalid value '-11.6981811523438' for VR DS,ERROR,1,NET,PS3.5 Section 6.2 Value Representation,"PS3.5 Table 6.2-1 DICOM Value Representations, row DS","PS3.5 Table 6.2-1, row ""DS"" Decimal String, Length of Value column: ""16 bytes maximum"".","The same 17 character values dciodvfy reports, found independently by a second codebase through a different route, pydicom's VR validation rather than a dicom3tools length check. Off-part on the same terms as the dciodvfy DS length classes."
dicom-validator,cf7f3a332b7f,Module <SR Document Content> (TAG) (Content Sequence) / (TAG) (Content Sequence) / (TAG) (Content Sequence) / (TAG) (Content Sequence) / (TAG) (Content Sequence) / (TAG) (Content Sequence) / (TAG) (Measured Value Sequence) Tag (TAG) (Numeric Value) has invalid value '-10.9485473632812' for VR DS,ERROR,1,NET,PS3.5 Section 6.2 Value Representation,"PS3.5 Table 6.2-1 DICOM Value Representations, row DS","PS3.5 Table 6.2-1, row ""DS"" Decimal String, Length of Value column: ""16 bytes maximum"".","The same 17 character values dciodvfy reports, found independently by a second codebase through a different route, pydicom's VR validation rather than a dicom3tools length check. Off-part on the same terms as the dciodvfy DS length classes."
dicom-validator,d253a0050e5d,Module <SR Document Content> (TAG) (Content Sequence) / (TAG) (Content Sequence) / (TAG) (Content Sequence) / (TAG) (Content Sequence) / (TAG) (Content Sequence) / (TAG) (Content Sequence) / (TAG) (Measured Value Sequence) Tag (TAG) (Numeric Value) has invalid value '-161.256652832031' for VR DS,ERROR,1,NET,PS3.5 Section 6.2 Value Representation,"PS3.5 Table 6.2-1 DICOM Value Representations, row DS","PS3.5 Table 6.2-1, row ""DS"" Decimal String, Length of Value column: ""16 bytes maximum"".","The same 17 character values dciodvfy reports, found independently by a second codebase through a different route, pydicom's VR validation rather than a dicom3tools length check. Off-part on the same terms as the dciodvfy DS length classes."
dicom-validator,d280679235b9,Module <SR Document Content> (TAG) (Content Sequence) / (TAG) (Content Sequence) / (TAG) (Content Sequence) / (TAG) (Content Sequence) / (TAG) (Content Sequence) / (TAG) (Content Sequence) / (TAG) (Measured Value Sequence) Tag (TAG) (Numeric Value) has invalid value '-135.644165039062' for VR DS,ERROR,1,NET,PS3.5 Section 6.2 Value Representation,"PS3.5 Table 6.2-1 DICOM Value Representations, row DS","PS3.5 Table 6.2-1, row ""DS"" Decimal String, Length of Value column: ""16 bytes maximum"".","The same 17 character values dciodvfy reports, found independently by a second codebase through a different route, pydicom's VR validation rather than a dicom3tools length check. Off-part on the same terms as the dciodvfy DS length classes."
dicom-validator,d2da2c4b828b,Module <SR Document Content> (TAG) (Content Sequence) / (TAG) (Content Sequence) / (TAG) (Content Sequence) / (TAG) (Content Sequence) / (TAG) (Content Sequence) / (TAG) (Content Sequence) / (TAG) (Measured Value Sequence) Tag (TAG) (Numeric Value) has invalid value '-90.5321655273438' for VR DS,ERROR,1,NET,PS3.5 Section 6.2 Value Representation,"PS3.5 Table 6.2-1 DICOM Value Representations, row DS","PS3.5 Table 6.2-1, row ""DS"" Decimal String, Length of Value column: ""16 bytes maximum"".","The same 17 character values dciodvfy reports, found independently by a second codebase through a different route, pydicom's VR validation rather than a dicom3tools length check. Off-part on the same terms as the dciodvfy DS length classes."
dicom-validator,d2e816f2bfa7,Module <SR Document Content> (TAG) (Content Sequence) / (TAG) (Content Sequence) / (TAG) (Content Sequence) / (TAG) (Content Sequence) / (TAG) (Content Sequence) / (TAG) (Content Sequence) / (TAG) (Measured Value Sequence) Tag (TAG) (Numeric Value) has invalid value '-90.9730834960938' for VR DS,ERROR,1,NET,PS3.5 Section 6.2 Value Representation,"PS3.5 Table 6.2-1 DICOM Value Representations, row DS","PS3.5 Table 6.2-1, row ""DS"" Decimal String, Length of Value column: ""16 bytes maximum"".","The same 17 character values dciodvfy reports, found independently by a second codebase through a different route, pydicom's VR validation rather than a dicom3tools length check. Off-part on the same terms as the dciodvfy DS length classes."
dicom-validator,d3698a27848d,Module <SR Document Content> (TAG) (Content Sequence) / (TAG) (Content Sequence) / (TAG) (Content Sequence) / (TAG) (Content Sequence) / (TAG) (Content Sequence) / (TAG) (Content Sequence) / (TAG) (Measured Value Sequence) Tag (TAG) (Numeric Value) has invalid value '-1.68487548828125' for VR DS,ERROR,1,NET,PS3.5 Section 6.2 Value Representation,"PS3.5 Table 6.2-1 DICOM Value Representations, row DS","PS3.5 Table 6.2-1, row ""DS"" Decimal String, Length of Value column: ""16 bytes maximum"".","The same 17 character values dciodvfy reports, found independently by a second codebase through a different route, pydicom's VR validation rather than a dicom3tools length check. Off-part on the same terms as the dciodvfy DS length classes."
dicom-validator,d3d9cde836f2,Module <SR Document Content> (TAG) (Content Sequence) / (TAG) (Content Sequence) / (TAG) (Content Sequence) / (TAG) (Content Sequence) / (TAG) (Content Sequence) / (TAG) (Content Sequence) / (TAG) (Measured Value Sequence) Tag (TAG) (Numeric Value) has invalid value '-133.489868164062' for VR DS,ERROR,1,NET,PS3.5 Section 6.2 Value Representation,"PS3.5 Table 6.2-1 DICOM Value Representations, row DS","PS3.5 Table 6.2-1, row ""DS"" Decimal String, Length of Value column: ""16 bytes maximum"".","The same 17 character values dciodvfy reports, found independently by a second codebase through a different route, pydicom's VR validation rather than a dicom3tools length check. Off-part on the same terms as the dciodvfy DS length classes."
dicom-validator,d49343071e94,Module <SR Document Content> (TAG) (Content Sequence) / (TAG) (Content Sequence) / (TAG) (Content Sequence) / (TAG) (Content Sequence) / (TAG) (Content Sequence) / (TAG) (Content Sequence) / (TAG) (Measured Value Sequence) Tag (TAG) (Numeric Value) has invalid value '-88.3643188476562' for VR DS,ERROR,1,NET,PS3.5 Section 6.2 Value Representation,"PS3.5 Table 6.2-1 DICOM Value Representations, row DS","PS3.5 Table 6.2-1, row ""DS"" Decimal String, Length of Value column: ""16 bytes maximum"".","The same 17 character values dciodvfy reports, found independently by a second codebase through a different route, pydicom's VR validation rather than a dicom3tools length check. Off-part on the same terms as the dciodvfy DS length classes."
dicom-validator,d5795f2bfe89,Module <SR Document Content> (TAG) (Content Sequence) / (TAG) (Content Sequence) / (TAG) (Content Sequence) / (TAG) (Content Sequence) / (TAG) (Content Sequence) / (TAG) (Content Sequence) / (TAG) (Measured Value Sequence) Tag (TAG) (Numeric Value) has invalid value '-187.599975585938' for VR DS,ERROR,1,NET,PS3.5 Section 6.2 Value Representation,"PS3.5 Table 6.2-1 DICOM Value Representations, row DS","PS3.5 Table 6.2-1, row ""DS"" Decimal String, Length of Value column: ""16 bytes maximum"".","The same 17 character values dciodvfy reports, found independently by a second codebase through a different route, pydicom's VR validation rather than a dicom3tools length check. Off-part on the same terms as the dciodvfy DS length classes."
dicom-validator,d58750894514,Module <SR Document Content> (TAG) (Content Sequence) / (TAG) (Content Sequence) / (TAG) (Content Sequence) / (TAG) (Content Sequence) / (TAG) (Content Sequence) / (TAG) (Content Sequence) / (TAG) (Measured Value Sequence) Tag (TAG) (Numeric Value) has invalid value '-141.400024414062' for VR DS,ERROR,1,NET,PS3.5 Section 6.2 Value Representation,"PS3.5 Table 6.2-1 DICOM Value Representations, row DS","PS3.5 Table 6.2-1, row ""DS"" Decimal String, Length of Value column: ""16 bytes maximum"".","The same 17 character values dciodvfy reports, found independently by a second codebase through a different route, pydicom's VR validation rather than a dicom3tools length check. Off-part on the same terms as the dciodvfy DS length classes."
dicom-validator,d837708c8965,Module <SR Document Content> (TAG) (Content Sequence) / (TAG) (Content Sequence) / (TAG) (Content Sequence) / (TAG) (Content Sequence) / (TAG) (Content Sequence) / (TAG) (Content Sequence) / (TAG) (Measured Value Sequence) Tag (TAG) (Numeric Value) has invalid value '-22.3579711914062' for VR DS,ERROR,1,NET,PS3.5 Section 6.2 Value Representation,"PS3.5 Table 6.2-1 DICOM Value Representations, row DS","PS3.5 Table 6.2-1, row ""DS"" Decimal String, Length of Value column: ""16 bytes maximum"".","The same 17 character values dciodvfy reports, found independently by a second codebase through a different route, pydicom's VR validation rather than a dicom3tools length check. Off-part on the same terms as the dciodvfy DS length classes."
dicom-validator,d9490360279b,Module <SR Document Content> (TAG) (Content Sequence) / (TAG) (Content Sequence) / (TAG) (Content Sequence) / (TAG) (Content Sequence) / (TAG) (Content Sequence) / (TAG) (Content Sequence) / (TAG) (Measured Value Sequence) Tag (TAG) (Numeric Value) has invalid value '-115.043029785156' for VR DS,ERROR,1,NET,PS3.5 Section 6.2 Value Representation,"PS3.5 Table 6.2-1 DICOM Value Representations, row DS","PS3.5 Table 6.2-1, row ""DS"" Decimal String, Length of Value column: ""16 bytes maximum"".","The same 17 character values dciodvfy reports, found independently by a second codebase through a different route, pydicom's VR validation rather than a dicom3tools length check. Off-part on the same terms as the dciodvfy DS length classes."
dicom-validator,d9825a6285c3,Module <SR Document Content> (TAG) (Content Sequence) / (TAG) (Content Sequence) / (TAG) (Content Sequence) / (TAG) (Content Sequence) / (TAG) (Content Sequence) / (TAG) (Content Sequence) / (TAG) (Measured Value Sequence) Tag (TAG) (Numeric Value) has invalid value '-131.033264160156' for VR DS,ERROR,1,NET,PS3.5 Section 6.2 Value Representation,"PS3.5 Table 6.2-1 DICOM Value Representations, row DS","PS3.5 Table 6.2-1, row ""DS"" Decimal String, Length of Value column: ""16 bytes maximum"".","The same 17 character values dciodvfy reports, found independently by a second codebase through a different route, pydicom's VR validation rather than a dicom3tools length check. Off-part on the same terms as the dciodvfy DS length classes."
dicom-validator,da5f8a6f14f5,Module <SR Document Content> (TAG) (Content Sequence) / (TAG) (Content Sequence) / (TAG) (Content Sequence) / (TAG) (Content Sequence) / (TAG) (Content Sequence) / (TAG) (Content Sequence) / (TAG) (Measured Value Sequence) Tag (TAG) (Numeric Value) has invalid value '-120.662780761719' for VR DS,ERROR,1,NET,PS3.5 Section 6.2 Value Representation,"PS3.5 Table 6.2-1 DICOM Value Representations, row DS","PS3.5 Table 6.2-1, row ""DS"" Decimal String, Length of Value column: ""16 bytes maximum"".","The same 17 character values dciodvfy reports, found independently by a second codebase through a different route, pydicom's VR validation rather than a dicom3tools length check. Off-part on the same terms as the dciodvfy DS length classes."
dicom-validator,daa6f4498e82,Module <SR Document Content> (TAG) (Content Sequence) / (TAG) (Content Sequence) / (TAG) (Content Sequence) / (TAG) (Content Sequence) / (TAG) (Content Sequence) / (TAG) (Content Sequence) / (TAG) (Measured Value Sequence) Tag (TAG) (Numeric Value) has invalid value '-78.9000244140625' for VR DS,ERROR,1,NET,PS3.5 Section 6.2 Value Representation,"PS3.5 Table 6.2-1 DICOM Value Representations, row DS","PS3.5 Table 6.2-1, row ""DS"" Decimal String, Length of Value column: ""16 bytes maximum"".","The same 17 character values dciodvfy reports, found independently by a second codebase through a different route, pydicom's VR validation rather than a dicom3tools length check. Off-part on the same terms as the dciodvfy DS length classes."
dicom-validator,db4b3d1e582b,Module <SR Document Content> (TAG) (Content Sequence) / (TAG) (Content Sequence) / (TAG) (Content Sequence) / (TAG) (Content Sequence) / (TAG) (Content Sequence) / (TAG) (Content Sequence) / (TAG) (Measured Value Sequence) Tag (TAG) (Numeric Value) has invalid value '-48.4217529296875' for VR DS,ERROR,1,NET,PS3.5 Section 6.2 Value Representation,"PS3.5 Table 6.2-1 DICOM Value Representations, row DS","PS3.5 Table 6.2-1, row ""DS"" Decimal String, Length of Value column: ""16 bytes maximum"".","The same 17 character values dciodvfy reports, found independently by a second codebase through a different route, pydicom's VR validation rather than a dicom3tools length check. Off-part on the same terms as the dciodvfy DS length classes."
dicom-validator,dbf24965577e,Module <SR Document Content> (TAG) (Content Sequence) / (TAG) (Content Sequence) / (TAG) (Content Sequence) / (TAG) (Content Sequence) / (TAG) (Content Sequence) / (TAG) (Content Sequence) / (TAG) (Measured Value Sequence) Tag (TAG) (Numeric Value) has invalid value '-103.625244140625' for VR DS,ERROR,1,NET,PS3.5 Section 6.2 Value Representation,"PS3.5 Table 6.2-1 DICOM Value Representations, row DS","PS3.5 Table 6.2-1, row ""DS"" Decimal String, Length of Value column: ""16 bytes maximum"".","The same 17 character values dciodvfy reports, found independently by a second codebase through a different route, pydicom's VR validation rather than a dicom3tools length check. Off-part on the same terms as the dciodvfy DS length classes."
dicom-validator,de3235ef0117,Module <SR Document Content> (TAG) (Content Sequence) / (TAG) (Content Sequence) / (TAG) (Content Sequence) / (TAG) (Content Sequence) / (TAG) (Content Sequence) / (TAG) (Content Sequence) / (TAG) (Measured Value Sequence) Tag (TAG) (Numeric Value) has invalid value '-11.9566040039062' for VR DS,ERROR,1,NET,PS3.5 Section 6.2 Value Representation,"PS3.5 Table 6.2-1 DICOM Value Representations, row DS","PS3.5 Table 6.2-1, row ""DS"" Decimal String, Length of Value column: ""16 bytes maximum"".","The same 17 character values dciodvfy reports, found independently by a second codebase through a different route, pydicom's VR validation rather than a dicom3tools length check. Off-part on the same terms as the dciodvfy DS length classes."
dicom-validator,de6b1a585da3,Module <SR Document Content> (TAG) (Content Sequence) / (TAG) (Content Sequence) / (TAG) (Content Sequence) / (TAG) (Content Sequence) / (TAG) (Content Sequence) / (TAG) (Content Sequence) / (TAG) (Measured Value Sequence) Tag (TAG) (Numeric Value) has invalid value '-89.4598999023438' for VR DS,ERROR,1,NET,PS3.5 Section 6.2 Value Representation,"PS3.5 Table 6.2-1 DICOM Value Representations, row DS","PS3.5 Table 6.2-1, row ""DS"" Decimal String, Length of Value column: ""16 bytes maximum"".","The same 17 character values dciodvfy reports, found independently by a second codebase through a different route, pydicom's VR validation rather than a dicom3tools length check. Off-part on the same terms as the dciodvfy DS length classes."
dicom-validator,dee63facf810,Module <SR Document Content> (TAG) (Content Sequence) / (TAG) (Content Sequence) / (TAG) (Content Sequence) / (TAG) (Content Sequence) / (TAG) (Content Sequence) / (TAG) (Content Sequence) / (TAG) (Measured Value Sequence) Tag (TAG) (Numeric Value) has invalid value '-41.0822143554688' for VR DS,ERROR,1,NET,PS3.5 Section 6.2 Value Representation,"PS3.5 Table 6.2-1 DICOM Value Representations, row DS","PS3.5 Table 6.2-1, row ""DS"" Decimal String, Length of Value column: ""16 bytes maximum"".","The same 17 character values dciodvfy reports, found independently by a second codebase through a different route, pydicom's VR validation rather than a dicom3tools length check. Off-part on the same terms as the dciodvfy DS length classes."
dicom-validator,e062977a0609,Module <SR Document Content> (TAG) (Content Sequence) / (TAG) (Content Sequence) / (TAG) (Content Sequence) / (TAG) (Content Sequence) / (TAG) (Content Sequence) / (TAG) (Content Sequence) / (TAG) (Measured Value Sequence) Tag (TAG) (Numeric Value) has invalid value '-11.6159057617188' for VR DS,ERROR,1,NET,PS3.5 Section 6.2 Value Representation,"PS3.5 Table 6.2-1 DICOM Value Representations, row DS","PS3.5 Table 6.2-1, row ""DS"" Decimal String, Length of Value column: ""16 bytes maximum"".","The same 17 character values dciodvfy reports, found independently by a second codebase through a different route, pydicom's VR validation rather than a dicom3tools length check. Off-part on the same terms as the dciodvfy DS length classes."
dicom-validator,e0b4d8698c46,Module <SR Document Content> (TAG) (Content Sequence) / (TAG) (Content Sequence) / (TAG) (Content Sequence) / (TAG) (Content Sequence) / (TAG) (Content Sequence) / (TAG) (Content Sequence) / (TAG) (Measured Value Sequence) Tag (TAG) (Numeric Value) has invalid value '-4.99810791015625' for VR DS,ERROR,1,NET,PS3.5 Section 6.2 Value Representation,"PS3.5 Table 6.2-1 DICOM Value Representations, row DS","PS3.5 Table 6.2-1, row ""DS"" Decimal String, Length of Value column: ""16 bytes maximum"".","The same 17 character values dciodvfy reports, found independently by a second codebase through a different route, pydicom's VR validation rather than a dicom3tools length check. Off-part on the same terms as the dciodvfy DS length classes."
dicom-validator,e288ea3b3778,Module <SR Document Content> (TAG) (Content Sequence) / (TAG) (Content Sequence) / (TAG) (Content Sequence) / (TAG) (Content Sequence) / (TAG) (Content Sequence) / (TAG) (Content Sequence) / (TAG) (Measured Value Sequence) Tag (TAG) (Numeric Value) has invalid value '-117.217956542969' for VR DS,ERROR,1,NET,PS3.5 Section 6.2 Value Representation,"PS3.5 Table 6.2-1 DICOM Value Representations, row DS","PS3.5 Table 6.2-1, row ""DS"" Decimal String, Length of Value column: ""16 bytes maximum"".","The same 17 character values dciodvfy reports, found independently by a second codebase through a different route, pydicom's VR validation rather than a dicom3tools length check. Off-part on the same terms as the dciodvfy DS length classes."
dicom-validator,e396a7201581,Module <SR Document Content> (TAG) (Content Sequence) / (TAG) (Content Sequence) / (TAG) (Content Sequence) / (TAG) (Content Sequence) / (TAG) (Content Sequence) / (TAG) (Content Sequence) / (TAG) (Measured Value Sequence) Tag (TAG) (Numeric Value) has invalid value '-128.239501953125' for VR DS,ERROR,1,NET,PS3.5 Section 6.2 Value Representation,"PS3.5 Table 6.2-1 DICOM Value Representations, row DS","PS3.5 Table 6.2-1, row ""DS"" Decimal String, Length of Value column: ""16 bytes maximum"".","The same 17 character values dciodvfy reports, found independently by a second codebase through a different route, pydicom's VR validation rather than a dicom3tools length check. Off-part on the same terms as the dciodvfy DS length classes."
dicom-validator,e3fdbbf87333,Module <SR Document Content> (TAG) (Content Sequence) / (TAG) (Content Sequence) / (TAG) (Content Sequence) / (TAG) (Content Sequence) / (TAG) (Content Sequence) / (TAG) (Content Sequence) / (TAG) (Measured Value Sequence) Tag (TAG) (Numeric Value) has invalid value '-116.552368164062' for VR DS,ERROR,1,NET,PS3.5 Section 6.2 Value Representation,"PS3.5 Table 6.2-1 DICOM Value Representations, row DS","PS3.5 Table 6.2-1, row ""DS"" Decimal String, Length of Value column: ""16 bytes maximum"".","The same 17 character values dciodvfy reports, found independently by a second codebase through a different route, pydicom's VR validation rather than a dicom3tools length check. Off-part on the same terms as the dciodvfy DS length classes."
dicom-validator,e50aac669e44,Module <SR Document Content> (TAG) (Content Sequence) / (TAG) (Content Sequence) / (TAG) (Content Sequence) / (TAG) (Content Sequence) / (TAG) (Content Sequence) / (TAG) (Content Sequence) / (TAG) (Measured Value Sequence) Tag (TAG) (Numeric Value) has invalid value '-107.070556640625' for VR DS,ERROR,1,NET,PS3.5 Section 6.2 Value Representation,"PS3.5 Table 6.2-1 DICOM Value Representations, row DS","PS3.5 Table 6.2-1, row ""DS"" Decimal String, Length of Value column: ""16 bytes maximum"".","The same 17 character values dciodvfy reports, found independently by a second codebase through a different route, pydicom's VR validation rather than a dicom3tools length check. Off-part on the same terms as the dciodvfy DS length classes."
dicom-validator,e513f5ebfe16,Module <SR Document Content> (TAG) (Content Sequence) / (TAG) (Content Sequence) / (TAG) (Content Sequence) / (TAG) (Content Sequence) / (TAG) (Content Sequence) / (TAG) (Content Sequence) / (TAG) (Measured Value Sequence) Tag (TAG) (Numeric Value) has invalid value '-14.2473754882812' for VR DS,ERROR,1,NET,PS3.5 Section 6.2 Value Representation,"PS3.5 Table 6.2-1 DICOM Value Representations, row DS","PS3.5 Table 6.2-1, row ""DS"" Decimal String, Length of Value column: ""16 bytes maximum"".","The same 17 character values dciodvfy reports, found independently by a second codebase through a different route, pydicom's VR validation rather than a dicom3tools length check. Off-part on the same terms as the dciodvfy DS length classes."
dicom-validator,e63361bdb6e1,Module <SR Document Content> (TAG) (Content Sequence) / (TAG) (Content Sequence) / (TAG) (Content Sequence) / (TAG) (Content Sequence) / (TAG) (Content Sequence) / (TAG) (Content Sequence) / (TAG) (Measured Value Sequence) Tag (TAG) (Numeric Value) has invalid value '-191.455688476562' for VR DS,ERROR,1,NET,PS3.5 Section 6.2 Value Representation,"PS3.5 Table 6.2-1 DICOM Value Representations, row DS","PS3.5 Table 6.2-1, row ""DS"" Decimal String, Length of Value column: ""16 bytes maximum"".","The same 17 character values dciodvfy reports, found independently by a second codebase through a different route, pydicom's VR validation rather than a dicom3tools length check. Off-part on the same terms as the dciodvfy DS length classes."
dicom-validator,e8304bc2b33b,Module <SR Document Content> (TAG) (Content Sequence) / (TAG) (Content Sequence) / (TAG) (Content Sequence) / (TAG) (Content Sequence) / (TAG) (Content Sequence) / (TAG) (Content Sequence) / (TAG) (Measured Value Sequence) Tag (TAG) (Numeric Value) has invalid value '-58.7831420898438' for VR DS,ERROR,1,NET,PS3.5 Section 6.2 Value Representation,"PS3.5 Table 6.2-1 DICOM Value Representations, row DS","PS3.5 Table 6.2-1, row ""DS"" Decimal String, Length of Value column: ""16 bytes maximum"".","The same 17 character values dciodvfy reports, found independently by a second codebase through a different route, pydicom's VR validation rather than a dicom3tools length check. Off-part on the same terms as the dciodvfy DS length classes."
dicom-validator,ea882f988617,Module <SR Document Content> (TAG) (Content Sequence) / (TAG) (Content Sequence) / (TAG) (Content Sequence) / (TAG) (Content Sequence) / (TAG) (Content Sequence) / (TAG) (Content Sequence) / (TAG) (Measured Value Sequence) Tag (TAG) (Numeric Value) has invalid value '-181.487182617188' for VR DS,ERROR,1,NET,PS3.5 Section 6.2 Value Representation,"PS3.5 Table 6.2-1 DICOM Value Representations, row DS","PS3.5 Table 6.2-1, row ""DS"" Decimal String, Length of Value column: ""16 bytes maximum"".","The same 17 character values dciodvfy reports, found independently by a second codebase through a different route, pydicom's VR validation rather than a dicom3tools length check. Off-part on the same terms as the dciodvfy DS length classes."
dicom-validator,ec51615c3f92,Module <SR Document Content> (TAG) (Content Sequence) / (TAG) (Content Sequence) / (TAG) (Content Sequence) / (TAG) (Content Sequence) / (TAG) (Content Sequence) / (TAG) (Content Sequence) / (TAG) (Measured Value Sequence) Tag (TAG) (Numeric Value) has invalid value '-39.4876098632812' for VR DS,ERROR,1,NET,PS3.5 Section 6.2 Value Representation,"PS3.5 Table 6.2-1 DICOM Value Representations, row DS","PS3.5 Table 6.2-1, row ""DS"" Decimal String, Length of Value column: ""16 bytes maximum"".","The same 17 character values dciodvfy reports, found independently by a second codebase through a different route, pydicom's VR validation rather than a dicom3tools length check. Off-part on the same terms as the dciodvfy DS length classes."
dicom-validator,efd1c9a15dac,Module <SR Document Content> (TAG) (Content Sequence) / (TAG) (Content Sequence) / (TAG) (Content Sequence) / (TAG) (Content Sequence) / (TAG) (Content Sequence) / (TAG) (Content Sequence) / (TAG) (Measured Value Sequence) Tag (TAG) (Numeric Value) has invalid value '-22.3355102539062' for VR DS,ERROR,1,NET,PS3.5 Section 6.2 Value Representation,"PS3.5 Table 6.2-1 DICOM Value Representations, row DS","PS3.5 Table 6.2-1, row ""DS"" Decimal String, Length of Value column: ""16 bytes maximum"".","The same 17 character values dciodvfy reports, found independently by a second codebase through a different route, pydicom's VR validation rather than a dicom3tools length check. Off-part on the same terms as the dciodvfy DS length classes."
dicom-validator,f0a79816841e,Module <SR Document Content> (TAG) (Content Sequence) / (TAG) (Content Sequence) / (TAG) (Content Sequence) / (TAG) (Content Sequence) / (TAG) (Content Sequence) / (TAG) (Content Sequence) / (TAG) (Measured Value Sequence) Tag (TAG) (Numeric Value) has invalid value '-140.560668945312' for VR DS,ERROR,1,NET,PS3.5 Section 6.2 Value Representation,"PS3.5 Table 6.2-1 DICOM Value Representations, row DS","PS3.5 Table 6.2-1, row ""DS"" Decimal String, Length of Value column: ""16 bytes maximum"".","The same 17 character values dciodvfy reports, found independently by a second codebase through a different route, pydicom's VR validation rather than a dicom3tools length check. Off-part on the same terms as the dciodvfy DS length classes."
dicom-validator,f1b7cd56ee7d,Module <SR Document Content> (TAG) (Content Sequence) / (TAG) (Content Sequence) / (TAG) (Content Sequence) / (TAG) (Content Sequence) / (TAG) (Content Sequence) / (TAG) (Content Sequence) / (TAG) (Measured Value Sequence) Tag (TAG) (Numeric Value) has invalid value '-164.339111328125' for VR DS,ERROR,1,NET,PS3.5 Section 6.2 Value Representation,"PS3.5 Table 6.2-1 DICOM Value Representations, row DS","PS3.5 Table 6.2-1, row ""DS"" Decimal String, Length of Value column: ""16 bytes maximum"".","The same 17 character values dciodvfy reports, found independently by a second codebase through a different route, pydicom's VR validation rather than a dicom3tools length check. Off-part on the same terms as the dciodvfy DS length classes."
dicom-validator,f2a1f4f45680,Module <SR Document Content> (TAG) (Content Sequence) / (TAG) (Content Sequence) / (TAG) (Content Sequence) / (TAG) (Content Sequence) / (TAG) (Content Sequence) / (TAG) (Content Sequence) / (TAG) (Measured Value Sequence) Tag (TAG) (Numeric Value) has invalid value '-184.162170410156' for VR DS,ERROR,1,NET,PS3.5 Section 6.2 Value Representation,"PS3.5 Table 6.2-1 DICOM Value Representations, row DS","PS3.5 Table 6.2-1, row ""DS"" Decimal String, Length of Value column: ""16 bytes maximum"".","The same 17 character values dciodvfy reports, found independently by a second codebase through a different route, pydicom's VR validation rather than a dicom3tools length check. Off-part on the same terms as the dciodvfy DS length classes."
dicom-validator,f2a665444a6c,Module <SR Document Content> (TAG) (Content Sequence) / (TAG) (Content Sequence) / (TAG) (Content Sequence) / (TAG) (Content Sequence) / (TAG) (Content Sequence) / (TAG) (Content Sequence) / (TAG) (Measured Value Sequence) Tag (TAG) (Numeric Value) has invalid value '-120.528137207031' for VR DS,ERROR,1,NET,PS3.5 Section 6.2 Value Representation,"PS3.5 Table 6.2-1 DICOM Value Representations, row DS","PS3.5 Table 6.2-1, row ""DS"" Decimal String, Length of Value column: ""16 bytes maximum"".","The same 17 character values dciodvfy reports, found independently by a second codebase through a different route, pydicom's VR validation rather than a dicom3tools length check. Off-part on the same terms as the dciodvfy DS length classes."
dicom-validator,f463d43468d1,Module <SR Document Content> (TAG) (Content Sequence) / (TAG) (Content Sequence) / (TAG) (Content Sequence) / (TAG) (Content Sequence) / (TAG) (Content Sequence) / (TAG) (Content Sequence) / (TAG) (Measured Value Sequence) Tag (TAG) (Numeric Value) has invalid value '-13.6714477539062' for VR DS,ERROR,1,NET,PS3.5 Section 6.2 Value Representation,"PS3.5 Table 6.2-1 DICOM Value Representations, row DS","PS3.5 Table 6.2-1, row ""DS"" Decimal String, Length of Value column: ""16 bytes maximum"".","The same 17 character values dciodvfy reports, found independently by a second codebase through a different route, pydicom's VR validation rather than a dicom3tools length check. Off-part on the same terms as the dciodvfy DS length classes."
dicom-validator,f4ce7c359694,Module <SR Document Content> (TAG) (Content Sequence) / (TAG) (Content Sequence) / (TAG) (Content Sequence) / (TAG) (Content Sequence) / (TAG) (Content Sequence) / (TAG) (Content Sequence) / (TAG) (Measured Value Sequence) Tag (TAG) (Numeric Value) has invalid value '-107.261779785156' for VR DS,ERROR,1,NET,PS3.5 Section 6.2 Value Representation,"PS3.5 Table 6.2-1 DICOM Value Representations, row DS","PS3.5 Table 6.2-1, row ""DS"" Decimal String, Length of Value column: ""16 bytes maximum"".","The same 17 character values dciodvfy reports, found independently by a second codebase through a different route, pydicom's VR validation rather than a dicom3tools length check. Off-part on the same terms as the dciodvfy DS length classes."
dicom-validator,f58fd5b0362b,Module <SR Document Content> (TAG) (Content Sequence) / (TAG) (Content Sequence) / (TAG) (Content Sequence) / (TAG) (Content Sequence) / (TAG) (Content Sequence) / (TAG) (Content Sequence) / (TAG) (Measured Value Sequence) Tag (TAG) (Numeric Value) has invalid value '-89.1482543945312' for VR DS,ERROR,1,NET,PS3.5 Section 6.2 Value Representation,"PS3.5 Table 6.2-1 DICOM Value Representations, row DS","PS3.5 Table 6.2-1, row ""DS"" Decimal String, Length of Value column: ""16 bytes maximum"".","The same 17 character values dciodvfy reports, found independently by a second codebase through a different route, pydicom's VR validation rather than a dicom3tools length check. Off-part on the same terms as the dciodvfy DS length classes."
dicom-validator,f5b32cf6029f,Module <SR Document Content> (TAG) (Content Sequence) / (TAG) (Content Sequence) / (TAG) (Content Sequence) / (TAG) (Content Sequence) / (TAG) (Content Sequence) / (TAG) (Content Sequence) / (TAG) (Measured Value Sequence) Tag (TAG) (Numeric Value) has invalid value '-29.9044799804688' for VR DS,ERROR,1,NET,PS3.5 Section 6.2 Value Representation,"PS3.5 Table 6.2-1 DICOM Value Representations, row DS","PS3.5 Table 6.2-1, row ""DS"" Decimal String, Length of Value column: ""16 bytes maximum"".","The same 17 character values dciodvfy reports, found independently by a second codebase through a different route, pydicom's VR validation rather than a dicom3tools length check. Off-part on the same terms as the dciodvfy DS length classes."
dicom-validator,f669d3c8f652,Module <SR Document Content> (TAG) (Content Sequence) / (TAG) (Content Sequence) / (TAG) (Content Sequence) / (TAG) (Content Sequence) / (TAG) (Content Sequence) / (TAG) (Content Sequence) / (TAG) (Measured Value Sequence) Tag (TAG) (Numeric Value) has invalid value '-124.673950195312' for VR DS,ERROR,1,NET,PS3.5 Section 6.2 Value Representation,"PS3.5 Table 6.2-1 DICOM Value Representations, row DS","PS3.5 Table 6.2-1, row ""DS"" Decimal String, Length of Value column: ""16 bytes maximum"".","The same 17 character values dciodvfy reports, found independently by a second codebase through a different route, pydicom's VR validation rather than a dicom3tools length check. Off-part on the same terms as the dciodvfy DS length classes."
dicom-validator,f79fc745ce92,Module <SR Document Content> (TAG) (Content Sequence) / (TAG) (Content Sequence) / (TAG) (Content Sequence) / (TAG) (Content Sequence) / (TAG) (Content Sequence) / (TAG) (Content Sequence) / (TAG) (Measured Value Sequence) Tag (TAG) (Numeric Value) has invalid value '-125.520812988281' for VR DS,ERROR,1,NET,PS3.5 Section 6.2 Value Representation,"PS3.5 Table 6.2-1 DICOM Value Representations, row DS","PS3.5 Table 6.2-1, row ""DS"" Decimal String, Length of Value column: ""16 bytes maximum"".","The same 17 character values dciodvfy reports, found independently by a second codebase through a different route, pydicom's VR validation rather than a dicom3tools length check. Off-part on the same terms as the dciodvfy DS length classes."
dicom-validator,f7e3f23b0cc8,Module <SR Document Content> (TAG) (Content Sequence) / (TAG) (Content Sequence) / (TAG) (Content Sequence) / (TAG) (Content Sequence) / (TAG) (Content Sequence) / (TAG) (Content Sequence) / (TAG) (Measured Value Sequence) Tag (TAG) (Numeric Value) has invalid value '-140.554077148438' for VR DS,ERROR,1,NET,PS3.5 Section 6.2 Value Representation,"PS3.5 Table 6.2-1 DICOM Value Representations, row DS","PS3.5 Table 6.2-1, row ""DS"" Decimal String, Length of Value column: ""16 bytes maximum"".","The same 17 character values dciodvfy reports, found independently by a second codebase through a different route, pydicom's VR validation rather than a dicom3tools length check. Off-part on the same terms as the dciodvfy DS length classes."
dicom-validator,f80e771298f0,Module <SR Document Content> (TAG) (Content Sequence) / (TAG) (Content Sequence) / (TAG) (Content Sequence) / (TAG) (Content Sequence) / (TAG) (Content Sequence) / (TAG) (Content Sequence) / (TAG) (Measured Value Sequence) Tag (TAG) (Numeric Value) has invalid value '-34.8917846679688' for VR DS,ERROR,1,NET,PS3.5 Section 6.2 Value Representation,"PS3.5 Table 6.2-1 DICOM Value Representations, row DS","PS3.5 Table 6.2-1, row ""DS"" Decimal String, Length of Value column: ""16 bytes maximum"".","The same 17 character values dciodvfy reports, found independently by a second codebase through a different route, pydicom's VR validation rather than a dicom3tools length check. Off-part on the same terms as the dciodvfy DS length classes."
dicom-validator,f9e0c85ff359,Module <SR Document Content> (TAG) (Content Sequence) / (TAG) (Content Sequence) / (TAG) (Content Sequence) / (TAG) (Content Sequence) / (TAG) (Content Sequence) / (TAG) (Content Sequence) / (TAG) (Measured Value Sequence) Tag (TAG) (Numeric Value) has invalid value '-60.8021850585938' for VR DS,ERROR,1,NET,PS3.5 Section 6.2 Value Representation,"PS3.5 Table 6.2-1 DICOM Value Representations, row DS","PS3.5 Table 6.2-1, row ""DS"" Decimal String, Length of Value column: ""16 bytes maximum"".","The same 17 character values dciodvfy reports, found independently by a second codebase through a different route, pydicom's VR validation rather than a dicom3tools length check. Off-part on the same terms as the dciodvfy DS length classes."
dicom-validator,fbacf1d81d4a,Module <SR Document Content> (TAG) (Content Sequence) / (TAG) (Content Sequence) / (TAG) (Content Sequence) / (TAG) (Content Sequence) / (TAG) (Content Sequence) / (TAG) (Content Sequence) / (TAG) (Measured Value Sequence) Tag (TAG) (Numeric Value) has invalid value '-40.4402465820312' for VR DS,ERROR,1,NET,PS3.5 Section 6.2 Value Representation,"PS3.5 Table 6.2-1 DICOM Value Representations, row DS","PS3.5 Table 6.2-1, row ""DS"" Decimal String, Length of Value column: ""16 bytes maximum"".","The same 17 character values dciodvfy reports, found independently by a second codebase through a different route, pydicom's VR validation rather than a dicom3tools length check. Off-part on the same terms as the dciodvfy DS length classes."
dicom-validator,fffd526a5ffa,Module <SR Document Content> (TAG) (Content Sequence) / (TAG) (Content Sequence) / (TAG) (Content Sequence) / (TAG) (Content Sequence) / (TAG) (Content Sequence) / (TAG) (Content Sequence) / (TAG) (Measured Value Sequence) Tag (TAG) (Numeric Value) has invalid value '-32.2239379882812' for VR DS,ERROR,1,NET,PS3.5 Section 6.2 Value Representation,"PS3.5 Table 6.2-1 DICOM Value Representations, row DS","PS3.5 Table 6.2-1, row ""DS"" Decimal String, Length of Value column: ""16 bytes maximum"".","The same 17 character values dciodvfy reports, found independently by a second codebase through a different route, pydicom's VR validation rather than a dicom3tools length check. Off-part on the same terms as the dciodvfy DS length classes."
