validator,message_class_id,message_template,severity_as_emitted,objects,adjudication,rule,citation_section,citation_table,citation_quote,rationale
dciodvfy,815f5dab3ba7,Warning - Missing attribute or value that would be needed to build DICOMDIR - Study ID,Warning,5312,NOT-IOD,DICOMDIR,PS3.3 Section F.5.2 Study Directory Record Definition; PS3.3 Section C.7.2.1 General Study Module,PS3.3 Table F.5-2 Study Keys; PS3.3 Table C.7-3 General Study Module Attributes,"PS3.3 Table C.7-3, row ""Study ID"", tag (0020,0010), Type 2: ""User or equipment generated Study identifier."" Row ""Study Time"", tag (0008,0030), Type 2: ""Time the Study started.""","The canonical NOT-IOD case named in the rubric. The attributes are wanted for a Study Directory Record of the Basic Directory IOD, which is the DICOMDIR, an object this study does not build and IDC does not distribute. Both are Type 2 in the module the Comprehensive 3D SR IOD actually includes, so a zero length value satisfies them, and dciodvfy raised no Type 2 message against either attribute on any object in this class. dciodvfy says in the message text that this is about building a DICOMDIR, emits it at Warning severity, and names no Type."
dciodvfy,4a71864409dc,Warning - Missing attribute or value that would be needed to build DICOMDIR - Study Time,Warning,3178,NOT-IOD,DICOMDIR,PS3.3 Section F.5.2 Study Directory Record Definition; PS3.3 Section C.7.2.1 General Study Module,PS3.3 Table F.5-2 Study Keys; PS3.3 Table C.7-3 General Study Module Attributes,"PS3.3 Table C.7-3, row ""Study ID"", tag (0020,0010), Type 2: ""User or equipment generated Study identifier."" Row ""Study Time"", tag (0008,0030), Type 2: ""Time the Study started.""","The canonical NOT-IOD case named in the rubric. The attributes are wanted for a Study Directory Record of the Basic Directory IOD, which is the DICOMDIR, an object this study does not build and IDC does not distribute. Both are Type 2 in the module the Comprehensive 3D SR IOD actually includes, so a zero length value satisfies them, and dciodvfy raised no Type 2 message against either attribute on any object in this class. dciodvfy says in the message text that this is about building a DICOMDIR, emits it at Warning severity, and names no Type."
dciodvfy,5f2ebd7be984,Error - Missing attribute Type 2 Required Element=<ClinicalTrialSiteName> Module=<ClinicalTrialSubject>,Error,935,NET,CT_SUBJECT_TYPE2,PS3.3 Section C.7.1.3 Clinical Trial Subject Module; PS3.3 Section A.1.3 IOD Module Table and Functional Group Macro Table and Section A.1.3.3 User Option Modules; PS3.3 Section A.35.13 Comprehensive 3D SR IOD; Type 2 semantics in PS3.5 Section 7.4.3,"PS3.3 Table C.7-2b Clinical Trial Subject Module Attributes, rows Clinical Trial Site ID (0012,0030) Type 2 and Clinical Trial Site Name (0012,0031) Type 2; PS3.3 Table A.35.13-1 Comprehensive 3D SR IOD Modules, row Clinical Trial Subject, Usage U","PS3.3 Table C.7-2b, row ""Clinical Trial Site Name"", tag (0012,0031), Type 2: ""Name of the site responsible for submitting clinical trial or research data."" Row ""Clinical Trial Site ID"", tag (0012,0030), Type 2: ""The identifier of the site responsible for submitting clinical trial or research data."" PS3.3 Table A.35.13-1 gives the Clinical Trial Subject Module Usage U. PS3.3 Section A.1.3.3 User Option Modules, in full: ""User Option Modules may or may not be supported. If an optional Module is supported, the Attribute Types specified in the Modules in Annex C shall be supported."" PS3.5 Section 7.4.3: ""IODs and SOP Classes define Type 2 Data Elements that shall be included and are mandatory Data Elements. However, it is permissible that if a Value for a Type 2 Data Element is unknown it can be encoded with zero Value Length and no Value. ... These Data Elements shall be included in the Data Set and their absence is a protocol violation.""","A Type 2 attribute of a Module the object carries is absent entirely, not present and zero length, which PS3.5 Section 7.4.3 calls a protocol violation in terms. Two validators from different codebases report it on identical object sets, 935 objects for Site Name and 8 for Site ID with nothing on either side of either difference. One residual is recorded and not resolved: PS3.3 Section A.1.3.3 conditions the obligation on the optional Module being supported, and PS3.3 states no test for when a stored Data Set supports one. Both tools decide that antecedent from the presence of other attributes of the Module, dciodvfy by naming the Module in the message and dicom-validator through its documented _does_module_strongly_exist check, and neither is quoting the standard when it does so. Every triple in the report is also given with this rule demoted to UNDECIDABLE."
dciodvfy,113635600c0a,Error - Missing attribute Type 1C Conditional Element=<DeidentificationMethodCodeSequence> Module=<Patient>,Error,828,NET,DEIDENT_1C,PS3.3 Section C.7.1.1 Patient Module; PS3.3 Section A.35.13 Comprehensive 3D SR IOD; Type 1C semantics in PS3.5 Section 7.4.2,"PS3.3 Table C.7-1 Patient Module Attributes, rows De-identification Method (0012,0063) Type 1C and De-identification Method Code Sequence (0012,0064) Type 1C; PS3.3 Table A.35.13-1 Comprehensive 3D SR IOD Modules, row Patient, Usage M","PS3.3 Table C.7-1, row ""De-identification Method"", tag (0012,0063), Type 1C, closing sentences of the Attribute Description: ""Required if Patient Identity Removed (0012,0062) is present and has a Value of YES and De-identification Method Code Sequence (0012,0064) is not present. May be present otherwise."" Row ""De-identification Method Code Sequence"", tag (0012,0064), Type 1C: ""Required if Patient Identity Removed (0012,0062) is present and has a Value of YES and De-identification Method (0012,0063) is not present. May be present otherwise."" PS3.5 Section 7.4.2: ""IODs and SOP Classes define Data Elements that shall be included under certain specified conditions. Type 1C Data Elements have the same requirements as Type 1 Data Elements under these conditions. It is a protocol violation if the specified conditions are met and the Data Element is not included.""","The two conditions refer to each other, so both are met exactly when Patient Identity Removed (0012,0062) is present with Value YES and neither attribute is present. That is the only state in which both messages can be raised together, and both are raised together on all 828 objects by dciodvfy and independently by dicom-validator, with nothing on any side of any difference. The condition is fully evaluable from the Data Set, unlike the Laterality Type 2C already adjudicated FLOOR for this project, because every term of it is an attribute in the same Module. The Patient Module is Usage M in Table A.35.13-1, so no module presence question arises."
dciodvfy,a9d5bb8768bb,Error - Missing attribute Type 1C Conditional Element=<DeidentificationMethod> Module=<Patient>,Error,828,NET,DEIDENT_1C,PS3.3 Section C.7.1.1 Patient Module; PS3.3 Section A.35.13 Comprehensive 3D SR IOD; Type 1C semantics in PS3.5 Section 7.4.2,"PS3.3 Table C.7-1 Patient Module Attributes, rows De-identification Method (0012,0063) Type 1C and De-identification Method Code Sequence (0012,0064) Type 1C; PS3.3 Table A.35.13-1 Comprehensive 3D SR IOD Modules, row Patient, Usage M","PS3.3 Table C.7-1, row ""De-identification Method"", tag (0012,0063), Type 1C, closing sentences of the Attribute Description: ""Required if Patient Identity Removed (0012,0062) is present and has a Value of YES and De-identification Method Code Sequence (0012,0064) is not present. May be present otherwise."" Row ""De-identification Method Code Sequence"", tag (0012,0064), Type 1C: ""Required if Patient Identity Removed (0012,0062) is present and has a Value of YES and De-identification Method (0012,0063) is not present. May be present otherwise."" PS3.5 Section 7.4.2: ""IODs and SOP Classes define Data Elements that shall be included under certain specified conditions. Type 1C Data Elements have the same requirements as Type 1 Data Elements under these conditions. It is a protocol violation if the specified conditions are met and the Data Element is not included.""","The two conditions refer to each other, so both are met exactly when Patient Identity Removed (0012,0062) is present with Value YES and neither attribute is present. That is the only state in which both messages can be raised together, and both are raised together on all 828 objects by dciodvfy and independently by dicom-validator, with nothing on any side of any difference. The condition is fully evaluable from the Data Set, unlike the Laterality Type 2C already adjudicated FLOOR for this project, because every term of it is an attribute in the same Module. The Patient Module is Usage M in Table A.35.13-1, so no module presence question arises."
dciodvfy,b4222489c019,Warning - Value dubious for this VR - (TAG) PN Person Name PN [1] = <Anonymized> - Retired Person Name form,Warning,96,PLAUSIBILITY,RETIRED_PN,"not applicable, no requirement is cited by the message",not applicable,,"Named in the rubric as a plausibility heuristic. The message is about the shape of a PN value, a single component with no caret delimiters, which PS3.5 Table 6.2-1 permits for VR PN. No Type and no condition is asserted, and dciodvfy emits it at Warning severity with the word dubious. 1,209 of the 1,224 message classes in this SOP class fall under this rule, one per distinct name value, because the census keys a class on the normalised message text and the value sits inside it."
dciodvfy,d1a80ff436c3,Error - Missing attribute Type 1 Required Element=<ReferencedSOPClassUID> Module=<SOPInstanceReferenceMacro>,Error,38,NET,REF_SOP_CLASS_UID,PS3.3 Section 10.8 SOP Instance Reference Macro; reached from PS3.3 Section C.7.2.1 General Study Module; Type 1 semantics in PS3.5 Section 7.4.1 and per-Item scope in PS3.5 Section 7.4.6,"PS3.3 Table 10-11 SOP Instance Reference Macro Attributes, row Referenced SOP Class UID (0008,1150) Type 1; included by PS3.3 Table C.7-3 General Study Module Attributes, row Referenced Study Sequence (0008,1110) Type 3","PS3.3 Table 10-11, row ""Referenced SOP Class UID"", tag (0008,1150), Type 1: ""Uniquely identifies the referenced SOP Class."" PS3.3 Table C.7-3, row ""Referenced Study Sequence"", tag (0008,1110), Type 3: ""A Sequence that provides reference to a Study. One or more Items are permitted in this Sequence."", followed by the row "">Include Table 10-11 SOP Instance Reference Macro Attributes"". PS3.5 Section 7.4.1: ""IODs and SOP Classes define Type 1 Data Elements that shall be included and are mandatory Data Elements. ... Absence of a valid Value in a Type 1 Data Element is a protocol violation."" PS3.5 Section 7.4.6: ""The Types of the Attributes of the Data Set included in the Sequence, including any conditionality, are specified within the scope of each Data Set, i.e., for each Item present in the Sequence.""","Referenced Study Sequence is Type 3, so it need not be present at all, but PS3.5 Section 7.4.6 puts the Types of Table 10-11 in scope for every Item that is present. The Item is present and its Type 1 Referenced SOP Class UID is not. dicom-validator reaches the same 38 objects by a different route and prints the full path, Module <General Study> (0008,1110) (Referenced Study Sequence) Tag (0008,1150) (Referenced SOP Class UID) is missing, which names the enclosing Sequence that dciodvfy's message does not. Its error code is TagMissing, not TagUnexpected, so the modelling defect recorded against this tool for nested macro children in the Comprehensive SR adjudication does not reach it."
dciodvfy,6b310a024f72,Error - Missing attribute Type 2 Required Element=<ClinicalTrialSiteID> Module=<ClinicalTrialSubject>,Error,8,NET,CT_SUBJECT_TYPE2,PS3.3 Section C.7.1.3 Clinical Trial Subject Module; PS3.3 Section A.1.3 IOD Module Table and Functional Group Macro Table and Section A.1.3.3 User Option Modules; PS3.3 Section A.35.13 Comprehensive 3D SR IOD; Type 2 semantics in PS3.5 Section 7.4.3,"PS3.3 Table C.7-2b Clinical Trial Subject Module Attributes, rows Clinical Trial Site ID (0012,0030) Type 2 and Clinical Trial Site Name (0012,0031) Type 2; PS3.3 Table A.35.13-1 Comprehensive 3D SR IOD Modules, row Clinical Trial Subject, Usage U","PS3.3 Table C.7-2b, row ""Clinical Trial Site Name"", tag (0012,0031), Type 2: ""Name of the site responsible for submitting clinical trial or research data."" Row ""Clinical Trial Site ID"", tag (0012,0030), Type 2: ""The identifier of the site responsible for submitting clinical trial or research data."" PS3.3 Table A.35.13-1 gives the Clinical Trial Subject Module Usage U. PS3.3 Section A.1.3.3 User Option Modules, in full: ""User Option Modules may or may not be supported. If an optional Module is supported, the Attribute Types specified in the Modules in Annex C shall be supported."" PS3.5 Section 7.4.3: ""IODs and SOP Classes define Type 2 Data Elements that shall be included and are mandatory Data Elements. However, it is permissible that if a Value for a Type 2 Data Element is unknown it can be encoded with zero Value Length and no Value. ... These Data Elements shall be included in the Data Set and their absence is a protocol violation.""","A Type 2 attribute of a Module the object carries is absent entirely, not present and zero length, which PS3.5 Section 7.4.3 calls a protocol violation in terms. Two validators from different codebases report it on identical object sets, 935 objects for Site Name and 8 for Site ID with nothing on either side of either difference. One residual is recorded and not resolved: PS3.3 Section A.1.3.3 conditions the obligation on the optional Module being supported, and PS3.3 states no test for when a stored Data Set supports one. Both tools decide that antecedent from the presence of other attributes of the Module, dciodvfy by naming the Module in the message and dicom-validator through its documented _does_module_strongly_exist check, and neither is quoting the standard when it does so. Every triple in the report is also given with this rule demoted to UNDECIDABLE."
dciodvfy,1a2e5ee5815a,Warning - Value dubious for this VR - (TAG) PN Patient's Name PN [1] = <Lung_Dx-A0164> - Retired Person Name form,Warning,6,PLAUSIBILITY,RETIRED_PN,"not applicable, no requirement is cited by the message",not applicable,,"Named in the rubric as a plausibility heuristic. The message is about the shape of a PN value, a single component with no caret delimiters, which PS3.5 Table 6.2-1 permits for VR PN. No Type and no condition is asserted, and dciodvfy emits it at Warning severity with the word dubious. 1,209 of the 1,224 message classes in this SOP class fall under this rule, one per distinct name value, because the census keys a class on the normalised message text and the value sits inside it."
dciodvfy,2e9f41a00272,Warning - Value dubious for this VR - (TAG) PN Patient's Name PN [1] = <Lung_Dx-A0166> - Retired Person Name form,Warning,6,PLAUSIBILITY,RETIRED_PN,"not applicable, no requirement is cited by the message",not applicable,,"Named in the rubric as a plausibility heuristic. The message is about the shape of a PN value, a single component with no caret delimiters, which PS3.5 Table 6.2-1 permits for VR PN. No Type and no condition is asserted, and dciodvfy emits it at Warning severity with the word dubious. 1,209 of the 1,224 message classes in this SOP class fall under this rule, one per distinct name value, because the census keys a class on the normalised message text and the value sits inside it."
dciodvfy,4d1cb6689c65,Warning - Value dubious for this VR - (TAG) PN Patient's Name PN [1] = <Lung_Dx-B0040> - Retired Person Name form,Warning,6,PLAUSIBILITY,RETIRED_PN,"not applicable, no requirement is cited by the message",not applicable,,"Named in the rubric as a plausibility heuristic. The message is about the shape of a PN value, a single component with no caret delimiters, which PS3.5 Table 6.2-1 permits for VR PN. No Type and no condition is asserted, and dciodvfy emits it at Warning severity with the word dubious. 1,209 of the 1,224 message classes in this SOP class fall under this rule, one per distinct name value, because the census keys a class on the normalised message text and the value sits inside it."
dciodvfy,7365846b2b7c,Warning - Value dubious for this VR - (TAG) PN Patient's Name PN [1] = <Lung_Dx-A0104> - Retired Person Name form,Warning,6,PLAUSIBILITY,RETIRED_PN,"not applicable, no requirement is cited by the message",not applicable,,"Named in the rubric as a plausibility heuristic. The message is about the shape of a PN value, a single component with no caret delimiters, which PS3.5 Table 6.2-1 permits for VR PN. No Type and no condition is asserted, and dciodvfy emits it at Warning severity with the word dubious. 1,209 of the 1,224 message classes in this SOP class fall under this rule, one per distinct name value, because the census keys a class on the normalised message text and the value sits inside it."
dciodvfy,7cbe9ddce4b4,Warning - Value dubious for this VR - (TAG) PN Patient's Name PN [1] = <Lung_Dx-A0090> - Retired Person Name form,Warning,6,PLAUSIBILITY,RETIRED_PN,"not applicable, no requirement is cited by the message",not applicable,,"Named in the rubric as a plausibility heuristic. The message is about the shape of a PN value, a single component with no caret delimiters, which PS3.5 Table 6.2-1 permits for VR PN. No Type and no condition is asserted, and dciodvfy emits it at Warning severity with the word dubious. 1,209 of the 1,224 message classes in this SOP class fall under this rule, one per distinct name value, because the census keys a class on the normalised message text and the value sits inside it."
dciodvfy,89cd23320e02,Warning - Value dubious for this VR - (TAG) PN Patient's Name PN [1] = <Lung_Dx-A0083> - Retired Person Name form,Warning,6,PLAUSIBILITY,RETIRED_PN,"not applicable, no requirement is cited by the message",not applicable,,"Named in the rubric as a plausibility heuristic. The message is about the shape of a PN value, a single component with no caret delimiters, which PS3.5 Table 6.2-1 permits for VR PN. No Type and no condition is asserted, and dciodvfy emits it at Warning severity with the word dubious. 1,209 of the 1,224 message classes in this SOP class fall under this rule, one per distinct name value, because the census keys a class on the normalised message text and the value sits inside it."
dciodvfy,8a033c6c013d,Warning - Value dubious for this VR - (TAG) PN Patient's Name PN [1] = <Lung_Dx-A0084> - Retired Person Name form,Warning,6,PLAUSIBILITY,RETIRED_PN,"not applicable, no requirement is cited by the message",not applicable,,"Named in the rubric as a plausibility heuristic. The message is about the shape of a PN value, a single component with no caret delimiters, which PS3.5 Table 6.2-1 permits for VR PN. No Type and no condition is asserted, and dciodvfy emits it at Warning severity with the word dubious. 1,209 of the 1,224 message classes in this SOP class fall under this rule, one per distinct name value, because the census keys a class on the normalised message text and the value sits inside it."
dciodvfy,8db5add473e2,Warning - Value dubious for this VR - (TAG) PN Patient's Name PN [1] = <Lung_Dx-A0134> - Retired Person Name form,Warning,6,PLAUSIBILITY,RETIRED_PN,"not applicable, no requirement is cited by the message",not applicable,,"Named in the rubric as a plausibility heuristic. The message is about the shape of a PN value, a single component with no caret delimiters, which PS3.5 Table 6.2-1 permits for VR PN. No Type and no condition is asserted, and dciodvfy emits it at Warning severity with the word dubious. 1,209 of the 1,224 message classes in this SOP class fall under this rule, one per distinct name value, because the census keys a class on the normalised message text and the value sits inside it."
dciodvfy,963861966938,Warning - Value dubious for this VR - (TAG) PN Patient's Name PN [1] = <Lung_Dx-A0117> - Retired Person Name form,Warning,6,PLAUSIBILITY,RETIRED_PN,"not applicable, no requirement is cited by the message",not applicable,,"Named in the rubric as a plausibility heuristic. The message is about the shape of a PN value, a single component with no caret delimiters, which PS3.5 Table 6.2-1 permits for VR PN. No Type and no condition is asserted, and dciodvfy emits it at Warning severity with the word dubious. 1,209 of the 1,224 message classes in this SOP class fall under this rule, one per distinct name value, because the census keys a class on the normalised message text and the value sits inside it."
dciodvfy,ce63795357f6,Warning - Value dubious for this VR - (TAG) PN Patient's Name PN [1] = <Lung_Dx-A0078> - Retired Person Name form,Warning,6,PLAUSIBILITY,RETIRED_PN,"not applicable, no requirement is cited by the message",not applicable,,"Named in the rubric as a plausibility heuristic. The message is about the shape of a PN value, a single component with no caret delimiters, which PS3.5 Table 6.2-1 permits for VR PN. No Type and no condition is asserted, and dciodvfy emits it at Warning severity with the word dubious. 1,209 of the 1,224 message classes in this SOP class fall under this rule, one per distinct name value, because the census keys a class on the normalised message text and the value sits inside it."
dciodvfy,dd94b0d168f2,Warning - Value dubious for this VR - (TAG) PN Patient's Name PN [1] = <Lung_Dx-A0063> - Retired Person Name form,Warning,6,PLAUSIBILITY,RETIRED_PN,"not applicable, no requirement is cited by the message",not applicable,,"Named in the rubric as a plausibility heuristic. The message is about the shape of a PN value, a single component with no caret delimiters, which PS3.5 Table 6.2-1 permits for VR PN. No Type and no condition is asserted, and dciodvfy emits it at Warning severity with the word dubious. 1,209 of the 1,224 message classes in this SOP class fall under this rule, one per distinct name value, because the census keys a class on the normalised message text and the value sits inside it."
dciodvfy,e581bf9763fd,Warning - Value dubious for this VR - (TAG) PN Patient's Name PN [1] = <Lung_Dx-A0221> - Retired Person Name form,Warning,6,PLAUSIBILITY,RETIRED_PN,"not applicable, no requirement is cited by the message",not applicable,,"Named in the rubric as a plausibility heuristic. The message is about the shape of a PN value, a single component with no caret delimiters, which PS3.5 Table 6.2-1 permits for VR PN. No Type and no condition is asserted, and dciodvfy emits it at Warning severity with the word dubious. 1,209 of the 1,224 message classes in this SOP class fall under this rule, one per distinct name value, because the census keys a class on the normalised message text and the value sits inside it."
dciodvfy,e98c6d340eb6,Warning - Value dubious for this VR - (TAG) PN Patient's Name PN [1] = <Lung_Dx-A0216> - Retired Person Name form,Warning,6,PLAUSIBILITY,RETIRED_PN,"not applicable, no requirement is cited by the message",not applicable,,"Named in the rubric as a plausibility heuristic. The message is about the shape of a PN value, a single component with no caret delimiters, which PS3.5 Table 6.2-1 permits for VR PN. No Type and no condition is asserted, and dciodvfy emits it at Warning severity with the word dubious. 1,209 of the 1,224 message classes in this SOP class fall under this rule, one per distinct name value, because the census keys a class on the normalised message text and the value sits inside it."
dciodvfy,f3af4ceb87c7,Warning - Value dubious for this VR - (TAG) PN Patient's Name PN [1] = <Lung_Dx-A0105> - Retired Person Name form,Warning,6,PLAUSIBILITY,RETIRED_PN,"not applicable, no requirement is cited by the message",not applicable,,"Named in the rubric as a plausibility heuristic. The message is about the shape of a PN value, a single component with no caret delimiters, which PS3.5 Table 6.2-1 permits for VR PN. No Type and no condition is asserted, and dciodvfy emits it at Warning severity with the word dubious. 1,209 of the 1,224 message classes in this SOP class fall under this rule, one per distinct name value, because the census keys a class on the normalised message text and the value sits inside it."
dciodvfy,f80cba969ea9,Warning - Value dubious for this VR - (TAG) PN Patient's Name PN [1] = <Lung_Dx-A0050> - Retired Person Name form,Warning,6,PLAUSIBILITY,RETIRED_PN,"not applicable, no requirement is cited by the message",not applicable,,"Named in the rubric as a plausibility heuristic. The message is about the shape of a PN value, a single component with no caret delimiters, which PS3.5 Table 6.2-1 permits for VR PN. No Type and no condition is asserted, and dciodvfy emits it at Warning severity with the word dubious. 1,209 of the 1,224 message classes in this SOP class fall under this rule, one per distinct name value, because the census keys a class on the normalised message text and the value sits inside it."
dciodvfy,fb32009fe97b,Warning - Value dubious for this VR - (TAG) PN Patient's Name PN [1] = <Lung_Dx-G0037> - Retired Person Name form,Warning,6,PLAUSIBILITY,RETIRED_PN,"not applicable, no requirement is cited by the message",not applicable,,"Named in the rubric as a plausibility heuristic. The message is about the shape of a PN value, a single component with no caret delimiters, which PS3.5 Table 6.2-1 permits for VR PN. No Type and no condition is asserted, and dciodvfy emits it at Warning severity with the word dubious. 1,209 of the 1,224 message classes in this SOP class fall under this rule, one per distinct name value, because the census keys a class on the normalised message text and the value sits inside it."
dciodvfy,fe1ea93077b7,Warning - Value dubious for this VR - (TAG) PN Patient's Name PN [1] = <Lung_Dx-A0165> - Retired Person Name form,Warning,6,PLAUSIBILITY,RETIRED_PN,"not applicable, no requirement is cited by the message",not applicable,,"Named in the rubric as a plausibility heuristic. The message is about the shape of a PN value, a single component with no caret delimiters, which PS3.5 Table 6.2-1 permits for VR PN. No Type and no condition is asserted, and dciodvfy emits it at Warning severity with the word dubious. 1,209 of the 1,224 message classes in this SOP class fall under this rule, one per distinct name value, because the census keys a class on the normalised message text and the value sits inside it."
dciodvfy,0ec0a056b81d,Warning - Value dubious for this VR - (TAG) PN Patient's Name PN [1] = <Lung_Dx-B0033> - Retired Person Name form,Warning,5,PLAUSIBILITY,RETIRED_PN,"not applicable, no requirement is cited by the message",not applicable,,"Named in the rubric as a plausibility heuristic. The message is about the shape of a PN value, a single component with no caret delimiters, which PS3.5 Table 6.2-1 permits for VR PN. No Type and no condition is asserted, and dciodvfy emits it at Warning severity with the word dubious. 1,209 of the 1,224 message classes in this SOP class fall under this rule, one per distinct name value, because the census keys a class on the normalised message text and the value sits inside it."
dciodvfy,129b83c94163,Warning - Value dubious for this VR - (TAG) PN Patient's Name PN [1] = <Lung_Dx-A0258> - Retired Person Name form,Warning,5,PLAUSIBILITY,RETIRED_PN,"not applicable, no requirement is cited by the message",not applicable,,"Named in the rubric as a plausibility heuristic. The message is about the shape of a PN value, a single component with no caret delimiters, which PS3.5 Table 6.2-1 permits for VR PN. No Type and no condition is asserted, and dciodvfy emits it at Warning severity with the word dubious. 1,209 of the 1,224 message classes in this SOP class fall under this rule, one per distinct name value, because the census keys a class on the normalised message text and the value sits inside it."
dciodvfy,17c9f6b01efc,Warning - Value dubious for this VR - (TAG) PN Patient's Name PN [1] = <Lung_Dx-A0126> - Retired Person Name form,Warning,5,PLAUSIBILITY,RETIRED_PN,"not applicable, no requirement is cited by the message",not applicable,,"Named in the rubric as a plausibility heuristic. The message is about the shape of a PN value, a single component with no caret delimiters, which PS3.5 Table 6.2-1 permits for VR PN. No Type and no condition is asserted, and dciodvfy emits it at Warning severity with the word dubious. 1,209 of the 1,224 message classes in this SOP class fall under this rule, one per distinct name value, because the census keys a class on the normalised message text and the value sits inside it."
dciodvfy,23aafb1fa046,Warning - Value dubious for this VR - (TAG) PN Patient's Name PN [1] = <Lung_Dx-A0015> - Retired Person Name form,Warning,5,PLAUSIBILITY,RETIRED_PN,"not applicable, no requirement is cited by the message",not applicable,,"Named in the rubric as a plausibility heuristic. The message is about the shape of a PN value, a single component with no caret delimiters, which PS3.5 Table 6.2-1 permits for VR PN. No Type and no condition is asserted, and dciodvfy emits it at Warning severity with the word dubious. 1,209 of the 1,224 message classes in this SOP class fall under this rule, one per distinct name value, because the census keys a class on the normalised message text and the value sits inside it."
dciodvfy,2f5fb4d7f910,Warning - Value dubious for this VR - (TAG) PN Patient's Name PN [1] = <Lung_Dx-A0014> - Retired Person Name form,Warning,5,PLAUSIBILITY,RETIRED_PN,"not applicable, no requirement is cited by the message",not applicable,,"Named in the rubric as a plausibility heuristic. The message is about the shape of a PN value, a single component with no caret delimiters, which PS3.5 Table 6.2-1 permits for VR PN. No Type and no condition is asserted, and dciodvfy emits it at Warning severity with the word dubious. 1,209 of the 1,224 message classes in this SOP class fall under this rule, one per distinct name value, because the census keys a class on the normalised message text and the value sits inside it."
dciodvfy,3ee2ffb8d691,Warning - Value dubious for this VR - (TAG) PN Patient's Name PN [1] = <Lung_Dx-A0103> - Retired Person Name form,Warning,5,PLAUSIBILITY,RETIRED_PN,"not applicable, no requirement is cited by the message",not applicable,,"Named in the rubric as a plausibility heuristic. The message is about the shape of a PN value, a single component with no caret delimiters, which PS3.5 Table 6.2-1 permits for VR PN. No Type and no condition is asserted, and dciodvfy emits it at Warning severity with the word dubious. 1,209 of the 1,224 message classes in this SOP class fall under this rule, one per distinct name value, because the census keys a class on the normalised message text and the value sits inside it."
dciodvfy,5417b74edcb5,Warning - Value dubious for this VR - (TAG) PN Patient's Name PN [1] = <Lung_Dx-A0038> - Retired Person Name form,Warning,5,PLAUSIBILITY,RETIRED_PN,"not applicable, no requirement is cited by the message",not applicable,,"Named in the rubric as a plausibility heuristic. The message is about the shape of a PN value, a single component with no caret delimiters, which PS3.5 Table 6.2-1 permits for VR PN. No Type and no condition is asserted, and dciodvfy emits it at Warning severity with the word dubious. 1,209 of the 1,224 message classes in this SOP class fall under this rule, one per distinct name value, because the census keys a class on the normalised message text and the value sits inside it."
dciodvfy,54d3296ad901,Warning - Value dubious for this VR - (TAG) PN Patient's Name PN [1] = <Lung_Dx-G0036> - Retired Person Name form,Warning,5,PLAUSIBILITY,RETIRED_PN,"not applicable, no requirement is cited by the message",not applicable,,"Named in the rubric as a plausibility heuristic. The message is about the shape of a PN value, a single component with no caret delimiters, which PS3.5 Table 6.2-1 permits for VR PN. No Type and no condition is asserted, and dciodvfy emits it at Warning severity with the word dubious. 1,209 of the 1,224 message classes in this SOP class fall under this rule, one per distinct name value, because the census keys a class on the normalised message text and the value sits inside it."
dciodvfy,6c113dc688f8,Warning - Value dubious for this VR - (TAG) PN Patient's Name PN [1] = <Lung_Dx-G0040> - Retired Person Name form,Warning,5,PLAUSIBILITY,RETIRED_PN,"not applicable, no requirement is cited by the message",not applicable,,"Named in the rubric as a plausibility heuristic. The message is about the shape of a PN value, a single component with no caret delimiters, which PS3.5 Table 6.2-1 permits for VR PN. No Type and no condition is asserted, and dciodvfy emits it at Warning severity with the word dubious. 1,209 of the 1,224 message classes in this SOP class fall under this rule, one per distinct name value, because the census keys a class on the normalised message text and the value sits inside it."
dciodvfy,6d59b3841b0a,Warning - Value dubious for this VR - (TAG) PN Patient's Name PN [1] = <Lung_Dx-A0178> - Retired Person Name form,Warning,5,PLAUSIBILITY,RETIRED_PN,"not applicable, no requirement is cited by the message",not applicable,,"Named in the rubric as a plausibility heuristic. The message is about the shape of a PN value, a single component with no caret delimiters, which PS3.5 Table 6.2-1 permits for VR PN. No Type and no condition is asserted, and dciodvfy emits it at Warning severity with the word dubious. 1,209 of the 1,224 message classes in this SOP class fall under this rule, one per distinct name value, because the census keys a class on the normalised message text and the value sits inside it."
dciodvfy,77e01d2d1ff5,Warning - Value dubious for this VR - (TAG) PN Patient's Name PN [1] = <Lung_Dx-G0035> - Retired Person Name form,Warning,5,PLAUSIBILITY,RETIRED_PN,"not applicable, no requirement is cited by the message",not applicable,,"Named in the rubric as a plausibility heuristic. The message is about the shape of a PN value, a single component with no caret delimiters, which PS3.5 Table 6.2-1 permits for VR PN. No Type and no condition is asserted, and dciodvfy emits it at Warning severity with the word dubious. 1,209 of the 1,224 message classes in this SOP class fall under this rule, one per distinct name value, because the census keys a class on the normalised message text and the value sits inside it."
dciodvfy,8879354177d3,Warning - Value dubious for this VR - (TAG) PN Patient's Name PN [1] = <Lung_Dx-G0039> - Retired Person Name form,Warning,5,PLAUSIBILITY,RETIRED_PN,"not applicable, no requirement is cited by the message",not applicable,,"Named in the rubric as a plausibility heuristic. The message is about the shape of a PN value, a single component with no caret delimiters, which PS3.5 Table 6.2-1 permits for VR PN. No Type and no condition is asserted, and dciodvfy emits it at Warning severity with the word dubious. 1,209 of the 1,224 message classes in this SOP class fall under this rule, one per distinct name value, because the census keys a class on the normalised message text and the value sits inside it."
dciodvfy,887c1ca0bee4,Warning - Value dubious for this VR - (TAG) PN Patient's Name PN [1] = <Lung_Dx-A0167> - Retired Person Name form,Warning,5,PLAUSIBILITY,RETIRED_PN,"not applicable, no requirement is cited by the message",not applicable,,"Named in the rubric as a plausibility heuristic. The message is about the shape of a PN value, a single component with no caret delimiters, which PS3.5 Table 6.2-1 permits for VR PN. No Type and no condition is asserted, and dciodvfy emits it at Warning severity with the word dubious. 1,209 of the 1,224 message classes in this SOP class fall under this rule, one per distinct name value, because the census keys a class on the normalised message text and the value sits inside it."
dciodvfy,c03b739c6394,Warning - Value dubious for this VR - (TAG) PN Patient's Name PN [1] = <Lung_Dx-A0113> - Retired Person Name form,Warning,5,PLAUSIBILITY,RETIRED_PN,"not applicable, no requirement is cited by the message",not applicable,,"Named in the rubric as a plausibility heuristic. The message is about the shape of a PN value, a single component with no caret delimiters, which PS3.5 Table 6.2-1 permits for VR PN. No Type and no condition is asserted, and dciodvfy emits it at Warning severity with the word dubious. 1,209 of the 1,224 message classes in this SOP class fall under this rule, one per distinct name value, because the census keys a class on the normalised message text and the value sits inside it."
dciodvfy,c45c3ecf1172,Warning - Value dubious for this VR - (TAG) PN Patient's Name PN [1] = <Lung_Dx-A0045> - Retired Person Name form,Warning,5,PLAUSIBILITY,RETIRED_PN,"not applicable, no requirement is cited by the message",not applicable,,"Named in the rubric as a plausibility heuristic. The message is about the shape of a PN value, a single component with no caret delimiters, which PS3.5 Table 6.2-1 permits for VR PN. No Type and no condition is asserted, and dciodvfy emits it at Warning severity with the word dubious. 1,209 of the 1,224 message classes in this SOP class fall under this rule, one per distinct name value, because the census keys a class on the normalised message text and the value sits inside it."
dciodvfy,ce1dd7445b58,Warning - Value dubious for this VR - (TAG) PN Patient's Name PN [1] = <Lung_Dx-A0185> - Retired Person Name form,Warning,5,PLAUSIBILITY,RETIRED_PN,"not applicable, no requirement is cited by the message",not applicable,,"Named in the rubric as a plausibility heuristic. The message is about the shape of a PN value, a single component with no caret delimiters, which PS3.5 Table 6.2-1 permits for VR PN. No Type and no condition is asserted, and dciodvfy emits it at Warning severity with the word dubious. 1,209 of the 1,224 message classes in this SOP class fall under this rule, one per distinct name value, because the census keys a class on the normalised message text and the value sits inside it."
dciodvfy,d3e41712bc5e,Warning - Value dubious for this VR - (TAG) PN Patient's Name PN [1] = <Lung_Dx-G0038> - Retired Person Name form,Warning,5,PLAUSIBILITY,RETIRED_PN,"not applicable, no requirement is cited by the message",not applicable,,"Named in the rubric as a plausibility heuristic. The message is about the shape of a PN value, a single component with no caret delimiters, which PS3.5 Table 6.2-1 permits for VR PN. No Type and no condition is asserted, and dciodvfy emits it at Warning severity with the word dubious. 1,209 of the 1,224 message classes in this SOP class fall under this rule, one per distinct name value, because the census keys a class on the normalised message text and the value sits inside it."
dciodvfy,fe4cfd720c83,Warning - Value dubious for this VR - (TAG) PN Patient's Name PN [1] = <Lung_Dx-A0087> - Retired Person Name form,Warning,5,PLAUSIBILITY,RETIRED_PN,"not applicable, no requirement is cited by the message",not applicable,,"Named in the rubric as a plausibility heuristic. The message is about the shape of a PN value, a single component with no caret delimiters, which PS3.5 Table 6.2-1 permits for VR PN. No Type and no condition is asserted, and dciodvfy emits it at Warning severity with the word dubious. 1,209 of the 1,224 message classes in this SOP class fall under this rule, one per distinct name value, because the census keys a class on the normalised message text and the value sits inside it."
dciodvfy,0244dc295464,Warning - Value dubious for this VR - (TAG) PN Patient's Name PN [1] = <Lung_Dx-G0033> - Retired Person Name form,Warning,4,PLAUSIBILITY,RETIRED_PN,"not applicable, no requirement is cited by the message",not applicable,,"Named in the rubric as a plausibility heuristic. The message is about the shape of a PN value, a single component with no caret delimiters, which PS3.5 Table 6.2-1 permits for VR PN. No Type and no condition is asserted, and dciodvfy emits it at Warning severity with the word dubious. 1,209 of the 1,224 message classes in this SOP class fall under this rule, one per distinct name value, because the census keys a class on the normalised message text and the value sits inside it."
dciodvfy,02726ce38e0d,Warning - Value dubious for this VR - (TAG) PN Patient's Name PN [1] = <Lung_Dx-A0253> - Retired Person Name form,Warning,4,PLAUSIBILITY,RETIRED_PN,"not applicable, no requirement is cited by the message",not applicable,,"Named in the rubric as a plausibility heuristic. The message is about the shape of a PN value, a single component with no caret delimiters, which PS3.5 Table 6.2-1 permits for VR PN. No Type and no condition is asserted, and dciodvfy emits it at Warning severity with the word dubious. 1,209 of the 1,224 message classes in this SOP class fall under this rule, one per distinct name value, because the census keys a class on the normalised message text and the value sits inside it."
dciodvfy,02b061ab752b,Warning - Value dubious for this VR - (TAG) PN Patient's Name PN [1] = <Lung_Dx-A0249> - Retired Person Name form,Warning,4,PLAUSIBILITY,RETIRED_PN,"not applicable, no requirement is cited by the message",not applicable,,"Named in the rubric as a plausibility heuristic. The message is about the shape of a PN value, a single component with no caret delimiters, which PS3.5 Table 6.2-1 permits for VR PN. No Type and no condition is asserted, and dciodvfy emits it at Warning severity with the word dubious. 1,209 of the 1,224 message classes in this SOP class fall under this rule, one per distinct name value, because the census keys a class on the normalised message text and the value sits inside it."
dciodvfy,06af57d8aaf9,Warning - Value dubious for this VR - (TAG) PN Patient's Name PN [1] = <Lung_Dx-B0034> - Retired Person Name form,Warning,4,PLAUSIBILITY,RETIRED_PN,"not applicable, no requirement is cited by the message",not applicable,,"Named in the rubric as a plausibility heuristic. The message is about the shape of a PN value, a single component with no caret delimiters, which PS3.5 Table 6.2-1 permits for VR PN. No Type and no condition is asserted, and dciodvfy emits it at Warning severity with the word dubious. 1,209 of the 1,224 message classes in this SOP class fall under this rule, one per distinct name value, because the census keys a class on the normalised message text and the value sits inside it."
dciodvfy,0938a63ac211,Warning - Value dubious for this VR - (TAG) PN Patient's Name PN [1] = <Lung_Dx-A0229> - Retired Person Name form,Warning,4,PLAUSIBILITY,RETIRED_PN,"not applicable, no requirement is cited by the message",not applicable,,"Named in the rubric as a plausibility heuristic. The message is about the shape of a PN value, a single component with no caret delimiters, which PS3.5 Table 6.2-1 permits for VR PN. No Type and no condition is asserted, and dciodvfy emits it at Warning severity with the word dubious. 1,209 of the 1,224 message classes in this SOP class fall under this rule, one per distinct name value, because the census keys a class on the normalised message text and the value sits inside it."
dciodvfy,0f97db3c4620,Warning - Value dubious for this VR - (TAG) PN Patient's Name PN [1] = <Lung_Dx-A0171> - Retired Person Name form,Warning,4,PLAUSIBILITY,RETIRED_PN,"not applicable, no requirement is cited by the message",not applicable,,"Named in the rubric as a plausibility heuristic. The message is about the shape of a PN value, a single component with no caret delimiters, which PS3.5 Table 6.2-1 permits for VR PN. No Type and no condition is asserted, and dciodvfy emits it at Warning severity with the word dubious. 1,209 of the 1,224 message classes in this SOP class fall under this rule, one per distinct name value, because the census keys a class on the normalised message text and the value sits inside it."
dciodvfy,1028c5cfaebd,Warning - Value dubious for this VR - (TAG) PN Patient's Name PN [1] = <Lung_Dx-A0241> - Retired Person Name form,Warning,4,PLAUSIBILITY,RETIRED_PN,"not applicable, no requirement is cited by the message",not applicable,,"Named in the rubric as a plausibility heuristic. The message is about the shape of a PN value, a single component with no caret delimiters, which PS3.5 Table 6.2-1 permits for VR PN. No Type and no condition is asserted, and dciodvfy emits it at Warning severity with the word dubious. 1,209 of the 1,224 message classes in this SOP class fall under this rule, one per distinct name value, because the census keys a class on the normalised message text and the value sits inside it."
dciodvfy,1266903bee45,Warning - Value dubious for this VR - (TAG) PN Patient's Name PN [1] = <Lung_Dx-G0055> - Retired Person Name form,Warning,4,PLAUSIBILITY,RETIRED_PN,"not applicable, no requirement is cited by the message",not applicable,,"Named in the rubric as a plausibility heuristic. The message is about the shape of a PN value, a single component with no caret delimiters, which PS3.5 Table 6.2-1 permits for VR PN. No Type and no condition is asserted, and dciodvfy emits it at Warning severity with the word dubious. 1,209 of the 1,224 message classes in this SOP class fall under this rule, one per distinct name value, because the census keys a class on the normalised message text and the value sits inside it."
dciodvfy,150b55c6d23a,Warning - Value dubious for this VR - (TAG) PN Patient's Name PN [1] = <Lung_Dx-A0217> - Retired Person Name form,Warning,4,PLAUSIBILITY,RETIRED_PN,"not applicable, no requirement is cited by the message",not applicable,,"Named in the rubric as a plausibility heuristic. The message is about the shape of a PN value, a single component with no caret delimiters, which PS3.5 Table 6.2-1 permits for VR PN. No Type and no condition is asserted, and dciodvfy emits it at Warning severity with the word dubious. 1,209 of the 1,224 message classes in this SOP class fall under this rule, one per distinct name value, because the census keys a class on the normalised message text and the value sits inside it."
dciodvfy,16eed369580d,Warning - Value dubious for this VR - (TAG) PN Patient's Name PN [1] = <Lung_Dx-A0239> - Retired Person Name form,Warning,4,PLAUSIBILITY,RETIRED_PN,"not applicable, no requirement is cited by the message",not applicable,,"Named in the rubric as a plausibility heuristic. The message is about the shape of a PN value, a single component with no caret delimiters, which PS3.5 Table 6.2-1 permits for VR PN. No Type and no condition is asserted, and dciodvfy emits it at Warning severity with the word dubious. 1,209 of the 1,224 message classes in this SOP class fall under this rule, one per distinct name value, because the census keys a class on the normalised message text and the value sits inside it."
dciodvfy,17289fd4a9e5,Warning - Value dubious for this VR - (TAG) PN Patient's Name PN [1] = <Lung_Dx-G0052> - Retired Person Name form,Warning,4,PLAUSIBILITY,RETIRED_PN,"not applicable, no requirement is cited by the message",not applicable,,"Named in the rubric as a plausibility heuristic. The message is about the shape of a PN value, a single component with no caret delimiters, which PS3.5 Table 6.2-1 permits for VR PN. No Type and no condition is asserted, and dciodvfy emits it at Warning severity with the word dubious. 1,209 of the 1,224 message classes in this SOP class fall under this rule, one per distinct name value, because the census keys a class on the normalised message text and the value sits inside it."
dciodvfy,187fa478c0d0,Warning - Value dubious for this VR - (TAG) PN Patient's Name PN [1] = <Lung_Dx-A0264> - Retired Person Name form,Warning,4,PLAUSIBILITY,RETIRED_PN,"not applicable, no requirement is cited by the message",not applicable,,"Named in the rubric as a plausibility heuristic. The message is about the shape of a PN value, a single component with no caret delimiters, which PS3.5 Table 6.2-1 permits for VR PN. No Type and no condition is asserted, and dciodvfy emits it at Warning severity with the word dubious. 1,209 of the 1,224 message classes in this SOP class fall under this rule, one per distinct name value, because the census keys a class on the normalised message text and the value sits inside it."
dciodvfy,197c2c602bd7,Warning - Value dubious for this VR - (TAG) PN Patient's Name PN [1] = <Lung_Dx-G0062> - Retired Person Name form,Warning,4,PLAUSIBILITY,RETIRED_PN,"not applicable, no requirement is cited by the message",not applicable,,"Named in the rubric as a plausibility heuristic. The message is about the shape of a PN value, a single component with no caret delimiters, which PS3.5 Table 6.2-1 permits for VR PN. No Type and no condition is asserted, and dciodvfy emits it at Warning severity with the word dubious. 1,209 of the 1,224 message classes in this SOP class fall under this rule, one per distinct name value, because the census keys a class on the normalised message text and the value sits inside it."
dciodvfy,1abe3d255d54,Warning - Value dubious for this VR - (TAG) PN Patient's Name PN [1] = <Lung_Dx-A0191> - Retired Person Name form,Warning,4,PLAUSIBILITY,RETIRED_PN,"not applicable, no requirement is cited by the message",not applicable,,"Named in the rubric as a plausibility heuristic. The message is about the shape of a PN value, a single component with no caret delimiters, which PS3.5 Table 6.2-1 permits for VR PN. No Type and no condition is asserted, and dciodvfy emits it at Warning severity with the word dubious. 1,209 of the 1,224 message classes in this SOP class fall under this rule, one per distinct name value, because the census keys a class on the normalised message text and the value sits inside it."
dciodvfy,1d10836cacf1,Warning - Value dubious for this VR - (TAG) PN Patient's Name PN [1] = <Lung_Dx-G0049> - Retired Person Name form,Warning,4,PLAUSIBILITY,RETIRED_PN,"not applicable, no requirement is cited by the message",not applicable,,"Named in the rubric as a plausibility heuristic. The message is about the shape of a PN value, a single component with no caret delimiters, which PS3.5 Table 6.2-1 permits for VR PN. No Type and no condition is asserted, and dciodvfy emits it at Warning severity with the word dubious. 1,209 of the 1,224 message classes in this SOP class fall under this rule, one per distinct name value, because the census keys a class on the normalised message text and the value sits inside it."
dciodvfy,1dfb0ae6e621,Warning - Value dubious for this VR - (TAG) PN Patient's Name PN [1] = <Lung_Dx-A0212> - Retired Person Name form,Warning,4,PLAUSIBILITY,RETIRED_PN,"not applicable, no requirement is cited by the message",not applicable,,"Named in the rubric as a plausibility heuristic. The message is about the shape of a PN value, a single component with no caret delimiters, which PS3.5 Table 6.2-1 permits for VR PN. No Type and no condition is asserted, and dciodvfy emits it at Warning severity with the word dubious. 1,209 of the 1,224 message classes in this SOP class fall under this rule, one per distinct name value, because the census keys a class on the normalised message text and the value sits inside it."
dciodvfy,1f12c372ab7b,Warning - Value dubious for this VR - (TAG) PN Patient's Name PN [1] = <Lung_Dx-A0251> - Retired Person Name form,Warning,4,PLAUSIBILITY,RETIRED_PN,"not applicable, no requirement is cited by the message",not applicable,,"Named in the rubric as a plausibility heuristic. The message is about the shape of a PN value, a single component with no caret delimiters, which PS3.5 Table 6.2-1 permits for VR PN. No Type and no condition is asserted, and dciodvfy emits it at Warning severity with the word dubious. 1,209 of the 1,224 message classes in this SOP class fall under this rule, one per distinct name value, because the census keys a class on the normalised message text and the value sits inside it."
dciodvfy,21000a001c9f,Warning - Value dubious for this VR - (TAG) PN Patient's Name PN [1] = <Lung_Dx-A0011> - Retired Person Name form,Warning,4,PLAUSIBILITY,RETIRED_PN,"not applicable, no requirement is cited by the message",not applicable,,"Named in the rubric as a plausibility heuristic. The message is about the shape of a PN value, a single component with no caret delimiters, which PS3.5 Table 6.2-1 permits for VR PN. No Type and no condition is asserted, and dciodvfy emits it at Warning severity with the word dubious. 1,209 of the 1,224 message classes in this SOP class fall under this rule, one per distinct name value, because the census keys a class on the normalised message text and the value sits inside it."
dciodvfy,21b6f022dcfe,Warning - Value dubious for this VR - (TAG) PN Patient's Name PN [1] = <Lung_Dx-G0056> - Retired Person Name form,Warning,4,PLAUSIBILITY,RETIRED_PN,"not applicable, no requirement is cited by the message",not applicable,,"Named in the rubric as a plausibility heuristic. The message is about the shape of a PN value, a single component with no caret delimiters, which PS3.5 Table 6.2-1 permits for VR PN. No Type and no condition is asserted, and dciodvfy emits it at Warning severity with the word dubious. 1,209 of the 1,224 message classes in this SOP class fall under this rule, one per distinct name value, because the census keys a class on the normalised message text and the value sits inside it."
dciodvfy,22c4b3d999c1,Warning - Value dubious for this VR - (TAG) PN Patient's Name PN [1] = <Lung_Dx-A0244> - Retired Person Name form,Warning,4,PLAUSIBILITY,RETIRED_PN,"not applicable, no requirement is cited by the message",not applicable,,"Named in the rubric as a plausibility heuristic. The message is about the shape of a PN value, a single component with no caret delimiters, which PS3.5 Table 6.2-1 permits for VR PN. No Type and no condition is asserted, and dciodvfy emits it at Warning severity with the word dubious. 1,209 of the 1,224 message classes in this SOP class fall under this rule, one per distinct name value, because the census keys a class on the normalised message text and the value sits inside it."
dciodvfy,23075be3e11d,Warning - Value dubious for this VR - (TAG) PN Patient's Name PN [1] = <Lung_Dx-A0232> - Retired Person Name form,Warning,4,PLAUSIBILITY,RETIRED_PN,"not applicable, no requirement is cited by the message",not applicable,,"Named in the rubric as a plausibility heuristic. The message is about the shape of a PN value, a single component with no caret delimiters, which PS3.5 Table 6.2-1 permits for VR PN. No Type and no condition is asserted, and dciodvfy emits it at Warning severity with the word dubious. 1,209 of the 1,224 message classes in this SOP class fall under this rule, one per distinct name value, because the census keys a class on the normalised message text and the value sits inside it."
dciodvfy,24078c25451b,Warning - Value dubious for this VR - (TAG) PN Patient's Name PN [1] = <Lung_Dx-A0041> - Retired Person Name form,Warning,4,PLAUSIBILITY,RETIRED_PN,"not applicable, no requirement is cited by the message",not applicable,,"Named in the rubric as a plausibility heuristic. The message is about the shape of a PN value, a single component with no caret delimiters, which PS3.5 Table 6.2-1 permits for VR PN. No Type and no condition is asserted, and dciodvfy emits it at Warning severity with the word dubious. 1,209 of the 1,224 message classes in this SOP class fall under this rule, one per distinct name value, because the census keys a class on the normalised message text and the value sits inside it."
dciodvfy,254a6dd2c787,Warning - Value dubious for this VR - (TAG) PN Patient's Name PN [1] = <Lung_Dx-A0211> - Retired Person Name form,Warning,4,PLAUSIBILITY,RETIRED_PN,"not applicable, no requirement is cited by the message",not applicable,,"Named in the rubric as a plausibility heuristic. The message is about the shape of a PN value, a single component with no caret delimiters, which PS3.5 Table 6.2-1 permits for VR PN. No Type and no condition is asserted, and dciodvfy emits it at Warning severity with the word dubious. 1,209 of the 1,224 message classes in this SOP class fall under this rule, one per distinct name value, because the census keys a class on the normalised message text and the value sits inside it."
dciodvfy,2881bdd5b824,Warning - Value dubious for this VR - (TAG) PN Patient's Name PN [1] = <Lung_Dx-A0188> - Retired Person Name form,Warning,4,PLAUSIBILITY,RETIRED_PN,"not applicable, no requirement is cited by the message",not applicable,,"Named in the rubric as a plausibility heuristic. The message is about the shape of a PN value, a single component with no caret delimiters, which PS3.5 Table 6.2-1 permits for VR PN. No Type and no condition is asserted, and dciodvfy emits it at Warning severity with the word dubious. 1,209 of the 1,224 message classes in this SOP class fall under this rule, one per distinct name value, because the census keys a class on the normalised message text and the value sits inside it."
dciodvfy,33263af04e7f,Warning - Value dubious for this VR - (TAG) PN Patient's Name PN [1] = <Lung_Dx-A0193> - Retired Person Name form,Warning,4,PLAUSIBILITY,RETIRED_PN,"not applicable, no requirement is cited by the message",not applicable,,"Named in the rubric as a plausibility heuristic. The message is about the shape of a PN value, a single component with no caret delimiters, which PS3.5 Table 6.2-1 permits for VR PN. No Type and no condition is asserted, and dciodvfy emits it at Warning severity with the word dubious. 1,209 of the 1,224 message classes in this SOP class fall under this rule, one per distinct name value, because the census keys a class on the normalised message text and the value sits inside it."
dciodvfy,33c0f6010f9f,Warning - Value dubious for this VR - (TAG) PN Patient's Name PN [1] = <Lung_Dx-A0169> - Retired Person Name form,Warning,4,PLAUSIBILITY,RETIRED_PN,"not applicable, no requirement is cited by the message",not applicable,,"Named in the rubric as a plausibility heuristic. The message is about the shape of a PN value, a single component with no caret delimiters, which PS3.5 Table 6.2-1 permits for VR PN. No Type and no condition is asserted, and dciodvfy emits it at Warning severity with the word dubious. 1,209 of the 1,224 message classes in this SOP class fall under this rule, one per distinct name value, because the census keys a class on the normalised message text and the value sits inside it."
dciodvfy,33ee366c5845,Warning - Value dubious for this VR - (TAG) PN Patient's Name PN [1] = <Lung_Dx-A0263> - Retired Person Name form,Warning,4,PLAUSIBILITY,RETIRED_PN,"not applicable, no requirement is cited by the message",not applicable,,"Named in the rubric as a plausibility heuristic. The message is about the shape of a PN value, a single component with no caret delimiters, which PS3.5 Table 6.2-1 permits for VR PN. No Type and no condition is asserted, and dciodvfy emits it at Warning severity with the word dubious. 1,209 of the 1,224 message classes in this SOP class fall under this rule, one per distinct name value, because the census keys a class on the normalised message text and the value sits inside it."
dciodvfy,39477a1b22b8,Warning - Value dubious for this VR - (TAG) PN Patient's Name PN [1] = <Lung_Dx-A0192> - Retired Person Name form,Warning,4,PLAUSIBILITY,RETIRED_PN,"not applicable, no requirement is cited by the message",not applicable,,"Named in the rubric as a plausibility heuristic. The message is about the shape of a PN value, a single component with no caret delimiters, which PS3.5 Table 6.2-1 permits for VR PN. No Type and no condition is asserted, and dciodvfy emits it at Warning severity with the word dubious. 1,209 of the 1,224 message classes in this SOP class fall under this rule, one per distinct name value, because the census keys a class on the normalised message text and the value sits inside it."
dciodvfy,39c215b380a8,Warning - Value dubious for this VR - (TAG) PN Patient's Name PN [1] = <Lung_Dx-A0243> - Retired Person Name form,Warning,4,PLAUSIBILITY,RETIRED_PN,"not applicable, no requirement is cited by the message",not applicable,,"Named in the rubric as a plausibility heuristic. The message is about the shape of a PN value, a single component with no caret delimiters, which PS3.5 Table 6.2-1 permits for VR PN. No Type and no condition is asserted, and dciodvfy emits it at Warning severity with the word dubious. 1,209 of the 1,224 message classes in this SOP class fall under this rule, one per distinct name value, because the census keys a class on the normalised message text and the value sits inside it."
dciodvfy,3bf511dbbd92,Warning - Value dubious for this VR - (TAG) PN Patient's Name PN [1] = <Lung_Dx-A0190> - Retired Person Name form,Warning,4,PLAUSIBILITY,RETIRED_PN,"not applicable, no requirement is cited by the message",not applicable,,"Named in the rubric as a plausibility heuristic. The message is about the shape of a PN value, a single component with no caret delimiters, which PS3.5 Table 6.2-1 permits for VR PN. No Type and no condition is asserted, and dciodvfy emits it at Warning severity with the word dubious. 1,209 of the 1,224 message classes in this SOP class fall under this rule, one per distinct name value, because the census keys a class on the normalised message text and the value sits inside it."
dciodvfy,3eb8931d07a3,Warning - Value dubious for this VR - (TAG) PN Patient's Name PN [1] = <Lung_Dx-A0168> - Retired Person Name form,Warning,4,PLAUSIBILITY,RETIRED_PN,"not applicable, no requirement is cited by the message",not applicable,,"Named in the rubric as a plausibility heuristic. The message is about the shape of a PN value, a single component with no caret delimiters, which PS3.5 Table 6.2-1 permits for VR PN. No Type and no condition is asserted, and dciodvfy emits it at Warning severity with the word dubious. 1,209 of the 1,224 message classes in this SOP class fall under this rule, one per distinct name value, because the census keys a class on the normalised message text and the value sits inside it."
dciodvfy,407a9fab3f16,Warning - Value dubious for this VR - (TAG) PN Patient's Name PN [1] = <Lung_Dx-A0094> - Retired Person Name form,Warning,4,PLAUSIBILITY,RETIRED_PN,"not applicable, no requirement is cited by the message",not applicable,,"Named in the rubric as a plausibility heuristic. The message is about the shape of a PN value, a single component with no caret delimiters, which PS3.5 Table 6.2-1 permits for VR PN. No Type and no condition is asserted, and dciodvfy emits it at Warning severity with the word dubious. 1,209 of the 1,224 message classes in this SOP class fall under this rule, one per distinct name value, because the census keys a class on the normalised message text and the value sits inside it."
dciodvfy,43c419b61921,Warning - Value dubious for this VR - (TAG) PN Patient's Name PN [1] = <Lung_Dx-A0246> - Retired Person Name form,Warning,4,PLAUSIBILITY,RETIRED_PN,"not applicable, no requirement is cited by the message",not applicable,,"Named in the rubric as a plausibility heuristic. The message is about the shape of a PN value, a single component with no caret delimiters, which PS3.5 Table 6.2-1 permits for VR PN. No Type and no condition is asserted, and dciodvfy emits it at Warning severity with the word dubious. 1,209 of the 1,224 message classes in this SOP class fall under this rule, one per distinct name value, because the census keys a class on the normalised message text and the value sits inside it."
dciodvfy,4584bf01fd03,Warning - Value dubious for this VR - (TAG) PN Patient's Name PN [1] = <Lung_Dx-A0201> - Retired Person Name form,Warning,4,PLAUSIBILITY,RETIRED_PN,"not applicable, no requirement is cited by the message",not applicable,,"Named in the rubric as a plausibility heuristic. The message is about the shape of a PN value, a single component with no caret delimiters, which PS3.5 Table 6.2-1 permits for VR PN. No Type and no condition is asserted, and dciodvfy emits it at Warning severity with the word dubious. 1,209 of the 1,224 message classes in this SOP class fall under this rule, one per distinct name value, because the census keys a class on the normalised message text and the value sits inside it."
dciodvfy,4589e75b085c,Warning - Value dubious for this VR - (TAG) PN Patient's Name PN [1] = <Lung_Dx-G0051> - Retired Person Name form,Warning,4,PLAUSIBILITY,RETIRED_PN,"not applicable, no requirement is cited by the message",not applicable,,"Named in the rubric as a plausibility heuristic. The message is about the shape of a PN value, a single component with no caret delimiters, which PS3.5 Table 6.2-1 permits for VR PN. No Type and no condition is asserted, and dciodvfy emits it at Warning severity with the word dubious. 1,209 of the 1,224 message classes in this SOP class fall under this rule, one per distinct name value, because the census keys a class on the normalised message text and the value sits inside it."
dciodvfy,46de000a9c6a,Warning - Value dubious for this VR - (TAG) PN Patient's Name PN [1] = <Lung_Dx-A0230> - Retired Person Name form,Warning,4,PLAUSIBILITY,RETIRED_PN,"not applicable, no requirement is cited by the message",not applicable,,"Named in the rubric as a plausibility heuristic. The message is about the shape of a PN value, a single component with no caret delimiters, which PS3.5 Table 6.2-1 permits for VR PN. No Type and no condition is asserted, and dciodvfy emits it at Warning severity with the word dubious. 1,209 of the 1,224 message classes in this SOP class fall under this rule, one per distinct name value, because the census keys a class on the normalised message text and the value sits inside it."
dciodvfy,4742318c58fb,Warning - Value dubious for this VR - (TAG) PN Patient's Name PN [1] = <Lung_Dx-A0235> - Retired Person Name form,Warning,4,PLAUSIBILITY,RETIRED_PN,"not applicable, no requirement is cited by the message",not applicable,,"Named in the rubric as a plausibility heuristic. The message is about the shape of a PN value, a single component with no caret delimiters, which PS3.5 Table 6.2-1 permits for VR PN. No Type and no condition is asserted, and dciodvfy emits it at Warning severity with the word dubious. 1,209 of the 1,224 message classes in this SOP class fall under this rule, one per distinct name value, because the census keys a class on the normalised message text and the value sits inside it."
dciodvfy,497ed00da77d,Warning - Value dubious for this VR - (TAG) PN Patient's Name PN [1] = <Lung_Dx-A0196> - Retired Person Name form,Warning,4,PLAUSIBILITY,RETIRED_PN,"not applicable, no requirement is cited by the message",not applicable,,"Named in the rubric as a plausibility heuristic. The message is about the shape of a PN value, a single component with no caret delimiters, which PS3.5 Table 6.2-1 permits for VR PN. No Type and no condition is asserted, and dciodvfy emits it at Warning severity with the word dubious. 1,209 of the 1,224 message classes in this SOP class fall under this rule, one per distinct name value, because the census keys a class on the normalised message text and the value sits inside it."
dciodvfy,4af8757882db,Warning - Value dubious for this VR - (TAG) PN Patient's Name PN [1] = <Lung_Dx-A0199> - Retired Person Name form,Warning,4,PLAUSIBILITY,RETIRED_PN,"not applicable, no requirement is cited by the message",not applicable,,"Named in the rubric as a plausibility heuristic. The message is about the shape of a PN value, a single component with no caret delimiters, which PS3.5 Table 6.2-1 permits for VR PN. No Type and no condition is asserted, and dciodvfy emits it at Warning severity with the word dubious. 1,209 of the 1,224 message classes in this SOP class fall under this rule, one per distinct name value, because the census keys a class on the normalised message text and the value sits inside it."
dciodvfy,542335822fb2,Warning - Value dubious for this VR - (TAG) PN Patient's Name PN [1] = <Lung_Dx-A0233> - Retired Person Name form,Warning,4,PLAUSIBILITY,RETIRED_PN,"not applicable, no requirement is cited by the message",not applicable,,"Named in the rubric as a plausibility heuristic. The message is about the shape of a PN value, a single component with no caret delimiters, which PS3.5 Table 6.2-1 permits for VR PN. No Type and no condition is asserted, and dciodvfy emits it at Warning severity with the word dubious. 1,209 of the 1,224 message classes in this SOP class fall under this rule, one per distinct name value, because the census keys a class on the normalised message text and the value sits inside it."
dciodvfy,5887b69c5200,Warning - Value dubious for this VR - (TAG) PN Patient's Name PN [1] = <Lung_Dx-A0012> - Retired Person Name form,Warning,4,PLAUSIBILITY,RETIRED_PN,"not applicable, no requirement is cited by the message",not applicable,,"Named in the rubric as a plausibility heuristic. The message is about the shape of a PN value, a single component with no caret delimiters, which PS3.5 Table 6.2-1 permits for VR PN. No Type and no condition is asserted, and dciodvfy emits it at Warning severity with the word dubious. 1,209 of the 1,224 message classes in this SOP class fall under this rule, one per distinct name value, because the census keys a class on the normalised message text and the value sits inside it."
dciodvfy,5c53190f75ad,Warning - Value dubious for this VR - (TAG) PN Patient's Name PN [1] = <Lung_Dx-A0228> - Retired Person Name form,Warning,4,PLAUSIBILITY,RETIRED_PN,"not applicable, no requirement is cited by the message",not applicable,,"Named in the rubric as a plausibility heuristic. The message is about the shape of a PN value, a single component with no caret delimiters, which PS3.5 Table 6.2-1 permits for VR PN. No Type and no condition is asserted, and dciodvfy emits it at Warning severity with the word dubious. 1,209 of the 1,224 message classes in this SOP class fall under this rule, one per distinct name value, because the census keys a class on the normalised message text and the value sits inside it."
dciodvfy,5daf440cf158,Warning - Value dubious for this VR - (TAG) PN Patient's Name PN [1] = <Lung_Dx-A0223> - Retired Person Name form,Warning,4,PLAUSIBILITY,RETIRED_PN,"not applicable, no requirement is cited by the message",not applicable,,"Named in the rubric as a plausibility heuristic. The message is about the shape of a PN value, a single component with no caret delimiters, which PS3.5 Table 6.2-1 permits for VR PN. No Type and no condition is asserted, and dciodvfy emits it at Warning severity with the word dubious. 1,209 of the 1,224 message classes in this SOP class fall under this rule, one per distinct name value, because the census keys a class on the normalised message text and the value sits inside it."
dciodvfy,617e472e86fa,Warning - Value dubious for this VR - (TAG) PN Patient's Name PN [1] = <Lung_Dx-G0042> - Retired Person Name form,Warning,4,PLAUSIBILITY,RETIRED_PN,"not applicable, no requirement is cited by the message",not applicable,,"Named in the rubric as a plausibility heuristic. The message is about the shape of a PN value, a single component with no caret delimiters, which PS3.5 Table 6.2-1 permits for VR PN. No Type and no condition is asserted, and dciodvfy emits it at Warning severity with the word dubious. 1,209 of the 1,224 message classes in this SOP class fall under this rule, one per distinct name value, because the census keys a class on the normalised message text and the value sits inside it."
dciodvfy,659835a69ec5,Warning - Value dubious for this VR - (TAG) PN Patient's Name PN [1] = <Lung_Dx-A0174> - Retired Person Name form,Warning,4,PLAUSIBILITY,RETIRED_PN,"not applicable, no requirement is cited by the message",not applicable,,"Named in the rubric as a plausibility heuristic. The message is about the shape of a PN value, a single component with no caret delimiters, which PS3.5 Table 6.2-1 permits for VR PN. No Type and no condition is asserted, and dciodvfy emits it at Warning severity with the word dubious. 1,209 of the 1,224 message classes in this SOP class fall under this rule, one per distinct name value, because the census keys a class on the normalised message text and the value sits inside it."
dciodvfy,6652ef729714,Warning - Value dubious for this VR - (TAG) PN Patient's Name PN [1] = <Lung_Dx-A0200> - Retired Person Name form,Warning,4,PLAUSIBILITY,RETIRED_PN,"not applicable, no requirement is cited by the message",not applicable,,"Named in the rubric as a plausibility heuristic. The message is about the shape of a PN value, a single component with no caret delimiters, which PS3.5 Table 6.2-1 permits for VR PN. No Type and no condition is asserted, and dciodvfy emits it at Warning severity with the word dubious. 1,209 of the 1,224 message classes in this SOP class fall under this rule, one per distinct name value, because the census keys a class on the normalised message text and the value sits inside it."
dciodvfy,6cd6423fe636,Warning - Value dubious for this VR - (TAG) PN Patient's Name PN [1] = <Lung_Dx-A0203> - Retired Person Name form,Warning,4,PLAUSIBILITY,RETIRED_PN,"not applicable, no requirement is cited by the message",not applicable,,"Named in the rubric as a plausibility heuristic. The message is about the shape of a PN value, a single component with no caret delimiters, which PS3.5 Table 6.2-1 permits for VR PN. No Type and no condition is asserted, and dciodvfy emits it at Warning severity with the word dubious. 1,209 of the 1,224 message classes in this SOP class fall under this rule, one per distinct name value, because the census keys a class on the normalised message text and the value sits inside it."
dciodvfy,6e82a2185073,Warning - Value dubious for this VR - (TAG) PN Patient's Name PN [1] = <Lung_Dx-B0036> - Retired Person Name form,Warning,4,PLAUSIBILITY,RETIRED_PN,"not applicable, no requirement is cited by the message",not applicable,,"Named in the rubric as a plausibility heuristic. The message is about the shape of a PN value, a single component with no caret delimiters, which PS3.5 Table 6.2-1 permits for VR PN. No Type and no condition is asserted, and dciodvfy emits it at Warning severity with the word dubious. 1,209 of the 1,224 message classes in this SOP class fall under this rule, one per distinct name value, because the census keys a class on the normalised message text and the value sits inside it."
dciodvfy,6f515c0f50d3,Warning - Value dubious for this VR - (TAG) PN Patient's Name PN [1] = <Lung_Dx-A0218> - Retired Person Name form,Warning,4,PLAUSIBILITY,RETIRED_PN,"not applicable, no requirement is cited by the message",not applicable,,"Named in the rubric as a plausibility heuristic. The message is about the shape of a PN value, a single component with no caret delimiters, which PS3.5 Table 6.2-1 permits for VR PN. No Type and no condition is asserted, and dciodvfy emits it at Warning severity with the word dubious. 1,209 of the 1,224 message classes in this SOP class fall under this rule, one per distinct name value, because the census keys a class on the normalised message text and the value sits inside it."
dciodvfy,7af8b6e39080,Warning - Value dubious for this VR - (TAG) PN Patient's Name PN [1] = <Lung_Dx-A0224> - Retired Person Name form,Warning,4,PLAUSIBILITY,RETIRED_PN,"not applicable, no requirement is cited by the message",not applicable,,"Named in the rubric as a plausibility heuristic. The message is about the shape of a PN value, a single component with no caret delimiters, which PS3.5 Table 6.2-1 permits for VR PN. No Type and no condition is asserted, and dciodvfy emits it at Warning severity with the word dubious. 1,209 of the 1,224 message classes in this SOP class fall under this rule, one per distinct name value, because the census keys a class on the normalised message text and the value sits inside it."
dciodvfy,7b6f2ef71196,Warning - Value dubious for this VR - (TAG) PN Patient's Name PN [1] = <Lung_Dx-A0175> - Retired Person Name form,Warning,4,PLAUSIBILITY,RETIRED_PN,"not applicable, no requirement is cited by the message",not applicable,,"Named in the rubric as a plausibility heuristic. The message is about the shape of a PN value, a single component with no caret delimiters, which PS3.5 Table 6.2-1 permits for VR PN. No Type and no condition is asserted, and dciodvfy emits it at Warning severity with the word dubious. 1,209 of the 1,224 message classes in this SOP class fall under this rule, one per distinct name value, because the census keys a class on the normalised message text and the value sits inside it."
dciodvfy,7c9ff3e37958,Warning - Value dubious for this VR - (TAG) PN Patient's Name PN [1] = <Lung_Dx-A0173> - Retired Person Name form,Warning,4,PLAUSIBILITY,RETIRED_PN,"not applicable, no requirement is cited by the message",not applicable,,"Named in the rubric as a plausibility heuristic. The message is about the shape of a PN value, a single component with no caret delimiters, which PS3.5 Table 6.2-1 permits for VR PN. No Type and no condition is asserted, and dciodvfy emits it at Warning severity with the word dubious. 1,209 of the 1,224 message classes in this SOP class fall under this rule, one per distinct name value, because the census keys a class on the normalised message text and the value sits inside it."
dciodvfy,7e9b83a2e3b3,Warning - Value dubious for this VR - (TAG) PN Patient's Name PN [1] = <Lung_Dx-B0038> - Retired Person Name form,Warning,4,PLAUSIBILITY,RETIRED_PN,"not applicable, no requirement is cited by the message",not applicable,,"Named in the rubric as a plausibility heuristic. The message is about the shape of a PN value, a single component with no caret delimiters, which PS3.5 Table 6.2-1 permits for VR PN. No Type and no condition is asserted, and dciodvfy emits it at Warning severity with the word dubious. 1,209 of the 1,224 message classes in this SOP class fall under this rule, one per distinct name value, because the census keys a class on the normalised message text and the value sits inside it."
dciodvfy,7f03a400ba9e,Warning - Value dubious for this VR - (TAG) PN Patient's Name PN [1] = <Lung_Dx-A0197> - Retired Person Name form,Warning,4,PLAUSIBILITY,RETIRED_PN,"not applicable, no requirement is cited by the message",not applicable,,"Named in the rubric as a plausibility heuristic. The message is about the shape of a PN value, a single component with no caret delimiters, which PS3.5 Table 6.2-1 permits for VR PN. No Type and no condition is asserted, and dciodvfy emits it at Warning severity with the word dubious. 1,209 of the 1,224 message classes in this SOP class fall under this rule, one per distinct name value, because the census keys a class on the normalised message text and the value sits inside it."
dciodvfy,809f0857849b,Warning - Value dubious for this VR - (TAG) PN Patient's Name PN [1] = <Lung_Dx-G0032> - Retired Person Name form,Warning,4,PLAUSIBILITY,RETIRED_PN,"not applicable, no requirement is cited by the message",not applicable,,"Named in the rubric as a plausibility heuristic. The message is about the shape of a PN value, a single component with no caret delimiters, which PS3.5 Table 6.2-1 permits for VR PN. No Type and no condition is asserted, and dciodvfy emits it at Warning severity with the word dubious. 1,209 of the 1,224 message classes in this SOP class fall under this rule, one per distinct name value, because the census keys a class on the normalised message text and the value sits inside it."
dciodvfy,8d8c643de478,Warning - Value dubious for this VR - (TAG) PN Patient's Name PN [1] = <Lung_Dx-A0222> - Retired Person Name form,Warning,4,PLAUSIBILITY,RETIRED_PN,"not applicable, no requirement is cited by the message",not applicable,,"Named in the rubric as a plausibility heuristic. The message is about the shape of a PN value, a single component with no caret delimiters, which PS3.5 Table 6.2-1 permits for VR PN. No Type and no condition is asserted, and dciodvfy emits it at Warning severity with the word dubious. 1,209 of the 1,224 message classes in this SOP class fall under this rule, one per distinct name value, because the census keys a class on the normalised message text and the value sits inside it."
dciodvfy,8f48b7469d36,Warning - Value dubious for this VR - (TAG) PN Patient's Name PN [1] = <Lung_Dx-A0261> - Retired Person Name form,Warning,4,PLAUSIBILITY,RETIRED_PN,"not applicable, no requirement is cited by the message",not applicable,,"Named in the rubric as a plausibility heuristic. The message is about the shape of a PN value, a single component with no caret delimiters, which PS3.5 Table 6.2-1 permits for VR PN. No Type and no condition is asserted, and dciodvfy emits it at Warning severity with the word dubious. 1,209 of the 1,224 message classes in this SOP class fall under this rule, one per distinct name value, because the census keys a class on the normalised message text and the value sits inside it."
dciodvfy,94b72a29f5c7,Warning - Value dubious for this VR - (TAG) PN Patient's Name PN [1] = <Lung_Dx-A0179> - Retired Person Name form,Warning,4,PLAUSIBILITY,RETIRED_PN,"not applicable, no requirement is cited by the message",not applicable,,"Named in the rubric as a plausibility heuristic. The message is about the shape of a PN value, a single component with no caret delimiters, which PS3.5 Table 6.2-1 permits for VR PN. No Type and no condition is asserted, and dciodvfy emits it at Warning severity with the word dubious. 1,209 of the 1,224 message classes in this SOP class fall under this rule, one per distinct name value, because the census keys a class on the normalised message text and the value sits inside it."
dciodvfy,971aa85f1d53,Warning - Value dubious for this VR - (TAG) PN Patient's Name PN [1] = <Lung_Dx-B0043> - Retired Person Name form,Warning,4,PLAUSIBILITY,RETIRED_PN,"not applicable, no requirement is cited by the message",not applicable,,"Named in the rubric as a plausibility heuristic. The message is about the shape of a PN value, a single component with no caret delimiters, which PS3.5 Table 6.2-1 permits for VR PN. No Type and no condition is asserted, and dciodvfy emits it at Warning severity with the word dubious. 1,209 of the 1,224 message classes in this SOP class fall under this rule, one per distinct name value, because the census keys a class on the normalised message text and the value sits inside it."
dciodvfy,98897b00166f,Warning - Value dubious for this VR - (TAG) PN Patient's Name PN [1] = <Lung_Dx-A0205> - Retired Person Name form,Warning,4,PLAUSIBILITY,RETIRED_PN,"not applicable, no requirement is cited by the message",not applicable,,"Named in the rubric as a plausibility heuristic. The message is about the shape of a PN value, a single component with no caret delimiters, which PS3.5 Table 6.2-1 permits for VR PN. No Type and no condition is asserted, and dciodvfy emits it at Warning severity with the word dubious. 1,209 of the 1,224 message classes in this SOP class fall under this rule, one per distinct name value, because the census keys a class on the normalised message text and the value sits inside it."
dciodvfy,98ec8041a547,Warning - Value dubious for this VR - (TAG) PN Patient's Name PN [1] = <Lung_Dx-A0202> - Retired Person Name form,Warning,4,PLAUSIBILITY,RETIRED_PN,"not applicable, no requirement is cited by the message",not applicable,,"Named in the rubric as a plausibility heuristic. The message is about the shape of a PN value, a single component with no caret delimiters, which PS3.5 Table 6.2-1 permits for VR PN. No Type and no condition is asserted, and dciodvfy emits it at Warning severity with the word dubious. 1,209 of the 1,224 message classes in this SOP class fall under this rule, one per distinct name value, because the census keys a class on the normalised message text and the value sits inside it."
dciodvfy,9b0669bac662,Warning - Value dubious for this VR - (TAG) PN Patient's Name PN [1] = <Lung_Dx-G0043> - Retired Person Name form,Warning,4,PLAUSIBILITY,RETIRED_PN,"not applicable, no requirement is cited by the message",not applicable,,"Named in the rubric as a plausibility heuristic. The message is about the shape of a PN value, a single component with no caret delimiters, which PS3.5 Table 6.2-1 permits for VR PN. No Type and no condition is asserted, and dciodvfy emits it at Warning severity with the word dubious. 1,209 of the 1,224 message classes in this SOP class fall under this rule, one per distinct name value, because the census keys a class on the normalised message text and the value sits inside it."
dciodvfy,9d4c6b077676,Warning - Value dubious for this VR - (TAG) PN Patient's Name PN [1] = <Lung_Dx-A0180> - Retired Person Name form,Warning,4,PLAUSIBILITY,RETIRED_PN,"not applicable, no requirement is cited by the message",not applicable,,"Named in the rubric as a plausibility heuristic. The message is about the shape of a PN value, a single component with no caret delimiters, which PS3.5 Table 6.2-1 permits for VR PN. No Type and no condition is asserted, and dciodvfy emits it at Warning severity with the word dubious. 1,209 of the 1,224 message classes in this SOP class fall under this rule, one per distinct name value, because the census keys a class on the normalised message text and the value sits inside it."
dciodvfy,9d7c3e0ae886,Warning - Value dubious for this VR - (TAG) PN Patient's Name PN [1] = <Lung_Dx-G0045> - Retired Person Name form,Warning,4,PLAUSIBILITY,RETIRED_PN,"not applicable, no requirement is cited by the message",not applicable,,"Named in the rubric as a plausibility heuristic. The message is about the shape of a PN value, a single component with no caret delimiters, which PS3.5 Table 6.2-1 permits for VR PN. No Type and no condition is asserted, and dciodvfy emits it at Warning severity with the word dubious. 1,209 of the 1,224 message classes in this SOP class fall under this rule, one per distinct name value, because the census keys a class on the normalised message text and the value sits inside it."
dciodvfy,9db96ca999d4,Warning - Value dubious for this VR - (TAG) PN Patient's Name PN [1] = <Lung_Dx-A0022> - Retired Person Name form,Warning,4,PLAUSIBILITY,RETIRED_PN,"not applicable, no requirement is cited by the message",not applicable,,"Named in the rubric as a plausibility heuristic. The message is about the shape of a PN value, a single component with no caret delimiters, which PS3.5 Table 6.2-1 permits for VR PN. No Type and no condition is asserted, and dciodvfy emits it at Warning severity with the word dubious. 1,209 of the 1,224 message classes in this SOP class fall under this rule, one per distinct name value, because the census keys a class on the normalised message text and the value sits inside it."
dciodvfy,9dc86273bb57,Warning - Value dubious for this VR - (TAG) PN Patient's Name PN [1] = <Lung_Dx-A0176> - Retired Person Name form,Warning,4,PLAUSIBILITY,RETIRED_PN,"not applicable, no requirement is cited by the message",not applicable,,"Named in the rubric as a plausibility heuristic. The message is about the shape of a PN value, a single component with no caret delimiters, which PS3.5 Table 6.2-1 permits for VR PN. No Type and no condition is asserted, and dciodvfy emits it at Warning severity with the word dubious. 1,209 of the 1,224 message classes in this SOP class fall under this rule, one per distinct name value, because the census keys a class on the normalised message text and the value sits inside it."
dciodvfy,9f41b13e586d,Warning - Value dubious for this VR - (TAG) PN Patient's Name PN [1] = <Lung_Dx-A0183> - Retired Person Name form,Warning,4,PLAUSIBILITY,RETIRED_PN,"not applicable, no requirement is cited by the message",not applicable,,"Named in the rubric as a plausibility heuristic. The message is about the shape of a PN value, a single component with no caret delimiters, which PS3.5 Table 6.2-1 permits for VR PN. No Type and no condition is asserted, and dciodvfy emits it at Warning severity with the word dubious. 1,209 of the 1,224 message classes in this SOP class fall under this rule, one per distinct name value, because the census keys a class on the normalised message text and the value sits inside it."
dciodvfy,a1a47e4e09a2,Warning - Value dubious for this VR - (TAG) PN Patient's Name PN [1] = <Lung_Dx-A0029> - Retired Person Name form,Warning,4,PLAUSIBILITY,RETIRED_PN,"not applicable, no requirement is cited by the message",not applicable,,"Named in the rubric as a plausibility heuristic. The message is about the shape of a PN value, a single component with no caret delimiters, which PS3.5 Table 6.2-1 permits for VR PN. No Type and no condition is asserted, and dciodvfy emits it at Warning severity with the word dubious. 1,209 of the 1,224 message classes in this SOP class fall under this rule, one per distinct name value, because the census keys a class on the normalised message text and the value sits inside it."
dciodvfy,a6fd3c7734d1,Warning - Value dubious for this VR - (TAG) PN Patient's Name PN [1] = <Lung_Dx-A0106> - Retired Person Name form,Warning,4,PLAUSIBILITY,RETIRED_PN,"not applicable, no requirement is cited by the message",not applicable,,"Named in the rubric as a plausibility heuristic. The message is about the shape of a PN value, a single component with no caret delimiters, which PS3.5 Table 6.2-1 permits for VR PN. No Type and no condition is asserted, and dciodvfy emits it at Warning severity with the word dubious. 1,209 of the 1,224 message classes in this SOP class fall under this rule, one per distinct name value, because the census keys a class on the normalised message text and the value sits inside it."
dciodvfy,a75724497624,Warning - Value dubious for this VR - (TAG) PN Patient's Name PN [1] = <Lung_Dx-A0238> - Retired Person Name form,Warning,4,PLAUSIBILITY,RETIRED_PN,"not applicable, no requirement is cited by the message",not applicable,,"Named in the rubric as a plausibility heuristic. The message is about the shape of a PN value, a single component with no caret delimiters, which PS3.5 Table 6.2-1 permits for VR PN. No Type and no condition is asserted, and dciodvfy emits it at Warning severity with the word dubious. 1,209 of the 1,224 message classes in this SOP class fall under this rule, one per distinct name value, because the census keys a class on the normalised message text and the value sits inside it."
dciodvfy,a8f16d6d4ccf,Warning - Value dubious for this VR - (TAG) PN Patient's Name PN [1] = <Lung_Dx-A0091> - Retired Person Name form,Warning,4,PLAUSIBILITY,RETIRED_PN,"not applicable, no requirement is cited by the message",not applicable,,"Named in the rubric as a plausibility heuristic. The message is about the shape of a PN value, a single component with no caret delimiters, which PS3.5 Table 6.2-1 permits for VR PN. No Type and no condition is asserted, and dciodvfy emits it at Warning severity with the word dubious. 1,209 of the 1,224 message classes in this SOP class fall under this rule, one per distinct name value, because the census keys a class on the normalised message text and the value sits inside it."
dciodvfy,a97cf8231313,Warning - Value dubious for this VR - (TAG) PN Patient's Name PN [1] = <Lung_Dx-G0034> - Retired Person Name form,Warning,4,PLAUSIBILITY,RETIRED_PN,"not applicable, no requirement is cited by the message",not applicable,,"Named in the rubric as a plausibility heuristic. The message is about the shape of a PN value, a single component with no caret delimiters, which PS3.5 Table 6.2-1 permits for VR PN. No Type and no condition is asserted, and dciodvfy emits it at Warning severity with the word dubious. 1,209 of the 1,224 message classes in this SOP class fall under this rule, one per distinct name value, because the census keys a class on the normalised message text and the value sits inside it."
dciodvfy,a9903b070c29,Warning - Value dubious for this VR - (TAG) PN Patient's Name PN [1] = <Lung_Dx-G0041> - Retired Person Name form,Warning,4,PLAUSIBILITY,RETIRED_PN,"not applicable, no requirement is cited by the message",not applicable,,"Named in the rubric as a plausibility heuristic. The message is about the shape of a PN value, a single component with no caret delimiters, which PS3.5 Table 6.2-1 permits for VR PN. No Type and no condition is asserted, and dciodvfy emits it at Warning severity with the word dubious. 1,209 of the 1,224 message classes in this SOP class fall under this rule, one per distinct name value, because the census keys a class on the normalised message text and the value sits inside it."
dciodvfy,aa4fbc803d43,Warning - Value dubious for this VR - (TAG) PN Patient's Name PN [1] = <Lung_Dx-G0057> - Retired Person Name form,Warning,4,PLAUSIBILITY,RETIRED_PN,"not applicable, no requirement is cited by the message",not applicable,,"Named in the rubric as a plausibility heuristic. The message is about the shape of a PN value, a single component with no caret delimiters, which PS3.5 Table 6.2-1 permits for VR PN. No Type and no condition is asserted, and dciodvfy emits it at Warning severity with the word dubious. 1,209 of the 1,224 message classes in this SOP class fall under this rule, one per distinct name value, because the census keys a class on the normalised message text and the value sits inside it."
dciodvfy,aad1e30522c6,Warning - Value dubious for this VR - (TAG) PN Patient's Name PN [1] = <Lung_Dx-A0018> - Retired Person Name form,Warning,4,PLAUSIBILITY,RETIRED_PN,"not applicable, no requirement is cited by the message",not applicable,,"Named in the rubric as a plausibility heuristic. The message is about the shape of a PN value, a single component with no caret delimiters, which PS3.5 Table 6.2-1 permits for VR PN. No Type and no condition is asserted, and dciodvfy emits it at Warning severity with the word dubious. 1,209 of the 1,224 message classes in this SOP class fall under this rule, one per distinct name value, because the census keys a class on the normalised message text and the value sits inside it."
dciodvfy,addbdfba8ede,Warning - Value dubious for this VR - (TAG) PN Patient's Name PN [1] = <Lung_Dx-A0198> - Retired Person Name form,Warning,4,PLAUSIBILITY,RETIRED_PN,"not applicable, no requirement is cited by the message",not applicable,,"Named in the rubric as a plausibility heuristic. The message is about the shape of a PN value, a single component with no caret delimiters, which PS3.5 Table 6.2-1 permits for VR PN. No Type and no condition is asserted, and dciodvfy emits it at Warning severity with the word dubious. 1,209 of the 1,224 message classes in this SOP class fall under this rule, one per distinct name value, because the census keys a class on the normalised message text and the value sits inside it."
dciodvfy,ae527a7c1ca2,Warning - Value dubious for this VR - (TAG) PN Patient's Name PN [1] = <Lung_Dx-A0062> - Retired Person Name form,Warning,4,PLAUSIBILITY,RETIRED_PN,"not applicable, no requirement is cited by the message",not applicable,,"Named in the rubric as a plausibility heuristic. The message is about the shape of a PN value, a single component with no caret delimiters, which PS3.5 Table 6.2-1 permits for VR PN. No Type and no condition is asserted, and dciodvfy emits it at Warning severity with the word dubious. 1,209 of the 1,224 message classes in this SOP class fall under this rule, one per distinct name value, because the census keys a class on the normalised message text and the value sits inside it."
dciodvfy,b0d6ec611281,Warning - Value dubious for this VR - (TAG) PN Patient's Name PN [1] = <Lung_Dx-B0041> - Retired Person Name form,Warning,4,PLAUSIBILITY,RETIRED_PN,"not applicable, no requirement is cited by the message",not applicable,,"Named in the rubric as a plausibility heuristic. The message is about the shape of a PN value, a single component with no caret delimiters, which PS3.5 Table 6.2-1 permits for VR PN. No Type and no condition is asserted, and dciodvfy emits it at Warning severity with the word dubious. 1,209 of the 1,224 message classes in this SOP class fall under this rule, one per distinct name value, because the census keys a class on the normalised message text and the value sits inside it."
dciodvfy,b4559a34a38c,Warning - Value dubious for this VR - (TAG) PN Patient's Name PN [1] = <Lung_Dx-A0204> - Retired Person Name form,Warning,4,PLAUSIBILITY,RETIRED_PN,"not applicable, no requirement is cited by the message",not applicable,,"Named in the rubric as a plausibility heuristic. The message is about the shape of a PN value, a single component with no caret delimiters, which PS3.5 Table 6.2-1 permits for VR PN. No Type and no condition is asserted, and dciodvfy emits it at Warning severity with the word dubious. 1,209 of the 1,224 message classes in this SOP class fall under this rule, one per distinct name value, because the census keys a class on the normalised message text and the value sits inside it."
dciodvfy,b5ba1effb07a,Warning - Value dubious for this VR - (TAG) PN Patient's Name PN [1] = <Lung_Dx-A0226> - Retired Person Name form,Warning,4,PLAUSIBILITY,RETIRED_PN,"not applicable, no requirement is cited by the message",not applicable,,"Named in the rubric as a plausibility heuristic. The message is about the shape of a PN value, a single component with no caret delimiters, which PS3.5 Table 6.2-1 permits for VR PN. No Type and no condition is asserted, and dciodvfy emits it at Warning severity with the word dubious. 1,209 of the 1,224 message classes in this SOP class fall under this rule, one per distinct name value, because the census keys a class on the normalised message text and the value sits inside it."
dciodvfy,b6a12813ecab,Warning - Value dubious for this VR - (TAG) PN Patient's Name PN [1] = <Lung_Dx-A0237> - Retired Person Name form,Warning,4,PLAUSIBILITY,RETIRED_PN,"not applicable, no requirement is cited by the message",not applicable,,"Named in the rubric as a plausibility heuristic. The message is about the shape of a PN value, a single component with no caret delimiters, which PS3.5 Table 6.2-1 permits for VR PN. No Type and no condition is asserted, and dciodvfy emits it at Warning severity with the word dubious. 1,209 of the 1,224 message classes in this SOP class fall under this rule, one per distinct name value, because the census keys a class on the normalised message text and the value sits inside it."
dciodvfy,b9b4af27631c,Warning - Value dubious for this VR - (TAG) PN Patient's Name PN [1] = <Lung_Dx-A0210> - Retired Person Name form,Warning,4,PLAUSIBILITY,RETIRED_PN,"not applicable, no requirement is cited by the message",not applicable,,"Named in the rubric as a plausibility heuristic. The message is about the shape of a PN value, a single component with no caret delimiters, which PS3.5 Table 6.2-1 permits for VR PN. No Type and no condition is asserted, and dciodvfy emits it at Warning severity with the word dubious. 1,209 of the 1,224 message classes in this SOP class fall under this rule, one per distinct name value, because the census keys a class on the normalised message text and the value sits inside it."
dciodvfy,b9eb5bcb8224,Warning - Value dubious for this VR - (TAG) PN Patient's Name PN [1] = <Lung_Dx-B0037> - Retired Person Name form,Warning,4,PLAUSIBILITY,RETIRED_PN,"not applicable, no requirement is cited by the message",not applicable,,"Named in the rubric as a plausibility heuristic. The message is about the shape of a PN value, a single component with no caret delimiters, which PS3.5 Table 6.2-1 permits for VR PN. No Type and no condition is asserted, and dciodvfy emits it at Warning severity with the word dubious. 1,209 of the 1,224 message classes in this SOP class fall under this rule, one per distinct name value, because the census keys a class on the normalised message text and the value sits inside it."
dciodvfy,bbafd8ba35c7,Warning - Value dubious for this VR - (TAG) PN Patient's Name PN [1] = <Lung_Dx-A0170> - Retired Person Name form,Warning,4,PLAUSIBILITY,RETIRED_PN,"not applicable, no requirement is cited by the message",not applicable,,"Named in the rubric as a plausibility heuristic. The message is about the shape of a PN value, a single component with no caret delimiters, which PS3.5 Table 6.2-1 permits for VR PN. No Type and no condition is asserted, and dciodvfy emits it at Warning severity with the word dubious. 1,209 of the 1,224 message classes in this SOP class fall under this rule, one per distinct name value, because the census keys a class on the normalised message text and the value sits inside it."
dciodvfy,be7c825a242e,Warning - Value dubious for this VR - (TAG) PN Patient's Name PN [1] = <Lung_Dx-A0262> - Retired Person Name form,Warning,4,PLAUSIBILITY,RETIRED_PN,"not applicable, no requirement is cited by the message",not applicable,,"Named in the rubric as a plausibility heuristic. The message is about the shape of a PN value, a single component with no caret delimiters, which PS3.5 Table 6.2-1 permits for VR PN. No Type and no condition is asserted, and dciodvfy emits it at Warning severity with the word dubious. 1,209 of the 1,224 message classes in this SOP class fall under this rule, one per distinct name value, because the census keys a class on the normalised message text and the value sits inside it."
dciodvfy,c289b3377e13,Warning - Value dubious for this VR - (TAG) PN Patient's Name PN [1] = <Lung_Dx-A0206> - Retired Person Name form,Warning,4,PLAUSIBILITY,RETIRED_PN,"not applicable, no requirement is cited by the message",not applicable,,"Named in the rubric as a plausibility heuristic. The message is about the shape of a PN value, a single component with no caret delimiters, which PS3.5 Table 6.2-1 permits for VR PN. No Type and no condition is asserted, and dciodvfy emits it at Warning severity with the word dubious. 1,209 of the 1,224 message classes in this SOP class fall under this rule, one per distinct name value, because the census keys a class on the normalised message text and the value sits inside it."
dciodvfy,c32fe83f0ce1,Warning - Value dubious for this VR - (TAG) PN Patient's Name PN [1] = <Lung_Dx-A0259> - Retired Person Name form,Warning,4,PLAUSIBILITY,RETIRED_PN,"not applicable, no requirement is cited by the message",not applicable,,"Named in the rubric as a plausibility heuristic. The message is about the shape of a PN value, a single component with no caret delimiters, which PS3.5 Table 6.2-1 permits for VR PN. No Type and no condition is asserted, and dciodvfy emits it at Warning severity with the word dubious. 1,209 of the 1,224 message classes in this SOP class fall under this rule, one per distinct name value, because the census keys a class on the normalised message text and the value sits inside it."
dciodvfy,c5db22964f1a,Warning - Value dubious for this VR - (TAG) PN Patient's Name PN [1] = <Lung_Dx-A0177> - Retired Person Name form,Warning,4,PLAUSIBILITY,RETIRED_PN,"not applicable, no requirement is cited by the message",not applicable,,"Named in the rubric as a plausibility heuristic. The message is about the shape of a PN value, a single component with no caret delimiters, which PS3.5 Table 6.2-1 permits for VR PN. No Type and no condition is asserted, and dciodvfy emits it at Warning severity with the word dubious. 1,209 of the 1,224 message classes in this SOP class fall under this rule, one per distinct name value, because the census keys a class on the normalised message text and the value sits inside it."
dciodvfy,c8081a32872e,Warning - Value dubious for this VR - (TAG) PN Patient's Name PN [1] = <Lung_Dx-A0236> - Retired Person Name form,Warning,4,PLAUSIBILITY,RETIRED_PN,"not applicable, no requirement is cited by the message",not applicable,,"Named in the rubric as a plausibility heuristic. The message is about the shape of a PN value, a single component with no caret delimiters, which PS3.5 Table 6.2-1 permits for VR PN. No Type and no condition is asserted, and dciodvfy emits it at Warning severity with the word dubious. 1,209 of the 1,224 message classes in this SOP class fall under this rule, one per distinct name value, because the census keys a class on the normalised message text and the value sits inside it."
dciodvfy,c98e8c1347bc,Warning - Value dubious for this VR - (TAG) PN Patient's Name PN [1] = <Lung_Dx-A0242> - Retired Person Name form,Warning,4,PLAUSIBILITY,RETIRED_PN,"not applicable, no requirement is cited by the message",not applicable,,"Named in the rubric as a plausibility heuristic. The message is about the shape of a PN value, a single component with no caret delimiters, which PS3.5 Table 6.2-1 permits for VR PN. No Type and no condition is asserted, and dciodvfy emits it at Warning severity with the word dubious. 1,209 of the 1,224 message classes in this SOP class fall under this rule, one per distinct name value, because the census keys a class on the normalised message text and the value sits inside it."
dciodvfy,c998ed19f63e,Warning - Value dubious for this VR - (TAG) PN Patient's Name PN [1] = <Lung_Dx-A0248> - Retired Person Name form,Warning,4,PLAUSIBILITY,RETIRED_PN,"not applicable, no requirement is cited by the message",not applicable,,"Named in the rubric as a plausibility heuristic. The message is about the shape of a PN value, a single component with no caret delimiters, which PS3.5 Table 6.2-1 permits for VR PN. No Type and no condition is asserted, and dciodvfy emits it at Warning severity with the word dubious. 1,209 of the 1,224 message classes in this SOP class fall under this rule, one per distinct name value, because the census keys a class on the normalised message text and the value sits inside it."
dciodvfy,cf2631d72665,Warning - Value dubious for this VR - (TAG) PN Patient's Name PN [1] = <Lung_Dx-A0240> - Retired Person Name form,Warning,4,PLAUSIBILITY,RETIRED_PN,"not applicable, no requirement is cited by the message",not applicable,,"Named in the rubric as a plausibility heuristic. The message is about the shape of a PN value, a single component with no caret delimiters, which PS3.5 Table 6.2-1 permits for VR PN. No Type and no condition is asserted, and dciodvfy emits it at Warning severity with the word dubious. 1,209 of the 1,224 message classes in this SOP class fall under this rule, one per distinct name value, because the census keys a class on the normalised message text and the value sits inside it."
dciodvfy,cfd3ca917105,Warning - Value dubious for this VR - (TAG) PN Patient's Name PN [1] = <Lung_Dx-A0195> - Retired Person Name form,Warning,4,PLAUSIBILITY,RETIRED_PN,"not applicable, no requirement is cited by the message",not applicable,,"Named in the rubric as a plausibility heuristic. The message is about the shape of a PN value, a single component with no caret delimiters, which PS3.5 Table 6.2-1 permits for VR PN. No Type and no condition is asserted, and dciodvfy emits it at Warning severity with the word dubious. 1,209 of the 1,224 message classes in this SOP class fall under this rule, one per distinct name value, because the census keys a class on the normalised message text and the value sits inside it."
dciodvfy,d012d99b4122,Warning - Value dubious for this VR - (TAG) PN Patient's Name PN [1] = <Lung_Dx-A0227> - Retired Person Name form,Warning,4,PLAUSIBILITY,RETIRED_PN,"not applicable, no requirement is cited by the message",not applicable,,"Named in the rubric as a plausibility heuristic. The message is about the shape of a PN value, a single component with no caret delimiters, which PS3.5 Table 6.2-1 permits for VR PN. No Type and no condition is asserted, and dciodvfy emits it at Warning severity with the word dubious. 1,209 of the 1,224 message classes in this SOP class fall under this rule, one per distinct name value, because the census keys a class on the normalised message text and the value sits inside it."
dciodvfy,d4204283ec56,Warning - Value dubious for this VR - (TAG) PN Patient's Name PN [1] = <Lung_Dx-A0194> - Retired Person Name form,Warning,4,PLAUSIBILITY,RETIRED_PN,"not applicable, no requirement is cited by the message",not applicable,,"Named in the rubric as a plausibility heuristic. The message is about the shape of a PN value, a single component with no caret delimiters, which PS3.5 Table 6.2-1 permits for VR PN. No Type and no condition is asserted, and dciodvfy emits it at Warning severity with the word dubious. 1,209 of the 1,224 message classes in this SOP class fall under this rule, one per distinct name value, because the census keys a class on the normalised message text and the value sits inside it."
dciodvfy,d7d1e2809766,Warning - Value dubious for this VR - (TAG) PN Patient's Name PN [1] = <Lung_Dx-A0257> - Retired Person Name form,Warning,4,PLAUSIBILITY,RETIRED_PN,"not applicable, no requirement is cited by the message",not applicable,,"Named in the rubric as a plausibility heuristic. The message is about the shape of a PN value, a single component with no caret delimiters, which PS3.5 Table 6.2-1 permits for VR PN. No Type and no condition is asserted, and dciodvfy emits it at Warning severity with the word dubious. 1,209 of the 1,224 message classes in this SOP class fall under this rule, one per distinct name value, because the census keys a class on the normalised message text and the value sits inside it."
dciodvfy,db0e5364e777,Warning - Value dubious for this VR - (TAG) PN Patient's Name PN [1] = <Lung_Dx-A0112> - Retired Person Name form,Warning,4,PLAUSIBILITY,RETIRED_PN,"not applicable, no requirement is cited by the message",not applicable,,"Named in the rubric as a plausibility heuristic. The message is about the shape of a PN value, a single component with no caret delimiters, which PS3.5 Table 6.2-1 permits for VR PN. No Type and no condition is asserted, and dciodvfy emits it at Warning severity with the word dubious. 1,209 of the 1,224 message classes in this SOP class fall under this rule, one per distinct name value, because the census keys a class on the normalised message text and the value sits inside it."
dciodvfy,db5d9d7b5c16,Warning - Value dubious for this VR - (TAG) PN Patient's Name PN [1] = <Lung_Dx-A0220> - Retired Person Name form,Warning,4,PLAUSIBILITY,RETIRED_PN,"not applicable, no requirement is cited by the message",not applicable,,"Named in the rubric as a plausibility heuristic. The message is about the shape of a PN value, a single component with no caret delimiters, which PS3.5 Table 6.2-1 permits for VR PN. No Type and no condition is asserted, and dciodvfy emits it at Warning severity with the word dubious. 1,209 of the 1,224 message classes in this SOP class fall under this rule, one per distinct name value, because the census keys a class on the normalised message text and the value sits inside it."
dciodvfy,db5dbf4072d4,Warning - Value dubious for this VR - (TAG) PN Patient's Name PN [1] = <Lung_Dx-A0231> - Retired Person Name form,Warning,4,PLAUSIBILITY,RETIRED_PN,"not applicable, no requirement is cited by the message",not applicable,,"Named in the rubric as a plausibility heuristic. The message is about the shape of a PN value, a single component with no caret delimiters, which PS3.5 Table 6.2-1 permits for VR PN. No Type and no condition is asserted, and dciodvfy emits it at Warning severity with the word dubious. 1,209 of the 1,224 message classes in this SOP class fall under this rule, one per distinct name value, because the census keys a class on the normalised message text and the value sits inside it."
dciodvfy,e0daf40d7fb3,Warning - Value dubious for this VR - (TAG) PN Patient's Name PN [1] = <Lung_Dx-A0189> - Retired Person Name form,Warning,4,PLAUSIBILITY,RETIRED_PN,"not applicable, no requirement is cited by the message",not applicable,,"Named in the rubric as a plausibility heuristic. The message is about the shape of a PN value, a single component with no caret delimiters, which PS3.5 Table 6.2-1 permits for VR PN. No Type and no condition is asserted, and dciodvfy emits it at Warning severity with the word dubious. 1,209 of the 1,224 message classes in this SOP class fall under this rule, one per distinct name value, because the census keys a class on the normalised message text and the value sits inside it."
dciodvfy,e156701c80a7,Warning - Value dubious for this VR - (TAG) PN Patient's Name PN [1] = <Lung_Dx-A0247> - Retired Person Name form,Warning,4,PLAUSIBILITY,RETIRED_PN,"not applicable, no requirement is cited by the message",not applicable,,"Named in the rubric as a plausibility heuristic. The message is about the shape of a PN value, a single component with no caret delimiters, which PS3.5 Table 6.2-1 permits for VR PN. No Type and no condition is asserted, and dciodvfy emits it at Warning severity with the word dubious. 1,209 of the 1,224 message classes in this SOP class fall under this rule, one per distinct name value, because the census keys a class on the normalised message text and the value sits inside it."
dciodvfy,e36f82fe9ee2,Warning - Value dubious for this VR - (TAG) PN Patient's Name PN [1] = <Lung_Dx-G0050> - Retired Person Name form,Warning,4,PLAUSIBILITY,RETIRED_PN,"not applicable, no requirement is cited by the message",not applicable,,"Named in the rubric as a plausibility heuristic. The message is about the shape of a PN value, a single component with no caret delimiters, which PS3.5 Table 6.2-1 permits for VR PN. No Type and no condition is asserted, and dciodvfy emits it at Warning severity with the word dubious. 1,209 of the 1,224 message classes in this SOP class fall under this rule, one per distinct name value, because the census keys a class on the normalised message text and the value sits inside it."
dciodvfy,e48940036655,Warning - Value dubious for this VR - (TAG) PN Patient's Name PN [1] = <Lung_Dx-G0046> - Retired Person Name form,Warning,4,PLAUSIBILITY,RETIRED_PN,"not applicable, no requirement is cited by the message",not applicable,,"Named in the rubric as a plausibility heuristic. The message is about the shape of a PN value, a single component with no caret delimiters, which PS3.5 Table 6.2-1 permits for VR PN. No Type and no condition is asserted, and dciodvfy emits it at Warning severity with the word dubious. 1,209 of the 1,224 message classes in this SOP class fall under this rule, one per distinct name value, because the census keys a class on the normalised message text and the value sits inside it."
dciodvfy,e601c25bf54f,Warning - Value dubious for this VR - (TAG) PN Patient's Name PN [1] = <Lung_Dx-A0260> - Retired Person Name form,Warning,4,PLAUSIBILITY,RETIRED_PN,"not applicable, no requirement is cited by the message",not applicable,,"Named in the rubric as a plausibility heuristic. The message is about the shape of a PN value, a single component with no caret delimiters, which PS3.5 Table 6.2-1 permits for VR PN. No Type and no condition is asserted, and dciodvfy emits it at Warning severity with the word dubious. 1,209 of the 1,224 message classes in this SOP class fall under this rule, one per distinct name value, because the census keys a class on the normalised message text and the value sits inside it."
dciodvfy,e60bc60bb86a,Warning - Value dubious for this VR - (TAG) PN Patient's Name PN [1] = <Lung_Dx-A0250> - Retired Person Name form,Warning,4,PLAUSIBILITY,RETIRED_PN,"not applicable, no requirement is cited by the message",not applicable,,"Named in the rubric as a plausibility heuristic. The message is about the shape of a PN value, a single component with no caret delimiters, which PS3.5 Table 6.2-1 permits for VR PN. No Type and no condition is asserted, and dciodvfy emits it at Warning severity with the word dubious. 1,209 of the 1,224 message classes in this SOP class fall under this rule, one per distinct name value, because the census keys a class on the normalised message text and the value sits inside it."
dciodvfy,e6a4f42469aa,Warning - Value dubious for this VR - (TAG) PN Patient's Name PN [1] = <Lung_Dx-A0234> - Retired Person Name form,Warning,4,PLAUSIBILITY,RETIRED_PN,"not applicable, no requirement is cited by the message",not applicable,,"Named in the rubric as a plausibility heuristic. The message is about the shape of a PN value, a single component with no caret delimiters, which PS3.5 Table 6.2-1 permits for VR PN. No Type and no condition is asserted, and dciodvfy emits it at Warning severity with the word dubious. 1,209 of the 1,224 message classes in this SOP class fall under this rule, one per distinct name value, because the census keys a class on the normalised message text and the value sits inside it."
dciodvfy,e7adafa4bfff,Warning - Value dubious for this VR - (TAG) PN Patient's Name PN [1] = <Lung_Dx-G0059> - Retired Person Name form,Warning,4,PLAUSIBILITY,RETIRED_PN,"not applicable, no requirement is cited by the message",not applicable,,"Named in the rubric as a plausibility heuristic. The message is about the shape of a PN value, a single component with no caret delimiters, which PS3.5 Table 6.2-1 permits for VR PN. No Type and no condition is asserted, and dciodvfy emits it at Warning severity with the word dubious. 1,209 of the 1,224 message classes in this SOP class fall under this rule, one per distinct name value, because the census keys a class on the normalised message text and the value sits inside it."
dciodvfy,e96440f59e7f,Warning - Value dubious for this VR - (TAG) PN Patient's Name PN [1] = <Lung_Dx-A0182> - Retired Person Name form,Warning,4,PLAUSIBILITY,RETIRED_PN,"not applicable, no requirement is cited by the message",not applicable,,"Named in the rubric as a plausibility heuristic. The message is about the shape of a PN value, a single component with no caret delimiters, which PS3.5 Table 6.2-1 permits for VR PN. No Type and no condition is asserted, and dciodvfy emits it at Warning severity with the word dubious. 1,209 of the 1,224 message classes in this SOP class fall under this rule, one per distinct name value, because the census keys a class on the normalised message text and the value sits inside it."
dciodvfy,eaf2382ac78e,Warning - Value dubious for this VR - (TAG) PN Patient's Name PN [1] = <Lung_Dx-A0019> - Retired Person Name form,Warning,4,PLAUSIBILITY,RETIRED_PN,"not applicable, no requirement is cited by the message",not applicable,,"Named in the rubric as a plausibility heuristic. The message is about the shape of a PN value, a single component with no caret delimiters, which PS3.5 Table 6.2-1 permits for VR PN. No Type and no condition is asserted, and dciodvfy emits it at Warning severity with the word dubious. 1,209 of the 1,224 message classes in this SOP class fall under this rule, one per distinct name value, because the census keys a class on the normalised message text and the value sits inside it."
dciodvfy,ec2828b01984,Warning - Value dubious for this VR - (TAG) PN Patient's Name PN [1] = <Lung_Dx-G0044> - Retired Person Name form,Warning,4,PLAUSIBILITY,RETIRED_PN,"not applicable, no requirement is cited by the message",not applicable,,"Named in the rubric as a plausibility heuristic. The message is about the shape of a PN value, a single component with no caret delimiters, which PS3.5 Table 6.2-1 permits for VR PN. No Type and no condition is asserted, and dciodvfy emits it at Warning severity with the word dubious. 1,209 of the 1,224 message classes in this SOP class fall under this rule, one per distinct name value, because the census keys a class on the normalised message text and the value sits inside it."
dciodvfy,efa665e2657c,Warning - Value dubious for this VR - (TAG) PN Patient's Name PN [1] = <Lung_Dx-A0214> - Retired Person Name form,Warning,4,PLAUSIBILITY,RETIRED_PN,"not applicable, no requirement is cited by the message",not applicable,,"Named in the rubric as a plausibility heuristic. The message is about the shape of a PN value, a single component with no caret delimiters, which PS3.5 Table 6.2-1 permits for VR PN. No Type and no condition is asserted, and dciodvfy emits it at Warning severity with the word dubious. 1,209 of the 1,224 message classes in this SOP class fall under this rule, one per distinct name value, because the census keys a class on the normalised message text and the value sits inside it."
dciodvfy,f07a715f3cf7,Warning - Value dubious for this VR - (TAG) PN Patient's Name PN [1] = <Lung_Dx-A0225> - Retired Person Name form,Warning,4,PLAUSIBILITY,RETIRED_PN,"not applicable, no requirement is cited by the message",not applicable,,"Named in the rubric as a plausibility heuristic. The message is about the shape of a PN value, a single component with no caret delimiters, which PS3.5 Table 6.2-1 permits for VR PN. No Type and no condition is asserted, and dciodvfy emits it at Warning severity with the word dubious. 1,209 of the 1,224 message classes in this SOP class fall under this rule, one per distinct name value, because the census keys a class on the normalised message text and the value sits inside it."
dciodvfy,f0e24080f463,Warning - Value dubious for this VR - (TAG) PN Patient's Name PN [1] = <Lung_Dx-A0181> - Retired Person Name form,Warning,4,PLAUSIBILITY,RETIRED_PN,"not applicable, no requirement is cited by the message",not applicable,,"Named in the rubric as a plausibility heuristic. The message is about the shape of a PN value, a single component with no caret delimiters, which PS3.5 Table 6.2-1 permits for VR PN. No Type and no condition is asserted, and dciodvfy emits it at Warning severity with the word dubious. 1,209 of the 1,224 message classes in this SOP class fall under this rule, one per distinct name value, because the census keys a class on the normalised message text and the value sits inside it."
dciodvfy,f1232a8afdde,Warning - Value dubious for this VR - (TAG) PN Patient's Name PN [1] = <Lung_Dx-G0060> - Retired Person Name form,Warning,4,PLAUSIBILITY,RETIRED_PN,"not applicable, no requirement is cited by the message",not applicable,,"Named in the rubric as a plausibility heuristic. The message is about the shape of a PN value, a single component with no caret delimiters, which PS3.5 Table 6.2-1 permits for VR PN. No Type and no condition is asserted, and dciodvfy emits it at Warning severity with the word dubious. 1,209 of the 1,224 message classes in this SOP class fall under this rule, one per distinct name value, because the census keys a class on the normalised message text and the value sits inside it."
dciodvfy,f3e06d566c61,Warning - Value dubious for this VR - (TAG) PN Patient's Name PN [1] = <Lung_Dx-A0265> - Retired Person Name form,Warning,4,PLAUSIBILITY,RETIRED_PN,"not applicable, no requirement is cited by the message",not applicable,,"Named in the rubric as a plausibility heuristic. The message is about the shape of a PN value, a single component with no caret delimiters, which PS3.5 Table 6.2-1 permits for VR PN. No Type and no condition is asserted, and dciodvfy emits it at Warning severity with the word dubious. 1,209 of the 1,224 message classes in this SOP class fall under this rule, one per distinct name value, because the census keys a class on the normalised message text and the value sits inside it."
dciodvfy,f65bcd065012,Warning - Value dubious for this VR - (TAG) PN Patient's Name PN [1] = <Lung_Dx-G0054> - Retired Person Name form,Warning,4,PLAUSIBILITY,RETIRED_PN,"not applicable, no requirement is cited by the message",not applicable,,"Named in the rubric as a plausibility heuristic. The message is about the shape of a PN value, a single component with no caret delimiters, which PS3.5 Table 6.2-1 permits for VR PN. No Type and no condition is asserted, and dciodvfy emits it at Warning severity with the word dubious. 1,209 of the 1,224 message classes in this SOP class fall under this rule, one per distinct name value, because the census keys a class on the normalised message text and the value sits inside it."
dciodvfy,f72c18531f59,Warning - Value dubious for this VR - (TAG) PN Patient's Name PN [1] = <Lung_Dx-A0254> - Retired Person Name form,Warning,4,PLAUSIBILITY,RETIRED_PN,"not applicable, no requirement is cited by the message",not applicable,,"Named in the rubric as a plausibility heuristic. The message is about the shape of a PN value, a single component with no caret delimiters, which PS3.5 Table 6.2-1 permits for VR PN. No Type and no condition is asserted, and dciodvfy emits it at Warning severity with the word dubious. 1,209 of the 1,224 message classes in this SOP class fall under this rule, one per distinct name value, because the census keys a class on the normalised message text and the value sits inside it."
dciodvfy,f8ecf531460e,Warning - Value dubious for this VR - (TAG) PN Patient's Name PN [1] = <Lung_Dx-G0053> - Retired Person Name form,Warning,4,PLAUSIBILITY,RETIRED_PN,"not applicable, no requirement is cited by the message",not applicable,,"Named in the rubric as a plausibility heuristic. The message is about the shape of a PN value, a single component with no caret delimiters, which PS3.5 Table 6.2-1 permits for VR PN. No Type and no condition is asserted, and dciodvfy emits it at Warning severity with the word dubious. 1,209 of the 1,224 message classes in this SOP class fall under this rule, one per distinct name value, because the census keys a class on the normalised message text and the value sits inside it."
dciodvfy,f9638aa43b5f,Warning - Value dubious for this VR - (TAG) PN Patient's Name PN [1] = <Lung_Dx-A0213> - Retired Person Name form,Warning,4,PLAUSIBILITY,RETIRED_PN,"not applicable, no requirement is cited by the message",not applicable,,"Named in the rubric as a plausibility heuristic. The message is about the shape of a PN value, a single component with no caret delimiters, which PS3.5 Table 6.2-1 permits for VR PN. No Type and no condition is asserted, and dciodvfy emits it at Warning severity with the word dubious. 1,209 of the 1,224 message classes in this SOP class fall under this rule, one per distinct name value, because the census keys a class on the normalised message text and the value sits inside it."
dciodvfy,fcc586a622ce,Warning - Value dubious for this VR - (TAG) PN Patient's Name PN [1] = <Lung_Dx-A0184> - Retired Person Name form,Warning,4,PLAUSIBILITY,RETIRED_PN,"not applicable, no requirement is cited by the message",not applicable,,"Named in the rubric as a plausibility heuristic. The message is about the shape of a PN value, a single component with no caret delimiters, which PS3.5 Table 6.2-1 permits for VR PN. No Type and no condition is asserted, and dciodvfy emits it at Warning severity with the word dubious. 1,209 of the 1,224 message classes in this SOP class fall under this rule, one per distinct name value, because the census keys a class on the normalised message text and the value sits inside it."
dciodvfy,ff9b8c08949a,Warning - Value dubious for this VR - (TAG) PN Patient's Name PN [1] = <Lung_Dx-G0058> - Retired Person Name form,Warning,4,PLAUSIBILITY,RETIRED_PN,"not applicable, no requirement is cited by the message",not applicable,,"Named in the rubric as a plausibility heuristic. The message is about the shape of a PN value, a single component with no caret delimiters, which PS3.5 Table 6.2-1 permits for VR PN. No Type and no condition is asserted, and dciodvfy emits it at Warning severity with the word dubious. 1,209 of the 1,224 message classes in this SOP class fall under this rule, one per distinct name value, because the census keys a class on the normalised message text and the value sits inside it."
dciodvfy,ffe51288e8c0,Warning - Value dubious for this VR - (TAG) PN Patient's Name PN [1] = <Lung_Dx-A0256> - Retired Person Name form,Warning,4,PLAUSIBILITY,RETIRED_PN,"not applicable, no requirement is cited by the message",not applicable,,"Named in the rubric as a plausibility heuristic. The message is about the shape of a PN value, a single component with no caret delimiters, which PS3.5 Table 6.2-1 permits for VR PN. No Type and no condition is asserted, and dciodvfy emits it at Warning severity with the word dubious. 1,209 of the 1,224 message classes in this SOP class fall under this rule, one per distinct name value, because the census keys a class on the normalised message text and the value sits inside it."
dciodvfy,05a6f6a9a886,Warning - Value dubious for this VR - (TAG) PN Patient's Name PN [1] = <Lung_Dx-B0009> - Retired Person Name form,Warning,3,PLAUSIBILITY,RETIRED_PN,"not applicable, no requirement is cited by the message",not applicable,,"Named in the rubric as a plausibility heuristic. The message is about the shape of a PN value, a single component with no caret delimiters, which PS3.5 Table 6.2-1 permits for VR PN. No Type and no condition is asserted, and dciodvfy emits it at Warning severity with the word dubious. 1,209 of the 1,224 message classes in this SOP class fall under this rule, one per distinct name value, because the census keys a class on the normalised message text and the value sits inside it."
dciodvfy,085a514803f1,Warning - Value dubious for this VR - (TAG) PN Patient's Name PN [1] = <Lung_Dx-A0006> - Retired Person Name form,Warning,3,PLAUSIBILITY,RETIRED_PN,"not applicable, no requirement is cited by the message",not applicable,,"Named in the rubric as a plausibility heuristic. The message is about the shape of a PN value, a single component with no caret delimiters, which PS3.5 Table 6.2-1 permits for VR PN. No Type and no condition is asserted, and dciodvfy emits it at Warning severity with the word dubious. 1,209 of the 1,224 message classes in this SOP class fall under this rule, one per distinct name value, because the census keys a class on the normalised message text and the value sits inside it."
dciodvfy,20c3edd38e71,Warning - Value dubious for this VR - (TAG) PN Patient's Name PN [1] = <Lung_Dx-A0093> - Retired Person Name form,Warning,3,PLAUSIBILITY,RETIRED_PN,"not applicable, no requirement is cited by the message",not applicable,,"Named in the rubric as a plausibility heuristic. The message is about the shape of a PN value, a single component with no caret delimiters, which PS3.5 Table 6.2-1 permits for VR PN. No Type and no condition is asserted, and dciodvfy emits it at Warning severity with the word dubious. 1,209 of the 1,224 message classes in this SOP class fall under this rule, one per distinct name value, because the census keys a class on the normalised message text and the value sits inside it."
dciodvfy,2e26eb3c3e7a,Warning - Value dubious for this VR - (TAG) PN Patient's Name PN [1] = <Lung_Dx-B0042> - Retired Person Name form,Warning,3,PLAUSIBILITY,RETIRED_PN,"not applicable, no requirement is cited by the message",not applicable,,"Named in the rubric as a plausibility heuristic. The message is about the shape of a PN value, a single component with no caret delimiters, which PS3.5 Table 6.2-1 permits for VR PN. No Type and no condition is asserted, and dciodvfy emits it at Warning severity with the word dubious. 1,209 of the 1,224 message classes in this SOP class fall under this rule, one per distinct name value, because the census keys a class on the normalised message text and the value sits inside it."
dciodvfy,361ea418732d,Warning - Value dubious for this VR - (TAG) PN Patient's Name PN [1] = <Lung_Dx-B0008> - Retired Person Name form,Warning,3,PLAUSIBILITY,RETIRED_PN,"not applicable, no requirement is cited by the message",not applicable,,"Named in the rubric as a plausibility heuristic. The message is about the shape of a PN value, a single component with no caret delimiters, which PS3.5 Table 6.2-1 permits for VR PN. No Type and no condition is asserted, and dciodvfy emits it at Warning severity with the word dubious. 1,209 of the 1,224 message classes in this SOP class fall under this rule, one per distinct name value, because the census keys a class on the normalised message text and the value sits inside it."
dciodvfy,38382fc90bd8,Warning - Value dubious for this VR - (TAG) PN Patient's Name PN [1] = <Lung_Dx-A0252> - Retired Person Name form,Warning,3,PLAUSIBILITY,RETIRED_PN,"not applicable, no requirement is cited by the message",not applicable,,"Named in the rubric as a plausibility heuristic. The message is about the shape of a PN value, a single component with no caret delimiters, which PS3.5 Table 6.2-1 permits for VR PN. No Type and no condition is asserted, and dciodvfy emits it at Warning severity with the word dubious. 1,209 of the 1,224 message classes in this SOP class fall under this rule, one per distinct name value, because the census keys a class on the normalised message text and the value sits inside it."
dciodvfy,42981fc6bcfa,Warning - Value dubious for this VR - (TAG) PN Patient's Name PN [1] = <Lung_Dx-A0046> - Retired Person Name form,Warning,3,PLAUSIBILITY,RETIRED_PN,"not applicable, no requirement is cited by the message",not applicable,,"Named in the rubric as a plausibility heuristic. The message is about the shape of a PN value, a single component with no caret delimiters, which PS3.5 Table 6.2-1 permits for VR PN. No Type and no condition is asserted, and dciodvfy emits it at Warning severity with the word dubious. 1,209 of the 1,224 message classes in this SOP class fall under this rule, one per distinct name value, because the census keys a class on the normalised message text and the value sits inside it."
dciodvfy,47eb79e40fa8,Warning - Value dubious for this VR - (TAG) PN Patient's Name PN [1] = <Lung_Dx-A0110> - Retired Person Name form,Warning,3,PLAUSIBILITY,RETIRED_PN,"not applicable, no requirement is cited by the message",not applicable,,"Named in the rubric as a plausibility heuristic. The message is about the shape of a PN value, a single component with no caret delimiters, which PS3.5 Table 6.2-1 permits for VR PN. No Type and no condition is asserted, and dciodvfy emits it at Warning severity with the word dubious. 1,209 of the 1,224 message classes in this SOP class fall under this rule, one per distinct name value, because the census keys a class on the normalised message text and the value sits inside it."
dciodvfy,48589e367d4c,Warning - Value dubious for this VR - (TAG) PN Patient's Name PN [1] = <Lung_Dx-A0129> - Retired Person Name form,Warning,3,PLAUSIBILITY,RETIRED_PN,"not applicable, no requirement is cited by the message",not applicable,,"Named in the rubric as a plausibility heuristic. The message is about the shape of a PN value, a single component with no caret delimiters, which PS3.5 Table 6.2-1 permits for VR PN. No Type and no condition is asserted, and dciodvfy emits it at Warning severity with the word dubious. 1,209 of the 1,224 message classes in this SOP class fall under this rule, one per distinct name value, because the census keys a class on the normalised message text and the value sits inside it."
dciodvfy,531f57b55e75,Warning - Value dubious for this VR - (TAG) PN Patient's Name PN [1] = <Lung_Dx-A0111> - Retired Person Name form,Warning,3,PLAUSIBILITY,RETIRED_PN,"not applicable, no requirement is cited by the message",not applicable,,"Named in the rubric as a plausibility heuristic. The message is about the shape of a PN value, a single component with no caret delimiters, which PS3.5 Table 6.2-1 permits for VR PN. No Type and no condition is asserted, and dciodvfy emits it at Warning severity with the word dubious. 1,209 of the 1,224 message classes in this SOP class fall under this rule, one per distinct name value, because the census keys a class on the normalised message text and the value sits inside it."
dciodvfy,5afbe3b9649e,Warning - Value dubious for this VR - (TAG) PN Patient's Name PN [1] = <Lung_Dx-A0080> - Retired Person Name form,Warning,3,PLAUSIBILITY,RETIRED_PN,"not applicable, no requirement is cited by the message",not applicable,,"Named in the rubric as a plausibility heuristic. The message is about the shape of a PN value, a single component with no caret delimiters, which PS3.5 Table 6.2-1 permits for VR PN. No Type and no condition is asserted, and dciodvfy emits it at Warning severity with the word dubious. 1,209 of the 1,224 message classes in this SOP class fall under this rule, one per distinct name value, because the census keys a class on the normalised message text and the value sits inside it."
dciodvfy,62eccddecd81,Warning - Value dubious for this VR - (TAG) PN Patient's Name PN [1] = <Lung_Dx-A0070> - Retired Person Name form,Warning,3,PLAUSIBILITY,RETIRED_PN,"not applicable, no requirement is cited by the message",not applicable,,"Named in the rubric as a plausibility heuristic. The message is about the shape of a PN value, a single component with no caret delimiters, which PS3.5 Table 6.2-1 permits for VR PN. No Type and no condition is asserted, and dciodvfy emits it at Warning severity with the word dubious. 1,209 of the 1,224 message classes in this SOP class fall under this rule, one per distinct name value, because the census keys a class on the normalised message text and the value sits inside it."
dciodvfy,9bcbec13dbea,Warning - Value dubious for this VR - (TAG) PN Patient's Name PN [1] = <Lung_Dx-A0109> - Retired Person Name form,Warning,3,PLAUSIBILITY,RETIRED_PN,"not applicable, no requirement is cited by the message",not applicable,,"Named in the rubric as a plausibility heuristic. The message is about the shape of a PN value, a single component with no caret delimiters, which PS3.5 Table 6.2-1 permits for VR PN. No Type and no condition is asserted, and dciodvfy emits it at Warning severity with the word dubious. 1,209 of the 1,224 message classes in this SOP class fall under this rule, one per distinct name value, because the census keys a class on the normalised message text and the value sits inside it."
dciodvfy,ad1a7d759063,Warning - Value dubious for this VR - (TAG) PN Patient's Name PN [1] = <Lung_Dx-A0208> - Retired Person Name form,Warning,3,PLAUSIBILITY,RETIRED_PN,"not applicable, no requirement is cited by the message",not applicable,,"Named in the rubric as a plausibility heuristic. The message is about the shape of a PN value, a single component with no caret delimiters, which PS3.5 Table 6.2-1 permits for VR PN. No Type and no condition is asserted, and dciodvfy emits it at Warning severity with the word dubious. 1,209 of the 1,224 message classes in this SOP class fall under this rule, one per distinct name value, because the census keys a class on the normalised message text and the value sits inside it."
dciodvfy,b1073344f923,Warning - Value dubious for this VR - (TAG) PN Patient's Name PN [1] = <Lung_Dx-A0096> - Retired Person Name form,Warning,3,PLAUSIBILITY,RETIRED_PN,"not applicable, no requirement is cited by the message",not applicable,,"Named in the rubric as a plausibility heuristic. The message is about the shape of a PN value, a single component with no caret delimiters, which PS3.5 Table 6.2-1 permits for VR PN. No Type and no condition is asserted, and dciodvfy emits it at Warning severity with the word dubious. 1,209 of the 1,224 message classes in this SOP class fall under this rule, one per distinct name value, because the census keys a class on the normalised message text and the value sits inside it."
dciodvfy,c82d2287f494,Warning - Value dubious for this VR - (TAG) PN Patient's Name PN [1] = <Lung_Dx-A0098> - Retired Person Name form,Warning,3,PLAUSIBILITY,RETIRED_PN,"not applicable, no requirement is cited by the message",not applicable,,"Named in the rubric as a plausibility heuristic. The message is about the shape of a PN value, a single component with no caret delimiters, which PS3.5 Table 6.2-1 permits for VR PN. No Type and no condition is asserted, and dciodvfy emits it at Warning severity with the word dubious. 1,209 of the 1,224 message classes in this SOP class fall under this rule, one per distinct name value, because the census keys a class on the normalised message text and the value sits inside it."
dciodvfy,d1435da2903b,Warning - Value dubious for this VR - (TAG) PN Patient's Name PN [1] = <Lung_Dx-G0014> - Retired Person Name form,Warning,3,PLAUSIBILITY,RETIRED_PN,"not applicable, no requirement is cited by the message",not applicable,,"Named in the rubric as a plausibility heuristic. The message is about the shape of a PN value, a single component with no caret delimiters, which PS3.5 Table 6.2-1 permits for VR PN. No Type and no condition is asserted, and dciodvfy emits it at Warning severity with the word dubious. 1,209 of the 1,224 message classes in this SOP class fall under this rule, one per distinct name value, because the census keys a class on the normalised message text and the value sits inside it."
dciodvfy,d6c1ff41b15d,Warning - Value dubious for this VR - (TAG) PN Patient's Name PN [1] = <Lung_Dx-A0187> - Retired Person Name form,Warning,3,PLAUSIBILITY,RETIRED_PN,"not applicable, no requirement is cited by the message",not applicable,,"Named in the rubric as a plausibility heuristic. The message is about the shape of a PN value, a single component with no caret delimiters, which PS3.5 Table 6.2-1 permits for VR PN. No Type and no condition is asserted, and dciodvfy emits it at Warning severity with the word dubious. 1,209 of the 1,224 message classes in this SOP class fall under this rule, one per distinct name value, because the census keys a class on the normalised message text and the value sits inside it."
dciodvfy,df3aa4a1cb16,Warning - Value dubious for this VR - (TAG) PN Patient's Name PN [1] = <Lung_Dx-G0048> - Retired Person Name form,Warning,3,PLAUSIBILITY,RETIRED_PN,"not applicable, no requirement is cited by the message",not applicable,,"Named in the rubric as a plausibility heuristic. The message is about the shape of a PN value, a single component with no caret delimiters, which PS3.5 Table 6.2-1 permits for VR PN. No Type and no condition is asserted, and dciodvfy emits it at Warning severity with the word dubious. 1,209 of the 1,224 message classes in this SOP class fall under this rule, one per distinct name value, because the census keys a class on the normalised message text and the value sits inside it."
dciodvfy,e1e479f2be6b,Warning - Value dubious for this VR - (TAG) PN Patient's Name PN [1] = <Lung_Dx-G0047> - Retired Person Name form,Warning,3,PLAUSIBILITY,RETIRED_PN,"not applicable, no requirement is cited by the message",not applicable,,"Named in the rubric as a plausibility heuristic. The message is about the shape of a PN value, a single component with no caret delimiters, which PS3.5 Table 6.2-1 permits for VR PN. No Type and no condition is asserted, and dciodvfy emits it at Warning severity with the word dubious. 1,209 of the 1,224 message classes in this SOP class fall under this rule, one per distinct name value, because the census keys a class on the normalised message text and the value sits inside it."
dciodvfy,f8cdad39394b,Warning - Value dubious for this VR - (TAG) PN Patient's Name PN [1] = <Lung_Dx-A0068> - Retired Person Name form,Warning,3,PLAUSIBILITY,RETIRED_PN,"not applicable, no requirement is cited by the message",not applicable,,"Named in the rubric as a plausibility heuristic. The message is about the shape of a PN value, a single component with no caret delimiters, which PS3.5 Table 6.2-1 permits for VR PN. No Type and no condition is asserted, and dciodvfy emits it at Warning severity with the word dubious. 1,209 of the 1,224 message classes in this SOP class fall under this rule, one per distinct name value, because the census keys a class on the normalised message text and the value sits inside it."
dciodvfy,003d483f4707,Warning - Value dubious for this VR - (TAG) PN Patient's Name PN [1] = <LUNG1-030> - Retired Person Name form,Warning,2,PLAUSIBILITY,RETIRED_PN,"not applicable, no requirement is cited by the message",not applicable,,"Named in the rubric as a plausibility heuristic. The message is about the shape of a PN value, a single component with no caret delimiters, which PS3.5 Table 6.2-1 permits for VR PN. No Type and no condition is asserted, and dciodvfy emits it at Warning severity with the word dubious. 1,209 of the 1,224 message classes in this SOP class fall under this rule, one per distinct name value, because the census keys a class on the normalised message text and the value sits inside it."
dciodvfy,005cad2205a2,Warning - Value dubious for this VR - (TAG) PN Patient's Name PN [1] = <LUNG1-207> - Retired Person Name form,Warning,2,PLAUSIBILITY,RETIRED_PN,"not applicable, no requirement is cited by the message",not applicable,,"Named in the rubric as a plausibility heuristic. The message is about the shape of a PN value, a single component with no caret delimiters, which PS3.5 Table 6.2-1 permits for VR PN. No Type and no condition is asserted, and dciodvfy emits it at Warning severity with the word dubious. 1,209 of the 1,224 message classes in this SOP class fall under this rule, one per distinct name value, because the census keys a class on the normalised message text and the value sits inside it."
dciodvfy,00913bfc984a,Warning - Value dubious for this VR - (TAG) PN Patient's Name PN [1] = <LUNG1-150> - Retired Person Name form,Warning,2,PLAUSIBILITY,RETIRED_PN,"not applicable, no requirement is cited by the message",not applicable,,"Named in the rubric as a plausibility heuristic. The message is about the shape of a PN value, a single component with no caret delimiters, which PS3.5 Table 6.2-1 permits for VR PN. No Type and no condition is asserted, and dciodvfy emits it at Warning severity with the word dubious. 1,209 of the 1,224 message classes in this SOP class fall under this rule, one per distinct name value, because the census keys a class on the normalised message text and the value sits inside it."
dciodvfy,009d0e22ab38,Warning - Value dubious for this VR - (TAG) PN Patient's Name PN [1] = <LUNG1-093> - Retired Person Name form,Warning,2,PLAUSIBILITY,RETIRED_PN,"not applicable, no requirement is cited by the message",not applicable,,"Named in the rubric as a plausibility heuristic. The message is about the shape of a PN value, a single component with no caret delimiters, which PS3.5 Table 6.2-1 permits for VR PN. No Type and no condition is asserted, and dciodvfy emits it at Warning severity with the word dubious. 1,209 of the 1,224 message classes in this SOP class fall under this rule, one per distinct name value, because the census keys a class on the normalised message text and the value sits inside it."
dciodvfy,00ae401f59c3,Warning - Value dubious for this VR - (TAG) PN Patient's Name PN [1] = <LUNG1-320> - Retired Person Name form,Warning,2,PLAUSIBILITY,RETIRED_PN,"not applicable, no requirement is cited by the message",not applicable,,"Named in the rubric as a plausibility heuristic. The message is about the shape of a PN value, a single component with no caret delimiters, which PS3.5 Table 6.2-1 permits for VR PN. No Type and no condition is asserted, and dciodvfy emits it at Warning severity with the word dubious. 1,209 of the 1,224 message classes in this SOP class fall under this rule, one per distinct name value, because the census keys a class on the normalised message text and the value sits inside it."
dciodvfy,01ba11dda38a,Warning - Value dubious for this VR - (TAG) PN Patient's Name PN [1] = <LUNG1-312> - Retired Person Name form,Warning,2,PLAUSIBILITY,RETIRED_PN,"not applicable, no requirement is cited by the message",not applicable,,"Named in the rubric as a plausibility heuristic. The message is about the shape of a PN value, a single component with no caret delimiters, which PS3.5 Table 6.2-1 permits for VR PN. No Type and no condition is asserted, and dciodvfy emits it at Warning severity with the word dubious. 1,209 of the 1,224 message classes in this SOP class fall under this rule, one per distinct name value, because the census keys a class on the normalised message text and the value sits inside it."
dciodvfy,0246d3d23f3a,Warning - Value dubious for this VR - (TAG) PN Patient's Name PN [1] = <LUNG1-008> - Retired Person Name form,Warning,2,PLAUSIBILITY,RETIRED_PN,"not applicable, no requirement is cited by the message",not applicable,,"Named in the rubric as a plausibility heuristic. The message is about the shape of a PN value, a single component with no caret delimiters, which PS3.5 Table 6.2-1 permits for VR PN. No Type and no condition is asserted, and dciodvfy emits it at Warning severity with the word dubious. 1,209 of the 1,224 message classes in this SOP class fall under this rule, one per distinct name value, because the census keys a class on the normalised message text and the value sits inside it."
dciodvfy,03b749cc529f,Warning - Value dubious for this VR - (TAG) PN Patient's Name PN [1] = <LUNG1-421> - Retired Person Name form,Warning,2,PLAUSIBILITY,RETIRED_PN,"not applicable, no requirement is cited by the message",not applicable,,"Named in the rubric as a plausibility heuristic. The message is about the shape of a PN value, a single component with no caret delimiters, which PS3.5 Table 6.2-1 permits for VR PN. No Type and no condition is asserted, and dciodvfy emits it at Warning severity with the word dubious. 1,209 of the 1,224 message classes in this SOP class fall under this rule, one per distinct name value, because the census keys a class on the normalised message text and the value sits inside it."
dciodvfy,04610c71bf98,Warning - Value dubious for this VR - (TAG) PN Patient's Name PN [1] = <LUNG1-147> - Retired Person Name form,Warning,2,PLAUSIBILITY,RETIRED_PN,"not applicable, no requirement is cited by the message",not applicable,,"Named in the rubric as a plausibility heuristic. The message is about the shape of a PN value, a single component with no caret delimiters, which PS3.5 Table 6.2-1 permits for VR PN. No Type and no condition is asserted, and dciodvfy emits it at Warning severity with the word dubious. 1,209 of the 1,224 message classes in this SOP class fall under this rule, one per distinct name value, because the census keys a class on the normalised message text and the value sits inside it."
dciodvfy,04ebaebe1117,Warning - Value dubious for this VR - (TAG) PN Patient's Name PN [1] = <LUNG1-385> - Retired Person Name form,Warning,2,PLAUSIBILITY,RETIRED_PN,"not applicable, no requirement is cited by the message",not applicable,,"Named in the rubric as a plausibility heuristic. The message is about the shape of a PN value, a single component with no caret delimiters, which PS3.5 Table 6.2-1 permits for VR PN. No Type and no condition is asserted, and dciodvfy emits it at Warning severity with the word dubious. 1,209 of the 1,224 message classes in this SOP class fall under this rule, one per distinct name value, because the census keys a class on the normalised message text and the value sits inside it."
dciodvfy,04f0f652891d,Warning - Value dubious for this VR - (TAG) PN Patient's Name PN [1] = <LUNG1-279> - Retired Person Name form,Warning,2,PLAUSIBILITY,RETIRED_PN,"not applicable, no requirement is cited by the message",not applicable,,"Named in the rubric as a plausibility heuristic. The message is about the shape of a PN value, a single component with no caret delimiters, which PS3.5 Table 6.2-1 permits for VR PN. No Type and no condition is asserted, and dciodvfy emits it at Warning severity with the word dubious. 1,209 of the 1,224 message classes in this SOP class fall under this rule, one per distinct name value, because the census keys a class on the normalised message text and the value sits inside it."
dciodvfy,0561145d9e20,Warning - Value dubious for this VR - (TAG) PN Patient's Name PN [1] = <LUNG1-121> - Retired Person Name form,Warning,2,PLAUSIBILITY,RETIRED_PN,"not applicable, no requirement is cited by the message",not applicable,,"Named in the rubric as a plausibility heuristic. The message is about the shape of a PN value, a single component with no caret delimiters, which PS3.5 Table 6.2-1 permits for VR PN. No Type and no condition is asserted, and dciodvfy emits it at Warning severity with the word dubious. 1,209 of the 1,224 message classes in this SOP class fall under this rule, one per distinct name value, because the census keys a class on the normalised message text and the value sits inside it."
dciodvfy,0565e92c49f1,Warning - Value dubious for this VR - (TAG) PN Patient's Name PN [1] = <LUNG1-182> - Retired Person Name form,Warning,2,PLAUSIBILITY,RETIRED_PN,"not applicable, no requirement is cited by the message",not applicable,,"Named in the rubric as a plausibility heuristic. The message is about the shape of a PN value, a single component with no caret delimiters, which PS3.5 Table 6.2-1 permits for VR PN. No Type and no condition is asserted, and dciodvfy emits it at Warning severity with the word dubious. 1,209 of the 1,224 message classes in this SOP class fall under this rule, one per distinct name value, because the census keys a class on the normalised message text and the value sits inside it."
dciodvfy,0582fc55ce91,Warning - Value dubious for this VR - (TAG) PN Patient's Name PN [1] = <Lung_Dx-G0012> - Retired Person Name form,Warning,2,PLAUSIBILITY,RETIRED_PN,"not applicable, no requirement is cited by the message",not applicable,,"Named in the rubric as a plausibility heuristic. The message is about the shape of a PN value, a single component with no caret delimiters, which PS3.5 Table 6.2-1 permits for VR PN. No Type and no condition is asserted, and dciodvfy emits it at Warning severity with the word dubious. 1,209 of the 1,224 message classes in this SOP class fall under this rule, one per distinct name value, because the census keys a class on the normalised message text and the value sits inside it."
dciodvfy,068298cd5fc8,Warning - Value dubious for this VR - (TAG) PN Patient's Name PN [1] = <Lung_Dx-B0007> - Retired Person Name form,Warning,2,PLAUSIBILITY,RETIRED_PN,"not applicable, no requirement is cited by the message",not applicable,,"Named in the rubric as a plausibility heuristic. The message is about the shape of a PN value, a single component with no caret delimiters, which PS3.5 Table 6.2-1 permits for VR PN. No Type and no condition is asserted, and dciodvfy emits it at Warning severity with the word dubious. 1,209 of the 1,224 message classes in this SOP class fall under this rule, one per distinct name value, because the census keys a class on the normalised message text and the value sits inside it."
dciodvfy,06a30fd14850,Warning - Value dubious for this VR - (TAG) PN Patient's Name PN [1] = <LUNG1-253> - Retired Person Name form,Warning,2,PLAUSIBILITY,RETIRED_PN,"not applicable, no requirement is cited by the message",not applicable,,"Named in the rubric as a plausibility heuristic. The message is about the shape of a PN value, a single component with no caret delimiters, which PS3.5 Table 6.2-1 permits for VR PN. No Type and no condition is asserted, and dciodvfy emits it at Warning severity with the word dubious. 1,209 of the 1,224 message classes in this SOP class fall under this rule, one per distinct name value, because the census keys a class on the normalised message text and the value sits inside it."
dciodvfy,07828c4f7d84,Warning - Value dubious for this VR - (TAG) PN Patient's Name PN [1] = <LUNG1-154> - Retired Person Name form,Warning,2,PLAUSIBILITY,RETIRED_PN,"not applicable, no requirement is cited by the message",not applicable,,"Named in the rubric as a plausibility heuristic. The message is about the shape of a PN value, a single component with no caret delimiters, which PS3.5 Table 6.2-1 permits for VR PN. No Type and no condition is asserted, and dciodvfy emits it at Warning severity with the word dubious. 1,209 of the 1,224 message classes in this SOP class fall under this rule, one per distinct name value, because the census keys a class on the normalised message text and the value sits inside it."
dciodvfy,07a7edfffc7c,Warning - Value dubious for this VR - (TAG) PN Patient's Name PN [1] = <LUNG1-202> - Retired Person Name form,Warning,2,PLAUSIBILITY,RETIRED_PN,"not applicable, no requirement is cited by the message",not applicable,,"Named in the rubric as a plausibility heuristic. The message is about the shape of a PN value, a single component with no caret delimiters, which PS3.5 Table 6.2-1 permits for VR PN. No Type and no condition is asserted, and dciodvfy emits it at Warning severity with the word dubious. 1,209 of the 1,224 message classes in this SOP class fall under this rule, one per distinct name value, because the census keys a class on the normalised message text and the value sits inside it."
dciodvfy,080afe9b4acd,Warning - Value dubious for this VR - (TAG) PN Patient's Name PN [1] = <LUNG1-081> - Retired Person Name form,Warning,2,PLAUSIBILITY,RETIRED_PN,"not applicable, no requirement is cited by the message",not applicable,,"Named in the rubric as a plausibility heuristic. The message is about the shape of a PN value, a single component with no caret delimiters, which PS3.5 Table 6.2-1 permits for VR PN. No Type and no condition is asserted, and dciodvfy emits it at Warning severity with the word dubious. 1,209 of the 1,224 message classes in this SOP class fall under this rule, one per distinct name value, because the census keys a class on the normalised message text and the value sits inside it."
dciodvfy,08e5d354a1cf,Warning - Value dubious for this VR - (TAG) PN Patient's Name PN [1] = <LUNG1-325> - Retired Person Name form,Warning,2,PLAUSIBILITY,RETIRED_PN,"not applicable, no requirement is cited by the message",not applicable,,"Named in the rubric as a plausibility heuristic. The message is about the shape of a PN value, a single component with no caret delimiters, which PS3.5 Table 6.2-1 permits for VR PN. No Type and no condition is asserted, and dciodvfy emits it at Warning severity with the word dubious. 1,209 of the 1,224 message classes in this SOP class fall under this rule, one per distinct name value, because the census keys a class on the normalised message text and the value sits inside it."
dciodvfy,090cff1b0bef,Warning - Value dubious for this VR - (TAG) PN Patient's Name PN [1] = <LUNG1-043> - Retired Person Name form,Warning,2,PLAUSIBILITY,RETIRED_PN,"not applicable, no requirement is cited by the message",not applicable,,"Named in the rubric as a plausibility heuristic. The message is about the shape of a PN value, a single component with no caret delimiters, which PS3.5 Table 6.2-1 permits for VR PN. No Type and no condition is asserted, and dciodvfy emits it at Warning severity with the word dubious. 1,209 of the 1,224 message classes in this SOP class fall under this rule, one per distinct name value, because the census keys a class on the normalised message text and the value sits inside it."
dciodvfy,09df2096b9a0,Warning - Value dubious for this VR - (TAG) PN Patient's Name PN [1] = <Lung_Dx-B0011> - Retired Person Name form,Warning,2,PLAUSIBILITY,RETIRED_PN,"not applicable, no requirement is cited by the message",not applicable,,"Named in the rubric as a plausibility heuristic. The message is about the shape of a PN value, a single component with no caret delimiters, which PS3.5 Table 6.2-1 permits for VR PN. No Type and no condition is asserted, and dciodvfy emits it at Warning severity with the word dubious. 1,209 of the 1,224 message classes in this SOP class fall under this rule, one per distinct name value, because the census keys a class on the normalised message text and the value sits inside it."
dciodvfy,0a242d5b79b6,Warning - Value dubious for this VR - (TAG) PN Patient's Name PN [1] = <Lung_Dx-A0127> - Retired Person Name form,Warning,2,PLAUSIBILITY,RETIRED_PN,"not applicable, no requirement is cited by the message",not applicable,,"Named in the rubric as a plausibility heuristic. The message is about the shape of a PN value, a single component with no caret delimiters, which PS3.5 Table 6.2-1 permits for VR PN. No Type and no condition is asserted, and dciodvfy emits it at Warning severity with the word dubious. 1,209 of the 1,224 message classes in this SOP class fall under this rule, one per distinct name value, because the census keys a class on the normalised message text and the value sits inside it."
dciodvfy,0a97e4e37d84,Warning - Value dubious for this VR - (TAG) PN Patient's Name PN [1] = <LUNG1-367> - Retired Person Name form,Warning,2,PLAUSIBILITY,RETIRED_PN,"not applicable, no requirement is cited by the message",not applicable,,"Named in the rubric as a plausibility heuristic. The message is about the shape of a PN value, a single component with no caret delimiters, which PS3.5 Table 6.2-1 permits for VR PN. No Type and no condition is asserted, and dciodvfy emits it at Warning severity with the word dubious. 1,209 of the 1,224 message classes in this SOP class fall under this rule, one per distinct name value, because the census keys a class on the normalised message text and the value sits inside it."
dciodvfy,0abda6d8307a,Warning - Value dubious for this VR - (TAG) PN Patient's Name PN [1] = <Lung_Dx-A0048> - Retired Person Name form,Warning,2,PLAUSIBILITY,RETIRED_PN,"not applicable, no requirement is cited by the message",not applicable,,"Named in the rubric as a plausibility heuristic. The message is about the shape of a PN value, a single component with no caret delimiters, which PS3.5 Table 6.2-1 permits for VR PN. No Type and no condition is asserted, and dciodvfy emits it at Warning severity with the word dubious. 1,209 of the 1,224 message classes in this SOP class fall under this rule, one per distinct name value, because the census keys a class on the normalised message text and the value sits inside it."
dciodvfy,0add1ccc4649,Warning - Value dubious for this VR - (TAG) PN Patient's Name PN [1] = <LUNG1-123> - Retired Person Name form,Warning,2,PLAUSIBILITY,RETIRED_PN,"not applicable, no requirement is cited by the message",not applicable,,"Named in the rubric as a plausibility heuristic. The message is about the shape of a PN value, a single component with no caret delimiters, which PS3.5 Table 6.2-1 permits for VR PN. No Type and no condition is asserted, and dciodvfy emits it at Warning severity with the word dubious. 1,209 of the 1,224 message classes in this SOP class fall under this rule, one per distinct name value, because the census keys a class on the normalised message text and the value sits inside it."
dciodvfy,0b76ab728dab,Warning - Value dubious for this VR - (TAG) PN Patient's Name PN [1] = <Lung_Dx-G0023> - Retired Person Name form,Warning,2,PLAUSIBILITY,RETIRED_PN,"not applicable, no requirement is cited by the message",not applicable,,"Named in the rubric as a plausibility heuristic. The message is about the shape of a PN value, a single component with no caret delimiters, which PS3.5 Table 6.2-1 permits for VR PN. No Type and no condition is asserted, and dciodvfy emits it at Warning severity with the word dubious. 1,209 of the 1,224 message classes in this SOP class fall under this rule, one per distinct name value, because the census keys a class on the normalised message text and the value sits inside it."
dciodvfy,0ba5b8920157,Warning - Value dubious for this VR - (TAG) PN Patient's Name PN [1] = <LUNG1-074> - Retired Person Name form,Warning,2,PLAUSIBILITY,RETIRED_PN,"not applicable, no requirement is cited by the message",not applicable,,"Named in the rubric as a plausibility heuristic. The message is about the shape of a PN value, a single component with no caret delimiters, which PS3.5 Table 6.2-1 permits for VR PN. No Type and no condition is asserted, and dciodvfy emits it at Warning severity with the word dubious. 1,209 of the 1,224 message classes in this SOP class fall under this rule, one per distinct name value, because the census keys a class on the normalised message text and the value sits inside it."
dciodvfy,0c8d59d49a30,Warning - Value dubious for this VR - (TAG) PN Patient's Name PN [1] = <LUNG1-402> - Retired Person Name form,Warning,2,PLAUSIBILITY,RETIRED_PN,"not applicable, no requirement is cited by the message",not applicable,,"Named in the rubric as a plausibility heuristic. The message is about the shape of a PN value, a single component with no caret delimiters, which PS3.5 Table 6.2-1 permits for VR PN. No Type and no condition is asserted, and dciodvfy emits it at Warning severity with the word dubious. 1,209 of the 1,224 message classes in this SOP class fall under this rule, one per distinct name value, because the census keys a class on the normalised message text and the value sits inside it."
dciodvfy,0cd144cbc367,Warning - Value dubious for this VR - (TAG) PN Patient's Name PN [1] = <Lung_Dx-A0074> - Retired Person Name form,Warning,2,PLAUSIBILITY,RETIRED_PN,"not applicable, no requirement is cited by the message",not applicable,,"Named in the rubric as a plausibility heuristic. The message is about the shape of a PN value, a single component with no caret delimiters, which PS3.5 Table 6.2-1 permits for VR PN. No Type and no condition is asserted, and dciodvfy emits it at Warning severity with the word dubious. 1,209 of the 1,224 message classes in this SOP class fall under this rule, one per distinct name value, because the census keys a class on the normalised message text and the value sits inside it."
dciodvfy,0cf5fe5d5a8e,Warning - Value dubious for this VR - (TAG) PN Patient's Name PN [1] = <Lung_Dx-A0020> - Retired Person Name form,Warning,2,PLAUSIBILITY,RETIRED_PN,"not applicable, no requirement is cited by the message",not applicable,,"Named in the rubric as a plausibility heuristic. The message is about the shape of a PN value, a single component with no caret delimiters, which PS3.5 Table 6.2-1 permits for VR PN. No Type and no condition is asserted, and dciodvfy emits it at Warning severity with the word dubious. 1,209 of the 1,224 message classes in this SOP class fall under this rule, one per distinct name value, because the census keys a class on the normalised message text and the value sits inside it."
dciodvfy,0d4ebfa53cd5,Warning - Value dubious for this VR - (TAG) PN Patient's Name PN [1] = <Lung_Dx-A0085> - Retired Person Name form,Warning,2,PLAUSIBILITY,RETIRED_PN,"not applicable, no requirement is cited by the message",not applicable,,"Named in the rubric as a plausibility heuristic. The message is about the shape of a PN value, a single component with no caret delimiters, which PS3.5 Table 6.2-1 permits for VR PN. No Type and no condition is asserted, and dciodvfy emits it at Warning severity with the word dubious. 1,209 of the 1,224 message classes in this SOP class fall under this rule, one per distinct name value, because the census keys a class on the normalised message text and the value sits inside it."
dciodvfy,0daac31bdcfd,Warning - Value dubious for this VR - (TAG) PN Patient's Name PN [1] = <LUNG1-149> - Retired Person Name form,Warning,2,PLAUSIBILITY,RETIRED_PN,"not applicable, no requirement is cited by the message",not applicable,,"Named in the rubric as a plausibility heuristic. The message is about the shape of a PN value, a single component with no caret delimiters, which PS3.5 Table 6.2-1 permits for VR PN. No Type and no condition is asserted, and dciodvfy emits it at Warning severity with the word dubious. 1,209 of the 1,224 message classes in this SOP class fall under this rule, one per distinct name value, because the census keys a class on the normalised message text and the value sits inside it."
dciodvfy,0dcd894a9036,Warning - Value dubious for this VR - (TAG) PN Patient's Name PN [1] = <Lung_Dx-E0003> - Retired Person Name form,Warning,2,PLAUSIBILITY,RETIRED_PN,"not applicable, no requirement is cited by the message",not applicable,,"Named in the rubric as a plausibility heuristic. The message is about the shape of a PN value, a single component with no caret delimiters, which PS3.5 Table 6.2-1 permits for VR PN. No Type and no condition is asserted, and dciodvfy emits it at Warning severity with the word dubious. 1,209 of the 1,224 message classes in this SOP class fall under this rule, one per distinct name value, because the census keys a class on the normalised message text and the value sits inside it."
dciodvfy,0e5b8085bb66,Warning - Value dubious for this VR - (TAG) PN Patient's Name PN [1] = <Lung_Dx-A0097> - Retired Person Name form,Warning,2,PLAUSIBILITY,RETIRED_PN,"not applicable, no requirement is cited by the message",not applicable,,"Named in the rubric as a plausibility heuristic. The message is about the shape of a PN value, a single component with no caret delimiters, which PS3.5 Table 6.2-1 permits for VR PN. No Type and no condition is asserted, and dciodvfy emits it at Warning severity with the word dubious. 1,209 of the 1,224 message classes in this SOP class fall under this rule, one per distinct name value, because the census keys a class on the normalised message text and the value sits inside it."
dciodvfy,0ea3983428f1,Warning - Value dubious for this VR - (TAG) PN Patient's Name PN [1] = <LUNG1-303> - Retired Person Name form,Warning,2,PLAUSIBILITY,RETIRED_PN,"not applicable, no requirement is cited by the message",not applicable,,"Named in the rubric as a plausibility heuristic. The message is about the shape of a PN value, a single component with no caret delimiters, which PS3.5 Table 6.2-1 permits for VR PN. No Type and no condition is asserted, and dciodvfy emits it at Warning severity with the word dubious. 1,209 of the 1,224 message classes in this SOP class fall under this rule, one per distinct name value, because the census keys a class on the normalised message text and the value sits inside it."
dciodvfy,0eb2af445e02,Warning - Value dubious for this VR - (TAG) PN Patient's Name PN [1] = <LUNG1-212> - Retired Person Name form,Warning,2,PLAUSIBILITY,RETIRED_PN,"not applicable, no requirement is cited by the message",not applicable,,"Named in the rubric as a plausibility heuristic. The message is about the shape of a PN value, a single component with no caret delimiters, which PS3.5 Table 6.2-1 permits for VR PN. No Type and no condition is asserted, and dciodvfy emits it at Warning severity with the word dubious. 1,209 of the 1,224 message classes in this SOP class fall under this rule, one per distinct name value, because the census keys a class on the normalised message text and the value sits inside it."
dciodvfy,0eb7c3678840,Warning - Value dubious for this VR - (TAG) PN Patient's Name PN [1] = <LUNG1-277> - Retired Person Name form,Warning,2,PLAUSIBILITY,RETIRED_PN,"not applicable, no requirement is cited by the message",not applicable,,"Named in the rubric as a plausibility heuristic. The message is about the shape of a PN value, a single component with no caret delimiters, which PS3.5 Table 6.2-1 permits for VR PN. No Type and no condition is asserted, and dciodvfy emits it at Warning severity with the word dubious. 1,209 of the 1,224 message classes in this SOP class fall under this rule, one per distinct name value, because the census keys a class on the normalised message text and the value sits inside it."
dciodvfy,0ecbe0ea7349,Warning - Value dubious for this VR - (TAG) PN Patient's Name PN [1] = <Lung_Dx-B0025> - Retired Person Name form,Warning,2,PLAUSIBILITY,RETIRED_PN,"not applicable, no requirement is cited by the message",not applicable,,"Named in the rubric as a plausibility heuristic. The message is about the shape of a PN value, a single component with no caret delimiters, which PS3.5 Table 6.2-1 permits for VR PN. No Type and no condition is asserted, and dciodvfy emits it at Warning severity with the word dubious. 1,209 of the 1,224 message classes in this SOP class fall under this rule, one per distinct name value, because the census keys a class on the normalised message text and the value sits inside it."
dciodvfy,0f37694c904d,Warning - Value dubious for this VR - (TAG) PN Patient's Name PN [1] = <LUNG1-017> - Retired Person Name form,Warning,2,PLAUSIBILITY,RETIRED_PN,"not applicable, no requirement is cited by the message",not applicable,,"Named in the rubric as a plausibility heuristic. The message is about the shape of a PN value, a single component with no caret delimiters, which PS3.5 Table 6.2-1 permits for VR PN. No Type and no condition is asserted, and dciodvfy emits it at Warning severity with the word dubious. 1,209 of the 1,224 message classes in this SOP class fall under this rule, one per distinct name value, because the census keys a class on the normalised message text and the value sits inside it."
dciodvfy,0f772497ce48,Warning - Value dubious for this VR - (TAG) PN Patient's Name PN [1] = <Lung_Dx-A0160> - Retired Person Name form,Warning,2,PLAUSIBILITY,RETIRED_PN,"not applicable, no requirement is cited by the message",not applicable,,"Named in the rubric as a plausibility heuristic. The message is about the shape of a PN value, a single component with no caret delimiters, which PS3.5 Table 6.2-1 permits for VR PN. No Type and no condition is asserted, and dciodvfy emits it at Warning severity with the word dubious. 1,209 of the 1,224 message classes in this SOP class fall under this rule, one per distinct name value, because the census keys a class on the normalised message text and the value sits inside it."
dciodvfy,108e3c5e3988,Warning - Value dubious for this VR - (TAG) PN Patient's Name PN [1] = <Lung_Dx-A0108> - Retired Person Name form,Warning,2,PLAUSIBILITY,RETIRED_PN,"not applicable, no requirement is cited by the message",not applicable,,"Named in the rubric as a plausibility heuristic. The message is about the shape of a PN value, a single component with no caret delimiters, which PS3.5 Table 6.2-1 permits for VR PN. No Type and no condition is asserted, and dciodvfy emits it at Warning severity with the word dubious. 1,209 of the 1,224 message classes in this SOP class fall under this rule, one per distinct name value, because the census keys a class on the normalised message text and the value sits inside it."
dciodvfy,1153a531903b,Warning - Value dubious for this VR - (TAG) PN Patient's Name PN [1] = <LUNG1-203> - Retired Person Name form,Warning,2,PLAUSIBILITY,RETIRED_PN,"not applicable, no requirement is cited by the message",not applicable,,"Named in the rubric as a plausibility heuristic. The message is about the shape of a PN value, a single component with no caret delimiters, which PS3.5 Table 6.2-1 permits for VR PN. No Type and no condition is asserted, and dciodvfy emits it at Warning severity with the word dubious. 1,209 of the 1,224 message classes in this SOP class fall under this rule, one per distinct name value, because the census keys a class on the normalised message text and the value sits inside it."
dciodvfy,11c1b5010035,Warning - Value dubious for this VR - (TAG) PN Patient's Name PN [1] = <LUNG1-020> - Retired Person Name form,Warning,2,PLAUSIBILITY,RETIRED_PN,"not applicable, no requirement is cited by the message",not applicable,,"Named in the rubric as a plausibility heuristic. The message is about the shape of a PN value, a single component with no caret delimiters, which PS3.5 Table 6.2-1 permits for VR PN. No Type and no condition is asserted, and dciodvfy emits it at Warning severity with the word dubious. 1,209 of the 1,224 message classes in this SOP class fall under this rule, one per distinct name value, because the census keys a class on the normalised message text and the value sits inside it."
dciodvfy,123e949e84d4,Warning - Value dubious for this VR - (TAG) PN Patient's Name PN [1] = <LUNG1-170> - Retired Person Name form,Warning,2,PLAUSIBILITY,RETIRED_PN,"not applicable, no requirement is cited by the message",not applicable,,"Named in the rubric as a plausibility heuristic. The message is about the shape of a PN value, a single component with no caret delimiters, which PS3.5 Table 6.2-1 permits for VR PN. No Type and no condition is asserted, and dciodvfy emits it at Warning severity with the word dubious. 1,209 of the 1,224 message classes in this SOP class fall under this rule, one per distinct name value, because the census keys a class on the normalised message text and the value sits inside it."
dciodvfy,125aa4ea4306,Warning - Value dubious for this VR - (TAG) PN Patient's Name PN [1] = <Lung_Dx-A0123> - Retired Person Name form,Warning,2,PLAUSIBILITY,RETIRED_PN,"not applicable, no requirement is cited by the message",not applicable,,"Named in the rubric as a plausibility heuristic. The message is about the shape of a PN value, a single component with no caret delimiters, which PS3.5 Table 6.2-1 permits for VR PN. No Type and no condition is asserted, and dciodvfy emits it at Warning severity with the word dubious. 1,209 of the 1,224 message classes in this SOP class fall under this rule, one per distinct name value, because the census keys a class on the normalised message text and the value sits inside it."
dciodvfy,1285c63a36e8,Warning - Value dubious for this VR - (TAG) PN Patient's Name PN [1] = <Lung_Dx-A0141> - Retired Person Name form,Warning,2,PLAUSIBILITY,RETIRED_PN,"not applicable, no requirement is cited by the message",not applicable,,"Named in the rubric as a plausibility heuristic. The message is about the shape of a PN value, a single component with no caret delimiters, which PS3.5 Table 6.2-1 permits for VR PN. No Type and no condition is asserted, and dciodvfy emits it at Warning severity with the word dubious. 1,209 of the 1,224 message classes in this SOP class fall under this rule, one per distinct name value, because the census keys a class on the normalised message text and the value sits inside it."
dciodvfy,12e6ab8e5113,Warning - Value dubious for this VR - (TAG) PN Patient's Name PN [1] = <LUNG1-062> - Retired Person Name form,Warning,2,PLAUSIBILITY,RETIRED_PN,"not applicable, no requirement is cited by the message",not applicable,,"Named in the rubric as a plausibility heuristic. The message is about the shape of a PN value, a single component with no caret delimiters, which PS3.5 Table 6.2-1 permits for VR PN. No Type and no condition is asserted, and dciodvfy emits it at Warning severity with the word dubious. 1,209 of the 1,224 message classes in this SOP class fall under this rule, one per distinct name value, because the census keys a class on the normalised message text and the value sits inside it."
dciodvfy,12faf63f3f3e,Warning - Value dubious for this VR - (TAG) PN Patient's Name PN [1] = <LUNG1-048> - Retired Person Name form,Warning,2,PLAUSIBILITY,RETIRED_PN,"not applicable, no requirement is cited by the message",not applicable,,"Named in the rubric as a plausibility heuristic. The message is about the shape of a PN value, a single component with no caret delimiters, which PS3.5 Table 6.2-1 permits for VR PN. No Type and no condition is asserted, and dciodvfy emits it at Warning severity with the word dubious. 1,209 of the 1,224 message classes in this SOP class fall under this rule, one per distinct name value, because the census keys a class on the normalised message text and the value sits inside it."
dciodvfy,13394ee87790,Warning - Value dubious for this VR - (TAG) PN Patient's Name PN [1] = <Lung_Dx-A0051> - Retired Person Name form,Warning,2,PLAUSIBILITY,RETIRED_PN,"not applicable, no requirement is cited by the message",not applicable,,"Named in the rubric as a plausibility heuristic. The message is about the shape of a PN value, a single component with no caret delimiters, which PS3.5 Table 6.2-1 permits for VR PN. No Type and no condition is asserted, and dciodvfy emits it at Warning severity with the word dubious. 1,209 of the 1,224 message classes in this SOP class fall under this rule, one per distinct name value, because the census keys a class on the normalised message text and the value sits inside it."
dciodvfy,13a2b9294a5e,Warning - Value dubious for this VR - (TAG) PN Patient's Name PN [1] = <Lung_Dx-A0069> - Retired Person Name form,Warning,2,PLAUSIBILITY,RETIRED_PN,"not applicable, no requirement is cited by the message",not applicable,,"Named in the rubric as a plausibility heuristic. The message is about the shape of a PN value, a single component with no caret delimiters, which PS3.5 Table 6.2-1 permits for VR PN. No Type and no condition is asserted, and dciodvfy emits it at Warning severity with the word dubious. 1,209 of the 1,224 message classes in this SOP class fall under this rule, one per distinct name value, because the census keys a class on the normalised message text and the value sits inside it."
dciodvfy,13c315bcd8d7,Warning - Value dubious for this VR - (TAG) PN Patient's Name PN [1] = <LUNG1-356> - Retired Person Name form,Warning,2,PLAUSIBILITY,RETIRED_PN,"not applicable, no requirement is cited by the message",not applicable,,"Named in the rubric as a plausibility heuristic. The message is about the shape of a PN value, a single component with no caret delimiters, which PS3.5 Table 6.2-1 permits for VR PN. No Type and no condition is asserted, and dciodvfy emits it at Warning severity with the word dubious. 1,209 of the 1,224 message classes in this SOP class fall under this rule, one per distinct name value, because the census keys a class on the normalised message text and the value sits inside it."
dciodvfy,1449d5ada8aa,Warning - Value dubious for this VR - (TAG) PN Patient's Name PN [1] = <LUNG1-229> - Retired Person Name form,Warning,2,PLAUSIBILITY,RETIRED_PN,"not applicable, no requirement is cited by the message",not applicable,,"Named in the rubric as a plausibility heuristic. The message is about the shape of a PN value, a single component with no caret delimiters, which PS3.5 Table 6.2-1 permits for VR PN. No Type and no condition is asserted, and dciodvfy emits it at Warning severity with the word dubious. 1,209 of the 1,224 message classes in this SOP class fall under this rule, one per distinct name value, because the census keys a class on the normalised message text and the value sits inside it."
dciodvfy,14c0f6b444c2,Warning - Value dubious for this VR - (TAG) PN Patient's Name PN [1] = <Lung_Dx-A0120> - Retired Person Name form,Warning,2,PLAUSIBILITY,RETIRED_PN,"not applicable, no requirement is cited by the message",not applicable,,"Named in the rubric as a plausibility heuristic. The message is about the shape of a PN value, a single component with no caret delimiters, which PS3.5 Table 6.2-1 permits for VR PN. No Type and no condition is asserted, and dciodvfy emits it at Warning severity with the word dubious. 1,209 of the 1,224 message classes in this SOP class fall under this rule, one per distinct name value, because the census keys a class on the normalised message text and the value sits inside it."
dciodvfy,151abbb32f17,Warning - Value dubious for this VR - (TAG) PN Patient's Name PN [1] = <LUNG1-394> - Retired Person Name form,Warning,2,PLAUSIBILITY,RETIRED_PN,"not applicable, no requirement is cited by the message",not applicable,,"Named in the rubric as a plausibility heuristic. The message is about the shape of a PN value, a single component with no caret delimiters, which PS3.5 Table 6.2-1 permits for VR PN. No Type and no condition is asserted, and dciodvfy emits it at Warning severity with the word dubious. 1,209 of the 1,224 message classes in this SOP class fall under this rule, one per distinct name value, because the census keys a class on the normalised message text and the value sits inside it."
dciodvfy,155b583a72b8,Warning - Value dubious for this VR - (TAG) PN Patient's Name PN [1] = <LUNG1-069> - Retired Person Name form,Warning,2,PLAUSIBILITY,RETIRED_PN,"not applicable, no requirement is cited by the message",not applicable,,"Named in the rubric as a plausibility heuristic. The message is about the shape of a PN value, a single component with no caret delimiters, which PS3.5 Table 6.2-1 permits for VR PN. No Type and no condition is asserted, and dciodvfy emits it at Warning severity with the word dubious. 1,209 of the 1,224 message classes in this SOP class fall under this rule, one per distinct name value, because the census keys a class on the normalised message text and the value sits inside it."
dciodvfy,15a9d22680c5,Warning - Value dubious for this VR - (TAG) PN Patient's Name PN [1] = <LUNG1-151> - Retired Person Name form,Warning,2,PLAUSIBILITY,RETIRED_PN,"not applicable, no requirement is cited by the message",not applicable,,"Named in the rubric as a plausibility heuristic. The message is about the shape of a PN value, a single component with no caret delimiters, which PS3.5 Table 6.2-1 permits for VR PN. No Type and no condition is asserted, and dciodvfy emits it at Warning severity with the word dubious. 1,209 of the 1,224 message classes in this SOP class fall under this rule, one per distinct name value, because the census keys a class on the normalised message text and the value sits inside it."
dciodvfy,1614baa88e42,Warning - Value dubious for this VR - (TAG) PN Patient's Name PN [1] = <Lung_Dx-B0028> - Retired Person Name form,Warning,2,PLAUSIBILITY,RETIRED_PN,"not applicable, no requirement is cited by the message",not applicable,,"Named in the rubric as a plausibility heuristic. The message is about the shape of a PN value, a single component with no caret delimiters, which PS3.5 Table 6.2-1 permits for VR PN. No Type and no condition is asserted, and dciodvfy emits it at Warning severity with the word dubious. 1,209 of the 1,224 message classes in this SOP class fall under this rule, one per distinct name value, because the census keys a class on the normalised message text and the value sits inside it."
dciodvfy,170f3eb9850f,Warning - Value dubious for this VR - (TAG) PN Patient's Name PN [1] = <LUNG1-037> - Retired Person Name form,Warning,2,PLAUSIBILITY,RETIRED_PN,"not applicable, no requirement is cited by the message",not applicable,,"Named in the rubric as a plausibility heuristic. The message is about the shape of a PN value, a single component with no caret delimiters, which PS3.5 Table 6.2-1 permits for VR PN. No Type and no condition is asserted, and dciodvfy emits it at Warning severity with the word dubious. 1,209 of the 1,224 message classes in this SOP class fall under this rule, one per distinct name value, because the census keys a class on the normalised message text and the value sits inside it."
dciodvfy,17f73ebfca68,Warning - Value dubious for this VR - (TAG) PN Patient's Name PN [1] = <Lung_Dx-G0009> - Retired Person Name form,Warning,2,PLAUSIBILITY,RETIRED_PN,"not applicable, no requirement is cited by the message",not applicable,,"Named in the rubric as a plausibility heuristic. The message is about the shape of a PN value, a single component with no caret delimiters, which PS3.5 Table 6.2-1 permits for VR PN. No Type and no condition is asserted, and dciodvfy emits it at Warning severity with the word dubious. 1,209 of the 1,224 message classes in this SOP class fall under this rule, one per distinct name value, because the census keys a class on the normalised message text and the value sits inside it."
dciodvfy,1834a2a96170,Warning - Value dubious for this VR - (TAG) PN Patient's Name PN [1] = <Lung_Dx-G0030> - Retired Person Name form,Warning,2,PLAUSIBILITY,RETIRED_PN,"not applicable, no requirement is cited by the message",not applicable,,"Named in the rubric as a plausibility heuristic. The message is about the shape of a PN value, a single component with no caret delimiters, which PS3.5 Table 6.2-1 permits for VR PN. No Type and no condition is asserted, and dciodvfy emits it at Warning severity with the word dubious. 1,209 of the 1,224 message classes in this SOP class fall under this rule, one per distinct name value, because the census keys a class on the normalised message text and the value sits inside it."
dciodvfy,18ccdab732f4,Warning - Value dubious for this VR - (TAG) PN Patient's Name PN [1] = <LUNG1-023> - Retired Person Name form,Warning,2,PLAUSIBILITY,RETIRED_PN,"not applicable, no requirement is cited by the message",not applicable,,"Named in the rubric as a plausibility heuristic. The message is about the shape of a PN value, a single component with no caret delimiters, which PS3.5 Table 6.2-1 permits for VR PN. No Type and no condition is asserted, and dciodvfy emits it at Warning severity with the word dubious. 1,209 of the 1,224 message classes in this SOP class fall under this rule, one per distinct name value, because the census keys a class on the normalised message text and the value sits inside it."
dciodvfy,19132e990465,Warning - Value dubious for this VR - (TAG) PN Patient's Name PN [1] = <LUNG1-226> - Retired Person Name form,Warning,2,PLAUSIBILITY,RETIRED_PN,"not applicable, no requirement is cited by the message",not applicable,,"Named in the rubric as a plausibility heuristic. The message is about the shape of a PN value, a single component with no caret delimiters, which PS3.5 Table 6.2-1 permits for VR PN. No Type and no condition is asserted, and dciodvfy emits it at Warning severity with the word dubious. 1,209 of the 1,224 message classes in this SOP class fall under this rule, one per distinct name value, because the census keys a class on the normalised message text and the value sits inside it."
dciodvfy,197ecd775964,Warning - Value dubious for this VR - (TAG) PN Patient's Name PN [1] = <Lung_Dx-A0101> - Retired Person Name form,Warning,2,PLAUSIBILITY,RETIRED_PN,"not applicable, no requirement is cited by the message",not applicable,,"Named in the rubric as a plausibility heuristic. The message is about the shape of a PN value, a single component with no caret delimiters, which PS3.5 Table 6.2-1 permits for VR PN. No Type and no condition is asserted, and dciodvfy emits it at Warning severity with the word dubious. 1,209 of the 1,224 message classes in this SOP class fall under this rule, one per distinct name value, because the census keys a class on the normalised message text and the value sits inside it."
dciodvfy,1aaee7eb174f,Warning - Value dubious for this VR - (TAG) PN Patient's Name PN [1] = <LUNG1-059> - Retired Person Name form,Warning,2,PLAUSIBILITY,RETIRED_PN,"not applicable, no requirement is cited by the message",not applicable,,"Named in the rubric as a plausibility heuristic. The message is about the shape of a PN value, a single component with no caret delimiters, which PS3.5 Table 6.2-1 permits for VR PN. No Type and no condition is asserted, and dciodvfy emits it at Warning severity with the word dubious. 1,209 of the 1,224 message classes in this SOP class fall under this rule, one per distinct name value, because the census keys a class on the normalised message text and the value sits inside it."
dciodvfy,1ada6f98e5db,Warning - Value dubious for this VR - (TAG) PN Patient's Name PN [1] = <LUNG1-142> - Retired Person Name form,Warning,2,PLAUSIBILITY,RETIRED_PN,"not applicable, no requirement is cited by the message",not applicable,,"Named in the rubric as a plausibility heuristic. The message is about the shape of a PN value, a single component with no caret delimiters, which PS3.5 Table 6.2-1 permits for VR PN. No Type and no condition is asserted, and dciodvfy emits it at Warning severity with the word dubious. 1,209 of the 1,224 message classes in this SOP class fall under this rule, one per distinct name value, because the census keys a class on the normalised message text and the value sits inside it."
dciodvfy,1c15c22bcccb,Warning - Value dubious for this VR - (TAG) PN Patient's Name PN [1] = <LUNG1-211> - Retired Person Name form,Warning,2,PLAUSIBILITY,RETIRED_PN,"not applicable, no requirement is cited by the message",not applicable,,"Named in the rubric as a plausibility heuristic. The message is about the shape of a PN value, a single component with no caret delimiters, which PS3.5 Table 6.2-1 permits for VR PN. No Type and no condition is asserted, and dciodvfy emits it at Warning severity with the word dubious. 1,209 of the 1,224 message classes in this SOP class fall under this rule, one per distinct name value, because the census keys a class on the normalised message text and the value sits inside it."
dciodvfy,1e48a8ddce54,Warning - Value dubious for this VR - (TAG) PN Patient's Name PN [1] = <Lung_Dx-A0066> - Retired Person Name form,Warning,2,PLAUSIBILITY,RETIRED_PN,"not applicable, no requirement is cited by the message",not applicable,,"Named in the rubric as a plausibility heuristic. The message is about the shape of a PN value, a single component with no caret delimiters, which PS3.5 Table 6.2-1 permits for VR PN. No Type and no condition is asserted, and dciodvfy emits it at Warning severity with the word dubious. 1,209 of the 1,224 message classes in this SOP class fall under this rule, one per distinct name value, because the census keys a class on the normalised message text and the value sits inside it."
dciodvfy,1e4a12f7713b,Warning - Value dubious for this VR - (TAG) PN Patient's Name PN [1] = <LUNG1-419> - Retired Person Name form,Warning,2,PLAUSIBILITY,RETIRED_PN,"not applicable, no requirement is cited by the message",not applicable,,"Named in the rubric as a plausibility heuristic. The message is about the shape of a PN value, a single component with no caret delimiters, which PS3.5 Table 6.2-1 permits for VR PN. No Type and no condition is asserted, and dciodvfy emits it at Warning severity with the word dubious. 1,209 of the 1,224 message classes in this SOP class fall under this rule, one per distinct name value, because the census keys a class on the normalised message text and the value sits inside it."
dciodvfy,1e7e8cd8a5b3,Warning - Value dubious for this VR - (TAG) PN Patient's Name PN [1] = <LUNG1-080> - Retired Person Name form,Warning,2,PLAUSIBILITY,RETIRED_PN,"not applicable, no requirement is cited by the message",not applicable,,"Named in the rubric as a plausibility heuristic. The message is about the shape of a PN value, a single component with no caret delimiters, which PS3.5 Table 6.2-1 permits for VR PN. No Type and no condition is asserted, and dciodvfy emits it at Warning severity with the word dubious. 1,209 of the 1,224 message classes in this SOP class fall under this rule, one per distinct name value, because the census keys a class on the normalised message text and the value sits inside it."
dciodvfy,1eaea86861c7,Warning - Value dubious for this VR - (TAG) PN Patient's Name PN [1] = <LUNG1-391> - Retired Person Name form,Warning,2,PLAUSIBILITY,RETIRED_PN,"not applicable, no requirement is cited by the message",not applicable,,"Named in the rubric as a plausibility heuristic. The message is about the shape of a PN value, a single component with no caret delimiters, which PS3.5 Table 6.2-1 permits for VR PN. No Type and no condition is asserted, and dciodvfy emits it at Warning severity with the word dubious. 1,209 of the 1,224 message classes in this SOP class fall under this rule, one per distinct name value, because the census keys a class on the normalised message text and the value sits inside it."
dciodvfy,1fc540bd69f2,Warning - Value dubious for this VR - (TAG) PN Patient's Name PN [1] = <LUNG1-042> - Retired Person Name form,Warning,2,PLAUSIBILITY,RETIRED_PN,"not applicable, no requirement is cited by the message",not applicable,,"Named in the rubric as a plausibility heuristic. The message is about the shape of a PN value, a single component with no caret delimiters, which PS3.5 Table 6.2-1 permits for VR PN. No Type and no condition is asserted, and dciodvfy emits it at Warning severity with the word dubious. 1,209 of the 1,224 message classes in this SOP class fall under this rule, one per distinct name value, because the census keys a class on the normalised message text and the value sits inside it."
dciodvfy,2023249e3881,Warning - Value dubious for this VR - (TAG) PN Patient's Name PN [1] = <LUNG1-001> - Retired Person Name form,Warning,2,PLAUSIBILITY,RETIRED_PN,"not applicable, no requirement is cited by the message",not applicable,,"Named in the rubric as a plausibility heuristic. The message is about the shape of a PN value, a single component with no caret delimiters, which PS3.5 Table 6.2-1 permits for VR PN. No Type and no condition is asserted, and dciodvfy emits it at Warning severity with the word dubious. 1,209 of the 1,224 message classes in this SOP class fall under this rule, one per distinct name value, because the census keys a class on the normalised message text and the value sits inside it."
dciodvfy,2056b960253e,Warning - Value dubious for this VR - (TAG) PN Patient's Name PN [1] = <LUNG1-231> - Retired Person Name form,Warning,2,PLAUSIBILITY,RETIRED_PN,"not applicable, no requirement is cited by the message",not applicable,,"Named in the rubric as a plausibility heuristic. The message is about the shape of a PN value, a single component with no caret delimiters, which PS3.5 Table 6.2-1 permits for VR PN. No Type and no condition is asserted, and dciodvfy emits it at Warning severity with the word dubious. 1,209 of the 1,224 message classes in this SOP class fall under this rule, one per distinct name value, because the census keys a class on the normalised message text and the value sits inside it."
dciodvfy,20a565234f97,Warning - Value dubious for this VR - (TAG) PN Patient's Name PN [1] = <LUNG1-236> - Retired Person Name form,Warning,2,PLAUSIBILITY,RETIRED_PN,"not applicable, no requirement is cited by the message",not applicable,,"Named in the rubric as a plausibility heuristic. The message is about the shape of a PN value, a single component with no caret delimiters, which PS3.5 Table 6.2-1 permits for VR PN. No Type and no condition is asserted, and dciodvfy emits it at Warning severity with the word dubious. 1,209 of the 1,224 message classes in this SOP class fall under this rule, one per distinct name value, because the census keys a class on the normalised message text and the value sits inside it."
dciodvfy,21b167f7b90d,Warning - Value dubious for this VR - (TAG) PN Patient's Name PN [1] = <Lung_Dx-A0138> - Retired Person Name form,Warning,2,PLAUSIBILITY,RETIRED_PN,"not applicable, no requirement is cited by the message",not applicable,,"Named in the rubric as a plausibility heuristic. The message is about the shape of a PN value, a single component with no caret delimiters, which PS3.5 Table 6.2-1 permits for VR PN. No Type and no condition is asserted, and dciodvfy emits it at Warning severity with the word dubious. 1,209 of the 1,224 message classes in this SOP class fall under this rule, one per distinct name value, because the census keys a class on the normalised message text and the value sits inside it."
dciodvfy,220c2430db41,Warning - Value dubious for this VR - (TAG) PN Patient's Name PN [1] = <Lung_Dx-A0155> - Retired Person Name form,Warning,2,PLAUSIBILITY,RETIRED_PN,"not applicable, no requirement is cited by the message",not applicable,,"Named in the rubric as a plausibility heuristic. The message is about the shape of a PN value, a single component with no caret delimiters, which PS3.5 Table 6.2-1 permits for VR PN. No Type and no condition is asserted, and dciodvfy emits it at Warning severity with the word dubious. 1,209 of the 1,224 message classes in this SOP class fall under this rule, one per distinct name value, because the census keys a class on the normalised message text and the value sits inside it."
dciodvfy,22c8136e38f3,Warning - Value dubious for this VR - (TAG) PN Patient's Name PN [1] = <Lung_Dx-A0028> - Retired Person Name form,Warning,2,PLAUSIBILITY,RETIRED_PN,"not applicable, no requirement is cited by the message",not applicable,,"Named in the rubric as a plausibility heuristic. The message is about the shape of a PN value, a single component with no caret delimiters, which PS3.5 Table 6.2-1 permits for VR PN. No Type and no condition is asserted, and dciodvfy emits it at Warning severity with the word dubious. 1,209 of the 1,224 message classes in this SOP class fall under this rule, one per distinct name value, because the census keys a class on the normalised message text and the value sits inside it."
dciodvfy,22cdf101b024,Warning - Value dubious for this VR - (TAG) PN Patient's Name PN [1] = <LUNG1-183> - Retired Person Name form,Warning,2,PLAUSIBILITY,RETIRED_PN,"not applicable, no requirement is cited by the message",not applicable,,"Named in the rubric as a plausibility heuristic. The message is about the shape of a PN value, a single component with no caret delimiters, which PS3.5 Table 6.2-1 permits for VR PN. No Type and no condition is asserted, and dciodvfy emits it at Warning severity with the word dubious. 1,209 of the 1,224 message classes in this SOP class fall under this rule, one per distinct name value, because the census keys a class on the normalised message text and the value sits inside it."
dciodvfy,23375e106e42,Warning - Value dubious for this VR - (TAG) PN Patient's Name PN [1] = <LUNG1-190> - Retired Person Name form,Warning,2,PLAUSIBILITY,RETIRED_PN,"not applicable, no requirement is cited by the message",not applicable,,"Named in the rubric as a plausibility heuristic. The message is about the shape of a PN value, a single component with no caret delimiters, which PS3.5 Table 6.2-1 permits for VR PN. No Type and no condition is asserted, and dciodvfy emits it at Warning severity with the word dubious. 1,209 of the 1,224 message classes in this SOP class fall under this rule, one per distinct name value, because the census keys a class on the normalised message text and the value sits inside it."
dciodvfy,235a586f63d9,Warning - Value dubious for this VR - (TAG) PN Patient's Name PN [1] = <Lung_Dx-G0020> - Retired Person Name form,Warning,2,PLAUSIBILITY,RETIRED_PN,"not applicable, no requirement is cited by the message",not applicable,,"Named in the rubric as a plausibility heuristic. The message is about the shape of a PN value, a single component with no caret delimiters, which PS3.5 Table 6.2-1 permits for VR PN. No Type and no condition is asserted, and dciodvfy emits it at Warning severity with the word dubious. 1,209 of the 1,224 message classes in this SOP class fall under this rule, one per distinct name value, because the census keys a class on the normalised message text and the value sits inside it."
dciodvfy,23a89dba8eb3,Warning - Value dubious for this VR - (TAG) PN Patient's Name PN [1] = <LUNG1-157> - Retired Person Name form,Warning,2,PLAUSIBILITY,RETIRED_PN,"not applicable, no requirement is cited by the message",not applicable,,"Named in the rubric as a plausibility heuristic. The message is about the shape of a PN value, a single component with no caret delimiters, which PS3.5 Table 6.2-1 permits for VR PN. No Type and no condition is asserted, and dciodvfy emits it at Warning severity with the word dubious. 1,209 of the 1,224 message classes in this SOP class fall under this rule, one per distinct name value, because the census keys a class on the normalised message text and the value sits inside it."
dciodvfy,23e87f633b71,Warning - Value dubious for this VR - (TAG) PN Patient's Name PN [1] = <Lung_Dx-A0042> - Retired Person Name form,Warning,2,PLAUSIBILITY,RETIRED_PN,"not applicable, no requirement is cited by the message",not applicable,,"Named in the rubric as a plausibility heuristic. The message is about the shape of a PN value, a single component with no caret delimiters, which PS3.5 Table 6.2-1 permits for VR PN. No Type and no condition is asserted, and dciodvfy emits it at Warning severity with the word dubious. 1,209 of the 1,224 message classes in this SOP class fall under this rule, one per distinct name value, because the census keys a class on the normalised message text and the value sits inside it."
dciodvfy,24221b1b0e58,Warning - Value dubious for this VR - (TAG) PN Patient's Name PN [1] = <LUNG1-109> - Retired Person Name form,Warning,2,PLAUSIBILITY,RETIRED_PN,"not applicable, no requirement is cited by the message",not applicable,,"Named in the rubric as a plausibility heuristic. The message is about the shape of a PN value, a single component with no caret delimiters, which PS3.5 Table 6.2-1 permits for VR PN. No Type and no condition is asserted, and dciodvfy emits it at Warning severity with the word dubious. 1,209 of the 1,224 message classes in this SOP class fall under this rule, one per distinct name value, because the census keys a class on the normalised message text and the value sits inside it."
dciodvfy,2499538e2d08,Warning - Value dubious for this VR - (TAG) PN Patient's Name PN [1] = <Lung_Dx-A0153> - Retired Person Name form,Warning,2,PLAUSIBILITY,RETIRED_PN,"not applicable, no requirement is cited by the message",not applicable,,"Named in the rubric as a plausibility heuristic. The message is about the shape of a PN value, a single component with no caret delimiters, which PS3.5 Table 6.2-1 permits for VR PN. No Type and no condition is asserted, and dciodvfy emits it at Warning severity with the word dubious. 1,209 of the 1,224 message classes in this SOP class fall under this rule, one per distinct name value, because the census keys a class on the normalised message text and the value sits inside it."
dciodvfy,2508e929a0f5,Warning - Value dubious for this VR - (TAG) PN Patient's Name PN [1] = <LUNG1-355> - Retired Person Name form,Warning,2,PLAUSIBILITY,RETIRED_PN,"not applicable, no requirement is cited by the message",not applicable,,"Named in the rubric as a plausibility heuristic. The message is about the shape of a PN value, a single component with no caret delimiters, which PS3.5 Table 6.2-1 permits for VR PN. No Type and no condition is asserted, and dciodvfy emits it at Warning severity with the word dubious. 1,209 of the 1,224 message classes in this SOP class fall under this rule, one per distinct name value, because the census keys a class on the normalised message text and the value sits inside it."
dciodvfy,250cdba947c4,Warning - Value dubious for this VR - (TAG) PN Patient's Name PN [1] = <LUNG1-301> - Retired Person Name form,Warning,2,PLAUSIBILITY,RETIRED_PN,"not applicable, no requirement is cited by the message",not applicable,,"Named in the rubric as a plausibility heuristic. The message is about the shape of a PN value, a single component with no caret delimiters, which PS3.5 Table 6.2-1 permits for VR PN. No Type and no condition is asserted, and dciodvfy emits it at Warning severity with the word dubious. 1,209 of the 1,224 message classes in this SOP class fall under this rule, one per distinct name value, because the census keys a class on the normalised message text and the value sits inside it."
dciodvfy,254a01af2d7d,Warning - Value dubious for this VR - (TAG) PN Patient's Name PN [1] = <LUNG1-047> - Retired Person Name form,Warning,2,PLAUSIBILITY,RETIRED_PN,"not applicable, no requirement is cited by the message",not applicable,,"Named in the rubric as a plausibility heuristic. The message is about the shape of a PN value, a single component with no caret delimiters, which PS3.5 Table 6.2-1 permits for VR PN. No Type and no condition is asserted, and dciodvfy emits it at Warning severity with the word dubious. 1,209 of the 1,224 message classes in this SOP class fall under this rule, one per distinct name value, because the census keys a class on the normalised message text and the value sits inside it."
dciodvfy,25ce17f6b585,Warning - Value dubious for this VR - (TAG) PN Patient's Name PN [1] = <Lung_Dx-A0116> - Retired Person Name form,Warning,2,PLAUSIBILITY,RETIRED_PN,"not applicable, no requirement is cited by the message",not applicable,,"Named in the rubric as a plausibility heuristic. The message is about the shape of a PN value, a single component with no caret delimiters, which PS3.5 Table 6.2-1 permits for VR PN. No Type and no condition is asserted, and dciodvfy emits it at Warning severity with the word dubious. 1,209 of the 1,224 message classes in this SOP class fall under this rule, one per distinct name value, because the census keys a class on the normalised message text and the value sits inside it."
dciodvfy,261881c027dc,Warning - Value dubious for this VR - (TAG) PN Patient's Name PN [1] = <Lung_Dx-A0133> - Retired Person Name form,Warning,2,PLAUSIBILITY,RETIRED_PN,"not applicable, no requirement is cited by the message",not applicable,,"Named in the rubric as a plausibility heuristic. The message is about the shape of a PN value, a single component with no caret delimiters, which PS3.5 Table 6.2-1 permits for VR PN. No Type and no condition is asserted, and dciodvfy emits it at Warning severity with the word dubious. 1,209 of the 1,224 message classes in this SOP class fall under this rule, one per distinct name value, because the census keys a class on the normalised message text and the value sits inside it."
dciodvfy,26467c8c388f,Warning - Value dubious for this VR - (TAG) PN Patient's Name PN [1] = <Lung_Dx-A0147> - Retired Person Name form,Warning,2,PLAUSIBILITY,RETIRED_PN,"not applicable, no requirement is cited by the message",not applicable,,"Named in the rubric as a plausibility heuristic. The message is about the shape of a PN value, a single component with no caret delimiters, which PS3.5 Table 6.2-1 permits for VR PN. No Type and no condition is asserted, and dciodvfy emits it at Warning severity with the word dubious. 1,209 of the 1,224 message classes in this SOP class fall under this rule, one per distinct name value, because the census keys a class on the normalised message text and the value sits inside it."
dciodvfy,276f092209cd,Warning - Value dubious for this VR - (TAG) PN Patient's Name PN [1] = <LUNG1-221> - Retired Person Name form,Warning,2,PLAUSIBILITY,RETIRED_PN,"not applicable, no requirement is cited by the message",not applicable,,"Named in the rubric as a plausibility heuristic. The message is about the shape of a PN value, a single component with no caret delimiters, which PS3.5 Table 6.2-1 permits for VR PN. No Type and no condition is asserted, and dciodvfy emits it at Warning severity with the word dubious. 1,209 of the 1,224 message classes in this SOP class fall under this rule, one per distinct name value, because the census keys a class on the normalised message text and the value sits inside it."
dciodvfy,27ba21cb2936,Warning - Value dubious for this VR - (TAG) PN Patient's Name PN [1] = <LUNG1-222> - Retired Person Name form,Warning,2,PLAUSIBILITY,RETIRED_PN,"not applicable, no requirement is cited by the message",not applicable,,"Named in the rubric as a plausibility heuristic. The message is about the shape of a PN value, a single component with no caret delimiters, which PS3.5 Table 6.2-1 permits for VR PN. No Type and no condition is asserted, and dciodvfy emits it at Warning severity with the word dubious. 1,209 of the 1,224 message classes in this SOP class fall under this rule, one per distinct name value, because the census keys a class on the normalised message text and the value sits inside it."
dciodvfy,284cdb625ca3,Warning - Value dubious for this VR - (TAG) PN Patient's Name PN [1] = <LUNG1-389> - Retired Person Name form,Warning,2,PLAUSIBILITY,RETIRED_PN,"not applicable, no requirement is cited by the message",not applicable,,"Named in the rubric as a plausibility heuristic. The message is about the shape of a PN value, a single component with no caret delimiters, which PS3.5 Table 6.2-1 permits for VR PN. No Type and no condition is asserted, and dciodvfy emits it at Warning severity with the word dubious. 1,209 of the 1,224 message classes in this SOP class fall under this rule, one per distinct name value, because the census keys a class on the normalised message text and the value sits inside it."
dciodvfy,293bcfbec16d,Warning - Value dubious for this VR - (TAG) PN Patient's Name PN [1] = <Lung_Dx-B0022> - Retired Person Name form,Warning,2,PLAUSIBILITY,RETIRED_PN,"not applicable, no requirement is cited by the message",not applicable,,"Named in the rubric as a plausibility heuristic. The message is about the shape of a PN value, a single component with no caret delimiters, which PS3.5 Table 6.2-1 permits for VR PN. No Type and no condition is asserted, and dciodvfy emits it at Warning severity with the word dubious. 1,209 of the 1,224 message classes in this SOP class fall under this rule, one per distinct name value, because the census keys a class on the normalised message text and the value sits inside it."
dciodvfy,29e6e95f6a87,Warning - Value dubious for this VR - (TAG) PN Patient's Name PN [1] = <Lung_Dx-G0008> - Retired Person Name form,Warning,2,PLAUSIBILITY,RETIRED_PN,"not applicable, no requirement is cited by the message",not applicable,,"Named in the rubric as a plausibility heuristic. The message is about the shape of a PN value, a single component with no caret delimiters, which PS3.5 Table 6.2-1 permits for VR PN. No Type and no condition is asserted, and dciodvfy emits it at Warning severity with the word dubious. 1,209 of the 1,224 message classes in this SOP class fall under this rule, one per distinct name value, because the census keys a class on the normalised message text and the value sits inside it."
dciodvfy,2a1b59c8e4b8,Warning - Value dubious for this VR - (TAG) PN Patient's Name PN [1] = <LUNG1-247> - Retired Person Name form,Warning,2,PLAUSIBILITY,RETIRED_PN,"not applicable, no requirement is cited by the message",not applicable,,"Named in the rubric as a plausibility heuristic. The message is about the shape of a PN value, a single component with no caret delimiters, which PS3.5 Table 6.2-1 permits for VR PN. No Type and no condition is asserted, and dciodvfy emits it at Warning severity with the word dubious. 1,209 of the 1,224 message classes in this SOP class fall under this rule, one per distinct name value, because the census keys a class on the normalised message text and the value sits inside it."
dciodvfy,2a727fbda9e9,Warning - Value dubious for this VR - (TAG) PN Patient's Name PN [1] = <LUNG1-176> - Retired Person Name form,Warning,2,PLAUSIBILITY,RETIRED_PN,"not applicable, no requirement is cited by the message",not applicable,,"Named in the rubric as a plausibility heuristic. The message is about the shape of a PN value, a single component with no caret delimiters, which PS3.5 Table 6.2-1 permits for VR PN. No Type and no condition is asserted, and dciodvfy emits it at Warning severity with the word dubious. 1,209 of the 1,224 message classes in this SOP class fall under this rule, one per distinct name value, because the census keys a class on the normalised message text and the value sits inside it."
dciodvfy,2b06e6c1c65c,Warning - Value dubious for this VR - (TAG) PN Patient's Name PN [1] = <LUNG1-249> - Retired Person Name form,Warning,2,PLAUSIBILITY,RETIRED_PN,"not applicable, no requirement is cited by the message",not applicable,,"Named in the rubric as a plausibility heuristic. The message is about the shape of a PN value, a single component with no caret delimiters, which PS3.5 Table 6.2-1 permits for VR PN. No Type and no condition is asserted, and dciodvfy emits it at Warning severity with the word dubious. 1,209 of the 1,224 message classes in this SOP class fall under this rule, one per distinct name value, because the census keys a class on the normalised message text and the value sits inside it."
dciodvfy,2b43e7a7e12f,Warning - Value dubious for this VR - (TAG) PN Patient's Name PN [1] = <Lung_Dx-G0026> - Retired Person Name form,Warning,2,PLAUSIBILITY,RETIRED_PN,"not applicable, no requirement is cited by the message",not applicable,,"Named in the rubric as a plausibility heuristic. The message is about the shape of a PN value, a single component with no caret delimiters, which PS3.5 Table 6.2-1 permits for VR PN. No Type and no condition is asserted, and dciodvfy emits it at Warning severity with the word dubious. 1,209 of the 1,224 message classes in this SOP class fall under this rule, one per distinct name value, because the census keys a class on the normalised message text and the value sits inside it."
dciodvfy,2b8e74946b1d,Warning - Value dubious for this VR - (TAG) PN Patient's Name PN [1] = <LUNG1-163> - Retired Person Name form,Warning,2,PLAUSIBILITY,RETIRED_PN,"not applicable, no requirement is cited by the message",not applicable,,"Named in the rubric as a plausibility heuristic. The message is about the shape of a PN value, a single component with no caret delimiters, which PS3.5 Table 6.2-1 permits for VR PN. No Type and no condition is asserted, and dciodvfy emits it at Warning severity with the word dubious. 1,209 of the 1,224 message classes in this SOP class fall under this rule, one per distinct name value, because the census keys a class on the normalised message text and the value sits inside it."
dciodvfy,2caa9a5923d8,Warning - Value dubious for this VR - (TAG) PN Patient's Name PN [1] = <LUNG1-245> - Retired Person Name form,Warning,2,PLAUSIBILITY,RETIRED_PN,"not applicable, no requirement is cited by the message",not applicable,,"Named in the rubric as a plausibility heuristic. The message is about the shape of a PN value, a single component with no caret delimiters, which PS3.5 Table 6.2-1 permits for VR PN. No Type and no condition is asserted, and dciodvfy emits it at Warning severity with the word dubious. 1,209 of the 1,224 message classes in this SOP class fall under this rule, one per distinct name value, because the census keys a class on the normalised message text and the value sits inside it."
dciodvfy,2caf3528bfd2,Warning - Value dubious for this VR - (TAG) PN Patient's Name PN [1] = <Lung_Dx-A0072> - Retired Person Name form,Warning,2,PLAUSIBILITY,RETIRED_PN,"not applicable, no requirement is cited by the message",not applicable,,"Named in the rubric as a plausibility heuristic. The message is about the shape of a PN value, a single component with no caret delimiters, which PS3.5 Table 6.2-1 permits for VR PN. No Type and no condition is asserted, and dciodvfy emits it at Warning severity with the word dubious. 1,209 of the 1,224 message classes in this SOP class fall under this rule, one per distinct name value, because the census keys a class on the normalised message text and the value sits inside it."
dciodvfy,2d6ef6eb7a3d,Warning - Value dubious for this VR - (TAG) PN Patient's Name PN [1] = <LUNG1-267> - Retired Person Name form,Warning,2,PLAUSIBILITY,RETIRED_PN,"not applicable, no requirement is cited by the message",not applicable,,"Named in the rubric as a plausibility heuristic. The message is about the shape of a PN value, a single component with no caret delimiters, which PS3.5 Table 6.2-1 permits for VR PN. No Type and no condition is asserted, and dciodvfy emits it at Warning severity with the word dubious. 1,209 of the 1,224 message classes in this SOP class fall under this rule, one per distinct name value, because the census keys a class on the normalised message text and the value sits inside it."
dciodvfy,2db7eac545ae,Warning - Value dubious for this VR - (TAG) PN Patient's Name PN [1] = <LUNG1-336> - Retired Person Name form,Warning,2,PLAUSIBILITY,RETIRED_PN,"not applicable, no requirement is cited by the message",not applicable,,"Named in the rubric as a plausibility heuristic. The message is about the shape of a PN value, a single component with no caret delimiters, which PS3.5 Table 6.2-1 permits for VR PN. No Type and no condition is asserted, and dciodvfy emits it at Warning severity with the word dubious. 1,209 of the 1,224 message classes in this SOP class fall under this rule, one per distinct name value, because the census keys a class on the normalised message text and the value sits inside it."
dciodvfy,2dc2dcc6dc7c,Warning - Value dubious for this VR - (TAG) PN Patient's Name PN [1] = <LUNG1-018> - Retired Person Name form,Warning,2,PLAUSIBILITY,RETIRED_PN,"not applicable, no requirement is cited by the message",not applicable,,"Named in the rubric as a plausibility heuristic. The message is about the shape of a PN value, a single component with no caret delimiters, which PS3.5 Table 6.2-1 permits for VR PN. No Type and no condition is asserted, and dciodvfy emits it at Warning severity with the word dubious. 1,209 of the 1,224 message classes in this SOP class fall under this rule, one per distinct name value, because the census keys a class on the normalised message text and the value sits inside it."
dciodvfy,2de832c2a2d3,Warning - Value dubious for this VR - (TAG) PN Patient's Name PN [1] = <LUNG1-063> - Retired Person Name form,Warning,2,PLAUSIBILITY,RETIRED_PN,"not applicable, no requirement is cited by the message",not applicable,,"Named in the rubric as a plausibility heuristic. The message is about the shape of a PN value, a single component with no caret delimiters, which PS3.5 Table 6.2-1 permits for VR PN. No Type and no condition is asserted, and dciodvfy emits it at Warning severity with the word dubious. 1,209 of the 1,224 message classes in this SOP class fall under this rule, one per distinct name value, because the census keys a class on the normalised message text and the value sits inside it."
dciodvfy,2e00f236f383,Warning - Value dubious for this VR - (TAG) PN Patient's Name PN [1] = <LUNG1-098> - Retired Person Name form,Warning,2,PLAUSIBILITY,RETIRED_PN,"not applicable, no requirement is cited by the message",not applicable,,"Named in the rubric as a plausibility heuristic. The message is about the shape of a PN value, a single component with no caret delimiters, which PS3.5 Table 6.2-1 permits for VR PN. No Type and no condition is asserted, and dciodvfy emits it at Warning severity with the word dubious. 1,209 of the 1,224 message classes in this SOP class fall under this rule, one per distinct name value, because the census keys a class on the normalised message text and the value sits inside it."
dciodvfy,2e512f3c1de4,Warning - Value dubious for this VR - (TAG) PN Patient's Name PN [1] = <Lung_Dx-A0034> - Retired Person Name form,Warning,2,PLAUSIBILITY,RETIRED_PN,"not applicable, no requirement is cited by the message",not applicable,,"Named in the rubric as a plausibility heuristic. The message is about the shape of a PN value, a single component with no caret delimiters, which PS3.5 Table 6.2-1 permits for VR PN. No Type and no condition is asserted, and dciodvfy emits it at Warning severity with the word dubious. 1,209 of the 1,224 message classes in this SOP class fall under this rule, one per distinct name value, because the census keys a class on the normalised message text and the value sits inside it."
dciodvfy,2eb491749e52,Warning - Value dubious for this VR - (TAG) PN Patient's Name PN [1] = <Lung_Dx-B0020> - Retired Person Name form,Warning,2,PLAUSIBILITY,RETIRED_PN,"not applicable, no requirement is cited by the message",not applicable,,"Named in the rubric as a plausibility heuristic. The message is about the shape of a PN value, a single component with no caret delimiters, which PS3.5 Table 6.2-1 permits for VR PN. No Type and no condition is asserted, and dciodvfy emits it at Warning severity with the word dubious. 1,209 of the 1,224 message classes in this SOP class fall under this rule, one per distinct name value, because the census keys a class on the normalised message text and the value sits inside it."
dciodvfy,2eb73b12b09e,Warning - Value dubious for this VR - (TAG) PN Patient's Name PN [1] = <LUNG1-135> - Retired Person Name form,Warning,2,PLAUSIBILITY,RETIRED_PN,"not applicable, no requirement is cited by the message",not applicable,,"Named in the rubric as a plausibility heuristic. The message is about the shape of a PN value, a single component with no caret delimiters, which PS3.5 Table 6.2-1 permits for VR PN. No Type and no condition is asserted, and dciodvfy emits it at Warning severity with the word dubious. 1,209 of the 1,224 message classes in this SOP class fall under this rule, one per distinct name value, because the census keys a class on the normalised message text and the value sits inside it."
dciodvfy,2ee37ab935d5,Warning - Value dubious for this VR - (TAG) PN Patient's Name PN [1] = <LUNG1-070> - Retired Person Name form,Warning,2,PLAUSIBILITY,RETIRED_PN,"not applicable, no requirement is cited by the message",not applicable,,"Named in the rubric as a plausibility heuristic. The message is about the shape of a PN value, a single component with no caret delimiters, which PS3.5 Table 6.2-1 permits for VR PN. No Type and no condition is asserted, and dciodvfy emits it at Warning severity with the word dubious. 1,209 of the 1,224 message classes in this SOP class fall under this rule, one per distinct name value, because the census keys a class on the normalised message text and the value sits inside it."
dciodvfy,2f4b38dba48b,Warning - Value dubious for this VR - (TAG) PN Patient's Name PN [1] = <LUNG1-266> - Retired Person Name form,Warning,2,PLAUSIBILITY,RETIRED_PN,"not applicable, no requirement is cited by the message",not applicable,,"Named in the rubric as a plausibility heuristic. The message is about the shape of a PN value, a single component with no caret delimiters, which PS3.5 Table 6.2-1 permits for VR PN. No Type and no condition is asserted, and dciodvfy emits it at Warning severity with the word dubious. 1,209 of the 1,224 message classes in this SOP class fall under this rule, one per distinct name value, because the census keys a class on the normalised message text and the value sits inside it."
dciodvfy,2ffffc3822ed,Warning - Value dubious for this VR - (TAG) PN Patient's Name PN [1] = <Lung_Dx-A0135> - Retired Person Name form,Warning,2,PLAUSIBILITY,RETIRED_PN,"not applicable, no requirement is cited by the message",not applicable,,"Named in the rubric as a plausibility heuristic. The message is about the shape of a PN value, a single component with no caret delimiters, which PS3.5 Table 6.2-1 permits for VR PN. No Type and no condition is asserted, and dciodvfy emits it at Warning severity with the word dubious. 1,209 of the 1,224 message classes in this SOP class fall under this rule, one per distinct name value, because the census keys a class on the normalised message text and the value sits inside it."
dciodvfy,304eb623a06c,Warning - Value dubious for this VR - (TAG) PN Patient's Name PN [1] = <LUNG1-131> - Retired Person Name form,Warning,2,PLAUSIBILITY,RETIRED_PN,"not applicable, no requirement is cited by the message",not applicable,,"Named in the rubric as a plausibility heuristic. The message is about the shape of a PN value, a single component with no caret delimiters, which PS3.5 Table 6.2-1 permits for VR PN. No Type and no condition is asserted, and dciodvfy emits it at Warning severity with the word dubious. 1,209 of the 1,224 message classes in this SOP class fall under this rule, one per distinct name value, because the census keys a class on the normalised message text and the value sits inside it."
dciodvfy,30655eb21ccb,Warning - Value dubious for this VR - (TAG) PN Patient's Name PN [1] = <LUNG1-026> - Retired Person Name form,Warning,2,PLAUSIBILITY,RETIRED_PN,"not applicable, no requirement is cited by the message",not applicable,,"Named in the rubric as a plausibility heuristic. The message is about the shape of a PN value, a single component with no caret delimiters, which PS3.5 Table 6.2-1 permits for VR PN. No Type and no condition is asserted, and dciodvfy emits it at Warning severity with the word dubious. 1,209 of the 1,224 message classes in this SOP class fall under this rule, one per distinct name value, because the census keys a class on the normalised message text and the value sits inside it."
dciodvfy,306dd7bfc08e,Warning - Value dubious for this VR - (TAG) PN Patient's Name PN [1] = <Lung_Dx-A0007> - Retired Person Name form,Warning,2,PLAUSIBILITY,RETIRED_PN,"not applicable, no requirement is cited by the message",not applicable,,"Named in the rubric as a plausibility heuristic. The message is about the shape of a PN value, a single component with no caret delimiters, which PS3.5 Table 6.2-1 permits for VR PN. No Type and no condition is asserted, and dciodvfy emits it at Warning severity with the word dubious. 1,209 of the 1,224 message classes in this SOP class fall under this rule, one per distinct name value, because the census keys a class on the normalised message text and the value sits inside it."
dciodvfy,310769e03c03,Warning - Value dubious for this VR - (TAG) PN Patient's Name PN [1] = <LUNG1-127> - Retired Person Name form,Warning,2,PLAUSIBILITY,RETIRED_PN,"not applicable, no requirement is cited by the message",not applicable,,"Named in the rubric as a plausibility heuristic. The message is about the shape of a PN value, a single component with no caret delimiters, which PS3.5 Table 6.2-1 permits for VR PN. No Type and no condition is asserted, and dciodvfy emits it at Warning severity with the word dubious. 1,209 of the 1,224 message classes in this SOP class fall under this rule, one per distinct name value, because the census keys a class on the normalised message text and the value sits inside it."
dciodvfy,310dab8bff8c,Warning - Value dubious for this VR - (TAG) PN Patient's Name PN [1] = <LUNG1-329> - Retired Person Name form,Warning,2,PLAUSIBILITY,RETIRED_PN,"not applicable, no requirement is cited by the message",not applicable,,"Named in the rubric as a plausibility heuristic. The message is about the shape of a PN value, a single component with no caret delimiters, which PS3.5 Table 6.2-1 permits for VR PN. No Type and no condition is asserted, and dciodvfy emits it at Warning severity with the word dubious. 1,209 of the 1,224 message classes in this SOP class fall under this rule, one per distinct name value, because the census keys a class on the normalised message text and the value sits inside it."
dciodvfy,312314faa464,Warning - Value dubious for this VR - (TAG) PN Patient's Name PN [1] = <Lung_Dx-A0114> - Retired Person Name form,Warning,2,PLAUSIBILITY,RETIRED_PN,"not applicable, no requirement is cited by the message",not applicable,,"Named in the rubric as a plausibility heuristic. The message is about the shape of a PN value, a single component with no caret delimiters, which PS3.5 Table 6.2-1 permits for VR PN. No Type and no condition is asserted, and dciodvfy emits it at Warning severity with the word dubious. 1,209 of the 1,224 message classes in this SOP class fall under this rule, one per distinct name value, because the census keys a class on the normalised message text and the value sits inside it."
dciodvfy,318f6417dca1,Warning - Value dubious for this VR - (TAG) PN Patient's Name PN [1] = <LUNG1-255> - Retired Person Name form,Warning,2,PLAUSIBILITY,RETIRED_PN,"not applicable, no requirement is cited by the message",not applicable,,"Named in the rubric as a plausibility heuristic. The message is about the shape of a PN value, a single component with no caret delimiters, which PS3.5 Table 6.2-1 permits for VR PN. No Type and no condition is asserted, and dciodvfy emits it at Warning severity with the word dubious. 1,209 of the 1,224 message classes in this SOP class fall under this rule, one per distinct name value, because the census keys a class on the normalised message text and the value sits inside it."
dciodvfy,32b63d0046e5,Warning - Value dubious for this VR - (TAG) PN Patient's Name PN [1] = <LUNG1-354> - Retired Person Name form,Warning,2,PLAUSIBILITY,RETIRED_PN,"not applicable, no requirement is cited by the message",not applicable,,"Named in the rubric as a plausibility heuristic. The message is about the shape of a PN value, a single component with no caret delimiters, which PS3.5 Table 6.2-1 permits for VR PN. No Type and no condition is asserted, and dciodvfy emits it at Warning severity with the word dubious. 1,209 of the 1,224 message classes in this SOP class fall under this rule, one per distinct name value, because the census keys a class on the normalised message text and the value sits inside it."
dciodvfy,32e2691d30da,Warning - Value dubious for this VR - (TAG) PN Patient's Name PN [1] = <LUNG1-302> - Retired Person Name form,Warning,2,PLAUSIBILITY,RETIRED_PN,"not applicable, no requirement is cited by the message",not applicable,,"Named in the rubric as a plausibility heuristic. The message is about the shape of a PN value, a single component with no caret delimiters, which PS3.5 Table 6.2-1 permits for VR PN. No Type and no condition is asserted, and dciodvfy emits it at Warning severity with the word dubious. 1,209 of the 1,224 message classes in this SOP class fall under this rule, one per distinct name value, because the census keys a class on the normalised message text and the value sits inside it."
dciodvfy,3309ff06d44d,Warning - Value dubious for this VR - (TAG) PN Patient's Name PN [1] = <LUNG1-233> - Retired Person Name form,Warning,2,PLAUSIBILITY,RETIRED_PN,"not applicable, no requirement is cited by the message",not applicable,,"Named in the rubric as a plausibility heuristic. The message is about the shape of a PN value, a single component with no caret delimiters, which PS3.5 Table 6.2-1 permits for VR PN. No Type and no condition is asserted, and dciodvfy emits it at Warning severity with the word dubious. 1,209 of the 1,224 message classes in this SOP class fall under this rule, one per distinct name value, because the census keys a class on the normalised message text and the value sits inside it."
dciodvfy,3326b316b97d,Warning - Value dubious for this VR - (TAG) PN Patient's Name PN [1] = <LUNG1-175> - Retired Person Name form,Warning,2,PLAUSIBILITY,RETIRED_PN,"not applicable, no requirement is cited by the message",not applicable,,"Named in the rubric as a plausibility heuristic. The message is about the shape of a PN value, a single component with no caret delimiters, which PS3.5 Table 6.2-1 permits for VR PN. No Type and no condition is asserted, and dciodvfy emits it at Warning severity with the word dubious. 1,209 of the 1,224 message classes in this SOP class fall under this rule, one per distinct name value, because the census keys a class on the normalised message text and the value sits inside it."
dciodvfy,336fd3b36225,Warning - Value dubious for this VR - (TAG) PN Patient's Name PN [1] = <LUNG1-107> - Retired Person Name form,Warning,2,PLAUSIBILITY,RETIRED_PN,"not applicable, no requirement is cited by the message",not applicable,,"Named in the rubric as a plausibility heuristic. The message is about the shape of a PN value, a single component with no caret delimiters, which PS3.5 Table 6.2-1 permits for VR PN. No Type and no condition is asserted, and dciodvfy emits it at Warning severity with the word dubious. 1,209 of the 1,224 message classes in this SOP class fall under this rule, one per distinct name value, because the census keys a class on the normalised message text and the value sits inside it."
dciodvfy,337b8f12de07,Warning - Value dubious for this VR - (TAG) PN Patient's Name PN [1] = <LUNG1-101> - Retired Person Name form,Warning,2,PLAUSIBILITY,RETIRED_PN,"not applicable, no requirement is cited by the message",not applicable,,"Named in the rubric as a plausibility heuristic. The message is about the shape of a PN value, a single component with no caret delimiters, which PS3.5 Table 6.2-1 permits for VR PN. No Type and no condition is asserted, and dciodvfy emits it at Warning severity with the word dubious. 1,209 of the 1,224 message classes in this SOP class fall under this rule, one per distinct name value, because the census keys a class on the normalised message text and the value sits inside it."
dciodvfy,341e3b030edd,Warning - Value dubious for this VR - (TAG) PN Patient's Name PN [1] = <LUNG1-152> - Retired Person Name form,Warning,2,PLAUSIBILITY,RETIRED_PN,"not applicable, no requirement is cited by the message",not applicable,,"Named in the rubric as a plausibility heuristic. The message is about the shape of a PN value, a single component with no caret delimiters, which PS3.5 Table 6.2-1 permits for VR PN. No Type and no condition is asserted, and dciodvfy emits it at Warning severity with the word dubious. 1,209 of the 1,224 message classes in this SOP class fall under this rule, one per distinct name value, because the census keys a class on the normalised message text and the value sits inside it."
dciodvfy,34934151676c,Warning - Value dubious for this VR - (TAG) PN Patient's Name PN [1] = <Lung_Dx-A0154> - Retired Person Name form,Warning,2,PLAUSIBILITY,RETIRED_PN,"not applicable, no requirement is cited by the message",not applicable,,"Named in the rubric as a plausibility heuristic. The message is about the shape of a PN value, a single component with no caret delimiters, which PS3.5 Table 6.2-1 permits for VR PN. No Type and no condition is asserted, and dciodvfy emits it at Warning severity with the word dubious. 1,209 of the 1,224 message classes in this SOP class fall under this rule, one per distinct name value, because the census keys a class on the normalised message text and the value sits inside it."
dciodvfy,349428492ced,Warning - Value dubious for this VR - (TAG) PN Patient's Name PN [1] = <LUNG1-079> - Retired Person Name form,Warning,2,PLAUSIBILITY,RETIRED_PN,"not applicable, no requirement is cited by the message",not applicable,,"Named in the rubric as a plausibility heuristic. The message is about the shape of a PN value, a single component with no caret delimiters, which PS3.5 Table 6.2-1 permits for VR PN. No Type and no condition is asserted, and dciodvfy emits it at Warning severity with the word dubious. 1,209 of the 1,224 message classes in this SOP class fall under this rule, one per distinct name value, because the census keys a class on the normalised message text and the value sits inside it."
dciodvfy,349f1c0a2140,Warning - Value dubious for this VR - (TAG) PN Patient's Name PN [1] = <LUNG1-272> - Retired Person Name form,Warning,2,PLAUSIBILITY,RETIRED_PN,"not applicable, no requirement is cited by the message",not applicable,,"Named in the rubric as a plausibility heuristic. The message is about the shape of a PN value, a single component with no caret delimiters, which PS3.5 Table 6.2-1 permits for VR PN. No Type and no condition is asserted, and dciodvfy emits it at Warning severity with the word dubious. 1,209 of the 1,224 message classes in this SOP class fall under this rule, one per distinct name value, because the census keys a class on the normalised message text and the value sits inside it."
dciodvfy,3582047978b7,Warning - Value dubious for this VR - (TAG) PN Patient's Name PN [1] = <Lung_Dx-A0159> - Retired Person Name form,Warning,2,PLAUSIBILITY,RETIRED_PN,"not applicable, no requirement is cited by the message",not applicable,,"Named in the rubric as a plausibility heuristic. The message is about the shape of a PN value, a single component with no caret delimiters, which PS3.5 Table 6.2-1 permits for VR PN. No Type and no condition is asserted, and dciodvfy emits it at Warning severity with the word dubious. 1,209 of the 1,224 message classes in this SOP class fall under this rule, one per distinct name value, because the census keys a class on the normalised message text and the value sits inside it."
dciodvfy,35c78652f62c,Warning - Value dubious for this VR - (TAG) PN Patient's Name PN [1] = <LUNG1-188> - Retired Person Name form,Warning,2,PLAUSIBILITY,RETIRED_PN,"not applicable, no requirement is cited by the message",not applicable,,"Named in the rubric as a plausibility heuristic. The message is about the shape of a PN value, a single component with no caret delimiters, which PS3.5 Table 6.2-1 permits for VR PN. No Type and no condition is asserted, and dciodvfy emits it at Warning severity with the word dubious. 1,209 of the 1,224 message classes in this SOP class fall under this rule, one per distinct name value, because the census keys a class on the normalised message text and the value sits inside it."
dciodvfy,362d5f77312f,Warning - Value dubious for this VR - (TAG) PN Patient's Name PN [1] = <LUNG1-186> - Retired Person Name form,Warning,2,PLAUSIBILITY,RETIRED_PN,"not applicable, no requirement is cited by the message",not applicable,,"Named in the rubric as a plausibility heuristic. The message is about the shape of a PN value, a single component with no caret delimiters, which PS3.5 Table 6.2-1 permits for VR PN. No Type and no condition is asserted, and dciodvfy emits it at Warning severity with the word dubious. 1,209 of the 1,224 message classes in this SOP class fall under this rule, one per distinct name value, because the census keys a class on the normalised message text and the value sits inside it."
dciodvfy,365432acf4b8,Warning - Value dubious for this VR - (TAG) PN Patient's Name PN [1] = <LUNG1-210> - Retired Person Name form,Warning,2,PLAUSIBILITY,RETIRED_PN,"not applicable, no requirement is cited by the message",not applicable,,"Named in the rubric as a plausibility heuristic. The message is about the shape of a PN value, a single component with no caret delimiters, which PS3.5 Table 6.2-1 permits for VR PN. No Type and no condition is asserted, and dciodvfy emits it at Warning severity with the word dubious. 1,209 of the 1,224 message classes in this SOP class fall under this rule, one per distinct name value, because the census keys a class on the normalised message text and the value sits inside it."
dciodvfy,373900f5d5fd,Warning - Value dubious for this VR - (TAG) PN Patient's Name PN [1] = <Lung_Dx-A0003> - Retired Person Name form,Warning,2,PLAUSIBILITY,RETIRED_PN,"not applicable, no requirement is cited by the message",not applicable,,"Named in the rubric as a plausibility heuristic. The message is about the shape of a PN value, a single component with no caret delimiters, which PS3.5 Table 6.2-1 permits for VR PN. No Type and no condition is asserted, and dciodvfy emits it at Warning severity with the word dubious. 1,209 of the 1,224 message classes in this SOP class fall under this rule, one per distinct name value, because the census keys a class on the normalised message text and the value sits inside it."
dciodvfy,37c14a05a527,Warning - Value dubious for this VR - (TAG) PN Patient's Name PN [1] = <LUNG1-112> - Retired Person Name form,Warning,2,PLAUSIBILITY,RETIRED_PN,"not applicable, no requirement is cited by the message",not applicable,,"Named in the rubric as a plausibility heuristic. The message is about the shape of a PN value, a single component with no caret delimiters, which PS3.5 Table 6.2-1 permits for VR PN. No Type and no condition is asserted, and dciodvfy emits it at Warning severity with the word dubious. 1,209 of the 1,224 message classes in this SOP class fall under this rule, one per distinct name value, because the census keys a class on the normalised message text and the value sits inside it."
dciodvfy,3871ac86c27b,Warning - Value dubious for this VR - (TAG) PN Patient's Name PN [1] = <LUNG1-357> - Retired Person Name form,Warning,2,PLAUSIBILITY,RETIRED_PN,"not applicable, no requirement is cited by the message",not applicable,,"Named in the rubric as a plausibility heuristic. The message is about the shape of a PN value, a single component with no caret delimiters, which PS3.5 Table 6.2-1 permits for VR PN. No Type and no condition is asserted, and dciodvfy emits it at Warning severity with the word dubious. 1,209 of the 1,224 message classes in this SOP class fall under this rule, one per distinct name value, because the census keys a class on the normalised message text and the value sits inside it."
dciodvfy,387902d3d64a,Warning - Value dubious for this VR - (TAG) PN Patient's Name PN [1] = <Lung_Dx-A0061> - Retired Person Name form,Warning,2,PLAUSIBILITY,RETIRED_PN,"not applicable, no requirement is cited by the message",not applicable,,"Named in the rubric as a plausibility heuristic. The message is about the shape of a PN value, a single component with no caret delimiters, which PS3.5 Table 6.2-1 permits for VR PN. No Type and no condition is asserted, and dciodvfy emits it at Warning severity with the word dubious. 1,209 of the 1,224 message classes in this SOP class fall under this rule, one per distinct name value, because the census keys a class on the normalised message text and the value sits inside it."
dciodvfy,38ce21010259,Warning - Value dubious for this VR - (TAG) PN Patient's Name PN [1] = <Lung_Dx-E0002> - Retired Person Name form,Warning,2,PLAUSIBILITY,RETIRED_PN,"not applicable, no requirement is cited by the message",not applicable,,"Named in the rubric as a plausibility heuristic. The message is about the shape of a PN value, a single component with no caret delimiters, which PS3.5 Table 6.2-1 permits for VR PN. No Type and no condition is asserted, and dciodvfy emits it at Warning severity with the word dubious. 1,209 of the 1,224 message classes in this SOP class fall under this rule, one per distinct name value, because the census keys a class on the normalised message text and the value sits inside it."
dciodvfy,3940135d4d37,Warning - Value dubious for this VR - (TAG) PN Patient's Name PN [1] = <LUNG1-294> - Retired Person Name form,Warning,2,PLAUSIBILITY,RETIRED_PN,"not applicable, no requirement is cited by the message",not applicable,,"Named in the rubric as a plausibility heuristic. The message is about the shape of a PN value, a single component with no caret delimiters, which PS3.5 Table 6.2-1 permits for VR PN. No Type and no condition is asserted, and dciodvfy emits it at Warning severity with the word dubious. 1,209 of the 1,224 message classes in this SOP class fall under this rule, one per distinct name value, because the census keys a class on the normalised message text and the value sits inside it."
dciodvfy,395e876c5701,Warning - Value dubious for this VR - (TAG) PN Patient's Name PN [1] = <LUNG1-006> - Retired Person Name form,Warning,2,PLAUSIBILITY,RETIRED_PN,"not applicable, no requirement is cited by the message",not applicable,,"Named in the rubric as a plausibility heuristic. The message is about the shape of a PN value, a single component with no caret delimiters, which PS3.5 Table 6.2-1 permits for VR PN. No Type and no condition is asserted, and dciodvfy emits it at Warning severity with the word dubious. 1,209 of the 1,224 message classes in this SOP class fall under this rule, one per distinct name value, because the census keys a class on the normalised message text and the value sits inside it."
dciodvfy,397ea6082dac,Warning - Value dubious for this VR - (TAG) PN Patient's Name PN [1] = <Lung_Dx-A0100> - Retired Person Name form,Warning,2,PLAUSIBILITY,RETIRED_PN,"not applicable, no requirement is cited by the message",not applicable,,"Named in the rubric as a plausibility heuristic. The message is about the shape of a PN value, a single component with no caret delimiters, which PS3.5 Table 6.2-1 permits for VR PN. No Type and no condition is asserted, and dciodvfy emits it at Warning severity with the word dubious. 1,209 of the 1,224 message classes in this SOP class fall under this rule, one per distinct name value, because the census keys a class on the normalised message text and the value sits inside it."
dciodvfy,3980aa7f1e00,Warning - Value dubious for this VR - (TAG) PN Patient's Name PN [1] = <LUNG1-339> - Retired Person Name form,Warning,2,PLAUSIBILITY,RETIRED_PN,"not applicable, no requirement is cited by the message",not applicable,,"Named in the rubric as a plausibility heuristic. The message is about the shape of a PN value, a single component with no caret delimiters, which PS3.5 Table 6.2-1 permits for VR PN. No Type and no condition is asserted, and dciodvfy emits it at Warning severity with the word dubious. 1,209 of the 1,224 message classes in this SOP class fall under this rule, one per distinct name value, because the census keys a class on the normalised message text and the value sits inside it."
dciodvfy,39b1b27c2d2d,Warning - Value dubious for this VR - (TAG) PN Patient's Name PN [1] = <LUNG1-125> - Retired Person Name form,Warning,2,PLAUSIBILITY,RETIRED_PN,"not applicable, no requirement is cited by the message",not applicable,,"Named in the rubric as a plausibility heuristic. The message is about the shape of a PN value, a single component with no caret delimiters, which PS3.5 Table 6.2-1 permits for VR PN. No Type and no condition is asserted, and dciodvfy emits it at Warning severity with the word dubious. 1,209 of the 1,224 message classes in this SOP class fall under this rule, one per distinct name value, because the census keys a class on the normalised message text and the value sits inside it."
dciodvfy,3a5c3334a93c,Warning - Value dubious for this VR - (TAG) PN Patient's Name PN [1] = <LUNG1-046> - Retired Person Name form,Warning,2,PLAUSIBILITY,RETIRED_PN,"not applicable, no requirement is cited by the message",not applicable,,"Named in the rubric as a plausibility heuristic. The message is about the shape of a PN value, a single component with no caret delimiters, which PS3.5 Table 6.2-1 permits for VR PN. No Type and no condition is asserted, and dciodvfy emits it at Warning severity with the word dubious. 1,209 of the 1,224 message classes in this SOP class fall under this rule, one per distinct name value, because the census keys a class on the normalised message text and the value sits inside it."
dciodvfy,3b4b1a940d04,Warning - Value dubious for this VR - (TAG) PN Patient's Name PN [1] = <LUNG1-365> - Retired Person Name form,Warning,2,PLAUSIBILITY,RETIRED_PN,"not applicable, no requirement is cited by the message",not applicable,,"Named in the rubric as a plausibility heuristic. The message is about the shape of a PN value, a single component with no caret delimiters, which PS3.5 Table 6.2-1 permits for VR PN. No Type and no condition is asserted, and dciodvfy emits it at Warning severity with the word dubious. 1,209 of the 1,224 message classes in this SOP class fall under this rule, one per distinct name value, because the census keys a class on the normalised message text and the value sits inside it."
dciodvfy,3c0b67ce0b91,Warning - Value dubious for this VR - (TAG) PN Patient's Name PN [1] = <LUNG1-216> - Retired Person Name form,Warning,2,PLAUSIBILITY,RETIRED_PN,"not applicable, no requirement is cited by the message",not applicable,,"Named in the rubric as a plausibility heuristic. The message is about the shape of a PN value, a single component with no caret delimiters, which PS3.5 Table 6.2-1 permits for VR PN. No Type and no condition is asserted, and dciodvfy emits it at Warning severity with the word dubious. 1,209 of the 1,224 message classes in this SOP class fall under this rule, one per distinct name value, because the census keys a class on the normalised message text and the value sits inside it."
dciodvfy,3ce919d445fc,Warning - Value dubious for this VR - (TAG) PN Patient's Name PN [1] = <Lung_Dx-G0005> - Retired Person Name form,Warning,2,PLAUSIBILITY,RETIRED_PN,"not applicable, no requirement is cited by the message",not applicable,,"Named in the rubric as a plausibility heuristic. The message is about the shape of a PN value, a single component with no caret delimiters, which PS3.5 Table 6.2-1 permits for VR PN. No Type and no condition is asserted, and dciodvfy emits it at Warning severity with the word dubious. 1,209 of the 1,224 message classes in this SOP class fall under this rule, one per distinct name value, because the census keys a class on the normalised message text and the value sits inside it."
dciodvfy,3d3e118a1001,Warning - Value dubious for this VR - (TAG) PN Patient's Name PN [1] = <LUNG1-092> - Retired Person Name form,Warning,2,PLAUSIBILITY,RETIRED_PN,"not applicable, no requirement is cited by the message",not applicable,,"Named in the rubric as a plausibility heuristic. The message is about the shape of a PN value, a single component with no caret delimiters, which PS3.5 Table 6.2-1 permits for VR PN. No Type and no condition is asserted, and dciodvfy emits it at Warning severity with the word dubious. 1,209 of the 1,224 message classes in this SOP class fall under this rule, one per distinct name value, because the census keys a class on the normalised message text and the value sits inside it."
dciodvfy,3d7b6a936b81,Warning - Value dubious for this VR - (TAG) PN Patient's Name PN [1] = <LUNG1-103> - Retired Person Name form,Warning,2,PLAUSIBILITY,RETIRED_PN,"not applicable, no requirement is cited by the message",not applicable,,"Named in the rubric as a plausibility heuristic. The message is about the shape of a PN value, a single component with no caret delimiters, which PS3.5 Table 6.2-1 permits for VR PN. No Type and no condition is asserted, and dciodvfy emits it at Warning severity with the word dubious. 1,209 of the 1,224 message classes in this SOP class fall under this rule, one per distinct name value, because the census keys a class on the normalised message text and the value sits inside it."
dciodvfy,3d87fd4fabf3,Warning - Value dubious for this VR - (TAG) PN Patient's Name PN [1] = <Lung_Dx-G0002> - Retired Person Name form,Warning,2,PLAUSIBILITY,RETIRED_PN,"not applicable, no requirement is cited by the message",not applicable,,"Named in the rubric as a plausibility heuristic. The message is about the shape of a PN value, a single component with no caret delimiters, which PS3.5 Table 6.2-1 permits for VR PN. No Type and no condition is asserted, and dciodvfy emits it at Warning severity with the word dubious. 1,209 of the 1,224 message classes in this SOP class fall under this rule, one per distinct name value, because the census keys a class on the normalised message text and the value sits inside it."
dciodvfy,3dd19d842ba3,Warning - Value dubious for this VR - (TAG) PN Patient's Name PN [1] = <LUNG1-340> - Retired Person Name form,Warning,2,PLAUSIBILITY,RETIRED_PN,"not applicable, no requirement is cited by the message",not applicable,,"Named in the rubric as a plausibility heuristic. The message is about the shape of a PN value, a single component with no caret delimiters, which PS3.5 Table 6.2-1 permits for VR PN. No Type and no condition is asserted, and dciodvfy emits it at Warning severity with the word dubious. 1,209 of the 1,224 message classes in this SOP class fall under this rule, one per distinct name value, because the census keys a class on the normalised message text and the value sits inside it."
dciodvfy,3e7766410993,Warning - Value dubious for this VR - (TAG) PN Patient's Name PN [1] = <LUNG1-369> - Retired Person Name form,Warning,2,PLAUSIBILITY,RETIRED_PN,"not applicable, no requirement is cited by the message",not applicable,,"Named in the rubric as a plausibility heuristic. The message is about the shape of a PN value, a single component with no caret delimiters, which PS3.5 Table 6.2-1 permits for VR PN. No Type and no condition is asserted, and dciodvfy emits it at Warning severity with the word dubious. 1,209 of the 1,224 message classes in this SOP class fall under this rule, one per distinct name value, because the census keys a class on the normalised message text and the value sits inside it."
dciodvfy,3eb54705856c,Warning - Value dubious for this VR - (TAG) PN Patient's Name PN [1] = <LUNG1-407> - Retired Person Name form,Warning,2,PLAUSIBILITY,RETIRED_PN,"not applicable, no requirement is cited by the message",not applicable,,"Named in the rubric as a plausibility heuristic. The message is about the shape of a PN value, a single component with no caret delimiters, which PS3.5 Table 6.2-1 permits for VR PN. No Type and no condition is asserted, and dciodvfy emits it at Warning severity with the word dubious. 1,209 of the 1,224 message classes in this SOP class fall under this rule, one per distinct name value, because the census keys a class on the normalised message text and the value sits inside it."
dciodvfy,400fcdd20785,Warning - Value dubious for this VR - (TAG) PN Patient's Name PN [1] = <LUNG1-139> - Retired Person Name form,Warning,2,PLAUSIBILITY,RETIRED_PN,"not applicable, no requirement is cited by the message",not applicable,,"Named in the rubric as a plausibility heuristic. The message is about the shape of a PN value, a single component with no caret delimiters, which PS3.5 Table 6.2-1 permits for VR PN. No Type and no condition is asserted, and dciodvfy emits it at Warning severity with the word dubious. 1,209 of the 1,224 message classes in this SOP class fall under this rule, one per distinct name value, because the census keys a class on the normalised message text and the value sits inside it."
dciodvfy,40e98df98011,Warning - Value dubious for this VR - (TAG) PN Patient's Name PN [1] = <LUNG1-164> - Retired Person Name form,Warning,2,PLAUSIBILITY,RETIRED_PN,"not applicable, no requirement is cited by the message",not applicable,,"Named in the rubric as a plausibility heuristic. The message is about the shape of a PN value, a single component with no caret delimiters, which PS3.5 Table 6.2-1 permits for VR PN. No Type and no condition is asserted, and dciodvfy emits it at Warning severity with the word dubious. 1,209 of the 1,224 message classes in this SOP class fall under this rule, one per distinct name value, because the census keys a class on the normalised message text and the value sits inside it."
dciodvfy,41828d97e49a,Warning - Value dubious for this VR - (TAG) PN Patient's Name PN [1] = <LUNG1-156> - Retired Person Name form,Warning,2,PLAUSIBILITY,RETIRED_PN,"not applicable, no requirement is cited by the message",not applicable,,"Named in the rubric as a plausibility heuristic. The message is about the shape of a PN value, a single component with no caret delimiters, which PS3.5 Table 6.2-1 permits for VR PN. No Type and no condition is asserted, and dciodvfy emits it at Warning severity with the word dubious. 1,209 of the 1,224 message classes in this SOP class fall under this rule, one per distinct name value, because the census keys a class on the normalised message text and the value sits inside it."
dciodvfy,419659d152ac,Warning - Value dubious for this VR - (TAG) PN Patient's Name PN [1] = <LUNG1-318> - Retired Person Name form,Warning,2,PLAUSIBILITY,RETIRED_PN,"not applicable, no requirement is cited by the message",not applicable,,"Named in the rubric as a plausibility heuristic. The message is about the shape of a PN value, a single component with no caret delimiters, which PS3.5 Table 6.2-1 permits for VR PN. No Type and no condition is asserted, and dciodvfy emits it at Warning severity with the word dubious. 1,209 of the 1,224 message classes in this SOP class fall under this rule, one per distinct name value, because the census keys a class on the normalised message text and the value sits inside it."
dciodvfy,42b82ad5eb87,Warning - Value dubious for this VR - (TAG) PN Patient's Name PN [1] = <LUNG1-012> - Retired Person Name form,Warning,2,PLAUSIBILITY,RETIRED_PN,"not applicable, no requirement is cited by the message",not applicable,,"Named in the rubric as a plausibility heuristic. The message is about the shape of a PN value, a single component with no caret delimiters, which PS3.5 Table 6.2-1 permits for VR PN. No Type and no condition is asserted, and dciodvfy emits it at Warning severity with the word dubious. 1,209 of the 1,224 message classes in this SOP class fall under this rule, one per distinct name value, because the census keys a class on the normalised message text and the value sits inside it."
dciodvfy,43343c570734,Warning - Value dubious for this VR - (TAG) PN Patient's Name PN [1] = <LUNG1-411> - Retired Person Name form,Warning,2,PLAUSIBILITY,RETIRED_PN,"not applicable, no requirement is cited by the message",not applicable,,"Named in the rubric as a plausibility heuristic. The message is about the shape of a PN value, a single component with no caret delimiters, which PS3.5 Table 6.2-1 permits for VR PN. No Type and no condition is asserted, and dciodvfy emits it at Warning severity with the word dubious. 1,209 of the 1,224 message classes in this SOP class fall under this rule, one per distinct name value, because the census keys a class on the normalised message text and the value sits inside it."
dciodvfy,440b1cda56e1,Warning - Value dubious for this VR - (TAG) PN Patient's Name PN [1] = <LUNG1-383> - Retired Person Name form,Warning,2,PLAUSIBILITY,RETIRED_PN,"not applicable, no requirement is cited by the message",not applicable,,"Named in the rubric as a plausibility heuristic. The message is about the shape of a PN value, a single component with no caret delimiters, which PS3.5 Table 6.2-1 permits for VR PN. No Type and no condition is asserted, and dciodvfy emits it at Warning severity with the word dubious. 1,209 of the 1,224 message classes in this SOP class fall under this rule, one per distinct name value, because the census keys a class on the normalised message text and the value sits inside it."
dciodvfy,441e6b756f32,Warning - Value dubious for this VR - (TAG) PN Patient's Name PN [1] = <LUNG1-078> - Retired Person Name form,Warning,2,PLAUSIBILITY,RETIRED_PN,"not applicable, no requirement is cited by the message",not applicable,,"Named in the rubric as a plausibility heuristic. The message is about the shape of a PN value, a single component with no caret delimiters, which PS3.5 Table 6.2-1 permits for VR PN. No Type and no condition is asserted, and dciodvfy emits it at Warning severity with the word dubious. 1,209 of the 1,224 message classes in this SOP class fall under this rule, one per distinct name value, because the census keys a class on the normalised message text and the value sits inside it."
dciodvfy,445336efc21f,Warning - Value dubious for this VR - (TAG) PN Patient's Name PN [1] = <LUNG1-319> - Retired Person Name form,Warning,2,PLAUSIBILITY,RETIRED_PN,"not applicable, no requirement is cited by the message",not applicable,,"Named in the rubric as a plausibility heuristic. The message is about the shape of a PN value, a single component with no caret delimiters, which PS3.5 Table 6.2-1 permits for VR PN. No Type and no condition is asserted, and dciodvfy emits it at Warning severity with the word dubious. 1,209 of the 1,224 message classes in this SOP class fall under this rule, one per distinct name value, because the census keys a class on the normalised message text and the value sits inside it."
dciodvfy,44cb53e7bfe1,Warning - Value dubious for this VR - (TAG) PN Patient's Name PN [1] = <Lung_Dx-A0131> - Retired Person Name form,Warning,2,PLAUSIBILITY,RETIRED_PN,"not applicable, no requirement is cited by the message",not applicable,,"Named in the rubric as a plausibility heuristic. The message is about the shape of a PN value, a single component with no caret delimiters, which PS3.5 Table 6.2-1 permits for VR PN. No Type and no condition is asserted, and dciodvfy emits it at Warning severity with the word dubious. 1,209 of the 1,224 message classes in this SOP class fall under this rule, one per distinct name value, because the census keys a class on the normalised message text and the value sits inside it."
dciodvfy,45f07b4e19ae,Warning - Value dubious for this VR - (TAG) PN Patient's Name PN [1] = <LUNG1-300> - Retired Person Name form,Warning,2,PLAUSIBILITY,RETIRED_PN,"not applicable, no requirement is cited by the message",not applicable,,"Named in the rubric as a plausibility heuristic. The message is about the shape of a PN value, a single component with no caret delimiters, which PS3.5 Table 6.2-1 permits for VR PN. No Type and no condition is asserted, and dciodvfy emits it at Warning severity with the word dubious. 1,209 of the 1,224 message classes in this SOP class fall under this rule, one per distinct name value, because the census keys a class on the normalised message text and the value sits inside it."
dciodvfy,467da42fdc9b,Warning - Value dubious for this VR - (TAG) PN Patient's Name PN [1] = <LUNG1-335> - Retired Person Name form,Warning,2,PLAUSIBILITY,RETIRED_PN,"not applicable, no requirement is cited by the message",not applicable,,"Named in the rubric as a plausibility heuristic. The message is about the shape of a PN value, a single component with no caret delimiters, which PS3.5 Table 6.2-1 permits for VR PN. No Type and no condition is asserted, and dciodvfy emits it at Warning severity with the word dubious. 1,209 of the 1,224 message classes in this SOP class fall under this rule, one per distinct name value, because the census keys a class on the normalised message text and the value sits inside it."
dciodvfy,470cd2516ee9,Warning - Value dubious for this VR - (TAG) PN Patient's Name PN [1] = <LUNG1-140> - Retired Person Name form,Warning,2,PLAUSIBILITY,RETIRED_PN,"not applicable, no requirement is cited by the message",not applicable,,"Named in the rubric as a plausibility heuristic. The message is about the shape of a PN value, a single component with no caret delimiters, which PS3.5 Table 6.2-1 permits for VR PN. No Type and no condition is asserted, and dciodvfy emits it at Warning severity with the word dubious. 1,209 of the 1,224 message classes in this SOP class fall under this rule, one per distinct name value, because the census keys a class on the normalised message text and the value sits inside it."
dciodvfy,472cd7553924,Warning - Value dubious for this VR - (TAG) PN Patient's Name PN [1] = <LUNG1-290> - Retired Person Name form,Warning,2,PLAUSIBILITY,RETIRED_PN,"not applicable, no requirement is cited by the message",not applicable,,"Named in the rubric as a plausibility heuristic. The message is about the shape of a PN value, a single component with no caret delimiters, which PS3.5 Table 6.2-1 permits for VR PN. No Type and no condition is asserted, and dciodvfy emits it at Warning severity with the word dubious. 1,209 of the 1,224 message classes in this SOP class fall under this rule, one per distinct name value, because the census keys a class on the normalised message text and the value sits inside it."
dciodvfy,4756d28bcc73,Warning - Value dubious for this VR - (TAG) PN Patient's Name PN [1] = <LUNG1-025> - Retired Person Name form,Warning,2,PLAUSIBILITY,RETIRED_PN,"not applicable, no requirement is cited by the message",not applicable,,"Named in the rubric as a plausibility heuristic. The message is about the shape of a PN value, a single component with no caret delimiters, which PS3.5 Table 6.2-1 permits for VR PN. No Type and no condition is asserted, and dciodvfy emits it at Warning severity with the word dubious. 1,209 of the 1,224 message classes in this SOP class fall under this rule, one per distinct name value, because the census keys a class on the normalised message text and the value sits inside it."
dciodvfy,4756d7bd40a7,Warning - Value dubious for this VR - (TAG) PN Patient's Name PN [1] = <LUNG1-057> - Retired Person Name form,Warning,2,PLAUSIBILITY,RETIRED_PN,"not applicable, no requirement is cited by the message",not applicable,,"Named in the rubric as a plausibility heuristic. The message is about the shape of a PN value, a single component with no caret delimiters, which PS3.5 Table 6.2-1 permits for VR PN. No Type and no condition is asserted, and dciodvfy emits it at Warning severity with the word dubious. 1,209 of the 1,224 message classes in this SOP class fall under this rule, one per distinct name value, because the census keys a class on the normalised message text and the value sits inside it."
dciodvfy,476444c3783f,Warning - Value dubious for this VR - (TAG) PN Patient's Name PN [1] = <Lung_Dx-A0095> - Retired Person Name form,Warning,2,PLAUSIBILITY,RETIRED_PN,"not applicable, no requirement is cited by the message",not applicable,,"Named in the rubric as a plausibility heuristic. The message is about the shape of a PN value, a single component with no caret delimiters, which PS3.5 Table 6.2-1 permits for VR PN. No Type and no condition is asserted, and dciodvfy emits it at Warning severity with the word dubious. 1,209 of the 1,224 message classes in this SOP class fall under this rule, one per distinct name value, because the census keys a class on the normalised message text and the value sits inside it."
dciodvfy,47939f620553,Warning - Value dubious for this VR - (TAG) PN Patient's Name PN [1] = <LUNG1-377> - Retired Person Name form,Warning,2,PLAUSIBILITY,RETIRED_PN,"not applicable, no requirement is cited by the message",not applicable,,"Named in the rubric as a plausibility heuristic. The message is about the shape of a PN value, a single component with no caret delimiters, which PS3.5 Table 6.2-1 permits for VR PN. No Type and no condition is asserted, and dciodvfy emits it at Warning severity with the word dubious. 1,209 of the 1,224 message classes in this SOP class fall under this rule, one per distinct name value, because the census keys a class on the normalised message text and the value sits inside it."
dciodvfy,47a23b6ad048,Warning - Value dubious for this VR - (TAG) PN Patient's Name PN [1] = <LUNG1-327> - Retired Person Name form,Warning,2,PLAUSIBILITY,RETIRED_PN,"not applicable, no requirement is cited by the message",not applicable,,"Named in the rubric as a plausibility heuristic. The message is about the shape of a PN value, a single component with no caret delimiters, which PS3.5 Table 6.2-1 permits for VR PN. No Type and no condition is asserted, and dciodvfy emits it at Warning severity with the word dubious. 1,209 of the 1,224 message classes in this SOP class fall under this rule, one per distinct name value, because the census keys a class on the normalised message text and the value sits inside it."
dciodvfy,47b8aeb6c78a,Warning - Value dubious for this VR - (TAG) PN Patient's Name PN [1] = <LUNG1-160> - Retired Person Name form,Warning,2,PLAUSIBILITY,RETIRED_PN,"not applicable, no requirement is cited by the message",not applicable,,"Named in the rubric as a plausibility heuristic. The message is about the shape of a PN value, a single component with no caret delimiters, which PS3.5 Table 6.2-1 permits for VR PN. No Type and no condition is asserted, and dciodvfy emits it at Warning severity with the word dubious. 1,209 of the 1,224 message classes in this SOP class fall under this rule, one per distinct name value, because the census keys a class on the normalised message text and the value sits inside it."
dciodvfy,481a61937367,Warning - Value dubious for this VR - (TAG) PN Patient's Name PN [1] = <LUNG1-015> - Retired Person Name form,Warning,2,PLAUSIBILITY,RETIRED_PN,"not applicable, no requirement is cited by the message",not applicable,,"Named in the rubric as a plausibility heuristic. The message is about the shape of a PN value, a single component with no caret delimiters, which PS3.5 Table 6.2-1 permits for VR PN. No Type and no condition is asserted, and dciodvfy emits it at Warning severity with the word dubious. 1,209 of the 1,224 message classes in this SOP class fall under this rule, one per distinct name value, because the census keys a class on the normalised message text and the value sits inside it."
dciodvfy,4862e47f5cc2,Warning - Value dubious for this VR - (TAG) PN Patient's Name PN [1] = <Lung_Dx-A0023> - Retired Person Name form,Warning,2,PLAUSIBILITY,RETIRED_PN,"not applicable, no requirement is cited by the message",not applicable,,"Named in the rubric as a plausibility heuristic. The message is about the shape of a PN value, a single component with no caret delimiters, which PS3.5 Table 6.2-1 permits for VR PN. No Type and no condition is asserted, and dciodvfy emits it at Warning severity with the word dubious. 1,209 of the 1,224 message classes in this SOP class fall under this rule, one per distinct name value, because the census keys a class on the normalised message text and the value sits inside it."
dciodvfy,48a994bbe5bd,Warning - Value dubious for this VR - (TAG) PN Patient's Name PN [1] = <LUNG1-199> - Retired Person Name form,Warning,2,PLAUSIBILITY,RETIRED_PN,"not applicable, no requirement is cited by the message",not applicable,,"Named in the rubric as a plausibility heuristic. The message is about the shape of a PN value, a single component with no caret delimiters, which PS3.5 Table 6.2-1 permits for VR PN. No Type and no condition is asserted, and dciodvfy emits it at Warning severity with the word dubious. 1,209 of the 1,224 message classes in this SOP class fall under this rule, one per distinct name value, because the census keys a class on the normalised message text and the value sits inside it."
dciodvfy,48c66ea8413f,Warning - Value dubious for this VR - (TAG) PN Patient's Name PN [1] = <LUNG1-387> - Retired Person Name form,Warning,2,PLAUSIBILITY,RETIRED_PN,"not applicable, no requirement is cited by the message",not applicable,,"Named in the rubric as a plausibility heuristic. The message is about the shape of a PN value, a single component with no caret delimiters, which PS3.5 Table 6.2-1 permits for VR PN. No Type and no condition is asserted, and dciodvfy emits it at Warning severity with the word dubious. 1,209 of the 1,224 message classes in this SOP class fall under this rule, one per distinct name value, because the census keys a class on the normalised message text and the value sits inside it."
dciodvfy,4954d1741789,Warning - Value dubious for this VR - (TAG) PN Patient's Name PN [1] = <LUNG1-293> - Retired Person Name form,Warning,2,PLAUSIBILITY,RETIRED_PN,"not applicable, no requirement is cited by the message",not applicable,,"Named in the rubric as a plausibility heuristic. The message is about the shape of a PN value, a single component with no caret delimiters, which PS3.5 Table 6.2-1 permits for VR PN. No Type and no condition is asserted, and dciodvfy emits it at Warning severity with the word dubious. 1,209 of the 1,224 message classes in this SOP class fall under this rule, one per distinct name value, because the census keys a class on the normalised message text and the value sits inside it."
dciodvfy,49659cba5f11,Warning - Value dubious for this VR - (TAG) PN Patient's Name PN [1] = <Lung_Dx-A0049> - Retired Person Name form,Warning,2,PLAUSIBILITY,RETIRED_PN,"not applicable, no requirement is cited by the message",not applicable,,"Named in the rubric as a plausibility heuristic. The message is about the shape of a PN value, a single component with no caret delimiters, which PS3.5 Table 6.2-1 permits for VR PN. No Type and no condition is asserted, and dciodvfy emits it at Warning severity with the word dubious. 1,209 of the 1,224 message classes in this SOP class fall under this rule, one per distinct name value, because the census keys a class on the normalised message text and the value sits inside it."
dciodvfy,498e175314c0,Warning - Value dubious for this VR - (TAG) PN Patient's Name PN [1] = <LUNG1-353> - Retired Person Name form,Warning,2,PLAUSIBILITY,RETIRED_PN,"not applicable, no requirement is cited by the message",not applicable,,"Named in the rubric as a plausibility heuristic. The message is about the shape of a PN value, a single component with no caret delimiters, which PS3.5 Table 6.2-1 permits for VR PN. No Type and no condition is asserted, and dciodvfy emits it at Warning severity with the word dubious. 1,209 of the 1,224 message classes in this SOP class fall under this rule, one per distinct name value, because the census keys a class on the normalised message text and the value sits inside it."
dciodvfy,49ddc8eedd79,Warning - Value dubious for this VR - (TAG) PN Patient's Name PN [1] = <Lung_Dx-A0059> - Retired Person Name form,Warning,2,PLAUSIBILITY,RETIRED_PN,"not applicable, no requirement is cited by the message",not applicable,,"Named in the rubric as a plausibility heuristic. The message is about the shape of a PN value, a single component with no caret delimiters, which PS3.5 Table 6.2-1 permits for VR PN. No Type and no condition is asserted, and dciodvfy emits it at Warning severity with the word dubious. 1,209 of the 1,224 message classes in this SOP class fall under this rule, one per distinct name value, because the census keys a class on the normalised message text and the value sits inside it."
dciodvfy,4a67dc2eb46e,Warning - Value dubious for this VR - (TAG) PN Patient's Name PN [1] = <Lung_Dx-A0119> - Retired Person Name form,Warning,2,PLAUSIBILITY,RETIRED_PN,"not applicable, no requirement is cited by the message",not applicable,,"Named in the rubric as a plausibility heuristic. The message is about the shape of a PN value, a single component with no caret delimiters, which PS3.5 Table 6.2-1 permits for VR PN. No Type and no condition is asserted, and dciodvfy emits it at Warning severity with the word dubious. 1,209 of the 1,224 message classes in this SOP class fall under this rule, one per distinct name value, because the census keys a class on the normalised message text and the value sits inside it."
dciodvfy,4a6d0f9f5d25,Warning - Value dubious for this VR - (TAG) PN Patient's Name PN [1] = <Lung_Dx-A0064> - Retired Person Name form,Warning,2,PLAUSIBILITY,RETIRED_PN,"not applicable, no requirement is cited by the message",not applicable,,"Named in the rubric as a plausibility heuristic. The message is about the shape of a PN value, a single component with no caret delimiters, which PS3.5 Table 6.2-1 permits for VR PN. No Type and no condition is asserted, and dciodvfy emits it at Warning severity with the word dubious. 1,209 of the 1,224 message classes in this SOP class fall under this rule, one per distinct name value, because the census keys a class on the normalised message text and the value sits inside it."
dciodvfy,4b3b48336e67,Warning - Value dubious for this VR - (TAG) PN Patient's Name PN [1] = <LUNG1-155> - Retired Person Name form,Warning,2,PLAUSIBILITY,RETIRED_PN,"not applicable, no requirement is cited by the message",not applicable,,"Named in the rubric as a plausibility heuristic. The message is about the shape of a PN value, a single component with no caret delimiters, which PS3.5 Table 6.2-1 permits for VR PN. No Type and no condition is asserted, and dciodvfy emits it at Warning severity with the word dubious. 1,209 of the 1,224 message classes in this SOP class fall under this rule, one per distinct name value, because the census keys a class on the normalised message text and the value sits inside it."
dciodvfy,4b48dd6ad887,Warning - Value dubious for this VR - (TAG) PN Patient's Name PN [1] = <Lung_Dx-A0053> - Retired Person Name form,Warning,2,PLAUSIBILITY,RETIRED_PN,"not applicable, no requirement is cited by the message",not applicable,,"Named in the rubric as a plausibility heuristic. The message is about the shape of a PN value, a single component with no caret delimiters, which PS3.5 Table 6.2-1 permits for VR PN. No Type and no condition is asserted, and dciodvfy emits it at Warning severity with the word dubious. 1,209 of the 1,224 message classes in this SOP class fall under this rule, one per distinct name value, because the census keys a class on the normalised message text and the value sits inside it."
dciodvfy,4bfaf2b59eee,Warning - Value dubious for this VR - (TAG) PN Patient's Name PN [1] = <LUNG1-077> - Retired Person Name form,Warning,2,PLAUSIBILITY,RETIRED_PN,"not applicable, no requirement is cited by the message",not applicable,,"Named in the rubric as a plausibility heuristic. The message is about the shape of a PN value, a single component with no caret delimiters, which PS3.5 Table 6.2-1 permits for VR PN. No Type and no condition is asserted, and dciodvfy emits it at Warning severity with the word dubious. 1,209 of the 1,224 message classes in this SOP class fall under this rule, one per distinct name value, because the census keys a class on the normalised message text and the value sits inside it."
dciodvfy,4c7601e9b739,Warning - Value dubious for this VR - (TAG) PN Patient's Name PN [1] = <LUNG1-117> - Retired Person Name form,Warning,2,PLAUSIBILITY,RETIRED_PN,"not applicable, no requirement is cited by the message",not applicable,,"Named in the rubric as a plausibility heuristic. The message is about the shape of a PN value, a single component with no caret delimiters, which PS3.5 Table 6.2-1 permits for VR PN. No Type and no condition is asserted, and dciodvfy emits it at Warning severity with the word dubious. 1,209 of the 1,224 message classes in this SOP class fall under this rule, one per distinct name value, because the census keys a class on the normalised message text and the value sits inside it."
dciodvfy,4cb458ef955c,Warning - Value dubious for this VR - (TAG) PN Patient's Name PN [1] = <LUNG1-258> - Retired Person Name form,Warning,2,PLAUSIBILITY,RETIRED_PN,"not applicable, no requirement is cited by the message",not applicable,,"Named in the rubric as a plausibility heuristic. The message is about the shape of a PN value, a single component with no caret delimiters, which PS3.5 Table 6.2-1 permits for VR PN. No Type and no condition is asserted, and dciodvfy emits it at Warning severity with the word dubious. 1,209 of the 1,224 message classes in this SOP class fall under this rule, one per distinct name value, because the census keys a class on the normalised message text and the value sits inside it."
dciodvfy,4d10087ed783,Warning - Value dubious for this VR - (TAG) PN Patient's Name PN [1] = <LUNG1-134> - Retired Person Name form,Warning,2,PLAUSIBILITY,RETIRED_PN,"not applicable, no requirement is cited by the message",not applicable,,"Named in the rubric as a plausibility heuristic. The message is about the shape of a PN value, a single component with no caret delimiters, which PS3.5 Table 6.2-1 permits for VR PN. No Type and no condition is asserted, and dciodvfy emits it at Warning severity with the word dubious. 1,209 of the 1,224 message classes in this SOP class fall under this rule, one per distinct name value, because the census keys a class on the normalised message text and the value sits inside it."
dciodvfy,4d4db29db474,Warning - Value dubious for this VR - (TAG) PN Patient's Name PN [1] = <Lung_Dx-A0052> - Retired Person Name form,Warning,2,PLAUSIBILITY,RETIRED_PN,"not applicable, no requirement is cited by the message",not applicable,,"Named in the rubric as a plausibility heuristic. The message is about the shape of a PN value, a single component with no caret delimiters, which PS3.5 Table 6.2-1 permits for VR PN. No Type and no condition is asserted, and dciodvfy emits it at Warning severity with the word dubious. 1,209 of the 1,224 message classes in this SOP class fall under this rule, one per distinct name value, because the census keys a class on the normalised message text and the value sits inside it."
dciodvfy,4f207226117c,Warning - Value dubious for this VR - (TAG) PN Patient's Name PN [1] = <Lung_Dx-A0040> - Retired Person Name form,Warning,2,PLAUSIBILITY,RETIRED_PN,"not applicable, no requirement is cited by the message",not applicable,,"Named in the rubric as a plausibility heuristic. The message is about the shape of a PN value, a single component with no caret delimiters, which PS3.5 Table 6.2-1 permits for VR PN. No Type and no condition is asserted, and dciodvfy emits it at Warning severity with the word dubious. 1,209 of the 1,224 message classes in this SOP class fall under this rule, one per distinct name value, because the census keys a class on the normalised message text and the value sits inside it."
dciodvfy,4fb908d2a7b8,Warning - Value dubious for this VR - (TAG) PN Patient's Name PN [1] = <LUNG1-396> - Retired Person Name form,Warning,2,PLAUSIBILITY,RETIRED_PN,"not applicable, no requirement is cited by the message",not applicable,,"Named in the rubric as a plausibility heuristic. The message is about the shape of a PN value, a single component with no caret delimiters, which PS3.5 Table 6.2-1 permits for VR PN. No Type and no condition is asserted, and dciodvfy emits it at Warning severity with the word dubious. 1,209 of the 1,224 message classes in this SOP class fall under this rule, one per distinct name value, because the census keys a class on the normalised message text and the value sits inside it."
dciodvfy,50917a6c40f7,Warning - Value dubious for this VR - (TAG) PN Patient's Name PN [1] = <LUNG1-309> - Retired Person Name form,Warning,2,PLAUSIBILITY,RETIRED_PN,"not applicable, no requirement is cited by the message",not applicable,,"Named in the rubric as a plausibility heuristic. The message is about the shape of a PN value, a single component with no caret delimiters, which PS3.5 Table 6.2-1 permits for VR PN. No Type and no condition is asserted, and dciodvfy emits it at Warning severity with the word dubious. 1,209 of the 1,224 message classes in this SOP class fall under this rule, one per distinct name value, because the census keys a class on the normalised message text and the value sits inside it."
dciodvfy,514592555174,Warning - Value dubious for this VR - (TAG) PN Patient's Name PN [1] = <Lung_Dx-A0033> - Retired Person Name form,Warning,2,PLAUSIBILITY,RETIRED_PN,"not applicable, no requirement is cited by the message",not applicable,,"Named in the rubric as a plausibility heuristic. The message is about the shape of a PN value, a single component with no caret delimiters, which PS3.5 Table 6.2-1 permits for VR PN. No Type and no condition is asserted, and dciodvfy emits it at Warning severity with the word dubious. 1,209 of the 1,224 message classes in this SOP class fall under this rule, one per distinct name value, because the census keys a class on the normalised message text and the value sits inside it."
dciodvfy,51a49e39a95e,Warning - Value dubious for this VR - (TAG) PN Patient's Name PN [1] = <Lung_Dx-A0009> - Retired Person Name form,Warning,2,PLAUSIBILITY,RETIRED_PN,"not applicable, no requirement is cited by the message",not applicable,,"Named in the rubric as a plausibility heuristic. The message is about the shape of a PN value, a single component with no caret delimiters, which PS3.5 Table 6.2-1 permits for VR PN. No Type and no condition is asserted, and dciodvfy emits it at Warning severity with the word dubious. 1,209 of the 1,224 message classes in this SOP class fall under this rule, one per distinct name value, because the census keys a class on the normalised message text and the value sits inside it."
dciodvfy,52320b5e06c7,Warning - Value dubious for this VR - (TAG) PN Patient's Name PN [1] = <LUNG1-269> - Retired Person Name form,Warning,2,PLAUSIBILITY,RETIRED_PN,"not applicable, no requirement is cited by the message",not applicable,,"Named in the rubric as a plausibility heuristic. The message is about the shape of a PN value, a single component with no caret delimiters, which PS3.5 Table 6.2-1 permits for VR PN. No Type and no condition is asserted, and dciodvfy emits it at Warning severity with the word dubious. 1,209 of the 1,224 message classes in this SOP class fall under this rule, one per distinct name value, because the census keys a class on the normalised message text and the value sits inside it."
dciodvfy,52abaff1436c,Warning - Value dubious for this VR - (TAG) PN Patient's Name PN [1] = <LUNG1-051> - Retired Person Name form,Warning,2,PLAUSIBILITY,RETIRED_PN,"not applicable, no requirement is cited by the message",not applicable,,"Named in the rubric as a plausibility heuristic. The message is about the shape of a PN value, a single component with no caret delimiters, which PS3.5 Table 6.2-1 permits for VR PN. No Type and no condition is asserted, and dciodvfy emits it at Warning severity with the word dubious. 1,209 of the 1,224 message classes in this SOP class fall under this rule, one per distinct name value, because the census keys a class on the normalised message text and the value sits inside it."
dciodvfy,531aaa3bc738,Warning - Value dubious for this VR - (TAG) PN Patient's Name PN [1] = <Lung_Dx-A0005> - Retired Person Name form,Warning,2,PLAUSIBILITY,RETIRED_PN,"not applicable, no requirement is cited by the message",not applicable,,"Named in the rubric as a plausibility heuristic. The message is about the shape of a PN value, a single component with no caret delimiters, which PS3.5 Table 6.2-1 permits for VR PN. No Type and no condition is asserted, and dciodvfy emits it at Warning severity with the word dubious. 1,209 of the 1,224 message classes in this SOP class fall under this rule, one per distinct name value, because the census keys a class on the normalised message text and the value sits inside it."
dciodvfy,534e363fd2f1,Warning - Value dubious for this VR - (TAG) PN Patient's Name PN [1] = <LUNG1-173> - Retired Person Name form,Warning,2,PLAUSIBILITY,RETIRED_PN,"not applicable, no requirement is cited by the message",not applicable,,"Named in the rubric as a plausibility heuristic. The message is about the shape of a PN value, a single component with no caret delimiters, which PS3.5 Table 6.2-1 permits for VR PN. No Type and no condition is asserted, and dciodvfy emits it at Warning severity with the word dubious. 1,209 of the 1,224 message classes in this SOP class fall under this rule, one per distinct name value, because the census keys a class on the normalised message text and the value sits inside it."
dciodvfy,54439e603ee9,Warning - Value dubious for this VR - (TAG) PN Patient's Name PN [1] = <LUNG1-297> - Retired Person Name form,Warning,2,PLAUSIBILITY,RETIRED_PN,"not applicable, no requirement is cited by the message",not applicable,,"Named in the rubric as a plausibility heuristic. The message is about the shape of a PN value, a single component with no caret delimiters, which PS3.5 Table 6.2-1 permits for VR PN. No Type and no condition is asserted, and dciodvfy emits it at Warning severity with the word dubious. 1,209 of the 1,224 message classes in this SOP class fall under this rule, one per distinct name value, because the census keys a class on the normalised message text and the value sits inside it."
dciodvfy,54d87dbbfcee,Warning - Value dubious for this VR - (TAG) PN Patient's Name PN [1] = <LUNG1-050> - Retired Person Name form,Warning,2,PLAUSIBILITY,RETIRED_PN,"not applicable, no requirement is cited by the message",not applicable,,"Named in the rubric as a plausibility heuristic. The message is about the shape of a PN value, a single component with no caret delimiters, which PS3.5 Table 6.2-1 permits for VR PN. No Type and no condition is asserted, and dciodvfy emits it at Warning severity with the word dubious. 1,209 of the 1,224 message classes in this SOP class fall under this rule, one per distinct name value, because the census keys a class on the normalised message text and the value sits inside it."
dciodvfy,560de8064545,Warning - Value dubious for this VR - (TAG) PN Patient's Name PN [1] = <Lung_Dx-A0148> - Retired Person Name form,Warning,2,PLAUSIBILITY,RETIRED_PN,"not applicable, no requirement is cited by the message",not applicable,,"Named in the rubric as a plausibility heuristic. The message is about the shape of a PN value, a single component with no caret delimiters, which PS3.5 Table 6.2-1 permits for VR PN. No Type and no condition is asserted, and dciodvfy emits it at Warning severity with the word dubious. 1,209 of the 1,224 message classes in this SOP class fall under this rule, one per distinct name value, because the census keys a class on the normalised message text and the value sits inside it."
dciodvfy,561f3ade8119,Warning - Value dubious for this VR - (TAG) PN Patient's Name PN [1] = <LUNG1-238> - Retired Person Name form,Warning,2,PLAUSIBILITY,RETIRED_PN,"not applicable, no requirement is cited by the message",not applicable,,"Named in the rubric as a plausibility heuristic. The message is about the shape of a PN value, a single component with no caret delimiters, which PS3.5 Table 6.2-1 permits for VR PN. No Type and no condition is asserted, and dciodvfy emits it at Warning severity with the word dubious. 1,209 of the 1,224 message classes in this SOP class fall under this rule, one per distinct name value, because the census keys a class on the normalised message text and the value sits inside it."
dciodvfy,56382af83a5d,Warning - Value dubious for this VR - (TAG) PN Patient's Name PN [1] = <LUNG1-198> - Retired Person Name form,Warning,2,PLAUSIBILITY,RETIRED_PN,"not applicable, no requirement is cited by the message",not applicable,,"Named in the rubric as a plausibility heuristic. The message is about the shape of a PN value, a single component with no caret delimiters, which PS3.5 Table 6.2-1 permits for VR PN. No Type and no condition is asserted, and dciodvfy emits it at Warning severity with the word dubious. 1,209 of the 1,224 message classes in this SOP class fall under this rule, one per distinct name value, because the census keys a class on the normalised message text and the value sits inside it."
dciodvfy,564ed83abc46,Warning - Value dubious for this VR - (TAG) PN Patient's Name PN [1] = <Lung_Dx-G0010> - Retired Person Name form,Warning,2,PLAUSIBILITY,RETIRED_PN,"not applicable, no requirement is cited by the message",not applicable,,"Named in the rubric as a plausibility heuristic. The message is about the shape of a PN value, a single component with no caret delimiters, which PS3.5 Table 6.2-1 permits for VR PN. No Type and no condition is asserted, and dciodvfy emits it at Warning severity with the word dubious. 1,209 of the 1,224 message classes in this SOP class fall under this rule, one per distinct name value, because the census keys a class on the normalised message text and the value sits inside it."
dciodvfy,56d61ad6246a,Warning - Value dubious for this VR - (TAG) PN Patient's Name PN [1] = <LUNG1-358> - Retired Person Name form,Warning,2,PLAUSIBILITY,RETIRED_PN,"not applicable, no requirement is cited by the message",not applicable,,"Named in the rubric as a plausibility heuristic. The message is about the shape of a PN value, a single component with no caret delimiters, which PS3.5 Table 6.2-1 permits for VR PN. No Type and no condition is asserted, and dciodvfy emits it at Warning severity with the word dubious. 1,209 of the 1,224 message classes in this SOP class fall under this rule, one per distinct name value, because the census keys a class on the normalised message text and the value sits inside it."
dciodvfy,579d1752c6b0,Warning - Value dubious for this VR - (TAG) PN Patient's Name PN [1] = <LUNG1-298> - Retired Person Name form,Warning,2,PLAUSIBILITY,RETIRED_PN,"not applicable, no requirement is cited by the message",not applicable,,"Named in the rubric as a plausibility heuristic. The message is about the shape of a PN value, a single component with no caret delimiters, which PS3.5 Table 6.2-1 permits for VR PN. No Type and no condition is asserted, and dciodvfy emits it at Warning severity with the word dubious. 1,209 of the 1,224 message classes in this SOP class fall under this rule, one per distinct name value, because the census keys a class on the normalised message text and the value sits inside it."
dciodvfy,57be829f5591,Warning - Value dubious for this VR - (TAG) PN Patient's Name PN [1] = <Lung_Dx-B0021> - Retired Person Name form,Warning,2,PLAUSIBILITY,RETIRED_PN,"not applicable, no requirement is cited by the message",not applicable,,"Named in the rubric as a plausibility heuristic. The message is about the shape of a PN value, a single component with no caret delimiters, which PS3.5 Table 6.2-1 permits for VR PN. No Type and no condition is asserted, and dciodvfy emits it at Warning severity with the word dubious. 1,209 of the 1,224 message classes in this SOP class fall under this rule, one per distinct name value, because the census keys a class on the normalised message text and the value sits inside it."
dciodvfy,584cc0aa91e1,Warning - Value dubious for this VR - (TAG) PN Patient's Name PN [1] = <Lung_Dx-A0125> - Retired Person Name form,Warning,2,PLAUSIBILITY,RETIRED_PN,"not applicable, no requirement is cited by the message",not applicable,,"Named in the rubric as a plausibility heuristic. The message is about the shape of a PN value, a single component with no caret delimiters, which PS3.5 Table 6.2-1 permits for VR PN. No Type and no condition is asserted, and dciodvfy emits it at Warning severity with the word dubious. 1,209 of the 1,224 message classes in this SOP class fall under this rule, one per distinct name value, because the census keys a class on the normalised message text and the value sits inside it."
dciodvfy,585dd8efd8de,Warning - Value dubious for this VR - (TAG) PN Patient's Name PN [1] = <Lung_Dx-B0002> - Retired Person Name form,Warning,2,PLAUSIBILITY,RETIRED_PN,"not applicable, no requirement is cited by the message",not applicable,,"Named in the rubric as a plausibility heuristic. The message is about the shape of a PN value, a single component with no caret delimiters, which PS3.5 Table 6.2-1 permits for VR PN. No Type and no condition is asserted, and dciodvfy emits it at Warning severity with the word dubious. 1,209 of the 1,224 message classes in this SOP class fall under this rule, one per distinct name value, because the census keys a class on the normalised message text and the value sits inside it."
dciodvfy,58611a80698a,Warning - Value dubious for this VR - (TAG) PN Patient's Name PN [1] = <Lung_Dx-A0058> - Retired Person Name form,Warning,2,PLAUSIBILITY,RETIRED_PN,"not applicable, no requirement is cited by the message",not applicable,,"Named in the rubric as a plausibility heuristic. The message is about the shape of a PN value, a single component with no caret delimiters, which PS3.5 Table 6.2-1 permits for VR PN. No Type and no condition is asserted, and dciodvfy emits it at Warning severity with the word dubious. 1,209 of the 1,224 message classes in this SOP class fall under this rule, one per distinct name value, because the census keys a class on the normalised message text and the value sits inside it."
dciodvfy,58766dd40b7c,Warning - Value dubious for this VR - (TAG) PN Patient's Name PN [1] = <LUNG1-087> - Retired Person Name form,Warning,2,PLAUSIBILITY,RETIRED_PN,"not applicable, no requirement is cited by the message",not applicable,,"Named in the rubric as a plausibility heuristic. The message is about the shape of a PN value, a single component with no caret delimiters, which PS3.5 Table 6.2-1 permits for VR PN. No Type and no condition is asserted, and dciodvfy emits it at Warning severity with the word dubious. 1,209 of the 1,224 message classes in this SOP class fall under this rule, one per distinct name value, because the census keys a class on the normalised message text and the value sits inside it."
dciodvfy,594745f4b19d,Warning - Value dubious for this VR - (TAG) PN Patient's Name PN [1] = <LUNG1-032> - Retired Person Name form,Warning,2,PLAUSIBILITY,RETIRED_PN,"not applicable, no requirement is cited by the message",not applicable,,"Named in the rubric as a plausibility heuristic. The message is about the shape of a PN value, a single component with no caret delimiters, which PS3.5 Table 6.2-1 permits for VR PN. No Type and no condition is asserted, and dciodvfy emits it at Warning severity with the word dubious. 1,209 of the 1,224 message classes in this SOP class fall under this rule, one per distinct name value, because the census keys a class on the normalised message text and the value sits inside it."
dciodvfy,598731d0c0ac,Warning - Value dubious for this VR - (TAG) PN Patient's Name PN [1] = <LUNG1-153> - Retired Person Name form,Warning,2,PLAUSIBILITY,RETIRED_PN,"not applicable, no requirement is cited by the message",not applicable,,"Named in the rubric as a plausibility heuristic. The message is about the shape of a PN value, a single component with no caret delimiters, which PS3.5 Table 6.2-1 permits for VR PN. No Type and no condition is asserted, and dciodvfy emits it at Warning severity with the word dubious. 1,209 of the 1,224 message classes in this SOP class fall under this rule, one per distinct name value, because the census keys a class on the normalised message text and the value sits inside it."
dciodvfy,59bb02e602f5,Warning - Value dubious for this VR - (TAG) PN Patient's Name PN [1] = <Lung_Dx-B0006> - Retired Person Name form,Warning,2,PLAUSIBILITY,RETIRED_PN,"not applicable, no requirement is cited by the message",not applicable,,"Named in the rubric as a plausibility heuristic. The message is about the shape of a PN value, a single component with no caret delimiters, which PS3.5 Table 6.2-1 permits for VR PN. No Type and no condition is asserted, and dciodvfy emits it at Warning severity with the word dubious. 1,209 of the 1,224 message classes in this SOP class fall under this rule, one per distinct name value, because the census keys a class on the normalised message text and the value sits inside it."
dciodvfy,59f63b644da7,Warning - Value dubious for this VR - (TAG) PN Patient's Name PN [1] = <LUNG1-400> - Retired Person Name form,Warning,2,PLAUSIBILITY,RETIRED_PN,"not applicable, no requirement is cited by the message",not applicable,,"Named in the rubric as a plausibility heuristic. The message is about the shape of a PN value, a single component with no caret delimiters, which PS3.5 Table 6.2-1 permits for VR PN. No Type and no condition is asserted, and dciodvfy emits it at Warning severity with the word dubious. 1,209 of the 1,224 message classes in this SOP class fall under this rule, one per distinct name value, because the census keys a class on the normalised message text and the value sits inside it."
dciodvfy,5a3fe89d1688,Warning - Value dubious for this VR - (TAG) PN Patient's Name PN [1] = <LUNG1-060> - Retired Person Name form,Warning,2,PLAUSIBILITY,RETIRED_PN,"not applicable, no requirement is cited by the message",not applicable,,"Named in the rubric as a plausibility heuristic. The message is about the shape of a PN value, a single component with no caret delimiters, which PS3.5 Table 6.2-1 permits for VR PN. No Type and no condition is asserted, and dciodvfy emits it at Warning severity with the word dubious. 1,209 of the 1,224 message classes in this SOP class fall under this rule, one per distinct name value, because the census keys a class on the normalised message text and the value sits inside it."
dciodvfy,5a53a457cc56,Error - Bad attribute Value Multiplicity Type 3 Optional Element=<ProcedureCodeSequence> Module=<GeneralStudy>,Error,2,UNDECIDABLE,PROC_CODE_SEQ_VM,PS3.3 Section C.7.2.1 General Study Module,"PS3.3 Table C.7-3 General Study Module Attributes, row Procedure Code Sequence (0008,1032) Type 3","PS3.3 Table C.7-3, row ""Procedure Code Sequence"", tag (0008,1032), Type 3: ""A Sequence that conveys the type of procedure performed. One or more Items are permitted in this Sequence."" PS3.5 Section 7.5: ""Data Elements with a VR of SQ may contain multiple Items but shall always have a Value Multiplicity of one (i.e., a single Sequence).""","The message names an attribute, a module and a Type, and asserts that the Value Multiplicity is bad, but prints neither the observed multiplicity nor the required one, so which multiplicity rule it is applying cannot be recovered from the output. PS3.5 Section 7.5 fixes the VM of any SQ at one regardless of item count, which makes a literal reading of the message unattachable to a requirement. Left UNDECIDABLE rather than folded into the zero-Items finding by judgement. What is measured rather than assumed is that it lands on exactly the 2 objects that carry the zero-Items class, with nothing on either side of the difference, so it moves no triple: those objects are already net."
dciodvfy,5a68192f9d7f,Warning - Value dubious for this VR - (TAG) PN Patient's Name PN [1] = <LUNG1-284> - Retired Person Name form,Warning,2,PLAUSIBILITY,RETIRED_PN,"not applicable, no requirement is cited by the message",not applicable,,"Named in the rubric as a plausibility heuristic. The message is about the shape of a PN value, a single component with no caret delimiters, which PS3.5 Table 6.2-1 permits for VR PN. No Type and no condition is asserted, and dciodvfy emits it at Warning severity with the word dubious. 1,209 of the 1,224 message classes in this SOP class fall under this rule, one per distinct name value, because the census keys a class on the normalised message text and the value sits inside it."
dciodvfy,5aaa4c4629f1,Warning - Value dubious for this VR - (TAG) PN Patient's Name PN [1] = <Lung_Dx-A0057> - Retired Person Name form,Warning,2,PLAUSIBILITY,RETIRED_PN,"not applicable, no requirement is cited by the message",not applicable,,"Named in the rubric as a plausibility heuristic. The message is about the shape of a PN value, a single component with no caret delimiters, which PS3.5 Table 6.2-1 permits for VR PN. No Type and no condition is asserted, and dciodvfy emits it at Warning severity with the word dubious. 1,209 of the 1,224 message classes in this SOP class fall under this rule, one per distinct name value, because the census keys a class on the normalised message text and the value sits inside it."
dciodvfy,5ad766296708,Warning - Value dubious for this VR - (TAG) PN Patient's Name PN [1] = <LUNG1-220> - Retired Person Name form,Warning,2,PLAUSIBILITY,RETIRED_PN,"not applicable, no requirement is cited by the message",not applicable,,"Named in the rubric as a plausibility heuristic. The message is about the shape of a PN value, a single component with no caret delimiters, which PS3.5 Table 6.2-1 permits for VR PN. No Type and no condition is asserted, and dciodvfy emits it at Warning severity with the word dubious. 1,209 of the 1,224 message classes in this SOP class fall under this rule, one per distinct name value, because the census keys a class on the normalised message text and the value sits inside it."
dciodvfy,5c6f330fafbe,Warning - Value dubious for this VR - (TAG) PN Patient's Name PN [1] = <LUNG1-372> - Retired Person Name form,Warning,2,PLAUSIBILITY,RETIRED_PN,"not applicable, no requirement is cited by the message",not applicable,,"Named in the rubric as a plausibility heuristic. The message is about the shape of a PN value, a single component with no caret delimiters, which PS3.5 Table 6.2-1 permits for VR PN. No Type and no condition is asserted, and dciodvfy emits it at Warning severity with the word dubious. 1,209 of the 1,224 message classes in this SOP class fall under this rule, one per distinct name value, because the census keys a class on the normalised message text and the value sits inside it."
dciodvfy,5c7ca46de58b,Warning - Value dubious for this VR - (TAG) PN Patient's Name PN [1] = <LUNG1-073> - Retired Person Name form,Warning,2,PLAUSIBILITY,RETIRED_PN,"not applicable, no requirement is cited by the message",not applicable,,"Named in the rubric as a plausibility heuristic. The message is about the shape of a PN value, a single component with no caret delimiters, which PS3.5 Table 6.2-1 permits for VR PN. No Type and no condition is asserted, and dciodvfy emits it at Warning severity with the word dubious. 1,209 of the 1,224 message classes in this SOP class fall under this rule, one per distinct name value, because the census keys a class on the normalised message text and the value sits inside it."
dciodvfy,5c811c30fb44,Warning - Value dubious for this VR - (TAG) PN Patient's Name PN [1] = <LUNG1-412> - Retired Person Name form,Warning,2,PLAUSIBILITY,RETIRED_PN,"not applicable, no requirement is cited by the message",not applicable,,"Named in the rubric as a plausibility heuristic. The message is about the shape of a PN value, a single component with no caret delimiters, which PS3.5 Table 6.2-1 permits for VR PN. No Type and no condition is asserted, and dciodvfy emits it at Warning severity with the word dubious. 1,209 of the 1,224 message classes in this SOP class fall under this rule, one per distinct name value, because the census keys a class on the normalised message text and the value sits inside it."
dciodvfy,5d30864559aa,Warning - Value dubious for this VR - (TAG) PN Patient's Name PN [1] = <LUNG1-218> - Retired Person Name form,Warning,2,PLAUSIBILITY,RETIRED_PN,"not applicable, no requirement is cited by the message",not applicable,,"Named in the rubric as a plausibility heuristic. The message is about the shape of a PN value, a single component with no caret delimiters, which PS3.5 Table 6.2-1 permits for VR PN. No Type and no condition is asserted, and dciodvfy emits it at Warning severity with the word dubious. 1,209 of the 1,224 message classes in this SOP class fall under this rule, one per distinct name value, because the census keys a class on the normalised message text and the value sits inside it."
dciodvfy,5dd83699bc28,Warning - Value dubious for this VR - (TAG) PN Patient's Name PN [1] = <LUNG1-323> - Retired Person Name form,Warning,2,PLAUSIBILITY,RETIRED_PN,"not applicable, no requirement is cited by the message",not applicable,,"Named in the rubric as a plausibility heuristic. The message is about the shape of a PN value, a single component with no caret delimiters, which PS3.5 Table 6.2-1 permits for VR PN. No Type and no condition is asserted, and dciodvfy emits it at Warning severity with the word dubious. 1,209 of the 1,224 message classes in this SOP class fall under this rule, one per distinct name value, because the census keys a class on the normalised message text and the value sits inside it."
dciodvfy,5eff46a9c268,Warning - Value dubious for this VR - (TAG) PN Patient's Name PN [1] = <LUNG1-179> - Retired Person Name form,Warning,2,PLAUSIBILITY,RETIRED_PN,"not applicable, no requirement is cited by the message",not applicable,,"Named in the rubric as a plausibility heuristic. The message is about the shape of a PN value, a single component with no caret delimiters, which PS3.5 Table 6.2-1 permits for VR PN. No Type and no condition is asserted, and dciodvfy emits it at Warning severity with the word dubious. 1,209 of the 1,224 message classes in this SOP class fall under this rule, one per distinct name value, because the census keys a class on the normalised message text and the value sits inside it."
dciodvfy,60834b144100,Warning - Value dubious for this VR - (TAG) PN Patient's Name PN [1] = <LUNG1-115> - Retired Person Name form,Warning,2,PLAUSIBILITY,RETIRED_PN,"not applicable, no requirement is cited by the message",not applicable,,"Named in the rubric as a plausibility heuristic. The message is about the shape of a PN value, a single component with no caret delimiters, which PS3.5 Table 6.2-1 permits for VR PN. No Type and no condition is asserted, and dciodvfy emits it at Warning severity with the word dubious. 1,209 of the 1,224 message classes in this SOP class fall under this rule, one per distinct name value, because the census keys a class on the normalised message text and the value sits inside it."
dciodvfy,60b0dfb77306,Warning - Value dubious for this VR - (TAG) PN Patient's Name PN [1] = <LUNG1-053> - Retired Person Name form,Warning,2,PLAUSIBILITY,RETIRED_PN,"not applicable, no requirement is cited by the message",not applicable,,"Named in the rubric as a plausibility heuristic. The message is about the shape of a PN value, a single component with no caret delimiters, which PS3.5 Table 6.2-1 permits for VR PN. No Type and no condition is asserted, and dciodvfy emits it at Warning severity with the word dubious. 1,209 of the 1,224 message classes in this SOP class fall under this rule, one per distinct name value, because the census keys a class on the normalised message text and the value sits inside it."
dciodvfy,61318b8bc401,Warning - Value dubious for this VR - (TAG) PN Patient's Name PN [1] = <LUNG1-248> - Retired Person Name form,Warning,2,PLAUSIBILITY,RETIRED_PN,"not applicable, no requirement is cited by the message",not applicable,,"Named in the rubric as a plausibility heuristic. The message is about the shape of a PN value, a single component with no caret delimiters, which PS3.5 Table 6.2-1 permits for VR PN. No Type and no condition is asserted, and dciodvfy emits it at Warning severity with the word dubious. 1,209 of the 1,224 message classes in this SOP class fall under this rule, one per distinct name value, because the census keys a class on the normalised message text and the value sits inside it."
dciodvfy,6135dda28a3d,Warning - Value dubious for this VR - (TAG) PN Patient's Name PN [1] = <LUNG1-116> - Retired Person Name form,Warning,2,PLAUSIBILITY,RETIRED_PN,"not applicable, no requirement is cited by the message",not applicable,,"Named in the rubric as a plausibility heuristic. The message is about the shape of a PN value, a single component with no caret delimiters, which PS3.5 Table 6.2-1 permits for VR PN. No Type and no condition is asserted, and dciodvfy emits it at Warning severity with the word dubious. 1,209 of the 1,224 message classes in this SOP class fall under this rule, one per distinct name value, because the census keys a class on the normalised message text and the value sits inside it."
dciodvfy,61fee55ade99,Warning - Value dubious for this VR - (TAG) PN Patient's Name PN [1] = <Lung_Dx-A0044> - Retired Person Name form,Warning,2,PLAUSIBILITY,RETIRED_PN,"not applicable, no requirement is cited by the message",not applicable,,"Named in the rubric as a plausibility heuristic. The message is about the shape of a PN value, a single component with no caret delimiters, which PS3.5 Table 6.2-1 permits for VR PN. No Type and no condition is asserted, and dciodvfy emits it at Warning severity with the word dubious. 1,209 of the 1,224 message classes in this SOP class fall under this rule, one per distinct name value, because the census keys a class on the normalised message text and the value sits inside it."
dciodvfy,621c5dbe3c62,Warning - Value dubious for this VR - (TAG) PN Patient's Name PN [1] = <Lung_Dx-A0152> - Retired Person Name form,Warning,2,PLAUSIBILITY,RETIRED_PN,"not applicable, no requirement is cited by the message",not applicable,,"Named in the rubric as a plausibility heuristic. The message is about the shape of a PN value, a single component with no caret delimiters, which PS3.5 Table 6.2-1 permits for VR PN. No Type and no condition is asserted, and dciodvfy emits it at Warning severity with the word dubious. 1,209 of the 1,224 message classes in this SOP class fall under this rule, one per distinct name value, because the census keys a class on the normalised message text and the value sits inside it."
dciodvfy,622c767c8f8e,Warning - Value dubious for this VR - (TAG) PN Patient's Name PN [1] = <Lung_Dx-E0004> - Retired Person Name form,Warning,2,PLAUSIBILITY,RETIRED_PN,"not applicable, no requirement is cited by the message",not applicable,,"Named in the rubric as a plausibility heuristic. The message is about the shape of a PN value, a single component with no caret delimiters, which PS3.5 Table 6.2-1 permits for VR PN. No Type and no condition is asserted, and dciodvfy emits it at Warning severity with the word dubious. 1,209 of the 1,224 message classes in this SOP class fall under this rule, one per distinct name value, because the census keys a class on the normalised message text and the value sits inside it."
dciodvfy,6240ca0e5023,Warning - Value dubious for this VR - (TAG) PN Patient's Name PN [1] = <LUNG1-119> - Retired Person Name form,Warning,2,PLAUSIBILITY,RETIRED_PN,"not applicable, no requirement is cited by the message",not applicable,,"Named in the rubric as a plausibility heuristic. The message is about the shape of a PN value, a single component with no caret delimiters, which PS3.5 Table 6.2-1 permits for VR PN. No Type and no condition is asserted, and dciodvfy emits it at Warning severity with the word dubious. 1,209 of the 1,224 message classes in this SOP class fall under this rule, one per distinct name value, because the census keys a class on the normalised message text and the value sits inside it."
dciodvfy,627bbb6bed1d,Warning - Value dubious for this VR - (TAG) PN Patient's Name PN [1] = <LUNG1-376> - Retired Person Name form,Warning,2,PLAUSIBILITY,RETIRED_PN,"not applicable, no requirement is cited by the message",not applicable,,"Named in the rubric as a plausibility heuristic. The message is about the shape of a PN value, a single component with no caret delimiters, which PS3.5 Table 6.2-1 permits for VR PN. No Type and no condition is asserted, and dciodvfy emits it at Warning severity with the word dubious. 1,209 of the 1,224 message classes in this SOP class fall under this rule, one per distinct name value, because the census keys a class on the normalised message text and the value sits inside it."
dciodvfy,62a28fa649ac,Warning - Value dubious for this VR - (TAG) PN Patient's Name PN [1] = <LUNG1-124> - Retired Person Name form,Warning,2,PLAUSIBILITY,RETIRED_PN,"not applicable, no requirement is cited by the message",not applicable,,"Named in the rubric as a plausibility heuristic. The message is about the shape of a PN value, a single component with no caret delimiters, which PS3.5 Table 6.2-1 permits for VR PN. No Type and no condition is asserted, and dciodvfy emits it at Warning severity with the word dubious. 1,209 of the 1,224 message classes in this SOP class fall under this rule, one per distinct name value, because the census keys a class on the normalised message text and the value sits inside it."
dciodvfy,62c8c69b6c71,Warning - Value dubious for this VR - (TAG) PN Patient's Name PN [1] = <LUNG1-041> - Retired Person Name form,Warning,2,PLAUSIBILITY,RETIRED_PN,"not applicable, no requirement is cited by the message",not applicable,,"Named in the rubric as a plausibility heuristic. The message is about the shape of a PN value, a single component with no caret delimiters, which PS3.5 Table 6.2-1 permits for VR PN. No Type and no condition is asserted, and dciodvfy emits it at Warning severity with the word dubious. 1,209 of the 1,224 message classes in this SOP class fall under this rule, one per distinct name value, because the census keys a class on the normalised message text and the value sits inside it."
dciodvfy,62efb2e18e25,Warning - Value dubious for this VR - (TAG) PN Patient's Name PN [1] = <LUNG1-291> - Retired Person Name form,Warning,2,PLAUSIBILITY,RETIRED_PN,"not applicable, no requirement is cited by the message",not applicable,,"Named in the rubric as a plausibility heuristic. The message is about the shape of a PN value, a single component with no caret delimiters, which PS3.5 Table 6.2-1 permits for VR PN. No Type and no condition is asserted, and dciodvfy emits it at Warning severity with the word dubious. 1,209 of the 1,224 message classes in this SOP class fall under this rule, one per distinct name value, because the census keys a class on the normalised message text and the value sits inside it."
dciodvfy,63220c93a13f,Warning - Value dubious for this VR - (TAG) PN Patient's Name PN [1] = <LUNG1-363> - Retired Person Name form,Warning,2,PLAUSIBILITY,RETIRED_PN,"not applicable, no requirement is cited by the message",not applicable,,"Named in the rubric as a plausibility heuristic. The message is about the shape of a PN value, a single component with no caret delimiters, which PS3.5 Table 6.2-1 permits for VR PN. No Type and no condition is asserted, and dciodvfy emits it at Warning severity with the word dubious. 1,209 of the 1,224 message classes in this SOP class fall under this rule, one per distinct name value, because the census keys a class on the normalised message text and the value sits inside it."
dciodvfy,633d0e8db358,Warning - Value dubious for this VR - (TAG) PN Patient's Name PN [1] = <Lung_Dx-B0003> - Retired Person Name form,Warning,2,PLAUSIBILITY,RETIRED_PN,"not applicable, no requirement is cited by the message",not applicable,,"Named in the rubric as a plausibility heuristic. The message is about the shape of a PN value, a single component with no caret delimiters, which PS3.5 Table 6.2-1 permits for VR PN. No Type and no condition is asserted, and dciodvfy emits it at Warning severity with the word dubious. 1,209 of the 1,224 message classes in this SOP class fall under this rule, one per distinct name value, because the census keys a class on the normalised message text and the value sits inside it."
dciodvfy,63e50a74675c,Warning - Value dubious for this VR - (TAG) PN Patient's Name PN [1] = <LUNG1-280> - Retired Person Name form,Warning,2,PLAUSIBILITY,RETIRED_PN,"not applicable, no requirement is cited by the message",not applicable,,"Named in the rubric as a plausibility heuristic. The message is about the shape of a PN value, a single component with no caret delimiters, which PS3.5 Table 6.2-1 permits for VR PN. No Type and no condition is asserted, and dciodvfy emits it at Warning severity with the word dubious. 1,209 of the 1,224 message classes in this SOP class fall under this rule, one per distinct name value, because the census keys a class on the normalised message text and the value sits inside it."
dciodvfy,6655b82dd2ef,Warning - Value dubious for this VR - (TAG) PN Patient's Name PN [1] = <LUNG1-181> - Retired Person Name form,Warning,2,PLAUSIBILITY,RETIRED_PN,"not applicable, no requirement is cited by the message",not applicable,,"Named in the rubric as a plausibility heuristic. The message is about the shape of a PN value, a single component with no caret delimiters, which PS3.5 Table 6.2-1 permits for VR PN. No Type and no condition is asserted, and dciodvfy emits it at Warning severity with the word dubious. 1,209 of the 1,224 message classes in this SOP class fall under this rule, one per distinct name value, because the census keys a class on the normalised message text and the value sits inside it."
dciodvfy,668391f99d51,Warning - Value dubious for this VR - (TAG) PN Patient's Name PN [1] = <LUNG1-104> - Retired Person Name form,Warning,2,PLAUSIBILITY,RETIRED_PN,"not applicable, no requirement is cited by the message",not applicable,,"Named in the rubric as a plausibility heuristic. The message is about the shape of a PN value, a single component with no caret delimiters, which PS3.5 Table 6.2-1 permits for VR PN. No Type and no condition is asserted, and dciodvfy emits it at Warning severity with the word dubious. 1,209 of the 1,224 message classes in this SOP class fall under this rule, one per distinct name value, because the census keys a class on the normalised message text and the value sits inside it."
dciodvfy,6730e86862c5,Warning - Value dubious for this VR - (TAG) PN Patient's Name PN [1] = <Lung_Dx-B0001> - Retired Person Name form,Warning,2,PLAUSIBILITY,RETIRED_PN,"not applicable, no requirement is cited by the message",not applicable,,"Named in the rubric as a plausibility heuristic. The message is about the shape of a PN value, a single component with no caret delimiters, which PS3.5 Table 6.2-1 permits for VR PN. No Type and no condition is asserted, and dciodvfy emits it at Warning severity with the word dubious. 1,209 of the 1,224 message classes in this SOP class fall under this rule, one per distinct name value, because the census keys a class on the normalised message text and the value sits inside it."
dciodvfy,67c9d7027777,Warning - Value dubious for this VR - (TAG) PN Patient's Name PN [1] = <LUNG1-192> - Retired Person Name form,Warning,2,PLAUSIBILITY,RETIRED_PN,"not applicable, no requirement is cited by the message",not applicable,,"Named in the rubric as a plausibility heuristic. The message is about the shape of a PN value, a single component with no caret delimiters, which PS3.5 Table 6.2-1 permits for VR PN. No Type and no condition is asserted, and dciodvfy emits it at Warning severity with the word dubious. 1,209 of the 1,224 message classes in this SOP class fall under this rule, one per distinct name value, because the census keys a class on the normalised message text and the value sits inside it."
dciodvfy,6841130d2aa9,Warning - Value dubious for this VR - (TAG) PN Patient's Name PN [1] = <LUNG1-379> - Retired Person Name form,Warning,2,PLAUSIBILITY,RETIRED_PN,"not applicable, no requirement is cited by the message",not applicable,,"Named in the rubric as a plausibility heuristic. The message is about the shape of a PN value, a single component with no caret delimiters, which PS3.5 Table 6.2-1 permits for VR PN. No Type and no condition is asserted, and dciodvfy emits it at Warning severity with the word dubious. 1,209 of the 1,224 message classes in this SOP class fall under this rule, one per distinct name value, because the census keys a class on the normalised message text and the value sits inside it."
dciodvfy,68e942f57705,Warning - Value dubious for this VR - (TAG) PN Patient's Name PN [1] = <LUNG1-409> - Retired Person Name form,Warning,2,PLAUSIBILITY,RETIRED_PN,"not applicable, no requirement is cited by the message",not applicable,,"Named in the rubric as a plausibility heuristic. The message is about the shape of a PN value, a single component with no caret delimiters, which PS3.5 Table 6.2-1 permits for VR PN. No Type and no condition is asserted, and dciodvfy emits it at Warning severity with the word dubious. 1,209 of the 1,224 message classes in this SOP class fall under this rule, one per distinct name value, because the census keys a class on the normalised message text and the value sits inside it."
dciodvfy,6a0679aa96a4,Warning - Value dubious for this VR - (TAG) PN Patient's Name PN [1] = <LUNG1-076> - Retired Person Name form,Warning,2,PLAUSIBILITY,RETIRED_PN,"not applicable, no requirement is cited by the message",not applicable,,"Named in the rubric as a plausibility heuristic. The message is about the shape of a PN value, a single component with no caret delimiters, which PS3.5 Table 6.2-1 permits for VR PN. No Type and no condition is asserted, and dciodvfy emits it at Warning severity with the word dubious. 1,209 of the 1,224 message classes in this SOP class fall under this rule, one per distinct name value, because the census keys a class on the normalised message text and the value sits inside it."
dciodvfy,6b020119f1e1,Warning - Value dubious for this VR - (TAG) PN Patient's Name PN [1] = <LUNG1-141> - Retired Person Name form,Warning,2,PLAUSIBILITY,RETIRED_PN,"not applicable, no requirement is cited by the message",not applicable,,"Named in the rubric as a plausibility heuristic. The message is about the shape of a PN value, a single component with no caret delimiters, which PS3.5 Table 6.2-1 permits for VR PN. No Type and no condition is asserted, and dciodvfy emits it at Warning severity with the word dubious. 1,209 of the 1,224 message classes in this SOP class fall under this rule, one per distinct name value, because the census keys a class on the normalised message text and the value sits inside it."
dciodvfy,6bb9ecd323e2,Warning - Value dubious for this VR - (TAG) PN Patient's Name PN [1] = <Lung_Dx-A0102> - Retired Person Name form,Warning,2,PLAUSIBILITY,RETIRED_PN,"not applicable, no requirement is cited by the message",not applicable,,"Named in the rubric as a plausibility heuristic. The message is about the shape of a PN value, a single component with no caret delimiters, which PS3.5 Table 6.2-1 permits for VR PN. No Type and no condition is asserted, and dciodvfy emits it at Warning severity with the word dubious. 1,209 of the 1,224 message classes in this SOP class fall under this rule, one per distinct name value, because the census keys a class on the normalised message text and the value sits inside it."
dciodvfy,6c5ea4fea992,Warning - Value dubious for this VR - (TAG) PN Patient's Name PN [1] = <LUNG1-333> - Retired Person Name form,Warning,2,PLAUSIBILITY,RETIRED_PN,"not applicable, no requirement is cited by the message",not applicable,,"Named in the rubric as a plausibility heuristic. The message is about the shape of a PN value, a single component with no caret delimiters, which PS3.5 Table 6.2-1 permits for VR PN. No Type and no condition is asserted, and dciodvfy emits it at Warning severity with the word dubious. 1,209 of the 1,224 message classes in this SOP class fall under this rule, one per distinct name value, because the census keys a class on the normalised message text and the value sits inside it."
dciodvfy,6c7eaedc2e08,Warning - Value dubious for this VR - (TAG) PN Patient's Name PN [1] = <Lung_Dx-A0130> - Retired Person Name form,Warning,2,PLAUSIBILITY,RETIRED_PN,"not applicable, no requirement is cited by the message",not applicable,,"Named in the rubric as a plausibility heuristic. The message is about the shape of a PN value, a single component with no caret delimiters, which PS3.5 Table 6.2-1 permits for VR PN. No Type and no condition is asserted, and dciodvfy emits it at Warning severity with the word dubious. 1,209 of the 1,224 message classes in this SOP class fall under this rule, one per distinct name value, because the census keys a class on the normalised message text and the value sits inside it."
dciodvfy,6d3fbb4a71d0,Warning - Value dubious for this VR - (TAG) PN Patient's Name PN [1] = <LUNG1-410> - Retired Person Name form,Warning,2,PLAUSIBILITY,RETIRED_PN,"not applicable, no requirement is cited by the message",not applicable,,"Named in the rubric as a plausibility heuristic. The message is about the shape of a PN value, a single component with no caret delimiters, which PS3.5 Table 6.2-1 permits for VR PN. No Type and no condition is asserted, and dciodvfy emits it at Warning severity with the word dubious. 1,209 of the 1,224 message classes in this SOP class fall under this rule, one per distinct name value, because the census keys a class on the normalised message text and the value sits inside it."
dciodvfy,6d5025c53264,Warning - Value dubious for this VR - (TAG) PN Patient's Name PN [1] = <LUNG1-114> - Retired Person Name form,Warning,2,PLAUSIBILITY,RETIRED_PN,"not applicable, no requirement is cited by the message",not applicable,,"Named in the rubric as a plausibility heuristic. The message is about the shape of a PN value, a single component with no caret delimiters, which PS3.5 Table 6.2-1 permits for VR PN. No Type and no condition is asserted, and dciodvfy emits it at Warning severity with the word dubious. 1,209 of the 1,224 message classes in this SOP class fall under this rule, one per distinct name value, because the census keys a class on the normalised message text and the value sits inside it."
dciodvfy,6d61615bda94,Warning - Value dubious for this VR - (TAG) PN Patient's Name PN [1] = <LUNG1-304> - Retired Person Name form,Warning,2,PLAUSIBILITY,RETIRED_PN,"not applicable, no requirement is cited by the message",not applicable,,"Named in the rubric as a plausibility heuristic. The message is about the shape of a PN value, a single component with no caret delimiters, which PS3.5 Table 6.2-1 permits for VR PN. No Type and no condition is asserted, and dciodvfy emits it at Warning severity with the word dubious. 1,209 of the 1,224 message classes in this SOP class fall under this rule, one per distinct name value, because the census keys a class on the normalised message text and the value sits inside it."
dciodvfy,6e02069b9528,Warning - Value dubious for this VR - (TAG) PN Patient's Name PN [1] = <LUNG1-205> - Retired Person Name form,Warning,2,PLAUSIBILITY,RETIRED_PN,"not applicable, no requirement is cited by the message",not applicable,,"Named in the rubric as a plausibility heuristic. The message is about the shape of a PN value, a single component with no caret delimiters, which PS3.5 Table 6.2-1 permits for VR PN. No Type and no condition is asserted, and dciodvfy emits it at Warning severity with the word dubious. 1,209 of the 1,224 message classes in this SOP class fall under this rule, one per distinct name value, because the census keys a class on the normalised message text and the value sits inside it."
dciodvfy,6e0b2d3b3cf4,Warning - Value dubious for this VR - (TAG) PN Patient's Name PN [1] = <LUNG1-368> - Retired Person Name form,Warning,2,PLAUSIBILITY,RETIRED_PN,"not applicable, no requirement is cited by the message",not applicable,,"Named in the rubric as a plausibility heuristic. The message is about the shape of a PN value, a single component with no caret delimiters, which PS3.5 Table 6.2-1 permits for VR PN. No Type and no condition is asserted, and dciodvfy emits it at Warning severity with the word dubious. 1,209 of the 1,224 message classes in this SOP class fall under this rule, one per distinct name value, because the census keys a class on the normalised message text and the value sits inside it."
dciodvfy,6e11c4d3e2f5,Warning - Value dubious for this VR - (TAG) PN Patient's Name PN [1] = <LUNG1-282> - Retired Person Name form,Warning,2,PLAUSIBILITY,RETIRED_PN,"not applicable, no requirement is cited by the message",not applicable,,"Named in the rubric as a plausibility heuristic. The message is about the shape of a PN value, a single component with no caret delimiters, which PS3.5 Table 6.2-1 permits for VR PN. No Type and no condition is asserted, and dciodvfy emits it at Warning severity with the word dubious. 1,209 of the 1,224 message classes in this SOP class fall under this rule, one per distinct name value, because the census keys a class on the normalised message text and the value sits inside it."
dciodvfy,6e1c994f3da6,Warning - Value dubious for this VR - (TAG) PN Patient's Name PN [1] = <LUNG1-040> - Retired Person Name form,Warning,2,PLAUSIBILITY,RETIRED_PN,"not applicable, no requirement is cited by the message",not applicable,,"Named in the rubric as a plausibility heuristic. The message is about the shape of a PN value, a single component with no caret delimiters, which PS3.5 Table 6.2-1 permits for VR PN. No Type and no condition is asserted, and dciodvfy emits it at Warning severity with the word dubious. 1,209 of the 1,224 message classes in this SOP class fall under this rule, one per distinct name value, because the census keys a class on the normalised message text and the value sits inside it."
dciodvfy,6f39361a2020,Warning - Value dubious for this VR - (TAG) PN Patient's Name PN [1] = <LUNG1-055> - Retired Person Name form,Warning,2,PLAUSIBILITY,RETIRED_PN,"not applicable, no requirement is cited by the message",not applicable,,"Named in the rubric as a plausibility heuristic. The message is about the shape of a PN value, a single component with no caret delimiters, which PS3.5 Table 6.2-1 permits for VR PN. No Type and no condition is asserted, and dciodvfy emits it at Warning severity with the word dubious. 1,209 of the 1,224 message classes in this SOP class fall under this rule, one per distinct name value, because the census keys a class on the normalised message text and the value sits inside it."
dciodvfy,6f5631c35826,Warning - Value dubious for this VR - (TAG) PN Patient's Name PN [1] = <LUNG1-167> - Retired Person Name form,Warning,2,PLAUSIBILITY,RETIRED_PN,"not applicable, no requirement is cited by the message",not applicable,,"Named in the rubric as a plausibility heuristic. The message is about the shape of a PN value, a single component with no caret delimiters, which PS3.5 Table 6.2-1 permits for VR PN. No Type and no condition is asserted, and dciodvfy emits it at Warning severity with the word dubious. 1,209 of the 1,224 message classes in this SOP class fall under this rule, one per distinct name value, because the census keys a class on the normalised message text and the value sits inside it."
dciodvfy,6f7082c9519a,Error - Bad Sequence number of Items 0 (1-n Required by Module definition) Element=<ProcedureCodeSequence> Module=<GeneralStudy>,Error,2,NET,PROC_CODE_SEQ_ZERO_ITEMS,PS3.3 Section C.7.2.1 General Study Module; Type 3 semantics in PS3.5 Section 7.4.5,"PS3.3 Table C.7-3 General Study Module Attributes, row Procedure Code Sequence (0008,1032) Type 3","PS3.3 Table C.7-3, row ""Procedure Code Sequence"", tag (0008,1032), Type 3: ""A Sequence that conveys the type of procedure performed. One or more Items are permitted in this Sequence."" PS3.5 Section 7.4.5 Type 3 Optional Data Elements, in full: ""IODs and SOP Classes define Type 3 Data Elements that are optional Data Elements. Absence of a Type 3 Data Element from a Data Set does not convey any significance and is not a protocol violation. Type 3 Data Elements may also be encoded with zero length and no Value, except for SQ Data Elements, which shall not be present with zero Items. The meaning of a zero length Type 3 Data Element shall be precisely the same as that Data Element being absent from the Data Set.""","The Attribute Description in Table C.7-3 is permissive and says Items are permitted rather than required, so dciodvfy's phrase 1-n Required by Module definition is not what the module definition says. The prohibition that carries this class is elsewhere and is exact: PS3.5 Section 7.4.5 states that SQ Data Elements shall not be present with zero Items. Recorded as NET and flagged off-part, because the rubric scopes NET citations to PS3.3, PS3.4 and PS3.16 and the operative shall is in PS3.5. Every triple in the report is also given with this rule demoted to UNDECIDABLE. Two objects."
dciodvfy,6f947d959541,Warning - Value dubious for this VR - (TAG) PN Patient's Name PN [1] = <Lung_Dx-G0019> - Retired Person Name form,Warning,2,PLAUSIBILITY,RETIRED_PN,"not applicable, no requirement is cited by the message",not applicable,,"Named in the rubric as a plausibility heuristic. The message is about the shape of a PN value, a single component with no caret delimiters, which PS3.5 Table 6.2-1 permits for VR PN. No Type and no condition is asserted, and dciodvfy emits it at Warning severity with the word dubious. 1,209 of the 1,224 message classes in this SOP class fall under this rule, one per distinct name value, because the census keys a class on the normalised message text and the value sits inside it."
dciodvfy,704db5c386f9,Warning - Value dubious for this VR - (TAG) PN Patient's Name PN [1] = <LUNG1-024> - Retired Person Name form,Warning,2,PLAUSIBILITY,RETIRED_PN,"not applicable, no requirement is cited by the message",not applicable,,"Named in the rubric as a plausibility heuristic. The message is about the shape of a PN value, a single component with no caret delimiters, which PS3.5 Table 6.2-1 permits for VR PN. No Type and no condition is asserted, and dciodvfy emits it at Warning severity with the word dubious. 1,209 of the 1,224 message classes in this SOP class fall under this rule, one per distinct name value, because the census keys a class on the normalised message text and the value sits inside it."
dciodvfy,706250fa5b62,Warning - Value dubious for this VR - (TAG) PN Patient's Name PN [1] = <LUNG1-401> - Retired Person Name form,Warning,2,PLAUSIBILITY,RETIRED_PN,"not applicable, no requirement is cited by the message",not applicable,,"Named in the rubric as a plausibility heuristic. The message is about the shape of a PN value, a single component with no caret delimiters, which PS3.5 Table 6.2-1 permits for VR PN. No Type and no condition is asserted, and dciodvfy emits it at Warning severity with the word dubious. 1,209 of the 1,224 message classes in this SOP class fall under this rule, one per distinct name value, because the census keys a class on the normalised message text and the value sits inside it."
dciodvfy,7068f4811797,Warning - Value dubious for this VR - (TAG) PN Patient's Name PN [1] = <Lung_Dx-B0016> - Retired Person Name form,Warning,2,PLAUSIBILITY,RETIRED_PN,"not applicable, no requirement is cited by the message",not applicable,,"Named in the rubric as a plausibility heuristic. The message is about the shape of a PN value, a single component with no caret delimiters, which PS3.5 Table 6.2-1 permits for VR PN. No Type and no condition is asserted, and dciodvfy emits it at Warning severity with the word dubious. 1,209 of the 1,224 message classes in this SOP class fall under this rule, one per distinct name value, because the census keys a class on the normalised message text and the value sits inside it."
dciodvfy,710b312eb90b,Warning - Value dubious for this VR - (TAG) PN Patient's Name PN [1] = <LUNG1-317> - Retired Person Name form,Warning,2,PLAUSIBILITY,RETIRED_PN,"not applicable, no requirement is cited by the message",not applicable,,"Named in the rubric as a plausibility heuristic. The message is about the shape of a PN value, a single component with no caret delimiters, which PS3.5 Table 6.2-1 permits for VR PN. No Type and no condition is asserted, and dciodvfy emits it at Warning severity with the word dubious. 1,209 of the 1,224 message classes in this SOP class fall under this rule, one per distinct name value, because the census keys a class on the normalised message text and the value sits inside it."
dciodvfy,71154637b937,Warning - Value dubious for this VR - (TAG) PN Patient's Name PN [1] = <Lung_Dx-G0028> - Retired Person Name form,Warning,2,PLAUSIBILITY,RETIRED_PN,"not applicable, no requirement is cited by the message",not applicable,,"Named in the rubric as a plausibility heuristic. The message is about the shape of a PN value, a single component with no caret delimiters, which PS3.5 Table 6.2-1 permits for VR PN. No Type and no condition is asserted, and dciodvfy emits it at Warning severity with the word dubious. 1,209 of the 1,224 message classes in this SOP class fall under this rule, one per distinct name value, because the census keys a class on the normalised message text and the value sits inside it."
dciodvfy,71b83206be4e,Warning - Value dubious for this VR - (TAG) PN Patient's Name PN [1] = <Lung_Dx-A0092> - Retired Person Name form,Warning,2,PLAUSIBILITY,RETIRED_PN,"not applicable, no requirement is cited by the message",not applicable,,"Named in the rubric as a plausibility heuristic. The message is about the shape of a PN value, a single component with no caret delimiters, which PS3.5 Table 6.2-1 permits for VR PN. No Type and no condition is asserted, and dciodvfy emits it at Warning severity with the word dubious. 1,209 of the 1,224 message classes in this SOP class fall under this rule, one per distinct name value, because the census keys a class on the normalised message text and the value sits inside it."
dciodvfy,71d9deb969c5,Warning - Value dubious for this VR - (TAG) PN Patient's Name PN [1] = <LUNG1-100> - Retired Person Name form,Warning,2,PLAUSIBILITY,RETIRED_PN,"not applicable, no requirement is cited by the message",not applicable,,"Named in the rubric as a plausibility heuristic. The message is about the shape of a PN value, a single component with no caret delimiters, which PS3.5 Table 6.2-1 permits for VR PN. No Type and no condition is asserted, and dciodvfy emits it at Warning severity with the word dubious. 1,209 of the 1,224 message classes in this SOP class fall under this rule, one per distinct name value, because the census keys a class on the normalised message text and the value sits inside it."
dciodvfy,732503d7d95e,Warning - Value dubious for this VR - (TAG) PN Patient's Name PN [1] = <LUNG1-126> - Retired Person Name form,Warning,2,PLAUSIBILITY,RETIRED_PN,"not applicable, no requirement is cited by the message",not applicable,,"Named in the rubric as a plausibility heuristic. The message is about the shape of a PN value, a single component with no caret delimiters, which PS3.5 Table 6.2-1 permits for VR PN. No Type and no condition is asserted, and dciodvfy emits it at Warning severity with the word dubious. 1,209 of the 1,224 message classes in this SOP class fall under this rule, one per distinct name value, because the census keys a class on the normalised message text and the value sits inside it."
dciodvfy,7336adeb1a63,Warning - Value dubious for this VR - (TAG) PN Patient's Name PN [1] = <Lung_Dx-A0039> - Retired Person Name form,Warning,2,PLAUSIBILITY,RETIRED_PN,"not applicable, no requirement is cited by the message",not applicable,,"Named in the rubric as a plausibility heuristic. The message is about the shape of a PN value, a single component with no caret delimiters, which PS3.5 Table 6.2-1 permits for VR PN. No Type and no condition is asserted, and dciodvfy emits it at Warning severity with the word dubious. 1,209 of the 1,224 message classes in this SOP class fall under this rule, one per distinct name value, because the census keys a class on the normalised message text and the value sits inside it."
dciodvfy,735c94d185db,Warning - Value dubious for this VR - (TAG) PN Patient's Name PN [1] = <LUNG1-177> - Retired Person Name form,Warning,2,PLAUSIBILITY,RETIRED_PN,"not applicable, no requirement is cited by the message",not applicable,,"Named in the rubric as a plausibility heuristic. The message is about the shape of a PN value, a single component with no caret delimiters, which PS3.5 Table 6.2-1 permits for VR PN. No Type and no condition is asserted, and dciodvfy emits it at Warning severity with the word dubious. 1,209 of the 1,224 message classes in this SOP class fall under this rule, one per distinct name value, because the census keys a class on the normalised message text and the value sits inside it."
dciodvfy,73b48369b02d,Warning - Value dubious for this VR - (TAG) PN Patient's Name PN [1] = <Lung_Dx-A0036> - Retired Person Name form,Warning,2,PLAUSIBILITY,RETIRED_PN,"not applicable, no requirement is cited by the message",not applicable,,"Named in the rubric as a plausibility heuristic. The message is about the shape of a PN value, a single component with no caret delimiters, which PS3.5 Table 6.2-1 permits for VR PN. No Type and no condition is asserted, and dciodvfy emits it at Warning severity with the word dubious. 1,209 of the 1,224 message classes in this SOP class fall under this rule, one per distinct name value, because the census keys a class on the normalised message text and the value sits inside it."
dciodvfy,741fe205dd95,Warning - Value dubious for this VR - (TAG) PN Patient's Name PN [1] = <LUNG1-045> - Retired Person Name form,Warning,2,PLAUSIBILITY,RETIRED_PN,"not applicable, no requirement is cited by the message",not applicable,,"Named in the rubric as a plausibility heuristic. The message is about the shape of a PN value, a single component with no caret delimiters, which PS3.5 Table 6.2-1 permits for VR PN. No Type and no condition is asserted, and dciodvfy emits it at Warning severity with the word dubious. 1,209 of the 1,224 message classes in this SOP class fall under this rule, one per distinct name value, because the census keys a class on the normalised message text and the value sits inside it."
dciodvfy,7463b45bc5cc,Warning - Value dubious for this VR - (TAG) PN Patient's Name PN [1] = <Lung_Dx-A0054> - Retired Person Name form,Warning,2,PLAUSIBILITY,RETIRED_PN,"not applicable, no requirement is cited by the message",not applicable,,"Named in the rubric as a plausibility heuristic. The message is about the shape of a PN value, a single component with no caret delimiters, which PS3.5 Table 6.2-1 permits for VR PN. No Type and no condition is asserted, and dciodvfy emits it at Warning severity with the word dubious. 1,209 of the 1,224 message classes in this SOP class fall under this rule, one per distinct name value, because the census keys a class on the normalised message text and the value sits inside it."
dciodvfy,74bc81200a6e,Warning - Value dubious for this VR - (TAG) PN Patient's Name PN [1] = <LUNG1-414> - Retired Person Name form,Warning,2,PLAUSIBILITY,RETIRED_PN,"not applicable, no requirement is cited by the message",not applicable,,"Named in the rubric as a plausibility heuristic. The message is about the shape of a PN value, a single component with no caret delimiters, which PS3.5 Table 6.2-1 permits for VR PN. No Type and no condition is asserted, and dciodvfy emits it at Warning severity with the word dubious. 1,209 of the 1,224 message classes in this SOP class fall under this rule, one per distinct name value, because the census keys a class on the normalised message text and the value sits inside it."
dciodvfy,74c5a44651f0,Warning - Value dubious for this VR - (TAG) PN Patient's Name PN [1] = <Lung_Dx-A0086> - Retired Person Name form,Warning,2,PLAUSIBILITY,RETIRED_PN,"not applicable, no requirement is cited by the message",not applicable,,"Named in the rubric as a plausibility heuristic. The message is about the shape of a PN value, a single component with no caret delimiters, which PS3.5 Table 6.2-1 permits for VR PN. No Type and no condition is asserted, and dciodvfy emits it at Warning severity with the word dubious. 1,209 of the 1,224 message classes in this SOP class fall under this rule, one per distinct name value, because the census keys a class on the normalised message text and the value sits inside it."
dciodvfy,7576c88dfdd8,Warning - Value dubious for this VR - (TAG) PN Patient's Name PN [1] = <Lung_Dx-A0144> - Retired Person Name form,Warning,2,PLAUSIBILITY,RETIRED_PN,"not applicable, no requirement is cited by the message",not applicable,,"Named in the rubric as a plausibility heuristic. The message is about the shape of a PN value, a single component with no caret delimiters, which PS3.5 Table 6.2-1 permits for VR PN. No Type and no condition is asserted, and dciodvfy emits it at Warning severity with the word dubious. 1,209 of the 1,224 message classes in this SOP class fall under this rule, one per distinct name value, because the census keys a class on the normalised message text and the value sits inside it."
dciodvfy,75cdccbff409,Warning - Value dubious for this VR - (TAG) PN Patient's Name PN [1] = <Lung_Dx-G0015> - Retired Person Name form,Warning,2,PLAUSIBILITY,RETIRED_PN,"not applicable, no requirement is cited by the message",not applicable,,"Named in the rubric as a plausibility heuristic. The message is about the shape of a PN value, a single component with no caret delimiters, which PS3.5 Table 6.2-1 permits for VR PN. No Type and no condition is asserted, and dciodvfy emits it at Warning severity with the word dubious. 1,209 of the 1,224 message classes in this SOP class fall under this rule, one per distinct name value, because the census keys a class on the normalised message text and the value sits inside it."
dciodvfy,75f10a91af9b,Warning - Value dubious for this VR - (TAG) PN Patient's Name PN [1] = <LUNG1-225> - Retired Person Name form,Warning,2,PLAUSIBILITY,RETIRED_PN,"not applicable, no requirement is cited by the message",not applicable,,"Named in the rubric as a plausibility heuristic. The message is about the shape of a PN value, a single component with no caret delimiters, which PS3.5 Table 6.2-1 permits for VR PN. No Type and no condition is asserted, and dciodvfy emits it at Warning severity with the word dubious. 1,209 of the 1,224 message classes in this SOP class fall under this rule, one per distinct name value, because the census keys a class on the normalised message text and the value sits inside it."
dciodvfy,75f678b06f6b,Warning - Value dubious for this VR - (TAG) PN Patient's Name PN [1] = <LUNG1-406> - Retired Person Name form,Warning,2,PLAUSIBILITY,RETIRED_PN,"not applicable, no requirement is cited by the message",not applicable,,"Named in the rubric as a plausibility heuristic. The message is about the shape of a PN value, a single component with no caret delimiters, which PS3.5 Table 6.2-1 permits for VR PN. No Type and no condition is asserted, and dciodvfy emits it at Warning severity with the word dubious. 1,209 of the 1,224 message classes in this SOP class fall under this rule, one per distinct name value, because the census keys a class on the normalised message text and the value sits inside it."
dciodvfy,77171aeedefb,Warning - Value dubious for this VR - (TAG) PN Patient's Name PN [1] = <LUNG1-392> - Retired Person Name form,Warning,2,PLAUSIBILITY,RETIRED_PN,"not applicable, no requirement is cited by the message",not applicable,,"Named in the rubric as a plausibility heuristic. The message is about the shape of a PN value, a single component with no caret delimiters, which PS3.5 Table 6.2-1 permits for VR PN. No Type and no condition is asserted, and dciodvfy emits it at Warning severity with the word dubious. 1,209 of the 1,224 message classes in this SOP class fall under this rule, one per distinct name value, because the census keys a class on the normalised message text and the value sits inside it."
dciodvfy,779d25c94660,Warning - Value dubious for this VR - (TAG) PN Patient's Name PN [1] = <LUNG1-171> - Retired Person Name form,Warning,2,PLAUSIBILITY,RETIRED_PN,"not applicable, no requirement is cited by the message",not applicable,,"Named in the rubric as a plausibility heuristic. The message is about the shape of a PN value, a single component with no caret delimiters, which PS3.5 Table 6.2-1 permits for VR PN. No Type and no condition is asserted, and dciodvfy emits it at Warning severity with the word dubious. 1,209 of the 1,224 message classes in this SOP class fall under this rule, one per distinct name value, because the census keys a class on the normalised message text and the value sits inside it."
dciodvfy,785aa43c1995,Warning - Value dubious for this VR - (TAG) PN Patient's Name PN [1] = <LUNG1-097> - Retired Person Name form,Warning,2,PLAUSIBILITY,RETIRED_PN,"not applicable, no requirement is cited by the message",not applicable,,"Named in the rubric as a plausibility heuristic. The message is about the shape of a PN value, a single component with no caret delimiters, which PS3.5 Table 6.2-1 permits for VR PN. No Type and no condition is asserted, and dciodvfy emits it at Warning severity with the word dubious. 1,209 of the 1,224 message classes in this SOP class fall under this rule, one per distinct name value, because the census keys a class on the normalised message text and the value sits inside it."
dciodvfy,78703cec3823,Warning - Value dubious for this VR - (TAG) PN Patient's Name PN [1] = <Lung_Dx-A0001> - Retired Person Name form,Warning,2,PLAUSIBILITY,RETIRED_PN,"not applicable, no requirement is cited by the message",not applicable,,"Named in the rubric as a plausibility heuristic. The message is about the shape of a PN value, a single component with no caret delimiters, which PS3.5 Table 6.2-1 permits for VR PN. No Type and no condition is asserted, and dciodvfy emits it at Warning severity with the word dubious. 1,209 of the 1,224 message classes in this SOP class fall under this rule, one per distinct name value, because the census keys a class on the normalised message text and the value sits inside it."
dciodvfy,7a200f9d8666,Warning - Value dubious for this VR - (TAG) PN Patient's Name PN [1] = <LUNG1-240> - Retired Person Name form,Warning,2,PLAUSIBILITY,RETIRED_PN,"not applicable, no requirement is cited by the message",not applicable,,"Named in the rubric as a plausibility heuristic. The message is about the shape of a PN value, a single component with no caret delimiters, which PS3.5 Table 6.2-1 permits for VR PN. No Type and no condition is asserted, and dciodvfy emits it at Warning severity with the word dubious. 1,209 of the 1,224 message classes in this SOP class fall under this rule, one per distinct name value, because the census keys a class on the normalised message text and the value sits inside it."
dciodvfy,7a6116b838f7,Warning - Value dubious for this VR - (TAG) PN Patient's Name PN [1] = <LUNG1-038> - Retired Person Name form,Warning,2,PLAUSIBILITY,RETIRED_PN,"not applicable, no requirement is cited by the message",not applicable,,"Named in the rubric as a plausibility heuristic. The message is about the shape of a PN value, a single component with no caret delimiters, which PS3.5 Table 6.2-1 permits for VR PN. No Type and no condition is asserted, and dciodvfy emits it at Warning severity with the word dubious. 1,209 of the 1,224 message classes in this SOP class fall under this rule, one per distinct name value, because the census keys a class on the normalised message text and the value sits inside it."
dciodvfy,7a864259444c,Warning - Value dubious for this VR - (TAG) PN Patient's Name PN [1] = <LUNG1-281> - Retired Person Name form,Warning,2,PLAUSIBILITY,RETIRED_PN,"not applicable, no requirement is cited by the message",not applicable,,"Named in the rubric as a plausibility heuristic. The message is about the shape of a PN value, a single component with no caret delimiters, which PS3.5 Table 6.2-1 permits for VR PN. No Type and no condition is asserted, and dciodvfy emits it at Warning severity with the word dubious. 1,209 of the 1,224 message classes in this SOP class fall under this rule, one per distinct name value, because the census keys a class on the normalised message text and the value sits inside it."
dciodvfy,7b396eb64bdc,Warning - Value dubious for this VR - (TAG) PN Patient's Name PN [1] = <LUNG1-242> - Retired Person Name form,Warning,2,PLAUSIBILITY,RETIRED_PN,"not applicable, no requirement is cited by the message",not applicable,,"Named in the rubric as a plausibility heuristic. The message is about the shape of a PN value, a single component with no caret delimiters, which PS3.5 Table 6.2-1 permits for VR PN. No Type and no condition is asserted, and dciodvfy emits it at Warning severity with the word dubious. 1,209 of the 1,224 message classes in this SOP class fall under this rule, one per distinct name value, because the census keys a class on the normalised message text and the value sits inside it."
dciodvfy,7b9698b0a4c1,Warning - Value dubious for this VR - (TAG) PN Patient's Name PN [1] = <Lung_Dx-A0002> - Retired Person Name form,Warning,2,PLAUSIBILITY,RETIRED_PN,"not applicable, no requirement is cited by the message",not applicable,,"Named in the rubric as a plausibility heuristic. The message is about the shape of a PN value, a single component with no caret delimiters, which PS3.5 Table 6.2-1 permits for VR PN. No Type and no condition is asserted, and dciodvfy emits it at Warning severity with the word dubious. 1,209 of the 1,224 message classes in this SOP class fall under this rule, one per distinct name value, because the census keys a class on the normalised message text and the value sits inside it."
dciodvfy,7ba595f15ec0,Warning - Value dubious for this VR - (TAG) PN Patient's Name PN [1] = <LUNG1-348> - Retired Person Name form,Warning,2,PLAUSIBILITY,RETIRED_PN,"not applicable, no requirement is cited by the message",not applicable,,"Named in the rubric as a plausibility heuristic. The message is about the shape of a PN value, a single component with no caret delimiters, which PS3.5 Table 6.2-1 permits for VR PN. No Type and no condition is asserted, and dciodvfy emits it at Warning severity with the word dubious. 1,209 of the 1,224 message classes in this SOP class fall under this rule, one per distinct name value, because the census keys a class on the normalised message text and the value sits inside it."
dciodvfy,7baaf1ec69d9,Warning - Value dubious for this VR - (TAG) PN Patient's Name PN [1] = <LUNG1-299> - Retired Person Name form,Warning,2,PLAUSIBILITY,RETIRED_PN,"not applicable, no requirement is cited by the message",not applicable,,"Named in the rubric as a plausibility heuristic. The message is about the shape of a PN value, a single component with no caret delimiters, which PS3.5 Table 6.2-1 permits for VR PN. No Type and no condition is asserted, and dciodvfy emits it at Warning severity with the word dubious. 1,209 of the 1,224 message classes in this SOP class fall under this rule, one per distinct name value, because the census keys a class on the normalised message text and the value sits inside it."
dciodvfy,7be8b5a50c4c,Warning - Value dubious for this VR - (TAG) PN Patient's Name PN [1] = <LUNG1-310> - Retired Person Name form,Warning,2,PLAUSIBILITY,RETIRED_PN,"not applicable, no requirement is cited by the message",not applicable,,"Named in the rubric as a plausibility heuristic. The message is about the shape of a PN value, a single component with no caret delimiters, which PS3.5 Table 6.2-1 permits for VR PN. No Type and no condition is asserted, and dciodvfy emits it at Warning severity with the word dubious. 1,209 of the 1,224 message classes in this SOP class fall under this rule, one per distinct name value, because the census keys a class on the normalised message text and the value sits inside it."
dciodvfy,7c242979e435,Warning - Value dubious for this VR - (TAG) PN Patient's Name PN [1] = <Lung_Dx-B0019> - Retired Person Name form,Warning,2,PLAUSIBILITY,RETIRED_PN,"not applicable, no requirement is cited by the message",not applicable,,"Named in the rubric as a plausibility heuristic. The message is about the shape of a PN value, a single component with no caret delimiters, which PS3.5 Table 6.2-1 permits for VR PN. No Type and no condition is asserted, and dciodvfy emits it at Warning severity with the word dubious. 1,209 of the 1,224 message classes in this SOP class fall under this rule, one per distinct name value, because the census keys a class on the normalised message text and the value sits inside it."
dciodvfy,7c41891b19e7,Warning - Value dubious for this VR - (TAG) PN Patient's Name PN [1] = <Lung_Dx-A0255> - Retired Person Name form,Warning,2,PLAUSIBILITY,RETIRED_PN,"not applicable, no requirement is cited by the message",not applicable,,"Named in the rubric as a plausibility heuristic. The message is about the shape of a PN value, a single component with no caret delimiters, which PS3.5 Table 6.2-1 permits for VR PN. No Type and no condition is asserted, and dciodvfy emits it at Warning severity with the word dubious. 1,209 of the 1,224 message classes in this SOP class fall under this rule, one per distinct name value, because the census keys a class on the normalised message text and the value sits inside it."
dciodvfy,7cb897a18634,Warning - Value dubious for this VR - (TAG) PN Patient's Name PN [1] = <Lung_Dx-A0055> - Retired Person Name form,Warning,2,PLAUSIBILITY,RETIRED_PN,"not applicable, no requirement is cited by the message",not applicable,,"Named in the rubric as a plausibility heuristic. The message is about the shape of a PN value, a single component with no caret delimiters, which PS3.5 Table 6.2-1 permits for VR PN. No Type and no condition is asserted, and dciodvfy emits it at Warning severity with the word dubious. 1,209 of the 1,224 message classes in this SOP class fall under this rule, one per distinct name value, because the census keys a class on the normalised message text and the value sits inside it."
dciodvfy,7cd4b9a1f10c,Warning - Value dubious for this VR - (TAG) PN Patient's Name PN [1] = <LUNG1-227> - Retired Person Name form,Warning,2,PLAUSIBILITY,RETIRED_PN,"not applicable, no requirement is cited by the message",not applicable,,"Named in the rubric as a plausibility heuristic. The message is about the shape of a PN value, a single component with no caret delimiters, which PS3.5 Table 6.2-1 permits for VR PN. No Type and no condition is asserted, and dciodvfy emits it at Warning severity with the word dubious. 1,209 of the 1,224 message classes in this SOP class fall under this rule, one per distinct name value, because the census keys a class on the normalised message text and the value sits inside it."
dciodvfy,7d3d756e59b7,Warning - Value dubious for this VR - (TAG) PN Patient's Name PN [1] = <Lung_Dx-B0024> - Retired Person Name form,Warning,2,PLAUSIBILITY,RETIRED_PN,"not applicable, no requirement is cited by the message",not applicable,,"Named in the rubric as a plausibility heuristic. The message is about the shape of a PN value, a single component with no caret delimiters, which PS3.5 Table 6.2-1 permits for VR PN. No Type and no condition is asserted, and dciodvfy emits it at Warning severity with the word dubious. 1,209 of the 1,224 message classes in this SOP class fall under this rule, one per distinct name value, because the census keys a class on the normalised message text and the value sits inside it."
dciodvfy,7d71f58d6cfa,Warning - Value dubious for this VR - (TAG) PN Patient's Name PN [1] = <LUNG1-373> - Retired Person Name form,Warning,2,PLAUSIBILITY,RETIRED_PN,"not applicable, no requirement is cited by the message",not applicable,,"Named in the rubric as a plausibility heuristic. The message is about the shape of a PN value, a single component with no caret delimiters, which PS3.5 Table 6.2-1 permits for VR PN. No Type and no condition is asserted, and dciodvfy emits it at Warning severity with the word dubious. 1,209 of the 1,224 message classes in this SOP class fall under this rule, one per distinct name value, because the census keys a class on the normalised message text and the value sits inside it."
dciodvfy,7d7b1082b3c2,Warning - Value dubious for this VR - (TAG) PN Patient's Name PN [1] = <LUNG1-418> - Retired Person Name form,Warning,2,PLAUSIBILITY,RETIRED_PN,"not applicable, no requirement is cited by the message",not applicable,,"Named in the rubric as a plausibility heuristic. The message is about the shape of a PN value, a single component with no caret delimiters, which PS3.5 Table 6.2-1 permits for VR PN. No Type and no condition is asserted, and dciodvfy emits it at Warning severity with the word dubious. 1,209 of the 1,224 message classes in this SOP class fall under this rule, one per distinct name value, because the census keys a class on the normalised message text and the value sits inside it."
dciodvfy,7ddd34b8aff2,Warning - Value dubious for this VR - (TAG) PN Patient's Name PN [1] = <LUNG1-268> - Retired Person Name form,Warning,2,PLAUSIBILITY,RETIRED_PN,"not applicable, no requirement is cited by the message",not applicable,,"Named in the rubric as a plausibility heuristic. The message is about the shape of a PN value, a single component with no caret delimiters, which PS3.5 Table 6.2-1 permits for VR PN. No Type and no condition is asserted, and dciodvfy emits it at Warning severity with the word dubious. 1,209 of the 1,224 message classes in this SOP class fall under this rule, one per distinct name value, because the census keys a class on the normalised message text and the value sits inside it."
dciodvfy,7de1f02abc9a,Warning - Value dubious for this VR - (TAG) PN Patient's Name PN [1] = <Lung_Dx-A0121> - Retired Person Name form,Warning,2,PLAUSIBILITY,RETIRED_PN,"not applicable, no requirement is cited by the message",not applicable,,"Named in the rubric as a plausibility heuristic. The message is about the shape of a PN value, a single component with no caret delimiters, which PS3.5 Table 6.2-1 permits for VR PN. No Type and no condition is asserted, and dciodvfy emits it at Warning severity with the word dubious. 1,209 of the 1,224 message classes in this SOP class fall under this rule, one per distinct name value, because the census keys a class on the normalised message text and the value sits inside it."
dciodvfy,7de75f9cf55e,Warning - Value dubious for this VR - (TAG) PN Patient's Name PN [1] = <LUNG1-403> - Retired Person Name form,Warning,2,PLAUSIBILITY,RETIRED_PN,"not applicable, no requirement is cited by the message",not applicable,,"Named in the rubric as a plausibility heuristic. The message is about the shape of a PN value, a single component with no caret delimiters, which PS3.5 Table 6.2-1 permits for VR PN. No Type and no condition is asserted, and dciodvfy emits it at Warning severity with the word dubious. 1,209 of the 1,224 message classes in this SOP class fall under this rule, one per distinct name value, because the census keys a class on the normalised message text and the value sits inside it."
dciodvfy,7dea960c7f7b,Warning - Value dubious for this VR - (TAG) PN Patient's Name PN [1] = <LUNG1-035> - Retired Person Name form,Warning,2,PLAUSIBILITY,RETIRED_PN,"not applicable, no requirement is cited by the message",not applicable,,"Named in the rubric as a plausibility heuristic. The message is about the shape of a PN value, a single component with no caret delimiters, which PS3.5 Table 6.2-1 permits for VR PN. No Type and no condition is asserted, and dciodvfy emits it at Warning severity with the word dubious. 1,209 of the 1,224 message classes in this SOP class fall under this rule, one per distinct name value, because the census keys a class on the normalised message text and the value sits inside it."
dciodvfy,7e9fc8d3e1a1,Warning - Value dubious for this VR - (TAG) PN Patient's Name PN [1] = <LUNG1-010> - Retired Person Name form,Warning,2,PLAUSIBILITY,RETIRED_PN,"not applicable, no requirement is cited by the message",not applicable,,"Named in the rubric as a plausibility heuristic. The message is about the shape of a PN value, a single component with no caret delimiters, which PS3.5 Table 6.2-1 permits for VR PN. No Type and no condition is asserted, and dciodvfy emits it at Warning severity with the word dubious. 1,209 of the 1,224 message classes in this SOP class fall under this rule, one per distinct name value, because the census keys a class on the normalised message text and the value sits inside it."
dciodvfy,7ec68c2547ce,Warning - Value dubious for this VR - (TAG) PN Patient's Name PN [1] = <LUNG1-314> - Retired Person Name form,Warning,2,PLAUSIBILITY,RETIRED_PN,"not applicable, no requirement is cited by the message",not applicable,,"Named in the rubric as a plausibility heuristic. The message is about the shape of a PN value, a single component with no caret delimiters, which PS3.5 Table 6.2-1 permits for VR PN. No Type and no condition is asserted, and dciodvfy emits it at Warning severity with the word dubious. 1,209 of the 1,224 message classes in this SOP class fall under this rule, one per distinct name value, because the census keys a class on the normalised message text and the value sits inside it."
dciodvfy,7ecaf97f9b18,Warning - Value dubious for this VR - (TAG) PN Patient's Name PN [1] = <Lung_Dx-A0089> - Retired Person Name form,Warning,2,PLAUSIBILITY,RETIRED_PN,"not applicable, no requirement is cited by the message",not applicable,,"Named in the rubric as a plausibility heuristic. The message is about the shape of a PN value, a single component with no caret delimiters, which PS3.5 Table 6.2-1 permits for VR PN. No Type and no condition is asserted, and dciodvfy emits it at Warning severity with the word dubious. 1,209 of the 1,224 message classes in this SOP class fall under this rule, one per distinct name value, because the census keys a class on the normalised message text and the value sits inside it."
dciodvfy,7f76f7699655,Warning - Value dubious for this VR - (TAG) PN Patient's Name PN [1] = <LUNG1-285> - Retired Person Name form,Warning,2,PLAUSIBILITY,RETIRED_PN,"not applicable, no requirement is cited by the message",not applicable,,"Named in the rubric as a plausibility heuristic. The message is about the shape of a PN value, a single component with no caret delimiters, which PS3.5 Table 6.2-1 permits for VR PN. No Type and no condition is asserted, and dciodvfy emits it at Warning severity with the word dubious. 1,209 of the 1,224 message classes in this SOP class fall under this rule, one per distinct name value, because the census keys a class on the normalised message text and the value sits inside it."
dciodvfy,7f99d1e27041,Warning - Value dubious for this VR - (TAG) PN Patient's Name PN [1] = <LUNG1-105> - Retired Person Name form,Warning,2,PLAUSIBILITY,RETIRED_PN,"not applicable, no requirement is cited by the message",not applicable,,"Named in the rubric as a plausibility heuristic. The message is about the shape of a PN value, a single component with no caret delimiters, which PS3.5 Table 6.2-1 permits for VR PN. No Type and no condition is asserted, and dciodvfy emits it at Warning severity with the word dubious. 1,209 of the 1,224 message classes in this SOP class fall under this rule, one per distinct name value, because the census keys a class on the normalised message text and the value sits inside it."
dciodvfy,7f9b61ed05bb,Warning - Value dubious for this VR - (TAG) PN Patient's Name PN [1] = <Lung_Dx-A0025> - Retired Person Name form,Warning,2,PLAUSIBILITY,RETIRED_PN,"not applicable, no requirement is cited by the message",not applicable,,"Named in the rubric as a plausibility heuristic. The message is about the shape of a PN value, a single component with no caret delimiters, which PS3.5 Table 6.2-1 permits for VR PN. No Type and no condition is asserted, and dciodvfy emits it at Warning severity with the word dubious. 1,209 of the 1,224 message classes in this SOP class fall under this rule, one per distinct name value, because the census keys a class on the normalised message text and the value sits inside it."
dciodvfy,7ff5e23dfde1,Warning - Value dubious for this VR - (TAG) PN Patient's Name PN [1] = <Lung_Dx-G0003> - Retired Person Name form,Warning,2,PLAUSIBILITY,RETIRED_PN,"not applicable, no requirement is cited by the message",not applicable,,"Named in the rubric as a plausibility heuristic. The message is about the shape of a PN value, a single component with no caret delimiters, which PS3.5 Table 6.2-1 permits for VR PN. No Type and no condition is asserted, and dciodvfy emits it at Warning severity with the word dubious. 1,209 of the 1,224 message classes in this SOP class fall under this rule, one per distinct name value, because the census keys a class on the normalised message text and the value sits inside it."
dciodvfy,801ac142dba2,Warning - Value dubious for this VR - (TAG) PN Patient's Name PN [1] = <LUNG1-161> - Retired Person Name form,Warning,2,PLAUSIBILITY,RETIRED_PN,"not applicable, no requirement is cited by the message",not applicable,,"Named in the rubric as a plausibility heuristic. The message is about the shape of a PN value, a single component with no caret delimiters, which PS3.5 Table 6.2-1 permits for VR PN. No Type and no condition is asserted, and dciodvfy emits it at Warning severity with the word dubious. 1,209 of the 1,224 message classes in this SOP class fall under this rule, one per distinct name value, because the census keys a class on the normalised message text and the value sits inside it."
dciodvfy,803ae1720955,Warning - Value dubious for this VR - (TAG) PN Patient's Name PN [1] = <LUNG1-061> - Retired Person Name form,Warning,2,PLAUSIBILITY,RETIRED_PN,"not applicable, no requirement is cited by the message",not applicable,,"Named in the rubric as a plausibility heuristic. The message is about the shape of a PN value, a single component with no caret delimiters, which PS3.5 Table 6.2-1 permits for VR PN. No Type and no condition is asserted, and dciodvfy emits it at Warning severity with the word dubious. 1,209 of the 1,224 message classes in this SOP class fall under this rule, one per distinct name value, because the census keys a class on the normalised message text and the value sits inside it."
dciodvfy,80cc9b013ef1,Warning - Value dubious for this VR - (TAG) PN Patient's Name PN [1] = <LUNG1-322> - Retired Person Name form,Warning,2,PLAUSIBILITY,RETIRED_PN,"not applicable, no requirement is cited by the message",not applicable,,"Named in the rubric as a plausibility heuristic. The message is about the shape of a PN value, a single component with no caret delimiters, which PS3.5 Table 6.2-1 permits for VR PN. No Type and no condition is asserted, and dciodvfy emits it at Warning severity with the word dubious. 1,209 of the 1,224 message classes in this SOP class fall under this rule, one per distinct name value, because the census keys a class on the normalised message text and the value sits inside it."
dciodvfy,80f31f5968c7,Warning - Value dubious for this VR - (TAG) PN Patient's Name PN [1] = <LUNG1-106> - Retired Person Name form,Warning,2,PLAUSIBILITY,RETIRED_PN,"not applicable, no requirement is cited by the message",not applicable,,"Named in the rubric as a plausibility heuristic. The message is about the shape of a PN value, a single component with no caret delimiters, which PS3.5 Table 6.2-1 permits for VR PN. No Type and no condition is asserted, and dciodvfy emits it at Warning severity with the word dubious. 1,209 of the 1,224 message classes in this SOP class fall under this rule, one per distinct name value, because the census keys a class on the normalised message text and the value sits inside it."
dciodvfy,81cb2ab5f7ad,Warning - Value dubious for this VR - (TAG) PN Patient's Name PN [1] = <LUNG1-287> - Retired Person Name form,Warning,2,PLAUSIBILITY,RETIRED_PN,"not applicable, no requirement is cited by the message",not applicable,,"Named in the rubric as a plausibility heuristic. The message is about the shape of a PN value, a single component with no caret delimiters, which PS3.5 Table 6.2-1 permits for VR PN. No Type and no condition is asserted, and dciodvfy emits it at Warning severity with the word dubious. 1,209 of the 1,224 message classes in this SOP class fall under this rule, one per distinct name value, because the census keys a class on the normalised message text and the value sits inside it."
dciodvfy,81e2b7115c41,Warning - Value dubious for this VR - (TAG) PN Patient's Name PN [1] = <LUNG1-398> - Retired Person Name form,Warning,2,PLAUSIBILITY,RETIRED_PN,"not applicable, no requirement is cited by the message",not applicable,,"Named in the rubric as a plausibility heuristic. The message is about the shape of a PN value, a single component with no caret delimiters, which PS3.5 Table 6.2-1 permits for VR PN. No Type and no condition is asserted, and dciodvfy emits it at Warning severity with the word dubious. 1,209 of the 1,224 message classes in this SOP class fall under this rule, one per distinct name value, because the census keys a class on the normalised message text and the value sits inside it."
dciodvfy,81ffdb9946ca,Warning - Value dubious for this VR - (TAG) PN Patient's Name PN [1] = <LUNG1-307> - Retired Person Name form,Warning,2,PLAUSIBILITY,RETIRED_PN,"not applicable, no requirement is cited by the message",not applicable,,"Named in the rubric as a plausibility heuristic. The message is about the shape of a PN value, a single component with no caret delimiters, which PS3.5 Table 6.2-1 permits for VR PN. No Type and no condition is asserted, and dciodvfy emits it at Warning severity with the word dubious. 1,209 of the 1,224 message classes in this SOP class fall under this rule, one per distinct name value, because the census keys a class on the normalised message text and the value sits inside it."
dciodvfy,82271b336357,Warning - Value dubious for this VR - (TAG) PN Patient's Name PN [1] = <LUNG1-005> - Retired Person Name form,Warning,2,PLAUSIBILITY,RETIRED_PN,"not applicable, no requirement is cited by the message",not applicable,,"Named in the rubric as a plausibility heuristic. The message is about the shape of a PN value, a single component with no caret delimiters, which PS3.5 Table 6.2-1 permits for VR PN. No Type and no condition is asserted, and dciodvfy emits it at Warning severity with the word dubious. 1,209 of the 1,224 message classes in this SOP class fall under this rule, one per distinct name value, because the census keys a class on the normalised message text and the value sits inside it."
dciodvfy,82f252383151,Warning - Value dubious for this VR - (TAG) PN Patient's Name PN [1] = <Lung_Dx-A0026> - Retired Person Name form,Warning,2,PLAUSIBILITY,RETIRED_PN,"not applicable, no requirement is cited by the message",not applicable,,"Named in the rubric as a plausibility heuristic. The message is about the shape of a PN value, a single component with no caret delimiters, which PS3.5 Table 6.2-1 permits for VR PN. No Type and no condition is asserted, and dciodvfy emits it at Warning severity with the word dubious. 1,209 of the 1,224 message classes in this SOP class fall under this rule, one per distinct name value, because the census keys a class on the normalised message text and the value sits inside it."
dciodvfy,83377bdc81ce,Warning - Value dubious for this VR - (TAG) PN Patient's Name PN [1] = <LUNG1-009> - Retired Person Name form,Warning,2,PLAUSIBILITY,RETIRED_PN,"not applicable, no requirement is cited by the message",not applicable,,"Named in the rubric as a plausibility heuristic. The message is about the shape of a PN value, a single component with no caret delimiters, which PS3.5 Table 6.2-1 permits for VR PN. No Type and no condition is asserted, and dciodvfy emits it at Warning severity with the word dubious. 1,209 of the 1,224 message classes in this SOP class fall under this rule, one per distinct name value, because the census keys a class on the normalised message text and the value sits inside it."
dciodvfy,833b97554fb1,Warning - Value dubious for this VR - (TAG) PN Patient's Name PN [1] = <LUNG1-422> - Retired Person Name form,Warning,2,PLAUSIBILITY,RETIRED_PN,"not applicable, no requirement is cited by the message",not applicable,,"Named in the rubric as a plausibility heuristic. The message is about the shape of a PN value, a single component with no caret delimiters, which PS3.5 Table 6.2-1 permits for VR PN. No Type and no condition is asserted, and dciodvfy emits it at Warning severity with the word dubious. 1,209 of the 1,224 message classes in this SOP class fall under this rule, one per distinct name value, because the census keys a class on the normalised message text and the value sits inside it."
dciodvfy,835d44d01aeb,Warning - Value dubious for this VR - (TAG) PN Patient's Name PN [1] = <LUNG1-118> - Retired Person Name form,Warning,2,PLAUSIBILITY,RETIRED_PN,"not applicable, no requirement is cited by the message",not applicable,,"Named in the rubric as a plausibility heuristic. The message is about the shape of a PN value, a single component with no caret delimiters, which PS3.5 Table 6.2-1 permits for VR PN. No Type and no condition is asserted, and dciodvfy emits it at Warning severity with the word dubious. 1,209 of the 1,224 message classes in this SOP class fall under this rule, one per distinct name value, because the census keys a class on the normalised message text and the value sits inside it."
dciodvfy,852ef74f3db6,Warning - Value dubious for this VR - (TAG) PN Patient's Name PN [1] = <LUNG1-091> - Retired Person Name form,Warning,2,PLAUSIBILITY,RETIRED_PN,"not applicable, no requirement is cited by the message",not applicable,,"Named in the rubric as a plausibility heuristic. The message is about the shape of a PN value, a single component with no caret delimiters, which PS3.5 Table 6.2-1 permits for VR PN. No Type and no condition is asserted, and dciodvfy emits it at Warning severity with the word dubious. 1,209 of the 1,224 message classes in this SOP class fall under this rule, one per distinct name value, because the census keys a class on the normalised message text and the value sits inside it."
dciodvfy,85368fb1cc44,Warning - Value dubious for this VR - (TAG) PN Patient's Name PN [1] = <LUNG1-209> - Retired Person Name form,Warning,2,PLAUSIBILITY,RETIRED_PN,"not applicable, no requirement is cited by the message",not applicable,,"Named in the rubric as a plausibility heuristic. The message is about the shape of a PN value, a single component with no caret delimiters, which PS3.5 Table 6.2-1 permits for VR PN. No Type and no condition is asserted, and dciodvfy emits it at Warning severity with the word dubious. 1,209 of the 1,224 message classes in this SOP class fall under this rule, one per distinct name value, because the census keys a class on the normalised message text and the value sits inside it."
dciodvfy,853732a1949b,Warning - Value dubious for this VR - (TAG) PN Patient's Name PN [1] = <LUNG1-374> - Retired Person Name form,Warning,2,PLAUSIBILITY,RETIRED_PN,"not applicable, no requirement is cited by the message",not applicable,,"Named in the rubric as a plausibility heuristic. The message is about the shape of a PN value, a single component with no caret delimiters, which PS3.5 Table 6.2-1 permits for VR PN. No Type and no condition is asserted, and dciodvfy emits it at Warning severity with the word dubious. 1,209 of the 1,224 message classes in this SOP class fall under this rule, one per distinct name value, because the census keys a class on the normalised message text and the value sits inside it."
dciodvfy,867debc4ee03,Warning - Value dubious for this VR - (TAG) PN Patient's Name PN [1] = <LUNG1-004> - Retired Person Name form,Warning,2,PLAUSIBILITY,RETIRED_PN,"not applicable, no requirement is cited by the message",not applicable,,"Named in the rubric as a plausibility heuristic. The message is about the shape of a PN value, a single component with no caret delimiters, which PS3.5 Table 6.2-1 permits for VR PN. No Type and no condition is asserted, and dciodvfy emits it at Warning severity with the word dubious. 1,209 of the 1,224 message classes in this SOP class fall under this rule, one per distinct name value, because the census keys a class on the normalised message text and the value sits inside it."
dciodvfy,86d2ab93bd93,Warning - Value dubious for this VR - (TAG) PN Patient's Name PN [1] = <LUNG1-316> - Retired Person Name form,Warning,2,PLAUSIBILITY,RETIRED_PN,"not applicable, no requirement is cited by the message",not applicable,,"Named in the rubric as a plausibility heuristic. The message is about the shape of a PN value, a single component with no caret delimiters, which PS3.5 Table 6.2-1 permits for VR PN. No Type and no condition is asserted, and dciodvfy emits it at Warning severity with the word dubious. 1,209 of the 1,224 message classes in this SOP class fall under this rule, one per distinct name value, because the census keys a class on the normalised message text and the value sits inside it."
dciodvfy,8751d8c22b86,Warning - Value dubious for this VR - (TAG) PN Patient's Name PN [1] = <LUNG1-096> - Retired Person Name form,Warning,2,PLAUSIBILITY,RETIRED_PN,"not applicable, no requirement is cited by the message",not applicable,,"Named in the rubric as a plausibility heuristic. The message is about the shape of a PN value, a single component with no caret delimiters, which PS3.5 Table 6.2-1 permits for VR PN. No Type and no condition is asserted, and dciodvfy emits it at Warning severity with the word dubious. 1,209 of the 1,224 message classes in this SOP class fall under this rule, one per distinct name value, because the census keys a class on the normalised message text and the value sits inside it."
dciodvfy,8804cd0047a4,Warning - Value dubious for this VR - (TAG) PN Patient's Name PN [1] = <Lung_Dx-A0016> - Retired Person Name form,Warning,2,PLAUSIBILITY,RETIRED_PN,"not applicable, no requirement is cited by the message",not applicable,,"Named in the rubric as a plausibility heuristic. The message is about the shape of a PN value, a single component with no caret delimiters, which PS3.5 Table 6.2-1 permits for VR PN. No Type and no condition is asserted, and dciodvfy emits it at Warning severity with the word dubious. 1,209 of the 1,224 message classes in this SOP class fall under this rule, one per distinct name value, because the census keys a class on the normalised message text and the value sits inside it."
dciodvfy,888a50fca98c,Warning - Value dubious for this VR - (TAG) PN Patient's Name PN [1] = <LUNG1-351> - Retired Person Name form,Warning,2,PLAUSIBILITY,RETIRED_PN,"not applicable, no requirement is cited by the message",not applicable,,"Named in the rubric as a plausibility heuristic. The message is about the shape of a PN value, a single component with no caret delimiters, which PS3.5 Table 6.2-1 permits for VR PN. No Type and no condition is asserted, and dciodvfy emits it at Warning severity with the word dubious. 1,209 of the 1,224 message classes in this SOP class fall under this rule, one per distinct name value, because the census keys a class on the normalised message text and the value sits inside it."
dciodvfy,89126876e07e,Warning - Value dubious for this VR - (TAG) PN Patient's Name PN [1] = <LUNG1-195> - Retired Person Name form,Warning,2,PLAUSIBILITY,RETIRED_PN,"not applicable, no requirement is cited by the message",not applicable,,"Named in the rubric as a plausibility heuristic. The message is about the shape of a PN value, a single component with no caret delimiters, which PS3.5 Table 6.2-1 permits for VR PN. No Type and no condition is asserted, and dciodvfy emits it at Warning severity with the word dubious. 1,209 of the 1,224 message classes in this SOP class fall under this rule, one per distinct name value, because the census keys a class on the normalised message text and the value sits inside it."
dciodvfy,8934dd457fd0,Warning - Value dubious for this VR - (TAG) PN Patient's Name PN [1] = <LUNG1-413> - Retired Person Name form,Warning,2,PLAUSIBILITY,RETIRED_PN,"not applicable, no requirement is cited by the message",not applicable,,"Named in the rubric as a plausibility heuristic. The message is about the shape of a PN value, a single component with no caret delimiters, which PS3.5 Table 6.2-1 permits for VR PN. No Type and no condition is asserted, and dciodvfy emits it at Warning severity with the word dubious. 1,209 of the 1,224 message classes in this SOP class fall under this rule, one per distinct name value, because the census keys a class on the normalised message text and the value sits inside it."
dciodvfy,8951dcfb10e5,Warning - Value dubious for this VR - (TAG) PN Patient's Name PN [1] = <Lung_Dx-A0128> - Retired Person Name form,Warning,2,PLAUSIBILITY,RETIRED_PN,"not applicable, no requirement is cited by the message",not applicable,,"Named in the rubric as a plausibility heuristic. The message is about the shape of a PN value, a single component with no caret delimiters, which PS3.5 Table 6.2-1 permits for VR PN. No Type and no condition is asserted, and dciodvfy emits it at Warning severity with the word dubious. 1,209 of the 1,224 message classes in this SOP class fall under this rule, one per distinct name value, because the census keys a class on the normalised message text and the value sits inside it."
dciodvfy,8a0db9e3e0b8,Warning - Value dubious for this VR - (TAG) PN Patient's Name PN [1] = <Lung_Dx-A0037> - Retired Person Name form,Warning,2,PLAUSIBILITY,RETIRED_PN,"not applicable, no requirement is cited by the message",not applicable,,"Named in the rubric as a plausibility heuristic. The message is about the shape of a PN value, a single component with no caret delimiters, which PS3.5 Table 6.2-1 permits for VR PN. No Type and no condition is asserted, and dciodvfy emits it at Warning severity with the word dubious. 1,209 of the 1,224 message classes in this SOP class fall under this rule, one per distinct name value, because the census keys a class on the normalised message text and the value sits inside it."
dciodvfy,8a77e6331e39,Warning - Value dubious for this VR - (TAG) PN Patient's Name PN [1] = <LUNG1-380> - Retired Person Name form,Warning,2,PLAUSIBILITY,RETIRED_PN,"not applicable, no requirement is cited by the message",not applicable,,"Named in the rubric as a plausibility heuristic. The message is about the shape of a PN value, a single component with no caret delimiters, which PS3.5 Table 6.2-1 permits for VR PN. No Type and no condition is asserted, and dciodvfy emits it at Warning severity with the word dubious. 1,209 of the 1,224 message classes in this SOP class fall under this rule, one per distinct name value, because the census keys a class on the normalised message text and the value sits inside it."
dciodvfy,8aac2561237e,Warning - Value dubious for this VR - (TAG) PN Patient's Name PN [1] = <LUNG1-346> - Retired Person Name form,Warning,2,PLAUSIBILITY,RETIRED_PN,"not applicable, no requirement is cited by the message",not applicable,,"Named in the rubric as a plausibility heuristic. The message is about the shape of a PN value, a single component with no caret delimiters, which PS3.5 Table 6.2-1 permits for VR PN. No Type and no condition is asserted, and dciodvfy emits it at Warning severity with the word dubious. 1,209 of the 1,224 message classes in this SOP class fall under this rule, one per distinct name value, because the census keys a class on the normalised message text and the value sits inside it."
dciodvfy,8b86a099b8e3,Warning - Value dubious for this VR - (TAG) PN Patient's Name PN [1] = <LUNG1-345> - Retired Person Name form,Warning,2,PLAUSIBILITY,RETIRED_PN,"not applicable, no requirement is cited by the message",not applicable,,"Named in the rubric as a plausibility heuristic. The message is about the shape of a PN value, a single component with no caret delimiters, which PS3.5 Table 6.2-1 permits for VR PN. No Type and no condition is asserted, and dciodvfy emits it at Warning severity with the word dubious. 1,209 of the 1,224 message classes in this SOP class fall under this rule, one per distinct name value, because the census keys a class on the normalised message text and the value sits inside it."
dciodvfy,8c31fdf4ba08,Warning - Value dubious for this VR - (TAG) PN Patient's Name PN [1] = <LUNG1-058> - Retired Person Name form,Warning,2,PLAUSIBILITY,RETIRED_PN,"not applicable, no requirement is cited by the message",not applicable,,"Named in the rubric as a plausibility heuristic. The message is about the shape of a PN value, a single component with no caret delimiters, which PS3.5 Table 6.2-1 permits for VR PN. No Type and no condition is asserted, and dciodvfy emits it at Warning severity with the word dubious. 1,209 of the 1,224 message classes in this SOP class fall under this rule, one per distinct name value, because the census keys a class on the normalised message text and the value sits inside it."
dciodvfy,8d2b2d38745f,Warning - Value dubious for this VR - (TAG) PN Patient's Name PN [1] = <LUNG1-296> - Retired Person Name form,Warning,2,PLAUSIBILITY,RETIRED_PN,"not applicable, no requirement is cited by the message",not applicable,,"Named in the rubric as a plausibility heuristic. The message is about the shape of a PN value, a single component with no caret delimiters, which PS3.5 Table 6.2-1 permits for VR PN. No Type and no condition is asserted, and dciodvfy emits it at Warning severity with the word dubious. 1,209 of the 1,224 message classes in this SOP class fall under this rule, one per distinct name value, because the census keys a class on the normalised message text and the value sits inside it."
dciodvfy,8d983884ec15,Warning - Value dubious for this VR - (TAG) PN Patient's Name PN [1] = <Lung_Dx-A0082> - Retired Person Name form,Warning,2,PLAUSIBILITY,RETIRED_PN,"not applicable, no requirement is cited by the message",not applicable,,"Named in the rubric as a plausibility heuristic. The message is about the shape of a PN value, a single component with no caret delimiters, which PS3.5 Table 6.2-1 permits for VR PN. No Type and no condition is asserted, and dciodvfy emits it at Warning severity with the word dubious. 1,209 of the 1,224 message classes in this SOP class fall under this rule, one per distinct name value, because the census keys a class on the normalised message text and the value sits inside it."
dciodvfy,8e84f346ad5c,Warning - Value dubious for this VR - (TAG) PN Patient's Name PN [1] = <Lung_Dx-A0047> - Retired Person Name form,Warning,2,PLAUSIBILITY,RETIRED_PN,"not applicable, no requirement is cited by the message",not applicable,,"Named in the rubric as a plausibility heuristic. The message is about the shape of a PN value, a single component with no caret delimiters, which PS3.5 Table 6.2-1 permits for VR PN. No Type and no condition is asserted, and dciodvfy emits it at Warning severity with the word dubious. 1,209 of the 1,224 message classes in this SOP class fall under this rule, one per distinct name value, because the census keys a class on the normalised message text and the value sits inside it."
dciodvfy,8f8d1997ffd3,Warning - Value dubious for this VR - (TAG) PN Patient's Name PN [1] = <LUNG1-206> - Retired Person Name form,Warning,2,PLAUSIBILITY,RETIRED_PN,"not applicable, no requirement is cited by the message",not applicable,,"Named in the rubric as a plausibility heuristic. The message is about the shape of a PN value, a single component with no caret delimiters, which PS3.5 Table 6.2-1 permits for VR PN. No Type and no condition is asserted, and dciodvfy emits it at Warning severity with the word dubious. 1,209 of the 1,224 message classes in this SOP class fall under this rule, one per distinct name value, because the census keys a class on the normalised message text and the value sits inside it."
dciodvfy,900e07c42cd6,Warning - Value dubious for this VR - (TAG) PN Patient's Name PN [1] = <Lung_Dx-A0035> - Retired Person Name form,Warning,2,PLAUSIBILITY,RETIRED_PN,"not applicable, no requirement is cited by the message",not applicable,,"Named in the rubric as a plausibility heuristic. The message is about the shape of a PN value, a single component with no caret delimiters, which PS3.5 Table 6.2-1 permits for VR PN. No Type and no condition is asserted, and dciodvfy emits it at Warning severity with the word dubious. 1,209 of the 1,224 message classes in this SOP class fall under this rule, one per distinct name value, because the census keys a class on the normalised message text and the value sits inside it."
dciodvfy,901b949af6ec,Warning - Value dubious for this VR - (TAG) PN Patient's Name PN [1] = <LUNG1-347> - Retired Person Name form,Warning,2,PLAUSIBILITY,RETIRED_PN,"not applicable, no requirement is cited by the message",not applicable,,"Named in the rubric as a plausibility heuristic. The message is about the shape of a PN value, a single component with no caret delimiters, which PS3.5 Table 6.2-1 permits for VR PN. No Type and no condition is asserted, and dciodvfy emits it at Warning severity with the word dubious. 1,209 of the 1,224 message classes in this SOP class fall under this rule, one per distinct name value, because the census keys a class on the normalised message text and the value sits inside it."
dciodvfy,90d588981db9,Warning - Value dubious for this VR - (TAG) PN Patient's Name PN [1] = <LUNG1-016> - Retired Person Name form,Warning,2,PLAUSIBILITY,RETIRED_PN,"not applicable, no requirement is cited by the message",not applicable,,"Named in the rubric as a plausibility heuristic. The message is about the shape of a PN value, a single component with no caret delimiters, which PS3.5 Table 6.2-1 permits for VR PN. No Type and no condition is asserted, and dciodvfy emits it at Warning severity with the word dubious. 1,209 of the 1,224 message classes in this SOP class fall under this rule, one per distinct name value, because the census keys a class on the normalised message text and the value sits inside it."
dciodvfy,91b29d7a7a89,Warning - Value dubious for this VR - (TAG) PN Patient's Name PN [1] = <LUNG1-326> - Retired Person Name form,Warning,2,PLAUSIBILITY,RETIRED_PN,"not applicable, no requirement is cited by the message",not applicable,,"Named in the rubric as a plausibility heuristic. The message is about the shape of a PN value, a single component with no caret delimiters, which PS3.5 Table 6.2-1 permits for VR PN. No Type and no condition is asserted, and dciodvfy emits it at Warning severity with the word dubious. 1,209 of the 1,224 message classes in this SOP class fall under this rule, one per distinct name value, because the census keys a class on the normalised message text and the value sits inside it."
dciodvfy,91ce074477a9,Warning - Value dubious for this VR - (TAG) PN Patient's Name PN [1] = <Lung_Dx-B0023> - Retired Person Name form,Warning,2,PLAUSIBILITY,RETIRED_PN,"not applicable, no requirement is cited by the message",not applicable,,"Named in the rubric as a plausibility heuristic. The message is about the shape of a PN value, a single component with no caret delimiters, which PS3.5 Table 6.2-1 permits for VR PN. No Type and no condition is asserted, and dciodvfy emits it at Warning severity with the word dubious. 1,209 of the 1,224 message classes in this SOP class fall under this rule, one per distinct name value, because the census keys a class on the normalised message text and the value sits inside it."
dciodvfy,926ce25e1c33,Warning - Value dubious for this VR - (TAG) PN Patient's Name PN [1] = <LUNG1-237> - Retired Person Name form,Warning,2,PLAUSIBILITY,RETIRED_PN,"not applicable, no requirement is cited by the message",not applicable,,"Named in the rubric as a plausibility heuristic. The message is about the shape of a PN value, a single component with no caret delimiters, which PS3.5 Table 6.2-1 permits for VR PN. No Type and no condition is asserted, and dciodvfy emits it at Warning severity with the word dubious. 1,209 of the 1,224 message classes in this SOP class fall under this rule, one per distinct name value, because the census keys a class on the normalised message text and the value sits inside it."
dciodvfy,929104253010,Warning - Value dubious for this VR - (TAG) PN Patient's Name PN [1] = <LUNG1-213> - Retired Person Name form,Warning,2,PLAUSIBILITY,RETIRED_PN,"not applicable, no requirement is cited by the message",not applicable,,"Named in the rubric as a plausibility heuristic. The message is about the shape of a PN value, a single component with no caret delimiters, which PS3.5 Table 6.2-1 permits for VR PN. No Type and no condition is asserted, and dciodvfy emits it at Warning severity with the word dubious. 1,209 of the 1,224 message classes in this SOP class fall under this rule, one per distinct name value, because the census keys a class on the normalised message text and the value sits inside it."
dciodvfy,93360b066a93,Warning - Value dubious for this VR - (TAG) PN Patient's Name PN [1] = <Lung_Dx-B0014> - Retired Person Name form,Warning,2,PLAUSIBILITY,RETIRED_PN,"not applicable, no requirement is cited by the message",not applicable,,"Named in the rubric as a plausibility heuristic. The message is about the shape of a PN value, a single component with no caret delimiters, which PS3.5 Table 6.2-1 permits for VR PN. No Type and no condition is asserted, and dciodvfy emits it at Warning severity with the word dubious. 1,209 of the 1,224 message classes in this SOP class fall under this rule, one per distinct name value, because the census keys a class on the normalised message text and the value sits inside it."
dciodvfy,93c709fdeeab,Warning - Value dubious for this VR - (TAG) PN Patient's Name PN [1] = <Lung_Dx-B0018> - Retired Person Name form,Warning,2,PLAUSIBILITY,RETIRED_PN,"not applicable, no requirement is cited by the message",not applicable,,"Named in the rubric as a plausibility heuristic. The message is about the shape of a PN value, a single component with no caret delimiters, which PS3.5 Table 6.2-1 permits for VR PN. No Type and no condition is asserted, and dciodvfy emits it at Warning severity with the word dubious. 1,209 of the 1,224 message classes in this SOP class fall under this rule, one per distinct name value, because the census keys a class on the normalised message text and the value sits inside it."
dciodvfy,943f13e3264c,Warning - Value dubious for this VR - (TAG) PN Patient's Name PN [1] = <LUNG1-337> - Retired Person Name form,Warning,2,PLAUSIBILITY,RETIRED_PN,"not applicable, no requirement is cited by the message",not applicable,,"Named in the rubric as a plausibility heuristic. The message is about the shape of a PN value, a single component with no caret delimiters, which PS3.5 Table 6.2-1 permits for VR PN. No Type and no condition is asserted, and dciodvfy emits it at Warning severity with the word dubious. 1,209 of the 1,224 message classes in this SOP class fall under this rule, one per distinct name value, because the census keys a class on the normalised message text and the value sits inside it."
dciodvfy,949affd055ed,Warning - Value dubious for this VR - (TAG) PN Patient's Name PN [1] = <LUNG1-066> - Retired Person Name form,Warning,2,PLAUSIBILITY,RETIRED_PN,"not applicable, no requirement is cited by the message",not applicable,,"Named in the rubric as a plausibility heuristic. The message is about the shape of a PN value, a single component with no caret delimiters, which PS3.5 Table 6.2-1 permits for VR PN. No Type and no condition is asserted, and dciodvfy emits it at Warning severity with the word dubious. 1,209 of the 1,224 message classes in this SOP class fall under this rule, one per distinct name value, because the census keys a class on the normalised message text and the value sits inside it."
dciodvfy,94fd65cd48cb,Warning - Value dubious for this VR - (TAG) PN Patient's Name PN [1] = <LUNG1-292> - Retired Person Name form,Warning,2,PLAUSIBILITY,RETIRED_PN,"not applicable, no requirement is cited by the message",not applicable,,"Named in the rubric as a plausibility heuristic. The message is about the shape of a PN value, a single component with no caret delimiters, which PS3.5 Table 6.2-1 permits for VR PN. No Type and no condition is asserted, and dciodvfy emits it at Warning severity with the word dubious. 1,209 of the 1,224 message classes in this SOP class fall under this rule, one per distinct name value, because the census keys a class on the normalised message text and the value sits inside it."
dciodvfy,96127d4d18cf,Warning - Value dubious for this VR - (TAG) PN Patient's Name PN [1] = <Lung_Dx-A0132> - Retired Person Name form,Warning,2,PLAUSIBILITY,RETIRED_PN,"not applicable, no requirement is cited by the message",not applicable,,"Named in the rubric as a plausibility heuristic. The message is about the shape of a PN value, a single component with no caret delimiters, which PS3.5 Table 6.2-1 permits for VR PN. No Type and no condition is asserted, and dciodvfy emits it at Warning severity with the word dubious. 1,209 of the 1,224 message classes in this SOP class fall under this rule, one per distinct name value, because the census keys a class on the normalised message text and the value sits inside it."
dciodvfy,97a2c52501d3,Warning - Value dubious for this VR - (TAG) PN Patient's Name PN [1] = <LUNG1-122> - Retired Person Name form,Warning,2,PLAUSIBILITY,RETIRED_PN,"not applicable, no requirement is cited by the message",not applicable,,"Named in the rubric as a plausibility heuristic. The message is about the shape of a PN value, a single component with no caret delimiters, which PS3.5 Table 6.2-1 permits for VR PN. No Type and no condition is asserted, and dciodvfy emits it at Warning severity with the word dubious. 1,209 of the 1,224 message classes in this SOP class fall under this rule, one per distinct name value, because the census keys a class on the normalised message text and the value sits inside it."
dciodvfy,97c5318af4f7,Warning - Value dubious for this VR - (TAG) PN Patient's Name PN [1] = <Lung_Dx-G0024> - Retired Person Name form,Warning,2,PLAUSIBILITY,RETIRED_PN,"not applicable, no requirement is cited by the message",not applicable,,"Named in the rubric as a plausibility heuristic. The message is about the shape of a PN value, a single component with no caret delimiters, which PS3.5 Table 6.2-1 permits for VR PN. No Type and no condition is asserted, and dciodvfy emits it at Warning severity with the word dubious. 1,209 of the 1,224 message classes in this SOP class fall under this rule, one per distinct name value, because the census keys a class on the normalised message text and the value sits inside it."
dciodvfy,984e0896c8fa,Warning - Value dubious for this VR - (TAG) PN Patient's Name PN [1] = <LUNG1-330> - Retired Person Name form,Warning,2,PLAUSIBILITY,RETIRED_PN,"not applicable, no requirement is cited by the message",not applicable,,"Named in the rubric as a plausibility heuristic. The message is about the shape of a PN value, a single component with no caret delimiters, which PS3.5 Table 6.2-1 permits for VR PN. No Type and no condition is asserted, and dciodvfy emits it at Warning severity with the word dubious. 1,209 of the 1,224 message classes in this SOP class fall under this rule, one per distinct name value, because the census keys a class on the normalised message text and the value sits inside it."
dciodvfy,98de0330d154,Warning - Value dubious for this VR - (TAG) PN Patient's Name PN [1] = <LUNG1-252> - Retired Person Name form,Warning,2,PLAUSIBILITY,RETIRED_PN,"not applicable, no requirement is cited by the message",not applicable,,"Named in the rubric as a plausibility heuristic. The message is about the shape of a PN value, a single component with no caret delimiters, which PS3.5 Table 6.2-1 permits for VR PN. No Type and no condition is asserted, and dciodvfy emits it at Warning severity with the word dubious. 1,209 of the 1,224 message classes in this SOP class fall under this rule, one per distinct name value, because the census keys a class on the normalised message text and the value sits inside it."
dciodvfy,993876e8f55c,Warning - Value dubious for this VR - (TAG) PN Patient's Name PN [1] = <Lung_Dx-A0071> - Retired Person Name form,Warning,2,PLAUSIBILITY,RETIRED_PN,"not applicable, no requirement is cited by the message",not applicable,,"Named in the rubric as a plausibility heuristic. The message is about the shape of a PN value, a single component with no caret delimiters, which PS3.5 Table 6.2-1 permits for VR PN. No Type and no condition is asserted, and dciodvfy emits it at Warning severity with the word dubious. 1,209 of the 1,224 message classes in this SOP class fall under this rule, one per distinct name value, because the census keys a class on the normalised message text and the value sits inside it."
dciodvfy,9baf068a51d6,Warning - Value dubious for this VR - (TAG) PN Patient's Name PN [1] = <LUNG1-088> - Retired Person Name form,Warning,2,PLAUSIBILITY,RETIRED_PN,"not applicable, no requirement is cited by the message",not applicable,,"Named in the rubric as a plausibility heuristic. The message is about the shape of a PN value, a single component with no caret delimiters, which PS3.5 Table 6.2-1 permits for VR PN. No Type and no condition is asserted, and dciodvfy emits it at Warning severity with the word dubious. 1,209 of the 1,224 message classes in this SOP class fall under this rule, one per distinct name value, because the census keys a class on the normalised message text and the value sits inside it."
dciodvfy,9bdec912f4da,Warning - Value dubious for this VR - (TAG) PN Patient's Name PN [1] = <LUNG1-111> - Retired Person Name form,Warning,2,PLAUSIBILITY,RETIRED_PN,"not applicable, no requirement is cited by the message",not applicable,,"Named in the rubric as a plausibility heuristic. The message is about the shape of a PN value, a single component with no caret delimiters, which PS3.5 Table 6.2-1 permits for VR PN. No Type and no condition is asserted, and dciodvfy emits it at Warning severity with the word dubious. 1,209 of the 1,224 message classes in this SOP class fall under this rule, one per distinct name value, because the census keys a class on the normalised message text and the value sits inside it."
dciodvfy,9bf9fbad96d0,Warning - Value dubious for this VR - (TAG) PN Patient's Name PN [1] = <LUNG1-235> - Retired Person Name form,Warning,2,PLAUSIBILITY,RETIRED_PN,"not applicable, no requirement is cited by the message",not applicable,,"Named in the rubric as a plausibility heuristic. The message is about the shape of a PN value, a single component with no caret delimiters, which PS3.5 Table 6.2-1 permits for VR PN. No Type and no condition is asserted, and dciodvfy emits it at Warning severity with the word dubious. 1,209 of the 1,224 message classes in this SOP class fall under this rule, one per distinct name value, because the census keys a class on the normalised message text and the value sits inside it."
dciodvfy,9c088c0cdb74,Warning - Value dubious for this VR - (TAG) PN Patient's Name PN [1] = <Lung_Dx-G0004> - Retired Person Name form,Warning,2,PLAUSIBILITY,RETIRED_PN,"not applicable, no requirement is cited by the message",not applicable,,"Named in the rubric as a plausibility heuristic. The message is about the shape of a PN value, a single component with no caret delimiters, which PS3.5 Table 6.2-1 permits for VR PN. No Type and no condition is asserted, and dciodvfy emits it at Warning severity with the word dubious. 1,209 of the 1,224 message classes in this SOP class fall under this rule, one per distinct name value, because the census keys a class on the normalised message text and the value sits inside it."
dciodvfy,9cd5833c5ebf,Warning - Value dubious for this VR - (TAG) PN Patient's Name PN [1] = <Lung_Dx-B0005> - Retired Person Name form,Warning,2,PLAUSIBILITY,RETIRED_PN,"not applicable, no requirement is cited by the message",not applicable,,"Named in the rubric as a plausibility heuristic. The message is about the shape of a PN value, a single component with no caret delimiters, which PS3.5 Table 6.2-1 permits for VR PN. No Type and no condition is asserted, and dciodvfy emits it at Warning severity with the word dubious. 1,209 of the 1,224 message classes in this SOP class fall under this rule, one per distinct name value, because the census keys a class on the normalised message text and the value sits inside it."
dciodvfy,9e666a2bcdfc,Warning - Value dubious for this VR - (TAG) PN Patient's Name PN [1] = <LUNG1-036> - Retired Person Name form,Warning,2,PLAUSIBILITY,RETIRED_PN,"not applicable, no requirement is cited by the message",not applicable,,"Named in the rubric as a plausibility heuristic. The message is about the shape of a PN value, a single component with no caret delimiters, which PS3.5 Table 6.2-1 permits for VR PN. No Type and no condition is asserted, and dciodvfy emits it at Warning severity with the word dubious. 1,209 of the 1,224 message classes in this SOP class fall under this rule, one per distinct name value, because the census keys a class on the normalised message text and the value sits inside it."
dciodvfy,9e80bd1cedea,Warning - Value dubious for this VR - (TAG) PN Patient's Name PN [1] = <LUNG1-089> - Retired Person Name form,Warning,2,PLAUSIBILITY,RETIRED_PN,"not applicable, no requirement is cited by the message",not applicable,,"Named in the rubric as a plausibility heuristic. The message is about the shape of a PN value, a single component with no caret delimiters, which PS3.5 Table 6.2-1 permits for VR PN. No Type and no condition is asserted, and dciodvfy emits it at Warning severity with the word dubious. 1,209 of the 1,224 message classes in this SOP class fall under this rule, one per distinct name value, because the census keys a class on the normalised message text and the value sits inside it."
dciodvfy,9e998cc342c6,Warning - Value dubious for this VR - (TAG) PN Patient's Name PN [1] = <LUNG1-361> - Retired Person Name form,Warning,2,PLAUSIBILITY,RETIRED_PN,"not applicable, no requirement is cited by the message",not applicable,,"Named in the rubric as a plausibility heuristic. The message is about the shape of a PN value, a single component with no caret delimiters, which PS3.5 Table 6.2-1 permits for VR PN. No Type and no condition is asserted, and dciodvfy emits it at Warning severity with the word dubious. 1,209 of the 1,224 message classes in this SOP class fall under this rule, one per distinct name value, because the census keys a class on the normalised message text and the value sits inside it."
dciodvfy,9f004aafb5c4,Warning - Value dubious for this VR - (TAG) PN Patient's Name PN [1] = <LUNG1-138> - Retired Person Name form,Warning,2,PLAUSIBILITY,RETIRED_PN,"not applicable, no requirement is cited by the message",not applicable,,"Named in the rubric as a plausibility heuristic. The message is about the shape of a PN value, a single component with no caret delimiters, which PS3.5 Table 6.2-1 permits for VR PN. No Type and no condition is asserted, and dciodvfy emits it at Warning severity with the word dubious. 1,209 of the 1,224 message classes in this SOP class fall under this rule, one per distinct name value, because the census keys a class on the normalised message text and the value sits inside it."
dciodvfy,a02a0cd0ca80,Warning - Value dubious for this VR - (TAG) PN Patient's Name PN [1] = <LUNG1-349> - Retired Person Name form,Warning,2,PLAUSIBILITY,RETIRED_PN,"not applicable, no requirement is cited by the message",not applicable,,"Named in the rubric as a plausibility heuristic. The message is about the shape of a PN value, a single component with no caret delimiters, which PS3.5 Table 6.2-1 permits for VR PN. No Type and no condition is asserted, and dciodvfy emits it at Warning severity with the word dubious. 1,209 of the 1,224 message classes in this SOP class fall under this rule, one per distinct name value, because the census keys a class on the normalised message text and the value sits inside it."
dciodvfy,a02e956497a2,Warning - Value dubious for this VR - (TAG) PN Patient's Name PN [1] = <LUNG1-230> - Retired Person Name form,Warning,2,PLAUSIBILITY,RETIRED_PN,"not applicable, no requirement is cited by the message",not applicable,,"Named in the rubric as a plausibility heuristic. The message is about the shape of a PN value, a single component with no caret delimiters, which PS3.5 Table 6.2-1 permits for VR PN. No Type and no condition is asserted, and dciodvfy emits it at Warning severity with the word dubious. 1,209 of the 1,224 message classes in this SOP class fall under this rule, one per distinct name value, because the census keys a class on the normalised message text and the value sits inside it."
dciodvfy,a12f06d1548f,Warning - Value dubious for this VR - (TAG) PN Patient's Name PN [1] = <LUNG1-408> - Retired Person Name form,Warning,2,PLAUSIBILITY,RETIRED_PN,"not applicable, no requirement is cited by the message",not applicable,,"Named in the rubric as a plausibility heuristic. The message is about the shape of a PN value, a single component with no caret delimiters, which PS3.5 Table 6.2-1 permits for VR PN. No Type and no condition is asserted, and dciodvfy emits it at Warning severity with the word dubious. 1,209 of the 1,224 message classes in this SOP class fall under this rule, one per distinct name value, because the census keys a class on the normalised message text and the value sits inside it."
dciodvfy,a17143d9735e,Warning - Value dubious for this VR - (TAG) PN Patient's Name PN [1] = <LUNG1-295> - Retired Person Name form,Warning,2,PLAUSIBILITY,RETIRED_PN,"not applicable, no requirement is cited by the message",not applicable,,"Named in the rubric as a plausibility heuristic. The message is about the shape of a PN value, a single component with no caret delimiters, which PS3.5 Table 6.2-1 permits for VR PN. No Type and no condition is asserted, and dciodvfy emits it at Warning severity with the word dubious. 1,209 of the 1,224 message classes in this SOP class fall under this rule, one per distinct name value, because the census keys a class on the normalised message text and the value sits inside it."
dciodvfy,a1733c208918,Warning - Value dubious for this VR - (TAG) PN Patient's Name PN [1] = <LUNG1-241> - Retired Person Name form,Warning,2,PLAUSIBILITY,RETIRED_PN,"not applicable, no requirement is cited by the message",not applicable,,"Named in the rubric as a plausibility heuristic. The message is about the shape of a PN value, a single component with no caret delimiters, which PS3.5 Table 6.2-1 permits for VR PN. No Type and no condition is asserted, and dciodvfy emits it at Warning severity with the word dubious. 1,209 of the 1,224 message classes in this SOP class fall under this rule, one per distinct name value, because the census keys a class on the normalised message text and the value sits inside it."
dciodvfy,a1b008a0130d,Warning - Value dubious for this VR - (TAG) PN Patient's Name PN [1] = <Lung_Dx-A0146> - Retired Person Name form,Warning,2,PLAUSIBILITY,RETIRED_PN,"not applicable, no requirement is cited by the message",not applicable,,"Named in the rubric as a plausibility heuristic. The message is about the shape of a PN value, a single component with no caret delimiters, which PS3.5 Table 6.2-1 permits for VR PN. No Type and no condition is asserted, and dciodvfy emits it at Warning severity with the word dubious. 1,209 of the 1,224 message classes in this SOP class fall under this rule, one per distinct name value, because the census keys a class on the normalised message text and the value sits inside it."
dciodvfy,a1dec212304a,Warning - Value dubious for this VR - (TAG) PN Patient's Name PN [1] = <LUNG1-064> - Retired Person Name form,Warning,2,PLAUSIBILITY,RETIRED_PN,"not applicable, no requirement is cited by the message",not applicable,,"Named in the rubric as a plausibility heuristic. The message is about the shape of a PN value, a single component with no caret delimiters, which PS3.5 Table 6.2-1 permits for VR PN. No Type and no condition is asserted, and dciodvfy emits it at Warning severity with the word dubious. 1,209 of the 1,224 message classes in this SOP class fall under this rule, one per distinct name value, because the census keys a class on the normalised message text and the value sits inside it."
dciodvfy,a2b9277320c2,Warning - Value dubious for this VR - (TAG) PN Patient's Name PN [1] = <Lung_Dx-A0156> - Retired Person Name form,Warning,2,PLAUSIBILITY,RETIRED_PN,"not applicable, no requirement is cited by the message",not applicable,,"Named in the rubric as a plausibility heuristic. The message is about the shape of a PN value, a single component with no caret delimiters, which PS3.5 Table 6.2-1 permits for VR PN. No Type and no condition is asserted, and dciodvfy emits it at Warning severity with the word dubious. 1,209 of the 1,224 message classes in this SOP class fall under this rule, one per distinct name value, because the census keys a class on the normalised message text and the value sits inside it."
dciodvfy,a2e714ba7331,Warning - Value dubious for this VR - (TAG) PN Patient's Name PN [1] = <RMS2448> - Retired Person Name form,Warning,2,PLAUSIBILITY,RETIRED_PN,"not applicable, no requirement is cited by the message",not applicable,,"Named in the rubric as a plausibility heuristic. The message is about the shape of a PN value, a single component with no caret delimiters, which PS3.5 Table 6.2-1 permits for VR PN. No Type and no condition is asserted, and dciodvfy emits it at Warning severity with the word dubious. 1,209 of the 1,224 message classes in this SOP class fall under this rule, one per distinct name value, because the census keys a class on the normalised message text and the value sits inside it."
dciodvfy,a468aa87cfea,Warning - Value dubious for this VR - (TAG) PN Patient's Name PN [1] = <LUNG1-072> - Retired Person Name form,Warning,2,PLAUSIBILITY,RETIRED_PN,"not applicable, no requirement is cited by the message",not applicable,,"Named in the rubric as a plausibility heuristic. The message is about the shape of a PN value, a single component with no caret delimiters, which PS3.5 Table 6.2-1 permits for VR PN. No Type and no condition is asserted, and dciodvfy emits it at Warning severity with the word dubious. 1,209 of the 1,224 message classes in this SOP class fall under this rule, one per distinct name value, because the census keys a class on the normalised message text and the value sits inside it."
dciodvfy,a471b3c9a5dd,Warning - Value dubious for this VR - (TAG) PN Patient's Name PN [1] = <LUNG1-381> - Retired Person Name form,Warning,2,PLAUSIBILITY,RETIRED_PN,"not applicable, no requirement is cited by the message",not applicable,,"Named in the rubric as a plausibility heuristic. The message is about the shape of a PN value, a single component with no caret delimiters, which PS3.5 Table 6.2-1 permits for VR PN. No Type and no condition is asserted, and dciodvfy emits it at Warning severity with the word dubious. 1,209 of the 1,224 message classes in this SOP class fall under this rule, one per distinct name value, because the census keys a class on the normalised message text and the value sits inside it."
dciodvfy,a4ac950c98bf,Warning - Value dubious for this VR - (TAG) PN Patient's Name PN [1] = <Lung_Dx-G0031> - Retired Person Name form,Warning,2,PLAUSIBILITY,RETIRED_PN,"not applicable, no requirement is cited by the message",not applicable,,"Named in the rubric as a plausibility heuristic. The message is about the shape of a PN value, a single component with no caret delimiters, which PS3.5 Table 6.2-1 permits for VR PN. No Type and no condition is asserted, and dciodvfy emits it at Warning severity with the word dubious. 1,209 of the 1,224 message classes in this SOP class fall under this rule, one per distinct name value, because the census keys a class on the normalised message text and the value sits inside it."
dciodvfy,a6730e51608c,Warning - Value dubious for this VR - (TAG) PN Patient's Name PN [1] = <Lung_Dx-B0026> - Retired Person Name form,Warning,2,PLAUSIBILITY,RETIRED_PN,"not applicable, no requirement is cited by the message",not applicable,,"Named in the rubric as a plausibility heuristic. The message is about the shape of a PN value, a single component with no caret delimiters, which PS3.5 Table 6.2-1 permits for VR PN. No Type and no condition is asserted, and dciodvfy emits it at Warning severity with the word dubious. 1,209 of the 1,224 message classes in this SOP class fall under this rule, one per distinct name value, because the census keys a class on the normalised message text and the value sits inside it."
dciodvfy,a6efb0dc75dd,Warning - Value dubious for this VR - (TAG) PN Patient's Name PN [1] = <LUNG1-306> - Retired Person Name form,Warning,2,PLAUSIBILITY,RETIRED_PN,"not applicable, no requirement is cited by the message",not applicable,,"Named in the rubric as a plausibility heuristic. The message is about the shape of a PN value, a single component with no caret delimiters, which PS3.5 Table 6.2-1 permits for VR PN. No Type and no condition is asserted, and dciodvfy emits it at Warning severity with the word dubious. 1,209 of the 1,224 message classes in this SOP class fall under this rule, one per distinct name value, because the census keys a class on the normalised message text and the value sits inside it."
dciodvfy,a728ff5e5963,Warning - Value dubious for this VR - (TAG) PN Patient's Name PN [1] = <LUNG1-178> - Retired Person Name form,Warning,2,PLAUSIBILITY,RETIRED_PN,"not applicable, no requirement is cited by the message",not applicable,,"Named in the rubric as a plausibility heuristic. The message is about the shape of a PN value, a single component with no caret delimiters, which PS3.5 Table 6.2-1 permits for VR PN. No Type and no condition is asserted, and dciodvfy emits it at Warning severity with the word dubious. 1,209 of the 1,224 message classes in this SOP class fall under this rule, one per distinct name value, because the census keys a class on the normalised message text and the value sits inside it."
dciodvfy,a76af51d7211,Warning - Value dubious for this VR - (TAG) PN Patient's Name PN [1] = <LUNG1-362> - Retired Person Name form,Warning,2,PLAUSIBILITY,RETIRED_PN,"not applicable, no requirement is cited by the message",not applicable,,"Named in the rubric as a plausibility heuristic. The message is about the shape of a PN value, a single component with no caret delimiters, which PS3.5 Table 6.2-1 permits for VR PN. No Type and no condition is asserted, and dciodvfy emits it at Warning severity with the word dubious. 1,209 of the 1,224 message classes in this SOP class fall under this rule, one per distinct name value, because the census keys a class on the normalised message text and the value sits inside it."
dciodvfy,a775ba33aa4d,Warning - Value dubious for this VR - (TAG) PN Patient's Name PN [1] = <LUNG1-399> - Retired Person Name form,Warning,2,PLAUSIBILITY,RETIRED_PN,"not applicable, no requirement is cited by the message",not applicable,,"Named in the rubric as a plausibility heuristic. The message is about the shape of a PN value, a single component with no caret delimiters, which PS3.5 Table 6.2-1 permits for VR PN. No Type and no condition is asserted, and dciodvfy emits it at Warning severity with the word dubious. 1,209 of the 1,224 message classes in this SOP class fall under this rule, one per distinct name value, because the census keys a class on the normalised message text and the value sits inside it."
dciodvfy,a7a0a81d55be,Warning - Value dubious for this VR - (TAG) PN Patient's Name PN [1] = <LUNG1-378> - Retired Person Name form,Warning,2,PLAUSIBILITY,RETIRED_PN,"not applicable, no requirement is cited by the message",not applicable,,"Named in the rubric as a plausibility heuristic. The message is about the shape of a PN value, a single component with no caret delimiters, which PS3.5 Table 6.2-1 permits for VR PN. No Type and no condition is asserted, and dciodvfy emits it at Warning severity with the word dubious. 1,209 of the 1,224 message classes in this SOP class fall under this rule, one per distinct name value, because the census keys a class on the normalised message text and the value sits inside it."
dciodvfy,a7ab16898d4d,Warning - Value dubious for this VR - (TAG) PN Patient's Name PN [1] = <LUNG1-162> - Retired Person Name form,Warning,2,PLAUSIBILITY,RETIRED_PN,"not applicable, no requirement is cited by the message",not applicable,,"Named in the rubric as a plausibility heuristic. The message is about the shape of a PN value, a single component with no caret delimiters, which PS3.5 Table 6.2-1 permits for VR PN. No Type and no condition is asserted, and dciodvfy emits it at Warning severity with the word dubious. 1,209 of the 1,224 message classes in this SOP class fall under this rule, one per distinct name value, because the census keys a class on the normalised message text and the value sits inside it."
dciodvfy,a7bf081b3c9d,Warning - Value dubious for this VR - (TAG) PN Patient's Name PN [1] = <LUNG1-289> - Retired Person Name form,Warning,2,PLAUSIBILITY,RETIRED_PN,"not applicable, no requirement is cited by the message",not applicable,,"Named in the rubric as a plausibility heuristic. The message is about the shape of a PN value, a single component with no caret delimiters, which PS3.5 Table 6.2-1 permits for VR PN. No Type and no condition is asserted, and dciodvfy emits it at Warning severity with the word dubious. 1,209 of the 1,224 message classes in this SOP class fall under this rule, one per distinct name value, because the census keys a class on the normalised message text and the value sits inside it."
dciodvfy,a7e23c037af5,Warning - Value dubious for this VR - (TAG) PN Patient's Name PN [1] = <LUNG1-148> - Retired Person Name form,Warning,2,PLAUSIBILITY,RETIRED_PN,"not applicable, no requirement is cited by the message",not applicable,,"Named in the rubric as a plausibility heuristic. The message is about the shape of a PN value, a single component with no caret delimiters, which PS3.5 Table 6.2-1 permits for VR PN. No Type and no condition is asserted, and dciodvfy emits it at Warning severity with the word dubious. 1,209 of the 1,224 message classes in this SOP class fall under this rule, one per distinct name value, because the census keys a class on the normalised message text and the value sits inside it."
dciodvfy,a83003d6dcb4,Warning - Value dubious for this VR - (TAG) PN Patient's Name PN [1] = <LUNG1-256> - Retired Person Name form,Warning,2,PLAUSIBILITY,RETIRED_PN,"not applicable, no requirement is cited by the message",not applicable,,"Named in the rubric as a plausibility heuristic. The message is about the shape of a PN value, a single component with no caret delimiters, which PS3.5 Table 6.2-1 permits for VR PN. No Type and no condition is asserted, and dciodvfy emits it at Warning severity with the word dubious. 1,209 of the 1,224 message classes in this SOP class fall under this rule, one per distinct name value, because the census keys a class on the normalised message text and the value sits inside it."
dciodvfy,a86c17103015,Warning - Value dubious for this VR - (TAG) PN Patient's Name PN [1] = <LUNG1-305> - Retired Person Name form,Warning,2,PLAUSIBILITY,RETIRED_PN,"not applicable, no requirement is cited by the message",not applicable,,"Named in the rubric as a plausibility heuristic. The message is about the shape of a PN value, a single component with no caret delimiters, which PS3.5 Table 6.2-1 permits for VR PN. No Type and no condition is asserted, and dciodvfy emits it at Warning severity with the word dubious. 1,209 of the 1,224 message classes in this SOP class fall under this rule, one per distinct name value, because the census keys a class on the normalised message text and the value sits inside it."
dciodvfy,a87cbcc6f476,Warning - Value dubious for this VR - (TAG) PN Patient's Name PN [1] = <LUNG1-382> - Retired Person Name form,Warning,2,PLAUSIBILITY,RETIRED_PN,"not applicable, no requirement is cited by the message",not applicable,,"Named in the rubric as a plausibility heuristic. The message is about the shape of a PN value, a single component with no caret delimiters, which PS3.5 Table 6.2-1 permits for VR PN. No Type and no condition is asserted, and dciodvfy emits it at Warning severity with the word dubious. 1,209 of the 1,224 message classes in this SOP class fall under this rule, one per distinct name value, because the census keys a class on the normalised message text and the value sits inside it."
dciodvfy,a96aa83ff61e,Warning - Value dubious for this VR - (TAG) PN Patient's Name PN [1] = <LUNG1-067> - Retired Person Name form,Warning,2,PLAUSIBILITY,RETIRED_PN,"not applicable, no requirement is cited by the message",not applicable,,"Named in the rubric as a plausibility heuristic. The message is about the shape of a PN value, a single component with no caret delimiters, which PS3.5 Table 6.2-1 permits for VR PN. No Type and no condition is asserted, and dciodvfy emits it at Warning severity with the word dubious. 1,209 of the 1,224 message classes in this SOP class fall under this rule, one per distinct name value, because the census keys a class on the normalised message text and the value sits inside it."
dciodvfy,aa9ec0123bf2,Warning - Value dubious for this VR - (TAG) PN Patient's Name PN [1] = <LUNG1-273> - Retired Person Name form,Warning,2,PLAUSIBILITY,RETIRED_PN,"not applicable, no requirement is cited by the message",not applicable,,"Named in the rubric as a plausibility heuristic. The message is about the shape of a PN value, a single component with no caret delimiters, which PS3.5 Table 6.2-1 permits for VR PN. No Type and no condition is asserted, and dciodvfy emits it at Warning severity with the word dubious. 1,209 of the 1,224 message classes in this SOP class fall under this rule, one per distinct name value, because the census keys a class on the normalised message text and the value sits inside it."
dciodvfy,ab0d9586fb25,Warning - Value dubious for this VR - (TAG) PN Patient's Name PN [1] = <LUNG1-334> - Retired Person Name form,Warning,2,PLAUSIBILITY,RETIRED_PN,"not applicable, no requirement is cited by the message",not applicable,,"Named in the rubric as a plausibility heuristic. The message is about the shape of a PN value, a single component with no caret delimiters, which PS3.5 Table 6.2-1 permits for VR PN. No Type and no condition is asserted, and dciodvfy emits it at Warning severity with the word dubious. 1,209 of the 1,224 message classes in this SOP class fall under this rule, one per distinct name value, because the census keys a class on the normalised message text and the value sits inside it."
dciodvfy,ac71e161eeb9,Warning - Value dubious for this VR - (TAG) PN Patient's Name PN [1] = <LUNG1-094> - Retired Person Name form,Warning,2,PLAUSIBILITY,RETIRED_PN,"not applicable, no requirement is cited by the message",not applicable,,"Named in the rubric as a plausibility heuristic. The message is about the shape of a PN value, a single component with no caret delimiters, which PS3.5 Table 6.2-1 permits for VR PN. No Type and no condition is asserted, and dciodvfy emits it at Warning severity with the word dubious. 1,209 of the 1,224 message classes in this SOP class fall under this rule, one per distinct name value, because the census keys a class on the normalised message text and the value sits inside it."
dciodvfy,ac7300ffb8a2,Warning - Value dubious for this VR - (TAG) PN Patient's Name PN [1] = <Lung_Dx-A0099> - Retired Person Name form,Warning,2,PLAUSIBILITY,RETIRED_PN,"not applicable, no requirement is cited by the message",not applicable,,"Named in the rubric as a plausibility heuristic. The message is about the shape of a PN value, a single component with no caret delimiters, which PS3.5 Table 6.2-1 permits for VR PN. No Type and no condition is asserted, and dciodvfy emits it at Warning severity with the word dubious. 1,209 of the 1,224 message classes in this SOP class fall under this rule, one per distinct name value, because the census keys a class on the normalised message text and the value sits inside it."
dciodvfy,ac9727376f90,Warning - Value dubious for this VR - (TAG) PN Patient's Name PN [1] = <LUNG1-228> - Retired Person Name form,Warning,2,PLAUSIBILITY,RETIRED_PN,"not applicable, no requirement is cited by the message",not applicable,,"Named in the rubric as a plausibility heuristic. The message is about the shape of a PN value, a single component with no caret delimiters, which PS3.5 Table 6.2-1 permits for VR PN. No Type and no condition is asserted, and dciodvfy emits it at Warning severity with the word dubious. 1,209 of the 1,224 message classes in this SOP class fall under this rule, one per distinct name value, because the census keys a class on the normalised message text and the value sits inside it."
dciodvfy,acadf31ea5cd,Warning - Value dubious for this VR - (TAG) PN Patient's Name PN [1] = <Lung_Dx-A0107> - Retired Person Name form,Warning,2,PLAUSIBILITY,RETIRED_PN,"not applicable, no requirement is cited by the message",not applicable,,"Named in the rubric as a plausibility heuristic. The message is about the shape of a PN value, a single component with no caret delimiters, which PS3.5 Table 6.2-1 permits for VR PN. No Type and no condition is asserted, and dciodvfy emits it at Warning severity with the word dubious. 1,209 of the 1,224 message classes in this SOP class fall under this rule, one per distinct name value, because the census keys a class on the normalised message text and the value sits inside it."
dciodvfy,acced8f373e5,Warning - Value dubious for this VR - (TAG) PN Patient's Name PN [1] = <LUNG1-397> - Retired Person Name form,Warning,2,PLAUSIBILITY,RETIRED_PN,"not applicable, no requirement is cited by the message",not applicable,,"Named in the rubric as a plausibility heuristic. The message is about the shape of a PN value, a single component with no caret delimiters, which PS3.5 Table 6.2-1 permits for VR PN. No Type and no condition is asserted, and dciodvfy emits it at Warning severity with the word dubious. 1,209 of the 1,224 message classes in this SOP class fall under this rule, one per distinct name value, because the census keys a class on the normalised message text and the value sits inside it."
dciodvfy,ae61977b7fe2,Warning - Value dubious for this VR - (TAG) PN Patient's Name PN [1] = <LUNG1-341> - Retired Person Name form,Warning,2,PLAUSIBILITY,RETIRED_PN,"not applicable, no requirement is cited by the message",not applicable,,"Named in the rubric as a plausibility heuristic. The message is about the shape of a PN value, a single component with no caret delimiters, which PS3.5 Table 6.2-1 permits for VR PN. No Type and no condition is asserted, and dciodvfy emits it at Warning severity with the word dubious. 1,209 of the 1,224 message classes in this SOP class fall under this rule, one per distinct name value, because the census keys a class on the normalised message text and the value sits inside it."
dciodvfy,aeb02cb39fd8,Warning - Value dubious for this VR - (TAG) PN Patient's Name PN [1] = <LUNG1-159> - Retired Person Name form,Warning,2,PLAUSIBILITY,RETIRED_PN,"not applicable, no requirement is cited by the message",not applicable,,"Named in the rubric as a plausibility heuristic. The message is about the shape of a PN value, a single component with no caret delimiters, which PS3.5 Table 6.2-1 permits for VR PN. No Type and no condition is asserted, and dciodvfy emits it at Warning severity with the word dubious. 1,209 of the 1,224 message classes in this SOP class fall under this rule, one per distinct name value, because the census keys a class on the normalised message text and the value sits inside it."
dciodvfy,aec13ed01d30,Warning - Value dubious for this VR - (TAG) PN Patient's Name PN [1] = <LUNG1-133> - Retired Person Name form,Warning,2,PLAUSIBILITY,RETIRED_PN,"not applicable, no requirement is cited by the message",not applicable,,"Named in the rubric as a plausibility heuristic. The message is about the shape of a PN value, a single component with no caret delimiters, which PS3.5 Table 6.2-1 permits for VR PN. No Type and no condition is asserted, and dciodvfy emits it at Warning severity with the word dubious. 1,209 of the 1,224 message classes in this SOP class fall under this rule, one per distinct name value, because the census keys a class on the normalised message text and the value sits inside it."
dciodvfy,aed85c66e0a7,Warning - Value dubious for this VR - (TAG) PN Patient's Name PN [1] = <Lung_Dx-A0075> - Retired Person Name form,Warning,2,PLAUSIBILITY,RETIRED_PN,"not applicable, no requirement is cited by the message",not applicable,,"Named in the rubric as a plausibility heuristic. The message is about the shape of a PN value, a single component with no caret delimiters, which PS3.5 Table 6.2-1 permits for VR PN. No Type and no condition is asserted, and dciodvfy emits it at Warning severity with the word dubious. 1,209 of the 1,224 message classes in this SOP class fall under this rule, one per distinct name value, because the census keys a class on the normalised message text and the value sits inside it."
dciodvfy,af7c3c845492,Warning - Value dubious for this VR - (TAG) PN Patient's Name PN [1] = <LUNG1-244> - Retired Person Name form,Warning,2,PLAUSIBILITY,RETIRED_PN,"not applicable, no requirement is cited by the message",not applicable,,"Named in the rubric as a plausibility heuristic. The message is about the shape of a PN value, a single component with no caret delimiters, which PS3.5 Table 6.2-1 permits for VR PN. No Type and no condition is asserted, and dciodvfy emits it at Warning severity with the word dubious. 1,209 of the 1,224 message classes in this SOP class fall under this rule, one per distinct name value, because the census keys a class on the normalised message text and the value sits inside it."
dciodvfy,afcc218565fa,Warning - Value dubious for this VR - (TAG) PN Patient's Name PN [1] = <LUNG1-007> - Retired Person Name form,Warning,2,PLAUSIBILITY,RETIRED_PN,"not applicable, no requirement is cited by the message",not applicable,,"Named in the rubric as a plausibility heuristic. The message is about the shape of a PN value, a single component with no caret delimiters, which PS3.5 Table 6.2-1 permits for VR PN. No Type and no condition is asserted, and dciodvfy emits it at Warning severity with the word dubious. 1,209 of the 1,224 message classes in this SOP class fall under this rule, one per distinct name value, because the census keys a class on the normalised message text and the value sits inside it."
dciodvfy,b0d080dd44f5,Warning - Value dubious for this VR - (TAG) PN Patient's Name PN [1] = <LUNG1-002> - Retired Person Name form,Warning,2,PLAUSIBILITY,RETIRED_PN,"not applicable, no requirement is cited by the message",not applicable,,"Named in the rubric as a plausibility heuristic. The message is about the shape of a PN value, a single component with no caret delimiters, which PS3.5 Table 6.2-1 permits for VR PN. No Type and no condition is asserted, and dciodvfy emits it at Warning severity with the word dubious. 1,209 of the 1,224 message classes in this SOP class fall under this rule, one per distinct name value, because the census keys a class on the normalised message text and the value sits inside it."
dciodvfy,b118e3130544,Warning - Value dubious for this VR - (TAG) PN Patient's Name PN [1] = <Lung_Dx-B0017> - Retired Person Name form,Warning,2,PLAUSIBILITY,RETIRED_PN,"not applicable, no requirement is cited by the message",not applicable,,"Named in the rubric as a plausibility heuristic. The message is about the shape of a PN value, a single component with no caret delimiters, which PS3.5 Table 6.2-1 permits for VR PN. No Type and no condition is asserted, and dciodvfy emits it at Warning severity with the word dubious. 1,209 of the 1,224 message classes in this SOP class fall under this rule, one per distinct name value, because the census keys a class on the normalised message text and the value sits inside it."
dciodvfy,b16abb6f5b51,Warning - Value dubious for this VR - (TAG) PN Patient's Name PN [1] = <LUNG1-395> - Retired Person Name form,Warning,2,PLAUSIBILITY,RETIRED_PN,"not applicable, no requirement is cited by the message",not applicable,,"Named in the rubric as a plausibility heuristic. The message is about the shape of a PN value, a single component with no caret delimiters, which PS3.5 Table 6.2-1 permits for VR PN. No Type and no condition is asserted, and dciodvfy emits it at Warning severity with the word dubious. 1,209 of the 1,224 message classes in this SOP class fall under this rule, one per distinct name value, because the census keys a class on the normalised message text and the value sits inside it."
dciodvfy,b208d94ce5bb,Warning - Value dubious for this VR - (TAG) PN Patient's Name PN [1] = <LUNG1-393> - Retired Person Name form,Warning,2,PLAUSIBILITY,RETIRED_PN,"not applicable, no requirement is cited by the message",not applicable,,"Named in the rubric as a plausibility heuristic. The message is about the shape of a PN value, a single component with no caret delimiters, which PS3.5 Table 6.2-1 permits for VR PN. No Type and no condition is asserted, and dciodvfy emits it at Warning severity with the word dubious. 1,209 of the 1,224 message classes in this SOP class fall under this rule, one per distinct name value, because the census keys a class on the normalised message text and the value sits inside it."
dciodvfy,b213d51c096b,Warning - Value dubious for this VR - (TAG) PN Patient's Name PN [1] = <LUNG1-352> - Retired Person Name form,Warning,2,PLAUSIBILITY,RETIRED_PN,"not applicable, no requirement is cited by the message",not applicable,,"Named in the rubric as a plausibility heuristic. The message is about the shape of a PN value, a single component with no caret delimiters, which PS3.5 Table 6.2-1 permits for VR PN. No Type and no condition is asserted, and dciodvfy emits it at Warning severity with the word dubious. 1,209 of the 1,224 message classes in this SOP class fall under this rule, one per distinct name value, because the census keys a class on the normalised message text and the value sits inside it."
dciodvfy,b2818b29031c,Warning - Value dubious for this VR - (TAG) PN Patient's Name PN [1] = <LUNG1-416> - Retired Person Name form,Warning,2,PLAUSIBILITY,RETIRED_PN,"not applicable, no requirement is cited by the message",not applicable,,"Named in the rubric as a plausibility heuristic. The message is about the shape of a PN value, a single component with no caret delimiters, which PS3.5 Table 6.2-1 permits for VR PN. No Type and no condition is asserted, and dciodvfy emits it at Warning severity with the word dubious. 1,209 of the 1,224 message classes in this SOP class fall under this rule, one per distinct name value, because the census keys a class on the normalised message text and the value sits inside it."
dciodvfy,b29e5ecf11b8,Warning - Value dubious for this VR - (TAG) PN Patient's Name PN [1] = <Lung_Dx-A0139> - Retired Person Name form,Warning,2,PLAUSIBILITY,RETIRED_PN,"not applicable, no requirement is cited by the message",not applicable,,"Named in the rubric as a plausibility heuristic. The message is about the shape of a PN value, a single component with no caret delimiters, which PS3.5 Table 6.2-1 permits for VR PN. No Type and no condition is asserted, and dciodvfy emits it at Warning severity with the word dubious. 1,209 of the 1,224 message classes in this SOP class fall under this rule, one per distinct name value, because the census keys a class on the normalised message text and the value sits inside it."
dciodvfy,b2cfb19d3cda,Warning - Value dubious for this VR - (TAG) PN Patient's Name PN [1] = <LUNG1-019> - Retired Person Name form,Warning,2,PLAUSIBILITY,RETIRED_PN,"not applicable, no requirement is cited by the message",not applicable,,"Named in the rubric as a plausibility heuristic. The message is about the shape of a PN value, a single component with no caret delimiters, which PS3.5 Table 6.2-1 permits for VR PN. No Type and no condition is asserted, and dciodvfy emits it at Warning severity with the word dubious. 1,209 of the 1,224 message classes in this SOP class fall under this rule, one per distinct name value, because the census keys a class on the normalised message text and the value sits inside it."
dciodvfy,b3953dd2d5ad,Warning - Value dubious for this VR - (TAG) PN Patient's Name PN [1] = <Lung_Dx-G0027> - Retired Person Name form,Warning,2,PLAUSIBILITY,RETIRED_PN,"not applicable, no requirement is cited by the message",not applicable,,"Named in the rubric as a plausibility heuristic. The message is about the shape of a PN value, a single component with no caret delimiters, which PS3.5 Table 6.2-1 permits for VR PN. No Type and no condition is asserted, and dciodvfy emits it at Warning severity with the word dubious. 1,209 of the 1,224 message classes in this SOP class fall under this rule, one per distinct name value, because the census keys a class on the normalised message text and the value sits inside it."
dciodvfy,b3daa5e45720,Warning - Value dubious for this VR - (TAG) PN Patient's Name PN [1] = <LUNG1-338> - Retired Person Name form,Warning,2,PLAUSIBILITY,RETIRED_PN,"not applicable, no requirement is cited by the message",not applicable,,"Named in the rubric as a plausibility heuristic. The message is about the shape of a PN value, a single component with no caret delimiters, which PS3.5 Table 6.2-1 permits for VR PN. No Type and no condition is asserted, and dciodvfy emits it at Warning severity with the word dubious. 1,209 of the 1,224 message classes in this SOP class fall under this rule, one per distinct name value, because the census keys a class on the normalised message text and the value sits inside it."
dciodvfy,b3f0105be82a,Warning - Value dubious for this VR - (TAG) PN Patient's Name PN [1] = <LUNG1-166> - Retired Person Name form,Warning,2,PLAUSIBILITY,RETIRED_PN,"not applicable, no requirement is cited by the message",not applicable,,"Named in the rubric as a plausibility heuristic. The message is about the shape of a PN value, a single component with no caret delimiters, which PS3.5 Table 6.2-1 permits for VR PN. No Type and no condition is asserted, and dciodvfy emits it at Warning severity with the word dubious. 1,209 of the 1,224 message classes in this SOP class fall under this rule, one per distinct name value, because the census keys a class on the normalised message text and the value sits inside it."
dciodvfy,b42db0e0baaf,Warning - Value dubious for this VR - (TAG) PN Patient's Name PN [1] = <LUNG1-136> - Retired Person Name form,Warning,2,PLAUSIBILITY,RETIRED_PN,"not applicable, no requirement is cited by the message",not applicable,,"Named in the rubric as a plausibility heuristic. The message is about the shape of a PN value, a single component with no caret delimiters, which PS3.5 Table 6.2-1 permits for VR PN. No Type and no condition is asserted, and dciodvfy emits it at Warning severity with the word dubious. 1,209 of the 1,224 message classes in this SOP class fall under this rule, one per distinct name value, because the census keys a class on the normalised message text and the value sits inside it."
dciodvfy,b47e43057f3d,Warning - Value dubious for this VR - (TAG) PN Patient's Name PN [1] = <LUNG1-315> - Retired Person Name form,Warning,2,PLAUSIBILITY,RETIRED_PN,"not applicable, no requirement is cited by the message",not applicable,,"Named in the rubric as a plausibility heuristic. The message is about the shape of a PN value, a single component with no caret delimiters, which PS3.5 Table 6.2-1 permits for VR PN. No Type and no condition is asserted, and dciodvfy emits it at Warning severity with the word dubious. 1,209 of the 1,224 message classes in this SOP class fall under this rule, one per distinct name value, because the census keys a class on the normalised message text and the value sits inside it."
dciodvfy,b5077fe1f3c0,Warning - Value dubious for this VR - (TAG) PN Patient's Name PN [1] = <Lung_Dx-B0044> - Retired Person Name form,Warning,2,PLAUSIBILITY,RETIRED_PN,"not applicable, no requirement is cited by the message",not applicable,,"Named in the rubric as a plausibility heuristic. The message is about the shape of a PN value, a single component with no caret delimiters, which PS3.5 Table 6.2-1 permits for VR PN. No Type and no condition is asserted, and dciodvfy emits it at Warning severity with the word dubious. 1,209 of the 1,224 message classes in this SOP class fall under this rule, one per distinct name value, because the census keys a class on the normalised message text and the value sits inside it."
dciodvfy,b573c40e9b36,Warning - Value dubious for this VR - (TAG) PN Patient's Name PN [1] = <LUNG1-054> - Retired Person Name form,Warning,2,PLAUSIBILITY,RETIRED_PN,"not applicable, no requirement is cited by the message",not applicable,,"Named in the rubric as a plausibility heuristic. The message is about the shape of a PN value, a single component with no caret delimiters, which PS3.5 Table 6.2-1 permits for VR PN. No Type and no condition is asserted, and dciodvfy emits it at Warning severity with the word dubious. 1,209 of the 1,224 message classes in this SOP class fall under this rule, one per distinct name value, because the census keys a class on the normalised message text and the value sits inside it."
dciodvfy,b5791a7f76d2,Warning - Value dubious for this VR - (TAG) PN Patient's Name PN [1] = <Lung_Dx-A0157> - Retired Person Name form,Warning,2,PLAUSIBILITY,RETIRED_PN,"not applicable, no requirement is cited by the message",not applicable,,"Named in the rubric as a plausibility heuristic. The message is about the shape of a PN value, a single component with no caret delimiters, which PS3.5 Table 6.2-1 permits for VR PN. No Type and no condition is asserted, and dciodvfy emits it at Warning severity with the word dubious. 1,209 of the 1,224 message classes in this SOP class fall under this rule, one per distinct name value, because the census keys a class on the normalised message text and the value sits inside it."
dciodvfy,b5c2beebe81e,Warning - Value dubious for this VR - (TAG) PN Patient's Name PN [1] = <Lung_Dx-B0015> - Retired Person Name form,Warning,2,PLAUSIBILITY,RETIRED_PN,"not applicable, no requirement is cited by the message",not applicable,,"Named in the rubric as a plausibility heuristic. The message is about the shape of a PN value, a single component with no caret delimiters, which PS3.5 Table 6.2-1 permits for VR PN. No Type and no condition is asserted, and dciodvfy emits it at Warning severity with the word dubious. 1,209 of the 1,224 message classes in this SOP class fall under this rule, one per distinct name value, because the census keys a class on the normalised message text and the value sits inside it."
dciodvfy,b5fc1a766a76,Warning - Value dubious for this VR - (TAG) PN Patient's Name PN [1] = <Lung_Dx-A0088> - Retired Person Name form,Warning,2,PLAUSIBILITY,RETIRED_PN,"not applicable, no requirement is cited by the message",not applicable,,"Named in the rubric as a plausibility heuristic. The message is about the shape of a PN value, a single component with no caret delimiters, which PS3.5 Table 6.2-1 permits for VR PN. No Type and no condition is asserted, and dciodvfy emits it at Warning severity with the word dubious. 1,209 of the 1,224 message classes in this SOP class fall under this rule, one per distinct name value, because the census keys a class on the normalised message text and the value sits inside it."
dciodvfy,b650843e009d,Warning - Value dubious for this VR - (TAG) PN Patient's Name PN [1] = <LUNG1-196> - Retired Person Name form,Warning,2,PLAUSIBILITY,RETIRED_PN,"not applicable, no requirement is cited by the message",not applicable,,"Named in the rubric as a plausibility heuristic. The message is about the shape of a PN value, a single component with no caret delimiters, which PS3.5 Table 6.2-1 permits for VR PN. No Type and no condition is asserted, and dciodvfy emits it at Warning severity with the word dubious. 1,209 of the 1,224 message classes in this SOP class fall under this rule, one per distinct name value, because the census keys a class on the normalised message text and the value sits inside it."
dciodvfy,b659838a8654,Warning - Value dubious for this VR - (TAG) PN Patient's Name PN [1] = <LUNG1-201> - Retired Person Name form,Warning,2,PLAUSIBILITY,RETIRED_PN,"not applicable, no requirement is cited by the message",not applicable,,"Named in the rubric as a plausibility heuristic. The message is about the shape of a PN value, a single component with no caret delimiters, which PS3.5 Table 6.2-1 permits for VR PN. No Type and no condition is asserted, and dciodvfy emits it at Warning severity with the word dubious. 1,209 of the 1,224 message classes in this SOP class fall under this rule, one per distinct name value, because the census keys a class on the normalised message text and the value sits inside it."
dciodvfy,b7517e7391ee,Warning - Value dubious for this VR - (TAG) PN Patient's Name PN [1] = <LUNG1-359> - Retired Person Name form,Warning,2,PLAUSIBILITY,RETIRED_PN,"not applicable, no requirement is cited by the message",not applicable,,"Named in the rubric as a plausibility heuristic. The message is about the shape of a PN value, a single component with no caret delimiters, which PS3.5 Table 6.2-1 permits for VR PN. No Type and no condition is asserted, and dciodvfy emits it at Warning severity with the word dubious. 1,209 of the 1,224 message classes in this SOP class fall under this rule, one per distinct name value, because the census keys a class on the normalised message text and the value sits inside it."
dciodvfy,b7549fbe48ea,Warning - Value dubious for this VR - (TAG) PN Patient's Name PN [1] = <Lung_Dx-G0018> - Retired Person Name form,Warning,2,PLAUSIBILITY,RETIRED_PN,"not applicable, no requirement is cited by the message",not applicable,,"Named in the rubric as a plausibility heuristic. The message is about the shape of a PN value, a single component with no caret delimiters, which PS3.5 Table 6.2-1 permits for VR PN. No Type and no condition is asserted, and dciodvfy emits it at Warning severity with the word dubious. 1,209 of the 1,224 message classes in this SOP class fall under this rule, one per distinct name value, because the census keys a class on the normalised message text and the value sits inside it."
dciodvfy,b76b6ba34a8e,Warning - Value dubious for this VR - (TAG) PN Patient's Name PN [1] = <Lung_Dx-G0025> - Retired Person Name form,Warning,2,PLAUSIBILITY,RETIRED_PN,"not applicable, no requirement is cited by the message",not applicable,,"Named in the rubric as a plausibility heuristic. The message is about the shape of a PN value, a single component with no caret delimiters, which PS3.5 Table 6.2-1 permits for VR PN. No Type and no condition is asserted, and dciodvfy emits it at Warning severity with the word dubious. 1,209 of the 1,224 message classes in this SOP class fall under this rule, one per distinct name value, because the census keys a class on the normalised message text and the value sits inside it."
dciodvfy,b7ea5c3e1950,Warning - Value dubious for this VR - (TAG) PN Patient's Name PN [1] = <LUNG1-384> - Retired Person Name form,Warning,2,PLAUSIBILITY,RETIRED_PN,"not applicable, no requirement is cited by the message",not applicable,,"Named in the rubric as a plausibility heuristic. The message is about the shape of a PN value, a single component with no caret delimiters, which PS3.5 Table 6.2-1 permits for VR PN. No Type and no condition is asserted, and dciodvfy emits it at Warning severity with the word dubious. 1,209 of the 1,224 message classes in this SOP class fall under this rule, one per distinct name value, because the census keys a class on the normalised message text and the value sits inside it."
dciodvfy,b827e08f693d,Warning - Value dubious for this VR - (TAG) PN Patient's Name PN [1] = <LUNG1-128> - Retired Person Name form,Warning,2,PLAUSIBILITY,RETIRED_PN,"not applicable, no requirement is cited by the message",not applicable,,"Named in the rubric as a plausibility heuristic. The message is about the shape of a PN value, a single component with no caret delimiters, which PS3.5 Table 6.2-1 permits for VR PN. No Type and no condition is asserted, and dciodvfy emits it at Warning severity with the word dubious. 1,209 of the 1,224 message classes in this SOP class fall under this rule, one per distinct name value, because the census keys a class on the normalised message text and the value sits inside it."
dciodvfy,b88337d1a453,Warning - Value dubious for this VR - (TAG) PN Patient's Name PN [1] = <LUNG1-386> - Retired Person Name form,Warning,2,PLAUSIBILITY,RETIRED_PN,"not applicable, no requirement is cited by the message",not applicable,,"Named in the rubric as a plausibility heuristic. The message is about the shape of a PN value, a single component with no caret delimiters, which PS3.5 Table 6.2-1 permits for VR PN. No Type and no condition is asserted, and dciodvfy emits it at Warning severity with the word dubious. 1,209 of the 1,224 message classes in this SOP class fall under this rule, one per distinct name value, because the census keys a class on the normalised message text and the value sits inside it."
dciodvfy,b950cbe4568f,Warning - Value dubious for this VR - (TAG) PN Patient's Name PN [1] = <LUNG1-022> - Retired Person Name form,Warning,2,PLAUSIBILITY,RETIRED_PN,"not applicable, no requirement is cited by the message",not applicable,,"Named in the rubric as a plausibility heuristic. The message is about the shape of a PN value, a single component with no caret delimiters, which PS3.5 Table 6.2-1 permits for VR PN. No Type and no condition is asserted, and dciodvfy emits it at Warning severity with the word dubious. 1,209 of the 1,224 message classes in this SOP class fall under this rule, one per distinct name value, because the census keys a class on the normalised message text and the value sits inside it."
dciodvfy,b9d3d3c78c41,Warning - Value dubious for this VR - (TAG) PN Patient's Name PN [1] = <Lung_Dx-A0013> - Retired Person Name form,Warning,2,PLAUSIBILITY,RETIRED_PN,"not applicable, no requirement is cited by the message",not applicable,,"Named in the rubric as a plausibility heuristic. The message is about the shape of a PN value, a single component with no caret delimiters, which PS3.5 Table 6.2-1 permits for VR PN. No Type and no condition is asserted, and dciodvfy emits it at Warning severity with the word dubious. 1,209 of the 1,224 message classes in this SOP class fall under this rule, one per distinct name value, because the census keys a class on the normalised message text and the value sits inside it."
dciodvfy,b9e0d6a55ca7,Warning - Value dubious for this VR - (TAG) PN Patient's Name PN [1] = <LUNG1-034> - Retired Person Name form,Warning,2,PLAUSIBILITY,RETIRED_PN,"not applicable, no requirement is cited by the message",not applicable,,"Named in the rubric as a plausibility heuristic. The message is about the shape of a PN value, a single component with no caret delimiters, which PS3.5 Table 6.2-1 permits for VR PN. No Type and no condition is asserted, and dciodvfy emits it at Warning severity with the word dubious. 1,209 of the 1,224 message classes in this SOP class fall under this rule, one per distinct name value, because the census keys a class on the normalised message text and the value sits inside it."
dciodvfy,bc6800a9c077,Warning - Value dubious for this VR - (TAG) PN Patient's Name PN [1] = <Lung_Dx-B0004> - Retired Person Name form,Warning,2,PLAUSIBILITY,RETIRED_PN,"not applicable, no requirement is cited by the message",not applicable,,"Named in the rubric as a plausibility heuristic. The message is about the shape of a PN value, a single component with no caret delimiters, which PS3.5 Table 6.2-1 permits for VR PN. No Type and no condition is asserted, and dciodvfy emits it at Warning severity with the word dubious. 1,209 of the 1,224 message classes in this SOP class fall under this rule, one per distinct name value, because the census keys a class on the normalised message text and the value sits inside it."
dciodvfy,bc6e719faf65,Warning - Value dubious for this VR - (TAG) PN Patient's Name PN [1] = <Lung_Dx-B0027> - Retired Person Name form,Warning,2,PLAUSIBILITY,RETIRED_PN,"not applicable, no requirement is cited by the message",not applicable,,"Named in the rubric as a plausibility heuristic. The message is about the shape of a PN value, a single component with no caret delimiters, which PS3.5 Table 6.2-1 permits for VR PN. No Type and no condition is asserted, and dciodvfy emits it at Warning severity with the word dubious. 1,209 of the 1,224 message classes in this SOP class fall under this rule, one per distinct name value, because the census keys a class on the normalised message text and the value sits inside it."
dciodvfy,bd1520566fea,Warning - Value dubious for this VR - (TAG) PN Patient's Name PN [1] = <Lung_Dx-A0004> - Retired Person Name form,Warning,2,PLAUSIBILITY,RETIRED_PN,"not applicable, no requirement is cited by the message",not applicable,,"Named in the rubric as a plausibility heuristic. The message is about the shape of a PN value, a single component with no caret delimiters, which PS3.5 Table 6.2-1 permits for VR PN. No Type and no condition is asserted, and dciodvfy emits it at Warning severity with the word dubious. 1,209 of the 1,224 message classes in this SOP class fall under this rule, one per distinct name value, because the census keys a class on the normalised message text and the value sits inside it."
dciodvfy,be2f947084e3,Warning - Value dubious for this VR - (TAG) PN Patient's Name PN [1] = <Lung_Dx-A0017> - Retired Person Name form,Warning,2,PLAUSIBILITY,RETIRED_PN,"not applicable, no requirement is cited by the message",not applicable,,"Named in the rubric as a plausibility heuristic. The message is about the shape of a PN value, a single component with no caret delimiters, which PS3.5 Table 6.2-1 permits for VR PN. No Type and no condition is asserted, and dciodvfy emits it at Warning severity with the word dubious. 1,209 of the 1,224 message classes in this SOP class fall under this rule, one per distinct name value, because the census keys a class on the normalised message text and the value sits inside it."
dciodvfy,bf9149f61979,Warning - Value dubious for this VR - (TAG) PN Patient's Name PN [1] = <LUNG1-145> - Retired Person Name form,Warning,2,PLAUSIBILITY,RETIRED_PN,"not applicable, no requirement is cited by the message",not applicable,,"Named in the rubric as a plausibility heuristic. The message is about the shape of a PN value, a single component with no caret delimiters, which PS3.5 Table 6.2-1 permits for VR PN. No Type and no condition is asserted, and dciodvfy emits it at Warning severity with the word dubious. 1,209 of the 1,224 message classes in this SOP class fall under this rule, one per distinct name value, because the census keys a class on the normalised message text and the value sits inside it."
dciodvfy,bfde5aa58908,Warning - Value dubious for this VR - (TAG) PN Patient's Name PN [1] = <LUNG1-420> - Retired Person Name form,Warning,2,PLAUSIBILITY,RETIRED_PN,"not applicable, no requirement is cited by the message",not applicable,,"Named in the rubric as a plausibility heuristic. The message is about the shape of a PN value, a single component with no caret delimiters, which PS3.5 Table 6.2-1 permits for VR PN. No Type and no condition is asserted, and dciodvfy emits it at Warning severity with the word dubious. 1,209 of the 1,224 message classes in this SOP class fall under this rule, one per distinct name value, because the census keys a class on the normalised message text and the value sits inside it."
dciodvfy,c07cffcd2f8a,Warning - Value dubious for this VR - (TAG) PN Patient's Name PN [1] = <LUNG1-011> - Retired Person Name form,Warning,2,PLAUSIBILITY,RETIRED_PN,"not applicable, no requirement is cited by the message",not applicable,,"Named in the rubric as a plausibility heuristic. The message is about the shape of a PN value, a single component with no caret delimiters, which PS3.5 Table 6.2-1 permits for VR PN. No Type and no condition is asserted, and dciodvfy emits it at Warning severity with the word dubious. 1,209 of the 1,224 message classes in this SOP class fall under this rule, one per distinct name value, because the census keys a class on the normalised message text and the value sits inside it."
dciodvfy,c0f5e002d7fe,Warning - Value dubious for this VR - (TAG) PN Patient's Name PN [1] = <Lung_Dx-B0012> - Retired Person Name form,Warning,2,PLAUSIBILITY,RETIRED_PN,"not applicable, no requirement is cited by the message",not applicable,,"Named in the rubric as a plausibility heuristic. The message is about the shape of a PN value, a single component with no caret delimiters, which PS3.5 Table 6.2-1 permits for VR PN. No Type and no condition is asserted, and dciodvfy emits it at Warning severity with the word dubious. 1,209 of the 1,224 message classes in this SOP class fall under this rule, one per distinct name value, because the census keys a class on the normalised message text and the value sits inside it."
dciodvfy,c11b075d433a,Warning - Value dubious for this VR - (TAG) PN Patient's Name PN [1] = <LUNG1-029> - Retired Person Name form,Warning,2,PLAUSIBILITY,RETIRED_PN,"not applicable, no requirement is cited by the message",not applicable,,"Named in the rubric as a plausibility heuristic. The message is about the shape of a PN value, a single component with no caret delimiters, which PS3.5 Table 6.2-1 permits for VR PN. No Type and no condition is asserted, and dciodvfy emits it at Warning severity with the word dubious. 1,209 of the 1,224 message classes in this SOP class fall under this rule, one per distinct name value, because the census keys a class on the normalised message text and the value sits inside it."
dciodvfy,c1239f85591a,Warning - Value dubious for this VR - (TAG) PN Patient's Name PN [1] = <Lung_Dx-A0043> - Retired Person Name form,Warning,2,PLAUSIBILITY,RETIRED_PN,"not applicable, no requirement is cited by the message",not applicable,,"Named in the rubric as a plausibility heuristic. The message is about the shape of a PN value, a single component with no caret delimiters, which PS3.5 Table 6.2-1 permits for VR PN. No Type and no condition is asserted, and dciodvfy emits it at Warning severity with the word dubious. 1,209 of the 1,224 message classes in this SOP class fall under this rule, one per distinct name value, because the census keys a class on the normalised message text and the value sits inside it."
dciodvfy,c197f25f466e,Warning - Value dubious for this VR - (TAG) PN Patient's Name PN [1] = <LUNG1-271> - Retired Person Name form,Warning,2,PLAUSIBILITY,RETIRED_PN,"not applicable, no requirement is cited by the message",not applicable,,"Named in the rubric as a plausibility heuristic. The message is about the shape of a PN value, a single component with no caret delimiters, which PS3.5 Table 6.2-1 permits for VR PN. No Type and no condition is asserted, and dciodvfy emits it at Warning severity with the word dubious. 1,209 of the 1,224 message classes in this SOP class fall under this rule, one per distinct name value, because the census keys a class on the normalised message text and the value sits inside it."
dciodvfy,c1f16cd01021,Warning - Value dubious for this VR - (TAG) PN Patient's Name PN [1] = <LUNG1-343> - Retired Person Name form,Warning,2,PLAUSIBILITY,RETIRED_PN,"not applicable, no requirement is cited by the message",not applicable,,"Named in the rubric as a plausibility heuristic. The message is about the shape of a PN value, a single component with no caret delimiters, which PS3.5 Table 6.2-1 permits for VR PN. No Type and no condition is asserted, and dciodvfy emits it at Warning severity with the word dubious. 1,209 of the 1,224 message classes in this SOP class fall under this rule, one per distinct name value, because the census keys a class on the normalised message text and the value sits inside it."
dciodvfy,c2179bfd77b9,Warning - Value dubious for this VR - (TAG) PN Patient's Name PN [1] = <Lung_Dx-B0031> - Retired Person Name form,Warning,2,PLAUSIBILITY,RETIRED_PN,"not applicable, no requirement is cited by the message",not applicable,,"Named in the rubric as a plausibility heuristic. The message is about the shape of a PN value, a single component with no caret delimiters, which PS3.5 Table 6.2-1 permits for VR PN. No Type and no condition is asserted, and dciodvfy emits it at Warning severity with the word dubious. 1,209 of the 1,224 message classes in this SOP class fall under this rule, one per distinct name value, because the census keys a class on the normalised message text and the value sits inside it."
dciodvfy,c274c8fb269b,Warning - Value dubious for this VR - (TAG) PN Patient's Name PN [1] = <LUNG1-251> - Retired Person Name form,Warning,2,PLAUSIBILITY,RETIRED_PN,"not applicable, no requirement is cited by the message",not applicable,,"Named in the rubric as a plausibility heuristic. The message is about the shape of a PN value, a single component with no caret delimiters, which PS3.5 Table 6.2-1 permits for VR PN. No Type and no condition is asserted, and dciodvfy emits it at Warning severity with the word dubious. 1,209 of the 1,224 message classes in this SOP class fall under this rule, one per distinct name value, because the census keys a class on the normalised message text and the value sits inside it."
dciodvfy,c34da13f4520,Warning - Value dubious for this VR - (TAG) PN Patient's Name PN [1] = <Lung_Dx-A0115> - Retired Person Name form,Warning,2,PLAUSIBILITY,RETIRED_PN,"not applicable, no requirement is cited by the message",not applicable,,"Named in the rubric as a plausibility heuristic. The message is about the shape of a PN value, a single component with no caret delimiters, which PS3.5 Table 6.2-1 permits for VR PN. No Type and no condition is asserted, and dciodvfy emits it at Warning severity with the word dubious. 1,209 of the 1,224 message classes in this SOP class fall under this rule, one per distinct name value, because the census keys a class on the normalised message text and the value sits inside it."
dciodvfy,c35875d88f94,Warning - Value dubious for this VR - (TAG) PN Patient's Name PN [1] = <LUNG1-165> - Retired Person Name form,Warning,2,PLAUSIBILITY,RETIRED_PN,"not applicable, no requirement is cited by the message",not applicable,,"Named in the rubric as a plausibility heuristic. The message is about the shape of a PN value, a single component with no caret delimiters, which PS3.5 Table 6.2-1 permits for VR PN. No Type and no condition is asserted, and dciodvfy emits it at Warning severity with the word dubious. 1,209 of the 1,224 message classes in this SOP class fall under this rule, one per distinct name value, because the census keys a class on the normalised message text and the value sits inside it."
dciodvfy,c3b5088afc4b,Warning - Value dubious for this VR - (TAG) PN Patient's Name PN [1] = <Lung_Dx-A0145> - Retired Person Name form,Warning,2,PLAUSIBILITY,RETIRED_PN,"not applicable, no requirement is cited by the message",not applicable,,"Named in the rubric as a plausibility heuristic. The message is about the shape of a PN value, a single component with no caret delimiters, which PS3.5 Table 6.2-1 permits for VR PN. No Type and no condition is asserted, and dciodvfy emits it at Warning severity with the word dubious. 1,209 of the 1,224 message classes in this SOP class fall under this rule, one per distinct name value, because the census keys a class on the normalised message text and the value sits inside it."
dciodvfy,c5e80d61add7,Warning - Value dubious for this VR - (TAG) PN Patient's Name PN [1] = <LUNG1-243> - Retired Person Name form,Warning,2,PLAUSIBILITY,RETIRED_PN,"not applicable, no requirement is cited by the message",not applicable,,"Named in the rubric as a plausibility heuristic. The message is about the shape of a PN value, a single component with no caret delimiters, which PS3.5 Table 6.2-1 permits for VR PN. No Type and no condition is asserted, and dciodvfy emits it at Warning severity with the word dubious. 1,209 of the 1,224 message classes in this SOP class fall under this rule, one per distinct name value, because the census keys a class on the normalised message text and the value sits inside it."
dciodvfy,c68b6f80c01b,Warning - Value dubious for this VR - (TAG) PN Patient's Name PN [1] = <LUNG1-013> - Retired Person Name form,Warning,2,PLAUSIBILITY,RETIRED_PN,"not applicable, no requirement is cited by the message",not applicable,,"Named in the rubric as a plausibility heuristic. The message is about the shape of a PN value, a single component with no caret delimiters, which PS3.5 Table 6.2-1 permits for VR PN. No Type and no condition is asserted, and dciodvfy emits it at Warning severity with the word dubious. 1,209 of the 1,224 message classes in this SOP class fall under this rule, one per distinct name value, because the census keys a class on the normalised message text and the value sits inside it."
dciodvfy,c6ca9e37eb46,Warning - Value dubious for this VR - (TAG) PN Patient's Name PN [1] = <LUNG1-086> - Retired Person Name form,Warning,2,PLAUSIBILITY,RETIRED_PN,"not applicable, no requirement is cited by the message",not applicable,,"Named in the rubric as a plausibility heuristic. The message is about the shape of a PN value, a single component with no caret delimiters, which PS3.5 Table 6.2-1 permits for VR PN. No Type and no condition is asserted, and dciodvfy emits it at Warning severity with the word dubious. 1,209 of the 1,224 message classes in this SOP class fall under this rule, one per distinct name value, because the census keys a class on the normalised message text and the value sits inside it."
dciodvfy,c6d47c7228a4,Warning - Value dubious for this VR - (TAG) PN Patient's Name PN [1] = <Lung_Dx-G0022> - Retired Person Name form,Warning,2,PLAUSIBILITY,RETIRED_PN,"not applicable, no requirement is cited by the message",not applicable,,"Named in the rubric as a plausibility heuristic. The message is about the shape of a PN value, a single component with no caret delimiters, which PS3.5 Table 6.2-1 permits for VR PN. No Type and no condition is asserted, and dciodvfy emits it at Warning severity with the word dubious. 1,209 of the 1,224 message classes in this SOP class fall under this rule, one per distinct name value, because the census keys a class on the normalised message text and the value sits inside it."
dciodvfy,c7169b57b28d,Warning - Value dubious for this VR - (TAG) PN Patient's Name PN [1] = <Lung_Dx-A0150> - Retired Person Name form,Warning,2,PLAUSIBILITY,RETIRED_PN,"not applicable, no requirement is cited by the message",not applicable,,"Named in the rubric as a plausibility heuristic. The message is about the shape of a PN value, a single component with no caret delimiters, which PS3.5 Table 6.2-1 permits for VR PN. No Type and no condition is asserted, and dciodvfy emits it at Warning severity with the word dubious. 1,209 of the 1,224 message classes in this SOP class fall under this rule, one per distinct name value, because the census keys a class on the normalised message text and the value sits inside it."
dciodvfy,c8b3abaca827,Warning - Value dubious for this VR - (TAG) PN Patient's Name PN [1] = <LUNG1-331> - Retired Person Name form,Warning,2,PLAUSIBILITY,RETIRED_PN,"not applicable, no requirement is cited by the message",not applicable,,"Named in the rubric as a plausibility heuristic. The message is about the shape of a PN value, a single component with no caret delimiters, which PS3.5 Table 6.2-1 permits for VR PN. No Type and no condition is asserted, and dciodvfy emits it at Warning severity with the word dubious. 1,209 of the 1,224 message classes in this SOP class fall under this rule, one per distinct name value, because the census keys a class on the normalised message text and the value sits inside it."
dciodvfy,c931bfd453cb,Warning - Value dubious for this VR - (TAG) PN Patient's Name PN [1] = <LUNG1-065> - Retired Person Name form,Warning,2,PLAUSIBILITY,RETIRED_PN,"not applicable, no requirement is cited by the message",not applicable,,"Named in the rubric as a plausibility heuristic. The message is about the shape of a PN value, a single component with no caret delimiters, which PS3.5 Table 6.2-1 permits for VR PN. No Type and no condition is asserted, and dciodvfy emits it at Warning severity with the word dubious. 1,209 of the 1,224 message classes in this SOP class fall under this rule, one per distinct name value, because the census keys a class on the normalised message text and the value sits inside it."
dciodvfy,c97273ddd397,Warning - Value dubious for this VR - (TAG) PN Patient's Name PN [1] = <LUNG1-283> - Retired Person Name form,Warning,2,PLAUSIBILITY,RETIRED_PN,"not applicable, no requirement is cited by the message",not applicable,,"Named in the rubric as a plausibility heuristic. The message is about the shape of a PN value, a single component with no caret delimiters, which PS3.5 Table 6.2-1 permits for VR PN. No Type and no condition is asserted, and dciodvfy emits it at Warning severity with the word dubious. 1,209 of the 1,224 message classes in this SOP class fall under this rule, one per distinct name value, because the census keys a class on the normalised message text and the value sits inside it."
dciodvfy,c98adf166eff,Warning - Value dubious for this VR - (TAG) PN Patient's Name PN [1] = <LUNG1-146> - Retired Person Name form,Warning,2,PLAUSIBILITY,RETIRED_PN,"not applicable, no requirement is cited by the message",not applicable,,"Named in the rubric as a plausibility heuristic. The message is about the shape of a PN value, a single component with no caret delimiters, which PS3.5 Table 6.2-1 permits for VR PN. No Type and no condition is asserted, and dciodvfy emits it at Warning severity with the word dubious. 1,209 of the 1,224 message classes in this SOP class fall under this rule, one per distinct name value, because the census keys a class on the normalised message text and the value sits inside it."
dciodvfy,ca04648864e0,Warning - Value dubious for this VR - (TAG) PN Patient's Name PN [1] = <LUNG1-003> - Retired Person Name form,Warning,2,PLAUSIBILITY,RETIRED_PN,"not applicable, no requirement is cited by the message",not applicable,,"Named in the rubric as a plausibility heuristic. The message is about the shape of a PN value, a single component with no caret delimiters, which PS3.5 Table 6.2-1 permits for VR PN. No Type and no condition is asserted, and dciodvfy emits it at Warning severity with the word dubious. 1,209 of the 1,224 message classes in this SOP class fall under this rule, one per distinct name value, because the census keys a class on the normalised message text and the value sits inside it."
dciodvfy,ca24e5988635,Warning - Value dubious for this VR - (TAG) PN Patient's Name PN [1] = <LUNG1-262> - Retired Person Name form,Warning,2,PLAUSIBILITY,RETIRED_PN,"not applicable, no requirement is cited by the message",not applicable,,"Named in the rubric as a plausibility heuristic. The message is about the shape of a PN value, a single component with no caret delimiters, which PS3.5 Table 6.2-1 permits for VR PN. No Type and no condition is asserted, and dciodvfy emits it at Warning severity with the word dubious. 1,209 of the 1,224 message classes in this SOP class fall under this rule, one per distinct name value, because the census keys a class on the normalised message text and the value sits inside it."
dciodvfy,cac42125ddd3,Warning - Value dubious for this VR - (TAG) PN Patient's Name PN [1] = <Lung_Dx-G0001> - Retired Person Name form,Warning,2,PLAUSIBILITY,RETIRED_PN,"not applicable, no requirement is cited by the message",not applicable,,"Named in the rubric as a plausibility heuristic. The message is about the shape of a PN value, a single component with no caret delimiters, which PS3.5 Table 6.2-1 permits for VR PN. No Type and no condition is asserted, and dciodvfy emits it at Warning severity with the word dubious. 1,209 of the 1,224 message classes in this SOP class fall under this rule, one per distinct name value, because the census keys a class on the normalised message text and the value sits inside it."
dciodvfy,cae6df2ccefd,Warning - Value dubious for this VR - (TAG) PN Patient's Name PN [1] = <LUNG1-132> - Retired Person Name form,Warning,2,PLAUSIBILITY,RETIRED_PN,"not applicable, no requirement is cited by the message",not applicable,,"Named in the rubric as a plausibility heuristic. The message is about the shape of a PN value, a single component with no caret delimiters, which PS3.5 Table 6.2-1 permits for VR PN. No Type and no condition is asserted, and dciodvfy emits it at Warning severity with the word dubious. 1,209 of the 1,224 message classes in this SOP class fall under this rule, one per distinct name value, because the census keys a class on the normalised message text and the value sits inside it."
dciodvfy,cb843f81b372,Warning - Value dubious for this VR - (TAG) PN Patient's Name PN [1] = <Lung_Dx-G0006> - Retired Person Name form,Warning,2,PLAUSIBILITY,RETIRED_PN,"not applicable, no requirement is cited by the message",not applicable,,"Named in the rubric as a plausibility heuristic. The message is about the shape of a PN value, a single component with no caret delimiters, which PS3.5 Table 6.2-1 permits for VR PN. No Type and no condition is asserted, and dciodvfy emits it at Warning severity with the word dubious. 1,209 of the 1,224 message classes in this SOP class fall under this rule, one per distinct name value, because the census keys a class on the normalised message text and the value sits inside it."
dciodvfy,cbdf55787b08,Warning - Value dubious for this VR - (TAG) PN Patient's Name PN [1] = <LUNG1-217> - Retired Person Name form,Warning,2,PLAUSIBILITY,RETIRED_PN,"not applicable, no requirement is cited by the message",not applicable,,"Named in the rubric as a plausibility heuristic. The message is about the shape of a PN value, a single component with no caret delimiters, which PS3.5 Table 6.2-1 permits for VR PN. No Type and no condition is asserted, and dciodvfy emits it at Warning severity with the word dubious. 1,209 of the 1,224 message classes in this SOP class fall under this rule, one per distinct name value, because the census keys a class on the normalised message text and the value sits inside it."
dciodvfy,cc3c5e838895,Warning - Value dubious for this VR - (TAG) PN Patient's Name PN [1] = <LUNG1-261> - Retired Person Name form,Warning,2,PLAUSIBILITY,RETIRED_PN,"not applicable, no requirement is cited by the message",not applicable,,"Named in the rubric as a plausibility heuristic. The message is about the shape of a PN value, a single component with no caret delimiters, which PS3.5 Table 6.2-1 permits for VR PN. No Type and no condition is asserted, and dciodvfy emits it at Warning severity with the word dubious. 1,209 of the 1,224 message classes in this SOP class fall under this rule, one per distinct name value, because the census keys a class on the normalised message text and the value sits inside it."
dciodvfy,ccfb0ffb0408,Warning - Value dubious for this VR - (TAG) PN Patient's Name PN [1] = <LUNG1-265> - Retired Person Name form,Warning,2,PLAUSIBILITY,RETIRED_PN,"not applicable, no requirement is cited by the message",not applicable,,"Named in the rubric as a plausibility heuristic. The message is about the shape of a PN value, a single component with no caret delimiters, which PS3.5 Table 6.2-1 permits for VR PN. No Type and no condition is asserted, and dciodvfy emits it at Warning severity with the word dubious. 1,209 of the 1,224 message classes in this SOP class fall under this rule, one per distinct name value, because the census keys a class on the normalised message text and the value sits inside it."
dciodvfy,cd1ed8e1dff9,Warning - Value dubious for this VR - (TAG) PN Patient's Name PN [1] = <LUNG1-044> - Retired Person Name form,Warning,2,PLAUSIBILITY,RETIRED_PN,"not applicable, no requirement is cited by the message",not applicable,,"Named in the rubric as a plausibility heuristic. The message is about the shape of a PN value, a single component with no caret delimiters, which PS3.5 Table 6.2-1 permits for VR PN. No Type and no condition is asserted, and dciodvfy emits it at Warning severity with the word dubious. 1,209 of the 1,224 message classes in this SOP class fall under this rule, one per distinct name value, because the census keys a class on the normalised message text and the value sits inside it."
dciodvfy,ce0f2f3c6908,Warning - Value dubious for this VR - (TAG) PN Patient's Name PN [1] = <LUNG1-200> - Retired Person Name form,Warning,2,PLAUSIBILITY,RETIRED_PN,"not applicable, no requirement is cited by the message",not applicable,,"Named in the rubric as a plausibility heuristic. The message is about the shape of a PN value, a single component with no caret delimiters, which PS3.5 Table 6.2-1 permits for VR PN. No Type and no condition is asserted, and dciodvfy emits it at Warning severity with the word dubious. 1,209 of the 1,224 message classes in this SOP class fall under this rule, one per distinct name value, because the census keys a class on the normalised message text and the value sits inside it."
dciodvfy,ceb27a57ea73,Warning - Value dubious for this VR - (TAG) PN Patient's Name PN [1] = <Lung_Dx-A0149> - Retired Person Name form,Warning,2,PLAUSIBILITY,RETIRED_PN,"not applicable, no requirement is cited by the message",not applicable,,"Named in the rubric as a plausibility heuristic. The message is about the shape of a PN value, a single component with no caret delimiters, which PS3.5 Table 6.2-1 permits for VR PN. No Type and no condition is asserted, and dciodvfy emits it at Warning severity with the word dubious. 1,209 of the 1,224 message classes in this SOP class fall under this rule, one per distinct name value, because the census keys a class on the normalised message text and the value sits inside it."
dciodvfy,cf90186634d8,Warning - Value dubious for this VR - (TAG) PN Patient's Name PN [1] = <LUNG1-250> - Retired Person Name form,Warning,2,PLAUSIBILITY,RETIRED_PN,"not applicable, no requirement is cited by the message",not applicable,,"Named in the rubric as a plausibility heuristic. The message is about the shape of a PN value, a single component with no caret delimiters, which PS3.5 Table 6.2-1 permits for VR PN. No Type and no condition is asserted, and dciodvfy emits it at Warning severity with the word dubious. 1,209 of the 1,224 message classes in this SOP class fall under this rule, one per distinct name value, because the census keys a class on the normalised message text and the value sits inside it."
dciodvfy,d01791429760,Warning - Value dubious for this VR - (TAG) PN Patient's Name PN [1] = <LUNG1-288> - Retired Person Name form,Warning,2,PLAUSIBILITY,RETIRED_PN,"not applicable, no requirement is cited by the message",not applicable,,"Named in the rubric as a plausibility heuristic. The message is about the shape of a PN value, a single component with no caret delimiters, which PS3.5 Table 6.2-1 permits for VR PN. No Type and no condition is asserted, and dciodvfy emits it at Warning severity with the word dubious. 1,209 of the 1,224 message classes in this SOP class fall under this rule, one per distinct name value, because the census keys a class on the normalised message text and the value sits inside it."
dciodvfy,d07ec2d9f2ed,Warning - Value dubious for this VR - (TAG) PN Patient's Name PN [1] = <LUNG1-223> - Retired Person Name form,Warning,2,PLAUSIBILITY,RETIRED_PN,"not applicable, no requirement is cited by the message",not applicable,,"Named in the rubric as a plausibility heuristic. The message is about the shape of a PN value, a single component with no caret delimiters, which PS3.5 Table 6.2-1 permits for VR PN. No Type and no condition is asserted, and dciodvfy emits it at Warning severity with the word dubious. 1,209 of the 1,224 message classes in this SOP class fall under this rule, one per distinct name value, because the census keys a class on the normalised message text and the value sits inside it."
dciodvfy,d0832c44d27f,Warning - Value dubious for this VR - (TAG) PN Patient's Name PN [1] = <LUNG1-172> - Retired Person Name form,Warning,2,PLAUSIBILITY,RETIRED_PN,"not applicable, no requirement is cited by the message",not applicable,,"Named in the rubric as a plausibility heuristic. The message is about the shape of a PN value, a single component with no caret delimiters, which PS3.5 Table 6.2-1 permits for VR PN. No Type and no condition is asserted, and dciodvfy emits it at Warning severity with the word dubious. 1,209 of the 1,224 message classes in this SOP class fall under this rule, one per distinct name value, because the census keys a class on the normalised message text and the value sits inside it."
dciodvfy,d091d36f8c2a,Warning - Value dubious for this VR - (TAG) PN Patient's Name PN [1] = <LUNG1-110> - Retired Person Name form,Warning,2,PLAUSIBILITY,RETIRED_PN,"not applicable, no requirement is cited by the message",not applicable,,"Named in the rubric as a plausibility heuristic. The message is about the shape of a PN value, a single component with no caret delimiters, which PS3.5 Table 6.2-1 permits for VR PN. No Type and no condition is asserted, and dciodvfy emits it at Warning severity with the word dubious. 1,209 of the 1,224 message classes in this SOP class fall under this rule, one per distinct name value, because the census keys a class on the normalised message text and the value sits inside it."
dciodvfy,d0e92d498d48,Warning - Value dubious for this VR - (TAG) PN Patient's Name PN [1] = <LUNG1-033> - Retired Person Name form,Warning,2,PLAUSIBILITY,RETIRED_PN,"not applicable, no requirement is cited by the message",not applicable,,"Named in the rubric as a plausibility heuristic. The message is about the shape of a PN value, a single component with no caret delimiters, which PS3.5 Table 6.2-1 permits for VR PN. No Type and no condition is asserted, and dciodvfy emits it at Warning severity with the word dubious. 1,209 of the 1,224 message classes in this SOP class fall under this rule, one per distinct name value, because the census keys a class on the normalised message text and the value sits inside it."
dciodvfy,d17d6611d1f2,Warning - Value dubious for this VR - (TAG) PN Patient's Name PN [1] = <LUNG1-187> - Retired Person Name form,Warning,2,PLAUSIBILITY,RETIRED_PN,"not applicable, no requirement is cited by the message",not applicable,,"Named in the rubric as a plausibility heuristic. The message is about the shape of a PN value, a single component with no caret delimiters, which PS3.5 Table 6.2-1 permits for VR PN. No Type and no condition is asserted, and dciodvfy emits it at Warning severity with the word dubious. 1,209 of the 1,224 message classes in this SOP class fall under this rule, one per distinct name value, because the census keys a class on the normalised message text and the value sits inside it."
dciodvfy,d17dc05e32d3,Warning - Value dubious for this VR - (TAG) PN Patient's Name PN [1] = <LUNG1-031> - Retired Person Name form,Warning,2,PLAUSIBILITY,RETIRED_PN,"not applicable, no requirement is cited by the message",not applicable,,"Named in the rubric as a plausibility heuristic. The message is about the shape of a PN value, a single component with no caret delimiters, which PS3.5 Table 6.2-1 permits for VR PN. No Type and no condition is asserted, and dciodvfy emits it at Warning severity with the word dubious. 1,209 of the 1,224 message classes in this SOP class fall under this rule, one per distinct name value, because the census keys a class on the normalised message text and the value sits inside it."
dciodvfy,d2b63a379e5b,Warning - Value dubious for this VR - (TAG) PN Patient's Name PN [1] = <Lung_Dx-A0010> - Retired Person Name form,Warning,2,PLAUSIBILITY,RETIRED_PN,"not applicable, no requirement is cited by the message",not applicable,,"Named in the rubric as a plausibility heuristic. The message is about the shape of a PN value, a single component with no caret delimiters, which PS3.5 Table 6.2-1 permits for VR PN. No Type and no condition is asserted, and dciodvfy emits it at Warning severity with the word dubious. 1,209 of the 1,224 message classes in this SOP class fall under this rule, one per distinct name value, because the census keys a class on the normalised message text and the value sits inside it."
dciodvfy,d3bb76bb0bb8,Warning - Value dubious for this VR - (TAG) PN Patient's Name PN [1] = <Lung_Dx-A0031> - Retired Person Name form,Warning,2,PLAUSIBILITY,RETIRED_PN,"not applicable, no requirement is cited by the message",not applicable,,"Named in the rubric as a plausibility heuristic. The message is about the shape of a PN value, a single component with no caret delimiters, which PS3.5 Table 6.2-1 permits for VR PN. No Type and no condition is asserted, and dciodvfy emits it at Warning severity with the word dubious. 1,209 of the 1,224 message classes in this SOP class fall under this rule, one per distinct name value, because the census keys a class on the normalised message text and the value sits inside it."
dciodvfy,d494f49f45ac,Warning - Value dubious for this VR - (TAG) PN Patient's Name PN [1] = <LUNG1-168> - Retired Person Name form,Warning,2,PLAUSIBILITY,RETIRED_PN,"not applicable, no requirement is cited by the message",not applicable,,"Named in the rubric as a plausibility heuristic. The message is about the shape of a PN value, a single component with no caret delimiters, which PS3.5 Table 6.2-1 permits for VR PN. No Type and no condition is asserted, and dciodvfy emits it at Warning severity with the word dubious. 1,209 of the 1,224 message classes in this SOP class fall under this rule, one per distinct name value, because the census keys a class on the normalised message text and the value sits inside it."
dciodvfy,d50e3e57b388,Warning - Value dubious for this VR - (TAG) PN Patient's Name PN [1] = <Lung_Dx-E0001> - Retired Person Name form,Warning,2,PLAUSIBILITY,RETIRED_PN,"not applicable, no requirement is cited by the message",not applicable,,"Named in the rubric as a plausibility heuristic. The message is about the shape of a PN value, a single component with no caret delimiters, which PS3.5 Table 6.2-1 permits for VR PN. No Type and no condition is asserted, and dciodvfy emits it at Warning severity with the word dubious. 1,209 of the 1,224 message classes in this SOP class fall under this rule, one per distinct name value, because the census keys a class on the normalised message text and the value sits inside it."
dciodvfy,d51998652cc0,Warning - Value dubious for this VR - (TAG) PN Patient's Name PN [1] = <Lung_Dx-A0056> - Retired Person Name form,Warning,2,PLAUSIBILITY,RETIRED_PN,"not applicable, no requirement is cited by the message",not applicable,,"Named in the rubric as a plausibility heuristic. The message is about the shape of a PN value, a single component with no caret delimiters, which PS3.5 Table 6.2-1 permits for VR PN. No Type and no condition is asserted, and dciodvfy emits it at Warning severity with the word dubious. 1,209 of the 1,224 message classes in this SOP class fall under this rule, one per distinct name value, because the census keys a class on the normalised message text and the value sits inside it."
dciodvfy,d5a099c79ff7,Warning - Value dubious for this VR - (TAG) PN Patient's Name PN [1] = <Lung_Dx-G0013> - Retired Person Name form,Warning,2,PLAUSIBILITY,RETIRED_PN,"not applicable, no requirement is cited by the message",not applicable,,"Named in the rubric as a plausibility heuristic. The message is about the shape of a PN value, a single component with no caret delimiters, which PS3.5 Table 6.2-1 permits for VR PN. No Type and no condition is asserted, and dciodvfy emits it at Warning severity with the word dubious. 1,209 of the 1,224 message classes in this SOP class fall under this rule, one per distinct name value, because the census keys a class on the normalised message text and the value sits inside it."
dciodvfy,d5e27a6635ae,Warning - Value dubious for this VR - (TAG) PN Patient's Name PN [1] = <LUNG1-129> - Retired Person Name form,Warning,2,PLAUSIBILITY,RETIRED_PN,"not applicable, no requirement is cited by the message",not applicable,,"Named in the rubric as a plausibility heuristic. The message is about the shape of a PN value, a single component with no caret delimiters, which PS3.5 Table 6.2-1 permits for VR PN. No Type and no condition is asserted, and dciodvfy emits it at Warning severity with the word dubious. 1,209 of the 1,224 message classes in this SOP class fall under this rule, one per distinct name value, because the census keys a class on the normalised message text and the value sits inside it."
dciodvfy,d63dc318b865,Warning - Value dubious for this VR - (TAG) PN Patient's Name PN [1] = <Lung_Dx-G0016> - Retired Person Name form,Warning,2,PLAUSIBILITY,RETIRED_PN,"not applicable, no requirement is cited by the message",not applicable,,"Named in the rubric as a plausibility heuristic. The message is about the shape of a PN value, a single component with no caret delimiters, which PS3.5 Table 6.2-1 permits for VR PN. No Type and no condition is asserted, and dciodvfy emits it at Warning severity with the word dubious. 1,209 of the 1,224 message classes in this SOP class fall under this rule, one per distinct name value, because the census keys a class on the normalised message text and the value sits inside it."
dciodvfy,d6a98dd13ee8,Warning - Value dubious for this VR - (TAG) PN Patient's Name PN [1] = <LUNG1-071> - Retired Person Name form,Warning,2,PLAUSIBILITY,RETIRED_PN,"not applicable, no requirement is cited by the message",not applicable,,"Named in the rubric as a plausibility heuristic. The message is about the shape of a PN value, a single component with no caret delimiters, which PS3.5 Table 6.2-1 permits for VR PN. No Type and no condition is asserted, and dciodvfy emits it at Warning severity with the word dubious. 1,209 of the 1,224 message classes in this SOP class fall under this rule, one per distinct name value, because the census keys a class on the normalised message text and the value sits inside it."
dciodvfy,d77216453e5b,Warning - Value dubious for this VR - (TAG) PN Patient's Name PN [1] = <LUNG1-332> - Retired Person Name form,Warning,2,PLAUSIBILITY,RETIRED_PN,"not applicable, no requirement is cited by the message",not applicable,,"Named in the rubric as a plausibility heuristic. The message is about the shape of a PN value, a single component with no caret delimiters, which PS3.5 Table 6.2-1 permits for VR PN. No Type and no condition is asserted, and dciodvfy emits it at Warning severity with the word dubious. 1,209 of the 1,224 message classes in this SOP class fall under this rule, one per distinct name value, because the census keys a class on the normalised message text and the value sits inside it."
dciodvfy,d778483af707,Warning - Value dubious for this VR - (TAG) PN Patient's Name PN [1] = <LUNG1-344> - Retired Person Name form,Warning,2,PLAUSIBILITY,RETIRED_PN,"not applicable, no requirement is cited by the message",not applicable,,"Named in the rubric as a plausibility heuristic. The message is about the shape of a PN value, a single component with no caret delimiters, which PS3.5 Table 6.2-1 permits for VR PN. No Type and no condition is asserted, and dciodvfy emits it at Warning severity with the word dubious. 1,209 of the 1,224 message classes in this SOP class fall under this rule, one per distinct name value, because the census keys a class on the normalised message text and the value sits inside it."
dciodvfy,d78a69f263ea,Warning - Value dubious for this VR - (TAG) PN Patient's Name PN [1] = <LUNG1-099> - Retired Person Name form,Warning,2,PLAUSIBILITY,RETIRED_PN,"not applicable, no requirement is cited by the message",not applicable,,"Named in the rubric as a plausibility heuristic. The message is about the shape of a PN value, a single component with no caret delimiters, which PS3.5 Table 6.2-1 permits for VR PN. No Type and no condition is asserted, and dciodvfy emits it at Warning severity with the word dubious. 1,209 of the 1,224 message classes in this SOP class fall under this rule, one per distinct name value, because the census keys a class on the normalised message text and the value sits inside it."
dciodvfy,d86d32042426,Warning - Value dubious for this VR - (TAG) PN Patient's Name PN [1] = <LUNG1-350> - Retired Person Name form,Warning,2,PLAUSIBILITY,RETIRED_PN,"not applicable, no requirement is cited by the message",not applicable,,"Named in the rubric as a plausibility heuristic. The message is about the shape of a PN value, a single component with no caret delimiters, which PS3.5 Table 6.2-1 permits for VR PN. No Type and no condition is asserted, and dciodvfy emits it at Warning severity with the word dubious. 1,209 of the 1,224 message classes in this SOP class fall under this rule, one per distinct name value, because the census keys a class on the normalised message text and the value sits inside it."
dciodvfy,d8acf4c80fe7,Warning - Value dubious for this VR - (TAG) PN Patient's Name PN [1] = <Lung_Dx-A0143> - Retired Person Name form,Warning,2,PLAUSIBILITY,RETIRED_PN,"not applicable, no requirement is cited by the message",not applicable,,"Named in the rubric as a plausibility heuristic. The message is about the shape of a PN value, a single component with no caret delimiters, which PS3.5 Table 6.2-1 permits for VR PN. No Type and no condition is asserted, and dciodvfy emits it at Warning severity with the word dubious. 1,209 of the 1,224 message classes in this SOP class fall under this rule, one per distinct name value, because the census keys a class on the normalised message text and the value sits inside it."
dciodvfy,d8f7b05359bf,Warning - Value dubious for this VR - (TAG) PN Patient's Name PN [1] = <LUNG1-158> - Retired Person Name form,Warning,2,PLAUSIBILITY,RETIRED_PN,"not applicable, no requirement is cited by the message",not applicable,,"Named in the rubric as a plausibility heuristic. The message is about the shape of a PN value, a single component with no caret delimiters, which PS3.5 Table 6.2-1 permits for VR PN. No Type and no condition is asserted, and dciodvfy emits it at Warning severity with the word dubious. 1,209 of the 1,224 message classes in this SOP class fall under this rule, one per distinct name value, because the census keys a class on the normalised message text and the value sits inside it."
dciodvfy,d903d4a0f7b2,Warning - Value dubious for this VR - (TAG) PN Patient's Name PN [1] = <LUNG1-405> - Retired Person Name form,Warning,2,PLAUSIBILITY,RETIRED_PN,"not applicable, no requirement is cited by the message",not applicable,,"Named in the rubric as a plausibility heuristic. The message is about the shape of a PN value, a single component with no caret delimiters, which PS3.5 Table 6.2-1 permits for VR PN. No Type and no condition is asserted, and dciodvfy emits it at Warning severity with the word dubious. 1,209 of the 1,224 message classes in this SOP class fall under this rule, one per distinct name value, because the census keys a class on the normalised message text and the value sits inside it."
dciodvfy,d955796ba6fa,Warning - Value dubious for this VR - (TAG) PN Patient's Name PN [1] = <LUNG1-039> - Retired Person Name form,Warning,2,PLAUSIBILITY,RETIRED_PN,"not applicable, no requirement is cited by the message",not applicable,,"Named in the rubric as a plausibility heuristic. The message is about the shape of a PN value, a single component with no caret delimiters, which PS3.5 Table 6.2-1 permits for VR PN. No Type and no condition is asserted, and dciodvfy emits it at Warning severity with the word dubious. 1,209 of the 1,224 message classes in this SOP class fall under this rule, one per distinct name value, because the census keys a class on the normalised message text and the value sits inside it."
dciodvfy,d9adb33167d7,Warning - Value dubious for this VR - (TAG) PN Patient's Name PN [1] = <LUNG1-364> - Retired Person Name form,Warning,2,PLAUSIBILITY,RETIRED_PN,"not applicable, no requirement is cited by the message",not applicable,,"Named in the rubric as a plausibility heuristic. The message is about the shape of a PN value, a single component with no caret delimiters, which PS3.5 Table 6.2-1 permits for VR PN. No Type and no condition is asserted, and dciodvfy emits it at Warning severity with the word dubious. 1,209 of the 1,224 message classes in this SOP class fall under this rule, one per distinct name value, because the census keys a class on the normalised message text and the value sits inside it."
dciodvfy,da2a597cad03,Warning - Value dubious for this VR - (TAG) PN Patient's Name PN [1] = <Lung_Dx-A0163> - Retired Person Name form,Warning,2,PLAUSIBILITY,RETIRED_PN,"not applicable, no requirement is cited by the message",not applicable,,"Named in the rubric as a plausibility heuristic. The message is about the shape of a PN value, a single component with no caret delimiters, which PS3.5 Table 6.2-1 permits for VR PN. No Type and no condition is asserted, and dciodvfy emits it at Warning severity with the word dubious. 1,209 of the 1,224 message classes in this SOP class fall under this rule, one per distinct name value, because the census keys a class on the normalised message text and the value sits inside it."
dciodvfy,db707f450345,Warning - Value dubious for this VR - (TAG) PN Patient's Name PN [1] = <LUNG1-321> - Retired Person Name form,Warning,2,PLAUSIBILITY,RETIRED_PN,"not applicable, no requirement is cited by the message",not applicable,,"Named in the rubric as a plausibility heuristic. The message is about the shape of a PN value, a single component with no caret delimiters, which PS3.5 Table 6.2-1 permits for VR PN. No Type and no condition is asserted, and dciodvfy emits it at Warning severity with the word dubious. 1,209 of the 1,224 message classes in this SOP class fall under this rule, one per distinct name value, because the census keys a class on the normalised message text and the value sits inside it."
dciodvfy,dbb79a260fbe,Warning - Value dubious for this VR - (TAG) PN Patient's Name PN [1] = <LUNG1-204> - Retired Person Name form,Warning,2,PLAUSIBILITY,RETIRED_PN,"not applicable, no requirement is cited by the message",not applicable,,"Named in the rubric as a plausibility heuristic. The message is about the shape of a PN value, a single component with no caret delimiters, which PS3.5 Table 6.2-1 permits for VR PN. No Type and no condition is asserted, and dciodvfy emits it at Warning severity with the word dubious. 1,209 of the 1,224 message classes in this SOP class fall under this rule, one per distinct name value, because the census keys a class on the normalised message text and the value sits inside it."
dciodvfy,dcfb01d44960,Warning - Value dubious for this VR - (TAG) PN Patient's Name PN [1] = <Lung_Dx-A0081> - Retired Person Name form,Warning,2,PLAUSIBILITY,RETIRED_PN,"not applicable, no requirement is cited by the message",not applicable,,"Named in the rubric as a plausibility heuristic. The message is about the shape of a PN value, a single component with no caret delimiters, which PS3.5 Table 6.2-1 permits for VR PN. No Type and no condition is asserted, and dciodvfy emits it at Warning severity with the word dubious. 1,209 of the 1,224 message classes in this SOP class fall under this rule, one per distinct name value, because the census keys a class on the normalised message text and the value sits inside it."
dciodvfy,dcfc000fa101,Warning - Value dubious for this VR - (TAG) PN Patient's Name PN [1] = <LUNG1-068> - Retired Person Name form,Warning,2,PLAUSIBILITY,RETIRED_PN,"not applicable, no requirement is cited by the message",not applicable,,"Named in the rubric as a plausibility heuristic. The message is about the shape of a PN value, a single component with no caret delimiters, which PS3.5 Table 6.2-1 permits for VR PN. No Type and no condition is asserted, and dciodvfy emits it at Warning severity with the word dubious. 1,209 of the 1,224 message classes in this SOP class fall under this rule, one per distinct name value, because the census keys a class on the normalised message text and the value sits inside it."
dciodvfy,dd0ae203612c,Warning - Value dubious for this VR - (TAG) PN Patient's Name PN [1] = <LUNG1-275> - Retired Person Name form,Warning,2,PLAUSIBILITY,RETIRED_PN,"not applicable, no requirement is cited by the message",not applicable,,"Named in the rubric as a plausibility heuristic. The message is about the shape of a PN value, a single component with no caret delimiters, which PS3.5 Table 6.2-1 permits for VR PN. No Type and no condition is asserted, and dciodvfy emits it at Warning severity with the word dubious. 1,209 of the 1,224 message classes in this SOP class fall under this rule, one per distinct name value, because the census keys a class on the normalised message text and the value sits inside it."
dciodvfy,dd265a22c99c,Warning - Value dubious for this VR - (TAG) PN Patient's Name PN [1] = <LUNG1-254> - Retired Person Name form,Warning,2,PLAUSIBILITY,RETIRED_PN,"not applicable, no requirement is cited by the message",not applicable,,"Named in the rubric as a plausibility heuristic. The message is about the shape of a PN value, a single component with no caret delimiters, which PS3.5 Table 6.2-1 permits for VR PN. No Type and no condition is asserted, and dciodvfy emits it at Warning severity with the word dubious. 1,209 of the 1,224 message classes in this SOP class fall under this rule, one per distinct name value, because the census keys a class on the normalised message text and the value sits inside it."
dciodvfy,dd2ee08c407c,Warning - Value dubious for this VR - (TAG) PN Patient's Name PN [1] = <LUNG1-417> - Retired Person Name form,Warning,2,PLAUSIBILITY,RETIRED_PN,"not applicable, no requirement is cited by the message",not applicable,,"Named in the rubric as a plausibility heuristic. The message is about the shape of a PN value, a single component with no caret delimiters, which PS3.5 Table 6.2-1 permits for VR PN. No Type and no condition is asserted, and dciodvfy emits it at Warning severity with the word dubious. 1,209 of the 1,224 message classes in this SOP class fall under this rule, one per distinct name value, because the census keys a class on the normalised message text and the value sits inside it."
dciodvfy,dd5ac9f8e78d,Warning - Value dubious for this VR - (TAG) PN Patient's Name PN [1] = <Lung_Dx-G0007> - Retired Person Name form,Warning,2,PLAUSIBILITY,RETIRED_PN,"not applicable, no requirement is cited by the message",not applicable,,"Named in the rubric as a plausibility heuristic. The message is about the shape of a PN value, a single component with no caret delimiters, which PS3.5 Table 6.2-1 permits for VR PN. No Type and no condition is asserted, and dciodvfy emits it at Warning severity with the word dubious. 1,209 of the 1,224 message classes in this SOP class fall under this rule, one per distinct name value, because the census keys a class on the normalised message text and the value sits inside it."
dciodvfy,dd8d033f235f,Warning - Value dubious for this VR - (TAG) PN Patient's Name PN [1] = <LUNG1-308> - Retired Person Name form,Warning,2,PLAUSIBILITY,RETIRED_PN,"not applicable, no requirement is cited by the message",not applicable,,"Named in the rubric as a plausibility heuristic. The message is about the shape of a PN value, a single component with no caret delimiters, which PS3.5 Table 6.2-1 permits for VR PN. No Type and no condition is asserted, and dciodvfy emits it at Warning severity with the word dubious. 1,209 of the 1,224 message classes in this SOP class fall under this rule, one per distinct name value, because the census keys a class on the normalised message text and the value sits inside it."
dciodvfy,df42d221daef,Warning - Value dubious for this VR - (TAG) PN Patient's Name PN [1] = <LUNG1-263> - Retired Person Name form,Warning,2,PLAUSIBILITY,RETIRED_PN,"not applicable, no requirement is cited by the message",not applicable,,"Named in the rubric as a plausibility heuristic. The message is about the shape of a PN value, a single component with no caret delimiters, which PS3.5 Table 6.2-1 permits for VR PN. No Type and no condition is asserted, and dciodvfy emits it at Warning severity with the word dubious. 1,209 of the 1,224 message classes in this SOP class fall under this rule, one per distinct name value, because the census keys a class on the normalised message text and the value sits inside it."
dciodvfy,df803b4b74f8,Warning - Value dubious for this VR - (TAG) PN Patient's Name PN [1] = <LUNG1-370> - Retired Person Name form,Warning,2,PLAUSIBILITY,RETIRED_PN,"not applicable, no requirement is cited by the message",not applicable,,"Named in the rubric as a plausibility heuristic. The message is about the shape of a PN value, a single component with no caret delimiters, which PS3.5 Table 6.2-1 permits for VR PN. No Type and no condition is asserted, and dciodvfy emits it at Warning severity with the word dubious. 1,209 of the 1,224 message classes in this SOP class fall under this rule, one per distinct name value, because the census keys a class on the normalised message text and the value sits inside it."
dciodvfy,df81cd9ed385,Warning - Value dubious for this VR - (TAG) PN Patient's Name PN [1] = <LUNG1-342> - Retired Person Name form,Warning,2,PLAUSIBILITY,RETIRED_PN,"not applicable, no requirement is cited by the message",not applicable,,"Named in the rubric as a plausibility heuristic. The message is about the shape of a PN value, a single component with no caret delimiters, which PS3.5 Table 6.2-1 permits for VR PN. No Type and no condition is asserted, and dciodvfy emits it at Warning severity with the word dubious. 1,209 of the 1,224 message classes in this SOP class fall under this rule, one per distinct name value, because the census keys a class on the normalised message text and the value sits inside it."
dciodvfy,df885a26de1f,Warning - Value dubious for this VR - (TAG) PN Patient's Name PN [1] = <LUNG1-174> - Retired Person Name form,Warning,2,PLAUSIBILITY,RETIRED_PN,"not applicable, no requirement is cited by the message",not applicable,,"Named in the rubric as a plausibility heuristic. The message is about the shape of a PN value, a single component with no caret delimiters, which PS3.5 Table 6.2-1 permits for VR PN. No Type and no condition is asserted, and dciodvfy emits it at Warning severity with the word dubious. 1,209 of the 1,224 message classes in this SOP class fall under this rule, one per distinct name value, because the census keys a class on the normalised message text and the value sits inside it."
dciodvfy,df894a3c3a44,Warning - Value dubious for this VR - (TAG) PN Patient's Name PN [1] = <LUNG1-239> - Retired Person Name form,Warning,2,PLAUSIBILITY,RETIRED_PN,"not applicable, no requirement is cited by the message",not applicable,,"Named in the rubric as a plausibility heuristic. The message is about the shape of a PN value, a single component with no caret delimiters, which PS3.5 Table 6.2-1 permits for VR PN. No Type and no condition is asserted, and dciodvfy emits it at Warning severity with the word dubious. 1,209 of the 1,224 message classes in this SOP class fall under this rule, one per distinct name value, because the census keys a class on the normalised message text and the value sits inside it."
dciodvfy,e02bf2becc5a,Warning - Value dubious for this VR - (TAG) PN Patient's Name PN [1] = <LUNG1-311> - Retired Person Name form,Warning,2,PLAUSIBILITY,RETIRED_PN,"not applicable, no requirement is cited by the message",not applicable,,"Named in the rubric as a plausibility heuristic. The message is about the shape of a PN value, a single component with no caret delimiters, which PS3.5 Table 6.2-1 permits for VR PN. No Type and no condition is asserted, and dciodvfy emits it at Warning severity with the word dubious. 1,209 of the 1,224 message classes in this SOP class fall under this rule, one per distinct name value, because the census keys a class on the normalised message text and the value sits inside it."
dciodvfy,e0647d67d223,Warning - Value dubious for this VR - (TAG) PN Patient's Name PN [1] = <LUNG1-215> - Retired Person Name form,Warning,2,PLAUSIBILITY,RETIRED_PN,"not applicable, no requirement is cited by the message",not applicable,,"Named in the rubric as a plausibility heuristic. The message is about the shape of a PN value, a single component with no caret delimiters, which PS3.5 Table 6.2-1 permits for VR PN. No Type and no condition is asserted, and dciodvfy emits it at Warning severity with the word dubious. 1,209 of the 1,224 message classes in this SOP class fall under this rule, one per distinct name value, because the census keys a class on the normalised message text and the value sits inside it."
dciodvfy,e0fc8af927a9,Warning - Value dubious for this VR - (TAG) PN Patient's Name PN [1] = <LUNG1-371> - Retired Person Name form,Warning,2,PLAUSIBILITY,RETIRED_PN,"not applicable, no requirement is cited by the message",not applicable,,"Named in the rubric as a plausibility heuristic. The message is about the shape of a PN value, a single component with no caret delimiters, which PS3.5 Table 6.2-1 permits for VR PN. No Type and no condition is asserted, and dciodvfy emits it at Warning severity with the word dubious. 1,209 of the 1,224 message classes in this SOP class fall under this rule, one per distinct name value, because the census keys a class on the normalised message text and the value sits inside it."
dciodvfy,e1388babbf98,Warning - Value dubious for this VR - (TAG) PN Patient's Name PN [1] = <LUNG1-388> - Retired Person Name form,Warning,2,PLAUSIBILITY,RETIRED_PN,"not applicable, no requirement is cited by the message",not applicable,,"Named in the rubric as a plausibility heuristic. The message is about the shape of a PN value, a single component with no caret delimiters, which PS3.5 Table 6.2-1 permits for VR PN. No Type and no condition is asserted, and dciodvfy emits it at Warning severity with the word dubious. 1,209 of the 1,224 message classes in this SOP class fall under this rule, one per distinct name value, because the census keys a class on the normalised message text and the value sits inside it."
dciodvfy,e18223e5e588,Warning - Value dubious for this VR - (TAG) PN Patient's Name PN [1] = <Lung_Dx-A0161> - Retired Person Name form,Warning,2,PLAUSIBILITY,RETIRED_PN,"not applicable, no requirement is cited by the message",not applicable,,"Named in the rubric as a plausibility heuristic. The message is about the shape of a PN value, a single component with no caret delimiters, which PS3.5 Table 6.2-1 permits for VR PN. No Type and no condition is asserted, and dciodvfy emits it at Warning severity with the word dubious. 1,209 of the 1,224 message classes in this SOP class fall under this rule, one per distinct name value, because the census keys a class on the normalised message text and the value sits inside it."
dciodvfy,e26d7ac5416b,Warning - Value dubious for this VR - (TAG) PN Patient's Name PN [1] = <LUNG1-189> - Retired Person Name form,Warning,2,PLAUSIBILITY,RETIRED_PN,"not applicable, no requirement is cited by the message",not applicable,,"Named in the rubric as a plausibility heuristic. The message is about the shape of a PN value, a single component with no caret delimiters, which PS3.5 Table 6.2-1 permits for VR PN. No Type and no condition is asserted, and dciodvfy emits it at Warning severity with the word dubious. 1,209 of the 1,224 message classes in this SOP class fall under this rule, one per distinct name value, because the census keys a class on the normalised message text and the value sits inside it."
dciodvfy,e28f9384f031,Warning - Value dubious for this VR - (TAG) PN Patient's Name PN [1] = <LUNG1-197> - Retired Person Name form,Warning,2,PLAUSIBILITY,RETIRED_PN,"not applicable, no requirement is cited by the message",not applicable,,"Named in the rubric as a plausibility heuristic. The message is about the shape of a PN value, a single component with no caret delimiters, which PS3.5 Table 6.2-1 permits for VR PN. No Type and no condition is asserted, and dciodvfy emits it at Warning severity with the word dubious. 1,209 of the 1,224 message classes in this SOP class fall under this rule, one per distinct name value, because the census keys a class on the normalised message text and the value sits inside it."
dciodvfy,e291d74a3b99,Warning - Value dubious for this VR - (TAG) PN Patient's Name PN [1] = <LUNG1-257> - Retired Person Name form,Warning,2,PLAUSIBILITY,RETIRED_PN,"not applicable, no requirement is cited by the message",not applicable,,"Named in the rubric as a plausibility heuristic. The message is about the shape of a PN value, a single component with no caret delimiters, which PS3.5 Table 6.2-1 permits for VR PN. No Type and no condition is asserted, and dciodvfy emits it at Warning severity with the word dubious. 1,209 of the 1,224 message classes in this SOP class fall under this rule, one per distinct name value, because the census keys a class on the normalised message text and the value sits inside it."
dciodvfy,e312a71f912c,Warning - Value dubious for this VR - (TAG) PN Patient's Name PN [1] = <Lung_Dx-A0008> - Retired Person Name form,Warning,2,PLAUSIBILITY,RETIRED_PN,"not applicable, no requirement is cited by the message",not applicable,,"Named in the rubric as a plausibility heuristic. The message is about the shape of a PN value, a single component with no caret delimiters, which PS3.5 Table 6.2-1 permits for VR PN. No Type and no condition is asserted, and dciodvfy emits it at Warning severity with the word dubious. 1,209 of the 1,224 message classes in this SOP class fall under this rule, one per distinct name value, because the census keys a class on the normalised message text and the value sits inside it."
dciodvfy,e32a0b564573,Warning - Value dubious for this VR - (TAG) PN Patient's Name PN [1] = <LUNG1-404> - Retired Person Name form,Warning,2,PLAUSIBILITY,RETIRED_PN,"not applicable, no requirement is cited by the message",not applicable,,"Named in the rubric as a plausibility heuristic. The message is about the shape of a PN value, a single component with no caret delimiters, which PS3.5 Table 6.2-1 permits for VR PN. No Type and no condition is asserted, and dciodvfy emits it at Warning severity with the word dubious. 1,209 of the 1,224 message classes in this SOP class fall under this rule, one per distinct name value, because the census keys a class on the normalised message text and the value sits inside it."
dciodvfy,e3b40a241d46,Warning - Value dubious for this VR - (TAG) PN Patient's Name PN [1] = <LUNG1-075> - Retired Person Name form,Warning,2,PLAUSIBILITY,RETIRED_PN,"not applicable, no requirement is cited by the message",not applicable,,"Named in the rubric as a plausibility heuristic. The message is about the shape of a PN value, a single component with no caret delimiters, which PS3.5 Table 6.2-1 permits for VR PN. No Type and no condition is asserted, and dciodvfy emits it at Warning severity with the word dubious. 1,209 of the 1,224 message classes in this SOP class fall under this rule, one per distinct name value, because the census keys a class on the normalised message text and the value sits inside it."
dciodvfy,e3c01f16a1db,Warning - Value dubious for this VR - (TAG) PN Patient's Name PN [1] = <LUNG1-415> - Retired Person Name form,Warning,2,PLAUSIBILITY,RETIRED_PN,"not applicable, no requirement is cited by the message",not applicable,,"Named in the rubric as a plausibility heuristic. The message is about the shape of a PN value, a single component with no caret delimiters, which PS3.5 Table 6.2-1 permits for VR PN. No Type and no condition is asserted, and dciodvfy emits it at Warning severity with the word dubious. 1,209 of the 1,224 message classes in this SOP class fall under this rule, one per distinct name value, because the census keys a class on the normalised message text and the value sits inside it."
dciodvfy,e3ff90da391a,Warning - Value dubious for this VR - (TAG) PN Patient's Name PN [1] = <Lung_Dx-E0005> - Retired Person Name form,Warning,2,PLAUSIBILITY,RETIRED_PN,"not applicable, no requirement is cited by the message",not applicable,,"Named in the rubric as a plausibility heuristic. The message is about the shape of a PN value, a single component with no caret delimiters, which PS3.5 Table 6.2-1 permits for VR PN. No Type and no condition is asserted, and dciodvfy emits it at Warning severity with the word dubious. 1,209 of the 1,224 message classes in this SOP class fall under this rule, one per distinct name value, because the census keys a class on the normalised message text and the value sits inside it."
dciodvfy,e41d197c65b0,Warning - Value dubious for this VR - (TAG) PN Patient's Name PN [1] = <Lung_Dx-A0162> - Retired Person Name form,Warning,2,PLAUSIBILITY,RETIRED_PN,"not applicable, no requirement is cited by the message",not applicable,,"Named in the rubric as a plausibility heuristic. The message is about the shape of a PN value, a single component with no caret delimiters, which PS3.5 Table 6.2-1 permits for VR PN. No Type and no condition is asserted, and dciodvfy emits it at Warning severity with the word dubious. 1,209 of the 1,224 message classes in this SOP class fall under this rule, one per distinct name value, because the census keys a class on the normalised message text and the value sits inside it."
dciodvfy,e47133fa878c,Warning - Value dubious for this VR - (TAG) PN Patient's Name PN [1] = <Lung_Dx-A0077> - Retired Person Name form,Warning,2,PLAUSIBILITY,RETIRED_PN,"not applicable, no requirement is cited by the message",not applicable,,"Named in the rubric as a plausibility heuristic. The message is about the shape of a PN value, a single component with no caret delimiters, which PS3.5 Table 6.2-1 permits for VR PN. No Type and no condition is asserted, and dciodvfy emits it at Warning severity with the word dubious. 1,209 of the 1,224 message classes in this SOP class fall under this rule, one per distinct name value, because the census keys a class on the normalised message text and the value sits inside it."
dciodvfy,e561bc7a4f5d,Warning - Value dubious for this VR - (TAG) PN Patient's Name PN [1] = <LUNG1-360> - Retired Person Name form,Warning,2,PLAUSIBILITY,RETIRED_PN,"not applicable, no requirement is cited by the message",not applicable,,"Named in the rubric as a plausibility heuristic. The message is about the shape of a PN value, a single component with no caret delimiters, which PS3.5 Table 6.2-1 permits for VR PN. No Type and no condition is asserted, and dciodvfy emits it at Warning severity with the word dubious. 1,209 of the 1,224 message classes in this SOP class fall under this rule, one per distinct name value, because the census keys a class on the normalised message text and the value sits inside it."
dciodvfy,e5ab51882fba,Warning - Value dubious for this VR - (TAG) PN Patient's Name PN [1] = <Lung_Dx-G0029> - Retired Person Name form,Warning,2,PLAUSIBILITY,RETIRED_PN,"not applicable, no requirement is cited by the message",not applicable,,"Named in the rubric as a plausibility heuristic. The message is about the shape of a PN value, a single component with no caret delimiters, which PS3.5 Table 6.2-1 permits for VR PN. No Type and no condition is asserted, and dciodvfy emits it at Warning severity with the word dubious. 1,209 of the 1,224 message classes in this SOP class fall under this rule, one per distinct name value, because the census keys a class on the normalised message text and the value sits inside it."
dciodvfy,e5f9127c0f32,Warning - Value dubious for this VR - (TAG) PN Patient's Name PN [1] = <Lung_Dx-B0013> - Retired Person Name form,Warning,2,PLAUSIBILITY,RETIRED_PN,"not applicable, no requirement is cited by the message",not applicable,,"Named in the rubric as a plausibility heuristic. The message is about the shape of a PN value, a single component with no caret delimiters, which PS3.5 Table 6.2-1 permits for VR PN. No Type and no condition is asserted, and dciodvfy emits it at Warning severity with the word dubious. 1,209 of the 1,224 message classes in this SOP class fall under this rule, one per distinct name value, because the census keys a class on the normalised message text and the value sits inside it."
dciodvfy,e62b8e35561b,Warning - Value dubious for this VR - (TAG) PN Patient's Name PN [1] = <LUNG1-027> - Retired Person Name form,Warning,2,PLAUSIBILITY,RETIRED_PN,"not applicable, no requirement is cited by the message",not applicable,,"Named in the rubric as a plausibility heuristic. The message is about the shape of a PN value, a single component with no caret delimiters, which PS3.5 Table 6.2-1 permits for VR PN. No Type and no condition is asserted, and dciodvfy emits it at Warning severity with the word dubious. 1,209 of the 1,224 message classes in this SOP class fall under this rule, one per distinct name value, because the census keys a class on the normalised message text and the value sits inside it."
dciodvfy,e6cb0613e105,Warning - Value dubious for this VR - (TAG) PN Patient's Name PN [1] = <LUNG1-375> - Retired Person Name form,Warning,2,PLAUSIBILITY,RETIRED_PN,"not applicable, no requirement is cited by the message",not applicable,,"Named in the rubric as a plausibility heuristic. The message is about the shape of a PN value, a single component with no caret delimiters, which PS3.5 Table 6.2-1 permits for VR PN. No Type and no condition is asserted, and dciodvfy emits it at Warning severity with the word dubious. 1,209 of the 1,224 message classes in this SOP class fall under this rule, one per distinct name value, because the census keys a class on the normalised message text and the value sits inside it."
dciodvfy,e6d87b88f846,Warning - Value dubious for this VR - (TAG) PN Patient's Name PN [1] = <LUNG1-052> - Retired Person Name form,Warning,2,PLAUSIBILITY,RETIRED_PN,"not applicable, no requirement is cited by the message",not applicable,,"Named in the rubric as a plausibility heuristic. The message is about the shape of a PN value, a single component with no caret delimiters, which PS3.5 Table 6.2-1 permits for VR PN. No Type and no condition is asserted, and dciodvfy emits it at Warning severity with the word dubious. 1,209 of the 1,224 message classes in this SOP class fall under this rule, one per distinct name value, because the census keys a class on the normalised message text and the value sits inside it."
dciodvfy,e72a0e2ab04b,Warning - Value dubious for this VR - (TAG) PN Patient's Name PN [1] = <LUNG1-102> - Retired Person Name form,Warning,2,PLAUSIBILITY,RETIRED_PN,"not applicable, no requirement is cited by the message",not applicable,,"Named in the rubric as a plausibility heuristic. The message is about the shape of a PN value, a single component with no caret delimiters, which PS3.5 Table 6.2-1 permits for VR PN. No Type and no condition is asserted, and dciodvfy emits it at Warning severity with the word dubious. 1,209 of the 1,224 message classes in this SOP class fall under this rule, one per distinct name value, because the census keys a class on the normalised message text and the value sits inside it."
dciodvfy,e806e30c59b3,Warning - Value dubious for this VR - (TAG) PN Patient's Name PN [1] = <LUNG1-278> - Retired Person Name form,Warning,2,PLAUSIBILITY,RETIRED_PN,"not applicable, no requirement is cited by the message",not applicable,,"Named in the rubric as a plausibility heuristic. The message is about the shape of a PN value, a single component with no caret delimiters, which PS3.5 Table 6.2-1 permits for VR PN. No Type and no condition is asserted, and dciodvfy emits it at Warning severity with the word dubious. 1,209 of the 1,224 message classes in this SOP class fall under this rule, one per distinct name value, because the census keys a class on the normalised message text and the value sits inside it."
dciodvfy,e82fc69e18c2,Warning - Value dubious for this VR - (TAG) PN Patient's Name PN [1] = <LUNG1-259> - Retired Person Name form,Warning,2,PLAUSIBILITY,RETIRED_PN,"not applicable, no requirement is cited by the message",not applicable,,"Named in the rubric as a plausibility heuristic. The message is about the shape of a PN value, a single component with no caret delimiters, which PS3.5 Table 6.2-1 permits for VR PN. No Type and no condition is asserted, and dciodvfy emits it at Warning severity with the word dubious. 1,209 of the 1,224 message classes in this SOP class fall under this rule, one per distinct name value, because the census keys a class on the normalised message text and the value sits inside it."
dciodvfy,e8c944e21daa,Warning - Value dubious for this VR - (TAG) PN Patient's Name PN [1] = <LUNG1-144> - Retired Person Name form,Warning,2,PLAUSIBILITY,RETIRED_PN,"not applicable, no requirement is cited by the message",not applicable,,"Named in the rubric as a plausibility heuristic. The message is about the shape of a PN value, a single component with no caret delimiters, which PS3.5 Table 6.2-1 permits for VR PN. No Type and no condition is asserted, and dciodvfy emits it at Warning severity with the word dubious. 1,209 of the 1,224 message classes in this SOP class fall under this rule, one per distinct name value, because the census keys a class on the normalised message text and the value sits inside it."
dciodvfy,e98ceeadf44a,Warning - Value dubious for this VR - (TAG) PN Patient's Name PN [1] = <Lung_Dx-A0124> - Retired Person Name form,Warning,2,PLAUSIBILITY,RETIRED_PN,"not applicable, no requirement is cited by the message",not applicable,,"Named in the rubric as a plausibility heuristic. The message is about the shape of a PN value, a single component with no caret delimiters, which PS3.5 Table 6.2-1 permits for VR PN. No Type and no condition is asserted, and dciodvfy emits it at Warning severity with the word dubious. 1,209 of the 1,224 message classes in this SOP class fall under this rule, one per distinct name value, because the census keys a class on the normalised message text and the value sits inside it."
dciodvfy,ea4cc7571b0b,Warning - Value dubious for this VR - (TAG) PN Patient's Name PN [1] = <LUNG1-185> - Retired Person Name form,Warning,2,PLAUSIBILITY,RETIRED_PN,"not applicable, no requirement is cited by the message",not applicable,,"Named in the rubric as a plausibility heuristic. The message is about the shape of a PN value, a single component with no caret delimiters, which PS3.5 Table 6.2-1 permits for VR PN. No Type and no condition is asserted, and dciodvfy emits it at Warning severity with the word dubious. 1,209 of the 1,224 message classes in this SOP class fall under this rule, one per distinct name value, because the census keys a class on the normalised message text and the value sits inside it."
dciodvfy,eadc12c956df,Warning - Value dubious for this VR - (TAG) PN Patient's Name PN [1] = <LUNG1-224> - Retired Person Name form,Warning,2,PLAUSIBILITY,RETIRED_PN,"not applicable, no requirement is cited by the message",not applicable,,"Named in the rubric as a plausibility heuristic. The message is about the shape of a PN value, a single component with no caret delimiters, which PS3.5 Table 6.2-1 permits for VR PN. No Type and no condition is asserted, and dciodvfy emits it at Warning severity with the word dubious. 1,209 of the 1,224 message classes in this SOP class fall under this rule, one per distinct name value, because the census keys a class on the normalised message text and the value sits inside it."
dciodvfy,eaf68595f782,Warning - Value dubious for this VR - (TAG) PN Patient's Name PN [1] = <LUNG1-193> - Retired Person Name form,Warning,2,PLAUSIBILITY,RETIRED_PN,"not applicable, no requirement is cited by the message",not applicable,,"Named in the rubric as a plausibility heuristic. The message is about the shape of a PN value, a single component with no caret delimiters, which PS3.5 Table 6.2-1 permits for VR PN. No Type and no condition is asserted, and dciodvfy emits it at Warning severity with the word dubious. 1,209 of the 1,224 message classes in this SOP class fall under this rule, one per distinct name value, because the census keys a class on the normalised message text and the value sits inside it."
dciodvfy,eb1e346216af,Warning - Value dubious for this VR - (TAG) PN Patient's Name PN [1] = <LUNG1-169> - Retired Person Name form,Warning,2,PLAUSIBILITY,RETIRED_PN,"not applicable, no requirement is cited by the message",not applicable,,"Named in the rubric as a plausibility heuristic. The message is about the shape of a PN value, a single component with no caret delimiters, which PS3.5 Table 6.2-1 permits for VR PN. No Type and no condition is asserted, and dciodvfy emits it at Warning severity with the word dubious. 1,209 of the 1,224 message classes in this SOP class fall under this rule, one per distinct name value, because the census keys a class on the normalised message text and the value sits inside it."
dciodvfy,ec4d70b0ac5a,Warning - Value dubious for this VR - (TAG) PN Patient's Name PN [1] = <LUNG1-120> - Retired Person Name form,Warning,2,PLAUSIBILITY,RETIRED_PN,"not applicable, no requirement is cited by the message",not applicable,,"Named in the rubric as a plausibility heuristic. The message is about the shape of a PN value, a single component with no caret delimiters, which PS3.5 Table 6.2-1 permits for VR PN. No Type and no condition is asserted, and dciodvfy emits it at Warning severity with the word dubious. 1,209 of the 1,224 message classes in this SOP class fall under this rule, one per distinct name value, because the census keys a class on the normalised message text and the value sits inside it."
dciodvfy,ed03cc893742,Warning - Value dubious for this VR - (TAG) PN Patient's Name PN [1] = <Lung_Dx-A0136> - Retired Person Name form,Warning,2,PLAUSIBILITY,RETIRED_PN,"not applicable, no requirement is cited by the message",not applicable,,"Named in the rubric as a plausibility heuristic. The message is about the shape of a PN value, a single component with no caret delimiters, which PS3.5 Table 6.2-1 permits for VR PN. No Type and no condition is asserted, and dciodvfy emits it at Warning severity with the word dubious. 1,209 of the 1,224 message classes in this SOP class fall under this rule, one per distinct name value, because the census keys a class on the normalised message text and the value sits inside it."
dciodvfy,ed833d67a888,Warning - Value dubious for this VR - (TAG) PN Patient's Name PN [1] = <LUNG1-090> - Retired Person Name form,Warning,2,PLAUSIBILITY,RETIRED_PN,"not applicable, no requirement is cited by the message",not applicable,,"Named in the rubric as a plausibility heuristic. The message is about the shape of a PN value, a single component with no caret delimiters, which PS3.5 Table 6.2-1 permits for VR PN. No Type and no condition is asserted, and dciodvfy emits it at Warning severity with the word dubious. 1,209 of the 1,224 message classes in this SOP class fall under this rule, one per distinct name value, because the census keys a class on the normalised message text and the value sits inside it."
dciodvfy,ee2d9df26d54,Warning - Value dubious for this VR - (TAG) PN Patient's Name PN [1] = <LUNG1-274> - Retired Person Name form,Warning,2,PLAUSIBILITY,RETIRED_PN,"not applicable, no requirement is cited by the message",not applicable,,"Named in the rubric as a plausibility heuristic. The message is about the shape of a PN value, a single component with no caret delimiters, which PS3.5 Table 6.2-1 permits for VR PN. No Type and no condition is asserted, and dciodvfy emits it at Warning severity with the word dubious. 1,209 of the 1,224 message classes in this SOP class fall under this rule, one per distinct name value, because the census keys a class on the normalised message text and the value sits inside it."
dciodvfy,ee50f5aeb6df,Warning - Value dubious for this VR - (TAG) PN Patient's Name PN [1] = <LUNG1-270> - Retired Person Name form,Warning,2,PLAUSIBILITY,RETIRED_PN,"not applicable, no requirement is cited by the message",not applicable,,"Named in the rubric as a plausibility heuristic. The message is about the shape of a PN value, a single component with no caret delimiters, which PS3.5 Table 6.2-1 permits for VR PN. No Type and no condition is asserted, and dciodvfy emits it at Warning severity with the word dubious. 1,209 of the 1,224 message classes in this SOP class fall under this rule, one per distinct name value, because the census keys a class on the normalised message text and the value sits inside it."
dciodvfy,eea2cef6f9b5,Warning - Value dubious for this VR - (TAG) PN Patient's Name PN [1] = <LUNG1-130> - Retired Person Name form,Warning,2,PLAUSIBILITY,RETIRED_PN,"not applicable, no requirement is cited by the message",not applicable,,"Named in the rubric as a plausibility heuristic. The message is about the shape of a PN value, a single component with no caret delimiters, which PS3.5 Table 6.2-1 permits for VR PN. No Type and no condition is asserted, and dciodvfy emits it at Warning severity with the word dubious. 1,209 of the 1,224 message classes in this SOP class fall under this rule, one per distinct name value, because the census keys a class on the normalised message text and the value sits inside it."
dciodvfy,eec9d29fa7c0,Warning - Value dubious for this VR - (TAG) PN Patient's Name PN [1] = <LUNG1-232> - Retired Person Name form,Warning,2,PLAUSIBILITY,RETIRED_PN,"not applicable, no requirement is cited by the message",not applicable,,"Named in the rubric as a plausibility heuristic. The message is about the shape of a PN value, a single component with no caret delimiters, which PS3.5 Table 6.2-1 permits for VR PN. No Type and no condition is asserted, and dciodvfy emits it at Warning severity with the word dubious. 1,209 of the 1,224 message classes in this SOP class fall under this rule, one per distinct name value, because the census keys a class on the normalised message text and the value sits inside it."
dciodvfy,ef052af49397,Warning - Value dubious for this VR - (TAG) PN Patient's Name PN [1] = <LUNG1-028> - Retired Person Name form,Warning,2,PLAUSIBILITY,RETIRED_PN,"not applicable, no requirement is cited by the message",not applicable,,"Named in the rubric as a plausibility heuristic. The message is about the shape of a PN value, a single component with no caret delimiters, which PS3.5 Table 6.2-1 permits for VR PN. No Type and no condition is asserted, and dciodvfy emits it at Warning severity with the word dubious. 1,209 of the 1,224 message classes in this SOP class fall under this rule, one per distinct name value, because the census keys a class on the normalised message text and the value sits inside it."
dciodvfy,ef24db2d770b,Warning - Value dubious for this VR - (TAG) PN Patient's Name PN [1] = <LUNG1-084> - Retired Person Name form,Warning,2,PLAUSIBILITY,RETIRED_PN,"not applicable, no requirement is cited by the message",not applicable,,"Named in the rubric as a plausibility heuristic. The message is about the shape of a PN value, a single component with no caret delimiters, which PS3.5 Table 6.2-1 permits for VR PN. No Type and no condition is asserted, and dciodvfy emits it at Warning severity with the word dubious. 1,209 of the 1,224 message classes in this SOP class fall under this rule, one per distinct name value, because the census keys a class on the normalised message text and the value sits inside it."
dciodvfy,ef3a0b2b4214,Warning - Value dubious for this VR - (TAG) PN Patient's Name PN [1] = <Lung_Dx-A0065> - Retired Person Name form,Warning,2,PLAUSIBILITY,RETIRED_PN,"not applicable, no requirement is cited by the message",not applicable,,"Named in the rubric as a plausibility heuristic. The message is about the shape of a PN value, a single component with no caret delimiters, which PS3.5 Table 6.2-1 permits for VR PN. No Type and no condition is asserted, and dciodvfy emits it at Warning severity with the word dubious. 1,209 of the 1,224 message classes in this SOP class fall under this rule, one per distinct name value, because the census keys a class on the normalised message text and the value sits inside it."
dciodvfy,ef7587878fcf,Warning - Value dubious for this VR - (TAG) PN Patient's Name PN [1] = <Lung_Dx-A0073> - Retired Person Name form,Warning,2,PLAUSIBILITY,RETIRED_PN,"not applicable, no requirement is cited by the message",not applicable,,"Named in the rubric as a plausibility heuristic. The message is about the shape of a PN value, a single component with no caret delimiters, which PS3.5 Table 6.2-1 permits for VR PN. No Type and no condition is asserted, and dciodvfy emits it at Warning severity with the word dubious. 1,209 of the 1,224 message classes in this SOP class fall under this rule, one per distinct name value, because the census keys a class on the normalised message text and the value sits inside it."
dciodvfy,f25ca5c5e201,Warning - Value dubious for this VR - (TAG) PN Patient's Name PN [1] = <LUNG1-328> - Retired Person Name form,Warning,2,PLAUSIBILITY,RETIRED_PN,"not applicable, no requirement is cited by the message",not applicable,,"Named in the rubric as a plausibility heuristic. The message is about the shape of a PN value, a single component with no caret delimiters, which PS3.5 Table 6.2-1 permits for VR PN. No Type and no condition is asserted, and dciodvfy emits it at Warning severity with the word dubious. 1,209 of the 1,224 message classes in this SOP class fall under this rule, one per distinct name value, because the census keys a class on the normalised message text and the value sits inside it."
dciodvfy,f29b37b096ee,Warning - Value dubious for this VR - (TAG) PN Patient's Name PN [1] = <LUNG1-113> - Retired Person Name form,Warning,2,PLAUSIBILITY,RETIRED_PN,"not applicable, no requirement is cited by the message",not applicable,,"Named in the rubric as a plausibility heuristic. The message is about the shape of a PN value, a single component with no caret delimiters, which PS3.5 Table 6.2-1 permits for VR PN. No Type and no condition is asserted, and dciodvfy emits it at Warning severity with the word dubious. 1,209 of the 1,224 message classes in this SOP class fall under this rule, one per distinct name value, because the census keys a class on the normalised message text and the value sits inside it."
dciodvfy,f2cac9b5b77b,Warning - Value dubious for this VR - (TAG) PN Patient's Name PN [1] = <LUNG1-082> - Retired Person Name form,Warning,2,PLAUSIBILITY,RETIRED_PN,"not applicable, no requirement is cited by the message",not applicable,,"Named in the rubric as a plausibility heuristic. The message is about the shape of a PN value, a single component with no caret delimiters, which PS3.5 Table 6.2-1 permits for VR PN. No Type and no condition is asserted, and dciodvfy emits it at Warning severity with the word dubious. 1,209 of the 1,224 message classes in this SOP class fall under this rule, one per distinct name value, because the census keys a class on the normalised message text and the value sits inside it."
dciodvfy,f32de66b9378,Warning - Value dubious for this VR - (TAG) PN Patient's Name PN [1] = <LUNG1-143> - Retired Person Name form,Warning,2,PLAUSIBILITY,RETIRED_PN,"not applicable, no requirement is cited by the message",not applicable,,"Named in the rubric as a plausibility heuristic. The message is about the shape of a PN value, a single component with no caret delimiters, which PS3.5 Table 6.2-1 permits for VR PN. No Type and no condition is asserted, and dciodvfy emits it at Warning severity with the word dubious. 1,209 of the 1,224 message classes in this SOP class fall under this rule, one per distinct name value, because the census keys a class on the normalised message text and the value sits inside it."
dciodvfy,f39071bdb84b,Warning - Value dubious for this VR - (TAG) PN Patient's Name PN [1] = <LUNG1-219> - Retired Person Name form,Warning,2,PLAUSIBILITY,RETIRED_PN,"not applicable, no requirement is cited by the message",not applicable,,"Named in the rubric as a plausibility heuristic. The message is about the shape of a PN value, a single component with no caret delimiters, which PS3.5 Table 6.2-1 permits for VR PN. No Type and no condition is asserted, and dciodvfy emits it at Warning severity with the word dubious. 1,209 of the 1,224 message classes in this SOP class fall under this rule, one per distinct name value, because the census keys a class on the normalised message text and the value sits inside it."
dciodvfy,f443f5eb48c1,Warning - Value dubious for this VR - (TAG) PN Patient's Name PN [1] = <LUNG1-180> - Retired Person Name form,Warning,2,PLAUSIBILITY,RETIRED_PN,"not applicable, no requirement is cited by the message",not applicable,,"Named in the rubric as a plausibility heuristic. The message is about the shape of a PN value, a single component with no caret delimiters, which PS3.5 Table 6.2-1 permits for VR PN. No Type and no condition is asserted, and dciodvfy emits it at Warning severity with the word dubious. 1,209 of the 1,224 message classes in this SOP class fall under this rule, one per distinct name value, because the census keys a class on the normalised message text and the value sits inside it."
dciodvfy,f4532bff6af4,Warning - Value dubious for this VR - (TAG) PN Patient's Name PN [1] = <Lung_Dx-A0140> - Retired Person Name form,Warning,2,PLAUSIBILITY,RETIRED_PN,"not applicable, no requirement is cited by the message",not applicable,,"Named in the rubric as a plausibility heuristic. The message is about the shape of a PN value, a single component with no caret delimiters, which PS3.5 Table 6.2-1 permits for VR PN. No Type and no condition is asserted, and dciodvfy emits it at Warning severity with the word dubious. 1,209 of the 1,224 message classes in this SOP class fall under this rule, one per distinct name value, because the census keys a class on the normalised message text and the value sits inside it."
dciodvfy,f4dcde7536ec,Warning - Value dubious for this VR - (TAG) PN Patient's Name PN [1] = <LUNG1-390> - Retired Person Name form,Warning,2,PLAUSIBILITY,RETIRED_PN,"not applicable, no requirement is cited by the message",not applicable,,"Named in the rubric as a plausibility heuristic. The message is about the shape of a PN value, a single component with no caret delimiters, which PS3.5 Table 6.2-1 permits for VR PN. No Type and no condition is asserted, and dciodvfy emits it at Warning severity with the word dubious. 1,209 of the 1,224 message classes in this SOP class fall under this rule, one per distinct name value, because the census keys a class on the normalised message text and the value sits inside it."
dciodvfy,f4f6851d5391,Warning - Value dubious for this VR - (TAG) PN Patient's Name PN [1] = <LUNG1-366> - Retired Person Name form,Warning,2,PLAUSIBILITY,RETIRED_PN,"not applicable, no requirement is cited by the message",not applicable,,"Named in the rubric as a plausibility heuristic. The message is about the shape of a PN value, a single component with no caret delimiters, which PS3.5 Table 6.2-1 permits for VR PN. No Type and no condition is asserted, and dciodvfy emits it at Warning severity with the word dubious. 1,209 of the 1,224 message classes in this SOP class fall under this rule, one per distinct name value, because the census keys a class on the normalised message text and the value sits inside it."
dciodvfy,f570416462e0,Warning - Value dubious for this VR - (TAG) PN Patient's Name PN [1] = <LUNG1-260> - Retired Person Name form,Warning,2,PLAUSIBILITY,RETIRED_PN,"not applicable, no requirement is cited by the message",not applicable,,"Named in the rubric as a plausibility heuristic. The message is about the shape of a PN value, a single component with no caret delimiters, which PS3.5 Table 6.2-1 permits for VR PN. No Type and no condition is asserted, and dciodvfy emits it at Warning severity with the word dubious. 1,209 of the 1,224 message classes in this SOP class fall under this rule, one per distinct name value, because the census keys a class on the normalised message text and the value sits inside it."
dciodvfy,f5aa0bd9ba8b,Warning - Value dubious for this VR - (TAG) PN Patient's Name PN [1] = <LUNG1-214> - Retired Person Name form,Warning,2,PLAUSIBILITY,RETIRED_PN,"not applicable, no requirement is cited by the message",not applicable,,"Named in the rubric as a plausibility heuristic. The message is about the shape of a PN value, a single component with no caret delimiters, which PS3.5 Table 6.2-1 permits for VR PN. No Type and no condition is asserted, and dciodvfy emits it at Warning severity with the word dubious. 1,209 of the 1,224 message classes in this SOP class fall under this rule, one per distinct name value, because the census keys a class on the normalised message text and the value sits inside it."
dciodvfy,f63369868d86,Warning - Value dubious for this VR - (TAG) PN Patient's Name PN [1] = <LUNG1-208> - Retired Person Name form,Warning,2,PLAUSIBILITY,RETIRED_PN,"not applicable, no requirement is cited by the message",not applicable,,"Named in the rubric as a plausibility heuristic. The message is about the shape of a PN value, a single component with no caret delimiters, which PS3.5 Table 6.2-1 permits for VR PN. No Type and no condition is asserted, and dciodvfy emits it at Warning severity with the word dubious. 1,209 of the 1,224 message classes in this SOP class fall under this rule, one per distinct name value, because the census keys a class on the normalised message text and the value sits inside it."
dciodvfy,f66dfa7c9cb4,Warning - Value dubious for this VR - (TAG) PN Patient's Name PN [1] = <LUNG1-234> - Retired Person Name form,Warning,2,PLAUSIBILITY,RETIRED_PN,"not applicable, no requirement is cited by the message",not applicable,,"Named in the rubric as a plausibility heuristic. The message is about the shape of a PN value, a single component with no caret delimiters, which PS3.5 Table 6.2-1 permits for VR PN. No Type and no condition is asserted, and dciodvfy emits it at Warning severity with the word dubious. 1,209 of the 1,224 message classes in this SOP class fall under this rule, one per distinct name value, because the census keys a class on the normalised message text and the value sits inside it."
dciodvfy,f7e7cb2eed34,Warning - Value dubious for this VR - (TAG) PN Patient's Name PN [1] = <LUNG1-286> - Retired Person Name form,Warning,2,PLAUSIBILITY,RETIRED_PN,"not applicable, no requirement is cited by the message",not applicable,,"Named in the rubric as a plausibility heuristic. The message is about the shape of a PN value, a single component with no caret delimiters, which PS3.5 Table 6.2-1 permits for VR PN. No Type and no condition is asserted, and dciodvfy emits it at Warning severity with the word dubious. 1,209 of the 1,224 message classes in this SOP class fall under this rule, one per distinct name value, because the census keys a class on the normalised message text and the value sits inside it."
dciodvfy,f7ee09292af0,Warning - Value dubious for this VR - (TAG) PN Patient's Name PN [1] = <LUNG1-056> - Retired Person Name form,Warning,2,PLAUSIBILITY,RETIRED_PN,"not applicable, no requirement is cited by the message",not applicable,,"Named in the rubric as a plausibility heuristic. The message is about the shape of a PN value, a single component with no caret delimiters, which PS3.5 Table 6.2-1 permits for VR PN. No Type and no condition is asserted, and dciodvfy emits it at Warning severity with the word dubious. 1,209 of the 1,224 message classes in this SOP class fall under this rule, one per distinct name value, because the census keys a class on the normalised message text and the value sits inside it."
dciodvfy,f8186c7e226f,Warning - Value dubious for this VR - (TAG) PN Patient's Name PN [1] = <LUNG1-276> - Retired Person Name form,Warning,2,PLAUSIBILITY,RETIRED_PN,"not applicable, no requirement is cited by the message",not applicable,,"Named in the rubric as a plausibility heuristic. The message is about the shape of a PN value, a single component with no caret delimiters, which PS3.5 Table 6.2-1 permits for VR PN. No Type and no condition is asserted, and dciodvfy emits it at Warning severity with the word dubious. 1,209 of the 1,224 message classes in this SOP class fall under this rule, one per distinct name value, because the census keys a class on the normalised message text and the value sits inside it."
dciodvfy,f8d6a1c7e530,Warning - Value dubious for this VR - (TAG) PN Patient's Name PN [1] = <LUNG1-313> - Retired Person Name form,Warning,2,PLAUSIBILITY,RETIRED_PN,"not applicable, no requirement is cited by the message",not applicable,,"Named in the rubric as a plausibility heuristic. The message is about the shape of a PN value, a single component with no caret delimiters, which PS3.5 Table 6.2-1 permits for VR PN. No Type and no condition is asserted, and dciodvfy emits it at Warning severity with the word dubious. 1,209 of the 1,224 message classes in this SOP class fall under this rule, one per distinct name value, because the census keys a class on the normalised message text and the value sits inside it."
dciodvfy,f90fa45a4fb5,Warning - Value dubious for this VR - (TAG) PN Patient's Name PN [1] = <Lung_Dx-G0021> - Retired Person Name form,Warning,2,PLAUSIBILITY,RETIRED_PN,"not applicable, no requirement is cited by the message",not applicable,,"Named in the rubric as a plausibility heuristic. The message is about the shape of a PN value, a single component with no caret delimiters, which PS3.5 Table 6.2-1 permits for VR PN. No Type and no condition is asserted, and dciodvfy emits it at Warning severity with the word dubious. 1,209 of the 1,224 message classes in this SOP class fall under this rule, one per distinct name value, because the census keys a class on the normalised message text and the value sits inside it."
dciodvfy,f918d687c8a0,Warning - Value dubious for this VR - (TAG) PN Patient's Name PN [1] = <Lung_Dx-A0137> - Retired Person Name form,Warning,2,PLAUSIBILITY,RETIRED_PN,"not applicable, no requirement is cited by the message",not applicable,,"Named in the rubric as a plausibility heuristic. The message is about the shape of a PN value, a single component with no caret delimiters, which PS3.5 Table 6.2-1 permits for VR PN. No Type and no condition is asserted, and dciodvfy emits it at Warning severity with the word dubious. 1,209 of the 1,224 message classes in this SOP class fall under this rule, one per distinct name value, because the census keys a class on the normalised message text and the value sits inside it."
dciodvfy,f9346d4d8b2e,Warning - Value dubious for this VR - (TAG) PN Patient's Name PN [1] = <Lung_Dx-G0017> - Retired Person Name form,Warning,2,PLAUSIBILITY,RETIRED_PN,"not applicable, no requirement is cited by the message",not applicable,,"Named in the rubric as a plausibility heuristic. The message is about the shape of a PN value, a single component with no caret delimiters, which PS3.5 Table 6.2-1 permits for VR PN. No Type and no condition is asserted, and dciodvfy emits it at Warning severity with the word dubious. 1,209 of the 1,224 message classes in this SOP class fall under this rule, one per distinct name value, because the census keys a class on the normalised message text and the value sits inside it."
dciodvfy,f990745578e9,Warning - Value dubious for this VR - (TAG) PN Patient's Name PN [1] = <LUNG1-324> - Retired Person Name form,Warning,2,PLAUSIBILITY,RETIRED_PN,"not applicable, no requirement is cited by the message",not applicable,,"Named in the rubric as a plausibility heuristic. The message is about the shape of a PN value, a single component with no caret delimiters, which PS3.5 Table 6.2-1 permits for VR PN. No Type and no condition is asserted, and dciodvfy emits it at Warning severity with the word dubious. 1,209 of the 1,224 message classes in this SOP class fall under this rule, one per distinct name value, because the census keys a class on the normalised message text and the value sits inside it."
dciodvfy,fa33d7afdd9c,Warning - Value dubious for this VR - (TAG) PN Patient's Name PN [1] = <LUNG1-049> - Retired Person Name form,Warning,2,PLAUSIBILITY,RETIRED_PN,"not applicable, no requirement is cited by the message",not applicable,,"Named in the rubric as a plausibility heuristic. The message is about the shape of a PN value, a single component with no caret delimiters, which PS3.5 Table 6.2-1 permits for VR PN. No Type and no condition is asserted, and dciodvfy emits it at Warning severity with the word dubious. 1,209 of the 1,224 message classes in this SOP class fall under this rule, one per distinct name value, because the census keys a class on the normalised message text and the value sits inside it."
dciodvfy,faea69de9964,Warning - Value dubious for this VR - (TAG) PN Patient's Name PN [1] = <LUNG1-191> - Retired Person Name form,Warning,2,PLAUSIBILITY,RETIRED_PN,"not applicable, no requirement is cited by the message",not applicable,,"Named in the rubric as a plausibility heuristic. The message is about the shape of a PN value, a single component with no caret delimiters, which PS3.5 Table 6.2-1 permits for VR PN. No Type and no condition is asserted, and dciodvfy emits it at Warning severity with the word dubious. 1,209 of the 1,224 message classes in this SOP class fall under this rule, one per distinct name value, because the census keys a class on the normalised message text and the value sits inside it."
dciodvfy,fc885f486427,Warning - Value dubious for this VR - (TAG) PN Patient's Name PN [1] = <Lung_Dx-A0142> - Retired Person Name form,Warning,2,PLAUSIBILITY,RETIRED_PN,"not applicable, no requirement is cited by the message",not applicable,,"Named in the rubric as a plausibility heuristic. The message is about the shape of a PN value, a single component with no caret delimiters, which PS3.5 Table 6.2-1 permits for VR PN. No Type and no condition is asserted, and dciodvfy emits it at Warning severity with the word dubious. 1,209 of the 1,224 message classes in this SOP class fall under this rule, one per distinct name value, because the census keys a class on the normalised message text and the value sits inside it."
dciodvfy,fc9d268325b4,Warning - Value dubious for this VR - (TAG) PN Patient's Name PN [1] = <LUNG1-108> - Retired Person Name form,Warning,2,PLAUSIBILITY,RETIRED_PN,"not applicable, no requirement is cited by the message",not applicable,,"Named in the rubric as a plausibility heuristic. The message is about the shape of a PN value, a single component with no caret delimiters, which PS3.5 Table 6.2-1 permits for VR PN. No Type and no condition is asserted, and dciodvfy emits it at Warning severity with the word dubious. 1,209 of the 1,224 message classes in this SOP class fall under this rule, one per distinct name value, because the census keys a class on the normalised message text and the value sits inside it."
dciodvfy,fe5d2b95b64d,Warning - Value dubious for this VR - (TAG) PN Patient's Name PN [1] = <LUNG1-264> - Retired Person Name form,Warning,2,PLAUSIBILITY,RETIRED_PN,"not applicable, no requirement is cited by the message",not applicable,,"Named in the rubric as a plausibility heuristic. The message is about the shape of a PN value, a single component with no caret delimiters, which PS3.5 Table 6.2-1 permits for VR PN. No Type and no condition is asserted, and dciodvfy emits it at Warning severity with the word dubious. 1,209 of the 1,224 message classes in this SOP class fall under this rule, one per distinct name value, because the census keys a class on the normalised message text and the value sits inside it."
dciodvfy,fea298324d76,Warning - Value dubious for this VR - (TAG) PN Patient's Name PN [1] = <Lung_Dx-G0011> - Retired Person Name form,Warning,2,PLAUSIBILITY,RETIRED_PN,"not applicable, no requirement is cited by the message",not applicable,,"Named in the rubric as a plausibility heuristic. The message is about the shape of a PN value, a single component with no caret delimiters, which PS3.5 Table 6.2-1 permits for VR PN. No Type and no condition is asserted, and dciodvfy emits it at Warning severity with the word dubious. 1,209 of the 1,224 message classes in this SOP class fall under this rule, one per distinct name value, because the census keys a class on the normalised message text and the value sits inside it."
dciodvfy,ff28d74945d9,Warning - Value dubious for this VR - (TAG) PN Patient's Name PN [1] = <Lung_Dx-A0032> - Retired Person Name form,Warning,2,PLAUSIBILITY,RETIRED_PN,"not applicable, no requirement is cited by the message",not applicable,,"Named in the rubric as a plausibility heuristic. The message is about the shape of a PN value, a single component with no caret delimiters, which PS3.5 Table 6.2-1 permits for VR PN. No Type and no condition is asserted, and dciodvfy emits it at Warning severity with the word dubious. 1,209 of the 1,224 message classes in this SOP class fall under this rule, one per distinct name value, because the census keys a class on the normalised message text and the value sits inside it."
dciodvfy,ffbdbb959e3f,Warning - Value dubious for this VR - (TAG) PN Patient's Name PN [1] = <LUNG1-184> - Retired Person Name form,Warning,2,PLAUSIBILITY,RETIRED_PN,"not applicable, no requirement is cited by the message",not applicable,,"Named in the rubric as a plausibility heuristic. The message is about the shape of a PN value, a single component with no caret delimiters, which PS3.5 Table 6.2-1 permits for VR PN. No Type and no condition is asserted, and dciodvfy emits it at Warning severity with the word dubious. 1,209 of the 1,224 message classes in this SOP class fall under this rule, one per distinct name value, because the census keys a class on the normalised message text and the value sits inside it."
dciodvfy,00311f0e456a,Warning - Value dubious for this VR - (TAG) PN Patient's Name PN [1] = <ProstateX-0312> - Retired Person Name form,Warning,1,PLAUSIBILITY,RETIRED_PN,"not applicable, no requirement is cited by the message",not applicable,,"Named in the rubric as a plausibility heuristic. The message is about the shape of a PN value, a single component with no caret delimiters, which PS3.5 Table 6.2-1 permits for VR PN. No Type and no condition is asserted, and dciodvfy emits it at Warning severity with the word dubious. 1,209 of the 1,224 message classes in this SOP class fall under this rule, one per distinct name value, because the census keys a class on the normalised message text and the value sits inside it."
dciodvfy,00536d23ffff,Warning - Value dubious for this VR - (TAG) PN Patient's Name PN [1] = <RMS2455> - Retired Person Name form,Warning,1,PLAUSIBILITY,RETIRED_PN,"not applicable, no requirement is cited by the message",not applicable,,"Named in the rubric as a plausibility heuristic. The message is about the shape of a PN value, a single component with no caret delimiters, which PS3.5 Table 6.2-1 permits for VR PN. No Type and no condition is asserted, and dciodvfy emits it at Warning severity with the word dubious. 1,209 of the 1,224 message classes in this SOP class fall under this rule, one per distinct name value, because the census keys a class on the normalised message text and the value sits inside it."
dciodvfy,00bcee41d3b1,Warning - Value dubious for this VR - (TAG) PN Patient's Name PN [1] = <ProstateX-0087> - Retired Person Name form,Warning,1,PLAUSIBILITY,RETIRED_PN,"not applicable, no requirement is cited by the message",not applicable,,"Named in the rubric as a plausibility heuristic. The message is about the shape of a PN value, a single component with no caret delimiters, which PS3.5 Table 6.2-1 permits for VR PN. No Type and no condition is asserted, and dciodvfy emits it at Warning severity with the word dubious. 1,209 of the 1,224 message classes in this SOP class fall under this rule, one per distinct name value, because the census keys a class on the normalised message text and the value sits inside it."
dciodvfy,010274ff7a52,Warning - Value dubious for this VR - (TAG) PN Patient's Name PN [1] = <RMS2270> - Retired Person Name form,Warning,1,PLAUSIBILITY,RETIRED_PN,"not applicable, no requirement is cited by the message",not applicable,,"Named in the rubric as a plausibility heuristic. The message is about the shape of a PN value, a single component with no caret delimiters, which PS3.5 Table 6.2-1 permits for VR PN. No Type and no condition is asserted, and dciodvfy emits it at Warning severity with the word dubious. 1,209 of the 1,224 message classes in this SOP class fall under this rule, one per distinct name value, because the census keys a class on the normalised message text and the value sits inside it."
dciodvfy,024a90526e27,Warning - Value dubious for this VR - (TAG) PN Patient's Name PN [1] = <ProstateX-0040> - Retired Person Name form,Warning,1,PLAUSIBILITY,RETIRED_PN,"not applicable, no requirement is cited by the message",not applicable,,"Named in the rubric as a plausibility heuristic. The message is about the shape of a PN value, a single component with no caret delimiters, which PS3.5 Table 6.2-1 permits for VR PN. No Type and no condition is asserted, and dciodvfy emits it at Warning severity with the word dubious. 1,209 of the 1,224 message classes in this SOP class fall under this rule, one per distinct name value, because the census keys a class on the normalised message text and the value sits inside it."
dciodvfy,02b20fd9d736,Warning - Value dubious for this VR - (TAG) PN Patient's Name PN [1] = <ProstateX-0016> - Retired Person Name form,Warning,1,PLAUSIBILITY,RETIRED_PN,"not applicable, no requirement is cited by the message",not applicable,,"Named in the rubric as a plausibility heuristic. The message is about the shape of a PN value, a single component with no caret delimiters, which PS3.5 Table 6.2-1 permits for VR PN. No Type and no condition is asserted, and dciodvfy emits it at Warning severity with the word dubious. 1,209 of the 1,224 message classes in this SOP class fall under this rule, one per distinct name value, because the census keys a class on the normalised message text and the value sits inside it."
dciodvfy,04230716a0dc,Warning - Value dubious for this VR - (TAG) PN Patient's Name PN [1] = <ProstateX-0001> - Retired Person Name form,Warning,1,PLAUSIBILITY,RETIRED_PN,"not applicable, no requirement is cited by the message",not applicable,,"Named in the rubric as a plausibility heuristic. The message is about the shape of a PN value, a single component with no caret delimiters, which PS3.5 Table 6.2-1 permits for VR PN. No Type and no condition is asserted, and dciodvfy emits it at Warning severity with the word dubious. 1,209 of the 1,224 message classes in this SOP class fall under this rule, one per distinct name value, because the census keys a class on the normalised message text and the value sits inside it."
dciodvfy,0501cf4b8946,Warning - Value dubious for this VR - (TAG) PN Patient's Name PN [1] = <ProstateX-0286> - Retired Person Name form,Warning,1,PLAUSIBILITY,RETIRED_PN,"not applicable, no requirement is cited by the message",not applicable,,"Named in the rubric as a plausibility heuristic. The message is about the shape of a PN value, a single component with no caret delimiters, which PS3.5 Table 6.2-1 permits for VR PN. No Type and no condition is asserted, and dciodvfy emits it at Warning severity with the word dubious. 1,209 of the 1,224 message classes in this SOP class fall under this rule, one per distinct name value, because the census keys a class on the normalised message text and the value sits inside it."
dciodvfy,051cdd467444,Warning - Value dubious for this VR - (TAG) PN Patient's Name PN [1] = <ProstateX-0149> - Retired Person Name form,Warning,1,PLAUSIBILITY,RETIRED_PN,"not applicable, no requirement is cited by the message",not applicable,,"Named in the rubric as a plausibility heuristic. The message is about the shape of a PN value, a single component with no caret delimiters, which PS3.5 Table 6.2-1 permits for VR PN. No Type and no condition is asserted, and dciodvfy emits it at Warning severity with the word dubious. 1,209 of the 1,224 message classes in this SOP class fall under this rule, one per distinct name value, because the census keys a class on the normalised message text and the value sits inside it."
dciodvfy,051df294cd0a,Warning - Value dubious for this VR - (TAG) PN Patient's Name PN [1] = <RMS2451> - Retired Person Name form,Warning,1,PLAUSIBILITY,RETIRED_PN,"not applicable, no requirement is cited by the message",not applicable,,"Named in the rubric as a plausibility heuristic. The message is about the shape of a PN value, a single component with no caret delimiters, which PS3.5 Table 6.2-1 permits for VR PN. No Type and no condition is asserted, and dciodvfy emits it at Warning severity with the word dubious. 1,209 of the 1,224 message classes in this SOP class fall under this rule, one per distinct name value, because the census keys a class on the normalised message text and the value sits inside it."
dciodvfy,05b8b5a3fd8a,Warning - Value dubious for this VR - (TAG) PN Patient's Name PN [1] = <ProstateX-0243> - Retired Person Name form,Warning,1,PLAUSIBILITY,RETIRED_PN,"not applicable, no requirement is cited by the message",not applicable,,"Named in the rubric as a plausibility heuristic. The message is about the shape of a PN value, a single component with no caret delimiters, which PS3.5 Table 6.2-1 permits for VR PN. No Type and no condition is asserted, and dciodvfy emits it at Warning severity with the word dubious. 1,209 of the 1,224 message classes in this SOP class fall under this rule, one per distinct name value, because the census keys a class on the normalised message text and the value sits inside it."
dciodvfy,06bc163055ed,Warning - Value dubious for this VR - (TAG) PN Patient's Name PN [1] = <ProstateX-0239> - Retired Person Name form,Warning,1,PLAUSIBILITY,RETIRED_PN,"not applicable, no requirement is cited by the message",not applicable,,"Named in the rubric as a plausibility heuristic. The message is about the shape of a PN value, a single component with no caret delimiters, which PS3.5 Table 6.2-1 permits for VR PN. No Type and no condition is asserted, and dciodvfy emits it at Warning severity with the word dubious. 1,209 of the 1,224 message classes in this SOP class fall under this rule, one per distinct name value, because the census keys a class on the normalised message text and the value sits inside it."
dciodvfy,073d3e58f255,Warning - Value dubious for this VR - (TAG) PN Patient's Name PN [1] = <ProstateX-0063> - Retired Person Name form,Warning,1,PLAUSIBILITY,RETIRED_PN,"not applicable, no requirement is cited by the message",not applicable,,"Named in the rubric as a plausibility heuristic. The message is about the shape of a PN value, a single component with no caret delimiters, which PS3.5 Table 6.2-1 permits for VR PN. No Type and no condition is asserted, and dciodvfy emits it at Warning severity with the word dubious. 1,209 of the 1,224 message classes in this SOP class fall under this rule, one per distinct name value, because the census keys a class on the normalised message text and the value sits inside it."
dciodvfy,077d7728c999,Warning - Value dubious for this VR - (TAG) PN Patient's Name PN [1] = <ProstateX-0293> - Retired Person Name form,Warning,1,PLAUSIBILITY,RETIRED_PN,"not applicable, no requirement is cited by the message",not applicable,,"Named in the rubric as a plausibility heuristic. The message is about the shape of a PN value, a single component with no caret delimiters, which PS3.5 Table 6.2-1 permits for VR PN. No Type and no condition is asserted, and dciodvfy emits it at Warning severity with the word dubious. 1,209 of the 1,224 message classes in this SOP class fall under this rule, one per distinct name value, because the census keys a class on the normalised message text and the value sits inside it."
dciodvfy,07ddd5c32538,Warning - Value dubious for this VR - (TAG) PN Patient's Name PN [1] = <ProstateX-0311> - Retired Person Name form,Warning,1,PLAUSIBILITY,RETIRED_PN,"not applicable, no requirement is cited by the message",not applicable,,"Named in the rubric as a plausibility heuristic. The message is about the shape of a PN value, a single component with no caret delimiters, which PS3.5 Table 6.2-1 permits for VR PN. No Type and no condition is asserted, and dciodvfy emits it at Warning severity with the word dubious. 1,209 of the 1,224 message classes in this SOP class fall under this rule, one per distinct name value, because the census keys a class on the normalised message text and the value sits inside it."
dciodvfy,088891a69874,Warning - Value dubious for this VR - (TAG) PN Patient's Name PN [1] = <ProstateX-0122> - Retired Person Name form,Warning,1,PLAUSIBILITY,RETIRED_PN,"not applicable, no requirement is cited by the message",not applicable,,"Named in the rubric as a plausibility heuristic. The message is about the shape of a PN value, a single component with no caret delimiters, which PS3.5 Table 6.2-1 permits for VR PN. No Type and no condition is asserted, and dciodvfy emits it at Warning severity with the word dubious. 1,209 of the 1,224 message classes in this SOP class fall under this rule, one per distinct name value, because the census keys a class on the normalised message text and the value sits inside it."
dciodvfy,094ae22b8b24,Warning - Value dubious for this VR - (TAG) PN Patient's Name PN [1] = <ProstateX-0082> - Retired Person Name form,Warning,1,PLAUSIBILITY,RETIRED_PN,"not applicable, no requirement is cited by the message",not applicable,,"Named in the rubric as a plausibility heuristic. The message is about the shape of a PN value, a single component with no caret delimiters, which PS3.5 Table 6.2-1 permits for VR PN. No Type and no condition is asserted, and dciodvfy emits it at Warning severity with the word dubious. 1,209 of the 1,224 message classes in this SOP class fall under this rule, one per distinct name value, because the census keys a class on the normalised message text and the value sits inside it."
dciodvfy,099522e598bf,Warning - Value dubious for this VR - (TAG) PN Patient's Name PN [1] = <ProstateX-0105> - Retired Person Name form,Warning,1,PLAUSIBILITY,RETIRED_PN,"not applicable, no requirement is cited by the message",not applicable,,"Named in the rubric as a plausibility heuristic. The message is about the shape of a PN value, a single component with no caret delimiters, which PS3.5 Table 6.2-1 permits for VR PN. No Type and no condition is asserted, and dciodvfy emits it at Warning severity with the word dubious. 1,209 of the 1,224 message classes in this SOP class fall under this rule, one per distinct name value, because the census keys a class on the normalised message text and the value sits inside it."
dciodvfy,0c2cc01d4669,Warning - Value dubious for this VR - (TAG) PN Patient's Name PN [1] = <ProstateX-0329> - Retired Person Name form,Warning,1,PLAUSIBILITY,RETIRED_PN,"not applicable, no requirement is cited by the message",not applicable,,"Named in the rubric as a plausibility heuristic. The message is about the shape of a PN value, a single component with no caret delimiters, which PS3.5 Table 6.2-1 permits for VR PN. No Type and no condition is asserted, and dciodvfy emits it at Warning severity with the word dubious. 1,209 of the 1,224 message classes in this SOP class fall under this rule, one per distinct name value, because the census keys a class on the normalised message text and the value sits inside it."
dciodvfy,0d35fea36e32,Warning - Value dubious for this VR - (TAG) PN Patient's Name PN [1] = <ProstateX-0091> - Retired Person Name form,Warning,1,PLAUSIBILITY,RETIRED_PN,"not applicable, no requirement is cited by the message",not applicable,,"Named in the rubric as a plausibility heuristic. The message is about the shape of a PN value, a single component with no caret delimiters, which PS3.5 Table 6.2-1 permits for VR PN. No Type and no condition is asserted, and dciodvfy emits it at Warning severity with the word dubious. 1,209 of the 1,224 message classes in this SOP class fall under this rule, one per distinct name value, because the census keys a class on the normalised message text and the value sits inside it."
dciodvfy,0d579f9546a7,Warning - Value dubious for this VR - (TAG) PN Patient's Name PN [1] = <ProstateX-0159> - Retired Person Name form,Warning,1,PLAUSIBILITY,RETIRED_PN,"not applicable, no requirement is cited by the message",not applicable,,"Named in the rubric as a plausibility heuristic. The message is about the shape of a PN value, a single component with no caret delimiters, which PS3.5 Table 6.2-1 permits for VR PN. No Type and no condition is asserted, and dciodvfy emits it at Warning severity with the word dubious. 1,209 of the 1,224 message classes in this SOP class fall under this rule, one per distinct name value, because the census keys a class on the normalised message text and the value sits inside it."
dciodvfy,0e173458432d,Warning - Value dubious for this VR - (TAG) PN Patient's Name PN [1] = <RMS2153> - Retired Person Name form,Warning,1,PLAUSIBILITY,RETIRED_PN,"not applicable, no requirement is cited by the message",not applicable,,"Named in the rubric as a plausibility heuristic. The message is about the shape of a PN value, a single component with no caret delimiters, which PS3.5 Table 6.2-1 permits for VR PN. No Type and no condition is asserted, and dciodvfy emits it at Warning severity with the word dubious. 1,209 of the 1,224 message classes in this SOP class fall under this rule, one per distinct name value, because the census keys a class on the normalised message text and the value sits inside it."
dciodvfy,0e5cb4b8734b,Warning - Value dubious for this VR - (TAG) PN Patient's Name PN [1] = <ProstateX-0029> - Retired Person Name form,Warning,1,PLAUSIBILITY,RETIRED_PN,"not applicable, no requirement is cited by the message",not applicable,,"Named in the rubric as a plausibility heuristic. The message is about the shape of a PN value, a single component with no caret delimiters, which PS3.5 Table 6.2-1 permits for VR PN. No Type and no condition is asserted, and dciodvfy emits it at Warning severity with the word dubious. 1,209 of the 1,224 message classes in this SOP class fall under this rule, one per distinct name value, because the census keys a class on the normalised message text and the value sits inside it."
dciodvfy,0eb063209739,Warning - Value dubious for this VR - (TAG) PN Patient's Name PN [1] = <RMS2339> - Retired Person Name form,Warning,1,PLAUSIBILITY,RETIRED_PN,"not applicable, no requirement is cited by the message",not applicable,,"Named in the rubric as a plausibility heuristic. The message is about the shape of a PN value, a single component with no caret delimiters, which PS3.5 Table 6.2-1 permits for VR PN. No Type and no condition is asserted, and dciodvfy emits it at Warning severity with the word dubious. 1,209 of the 1,224 message classes in this SOP class fall under this rule, one per distinct name value, because the census keys a class on the normalised message text and the value sits inside it."
dciodvfy,0f4088b5b36e,Warning - Value dubious for this VR - (TAG) PN Patient's Name PN [1] = <ProstateX-0000> - Retired Person Name form,Warning,1,PLAUSIBILITY,RETIRED_PN,"not applicable, no requirement is cited by the message",not applicable,,"Named in the rubric as a plausibility heuristic. The message is about the shape of a PN value, a single component with no caret delimiters, which PS3.5 Table 6.2-1 permits for VR PN. No Type and no condition is asserted, and dciodvfy emits it at Warning severity with the word dubious. 1,209 of the 1,224 message classes in this SOP class fall under this rule, one per distinct name value, because the census keys a class on the normalised message text and the value sits inside it."
dciodvfy,1060db503026,Warning - Value dubious for this VR - (TAG) PN Patient's Name PN [1] = <ProstateX-0103> - Retired Person Name form,Warning,1,PLAUSIBILITY,RETIRED_PN,"not applicable, no requirement is cited by the message",not applicable,,"Named in the rubric as a plausibility heuristic. The message is about the shape of a PN value, a single component with no caret delimiters, which PS3.5 Table 6.2-1 permits for VR PN. No Type and no condition is asserted, and dciodvfy emits it at Warning severity with the word dubious. 1,209 of the 1,224 message classes in this SOP class fall under this rule, one per distinct name value, because the census keys a class on the normalised message text and the value sits inside it."
dciodvfy,108279d90446,Warning - Value dubious for this VR - (TAG) PN Patient's Name PN [1] = <ProstateX-0268> - Retired Person Name form,Warning,1,PLAUSIBILITY,RETIRED_PN,"not applicable, no requirement is cited by the message",not applicable,,"Named in the rubric as a plausibility heuristic. The message is about the shape of a PN value, a single component with no caret delimiters, which PS3.5 Table 6.2-1 permits for VR PN. No Type and no condition is asserted, and dciodvfy emits it at Warning severity with the word dubious. 1,209 of the 1,224 message classes in this SOP class fall under this rule, one per distinct name value, because the census keys a class on the normalised message text and the value sits inside it."
dciodvfy,11330043dde4,Warning - Value dubious for this VR - (TAG) PN Patient's Name PN [1] = <ProstateX-0191> - Retired Person Name form,Warning,1,PLAUSIBILITY,RETIRED_PN,"not applicable, no requirement is cited by the message",not applicable,,"Named in the rubric as a plausibility heuristic. The message is about the shape of a PN value, a single component with no caret delimiters, which PS3.5 Table 6.2-1 permits for VR PN. No Type and no condition is asserted, and dciodvfy emits it at Warning severity with the word dubious. 1,209 of the 1,224 message classes in this SOP class fall under this rule, one per distinct name value, because the census keys a class on the normalised message text and the value sits inside it."
dciodvfy,11d6bbc3d797,Warning - Value dubious for this VR - (TAG) PN Patient's Name PN [1] = <ProstateX-0092> - Retired Person Name form,Warning,1,PLAUSIBILITY,RETIRED_PN,"not applicable, no requirement is cited by the message",not applicable,,"Named in the rubric as a plausibility heuristic. The message is about the shape of a PN value, a single component with no caret delimiters, which PS3.5 Table 6.2-1 permits for VR PN. No Type and no condition is asserted, and dciodvfy emits it at Warning severity with the word dubious. 1,209 of the 1,224 message classes in this SOP class fall under this rule, one per distinct name value, because the census keys a class on the normalised message text and the value sits inside it."
dciodvfy,134e2a372da9,Warning - Value dubious for this VR - (TAG) PN Patient's Name PN [1] = <ProstateX-0075> - Retired Person Name form,Warning,1,PLAUSIBILITY,RETIRED_PN,"not applicable, no requirement is cited by the message",not applicable,,"Named in the rubric as a plausibility heuristic. The message is about the shape of a PN value, a single component with no caret delimiters, which PS3.5 Table 6.2-1 permits for VR PN. No Type and no condition is asserted, and dciodvfy emits it at Warning severity with the word dubious. 1,209 of the 1,224 message classes in this SOP class fall under this rule, one per distinct name value, because the census keys a class on the normalised message text and the value sits inside it."
dciodvfy,13e1d60596e6,Warning - Value dubious for this VR - (TAG) PN Patient's Name PN [1] = <ProstateX-0179> - Retired Person Name form,Warning,1,PLAUSIBILITY,RETIRED_PN,"not applicable, no requirement is cited by the message",not applicable,,"Named in the rubric as a plausibility heuristic. The message is about the shape of a PN value, a single component with no caret delimiters, which PS3.5 Table 6.2-1 permits for VR PN. No Type and no condition is asserted, and dciodvfy emits it at Warning severity with the word dubious. 1,209 of the 1,224 message classes in this SOP class fall under this rule, one per distinct name value, because the census keys a class on the normalised message text and the value sits inside it."
dciodvfy,1468fb211b0e,Warning - Value dubious for this VR - (TAG) PN Patient's Name PN [1] = <ProstateX-0139> - Retired Person Name form,Warning,1,PLAUSIBILITY,RETIRED_PN,"not applicable, no requirement is cited by the message",not applicable,,"Named in the rubric as a plausibility heuristic. The message is about the shape of a PN value, a single component with no caret delimiters, which PS3.5 Table 6.2-1 permits for VR PN. No Type and no condition is asserted, and dciodvfy emits it at Warning severity with the word dubious. 1,209 of the 1,224 message classes in this SOP class fall under this rule, one per distinct name value, because the census keys a class on the normalised message text and the value sits inside it."
dciodvfy,14be78955d73,Warning - Value dubious for this VR - (TAG) PN Patient's Name PN [1] = <ProstateX-0121> - Retired Person Name form,Warning,1,PLAUSIBILITY,RETIRED_PN,"not applicable, no requirement is cited by the message",not applicable,,"Named in the rubric as a plausibility heuristic. The message is about the shape of a PN value, a single component with no caret delimiters, which PS3.5 Table 6.2-1 permits for VR PN. No Type and no condition is asserted, and dciodvfy emits it at Warning severity with the word dubious. 1,209 of the 1,224 message classes in this SOP class fall under this rule, one per distinct name value, because the census keys a class on the normalised message text and the value sits inside it."
dciodvfy,15fe78c5204c,Warning - Value dubious for this VR - (TAG) PN Patient's Name PN [1] = <ProstateX-0224> - Retired Person Name form,Warning,1,PLAUSIBILITY,RETIRED_PN,"not applicable, no requirement is cited by the message",not applicable,,"Named in the rubric as a plausibility heuristic. The message is about the shape of a PN value, a single component with no caret delimiters, which PS3.5 Table 6.2-1 permits for VR PN. No Type and no condition is asserted, and dciodvfy emits it at Warning severity with the word dubious. 1,209 of the 1,224 message classes in this SOP class fall under this rule, one per distinct name value, because the census keys a class on the normalised message text and the value sits inside it."
dciodvfy,17bda9683dbf,Warning - Value dubious for this VR - (TAG) PN Patient's Name PN [1] = <ProstateX-0055> - Retired Person Name form,Warning,1,PLAUSIBILITY,RETIRED_PN,"not applicable, no requirement is cited by the message",not applicable,,"Named in the rubric as a plausibility heuristic. The message is about the shape of a PN value, a single component with no caret delimiters, which PS3.5 Table 6.2-1 permits for VR PN. No Type and no condition is asserted, and dciodvfy emits it at Warning severity with the word dubious. 1,209 of the 1,224 message classes in this SOP class fall under this rule, one per distinct name value, because the census keys a class on the normalised message text and the value sits inside it."
dciodvfy,18cbf58f703e,Warning - Value dubious for this VR - (TAG) PN Patient's Name PN [1] = <ProstateX-0228> - Retired Person Name form,Warning,1,PLAUSIBILITY,RETIRED_PN,"not applicable, no requirement is cited by the message",not applicable,,"Named in the rubric as a plausibility heuristic. The message is about the shape of a PN value, a single component with no caret delimiters, which PS3.5 Table 6.2-1 permits for VR PN. No Type and no condition is asserted, and dciodvfy emits it at Warning severity with the word dubious. 1,209 of the 1,224 message classes in this SOP class fall under this rule, one per distinct name value, because the census keys a class on the normalised message text and the value sits inside it."
dciodvfy,1996666c5928,Warning - Value dubious for this VR - (TAG) PN Patient's Name PN [1] = <ProstateX-0137> - Retired Person Name form,Warning,1,PLAUSIBILITY,RETIRED_PN,"not applicable, no requirement is cited by the message",not applicable,,"Named in the rubric as a plausibility heuristic. The message is about the shape of a PN value, a single component with no caret delimiters, which PS3.5 Table 6.2-1 permits for VR PN. No Type and no condition is asserted, and dciodvfy emits it at Warning severity with the word dubious. 1,209 of the 1,224 message classes in this SOP class fall under this rule, one per distinct name value, because the census keys a class on the normalised message text and the value sits inside it."
dciodvfy,1b1f3b325897,Warning - Value dubious for this VR - (TAG) PN Patient's Name PN [1] = <RMS2210> - Retired Person Name form,Warning,1,PLAUSIBILITY,RETIRED_PN,"not applicable, no requirement is cited by the message",not applicable,,"Named in the rubric as a plausibility heuristic. The message is about the shape of a PN value, a single component with no caret delimiters, which PS3.5 Table 6.2-1 permits for VR PN. No Type and no condition is asserted, and dciodvfy emits it at Warning severity with the word dubious. 1,209 of the 1,224 message classes in this SOP class fall under this rule, one per distinct name value, because the census keys a class on the normalised message text and the value sits inside it."
dciodvfy,1b76b110bbde,Warning - Value dubious for this VR - (TAG) PN Patient's Name PN [1] = <RMS2459> - Retired Person Name form,Warning,1,PLAUSIBILITY,RETIRED_PN,"not applicable, no requirement is cited by the message",not applicable,,"Named in the rubric as a plausibility heuristic. The message is about the shape of a PN value, a single component with no caret delimiters, which PS3.5 Table 6.2-1 permits for VR PN. No Type and no condition is asserted, and dciodvfy emits it at Warning severity with the word dubious. 1,209 of the 1,224 message classes in this SOP class fall under this rule, one per distinct name value, because the census keys a class on the normalised message text and the value sits inside it."
dciodvfy,1bcb5bdb4f69,Warning - Value dubious for this VR - (TAG) PN Patient's Name PN [1] = <ProstateX-0278> - Retired Person Name form,Warning,1,PLAUSIBILITY,RETIRED_PN,"not applicable, no requirement is cited by the message",not applicable,,"Named in the rubric as a plausibility heuristic. The message is about the shape of a PN value, a single component with no caret delimiters, which PS3.5 Table 6.2-1 permits for VR PN. No Type and no condition is asserted, and dciodvfy emits it at Warning severity with the word dubious. 1,209 of the 1,224 message classes in this SOP class fall under this rule, one per distinct name value, because the census keys a class on the normalised message text and the value sits inside it."
dciodvfy,1cb5393b6eff,Warning - Value dubious for this VR - (TAG) PN Patient's Name PN [1] = <RMS2398> - Retired Person Name form,Warning,1,PLAUSIBILITY,RETIRED_PN,"not applicable, no requirement is cited by the message",not applicable,,"Named in the rubric as a plausibility heuristic. The message is about the shape of a PN value, a single component with no caret delimiters, which PS3.5 Table 6.2-1 permits for VR PN. No Type and no condition is asserted, and dciodvfy emits it at Warning severity with the word dubious. 1,209 of the 1,224 message classes in this SOP class fall under this rule, one per distinct name value, because the census keys a class on the normalised message text and the value sits inside it."
dciodvfy,1cd527e91e7e,Warning - Value dubious for this VR - (TAG) PN Patient's Name PN [1] = <RMS2154> - Retired Person Name form,Warning,1,PLAUSIBILITY,RETIRED_PN,"not applicable, no requirement is cited by the message",not applicable,,"Named in the rubric as a plausibility heuristic. The message is about the shape of a PN value, a single component with no caret delimiters, which PS3.5 Table 6.2-1 permits for VR PN. No Type and no condition is asserted, and dciodvfy emits it at Warning severity with the word dubious. 1,209 of the 1,224 message classes in this SOP class fall under this rule, one per distinct name value, because the census keys a class on the normalised message text and the value sits inside it."
dciodvfy,1d5647500d15,Warning - Value dubious for this VR - (TAG) PN Patient's Name PN [1] = <RMS2272> - Retired Person Name form,Warning,1,PLAUSIBILITY,RETIRED_PN,"not applicable, no requirement is cited by the message",not applicable,,"Named in the rubric as a plausibility heuristic. The message is about the shape of a PN value, a single component with no caret delimiters, which PS3.5 Table 6.2-1 permits for VR PN. No Type and no condition is asserted, and dciodvfy emits it at Warning severity with the word dubious. 1,209 of the 1,224 message classes in this SOP class fall under this rule, one per distinct name value, because the census keys a class on the normalised message text and the value sits inside it."
dciodvfy,1d7251cf6dee,Warning - Value dubious for this VR - (TAG) PN Patient's Name PN [1] = <ProstateX-0157> - Retired Person Name form,Warning,1,PLAUSIBILITY,RETIRED_PN,"not applicable, no requirement is cited by the message",not applicable,,"Named in the rubric as a plausibility heuristic. The message is about the shape of a PN value, a single component with no caret delimiters, which PS3.5 Table 6.2-1 permits for VR PN. No Type and no condition is asserted, and dciodvfy emits it at Warning severity with the word dubious. 1,209 of the 1,224 message classes in this SOP class fall under this rule, one per distinct name value, because the census keys a class on the normalised message text and the value sits inside it."
dciodvfy,1d8acbeafa46,Warning - Value dubious for this VR - (TAG) PN Patient's Name PN [1] = <ProstateX-0318> - Retired Person Name form,Warning,1,PLAUSIBILITY,RETIRED_PN,"not applicable, no requirement is cited by the message",not applicable,,"Named in the rubric as a plausibility heuristic. The message is about the shape of a PN value, a single component with no caret delimiters, which PS3.5 Table 6.2-1 permits for VR PN. No Type and no condition is asserted, and dciodvfy emits it at Warning severity with the word dubious. 1,209 of the 1,224 message classes in this SOP class fall under this rule, one per distinct name value, because the census keys a class on the normalised message text and the value sits inside it."
dciodvfy,1dd6bf6d0075,Warning - Value dubious for this VR - (TAG) PN Patient's Name PN [1] = <ProstateX-0246> - Retired Person Name form,Warning,1,PLAUSIBILITY,RETIRED_PN,"not applicable, no requirement is cited by the message",not applicable,,"Named in the rubric as a plausibility heuristic. The message is about the shape of a PN value, a single component with no caret delimiters, which PS3.5 Table 6.2-1 permits for VR PN. No Type and no condition is asserted, and dciodvfy emits it at Warning severity with the word dubious. 1,209 of the 1,224 message classes in this SOP class fall under this rule, one per distinct name value, because the census keys a class on the normalised message text and the value sits inside it."
dciodvfy,1de25aaa1e6f,Warning - Value dubious for this VR - (TAG) PN Patient's Name PN [1] = <ProstateX-0334> - Retired Person Name form,Warning,1,PLAUSIBILITY,RETIRED_PN,"not applicable, no requirement is cited by the message",not applicable,,"Named in the rubric as a plausibility heuristic. The message is about the shape of a PN value, a single component with no caret delimiters, which PS3.5 Table 6.2-1 permits for VR PN. No Type and no condition is asserted, and dciodvfy emits it at Warning severity with the word dubious. 1,209 of the 1,224 message classes in this SOP class fall under this rule, one per distinct name value, because the census keys a class on the normalised message text and the value sits inside it."
dciodvfy,1e47fb244dfe,Warning - Value dubious for this VR - (TAG) PN Patient's Name PN [1] = <ProstateX-0120> - Retired Person Name form,Warning,1,PLAUSIBILITY,RETIRED_PN,"not applicable, no requirement is cited by the message",not applicable,,"Named in the rubric as a plausibility heuristic. The message is about the shape of a PN value, a single component with no caret delimiters, which PS3.5 Table 6.2-1 permits for VR PN. No Type and no condition is asserted, and dciodvfy emits it at Warning severity with the word dubious. 1,209 of the 1,224 message classes in this SOP class fall under this rule, one per distinct name value, because the census keys a class on the normalised message text and the value sits inside it."
dciodvfy,1e486a6c8d66,Warning - Value dubious for this VR - (TAG) PN Patient's Name PN [1] = <ProstateX-0231> - Retired Person Name form,Warning,1,PLAUSIBILITY,RETIRED_PN,"not applicable, no requirement is cited by the message",not applicable,,"Named in the rubric as a plausibility heuristic. The message is about the shape of a PN value, a single component with no caret delimiters, which PS3.5 Table 6.2-1 permits for VR PN. No Type and no condition is asserted, and dciodvfy emits it at Warning severity with the word dubious. 1,209 of the 1,224 message classes in this SOP class fall under this rule, one per distinct name value, because the census keys a class on the normalised message text and the value sits inside it."
dciodvfy,1ffd3dfe5f30,Warning - Value dubious for this VR - (TAG) PN Patient's Name PN [1] = <ProstateX-0290> - Retired Person Name form,Warning,1,PLAUSIBILITY,RETIRED_PN,"not applicable, no requirement is cited by the message",not applicable,,"Named in the rubric as a plausibility heuristic. The message is about the shape of a PN value, a single component with no caret delimiters, which PS3.5 Table 6.2-1 permits for VR PN. No Type and no condition is asserted, and dciodvfy emits it at Warning severity with the word dubious. 1,209 of the 1,224 message classes in this SOP class fall under this rule, one per distinct name value, because the census keys a class on the normalised message text and the value sits inside it."
dciodvfy,20208968d337,Warning - Value dubious for this VR - (TAG) PN Patient's Name PN [1] = <ProstateX-0078> - Retired Person Name form,Warning,1,PLAUSIBILITY,RETIRED_PN,"not applicable, no requirement is cited by the message",not applicable,,"Named in the rubric as a plausibility heuristic. The message is about the shape of a PN value, a single component with no caret delimiters, which PS3.5 Table 6.2-1 permits for VR PN. No Type and no condition is asserted, and dciodvfy emits it at Warning severity with the word dubious. 1,209 of the 1,224 message classes in this SOP class fall under this rule, one per distinct name value, because the census keys a class on the normalised message text and the value sits inside it."
dciodvfy,2067c38a88d8,Warning - Value dubious for this VR - (TAG) PN Patient's Name PN [1] = <RMS2397> - Retired Person Name form,Warning,1,PLAUSIBILITY,RETIRED_PN,"not applicable, no requirement is cited by the message",not applicable,,"Named in the rubric as a plausibility heuristic. The message is about the shape of a PN value, a single component with no caret delimiters, which PS3.5 Table 6.2-1 permits for VR PN. No Type and no condition is asserted, and dciodvfy emits it at Warning severity with the word dubious. 1,209 of the 1,224 message classes in this SOP class fall under this rule, one per distinct name value, because the census keys a class on the normalised message text and the value sits inside it."
dciodvfy,2073f1b292e7,Warning - Value dubious for this VR - (TAG) PN Patient's Name PN [1] = <RMS2388> - Retired Person Name form,Warning,1,PLAUSIBILITY,RETIRED_PN,"not applicable, no requirement is cited by the message",not applicable,,"Named in the rubric as a plausibility heuristic. The message is about the shape of a PN value, a single component with no caret delimiters, which PS3.5 Table 6.2-1 permits for VR PN. No Type and no condition is asserted, and dciodvfy emits it at Warning severity with the word dubious. 1,209 of the 1,224 message classes in this SOP class fall under this rule, one per distinct name value, because the census keys a class on the normalised message text and the value sits inside it."
dciodvfy,20c3df1327ae,Warning - Value dubious for this VR - (TAG) PN Patient's Name PN [1] = <ProstateX-0154> - Retired Person Name form,Warning,1,PLAUSIBILITY,RETIRED_PN,"not applicable, no requirement is cited by the message",not applicable,,"Named in the rubric as a plausibility heuristic. The message is about the shape of a PN value, a single component with no caret delimiters, which PS3.5 Table 6.2-1 permits for VR PN. No Type and no condition is asserted, and dciodvfy emits it at Warning severity with the word dubious. 1,209 of the 1,224 message classes in this SOP class fall under this rule, one per distinct name value, because the census keys a class on the normalised message text and the value sits inside it."
dciodvfy,21feedd11ad7,Warning - Value dubious for this VR - (TAG) PN Patient's Name PN [1] = <ProstateX-0005> - Retired Person Name form,Warning,1,PLAUSIBILITY,RETIRED_PN,"not applicable, no requirement is cited by the message",not applicable,,"Named in the rubric as a plausibility heuristic. The message is about the shape of a PN value, a single component with no caret delimiters, which PS3.5 Table 6.2-1 permits for VR PN. No Type and no condition is asserted, and dciodvfy emits it at Warning severity with the word dubious. 1,209 of the 1,224 message classes in this SOP class fall under this rule, one per distinct name value, because the census keys a class on the normalised message text and the value sits inside it."
dciodvfy,22087fa4b42d,Warning - Value dubious for this VR - (TAG) PN Patient's Name PN [1] = <RMS2447> - Retired Person Name form,Warning,1,PLAUSIBILITY,RETIRED_PN,"not applicable, no requirement is cited by the message",not applicable,,"Named in the rubric as a plausibility heuristic. The message is about the shape of a PN value, a single component with no caret delimiters, which PS3.5 Table 6.2-1 permits for VR PN. No Type and no condition is asserted, and dciodvfy emits it at Warning severity with the word dubious. 1,209 of the 1,224 message classes in this SOP class fall under this rule, one per distinct name value, because the census keys a class on the normalised message text and the value sits inside it."
dciodvfy,22b96a6ec784,Warning - Value dubious for this VR - (TAG) PN Patient's Name PN [1] = <ProstateX-0143> - Retired Person Name form,Warning,1,PLAUSIBILITY,RETIRED_PN,"not applicable, no requirement is cited by the message",not applicable,,"Named in the rubric as a plausibility heuristic. The message is about the shape of a PN value, a single component with no caret delimiters, which PS3.5 Table 6.2-1 permits for VR PN. No Type and no condition is asserted, and dciodvfy emits it at Warning severity with the word dubious. 1,209 of the 1,224 message classes in this SOP class fall under this rule, one per distinct name value, because the census keys a class on the normalised message text and the value sits inside it."
dciodvfy,2349487323b4,Warning - Value dubious for this VR - (TAG) PN Patient's Name PN [1] = <ProstateX-0147> - Retired Person Name form,Warning,1,PLAUSIBILITY,RETIRED_PN,"not applicable, no requirement is cited by the message",not applicable,,"Named in the rubric as a plausibility heuristic. The message is about the shape of a PN value, a single component with no caret delimiters, which PS3.5 Table 6.2-1 permits for VR PN. No Type and no condition is asserted, and dciodvfy emits it at Warning severity with the word dubious. 1,209 of the 1,224 message classes in this SOP class fall under this rule, one per distinct name value, because the census keys a class on the normalised message text and the value sits inside it."
dciodvfy,23d81a68f4a9,Warning - Value dubious for this VR - (TAG) PN Patient's Name PN [1] = <ProstateX-0007> - Retired Person Name form,Warning,1,PLAUSIBILITY,RETIRED_PN,"not applicable, no requirement is cited by the message",not applicable,,"Named in the rubric as a plausibility heuristic. The message is about the shape of a PN value, a single component with no caret delimiters, which PS3.5 Table 6.2-1 permits for VR PN. No Type and no condition is asserted, and dciodvfy emits it at Warning severity with the word dubious. 1,209 of the 1,224 message classes in this SOP class fall under this rule, one per distinct name value, because the census keys a class on the normalised message text and the value sits inside it."
dciodvfy,244357c382e7,Warning - Value dubious for this VR - (TAG) PN Patient's Name PN [1] = <RMS2416> - Retired Person Name form,Warning,1,PLAUSIBILITY,RETIRED_PN,"not applicable, no requirement is cited by the message",not applicable,,"Named in the rubric as a plausibility heuristic. The message is about the shape of a PN value, a single component with no caret delimiters, which PS3.5 Table 6.2-1 permits for VR PN. No Type and no condition is asserted, and dciodvfy emits it at Warning severity with the word dubious. 1,209 of the 1,224 message classes in this SOP class fall under this rule, one per distinct name value, because the census keys a class on the normalised message text and the value sits inside it."
dciodvfy,26c08add7231,Warning - Value dubious for this VR - (TAG) PN Patient's Name PN [1] = <ProstateX-0018> - Retired Person Name form,Warning,1,PLAUSIBILITY,RETIRED_PN,"not applicable, no requirement is cited by the message",not applicable,,"Named in the rubric as a plausibility heuristic. The message is about the shape of a PN value, a single component with no caret delimiters, which PS3.5 Table 6.2-1 permits for VR PN. No Type and no condition is asserted, and dciodvfy emits it at Warning severity with the word dubious. 1,209 of the 1,224 message classes in this SOP class fall under this rule, one per distinct name value, because the census keys a class on the normalised message text and the value sits inside it."
dciodvfy,2765cdc39942,Warning - Value dubious for this VR - (TAG) PN Patient's Name PN [1] = <ProstateX-0222> - Retired Person Name form,Warning,1,PLAUSIBILITY,RETIRED_PN,"not applicable, no requirement is cited by the message",not applicable,,"Named in the rubric as a plausibility heuristic. The message is about the shape of a PN value, a single component with no caret delimiters, which PS3.5 Table 6.2-1 permits for VR PN. No Type and no condition is asserted, and dciodvfy emits it at Warning severity with the word dubious. 1,209 of the 1,224 message classes in this SOP class fall under this rule, one per distinct name value, because the census keys a class on the normalised message text and the value sits inside it."
dciodvfy,276ebac6fed8,Warning - Value dubious for this VR - (TAG) PN Patient's Name PN [1] = <ProstateX-0046> - Retired Person Name form,Warning,1,PLAUSIBILITY,RETIRED_PN,"not applicable, no requirement is cited by the message",not applicable,,"Named in the rubric as a plausibility heuristic. The message is about the shape of a PN value, a single component with no caret delimiters, which PS3.5 Table 6.2-1 permits for VR PN. No Type and no condition is asserted, and dciodvfy emits it at Warning severity with the word dubious. 1,209 of the 1,224 message classes in this SOP class fall under this rule, one per distinct name value, because the census keys a class on the normalised message text and the value sits inside it."
dciodvfy,27702d469a1f,Warning - Value dubious for this VR - (TAG) PN Patient's Name PN [1] = <ProstateX-0213> - Retired Person Name form,Warning,1,PLAUSIBILITY,RETIRED_PN,"not applicable, no requirement is cited by the message",not applicable,,"Named in the rubric as a plausibility heuristic. The message is about the shape of a PN value, a single component with no caret delimiters, which PS3.5 Table 6.2-1 permits for VR PN. No Type and no condition is asserted, and dciodvfy emits it at Warning severity with the word dubious. 1,209 of the 1,224 message classes in this SOP class fall under this rule, one per distinct name value, because the census keys a class on the normalised message text and the value sits inside it."
dciodvfy,27c7a2b92c4d,Warning - Value dubious for this VR - (TAG) PN Patient's Name PN [1] = <ProstateX-0277> - Retired Person Name form,Warning,1,PLAUSIBILITY,RETIRED_PN,"not applicable, no requirement is cited by the message",not applicable,,"Named in the rubric as a plausibility heuristic. The message is about the shape of a PN value, a single component with no caret delimiters, which PS3.5 Table 6.2-1 permits for VR PN. No Type and no condition is asserted, and dciodvfy emits it at Warning severity with the word dubious. 1,209 of the 1,224 message classes in this SOP class fall under this rule, one per distinct name value, because the census keys a class on the normalised message text and the value sits inside it."
dciodvfy,2805abe96915,Warning - Value dubious for this VR - (TAG) PN Patient's Name PN [1] = <ProstateX-0123> - Retired Person Name form,Warning,1,PLAUSIBILITY,RETIRED_PN,"not applicable, no requirement is cited by the message",not applicable,,"Named in the rubric as a plausibility heuristic. The message is about the shape of a PN value, a single component with no caret delimiters, which PS3.5 Table 6.2-1 permits for VR PN. No Type and no condition is asserted, and dciodvfy emits it at Warning severity with the word dubious. 1,209 of the 1,224 message classes in this SOP class fall under this rule, one per distinct name value, because the census keys a class on the normalised message text and the value sits inside it."
dciodvfy,2976c4a56449,Warning - Value dubious for this VR - (TAG) PN Patient's Name PN [1] = <ProstateX-0133> - Retired Person Name form,Warning,1,PLAUSIBILITY,RETIRED_PN,"not applicable, no requirement is cited by the message",not applicable,,"Named in the rubric as a plausibility heuristic. The message is about the shape of a PN value, a single component with no caret delimiters, which PS3.5 Table 6.2-1 permits for VR PN. No Type and no condition is asserted, and dciodvfy emits it at Warning severity with the word dubious. 1,209 of the 1,224 message classes in this SOP class fall under this rule, one per distinct name value, because the census keys a class on the normalised message text and the value sits inside it."
dciodvfy,2a5c7cd6d759,Warning - Value dubious for this VR - (TAG) PN Patient's Name PN [1] = <ProstateX-0276> - Retired Person Name form,Warning,1,PLAUSIBILITY,RETIRED_PN,"not applicable, no requirement is cited by the message",not applicable,,"Named in the rubric as a plausibility heuristic. The message is about the shape of a PN value, a single component with no caret delimiters, which PS3.5 Table 6.2-1 permits for VR PN. No Type and no condition is asserted, and dciodvfy emits it at Warning severity with the word dubious. 1,209 of the 1,224 message classes in this SOP class fall under this rule, one per distinct name value, because the census keys a class on the normalised message text and the value sits inside it."
dciodvfy,2b3bedf7dd84,Warning - Value dubious for this VR - (TAG) PN Patient's Name PN [1] = <ProstateX-0203> - Retired Person Name form,Warning,1,PLAUSIBILITY,RETIRED_PN,"not applicable, no requirement is cited by the message",not applicable,,"Named in the rubric as a plausibility heuristic. The message is about the shape of a PN value, a single component with no caret delimiters, which PS3.5 Table 6.2-1 permits for VR PN. No Type and no condition is asserted, and dciodvfy emits it at Warning severity with the word dubious. 1,209 of the 1,224 message classes in this SOP class fall under this rule, one per distinct name value, because the census keys a class on the normalised message text and the value sits inside it."
dciodvfy,2b7b779e1b5d,Warning - Value dubious for this VR - (TAG) PN Patient's Name PN [1] = <ProstateX-0174> - Retired Person Name form,Warning,1,PLAUSIBILITY,RETIRED_PN,"not applicable, no requirement is cited by the message",not applicable,,"Named in the rubric as a plausibility heuristic. The message is about the shape of a PN value, a single component with no caret delimiters, which PS3.5 Table 6.2-1 permits for VR PN. No Type and no condition is asserted, and dciodvfy emits it at Warning severity with the word dubious. 1,209 of the 1,224 message classes in this SOP class fall under this rule, one per distinct name value, because the census keys a class on the normalised message text and the value sits inside it."
dciodvfy,2b92d49edbff,Warning - Value dubious for this VR - (TAG) PN Patient's Name PN [1] = <ProstateX-0262> - Retired Person Name form,Warning,1,PLAUSIBILITY,RETIRED_PN,"not applicable, no requirement is cited by the message",not applicable,,"Named in the rubric as a plausibility heuristic. The message is about the shape of a PN value, a single component with no caret delimiters, which PS3.5 Table 6.2-1 permits for VR PN. No Type and no condition is asserted, and dciodvfy emits it at Warning severity with the word dubious. 1,209 of the 1,224 message classes in this SOP class fall under this rule, one per distinct name value, because the census keys a class on the normalised message text and the value sits inside it."
dciodvfy,2c1957924f09,Warning - Value dubious for this VR - (TAG) PN Patient's Name PN [1] = <ProstateX-0205> - Retired Person Name form,Warning,1,PLAUSIBILITY,RETIRED_PN,"not applicable, no requirement is cited by the message",not applicable,,"Named in the rubric as a plausibility heuristic. The message is about the shape of a PN value, a single component with no caret delimiters, which PS3.5 Table 6.2-1 permits for VR PN. No Type and no condition is asserted, and dciodvfy emits it at Warning severity with the word dubious. 1,209 of the 1,224 message classes in this SOP class fall under this rule, one per distinct name value, because the census keys a class on the normalised message text and the value sits inside it."
dciodvfy,2c3bd9a04808,Warning - Value dubious for this VR - (TAG) PN Patient's Name PN [1] = <RMS2406> - Retired Person Name form,Warning,1,PLAUSIBILITY,RETIRED_PN,"not applicable, no requirement is cited by the message",not applicable,,"Named in the rubric as a plausibility heuristic. The message is about the shape of a PN value, a single component with no caret delimiters, which PS3.5 Table 6.2-1 permits for VR PN. No Type and no condition is asserted, and dciodvfy emits it at Warning severity with the word dubious. 1,209 of the 1,224 message classes in this SOP class fall under this rule, one per distinct name value, because the census keys a class on the normalised message text and the value sits inside it."
dciodvfy,2c97cde50006,Warning - Value dubious for this VR - (TAG) PN Patient's Name PN [1] = <Lung_Dx-A0021> - Retired Person Name form,Warning,1,PLAUSIBILITY,RETIRED_PN,"not applicable, no requirement is cited by the message",not applicable,,"Named in the rubric as a plausibility heuristic. The message is about the shape of a PN value, a single component with no caret delimiters, which PS3.5 Table 6.2-1 permits for VR PN. No Type and no condition is asserted, and dciodvfy emits it at Warning severity with the word dubious. 1,209 of the 1,224 message classes in this SOP class fall under this rule, one per distinct name value, because the census keys a class on the normalised message text and the value sits inside it."
dciodvfy,2daf7c7c4d5c,Warning - Value dubious for this VR - (TAG) PN Patient's Name PN [1] = <RMS2328> - Retired Person Name form,Warning,1,PLAUSIBILITY,RETIRED_PN,"not applicable, no requirement is cited by the message",not applicable,,"Named in the rubric as a plausibility heuristic. The message is about the shape of a PN value, a single component with no caret delimiters, which PS3.5 Table 6.2-1 permits for VR PN. No Type and no condition is asserted, and dciodvfy emits it at Warning severity with the word dubious. 1,209 of the 1,224 message classes in this SOP class fall under this rule, one per distinct name value, because the census keys a class on the normalised message text and the value sits inside it."
dciodvfy,3056dc8c8699,Warning - Value dubious for this VR - (TAG) PN Patient's Name PN [1] = <ProstateX-0332> - Retired Person Name form,Warning,1,PLAUSIBILITY,RETIRED_PN,"not applicable, no requirement is cited by the message",not applicable,,"Named in the rubric as a plausibility heuristic. The message is about the shape of a PN value, a single component with no caret delimiters, which PS3.5 Table 6.2-1 permits for VR PN. No Type and no condition is asserted, and dciodvfy emits it at Warning severity with the word dubious. 1,209 of the 1,224 message classes in this SOP class fall under this rule, one per distinct name value, because the census keys a class on the normalised message text and the value sits inside it."
dciodvfy,30ba9152e1c5,Warning - Value dubious for this VR - (TAG) PN Patient's Name PN [1] = <ProstateX-0045> - Retired Person Name form,Warning,1,PLAUSIBILITY,RETIRED_PN,"not applicable, no requirement is cited by the message",not applicable,,"Named in the rubric as a plausibility heuristic. The message is about the shape of a PN value, a single component with no caret delimiters, which PS3.5 Table 6.2-1 permits for VR PN. No Type and no condition is asserted, and dciodvfy emits it at Warning severity with the word dubious. 1,209 of the 1,224 message classes in this SOP class fall under this rule, one per distinct name value, because the census keys a class on the normalised message text and the value sits inside it."
dciodvfy,31da961b865d,Warning - Value dubious for this VR - (TAG) PN Patient's Name PN [1] = <ProstateX-0054> - Retired Person Name form,Warning,1,PLAUSIBILITY,RETIRED_PN,"not applicable, no requirement is cited by the message",not applicable,,"Named in the rubric as a plausibility heuristic. The message is about the shape of a PN value, a single component with no caret delimiters, which PS3.5 Table 6.2-1 permits for VR PN. No Type and no condition is asserted, and dciodvfy emits it at Warning severity with the word dubious. 1,209 of the 1,224 message classes in this SOP class fall under this rule, one per distinct name value, because the census keys a class on the normalised message text and the value sits inside it."
dciodvfy,3277b5c976e3,Warning - Value dubious for this VR - (TAG) PN Patient's Name PN [1] = <ProstateX-0166> - Retired Person Name form,Warning,1,PLAUSIBILITY,RETIRED_PN,"not applicable, no requirement is cited by the message",not applicable,,"Named in the rubric as a plausibility heuristic. The message is about the shape of a PN value, a single component with no caret delimiters, which PS3.5 Table 6.2-1 permits for VR PN. No Type and no condition is asserted, and dciodvfy emits it at Warning severity with the word dubious. 1,209 of the 1,224 message classes in this SOP class fall under this rule, one per distinct name value, because the census keys a class on the normalised message text and the value sits inside it."
dciodvfy,32b007906cfd,Warning - Value dubious for this VR - (TAG) PN Patient's Name PN [1] = <ProstateX-0008> - Retired Person Name form,Warning,1,PLAUSIBILITY,RETIRED_PN,"not applicable, no requirement is cited by the message",not applicable,,"Named in the rubric as a plausibility heuristic. The message is about the shape of a PN value, a single component with no caret delimiters, which PS3.5 Table 6.2-1 permits for VR PN. No Type and no condition is asserted, and dciodvfy emits it at Warning severity with the word dubious. 1,209 of the 1,224 message classes in this SOP class fall under this rule, one per distinct name value, because the census keys a class on the normalised message text and the value sits inside it."
dciodvfy,336fada8411a,Warning - Value dubious for this VR - (TAG) PN Patient's Name PN [1] = <ProstateX-0202> - Retired Person Name form,Warning,1,PLAUSIBILITY,RETIRED_PN,"not applicable, no requirement is cited by the message",not applicable,,"Named in the rubric as a plausibility heuristic. The message is about the shape of a PN value, a single component with no caret delimiters, which PS3.5 Table 6.2-1 permits for VR PN. No Type and no condition is asserted, and dciodvfy emits it at Warning severity with the word dubious. 1,209 of the 1,224 message classes in this SOP class fall under this rule, one per distinct name value, because the census keys a class on the normalised message text and the value sits inside it."
dciodvfy,34b34534c714,Warning - Value dubious for this VR - (TAG) PN Patient's Name PN [1] = <ProstateX-0337> - Retired Person Name form,Warning,1,PLAUSIBILITY,RETIRED_PN,"not applicable, no requirement is cited by the message",not applicable,,"Named in the rubric as a plausibility heuristic. The message is about the shape of a PN value, a single component with no caret delimiters, which PS3.5 Table 6.2-1 permits for VR PN. No Type and no condition is asserted, and dciodvfy emits it at Warning severity with the word dubious. 1,209 of the 1,224 message classes in this SOP class fall under this rule, one per distinct name value, because the census keys a class on the normalised message text and the value sits inside it."
dciodvfy,34b34735ae6e,Warning - Value dubious for this VR - (TAG) PN Patient's Name PN [1] = <ProstateX-0021> - Retired Person Name form,Warning,1,PLAUSIBILITY,RETIRED_PN,"not applicable, no requirement is cited by the message",not applicable,,"Named in the rubric as a plausibility heuristic. The message is about the shape of a PN value, a single component with no caret delimiters, which PS3.5 Table 6.2-1 permits for VR PN. No Type and no condition is asserted, and dciodvfy emits it at Warning severity with the word dubious. 1,209 of the 1,224 message classes in this SOP class fall under this rule, one per distinct name value, because the census keys a class on the normalised message text and the value sits inside it."
dciodvfy,36d1bf0fbb57,Warning - Value dubious for this VR - (TAG) PN Patient's Name PN [1] = <ProstateX-0275> - Retired Person Name form,Warning,1,PLAUSIBILITY,RETIRED_PN,"not applicable, no requirement is cited by the message",not applicable,,"Named in the rubric as a plausibility heuristic. The message is about the shape of a PN value, a single component with no caret delimiters, which PS3.5 Table 6.2-1 permits for VR PN. No Type and no condition is asserted, and dciodvfy emits it at Warning severity with the word dubious. 1,209 of the 1,224 message classes in this SOP class fall under this rule, one per distinct name value, because the census keys a class on the normalised message text and the value sits inside it."
dciodvfy,37c363109f5c,Warning - Value dubious for this VR - (TAG) PN Patient's Name PN [1] = <ProstateX-0182> - Retired Person Name form,Warning,1,PLAUSIBILITY,RETIRED_PN,"not applicable, no requirement is cited by the message",not applicable,,"Named in the rubric as a plausibility heuristic. The message is about the shape of a PN value, a single component with no caret delimiters, which PS3.5 Table 6.2-1 permits for VR PN. No Type and no condition is asserted, and dciodvfy emits it at Warning severity with the word dubious. 1,209 of the 1,224 message classes in this SOP class fall under this rule, one per distinct name value, because the census keys a class on the normalised message text and the value sits inside it."
dciodvfy,383776bec094,Warning - Value dubious for this VR - (TAG) PN Patient's Name PN [1] = <ProstateX-0323> - Retired Person Name form,Warning,1,PLAUSIBILITY,RETIRED_PN,"not applicable, no requirement is cited by the message",not applicable,,"Named in the rubric as a plausibility heuristic. The message is about the shape of a PN value, a single component with no caret delimiters, which PS3.5 Table 6.2-1 permits for VR PN. No Type and no condition is asserted, and dciodvfy emits it at Warning severity with the word dubious. 1,209 of the 1,224 message classes in this SOP class fall under this rule, one per distinct name value, because the census keys a class on the normalised message text and the value sits inside it."
dciodvfy,3845a382c824,Warning - Value dubious for this VR - (TAG) PN Patient's Name PN [1] = <RMS2450> - Retired Person Name form,Warning,1,PLAUSIBILITY,RETIRED_PN,"not applicable, no requirement is cited by the message",not applicable,,"Named in the rubric as a plausibility heuristic. The message is about the shape of a PN value, a single component with no caret delimiters, which PS3.5 Table 6.2-1 permits for VR PN. No Type and no condition is asserted, and dciodvfy emits it at Warning severity with the word dubious. 1,209 of the 1,224 message classes in this SOP class fall under this rule, one per distinct name value, because the census keys a class on the normalised message text and the value sits inside it."
dciodvfy,38b4b65c753f,Warning - Value dubious for this VR - (TAG) PN Patient's Name PN [1] = <ProstateX-0226> - Retired Person Name form,Warning,1,PLAUSIBILITY,RETIRED_PN,"not applicable, no requirement is cited by the message",not applicable,,"Named in the rubric as a plausibility heuristic. The message is about the shape of a PN value, a single component with no caret delimiters, which PS3.5 Table 6.2-1 permits for VR PN. No Type and no condition is asserted, and dciodvfy emits it at Warning severity with the word dubious. 1,209 of the 1,224 message classes in this SOP class fall under this rule, one per distinct name value, because the census keys a class on the normalised message text and the value sits inside it."
dciodvfy,38bc54a546db,Warning - Value dubious for this VR - (TAG) PN Patient's Name PN [1] = <RMS2460> - Retired Person Name form,Warning,1,PLAUSIBILITY,RETIRED_PN,"not applicable, no requirement is cited by the message",not applicable,,"Named in the rubric as a plausibility heuristic. The message is about the shape of a PN value, a single component with no caret delimiters, which PS3.5 Table 6.2-1 permits for VR PN. No Type and no condition is asserted, and dciodvfy emits it at Warning severity with the word dubious. 1,209 of the 1,224 message classes in this SOP class fall under this rule, one per distinct name value, because the census keys a class on the normalised message text and the value sits inside it."
dciodvfy,38be7a4cde08,Warning - Value dubious for this VR - (TAG) PN Patient's Name PN [1] = <ProstateX-0115> - Retired Person Name form,Warning,1,PLAUSIBILITY,RETIRED_PN,"not applicable, no requirement is cited by the message",not applicable,,"Named in the rubric as a plausibility heuristic. The message is about the shape of a PN value, a single component with no caret delimiters, which PS3.5 Table 6.2-1 permits for VR PN. No Type and no condition is asserted, and dciodvfy emits it at Warning severity with the word dubious. 1,209 of the 1,224 message classes in this SOP class fall under this rule, one per distinct name value, because the census keys a class on the normalised message text and the value sits inside it."
dciodvfy,39ee04ae6776,Warning - Value dubious for this VR - (TAG) PN Patient's Name PN [1] = <ProstateX-0102> - Retired Person Name form,Warning,1,PLAUSIBILITY,RETIRED_PN,"not applicable, no requirement is cited by the message",not applicable,,"Named in the rubric as a plausibility heuristic. The message is about the shape of a PN value, a single component with no caret delimiters, which PS3.5 Table 6.2-1 permits for VR PN. No Type and no condition is asserted, and dciodvfy emits it at Warning severity with the word dubious. 1,209 of the 1,224 message classes in this SOP class fall under this rule, one per distinct name value, because the census keys a class on the normalised message text and the value sits inside it."
dciodvfy,39f4ea22a6f0,Warning - Value dubious for this VR - (TAG) PN Patient's Name PN [1] = <RMS2456> - Retired Person Name form,Warning,1,PLAUSIBILITY,RETIRED_PN,"not applicable, no requirement is cited by the message",not applicable,,"Named in the rubric as a plausibility heuristic. The message is about the shape of a PN value, a single component with no caret delimiters, which PS3.5 Table 6.2-1 permits for VR PN. No Type and no condition is asserted, and dciodvfy emits it at Warning severity with the word dubious. 1,209 of the 1,224 message classes in this SOP class fall under this rule, one per distinct name value, because the census keys a class on the normalised message text and the value sits inside it."
dciodvfy,3a33b04ed649,Warning - Value dubious for this VR - (TAG) PN Patient's Name PN [1] = <ProstateX-0236> - Retired Person Name form,Warning,1,PLAUSIBILITY,RETIRED_PN,"not applicable, no requirement is cited by the message",not applicable,,"Named in the rubric as a plausibility heuristic. The message is about the shape of a PN value, a single component with no caret delimiters, which PS3.5 Table 6.2-1 permits for VR PN. No Type and no condition is asserted, and dciodvfy emits it at Warning severity with the word dubious. 1,209 of the 1,224 message classes in this SOP class fall under this rule, one per distinct name value, because the census keys a class on the normalised message text and the value sits inside it."
dciodvfy,3aa8c5199d96,Warning - Value dubious for this VR - (TAG) PN Patient's Name PN [1] = <ProstateX-0314> - Retired Person Name form,Warning,1,PLAUSIBILITY,RETIRED_PN,"not applicable, no requirement is cited by the message",not applicable,,"Named in the rubric as a plausibility heuristic. The message is about the shape of a PN value, a single component with no caret delimiters, which PS3.5 Table 6.2-1 permits for VR PN. No Type and no condition is asserted, and dciodvfy emits it at Warning severity with the word dubious. 1,209 of the 1,224 message classes in this SOP class fall under this rule, one per distinct name value, because the census keys a class on the normalised message text and the value sits inside it."
dciodvfy,3ae2f24a4c84,Warning - Value dubious for this VR - (TAG) PN Patient's Name PN [1] = <ProstateX-0160> - Retired Person Name form,Warning,1,PLAUSIBILITY,RETIRED_PN,"not applicable, no requirement is cited by the message",not applicable,,"Named in the rubric as a plausibility heuristic. The message is about the shape of a PN value, a single component with no caret delimiters, which PS3.5 Table 6.2-1 permits for VR PN. No Type and no condition is asserted, and dciodvfy emits it at Warning severity with the word dubious. 1,209 of the 1,224 message classes in this SOP class fall under this rule, one per distinct name value, because the census keys a class on the normalised message text and the value sits inside it."
dciodvfy,3af2185bc7f9,Warning - Value dubious for this VR - (TAG) PN Patient's Name PN [1] = <ProstateX-0258> - Retired Person Name form,Warning,1,PLAUSIBILITY,RETIRED_PN,"not applicable, no requirement is cited by the message",not applicable,,"Named in the rubric as a plausibility heuristic. The message is about the shape of a PN value, a single component with no caret delimiters, which PS3.5 Table 6.2-1 permits for VR PN. No Type and no condition is asserted, and dciodvfy emits it at Warning severity with the word dubious. 1,209 of the 1,224 message classes in this SOP class fall under this rule, one per distinct name value, because the census keys a class on the normalised message text and the value sits inside it."
dciodvfy,3c6107388143,Warning - Value dubious for this VR - (TAG) PN Patient's Name PN [1] = <ProstateX-0271> - Retired Person Name form,Warning,1,PLAUSIBILITY,RETIRED_PN,"not applicable, no requirement is cited by the message",not applicable,,"Named in the rubric as a plausibility heuristic. The message is about the shape of a PN value, a single component with no caret delimiters, which PS3.5 Table 6.2-1 permits for VR PN. No Type and no condition is asserted, and dciodvfy emits it at Warning severity with the word dubious. 1,209 of the 1,224 message classes in this SOP class fall under this rule, one per distinct name value, because the census keys a class on the normalised message text and the value sits inside it."
dciodvfy,3cbbfae5fcf3,Warning - Value dubious for this VR - (TAG) PN Patient's Name PN [1] = <ProstateX-0256> - Retired Person Name form,Warning,1,PLAUSIBILITY,RETIRED_PN,"not applicable, no requirement is cited by the message",not applicable,,"Named in the rubric as a plausibility heuristic. The message is about the shape of a PN value, a single component with no caret delimiters, which PS3.5 Table 6.2-1 permits for VR PN. No Type and no condition is asserted, and dciodvfy emits it at Warning severity with the word dubious. 1,209 of the 1,224 message classes in this SOP class fall under this rule, one per distinct name value, because the census keys a class on the normalised message text and the value sits inside it."
dciodvfy,3ceb88763048,Warning - Value dubious for this VR - (TAG) PN Patient's Name PN [1] = <RMS2271> - Retired Person Name form,Warning,1,PLAUSIBILITY,RETIRED_PN,"not applicable, no requirement is cited by the message",not applicable,,"Named in the rubric as a plausibility heuristic. The message is about the shape of a PN value, a single component with no caret delimiters, which PS3.5 Table 6.2-1 permits for VR PN. No Type and no condition is asserted, and dciodvfy emits it at Warning severity with the word dubious. 1,209 of the 1,224 message classes in this SOP class fall under this rule, one per distinct name value, because the census keys a class on the normalised message text and the value sits inside it."
dciodvfy,3dee661b0b6c,Warning - Value dubious for this VR - (TAG) PN Patient's Name PN [1] = <ProstateX-0124> - Retired Person Name form,Warning,1,PLAUSIBILITY,RETIRED_PN,"not applicable, no requirement is cited by the message",not applicable,,"Named in the rubric as a plausibility heuristic. The message is about the shape of a PN value, a single component with no caret delimiters, which PS3.5 Table 6.2-1 permits for VR PN. No Type and no condition is asserted, and dciodvfy emits it at Warning severity with the word dubious. 1,209 of the 1,224 message classes in this SOP class fall under this rule, one per distinct name value, because the census keys a class on the normalised message text and the value sits inside it."
dciodvfy,40888e6f6c63,Warning - Value dubious for this VR - (TAG) PN Patient's Name PN [1] = <ProstateX-0060> - Retired Person Name form,Warning,1,PLAUSIBILITY,RETIRED_PN,"not applicable, no requirement is cited by the message",not applicable,,"Named in the rubric as a plausibility heuristic. The message is about the shape of a PN value, a single component with no caret delimiters, which PS3.5 Table 6.2-1 permits for VR PN. No Type and no condition is asserted, and dciodvfy emits it at Warning severity with the word dubious. 1,209 of the 1,224 message classes in this SOP class fall under this rule, one per distinct name value, because the census keys a class on the normalised message text and the value sits inside it."
dciodvfy,410ee17e29ec,Warning - Value dubious for this VR - (TAG) PN Patient's Name PN [1] = <ProstateX-0035> - Retired Person Name form,Warning,1,PLAUSIBILITY,RETIRED_PN,"not applicable, no requirement is cited by the message",not applicable,,"Named in the rubric as a plausibility heuristic. The message is about the shape of a PN value, a single component with no caret delimiters, which PS3.5 Table 6.2-1 permits for VR PN. No Type and no condition is asserted, and dciodvfy emits it at Warning severity with the word dubious. 1,209 of the 1,224 message classes in this SOP class fall under this rule, one per distinct name value, because the census keys a class on the normalised message text and the value sits inside it."
dciodvfy,4110a9444735,Warning - Value dubious for this VR - (TAG) PN Patient's Name PN [1] = <ProstateX-0044> - Retired Person Name form,Warning,1,PLAUSIBILITY,RETIRED_PN,"not applicable, no requirement is cited by the message",not applicable,,"Named in the rubric as a plausibility heuristic. The message is about the shape of a PN value, a single component with no caret delimiters, which PS3.5 Table 6.2-1 permits for VR PN. No Type and no condition is asserted, and dciodvfy emits it at Warning severity with the word dubious. 1,209 of the 1,224 message classes in this SOP class fall under this rule, one per distinct name value, because the census keys a class on the normalised message text and the value sits inside it."
dciodvfy,42da87292555,Warning - Value dubious for this VR - (TAG) PN Patient's Name PN [1] = <ProstateX-0253> - Retired Person Name form,Warning,1,PLAUSIBILITY,RETIRED_PN,"not applicable, no requirement is cited by the message",not applicable,,"Named in the rubric as a plausibility heuristic. The message is about the shape of a PN value, a single component with no caret delimiters, which PS3.5 Table 6.2-1 permits for VR PN. No Type and no condition is asserted, and dciodvfy emits it at Warning severity with the word dubious. 1,209 of the 1,224 message classes in this SOP class fall under this rule, one per distinct name value, because the census keys a class on the normalised message text and the value sits inside it."
dciodvfy,44118410e79c,Warning - Value dubious for this VR - (TAG) PN Patient's Name PN [1] = <ProstateX-0033> - Retired Person Name form,Warning,1,PLAUSIBILITY,RETIRED_PN,"not applicable, no requirement is cited by the message",not applicable,,"Named in the rubric as a plausibility heuristic. The message is about the shape of a PN value, a single component with no caret delimiters, which PS3.5 Table 6.2-1 permits for VR PN. No Type and no condition is asserted, and dciodvfy emits it at Warning severity with the word dubious. 1,209 of the 1,224 message classes in this SOP class fall under this rule, one per distinct name value, because the census keys a class on the normalised message text and the value sits inside it."
dciodvfy,447691f644c0,Warning - Value dubious for this VR - (TAG) PN Patient's Name PN [1] = <RMS2467> - Retired Person Name form,Warning,1,PLAUSIBILITY,RETIRED_PN,"not applicable, no requirement is cited by the message",not applicable,,"Named in the rubric as a plausibility heuristic. The message is about the shape of a PN value, a single component with no caret delimiters, which PS3.5 Table 6.2-1 permits for VR PN. No Type and no condition is asserted, and dciodvfy emits it at Warning severity with the word dubious. 1,209 of the 1,224 message classes in this SOP class fall under this rule, one per distinct name value, because the census keys a class on the normalised message text and the value sits inside it."
dciodvfy,44d05788ef87,Warning - Value dubious for this VR - (TAG) PN Patient's Name PN [1] = <ProstateX-0215> - Retired Person Name form,Warning,1,PLAUSIBILITY,RETIRED_PN,"not applicable, no requirement is cited by the message",not applicable,,"Named in the rubric as a plausibility heuristic. The message is about the shape of a PN value, a single component with no caret delimiters, which PS3.5 Table 6.2-1 permits for VR PN. No Type and no condition is asserted, and dciodvfy emits it at Warning severity with the word dubious. 1,209 of the 1,224 message classes in this SOP class fall under this rule, one per distinct name value, because the census keys a class on the normalised message text and the value sits inside it."
dciodvfy,454544298efa,Warning - Value dubious for this VR - (TAG) PN Patient's Name PN [1] = <RMS2206> - Retired Person Name form,Warning,1,PLAUSIBILITY,RETIRED_PN,"not applicable, no requirement is cited by the message",not applicable,,"Named in the rubric as a plausibility heuristic. The message is about the shape of a PN value, a single component with no caret delimiters, which PS3.5 Table 6.2-1 permits for VR PN. No Type and no condition is asserted, and dciodvfy emits it at Warning severity with the word dubious. 1,209 of the 1,224 message classes in this SOP class fall under this rule, one per distinct name value, because the census keys a class on the normalised message text and the value sits inside it."
dciodvfy,4730503baf81,Warning - Value dubious for this VR - (TAG) PN Patient's Name PN [1] = <ProstateX-0131> - Retired Person Name form,Warning,1,PLAUSIBILITY,RETIRED_PN,"not applicable, no requirement is cited by the message",not applicable,,"Named in the rubric as a plausibility heuristic. The message is about the shape of a PN value, a single component with no caret delimiters, which PS3.5 Table 6.2-1 permits for VR PN. No Type and no condition is asserted, and dciodvfy emits it at Warning severity with the word dubious. 1,209 of the 1,224 message classes in this SOP class fall under this rule, one per distinct name value, because the census keys a class on the normalised message text and the value sits inside it."
dciodvfy,478737f10846,Warning - Value dubious for this VR - (TAG) PN Patient's Name PN [1] = <RMS2420> - Retired Person Name form,Warning,1,PLAUSIBILITY,RETIRED_PN,"not applicable, no requirement is cited by the message",not applicable,,"Named in the rubric as a plausibility heuristic. The message is about the shape of a PN value, a single component with no caret delimiters, which PS3.5 Table 6.2-1 permits for VR PN. No Type and no condition is asserted, and dciodvfy emits it at Warning severity with the word dubious. 1,209 of the 1,224 message classes in this SOP class fall under this rule, one per distinct name value, because the census keys a class on the normalised message text and the value sits inside it."
dciodvfy,47c7e8e5c6cf,Warning - Value dubious for this VR - (TAG) PN Patient's Name PN [1] = <ProstateX-0242> - Retired Person Name form,Warning,1,PLAUSIBILITY,RETIRED_PN,"not applicable, no requirement is cited by the message",not applicable,,"Named in the rubric as a plausibility heuristic. The message is about the shape of a PN value, a single component with no caret delimiters, which PS3.5 Table 6.2-1 permits for VR PN. No Type and no condition is asserted, and dciodvfy emits it at Warning severity with the word dubious. 1,209 of the 1,224 message classes in this SOP class fall under this rule, one per distinct name value, because the census keys a class on the normalised message text and the value sits inside it."
dciodvfy,47d946958a5c,Warning - Value dubious for this VR - (TAG) PN Patient's Name PN [1] = <ProstateX-0145> - Retired Person Name form,Warning,1,PLAUSIBILITY,RETIRED_PN,"not applicable, no requirement is cited by the message",not applicable,,"Named in the rubric as a plausibility heuristic. The message is about the shape of a PN value, a single component with no caret delimiters, which PS3.5 Table 6.2-1 permits for VR PN. No Type and no condition is asserted, and dciodvfy emits it at Warning severity with the word dubious. 1,209 of the 1,224 message classes in this SOP class fall under this rule, one per distinct name value, because the census keys a class on the normalised message text and the value sits inside it."
dciodvfy,47de0930aaa4,Warning - Value dubious for this VR - (TAG) PN Patient's Name PN [1] = <ProstateX-0189> - Retired Person Name form,Warning,1,PLAUSIBILITY,RETIRED_PN,"not applicable, no requirement is cited by the message",not applicable,,"Named in the rubric as a plausibility heuristic. The message is about the shape of a PN value, a single component with no caret delimiters, which PS3.5 Table 6.2-1 permits for VR PN. No Type and no condition is asserted, and dciodvfy emits it at Warning severity with the word dubious. 1,209 of the 1,224 message classes in this SOP class fall under this rule, one per distinct name value, because the census keys a class on the normalised message text and the value sits inside it."
dciodvfy,484a5f19c4a8,Warning - Value dubious for this VR - (TAG) PN Patient's Name PN [1] = <ProstateX-0050> - Retired Person Name form,Warning,1,PLAUSIBILITY,RETIRED_PN,"not applicable, no requirement is cited by the message",not applicable,,"Named in the rubric as a plausibility heuristic. The message is about the shape of a PN value, a single component with no caret delimiters, which PS3.5 Table 6.2-1 permits for VR PN. No Type and no condition is asserted, and dciodvfy emits it at Warning severity with the word dubious. 1,209 of the 1,224 message classes in this SOP class fall under this rule, one per distinct name value, because the census keys a class on the normalised message text and the value sits inside it."
dciodvfy,48f71211f4e5,Warning - Value dubious for this VR - (TAG) PN Patient's Name PN [1] = <ProstateX-0155> - Retired Person Name form,Warning,1,PLAUSIBILITY,RETIRED_PN,"not applicable, no requirement is cited by the message",not applicable,,"Named in the rubric as a plausibility heuristic. The message is about the shape of a PN value, a single component with no caret delimiters, which PS3.5 Table 6.2-1 permits for VR PN. No Type and no condition is asserted, and dciodvfy emits it at Warning severity with the word dubious. 1,209 of the 1,224 message classes in this SOP class fall under this rule, one per distinct name value, because the census keys a class on the normalised message text and the value sits inside it."
dciodvfy,49297d093f2a,Warning - Value dubious for this VR - (TAG) PN Patient's Name PN [1] = <RMS2407> - Retired Person Name form,Warning,1,PLAUSIBILITY,RETIRED_PN,"not applicable, no requirement is cited by the message",not applicable,,"Named in the rubric as a plausibility heuristic. The message is about the shape of a PN value, a single component with no caret delimiters, which PS3.5 Table 6.2-1 permits for VR PN. No Type and no condition is asserted, and dciodvfy emits it at Warning severity with the word dubious. 1,209 of the 1,224 message classes in this SOP class fall under this rule, one per distinct name value, because the census keys a class on the normalised message text and the value sits inside it."
dciodvfy,49be1d32867c,Warning - Value dubious for this VR - (TAG) PN Patient's Name PN [1] = <RMS2399> - Retired Person Name form,Warning,1,PLAUSIBILITY,RETIRED_PN,"not applicable, no requirement is cited by the message",not applicable,,"Named in the rubric as a plausibility heuristic. The message is about the shape of a PN value, a single component with no caret delimiters, which PS3.5 Table 6.2-1 permits for VR PN. No Type and no condition is asserted, and dciodvfy emits it at Warning severity with the word dubious. 1,209 of the 1,224 message classes in this SOP class fall under this rule, one per distinct name value, because the census keys a class on the normalised message text and the value sits inside it."
dciodvfy,4b2d518fab8a,Warning - Value dubious for this VR - (TAG) PN Patient's Name PN [1] = <RMS2268> - Retired Person Name form,Warning,1,PLAUSIBILITY,RETIRED_PN,"not applicable, no requirement is cited by the message",not applicable,,"Named in the rubric as a plausibility heuristic. The message is about the shape of a PN value, a single component with no caret delimiters, which PS3.5 Table 6.2-1 permits for VR PN. No Type and no condition is asserted, and dciodvfy emits it at Warning severity with the word dubious. 1,209 of the 1,224 message classes in this SOP class fall under this rule, one per distinct name value, because the census keys a class on the normalised message text and the value sits inside it."
dciodvfy,4b8293dc30e8,Warning - Value dubious for this VR - (TAG) PN Patient's Name PN [1] = <ProstateX-0175> - Retired Person Name form,Warning,1,PLAUSIBILITY,RETIRED_PN,"not applicable, no requirement is cited by the message",not applicable,,"Named in the rubric as a plausibility heuristic. The message is about the shape of a PN value, a single component with no caret delimiters, which PS3.5 Table 6.2-1 permits for VR PN. No Type and no condition is asserted, and dciodvfy emits it at Warning severity with the word dubious. 1,209 of the 1,224 message classes in this SOP class fall under this rule, one per distinct name value, because the census keys a class on the normalised message text and the value sits inside it."
dciodvfy,4d460240a9e8,Warning - Value dubious for this VR - (TAG) PN Patient's Name PN [1] = <ProstateX-0308> - Retired Person Name form,Warning,1,PLAUSIBILITY,RETIRED_PN,"not applicable, no requirement is cited by the message",not applicable,,"Named in the rubric as a plausibility heuristic. The message is about the shape of a PN value, a single component with no caret delimiters, which PS3.5 Table 6.2-1 permits for VR PN. No Type and no condition is asserted, and dciodvfy emits it at Warning severity with the word dubious. 1,209 of the 1,224 message classes in this SOP class fall under this rule, one per distinct name value, because the census keys a class on the normalised message text and the value sits inside it."
dciodvfy,4d5d108dfdb3,Warning - Value dubious for this VR - (TAG) PN Patient's Name PN [1] = <ProstateX-0345> - Retired Person Name form,Warning,1,PLAUSIBILITY,RETIRED_PN,"not applicable, no requirement is cited by the message",not applicable,,"Named in the rubric as a plausibility heuristic. The message is about the shape of a PN value, a single component with no caret delimiters, which PS3.5 Table 6.2-1 permits for VR PN. No Type and no condition is asserted, and dciodvfy emits it at Warning severity with the word dubious. 1,209 of the 1,224 message classes in this SOP class fall under this rule, one per distinct name value, because the census keys a class on the normalised message text and the value sits inside it."
dciodvfy,4e40f9176398,Warning - Value dubious for this VR - (TAG) PN Patient's Name PN [1] = <ProstateX-0017> - Retired Person Name form,Warning,1,PLAUSIBILITY,RETIRED_PN,"not applicable, no requirement is cited by the message",not applicable,,"Named in the rubric as a plausibility heuristic. The message is about the shape of a PN value, a single component with no caret delimiters, which PS3.5 Table 6.2-1 permits for VR PN. No Type and no condition is asserted, and dciodvfy emits it at Warning severity with the word dubious. 1,209 of the 1,224 message classes in this SOP class fall under this rule, one per distinct name value, because the census keys a class on the normalised message text and the value sits inside it."
dciodvfy,4e93fb4500e1,Warning - Value dubious for this VR - (TAG) PN Patient's Name PN [1] = <RMS2404> - Retired Person Name form,Warning,1,PLAUSIBILITY,RETIRED_PN,"not applicable, no requirement is cited by the message",not applicable,,"Named in the rubric as a plausibility heuristic. The message is about the shape of a PN value, a single component with no caret delimiters, which PS3.5 Table 6.2-1 permits for VR PN. No Type and no condition is asserted, and dciodvfy emits it at Warning severity with the word dubious. 1,209 of the 1,224 message classes in this SOP class fall under this rule, one per distinct name value, because the census keys a class on the normalised message text and the value sits inside it."
dciodvfy,4f0d0bc069fe,Warning - Value dubious for this VR - (TAG) PN Patient's Name PN [1] = <ProstateX-0178> - Retired Person Name form,Warning,1,PLAUSIBILITY,RETIRED_PN,"not applicable, no requirement is cited by the message",not applicable,,"Named in the rubric as a plausibility heuristic. The message is about the shape of a PN value, a single component with no caret delimiters, which PS3.5 Table 6.2-1 permits for VR PN. No Type and no condition is asserted, and dciodvfy emits it at Warning severity with the word dubious. 1,209 of the 1,224 message classes in this SOP class fall under this rule, one per distinct name value, because the census keys a class on the normalised message text and the value sits inside it."
dciodvfy,4f1726d775ab,Warning - Value dubious for this VR - (TAG) PN Patient's Name PN [1] = <ProstateX-0233> - Retired Person Name form,Warning,1,PLAUSIBILITY,RETIRED_PN,"not applicable, no requirement is cited by the message",not applicable,,"Named in the rubric as a plausibility heuristic. The message is about the shape of a PN value, a single component with no caret delimiters, which PS3.5 Table 6.2-1 permits for VR PN. No Type and no condition is asserted, and dciodvfy emits it at Warning severity with the word dubious. 1,209 of the 1,224 message classes in this SOP class fall under this rule, one per distinct name value, because the census keys a class on the normalised message text and the value sits inside it."
dciodvfy,4f59825ef19b,Warning - Value dubious for this VR - (TAG) PN Patient's Name PN [1] = <ProstateX-0100> - Retired Person Name form,Warning,1,PLAUSIBILITY,RETIRED_PN,"not applicable, no requirement is cited by the message",not applicable,,"Named in the rubric as a plausibility heuristic. The message is about the shape of a PN value, a single component with no caret delimiters, which PS3.5 Table 6.2-1 permits for VR PN. No Type and no condition is asserted, and dciodvfy emits it at Warning severity with the word dubious. 1,209 of the 1,224 message classes in this SOP class fall under this rule, one per distinct name value, because the census keys a class on the normalised message text and the value sits inside it."
dciodvfy,503926a6c648,Warning - Value dubious for this VR - (TAG) PN Patient's Name PN [1] = <ProstateX-0152> - Retired Person Name form,Warning,1,PLAUSIBILITY,RETIRED_PN,"not applicable, no requirement is cited by the message",not applicable,,"Named in the rubric as a plausibility heuristic. The message is about the shape of a PN value, a single component with no caret delimiters, which PS3.5 Table 6.2-1 permits for VR PN. No Type and no condition is asserted, and dciodvfy emits it at Warning severity with the word dubious. 1,209 of the 1,224 message classes in this SOP class fall under this rule, one per distinct name value, because the census keys a class on the normalised message text and the value sits inside it."
dciodvfy,503e84a186be,Warning - Value dubious for this VR - (TAG) PN Patient's Name PN [1] = <ProstateX-0010> - Retired Person Name form,Warning,1,PLAUSIBILITY,RETIRED_PN,"not applicable, no requirement is cited by the message",not applicable,,"Named in the rubric as a plausibility heuristic. The message is about the shape of a PN value, a single component with no caret delimiters, which PS3.5 Table 6.2-1 permits for VR PN. No Type and no condition is asserted, and dciodvfy emits it at Warning severity with the word dubious. 1,209 of the 1,224 message classes in this SOP class fall under this rule, one per distinct name value, because the census keys a class on the normalised message text and the value sits inside it."
dciodvfy,5215dee13518,Warning - Value dubious for this VR - (TAG) PN Patient's Name PN [1] = <ProstateX-0267> - Retired Person Name form,Warning,1,PLAUSIBILITY,RETIRED_PN,"not applicable, no requirement is cited by the message",not applicable,,"Named in the rubric as a plausibility heuristic. The message is about the shape of a PN value, a single component with no caret delimiters, which PS3.5 Table 6.2-1 permits for VR PN. No Type and no condition is asserted, and dciodvfy emits it at Warning severity with the word dubious. 1,209 of the 1,224 message classes in this SOP class fall under this rule, one per distinct name value, because the census keys a class on the normalised message text and the value sits inside it."
dciodvfy,52304b21f4ed,Warning - Value dubious for this VR - (TAG) PN Patient's Name PN [1] = <ProstateX-0208> - Retired Person Name form,Warning,1,PLAUSIBILITY,RETIRED_PN,"not applicable, no requirement is cited by the message",not applicable,,"Named in the rubric as a plausibility heuristic. The message is about the shape of a PN value, a single component with no caret delimiters, which PS3.5 Table 6.2-1 permits for VR PN. No Type and no condition is asserted, and dciodvfy emits it at Warning severity with the word dubious. 1,209 of the 1,224 message classes in this SOP class fall under this rule, one per distinct name value, because the census keys a class on the normalised message text and the value sits inside it."
dciodvfy,524d4a17c0b0,Warning - Value dubious for this VR - (TAG) PN Patient's Name PN [1] = <ProstateX-0013> - Retired Person Name form,Warning,1,PLAUSIBILITY,RETIRED_PN,"not applicable, no requirement is cited by the message",not applicable,,"Named in the rubric as a plausibility heuristic. The message is about the shape of a PN value, a single component with no caret delimiters, which PS3.5 Table 6.2-1 permits for VR PN. No Type and no condition is asserted, and dciodvfy emits it at Warning severity with the word dubious. 1,209 of the 1,224 message classes in this SOP class fall under this rule, one per distinct name value, because the census keys a class on the normalised message text and the value sits inside it."
dciodvfy,524efdde0a88,Warning - Value dubious for this VR - (TAG) PN Patient's Name PN [1] = <ProstateX-0024> - Retired Person Name form,Warning,1,PLAUSIBILITY,RETIRED_PN,"not applicable, no requirement is cited by the message",not applicable,,"Named in the rubric as a plausibility heuristic. The message is about the shape of a PN value, a single component with no caret delimiters, which PS3.5 Table 6.2-1 permits for VR PN. No Type and no condition is asserted, and dciodvfy emits it at Warning severity with the word dubious. 1,209 of the 1,224 message classes in this SOP class fall under this rule, one per distinct name value, because the census keys a class on the normalised message text and the value sits inside it."
dciodvfy,525dcaeba479,Warning - Value dubious for this VR - (TAG) PN Patient's Name PN [1] = <ProstateX-0032> - Retired Person Name form,Warning,1,PLAUSIBILITY,RETIRED_PN,"not applicable, no requirement is cited by the message",not applicable,,"Named in the rubric as a plausibility heuristic. The message is about the shape of a PN value, a single component with no caret delimiters, which PS3.5 Table 6.2-1 permits for VR PN. No Type and no condition is asserted, and dciodvfy emits it at Warning severity with the word dubious. 1,209 of the 1,224 message classes in this SOP class fall under this rule, one per distinct name value, because the census keys a class on the normalised message text and the value sits inside it."
dciodvfy,526a27522b27,Warning - Value dubious for this VR - (TAG) PN Patient's Name PN [1] = <ProstateX-0020> - Retired Person Name form,Warning,1,PLAUSIBILITY,RETIRED_PN,"not applicable, no requirement is cited by the message",not applicable,,"Named in the rubric as a plausibility heuristic. The message is about the shape of a PN value, a single component with no caret delimiters, which PS3.5 Table 6.2-1 permits for VR PN. No Type and no condition is asserted, and dciodvfy emits it at Warning severity with the word dubious. 1,209 of the 1,224 message classes in this SOP class fall under this rule, one per distinct name value, because the census keys a class on the normalised message text and the value sits inside it."
dciodvfy,531bfa6b2a6f,Warning - Value dubious for this VR - (TAG) PN Patient's Name PN [1] = <ProstateX-0150> - Retired Person Name form,Warning,1,PLAUSIBILITY,RETIRED_PN,"not applicable, no requirement is cited by the message",not applicable,,"Named in the rubric as a plausibility heuristic. The message is about the shape of a PN value, a single component with no caret delimiters, which PS3.5 Table 6.2-1 permits for VR PN. No Type and no condition is asserted, and dciodvfy emits it at Warning severity with the word dubious. 1,209 of the 1,224 message classes in this SOP class fall under this rule, one per distinct name value, because the census keys a class on the normalised message text and the value sits inside it."
dciodvfy,532970d53859,Warning - Value dubious for this VR - (TAG) PN Patient's Name PN [1] = <ProstateX-0114> - Retired Person Name form,Warning,1,PLAUSIBILITY,RETIRED_PN,"not applicable, no requirement is cited by the message",not applicable,,"Named in the rubric as a plausibility heuristic. The message is about the shape of a PN value, a single component with no caret delimiters, which PS3.5 Table 6.2-1 permits for VR PN. No Type and no condition is asserted, and dciodvfy emits it at Warning severity with the word dubious. 1,209 of the 1,224 message classes in this SOP class fall under this rule, one per distinct name value, because the census keys a class on the normalised message text and the value sits inside it."
dciodvfy,53af153c5dd6,Warning - Value dubious for this VR - (TAG) PN Patient's Name PN [1] = <ProstateX-0240> - Retired Person Name form,Warning,1,PLAUSIBILITY,RETIRED_PN,"not applicable, no requirement is cited by the message",not applicable,,"Named in the rubric as a plausibility heuristic. The message is about the shape of a PN value, a single component with no caret delimiters, which PS3.5 Table 6.2-1 permits for VR PN. No Type and no condition is asserted, and dciodvfy emits it at Warning severity with the word dubious. 1,209 of the 1,224 message classes in this SOP class fall under this rule, one per distinct name value, because the census keys a class on the normalised message text and the value sits inside it."
dciodvfy,5478fba6129b,Warning - Value dubious for this VR - (TAG) PN Patient's Name PN [1] = <RMS2417> - Retired Person Name form,Warning,1,PLAUSIBILITY,RETIRED_PN,"not applicable, no requirement is cited by the message",not applicable,,"Named in the rubric as a plausibility heuristic. The message is about the shape of a PN value, a single component with no caret delimiters, which PS3.5 Table 6.2-1 permits for VR PN. No Type and no condition is asserted, and dciodvfy emits it at Warning severity with the word dubious. 1,209 of the 1,224 message classes in this SOP class fall under this rule, one per distinct name value, because the census keys a class on the normalised message text and the value sits inside it."
dciodvfy,5493f9b27198,Warning - Value dubious for this VR - (TAG) PN Patient's Name PN [1] = <ProstateX-0084> - Retired Person Name form,Warning,1,PLAUSIBILITY,RETIRED_PN,"not applicable, no requirement is cited by the message",not applicable,,"Named in the rubric as a plausibility heuristic. The message is about the shape of a PN value, a single component with no caret delimiters, which PS3.5 Table 6.2-1 permits for VR PN. No Type and no condition is asserted, and dciodvfy emits it at Warning severity with the word dubious. 1,209 of the 1,224 message classes in this SOP class fall under this rule, one per distinct name value, because the census keys a class on the normalised message text and the value sits inside it."
dciodvfy,5538887e7420,Warning - Value dubious for this VR - (TAG) PN Patient's Name PN [1] = <RMS2419> - Retired Person Name form,Warning,1,PLAUSIBILITY,RETIRED_PN,"not applicable, no requirement is cited by the message",not applicable,,"Named in the rubric as a plausibility heuristic. The message is about the shape of a PN value, a single component with no caret delimiters, which PS3.5 Table 6.2-1 permits for VR PN. No Type and no condition is asserted, and dciodvfy emits it at Warning severity with the word dubious. 1,209 of the 1,224 message classes in this SOP class fall under this rule, one per distinct name value, because the census keys a class on the normalised message text and the value sits inside it."
dciodvfy,554d9e5ba11b,Warning - Value dubious for this VR - (TAG) PN Patient's Name PN [1] = <ProstateX-0207> - Retired Person Name form,Warning,1,PLAUSIBILITY,RETIRED_PN,"not applicable, no requirement is cited by the message",not applicable,,"Named in the rubric as a plausibility heuristic. The message is about the shape of a PN value, a single component with no caret delimiters, which PS3.5 Table 6.2-1 permits for VR PN. No Type and no condition is asserted, and dciodvfy emits it at Warning severity with the word dubious. 1,209 of the 1,224 message classes in this SOP class fall under this rule, one per distinct name value, because the census keys a class on the normalised message text and the value sits inside it."
dciodvfy,55b37fe37f29,Warning - Value dubious for this VR - (TAG) PN Patient's Name PN [1] = <ProstateX-0066> - Retired Person Name form,Warning,1,PLAUSIBILITY,RETIRED_PN,"not applicable, no requirement is cited by the message",not applicable,,"Named in the rubric as a plausibility heuristic. The message is about the shape of a PN value, a single component with no caret delimiters, which PS3.5 Table 6.2-1 permits for VR PN. No Type and no condition is asserted, and dciodvfy emits it at Warning severity with the word dubious. 1,209 of the 1,224 message classes in this SOP class fall under this rule, one per distinct name value, because the census keys a class on the normalised message text and the value sits inside it."
dciodvfy,560a738f6ced,Warning - Value dubious for this VR - (TAG) PN Patient's Name PN [1] = <RMS2152> - Retired Person Name form,Warning,1,PLAUSIBILITY,RETIRED_PN,"not applicable, no requirement is cited by the message",not applicable,,"Named in the rubric as a plausibility heuristic. The message is about the shape of a PN value, a single component with no caret delimiters, which PS3.5 Table 6.2-1 permits for VR PN. No Type and no condition is asserted, and dciodvfy emits it at Warning severity with the word dubious. 1,209 of the 1,224 message classes in this SOP class fall under this rule, one per distinct name value, because the census keys a class on the normalised message text and the value sits inside it."
dciodvfy,567a040dcd2c,Warning - Value dubious for this VR - (TAG) PN Patient's Name PN [1] = <ProstateX-0327> - Retired Person Name form,Warning,1,PLAUSIBILITY,RETIRED_PN,"not applicable, no requirement is cited by the message",not applicable,,"Named in the rubric as a plausibility heuristic. The message is about the shape of a PN value, a single component with no caret delimiters, which PS3.5 Table 6.2-1 permits for VR PN. No Type and no condition is asserted, and dciodvfy emits it at Warning severity with the word dubious. 1,209 of the 1,224 message classes in this SOP class fall under this rule, one per distinct name value, because the census keys a class on the normalised message text and the value sits inside it."
dciodvfy,568c04d5625b,Warning - Value dubious for this VR - (TAG) PN Patient's Name PN [1] = <ProstateX-0341> - Retired Person Name form,Warning,1,PLAUSIBILITY,RETIRED_PN,"not applicable, no requirement is cited by the message",not applicable,,"Named in the rubric as a plausibility heuristic. The message is about the shape of a PN value, a single component with no caret delimiters, which PS3.5 Table 6.2-1 permits for VR PN. No Type and no condition is asserted, and dciodvfy emits it at Warning severity with the word dubious. 1,209 of the 1,224 message classes in this SOP class fall under this rule, one per distinct name value, because the census keys a class on the normalised message text and the value sits inside it."
dciodvfy,56e3ee1c3ac3,Warning - Value dubious for this VR - (TAG) PN Patient's Name PN [1] = <RMS2273> - Retired Person Name form,Warning,1,PLAUSIBILITY,RETIRED_PN,"not applicable, no requirement is cited by the message",not applicable,,"Named in the rubric as a plausibility heuristic. The message is about the shape of a PN value, a single component with no caret delimiters, which PS3.5 Table 6.2-1 permits for VR PN. No Type and no condition is asserted, and dciodvfy emits it at Warning severity with the word dubious. 1,209 of the 1,224 message classes in this SOP class fall under this rule, one per distinct name value, because the census keys a class on the normalised message text and the value sits inside it."
dciodvfy,571875ce3b1e,Warning - Value dubious for this VR - (TAG) PN Patient's Name PN [1] = <ProstateX-0119> - Retired Person Name form,Warning,1,PLAUSIBILITY,RETIRED_PN,"not applicable, no requirement is cited by the message",not applicable,,"Named in the rubric as a plausibility heuristic. The message is about the shape of a PN value, a single component with no caret delimiters, which PS3.5 Table 6.2-1 permits for VR PN. No Type and no condition is asserted, and dciodvfy emits it at Warning severity with the word dubious. 1,209 of the 1,224 message classes in this SOP class fall under this rule, one per distinct name value, because the census keys a class on the normalised message text and the value sits inside it."
dciodvfy,573fb78a56ec,Warning - Value dubious for this VR - (TAG) PN Patient's Name PN [1] = <RMS2421> - Retired Person Name form,Warning,1,PLAUSIBILITY,RETIRED_PN,"not applicable, no requirement is cited by the message",not applicable,,"Named in the rubric as a plausibility heuristic. The message is about the shape of a PN value, a single component with no caret delimiters, which PS3.5 Table 6.2-1 permits for VR PN. No Type and no condition is asserted, and dciodvfy emits it at Warning severity with the word dubious. 1,209 of the 1,224 message classes in this SOP class fall under this rule, one per distinct name value, because the census keys a class on the normalised message text and the value sits inside it."
dciodvfy,58901d6b2f10,Warning - Value dubious for this VR - (TAG) PN Patient's Name PN [1] = <ProstateX-0117> - Retired Person Name form,Warning,1,PLAUSIBILITY,RETIRED_PN,"not applicable, no requirement is cited by the message",not applicable,,"Named in the rubric as a plausibility heuristic. The message is about the shape of a PN value, a single component with no caret delimiters, which PS3.5 Table 6.2-1 permits for VR PN. No Type and no condition is asserted, and dciodvfy emits it at Warning severity with the word dubious. 1,209 of the 1,224 message classes in this SOP class fall under this rule, one per distinct name value, because the census keys a class on the normalised message text and the value sits inside it."
dciodvfy,593217f5ffa3,Warning - Value dubious for this VR - (TAG) PN Patient's Name PN [1] = <ProstateX-0302> - Retired Person Name form,Warning,1,PLAUSIBILITY,RETIRED_PN,"not applicable, no requirement is cited by the message",not applicable,,"Named in the rubric as a plausibility heuristic. The message is about the shape of a PN value, a single component with no caret delimiters, which PS3.5 Table 6.2-1 permits for VR PN. No Type and no condition is asserted, and dciodvfy emits it at Warning severity with the word dubious. 1,209 of the 1,224 message classes in this SOP class fall under this rule, one per distinct name value, because the census keys a class on the normalised message text and the value sits inside it."
dciodvfy,5b5c279c3cbf,Warning - Value dubious for this VR - (TAG) PN Patient's Name PN [1] = <ProstateX-0287> - Retired Person Name form,Warning,1,PLAUSIBILITY,RETIRED_PN,"not applicable, no requirement is cited by the message",not applicable,,"Named in the rubric as a plausibility heuristic. The message is about the shape of a PN value, a single component with no caret delimiters, which PS3.5 Table 6.2-1 permits for VR PN. No Type and no condition is asserted, and dciodvfy emits it at Warning severity with the word dubious. 1,209 of the 1,224 message classes in this SOP class fall under this rule, one per distinct name value, because the census keys a class on the normalised message text and the value sits inside it."
dciodvfy,5bd5d10b598c,Warning - Value dubious for this VR - (TAG) PN Patient's Name PN [1] = <ProstateX-0299> - Retired Person Name form,Warning,1,PLAUSIBILITY,RETIRED_PN,"not applicable, no requirement is cited by the message",not applicable,,"Named in the rubric as a plausibility heuristic. The message is about the shape of a PN value, a single component with no caret delimiters, which PS3.5 Table 6.2-1 permits for VR PN. No Type and no condition is asserted, and dciodvfy emits it at Warning severity with the word dubious. 1,209 of the 1,224 message classes in this SOP class fall under this rule, one per distinct name value, because the census keys a class on the normalised message text and the value sits inside it."
dciodvfy,5cac0d72ee63,Warning - Value dubious for this VR - (TAG) PN Patient's Name PN [1] = <ProstateX-0125> - Retired Person Name form,Warning,1,PLAUSIBILITY,RETIRED_PN,"not applicable, no requirement is cited by the message",not applicable,,"Named in the rubric as a plausibility heuristic. The message is about the shape of a PN value, a single component with no caret delimiters, which PS3.5 Table 6.2-1 permits for VR PN. No Type and no condition is asserted, and dciodvfy emits it at Warning severity with the word dubious. 1,209 of the 1,224 message classes in this SOP class fall under this rule, one per distinct name value, because the census keys a class on the normalised message text and the value sits inside it."
dciodvfy,5cd07cb65170,Warning - Value dubious for this VR - (TAG) PN Patient's Name PN [1] = <ProstateX-0142> - Retired Person Name form,Warning,1,PLAUSIBILITY,RETIRED_PN,"not applicable, no requirement is cited by the message",not applicable,,"Named in the rubric as a plausibility heuristic. The message is about the shape of a PN value, a single component with no caret delimiters, which PS3.5 Table 6.2-1 permits for VR PN. No Type and no condition is asserted, and dciodvfy emits it at Warning severity with the word dubious. 1,209 of the 1,224 message classes in this SOP class fall under this rule, one per distinct name value, because the census keys a class on the normalised message text and the value sits inside it."
dciodvfy,5cf3a3d5d276,Warning - Value dubious for this VR - (TAG) PN Patient's Name PN [1] = <Lung_Dx-A0027> - Retired Person Name form,Warning,1,PLAUSIBILITY,RETIRED_PN,"not applicable, no requirement is cited by the message",not applicable,,"Named in the rubric as a plausibility heuristic. The message is about the shape of a PN value, a single component with no caret delimiters, which PS3.5 Table 6.2-1 permits for VR PN. No Type and no condition is asserted, and dciodvfy emits it at Warning severity with the word dubious. 1,209 of the 1,224 message classes in this SOP class fall under this rule, one per distinct name value, because the census keys a class on the normalised message text and the value sits inside it."
dciodvfy,5d5d98fcf9cb,Warning - Value dubious for this VR - (TAG) PN Patient's Name PN [1] = <ProstateX-0331> - Retired Person Name form,Warning,1,PLAUSIBILITY,RETIRED_PN,"not applicable, no requirement is cited by the message",not applicable,,"Named in the rubric as a plausibility heuristic. The message is about the shape of a PN value, a single component with no caret delimiters, which PS3.5 Table 6.2-1 permits for VR PN. No Type and no condition is asserted, and dciodvfy emits it at Warning severity with the word dubious. 1,209 of the 1,224 message classes in this SOP class fall under this rule, one per distinct name value, because the census keys a class on the normalised message text and the value sits inside it."
dciodvfy,5da0c3c0e7c3,Warning - Value dubious for this VR - (TAG) PN Patient's Name PN [1] = <ProstateX-0171> - Retired Person Name form,Warning,1,PLAUSIBILITY,RETIRED_PN,"not applicable, no requirement is cited by the message",not applicable,,"Named in the rubric as a plausibility heuristic. The message is about the shape of a PN value, a single component with no caret delimiters, which PS3.5 Table 6.2-1 permits for VR PN. No Type and no condition is asserted, and dciodvfy emits it at Warning severity with the word dubious. 1,209 of the 1,224 message classes in this SOP class fall under this rule, one per distinct name value, because the census keys a class on the normalised message text and the value sits inside it."
dciodvfy,5de95c0d6d10,Warning - Value dubious for this VR - (TAG) PN Patient's Name PN [1] = <RMS2454> - Retired Person Name form,Warning,1,PLAUSIBILITY,RETIRED_PN,"not applicable, no requirement is cited by the message",not applicable,,"Named in the rubric as a plausibility heuristic. The message is about the shape of a PN value, a single component with no caret delimiters, which PS3.5 Table 6.2-1 permits for VR PN. No Type and no condition is asserted, and dciodvfy emits it at Warning severity with the word dubious. 1,209 of the 1,224 message classes in this SOP class fall under this rule, one per distinct name value, because the census keys a class on the normalised message text and the value sits inside it."
dciodvfy,5ed6ed4274ea,Warning - Value dubious for this VR - (TAG) PN Patient's Name PN [1] = <ProstateX-0129> - Retired Person Name form,Warning,1,PLAUSIBILITY,RETIRED_PN,"not applicable, no requirement is cited by the message",not applicable,,"Named in the rubric as a plausibility heuristic. The message is about the shape of a PN value, a single component with no caret delimiters, which PS3.5 Table 6.2-1 permits for VR PN. No Type and no condition is asserted, and dciodvfy emits it at Warning severity with the word dubious. 1,209 of the 1,224 message classes in this SOP class fall under this rule, one per distinct name value, because the census keys a class on the normalised message text and the value sits inside it."
dciodvfy,6143bd2dd16a,Warning - Value dubious for this VR - (TAG) PN Patient's Name PN [1] = <ProstateX-0158> - Retired Person Name form,Warning,1,PLAUSIBILITY,RETIRED_PN,"not applicable, no requirement is cited by the message",not applicable,,"Named in the rubric as a plausibility heuristic. The message is about the shape of a PN value, a single component with no caret delimiters, which PS3.5 Table 6.2-1 permits for VR PN. No Type and no condition is asserted, and dciodvfy emits it at Warning severity with the word dubious. 1,209 of the 1,224 message classes in this SOP class fall under this rule, one per distinct name value, because the census keys a class on the normalised message text and the value sits inside it."
dciodvfy,6171eb51eff0,Warning - Value dubious for this VR - (TAG) PN Patient's Name PN [1] = <ProstateX-0056> - Retired Person Name form,Warning,1,PLAUSIBILITY,RETIRED_PN,"not applicable, no requirement is cited by the message",not applicable,,"Named in the rubric as a plausibility heuristic. The message is about the shape of a PN value, a single component with no caret delimiters, which PS3.5 Table 6.2-1 permits for VR PN. No Type and no condition is asserted, and dciodvfy emits it at Warning severity with the word dubious. 1,209 of the 1,224 message classes in this SOP class fall under this rule, one per distinct name value, because the census keys a class on the normalised message text and the value sits inside it."
dciodvfy,61e24a899219,Warning - Value dubious for this VR - (TAG) PN Patient's Name PN [1] = <ProstateX-0047> - Retired Person Name form,Warning,1,PLAUSIBILITY,RETIRED_PN,"not applicable, no requirement is cited by the message",not applicable,,"Named in the rubric as a plausibility heuristic. The message is about the shape of a PN value, a single component with no caret delimiters, which PS3.5 Table 6.2-1 permits for VR PN. No Type and no condition is asserted, and dciodvfy emits it at Warning severity with the word dubious. 1,209 of the 1,224 message classes in this SOP class fall under this rule, one per distinct name value, because the census keys a class on the normalised message text and the value sits inside it."
dciodvfy,62a30a0f1e82,Warning - Value dubious for this VR - (TAG) PN Patient's Name PN [1] = <RMS2463> - Retired Person Name form,Warning,1,PLAUSIBILITY,RETIRED_PN,"not applicable, no requirement is cited by the message",not applicable,,"Named in the rubric as a plausibility heuristic. The message is about the shape of a PN value, a single component with no caret delimiters, which PS3.5 Table 6.2-1 permits for VR PN. No Type and no condition is asserted, and dciodvfy emits it at Warning severity with the word dubious. 1,209 of the 1,224 message classes in this SOP class fall under this rule, one per distinct name value, because the census keys a class on the normalised message text and the value sits inside it."
dciodvfy,62a68c9db382,Warning - Value dubious for this VR - (TAG) PN Patient's Name PN [1] = <ProstateX-0238> - Retired Person Name form,Warning,1,PLAUSIBILITY,RETIRED_PN,"not applicable, no requirement is cited by the message",not applicable,,"Named in the rubric as a plausibility heuristic. The message is about the shape of a PN value, a single component with no caret delimiters, which PS3.5 Table 6.2-1 permits for VR PN. No Type and no condition is asserted, and dciodvfy emits it at Warning severity with the word dubious. 1,209 of the 1,224 message classes in this SOP class fall under this rule, one per distinct name value, because the census keys a class on the normalised message text and the value sits inside it."
dciodvfy,62e4fad7cb2a,Warning - Value dubious for this VR - (TAG) PN Patient's Name PN [1] = <ProstateX-0247> - Retired Person Name form,Warning,1,PLAUSIBILITY,RETIRED_PN,"not applicable, no requirement is cited by the message",not applicable,,"Named in the rubric as a plausibility heuristic. The message is about the shape of a PN value, a single component with no caret delimiters, which PS3.5 Table 6.2-1 permits for VR PN. No Type and no condition is asserted, and dciodvfy emits it at Warning severity with the word dubious. 1,209 of the 1,224 message classes in this SOP class fall under this rule, one per distinct name value, because the census keys a class on the normalised message text and the value sits inside it."
dciodvfy,6300faa4846d,Warning - Value dubious for this VR - (TAG) PN Patient's Name PN [1] = <RMS2461> - Retired Person Name form,Warning,1,PLAUSIBILITY,RETIRED_PN,"not applicable, no requirement is cited by the message",not applicable,,"Named in the rubric as a plausibility heuristic. The message is about the shape of a PN value, a single component with no caret delimiters, which PS3.5 Table 6.2-1 permits for VR PN. No Type and no condition is asserted, and dciodvfy emits it at Warning severity with the word dubious. 1,209 of the 1,224 message classes in this SOP class fall under this rule, one per distinct name value, because the census keys a class on the normalised message text and the value sits inside it."
dciodvfy,636afead0a44,Warning - Value dubious for this VR - (TAG) PN Patient's Name PN [1] = <ProstateX-0194> - Retired Person Name form,Warning,1,PLAUSIBILITY,RETIRED_PN,"not applicable, no requirement is cited by the message",not applicable,,"Named in the rubric as a plausibility heuristic. The message is about the shape of a PN value, a single component with no caret delimiters, which PS3.5 Table 6.2-1 permits for VR PN. No Type and no condition is asserted, and dciodvfy emits it at Warning severity with the word dubious. 1,209 of the 1,224 message classes in this SOP class fall under this rule, one per distinct name value, because the census keys a class on the normalised message text and the value sits inside it."
dciodvfy,6385ee506694,Warning - Value dubious for this VR - (TAG) PN Patient's Name PN [1] = <ProstateX-0257> - Retired Person Name form,Warning,1,PLAUSIBILITY,RETIRED_PN,"not applicable, no requirement is cited by the message",not applicable,,"Named in the rubric as a plausibility heuristic. The message is about the shape of a PN value, a single component with no caret delimiters, which PS3.5 Table 6.2-1 permits for VR PN. No Type and no condition is asserted, and dciodvfy emits it at Warning severity with the word dubious. 1,209 of the 1,224 message classes in this SOP class fall under this rule, one per distinct name value, because the census keys a class on the normalised message text and the value sits inside it."
dciodvfy,6391ba829661,Warning - Value dubious for this VR - (TAG) PN Patient's Name PN [1] = <RMS2418> - Retired Person Name form,Warning,1,PLAUSIBILITY,RETIRED_PN,"not applicable, no requirement is cited by the message",not applicable,,"Named in the rubric as a plausibility heuristic. The message is about the shape of a PN value, a single component with no caret delimiters, which PS3.5 Table 6.2-1 permits for VR PN. No Type and no condition is asserted, and dciodvfy emits it at Warning severity with the word dubious. 1,209 of the 1,224 message classes in this SOP class fall under this rule, one per distinct name value, because the census keys a class on the normalised message text and the value sits inside it."
dciodvfy,63b8126cbf91,Warning - Value dubious for this VR - (TAG) PN Patient's Name PN [1] = <RMS2410> - Retired Person Name form,Warning,1,PLAUSIBILITY,RETIRED_PN,"not applicable, no requirement is cited by the message",not applicable,,"Named in the rubric as a plausibility heuristic. The message is about the shape of a PN value, a single component with no caret delimiters, which PS3.5 Table 6.2-1 permits for VR PN. No Type and no condition is asserted, and dciodvfy emits it at Warning severity with the word dubious. 1,209 of the 1,224 message classes in this SOP class fall under this rule, one per distinct name value, because the census keys a class on the normalised message text and the value sits inside it."
dciodvfy,64201fb933ff,Warning - Value dubious for this VR - (TAG) PN Patient's Name PN [1] = <ProstateX-0136> - Retired Person Name form,Warning,1,PLAUSIBILITY,RETIRED_PN,"not applicable, no requirement is cited by the message",not applicable,,"Named in the rubric as a plausibility heuristic. The message is about the shape of a PN value, a single component with no caret delimiters, which PS3.5 Table 6.2-1 permits for VR PN. No Type and no condition is asserted, and dciodvfy emits it at Warning severity with the word dubious. 1,209 of the 1,224 message classes in this SOP class fall under this rule, one per distinct name value, because the census keys a class on the normalised message text and the value sits inside it."
dciodvfy,64cbd6c39cec,Warning - Value dubious for this VR - (TAG) PN Patient's Name PN [1] = <ProstateX-0232> - Retired Person Name form,Warning,1,PLAUSIBILITY,RETIRED_PN,"not applicable, no requirement is cited by the message",not applicable,,"Named in the rubric as a plausibility heuristic. The message is about the shape of a PN value, a single component with no caret delimiters, which PS3.5 Table 6.2-1 permits for VR PN. No Type and no condition is asserted, and dciodvfy emits it at Warning severity with the word dubious. 1,209 of the 1,224 message classes in this SOP class fall under this rule, one per distinct name value, because the census keys a class on the normalised message text and the value sits inside it."
dciodvfy,64e10e20c13b,Warning - Value dubious for this VR - (TAG) PN Patient's Name PN [1] = <ProstateX-0248> - Retired Person Name form,Warning,1,PLAUSIBILITY,RETIRED_PN,"not applicable, no requirement is cited by the message",not applicable,,"Named in the rubric as a plausibility heuristic. The message is about the shape of a PN value, a single component with no caret delimiters, which PS3.5 Table 6.2-1 permits for VR PN. No Type and no condition is asserted, and dciodvfy emits it at Warning severity with the word dubious. 1,209 of the 1,224 message classes in this SOP class fall under this rule, one per distinct name value, because the census keys a class on the normalised message text and the value sits inside it."
dciodvfy,64f0a9df9434,Warning - Value dubious for this VR - (TAG) PN Patient's Name PN [1] = <ProstateX-0265> - Retired Person Name form,Warning,1,PLAUSIBILITY,RETIRED_PN,"not applicable, no requirement is cited by the message",not applicable,,"Named in the rubric as a plausibility heuristic. The message is about the shape of a PN value, a single component with no caret delimiters, which PS3.5 Table 6.2-1 permits for VR PN. No Type and no condition is asserted, and dciodvfy emits it at Warning severity with the word dubious. 1,209 of the 1,224 message classes in this SOP class fall under this rule, one per distinct name value, because the census keys a class on the normalised message text and the value sits inside it."
dciodvfy,64fca8d6842f,Warning - Value dubious for this VR - (TAG) PN Patient's Name PN [1] = <ProstateX-0168> - Retired Person Name form,Warning,1,PLAUSIBILITY,RETIRED_PN,"not applicable, no requirement is cited by the message",not applicable,,"Named in the rubric as a plausibility heuristic. The message is about the shape of a PN value, a single component with no caret delimiters, which PS3.5 Table 6.2-1 permits for VR PN. No Type and no condition is asserted, and dciodvfy emits it at Warning severity with the word dubious. 1,209 of the 1,224 message classes in this SOP class fall under this rule, one per distinct name value, because the census keys a class on the normalised message text and the value sits inside it."
dciodvfy,65afbfeb6826,Warning - Value dubious for this VR - (TAG) PN Patient's Name PN [1] = <ProstateX-0042> - Retired Person Name form,Warning,1,PLAUSIBILITY,RETIRED_PN,"not applicable, no requirement is cited by the message",not applicable,,"Named in the rubric as a plausibility heuristic. The message is about the shape of a PN value, a single component with no caret delimiters, which PS3.5 Table 6.2-1 permits for VR PN. No Type and no condition is asserted, and dciodvfy emits it at Warning severity with the word dubious. 1,209 of the 1,224 message classes in this SOP class fall under this rule, one per distinct name value, because the census keys a class on the normalised message text and the value sits inside it."
dciodvfy,660dc250d3ad,Warning - Value dubious for this VR - (TAG) PN Patient's Name PN [1] = <RMS2207> - Retired Person Name form,Warning,1,PLAUSIBILITY,RETIRED_PN,"not applicable, no requirement is cited by the message",not applicable,,"Named in the rubric as a plausibility heuristic. The message is about the shape of a PN value, a single component with no caret delimiters, which PS3.5 Table 6.2-1 permits for VR PN. No Type and no condition is asserted, and dciodvfy emits it at Warning severity with the word dubious. 1,209 of the 1,224 message classes in this SOP class fall under this rule, one per distinct name value, because the census keys a class on the normalised message text and the value sits inside it."
dciodvfy,6696b2fb7710,Warning - Value dubious for this VR - (TAG) PN Patient's Name PN [1] = <ProstateX-0306> - Retired Person Name form,Warning,1,PLAUSIBILITY,RETIRED_PN,"not applicable, no requirement is cited by the message",not applicable,,"Named in the rubric as a plausibility heuristic. The message is about the shape of a PN value, a single component with no caret delimiters, which PS3.5 Table 6.2-1 permits for VR PN. No Type and no condition is asserted, and dciodvfy emits it at Warning severity with the word dubious. 1,209 of the 1,224 message classes in this SOP class fall under this rule, one per distinct name value, because the census keys a class on the normalised message text and the value sits inside it."
dciodvfy,6734c79fac43,Warning - Value dubious for this VR - (TAG) PN Patient's Name PN [1] = <ProstateX-0280> - Retired Person Name form,Warning,1,PLAUSIBILITY,RETIRED_PN,"not applicable, no requirement is cited by the message",not applicable,,"Named in the rubric as a plausibility heuristic. The message is about the shape of a PN value, a single component with no caret delimiters, which PS3.5 Table 6.2-1 permits for VR PN. No Type and no condition is asserted, and dciodvfy emits it at Warning severity with the word dubious. 1,209 of the 1,224 message classes in this SOP class fall under this rule, one per distinct name value, because the census keys a class on the normalised message text and the value sits inside it."
dciodvfy,683b00491d12,Warning - Value dubious for this VR - (TAG) PN Patient's Name PN [1] = <ProstateX-0138> - Retired Person Name form,Warning,1,PLAUSIBILITY,RETIRED_PN,"not applicable, no requirement is cited by the message",not applicable,,"Named in the rubric as a plausibility heuristic. The message is about the shape of a PN value, a single component with no caret delimiters, which PS3.5 Table 6.2-1 permits for VR PN. No Type and no condition is asserted, and dciodvfy emits it at Warning severity with the word dubious. 1,209 of the 1,224 message classes in this SOP class fall under this rule, one per distinct name value, because the census keys a class on the normalised message text and the value sits inside it."
dciodvfy,6854c9b93fa3,Warning - Value dubious for this VR - (TAG) PN Patient's Name PN [1] = <ProstateX-0305> - Retired Person Name form,Warning,1,PLAUSIBILITY,RETIRED_PN,"not applicable, no requirement is cited by the message",not applicable,,"Named in the rubric as a plausibility heuristic. The message is about the shape of a PN value, a single component with no caret delimiters, which PS3.5 Table 6.2-1 permits for VR PN. No Type and no condition is asserted, and dciodvfy emits it at Warning severity with the word dubious. 1,209 of the 1,224 message classes in this SOP class fall under this rule, one per distinct name value, because the census keys a class on the normalised message text and the value sits inside it."
dciodvfy,68561598696e,Warning - Value dubious for this VR - (TAG) PN Patient's Name PN [1] = <ProstateX-0281> - Retired Person Name form,Warning,1,PLAUSIBILITY,RETIRED_PN,"not applicable, no requirement is cited by the message",not applicable,,"Named in the rubric as a plausibility heuristic. The message is about the shape of a PN value, a single component with no caret delimiters, which PS3.5 Table 6.2-1 permits for VR PN. No Type and no condition is asserted, and dciodvfy emits it at Warning severity with the word dubious. 1,209 of the 1,224 message classes in this SOP class fall under this rule, one per distinct name value, because the census keys a class on the normalised message text and the value sits inside it."
dciodvfy,68ee4b6214eb,Warning - Value dubious for this VR - (TAG) PN Patient's Name PN [1] = <ProstateX-0270> - Retired Person Name form,Warning,1,PLAUSIBILITY,RETIRED_PN,"not applicable, no requirement is cited by the message",not applicable,,"Named in the rubric as a plausibility heuristic. The message is about the shape of a PN value, a single component with no caret delimiters, which PS3.5 Table 6.2-1 permits for VR PN. No Type and no condition is asserted, and dciodvfy emits it at Warning severity with the word dubious. 1,209 of the 1,224 message classes in this SOP class fall under this rule, one per distinct name value, because the census keys a class on the normalised message text and the value sits inside it."
dciodvfy,6937624d8cd2,Warning - Value dubious for this VR - (TAG) PN Patient's Name PN [1] = <RMS2457> - Retired Person Name form,Warning,1,PLAUSIBILITY,RETIRED_PN,"not applicable, no requirement is cited by the message",not applicable,,"Named in the rubric as a plausibility heuristic. The message is about the shape of a PN value, a single component with no caret delimiters, which PS3.5 Table 6.2-1 permits for VR PN. No Type and no condition is asserted, and dciodvfy emits it at Warning severity with the word dubious. 1,209 of the 1,224 message classes in this SOP class fall under this rule, one per distinct name value, because the census keys a class on the normalised message text and the value sits inside it."
dciodvfy,6a73e56816e0,Warning - Value dubious for this VR - (TAG) PN Patient's Name PN [1] = <RMS2276> - Retired Person Name form,Warning,1,PLAUSIBILITY,RETIRED_PN,"not applicable, no requirement is cited by the message",not applicable,,"Named in the rubric as a plausibility heuristic. The message is about the shape of a PN value, a single component with no caret delimiters, which PS3.5 Table 6.2-1 permits for VR PN. No Type and no condition is asserted, and dciodvfy emits it at Warning severity with the word dubious. 1,209 of the 1,224 message classes in this SOP class fall under this rule, one per distinct name value, because the census keys a class on the normalised message text and the value sits inside it."
dciodvfy,6b5ad65c776a,Warning - Value dubious for this VR - (TAG) PN Patient's Name PN [1] = <ProstateX-0223> - Retired Person Name form,Warning,1,PLAUSIBILITY,RETIRED_PN,"not applicable, no requirement is cited by the message",not applicable,,"Named in the rubric as a plausibility heuristic. The message is about the shape of a PN value, a single component with no caret delimiters, which PS3.5 Table 6.2-1 permits for VR PN. No Type and no condition is asserted, and dciodvfy emits it at Warning severity with the word dubious. 1,209 of the 1,224 message classes in this SOP class fall under this rule, one per distinct name value, because the census keys a class on the normalised message text and the value sits inside it."
dciodvfy,6bbd34f6cbe5,Warning - Value dubious for this VR - (TAG) PN Patient's Name PN [1] = <ProstateX-0144> - Retired Person Name form,Warning,1,PLAUSIBILITY,RETIRED_PN,"not applicable, no requirement is cited by the message",not applicable,,"Named in the rubric as a plausibility heuristic. The message is about the shape of a PN value, a single component with no caret delimiters, which PS3.5 Table 6.2-1 permits for VR PN. No Type and no condition is asserted, and dciodvfy emits it at Warning severity with the word dubious. 1,209 of the 1,224 message classes in this SOP class fall under this rule, one per distinct name value, because the census keys a class on the normalised message text and the value sits inside it."
dciodvfy,6c03e2875e3a,Warning - Value dubious for this VR - (TAG) PN Patient's Name PN [1] = <ProstateX-0116> - Retired Person Name form,Warning,1,PLAUSIBILITY,RETIRED_PN,"not applicable, no requirement is cited by the message",not applicable,,"Named in the rubric as a plausibility heuristic. The message is about the shape of a PN value, a single component with no caret delimiters, which PS3.5 Table 6.2-1 permits for VR PN. No Type and no condition is asserted, and dciodvfy emits it at Warning severity with the word dubious. 1,209 of the 1,224 message classes in this SOP class fall under this rule, one per distinct name value, because the census keys a class on the normalised message text and the value sits inside it."
dciodvfy,6c06dfbbd2dd,Warning - Value dubious for this VR - (TAG) PN Patient's Name PN [1] = <ProstateX-0023> - Retired Person Name form,Warning,1,PLAUSIBILITY,RETIRED_PN,"not applicable, no requirement is cited by the message",not applicable,,"Named in the rubric as a plausibility heuristic. The message is about the shape of a PN value, a single component with no caret delimiters, which PS3.5 Table 6.2-1 permits for VR PN. No Type and no condition is asserted, and dciodvfy emits it at Warning severity with the word dubious. 1,209 of the 1,224 message classes in this SOP class fall under this rule, one per distinct name value, because the census keys a class on the normalised message text and the value sits inside it."
dciodvfy,6c77bda13742,Warning - Value dubious for this VR - (TAG) PN Patient's Name PN [1] = <ProstateX-0284> - Retired Person Name form,Warning,1,PLAUSIBILITY,RETIRED_PN,"not applicable, no requirement is cited by the message",not applicable,,"Named in the rubric as a plausibility heuristic. The message is about the shape of a PN value, a single component with no caret delimiters, which PS3.5 Table 6.2-1 permits for VR PN. No Type and no condition is asserted, and dciodvfy emits it at Warning severity with the word dubious. 1,209 of the 1,224 message classes in this SOP class fall under this rule, one per distinct name value, because the census keys a class on the normalised message text and the value sits inside it."
dciodvfy,6cf36d383a27,Warning - Value dubious for this VR - (TAG) PN Patient's Name PN [1] = <RMS2391> - Retired Person Name form,Warning,1,PLAUSIBILITY,RETIRED_PN,"not applicable, no requirement is cited by the message",not applicable,,"Named in the rubric as a plausibility heuristic. The message is about the shape of a PN value, a single component with no caret delimiters, which PS3.5 Table 6.2-1 permits for VR PN. No Type and no condition is asserted, and dciodvfy emits it at Warning severity with the word dubious. 1,209 of the 1,224 message classes in this SOP class fall under this rule, one per distinct name value, because the census keys a class on the normalised message text and the value sits inside it."
dciodvfy,6dadec110c54,Warning - Value dubious for this VR - (TAG) PN Patient's Name PN [1] = <ProstateX-0183> - Retired Person Name form,Warning,1,PLAUSIBILITY,RETIRED_PN,"not applicable, no requirement is cited by the message",not applicable,,"Named in the rubric as a plausibility heuristic. The message is about the shape of a PN value, a single component with no caret delimiters, which PS3.5 Table 6.2-1 permits for VR PN. No Type and no condition is asserted, and dciodvfy emits it at Warning severity with the word dubious. 1,209 of the 1,224 message classes in this SOP class fall under this rule, one per distinct name value, because the census keys a class on the normalised message text and the value sits inside it."
dciodvfy,6e4177f1fb2e,Warning - Value dubious for this VR - (TAG) PN Patient's Name PN [1] = <RMS2449> - Retired Person Name form,Warning,1,PLAUSIBILITY,RETIRED_PN,"not applicable, no requirement is cited by the message",not applicable,,"Named in the rubric as a plausibility heuristic. The message is about the shape of a PN value, a single component with no caret delimiters, which PS3.5 Table 6.2-1 permits for VR PN. No Type and no condition is asserted, and dciodvfy emits it at Warning severity with the word dubious. 1,209 of the 1,224 message classes in this SOP class fall under this rule, one per distinct name value, because the census keys a class on the normalised message text and the value sits inside it."
dciodvfy,6e866d6d863e,Warning - Value dubious for this VR - (TAG) PN Patient's Name PN [1] = <ProstateX-0128> - Retired Person Name form,Warning,1,PLAUSIBILITY,RETIRED_PN,"not applicable, no requirement is cited by the message",not applicable,,"Named in the rubric as a plausibility heuristic. The message is about the shape of a PN value, a single component with no caret delimiters, which PS3.5 Table 6.2-1 permits for VR PN. No Type and no condition is asserted, and dciodvfy emits it at Warning severity with the word dubious. 1,209 of the 1,224 message classes in this SOP class fall under this rule, one per distinct name value, because the census keys a class on the normalised message text and the value sits inside it."
dciodvfy,6ec241778184,Warning - Value dubious for this VR - (TAG) PN Patient's Name PN [1] = <RMS2392> - Retired Person Name form,Warning,1,PLAUSIBILITY,RETIRED_PN,"not applicable, no requirement is cited by the message",not applicable,,"Named in the rubric as a plausibility heuristic. The message is about the shape of a PN value, a single component with no caret delimiters, which PS3.5 Table 6.2-1 permits for VR PN. No Type and no condition is asserted, and dciodvfy emits it at Warning severity with the word dubious. 1,209 of the 1,224 message classes in this SOP class fall under this rule, one per distinct name value, because the census keys a class on the normalised message text and the value sits inside it."
dciodvfy,6f7642b0a42b,Warning - Value dubious for this VR - (TAG) PN Patient's Name PN [1] = <ProstateX-0292> - Retired Person Name form,Warning,1,PLAUSIBILITY,RETIRED_PN,"not applicable, no requirement is cited by the message",not applicable,,"Named in the rubric as a plausibility heuristic. The message is about the shape of a PN value, a single component with no caret delimiters, which PS3.5 Table 6.2-1 permits for VR PN. No Type and no condition is asserted, and dciodvfy emits it at Warning severity with the word dubious. 1,209 of the 1,224 message classes in this SOP class fall under this rule, one per distinct name value, because the census keys a class on the normalised message text and the value sits inside it."
dciodvfy,70e1467d5600,Warning - Value dubious for this VR - (TAG) PN Patient's Name PN [1] = <ProstateX-0320> - Retired Person Name form,Warning,1,PLAUSIBILITY,RETIRED_PN,"not applicable, no requirement is cited by the message",not applicable,,"Named in the rubric as a plausibility heuristic. The message is about the shape of a PN value, a single component with no caret delimiters, which PS3.5 Table 6.2-1 permits for VR PN. No Type and no condition is asserted, and dciodvfy emits it at Warning severity with the word dubious. 1,209 of the 1,224 message classes in this SOP class fall under this rule, one per distinct name value, because the census keys a class on the normalised message text and the value sits inside it."
dciodvfy,711316997b46,Warning - Value dubious for this VR - (TAG) PN Patient's Name PN [1] = <ProstateX-0218> - Retired Person Name form,Warning,1,PLAUSIBILITY,RETIRED_PN,"not applicable, no requirement is cited by the message",not applicable,,"Named in the rubric as a plausibility heuristic. The message is about the shape of a PN value, a single component with no caret delimiters, which PS3.5 Table 6.2-1 permits for VR PN. No Type and no condition is asserted, and dciodvfy emits it at Warning severity with the word dubious. 1,209 of the 1,224 message classes in this SOP class fall under this rule, one per distinct name value, because the census keys a class on the normalised message text and the value sits inside it."
dciodvfy,7139ea80c3dc,Warning - Value dubious for this VR - (TAG) PN Patient's Name PN [1] = <RMS2422> - Retired Person Name form,Warning,1,PLAUSIBILITY,RETIRED_PN,"not applicable, no requirement is cited by the message",not applicable,,"Named in the rubric as a plausibility heuristic. The message is about the shape of a PN value, a single component with no caret delimiters, which PS3.5 Table 6.2-1 permits for VR PN. No Type and no condition is asserted, and dciodvfy emits it at Warning severity with the word dubious. 1,209 of the 1,224 message classes in this SOP class fall under this rule, one per distinct name value, because the census keys a class on the normalised message text and the value sits inside it."
dciodvfy,714e0f0ee479,Warning - Value dubious for this VR - (TAG) PN Patient's Name PN [1] = <ProstateX-0118> - Retired Person Name form,Warning,1,PLAUSIBILITY,RETIRED_PN,"not applicable, no requirement is cited by the message",not applicable,,"Named in the rubric as a plausibility heuristic. The message is about the shape of a PN value, a single component with no caret delimiters, which PS3.5 Table 6.2-1 permits for VR PN. No Type and no condition is asserted, and dciodvfy emits it at Warning severity with the word dubious. 1,209 of the 1,224 message classes in this SOP class fall under this rule, one per distinct name value, because the census keys a class on the normalised message text and the value sits inside it."
dciodvfy,720c02205ddb,Warning - Value dubious for this VR - (TAG) PN Patient's Name PN [1] = <ProstateX-0200> - Retired Person Name form,Warning,1,PLAUSIBILITY,RETIRED_PN,"not applicable, no requirement is cited by the message",not applicable,,"Named in the rubric as a plausibility heuristic. The message is about the shape of a PN value, a single component with no caret delimiters, which PS3.5 Table 6.2-1 permits for VR PN. No Type and no condition is asserted, and dciodvfy emits it at Warning severity with the word dubious. 1,209 of the 1,224 message classes in this SOP class fall under this rule, one per distinct name value, because the census keys a class on the normalised message text and the value sits inside it."
dciodvfy,722c28e56343,Warning - Value dubious for this VR - (TAG) PN Patient's Name PN [1] = <ProstateX-0283> - Retired Person Name form,Warning,1,PLAUSIBILITY,RETIRED_PN,"not applicable, no requirement is cited by the message",not applicable,,"Named in the rubric as a plausibility heuristic. The message is about the shape of a PN value, a single component with no caret delimiters, which PS3.5 Table 6.2-1 permits for VR PN. No Type and no condition is asserted, and dciodvfy emits it at Warning severity with the word dubious. 1,209 of the 1,224 message classes in this SOP class fall under this rule, one per distinct name value, because the census keys a class on the normalised message text and the value sits inside it."
dciodvfy,72e3aa2d1711,Warning - Value dubious for this VR - (TAG) PN Patient's Name PN [1] = <ProstateX-0034> - Retired Person Name form,Warning,1,PLAUSIBILITY,RETIRED_PN,"not applicable, no requirement is cited by the message",not applicable,,"Named in the rubric as a plausibility heuristic. The message is about the shape of a PN value, a single component with no caret delimiters, which PS3.5 Table 6.2-1 permits for VR PN. No Type and no condition is asserted, and dciodvfy emits it at Warning severity with the word dubious. 1,209 of the 1,224 message classes in this SOP class fall under this rule, one per distinct name value, because the census keys a class on the normalised message text and the value sits inside it."
dciodvfy,72f7b9a30c52,Warning - Value dubious for this VR - (TAG) PN Patient's Name PN [1] = <ProstateX-0028> - Retired Person Name form,Warning,1,PLAUSIBILITY,RETIRED_PN,"not applicable, no requirement is cited by the message",not applicable,,"Named in the rubric as a plausibility heuristic. The message is about the shape of a PN value, a single component with no caret delimiters, which PS3.5 Table 6.2-1 permits for VR PN. No Type and no condition is asserted, and dciodvfy emits it at Warning severity with the word dubious. 1,209 of the 1,224 message classes in this SOP class fall under this rule, one per distinct name value, because the census keys a class on the normalised message text and the value sits inside it."
dciodvfy,73d8ddc9d57b,Warning - Value dubious for this VR - (TAG) PN Patient's Name PN [1] = <ProstateX-0009> - Retired Person Name form,Warning,1,PLAUSIBILITY,RETIRED_PN,"not applicable, no requirement is cited by the message",not applicable,,"Named in the rubric as a plausibility heuristic. The message is about the shape of a PN value, a single component with no caret delimiters, which PS3.5 Table 6.2-1 permits for VR PN. No Type and no condition is asserted, and dciodvfy emits it at Warning severity with the word dubious. 1,209 of the 1,224 message classes in this SOP class fall under this rule, one per distinct name value, because the census keys a class on the normalised message text and the value sits inside it."
dciodvfy,74121f518bea,Warning - Value dubious for this VR - (TAG) PN Patient's Name PN [1] = <ProstateX-0279> - Retired Person Name form,Warning,1,PLAUSIBILITY,RETIRED_PN,"not applicable, no requirement is cited by the message",not applicable,,"Named in the rubric as a plausibility heuristic. The message is about the shape of a PN value, a single component with no caret delimiters, which PS3.5 Table 6.2-1 permits for VR PN. No Type and no condition is asserted, and dciodvfy emits it at Warning severity with the word dubious. 1,209 of the 1,224 message classes in this SOP class fall under this rule, one per distinct name value, because the census keys a class on the normalised message text and the value sits inside it."
dciodvfy,748826e4b6a4,Warning - Value dubious for this VR - (TAG) PN Patient's Name PN [1] = <ProstateX-0011> - Retired Person Name form,Warning,1,PLAUSIBILITY,RETIRED_PN,"not applicable, no requirement is cited by the message",not applicable,,"Named in the rubric as a plausibility heuristic. The message is about the shape of a PN value, a single component with no caret delimiters, which PS3.5 Table 6.2-1 permits for VR PN. No Type and no condition is asserted, and dciodvfy emits it at Warning severity with the word dubious. 1,209 of the 1,224 message classes in this SOP class fall under this rule, one per distinct name value, because the census keys a class on the normalised message text and the value sits inside it."
dciodvfy,74b0a0507c07,Warning - Value dubious for this VR - (TAG) PN Patient's Name PN [1] = <ProstateX-0126> - Retired Person Name form,Warning,1,PLAUSIBILITY,RETIRED_PN,"not applicable, no requirement is cited by the message",not applicable,,"Named in the rubric as a plausibility heuristic. The message is about the shape of a PN value, a single component with no caret delimiters, which PS3.5 Table 6.2-1 permits for VR PN. No Type and no condition is asserted, and dciodvfy emits it at Warning severity with the word dubious. 1,209 of the 1,224 message classes in this SOP class fall under this rule, one per distinct name value, because the census keys a class on the normalised message text and the value sits inside it."
dciodvfy,754178c5ca66,Warning - Value dubious for this VR - (TAG) PN Patient's Name PN [1] = <ProstateX-0081> - Retired Person Name form,Warning,1,PLAUSIBILITY,RETIRED_PN,"not applicable, no requirement is cited by the message",not applicable,,"Named in the rubric as a plausibility heuristic. The message is about the shape of a PN value, a single component with no caret delimiters, which PS3.5 Table 6.2-1 permits for VR PN. No Type and no condition is asserted, and dciodvfy emits it at Warning severity with the word dubious. 1,209 of the 1,224 message classes in this SOP class fall under this rule, one per distinct name value, because the census keys a class on the normalised message text and the value sits inside it."
dciodvfy,754d105d4606,Warning - Value dubious for this VR - (TAG) PN Patient's Name PN [1] = <ProstateX-0036> - Retired Person Name form,Warning,1,PLAUSIBILITY,RETIRED_PN,"not applicable, no requirement is cited by the message",not applicable,,"Named in the rubric as a plausibility heuristic. The message is about the shape of a PN value, a single component with no caret delimiters, which PS3.5 Table 6.2-1 permits for VR PN. No Type and no condition is asserted, and dciodvfy emits it at Warning severity with the word dubious. 1,209 of the 1,224 message classes in this SOP class fall under this rule, one per distinct name value, because the census keys a class on the normalised message text and the value sits inside it."
dciodvfy,755d7e0c270e,Warning - Value dubious for this VR - (TAG) PN Patient's Name PN [1] = <Lung_Dx-A0118> - Retired Person Name form,Warning,1,PLAUSIBILITY,RETIRED_PN,"not applicable, no requirement is cited by the message",not applicable,,"Named in the rubric as a plausibility heuristic. The message is about the shape of a PN value, a single component with no caret delimiters, which PS3.5 Table 6.2-1 permits for VR PN. No Type and no condition is asserted, and dciodvfy emits it at Warning severity with the word dubious. 1,209 of the 1,224 message classes in this SOP class fall under this rule, one per distinct name value, because the census keys a class on the normalised message text and the value sits inside it."
dciodvfy,758e53ed2caf,Warning - Value dubious for this VR - (TAG) PN Patient's Name PN [1] = <RMS2330> - Retired Person Name form,Warning,1,PLAUSIBILITY,RETIRED_PN,"not applicable, no requirement is cited by the message",not applicable,,"Named in the rubric as a plausibility heuristic. The message is about the shape of a PN value, a single component with no caret delimiters, which PS3.5 Table 6.2-1 permits for VR PN. No Type and no condition is asserted, and dciodvfy emits it at Warning severity with the word dubious. 1,209 of the 1,224 message classes in this SOP class fall under this rule, one per distinct name value, because the census keys a class on the normalised message text and the value sits inside it."
dciodvfy,762b81ac8fd4,Warning - Value dubious for this VR - (TAG) PN Patient's Name PN [1] = <ProstateX-0065> - Retired Person Name form,Warning,1,PLAUSIBILITY,RETIRED_PN,"not applicable, no requirement is cited by the message",not applicable,,"Named in the rubric as a plausibility heuristic. The message is about the shape of a PN value, a single component with no caret delimiters, which PS3.5 Table 6.2-1 permits for VR PN. No Type and no condition is asserted, and dciodvfy emits it at Warning severity with the word dubious. 1,209 of the 1,224 message classes in this SOP class fall under this rule, one per distinct name value, because the census keys a class on the normalised message text and the value sits inside it."
dciodvfy,778fdd0daa06,Warning - Value dubious for this VR - (TAG) PN Patient's Name PN [1] = <ProstateX-0291> - Retired Person Name form,Warning,1,PLAUSIBILITY,RETIRED_PN,"not applicable, no requirement is cited by the message",not applicable,,"Named in the rubric as a plausibility heuristic. The message is about the shape of a PN value, a single component with no caret delimiters, which PS3.5 Table 6.2-1 permits for VR PN. No Type and no condition is asserted, and dciodvfy emits it at Warning severity with the word dubious. 1,209 of the 1,224 message classes in this SOP class fall under this rule, one per distinct name value, because the census keys a class on the normalised message text and the value sits inside it."
dciodvfy,78951df5633f,Warning - Value dubious for this VR - (TAG) PN Patient's Name PN [1] = <ProstateX-0273> - Retired Person Name form,Warning,1,PLAUSIBILITY,RETIRED_PN,"not applicable, no requirement is cited by the message",not applicable,,"Named in the rubric as a plausibility heuristic. The message is about the shape of a PN value, a single component with no caret delimiters, which PS3.5 Table 6.2-1 permits for VR PN. No Type and no condition is asserted, and dciodvfy emits it at Warning severity with the word dubious. 1,209 of the 1,224 message classes in this SOP class fall under this rule, one per distinct name value, because the census keys a class on the normalised message text and the value sits inside it."
dciodvfy,78cc394298aa,Warning - Value dubious for this VR - (TAG) PN Patient's Name PN [1] = <RMS2402> - Retired Person Name form,Warning,1,PLAUSIBILITY,RETIRED_PN,"not applicable, no requirement is cited by the message",not applicable,,"Named in the rubric as a plausibility heuristic. The message is about the shape of a PN value, a single component with no caret delimiters, which PS3.5 Table 6.2-1 permits for VR PN. No Type and no condition is asserted, and dciodvfy emits it at Warning severity with the word dubious. 1,209 of the 1,224 message classes in this SOP class fall under this rule, one per distinct name value, because the census keys a class on the normalised message text and the value sits inside it."
dciodvfy,7a01511d0ba7,Warning - Value dubious for this VR - (TAG) PN Patient's Name PN [1] = <ProstateX-0234> - Retired Person Name form,Warning,1,PLAUSIBILITY,RETIRED_PN,"not applicable, no requirement is cited by the message",not applicable,,"Named in the rubric as a plausibility heuristic. The message is about the shape of a PN value, a single component with no caret delimiters, which PS3.5 Table 6.2-1 permits for VR PN. No Type and no condition is asserted, and dciodvfy emits it at Warning severity with the word dubious. 1,209 of the 1,224 message classes in this SOP class fall under this rule, one per distinct name value, because the census keys a class on the normalised message text and the value sits inside it."
dciodvfy,7aa9411cc95f,Warning - Value dubious for this VR - (TAG) PN Patient's Name PN [1] = <ProstateX-0274> - Retired Person Name form,Warning,1,PLAUSIBILITY,RETIRED_PN,"not applicable, no requirement is cited by the message",not applicable,,"Named in the rubric as a plausibility heuristic. The message is about the shape of a PN value, a single component with no caret delimiters, which PS3.5 Table 6.2-1 permits for VR PN. No Type and no condition is asserted, and dciodvfy emits it at Warning severity with the word dubious. 1,209 of the 1,224 message classes in this SOP class fall under this rule, one per distinct name value, because the census keys a class on the normalised message text and the value sits inside it."
dciodvfy,7acdfff73257,Warning - Value dubious for this VR - (TAG) PN Patient's Name PN [1] = <ProstateX-0333> - Retired Person Name form,Warning,1,PLAUSIBILITY,RETIRED_PN,"not applicable, no requirement is cited by the message",not applicable,,"Named in the rubric as a plausibility heuristic. The message is about the shape of a PN value, a single component with no caret delimiters, which PS3.5 Table 6.2-1 permits for VR PN. No Type and no condition is asserted, and dciodvfy emits it at Warning severity with the word dubious. 1,209 of the 1,224 message classes in this SOP class fall under this rule, one per distinct name value, because the census keys a class on the normalised message text and the value sits inside it."
dciodvfy,7b79c0e20b7d,Warning - Value dubious for this VR - (TAG) PN Patient's Name PN [1] = <ProstateX-0266> - Retired Person Name form,Warning,1,PLAUSIBILITY,RETIRED_PN,"not applicable, no requirement is cited by the message",not applicable,,"Named in the rubric as a plausibility heuristic. The message is about the shape of a PN value, a single component with no caret delimiters, which PS3.5 Table 6.2-1 permits for VR PN. No Type and no condition is asserted, and dciodvfy emits it at Warning severity with the word dubious. 1,209 of the 1,224 message classes in this SOP class fall under this rule, one per distinct name value, because the census keys a class on the normalised message text and the value sits inside it."
dciodvfy,7c4b063ce760,Warning - Value dubious for this VR - (TAG) PN Patient's Name PN [1] = <ProstateX-0324> - Retired Person Name form,Warning,1,PLAUSIBILITY,RETIRED_PN,"not applicable, no requirement is cited by the message",not applicable,,"Named in the rubric as a plausibility heuristic. The message is about the shape of a PN value, a single component with no caret delimiters, which PS3.5 Table 6.2-1 permits for VR PN. No Type and no condition is asserted, and dciodvfy emits it at Warning severity with the word dubious. 1,209 of the 1,224 message classes in this SOP class fall under this rule, one per distinct name value, because the census keys a class on the normalised message text and the value sits inside it."
dciodvfy,7c54d870bc2e,Warning - Value dubious for this VR - (TAG) PN Patient's Name PN [1] = <ProstateX-0170> - Retired Person Name form,Warning,1,PLAUSIBILITY,RETIRED_PN,"not applicable, no requirement is cited by the message",not applicable,,"Named in the rubric as a plausibility heuristic. The message is about the shape of a PN value, a single component with no caret delimiters, which PS3.5 Table 6.2-1 permits for VR PN. No Type and no condition is asserted, and dciodvfy emits it at Warning severity with the word dubious. 1,209 of the 1,224 message classes in this SOP class fall under this rule, one per distinct name value, because the census keys a class on the normalised message text and the value sits inside it."
dciodvfy,7d8a537e0079,Warning - Value dubious for this VR - (TAG) PN Patient's Name PN [1] = <ProstateX-0294> - Retired Person Name form,Warning,1,PLAUSIBILITY,RETIRED_PN,"not applicable, no requirement is cited by the message",not applicable,,"Named in the rubric as a plausibility heuristic. The message is about the shape of a PN value, a single component with no caret delimiters, which PS3.5 Table 6.2-1 permits for VR PN. No Type and no condition is asserted, and dciodvfy emits it at Warning severity with the word dubious. 1,209 of the 1,224 message classes in this SOP class fall under this rule, one per distinct name value, because the census keys a class on the normalised message text and the value sits inside it."
dciodvfy,7d959598f8ab,Warning - Value dubious for this VR - (TAG) PN Patient's Name PN [1] = <ProstateX-0230> - Retired Person Name form,Warning,1,PLAUSIBILITY,RETIRED_PN,"not applicable, no requirement is cited by the message",not applicable,,"Named in the rubric as a plausibility heuristic. The message is about the shape of a PN value, a single component with no caret delimiters, which PS3.5 Table 6.2-1 permits for VR PN. No Type and no condition is asserted, and dciodvfy emits it at Warning severity with the word dubious. 1,209 of the 1,224 message classes in this SOP class fall under this rule, one per distinct name value, because the census keys a class on the normalised message text and the value sits inside it."
dciodvfy,7e3564a055f5,Warning - Value dubious for this VR - (TAG) PN Patient's Name PN [1] = <ProstateX-0006> - Retired Person Name form,Warning,1,PLAUSIBILITY,RETIRED_PN,"not applicable, no requirement is cited by the message",not applicable,,"Named in the rubric as a plausibility heuristic. The message is about the shape of a PN value, a single component with no caret delimiters, which PS3.5 Table 6.2-1 permits for VR PN. No Type and no condition is asserted, and dciodvfy emits it at Warning severity with the word dubious. 1,209 of the 1,224 message classes in this SOP class fall under this rule, one per distinct name value, because the census keys a class on the normalised message text and the value sits inside it."
dciodvfy,7e558d1103a5,Warning - Value dubious for this VR - (TAG) PN Patient's Name PN [1] = <ProstateX-0196> - Retired Person Name form,Warning,1,PLAUSIBILITY,RETIRED_PN,"not applicable, no requirement is cited by the message",not applicable,,"Named in the rubric as a plausibility heuristic. The message is about the shape of a PN value, a single component with no caret delimiters, which PS3.5 Table 6.2-1 permits for VR PN. No Type and no condition is asserted, and dciodvfy emits it at Warning severity with the word dubious. 1,209 of the 1,224 message classes in this SOP class fall under this rule, one per distinct name value, because the census keys a class on the normalised message text and the value sits inside it."
dciodvfy,7fa17cdcc391,Warning - Value dubious for this VR - (TAG) PN Patient's Name PN [1] = <ProstateX-0057> - Retired Person Name form,Warning,1,PLAUSIBILITY,RETIRED_PN,"not applicable, no requirement is cited by the message",not applicable,,"Named in the rubric as a plausibility heuristic. The message is about the shape of a PN value, a single component with no caret delimiters, which PS3.5 Table 6.2-1 permits for VR PN. No Type and no condition is asserted, and dciodvfy emits it at Warning severity with the word dubious. 1,209 of the 1,224 message classes in this SOP class fall under this rule, one per distinct name value, because the census keys a class on the normalised message text and the value sits inside it."
dciodvfy,800b4a7416b1,Warning - Value dubious for this VR - (TAG) PN Patient's Name PN [1] = <ProstateX-0165> - Retired Person Name form,Warning,1,PLAUSIBILITY,RETIRED_PN,"not applicable, no requirement is cited by the message",not applicable,,"Named in the rubric as a plausibility heuristic. The message is about the shape of a PN value, a single component with no caret delimiters, which PS3.5 Table 6.2-1 permits for VR PN. No Type and no condition is asserted, and dciodvfy emits it at Warning severity with the word dubious. 1,209 of the 1,224 message classes in this SOP class fall under this rule, one per distinct name value, because the census keys a class on the normalised message text and the value sits inside it."
dciodvfy,80daf940d4ef,Warning - Value dubious for this VR - (TAG) PN Patient's Name PN [1] = <ProstateX-0285> - Retired Person Name form,Warning,1,PLAUSIBILITY,RETIRED_PN,"not applicable, no requirement is cited by the message",not applicable,,"Named in the rubric as a plausibility heuristic. The message is about the shape of a PN value, a single component with no caret delimiters, which PS3.5 Table 6.2-1 permits for VR PN. No Type and no condition is asserted, and dciodvfy emits it at Warning severity with the word dubious. 1,209 of the 1,224 message classes in this SOP class fall under this rule, one per distinct name value, because the census keys a class on the normalised message text and the value sits inside it."
dciodvfy,81d90b6fa0d5,Warning - Value dubious for this VR - (TAG) PN Patient's Name PN [1] = <ProstateX-0255> - Retired Person Name form,Warning,1,PLAUSIBILITY,RETIRED_PN,"not applicable, no requirement is cited by the message",not applicable,,"Named in the rubric as a plausibility heuristic. The message is about the shape of a PN value, a single component with no caret delimiters, which PS3.5 Table 6.2-1 permits for VR PN. No Type and no condition is asserted, and dciodvfy emits it at Warning severity with the word dubious. 1,209 of the 1,224 message classes in this SOP class fall under this rule, one per distinct name value, because the census keys a class on the normalised message text and the value sits inside it."
dciodvfy,81dd14f03401,Warning - Value dubious for this VR - (TAG) PN Patient's Name PN [1] = <ProstateX-0211> - Retired Person Name form,Warning,1,PLAUSIBILITY,RETIRED_PN,"not applicable, no requirement is cited by the message",not applicable,,"Named in the rubric as a plausibility heuristic. The message is about the shape of a PN value, a single component with no caret delimiters, which PS3.5 Table 6.2-1 permits for VR PN. No Type and no condition is asserted, and dciodvfy emits it at Warning severity with the word dubious. 1,209 of the 1,224 message classes in this SOP class fall under this rule, one per distinct name value, because the census keys a class on the normalised message text and the value sits inside it."
dciodvfy,82e5085aae63,Warning - Value dubious for this VR - (TAG) PN Patient's Name PN [1] = <RMS2269> - Retired Person Name form,Warning,1,PLAUSIBILITY,RETIRED_PN,"not applicable, no requirement is cited by the message",not applicable,,"Named in the rubric as a plausibility heuristic. The message is about the shape of a PN value, a single component with no caret delimiters, which PS3.5 Table 6.2-1 permits for VR PN. No Type and no condition is asserted, and dciodvfy emits it at Warning severity with the word dubious. 1,209 of the 1,224 message classes in this SOP class fall under this rule, one per distinct name value, because the census keys a class on the normalised message text and the value sits inside it."
dciodvfy,83415c55b46a,Warning - Value dubious for this VR - (TAG) PN Patient's Name PN [1] = <RMS2327> - Retired Person Name form,Warning,1,PLAUSIBILITY,RETIRED_PN,"not applicable, no requirement is cited by the message",not applicable,,"Named in the rubric as a plausibility heuristic. The message is about the shape of a PN value, a single component with no caret delimiters, which PS3.5 Table 6.2-1 permits for VR PN. No Type and no condition is asserted, and dciodvfy emits it at Warning severity with the word dubious. 1,209 of the 1,224 message classes in this SOP class fall under this rule, one per distinct name value, because the census keys a class on the normalised message text and the value sits inside it."
dciodvfy,836d75bb5ee2,Warning - Value dubious for this VR - (TAG) PN Patient's Name PN [1] = <ProstateX-0264> - Retired Person Name form,Warning,1,PLAUSIBILITY,RETIRED_PN,"not applicable, no requirement is cited by the message",not applicable,,"Named in the rubric as a plausibility heuristic. The message is about the shape of a PN value, a single component with no caret delimiters, which PS3.5 Table 6.2-1 permits for VR PN. No Type and no condition is asserted, and dciodvfy emits it at Warning severity with the word dubious. 1,209 of the 1,224 message classes in this SOP class fall under this rule, one per distinct name value, because the census keys a class on the normalised message text and the value sits inside it."
dciodvfy,83f3a9bc32c8,Warning - Value dubious for this VR - (TAG) PN Patient's Name PN [1] = <ProstateX-0112> - Retired Person Name form,Warning,1,PLAUSIBILITY,RETIRED_PN,"not applicable, no requirement is cited by the message",not applicable,,"Named in the rubric as a plausibility heuristic. The message is about the shape of a PN value, a single component with no caret delimiters, which PS3.5 Table 6.2-1 permits for VR PN. No Type and no condition is asserted, and dciodvfy emits it at Warning severity with the word dubious. 1,209 of the 1,224 message classes in this SOP class fall under this rule, one per distinct name value, because the census keys a class on the normalised message text and the value sits inside it."
dciodvfy,841072d52ba2,Warning - Value dubious for this VR - (TAG) PN Patient's Name PN [1] = <ProstateX-0113> - Retired Person Name form,Warning,1,PLAUSIBILITY,RETIRED_PN,"not applicable, no requirement is cited by the message",not applicable,,"Named in the rubric as a plausibility heuristic. The message is about the shape of a PN value, a single component with no caret delimiters, which PS3.5 Table 6.2-1 permits for VR PN. No Type and no condition is asserted, and dciodvfy emits it at Warning severity with the word dubious. 1,209 of the 1,224 message classes in this SOP class fall under this rule, one per distinct name value, because the census keys a class on the normalised message text and the value sits inside it."
dciodvfy,8469865a5f43,Warning - Value dubious for this VR - (TAG) PN Patient's Name PN [1] = <ProstateX-0190> - Retired Person Name form,Warning,1,PLAUSIBILITY,RETIRED_PN,"not applicable, no requirement is cited by the message",not applicable,,"Named in the rubric as a plausibility heuristic. The message is about the shape of a PN value, a single component with no caret delimiters, which PS3.5 Table 6.2-1 permits for VR PN. No Type and no condition is asserted, and dciodvfy emits it at Warning severity with the word dubious. 1,209 of the 1,224 message classes in this SOP class fall under this rule, one per distinct name value, because the census keys a class on the normalised message text and the value sits inside it."
dciodvfy,8531aa45098d,Warning - Value dubious for this VR - (TAG) PN Patient's Name PN [1] = <Lung_Dx-A0030> - Retired Person Name form,Warning,1,PLAUSIBILITY,RETIRED_PN,"not applicable, no requirement is cited by the message",not applicable,,"Named in the rubric as a plausibility heuristic. The message is about the shape of a PN value, a single component with no caret delimiters, which PS3.5 Table 6.2-1 permits for VR PN. No Type and no condition is asserted, and dciodvfy emits it at Warning severity with the word dubious. 1,209 of the 1,224 message classes in this SOP class fall under this rule, one per distinct name value, because the census keys a class on the normalised message text and the value sits inside it."
dciodvfy,87c45b0104eb,Warning - Value dubious for this VR - (TAG) PN Patient's Name PN [1] = <RMS2466> - Retired Person Name form,Warning,1,PLAUSIBILITY,RETIRED_PN,"not applicable, no requirement is cited by the message",not applicable,,"Named in the rubric as a plausibility heuristic. The message is about the shape of a PN value, a single component with no caret delimiters, which PS3.5 Table 6.2-1 permits for VR PN. No Type and no condition is asserted, and dciodvfy emits it at Warning severity with the word dubious. 1,209 of the 1,224 message classes in this SOP class fall under this rule, one per distinct name value, because the census keys a class on the normalised message text and the value sits inside it."
dciodvfy,889a40b79c81,Warning - Value dubious for this VR - (TAG) PN Patient's Name PN [1] = <ProstateX-0201> - Retired Person Name form,Warning,1,PLAUSIBILITY,RETIRED_PN,"not applicable, no requirement is cited by the message",not applicable,,"Named in the rubric as a plausibility heuristic. The message is about the shape of a PN value, a single component with no caret delimiters, which PS3.5 Table 6.2-1 permits for VR PN. No Type and no condition is asserted, and dciodvfy emits it at Warning severity with the word dubious. 1,209 of the 1,224 message classes in this SOP class fall under this rule, one per distinct name value, because the census keys a class on the normalised message text and the value sits inside it."
dciodvfy,88ccd8d2df66,Warning - Value dubious for this VR - (TAG) PN Patient's Name PN [1] = <ProstateX-0254> - Retired Person Name form,Warning,1,PLAUSIBILITY,RETIRED_PN,"not applicable, no requirement is cited by the message",not applicable,,"Named in the rubric as a plausibility heuristic. The message is about the shape of a PN value, a single component with no caret delimiters, which PS3.5 Table 6.2-1 permits for VR PN. No Type and no condition is asserted, and dciodvfy emits it at Warning severity with the word dubious. 1,209 of the 1,224 message classes in this SOP class fall under this rule, one per distinct name value, because the census keys a class on the normalised message text and the value sits inside it."
dciodvfy,88d90c5e6eed,Warning - Value dubious for this VR - (TAG) PN Patient's Name PN [1] = <ProstateX-0300> - Retired Person Name form,Warning,1,PLAUSIBILITY,RETIRED_PN,"not applicable, no requirement is cited by the message",not applicable,,"Named in the rubric as a plausibility heuristic. The message is about the shape of a PN value, a single component with no caret delimiters, which PS3.5 Table 6.2-1 permits for VR PN. No Type and no condition is asserted, and dciodvfy emits it at Warning severity with the word dubious. 1,209 of the 1,224 message classes in this SOP class fall under this rule, one per distinct name value, because the census keys a class on the normalised message text and the value sits inside it."
dciodvfy,896f16ea22a8,Warning - Value dubious for this VR - (TAG) PN Patient's Name PN [1] = <ProstateX-0259> - Retired Person Name form,Warning,1,PLAUSIBILITY,RETIRED_PN,"not applicable, no requirement is cited by the message",not applicable,,"Named in the rubric as a plausibility heuristic. The message is about the shape of a PN value, a single component with no caret delimiters, which PS3.5 Table 6.2-1 permits for VR PN. No Type and no condition is asserted, and dciodvfy emits it at Warning severity with the word dubious. 1,209 of the 1,224 message classes in this SOP class fall under this rule, one per distinct name value, because the census keys a class on the normalised message text and the value sits inside it."
dciodvfy,89dee3ff5fd8,Warning - Value dubious for this VR - (TAG) PN Patient's Name PN [1] = <RMS2267> - Retired Person Name form,Warning,1,PLAUSIBILITY,RETIRED_PN,"not applicable, no requirement is cited by the message",not applicable,,"Named in the rubric as a plausibility heuristic. The message is about the shape of a PN value, a single component with no caret delimiters, which PS3.5 Table 6.2-1 permits for VR PN. No Type and no condition is asserted, and dciodvfy emits it at Warning severity with the word dubious. 1,209 of the 1,224 message classes in this SOP class fall under this rule, one per distinct name value, because the census keys a class on the normalised message text and the value sits inside it."
dciodvfy,89e0cb17df2e,Warning - Value dubious for this VR - (TAG) PN Patient's Name PN [1] = <ProstateX-0059> - Retired Person Name form,Warning,1,PLAUSIBILITY,RETIRED_PN,"not applicable, no requirement is cited by the message",not applicable,,"Named in the rubric as a plausibility heuristic. The message is about the shape of a PN value, a single component with no caret delimiters, which PS3.5 Table 6.2-1 permits for VR PN. No Type and no condition is asserted, and dciodvfy emits it at Warning severity with the word dubious. 1,209 of the 1,224 message classes in this SOP class fall under this rule, one per distinct name value, because the census keys a class on the normalised message text and the value sits inside it."
dciodvfy,89f40219347d,Warning - Value dubious for this VR - (TAG) PN Patient's Name PN [1] = <ProstateX-0245> - Retired Person Name form,Warning,1,PLAUSIBILITY,RETIRED_PN,"not applicable, no requirement is cited by the message",not applicable,,"Named in the rubric as a plausibility heuristic. The message is about the shape of a PN value, a single component with no caret delimiters, which PS3.5 Table 6.2-1 permits for VR PN. No Type and no condition is asserted, and dciodvfy emits it at Warning severity with the word dubious. 1,209 of the 1,224 message classes in this SOP class fall under this rule, one per distinct name value, because the census keys a class on the normalised message text and the value sits inside it."
dciodvfy,8a0083e54a42,Warning - Value dubious for this VR - (TAG) PN Patient's Name PN [1] = <ProstateX-0229> - Retired Person Name form,Warning,1,PLAUSIBILITY,RETIRED_PN,"not applicable, no requirement is cited by the message",not applicable,,"Named in the rubric as a plausibility heuristic. The message is about the shape of a PN value, a single component with no caret delimiters, which PS3.5 Table 6.2-1 permits for VR PN. No Type and no condition is asserted, and dciodvfy emits it at Warning severity with the word dubious. 1,209 of the 1,224 message classes in this SOP class fall under this rule, one per distinct name value, because the census keys a class on the normalised message text and the value sits inside it."
dciodvfy,8b044aaeca6d,Warning - Value dubious for this VR - (TAG) PN Patient's Name PN [1] = <ProstateX-0135> - Retired Person Name form,Warning,1,PLAUSIBILITY,RETIRED_PN,"not applicable, no requirement is cited by the message",not applicable,,"Named in the rubric as a plausibility heuristic. The message is about the shape of a PN value, a single component with no caret delimiters, which PS3.5 Table 6.2-1 permits for VR PN. No Type and no condition is asserted, and dciodvfy emits it at Warning severity with the word dubious. 1,209 of the 1,224 message classes in this SOP class fall under this rule, one per distinct name value, because the census keys a class on the normalised message text and the value sits inside it."
dciodvfy,8b04e385d525,Warning - Value dubious for this VR - (TAG) PN Patient's Name PN [1] = <ProstateX-0043> - Retired Person Name form,Warning,1,PLAUSIBILITY,RETIRED_PN,"not applicable, no requirement is cited by the message",not applicable,,"Named in the rubric as a plausibility heuristic. The message is about the shape of a PN value, a single component with no caret delimiters, which PS3.5 Table 6.2-1 permits for VR PN. No Type and no condition is asserted, and dciodvfy emits it at Warning severity with the word dubious. 1,209 of the 1,224 message classes in this SOP class fall under this rule, one per distinct name value, because the census keys a class on the normalised message text and the value sits inside it."
dciodvfy,8b44e7046897,Warning - Value dubious for this VR - (TAG) PN Patient's Name PN [1] = <ProstateX-0169> - Retired Person Name form,Warning,1,PLAUSIBILITY,RETIRED_PN,"not applicable, no requirement is cited by the message",not applicable,,"Named in the rubric as a plausibility heuristic. The message is about the shape of a PN value, a single component with no caret delimiters, which PS3.5 Table 6.2-1 permits for VR PN. No Type and no condition is asserted, and dciodvfy emits it at Warning severity with the word dubious. 1,209 of the 1,224 message classes in this SOP class fall under this rule, one per distinct name value, because the census keys a class on the normalised message text and the value sits inside it."
dciodvfy,8b56845caeea,Warning - Value dubious for this VR - (TAG) PN Patient's Name PN [1] = <RMS2405> - Retired Person Name form,Warning,1,PLAUSIBILITY,RETIRED_PN,"not applicable, no requirement is cited by the message",not applicable,,"Named in the rubric as a plausibility heuristic. The message is about the shape of a PN value, a single component with no caret delimiters, which PS3.5 Table 6.2-1 permits for VR PN. No Type and no condition is asserted, and dciodvfy emits it at Warning severity with the word dubious. 1,209 of the 1,224 message classes in this SOP class fall under this rule, one per distinct name value, because the census keys a class on the normalised message text and the value sits inside it."
dciodvfy,8b585928e4a2,Warning - Value dubious for this VR - (TAG) PN Patient's Name PN [1] = <ProstateX-0335> - Retired Person Name form,Warning,1,PLAUSIBILITY,RETIRED_PN,"not applicable, no requirement is cited by the message",not applicable,,"Named in the rubric as a plausibility heuristic. The message is about the shape of a PN value, a single component with no caret delimiters, which PS3.5 Table 6.2-1 permits for VR PN. No Type and no condition is asserted, and dciodvfy emits it at Warning severity with the word dubious. 1,209 of the 1,224 message classes in this SOP class fall under this rule, one per distinct name value, because the census keys a class on the normalised message text and the value sits inside it."
dciodvfy,8bc18a761a37,Warning - Value dubious for this VR - (TAG) PN Patient's Name PN [1] = <RMS2403> - Retired Person Name form,Warning,1,PLAUSIBILITY,RETIRED_PN,"not applicable, no requirement is cited by the message",not applicable,,"Named in the rubric as a plausibility heuristic. The message is about the shape of a PN value, a single component with no caret delimiters, which PS3.5 Table 6.2-1 permits for VR PN. No Type and no condition is asserted, and dciodvfy emits it at Warning severity with the word dubious. 1,209 of the 1,224 message classes in this SOP class fall under this rule, one per distinct name value, because the census keys a class on the normalised message text and the value sits inside it."
dciodvfy,8cd3c6e689a4,Warning - Value dubious for this VR - (TAG) PN Patient's Name PN [1] = <ProstateX-0058> - Retired Person Name form,Warning,1,PLAUSIBILITY,RETIRED_PN,"not applicable, no requirement is cited by the message",not applicable,,"Named in the rubric as a plausibility heuristic. The message is about the shape of a PN value, a single component with no caret delimiters, which PS3.5 Table 6.2-1 permits for VR PN. No Type and no condition is asserted, and dciodvfy emits it at Warning severity with the word dubious. 1,209 of the 1,224 message classes in this SOP class fall under this rule, one per distinct name value, because the census keys a class on the normalised message text and the value sits inside it."
dciodvfy,8d4419bdb413,Warning - Value dubious for this VR - (TAG) PN Patient's Name PN [1] = <ProstateX-0141> - Retired Person Name form,Warning,1,PLAUSIBILITY,RETIRED_PN,"not applicable, no requirement is cited by the message",not applicable,,"Named in the rubric as a plausibility heuristic. The message is about the shape of a PN value, a single component with no caret delimiters, which PS3.5 Table 6.2-1 permits for VR PN. No Type and no condition is asserted, and dciodvfy emits it at Warning severity with the word dubious. 1,209 of the 1,224 message classes in this SOP class fall under this rule, one per distinct name value, because the census keys a class on the normalised message text and the value sits inside it."
dciodvfy,8d84188558e5,Warning - Value dubious for this VR - (TAG) PN Patient's Name PN [1] = <ProstateX-0041> - Retired Person Name form,Warning,1,PLAUSIBILITY,RETIRED_PN,"not applicable, no requirement is cited by the message",not applicable,,"Named in the rubric as a plausibility heuristic. The message is about the shape of a PN value, a single component with no caret delimiters, which PS3.5 Table 6.2-1 permits for VR PN. No Type and no condition is asserted, and dciodvfy emits it at Warning severity with the word dubious. 1,209 of the 1,224 message classes in this SOP class fall under this rule, one per distinct name value, because the census keys a class on the normalised message text and the value sits inside it."
dciodvfy,8f21bf2cd948,Warning - Value dubious for this VR - (TAG) PN Patient's Name PN [1] = <RMS2150> - Retired Person Name form,Warning,1,PLAUSIBILITY,RETIRED_PN,"not applicable, no requirement is cited by the message",not applicable,,"Named in the rubric as a plausibility heuristic. The message is about the shape of a PN value, a single component with no caret delimiters, which PS3.5 Table 6.2-1 permits for VR PN. No Type and no condition is asserted, and dciodvfy emits it at Warning severity with the word dubious. 1,209 of the 1,224 message classes in this SOP class fall under this rule, one per distinct name value, because the census keys a class on the normalised message text and the value sits inside it."
dciodvfy,8fd671fd495c,Warning - Value dubious for this VR - (TAG) PN Patient's Name PN [1] = <RMS2452> - Retired Person Name form,Warning,1,PLAUSIBILITY,RETIRED_PN,"not applicable, no requirement is cited by the message",not applicable,,"Named in the rubric as a plausibility heuristic. The message is about the shape of a PN value, a single component with no caret delimiters, which PS3.5 Table 6.2-1 permits for VR PN. No Type and no condition is asserted, and dciodvfy emits it at Warning severity with the word dubious. 1,209 of the 1,224 message classes in this SOP class fall under this rule, one per distinct name value, because the census keys a class on the normalised message text and the value sits inside it."
dciodvfy,903eb908e45e,Warning - Value dubious for this VR - (TAG) PN Patient's Name PN [1] = <RMS2401> - Retired Person Name form,Warning,1,PLAUSIBILITY,RETIRED_PN,"not applicable, no requirement is cited by the message",not applicable,,"Named in the rubric as a plausibility heuristic. The message is about the shape of a PN value, a single component with no caret delimiters, which PS3.5 Table 6.2-1 permits for VR PN. No Type and no condition is asserted, and dciodvfy emits it at Warning severity with the word dubious. 1,209 of the 1,224 message classes in this SOP class fall under this rule, one per distinct name value, because the census keys a class on the normalised message text and the value sits inside it."
dciodvfy,90b48ffb0882,Warning - Value dubious for this VR - (TAG) PN Patient's Name PN [1] = <RMS2413> - Retired Person Name form,Warning,1,PLAUSIBILITY,RETIRED_PN,"not applicable, no requirement is cited by the message",not applicable,,"Named in the rubric as a plausibility heuristic. The message is about the shape of a PN value, a single component with no caret delimiters, which PS3.5 Table 6.2-1 permits for VR PN. No Type and no condition is asserted, and dciodvfy emits it at Warning severity with the word dubious. 1,209 of the 1,224 message classes in this SOP class fall under this rule, one per distinct name value, because the census keys a class on the normalised message text and the value sits inside it."
dciodvfy,90bbdc5b4311,Warning - Value dubious for this VR - (TAG) PN Patient's Name PN [1] = <ProstateX-0104> - Retired Person Name form,Warning,1,PLAUSIBILITY,RETIRED_PN,"not applicable, no requirement is cited by the message",not applicable,,"Named in the rubric as a plausibility heuristic. The message is about the shape of a PN value, a single component with no caret delimiters, which PS3.5 Table 6.2-1 permits for VR PN. No Type and no condition is asserted, and dciodvfy emits it at Warning severity with the word dubious. 1,209 of the 1,224 message classes in this SOP class fall under this rule, one per distinct name value, because the census keys a class on the normalised message text and the value sits inside it."
dciodvfy,90c9e47e0ade,Warning - Value dubious for this VR - (TAG) PN Patient's Name PN [1] = <RMS2387> - Retired Person Name form,Warning,1,PLAUSIBILITY,RETIRED_PN,"not applicable, no requirement is cited by the message",not applicable,,"Named in the rubric as a plausibility heuristic. The message is about the shape of a PN value, a single component with no caret delimiters, which PS3.5 Table 6.2-1 permits for VR PN. No Type and no condition is asserted, and dciodvfy emits it at Warning severity with the word dubious. 1,209 of the 1,224 message classes in this SOP class fall under this rule, one per distinct name value, because the census keys a class on the normalised message text and the value sits inside it."
dciodvfy,90d79c4a2e0c,Warning - Value dubious for this VR - (TAG) PN Patient's Name PN [1] = <ProstateX-0336> - Retired Person Name form,Warning,1,PLAUSIBILITY,RETIRED_PN,"not applicable, no requirement is cited by the message",not applicable,,"Named in the rubric as a plausibility heuristic. The message is about the shape of a PN value, a single component with no caret delimiters, which PS3.5 Table 6.2-1 permits for VR PN. No Type and no condition is asserted, and dciodvfy emits it at Warning severity with the word dubious. 1,209 of the 1,224 message classes in this SOP class fall under this rule, one per distinct name value, because the census keys a class on the normalised message text and the value sits inside it."
dciodvfy,929984821b2e,Warning - Value dubious for this VR - (TAG) PN Patient's Name PN [1] = <ProstateX-0071> - Retired Person Name form,Warning,1,PLAUSIBILITY,RETIRED_PN,"not applicable, no requirement is cited by the message",not applicable,,"Named in the rubric as a plausibility heuristic. The message is about the shape of a PN value, a single component with no caret delimiters, which PS3.5 Table 6.2-1 permits for VR PN. No Type and no condition is asserted, and dciodvfy emits it at Warning severity with the word dubious. 1,209 of the 1,224 message classes in this SOP class fall under this rule, one per distinct name value, because the census keys a class on the normalised message text and the value sits inside it."
dciodvfy,92ae34203189,Warning - Value dubious for this VR - (TAG) PN Patient's Name PN [1] = <RMS2464> - Retired Person Name form,Warning,1,PLAUSIBILITY,RETIRED_PN,"not applicable, no requirement is cited by the message",not applicable,,"Named in the rubric as a plausibility heuristic. The message is about the shape of a PN value, a single component with no caret delimiters, which PS3.5 Table 6.2-1 permits for VR PN. No Type and no condition is asserted, and dciodvfy emits it at Warning severity with the word dubious. 1,209 of the 1,224 message classes in this SOP class fall under this rule, one per distinct name value, because the census keys a class on the normalised message text and the value sits inside it."
dciodvfy,92cc3b01e3de,Warning - Value dubious for this VR - (TAG) PN Patient's Name PN [1] = <ProstateX-0342> - Retired Person Name form,Warning,1,PLAUSIBILITY,RETIRED_PN,"not applicable, no requirement is cited by the message",not applicable,,"Named in the rubric as a plausibility heuristic. The message is about the shape of a PN value, a single component with no caret delimiters, which PS3.5 Table 6.2-1 permits for VR PN. No Type and no condition is asserted, and dciodvfy emits it at Warning severity with the word dubious. 1,209 of the 1,224 message classes in this SOP class fall under this rule, one per distinct name value, because the census keys a class on the normalised message text and the value sits inside it."
dciodvfy,92cf138cf96c,Warning - Value dubious for this VR - (TAG) PN Patient's Name PN [1] = <ProstateX-0088> - Retired Person Name form,Warning,1,PLAUSIBILITY,RETIRED_PN,"not applicable, no requirement is cited by the message",not applicable,,"Named in the rubric as a plausibility heuristic. The message is about the shape of a PN value, a single component with no caret delimiters, which PS3.5 Table 6.2-1 permits for VR PN. No Type and no condition is asserted, and dciodvfy emits it at Warning severity with the word dubious. 1,209 of the 1,224 message classes in this SOP class fall under this rule, one per distinct name value, because the census keys a class on the normalised message text and the value sits inside it."
dciodvfy,92cf3fa59c7a,Warning - Value dubious for this VR - (TAG) PN Patient's Name PN [1] = <ProstateX-0025> - Retired Person Name form,Warning,1,PLAUSIBILITY,RETIRED_PN,"not applicable, no requirement is cited by the message",not applicable,,"Named in the rubric as a plausibility heuristic. The message is about the shape of a PN value, a single component with no caret delimiters, which PS3.5 Table 6.2-1 permits for VR PN. No Type and no condition is asserted, and dciodvfy emits it at Warning severity with the word dubious. 1,209 of the 1,224 message classes in this SOP class fall under this rule, one per distinct name value, because the census keys a class on the normalised message text and the value sits inside it."
dciodvfy,92d21210ceba,Warning - Value dubious for this VR - (TAG) PN Patient's Name PN [1] = <ProstateX-0148> - Retired Person Name form,Warning,1,PLAUSIBILITY,RETIRED_PN,"not applicable, no requirement is cited by the message",not applicable,,"Named in the rubric as a plausibility heuristic. The message is about the shape of a PN value, a single component with no caret delimiters, which PS3.5 Table 6.2-1 permits for VR PN. No Type and no condition is asserted, and dciodvfy emits it at Warning severity with the word dubious. 1,209 of the 1,224 message classes in this SOP class fall under this rule, one per distinct name value, because the census keys a class on the normalised message text and the value sits inside it."
dciodvfy,93babb51ed14,Warning - Value dubious for this VR - (TAG) PN Patient's Name PN [1] = <RMS2465> - Retired Person Name form,Warning,1,PLAUSIBILITY,RETIRED_PN,"not applicable, no requirement is cited by the message",not applicable,,"Named in the rubric as a plausibility heuristic. The message is about the shape of a PN value, a single component with no caret delimiters, which PS3.5 Table 6.2-1 permits for VR PN. No Type and no condition is asserted, and dciodvfy emits it at Warning severity with the word dubious. 1,209 of the 1,224 message classes in this SOP class fall under this rule, one per distinct name value, because the census keys a class on the normalised message text and the value sits inside it."
dciodvfy,93f4fdfd684c,Warning - Value dubious for this VR - (TAG) PN Patient's Name PN [1] = <RMS2395> - Retired Person Name form,Warning,1,PLAUSIBILITY,RETIRED_PN,"not applicable, no requirement is cited by the message",not applicable,,"Named in the rubric as a plausibility heuristic. The message is about the shape of a PN value, a single component with no caret delimiters, which PS3.5 Table 6.2-1 permits for VR PN. No Type and no condition is asserted, and dciodvfy emits it at Warning severity with the word dubious. 1,209 of the 1,224 message classes in this SOP class fall under this rule, one per distinct name value, because the census keys a class on the normalised message text and the value sits inside it."
dciodvfy,9541935f2349,Warning - Value dubious for this VR - (TAG) PN Patient's Name PN [1] = <ProstateX-0151> - Retired Person Name form,Warning,1,PLAUSIBILITY,RETIRED_PN,"not applicable, no requirement is cited by the message",not applicable,,"Named in the rubric as a plausibility heuristic. The message is about the shape of a PN value, a single component with no caret delimiters, which PS3.5 Table 6.2-1 permits for VR PN. No Type and no condition is asserted, and dciodvfy emits it at Warning severity with the word dubious. 1,209 of the 1,224 message classes in this SOP class fall under this rule, one per distinct name value, because the census keys a class on the normalised message text and the value sits inside it."
dciodvfy,97518b701695,Warning - Value dubious for this VR - (TAG) PN Patient's Name PN [1] = <ProstateX-0101> - Retired Person Name form,Warning,1,PLAUSIBILITY,RETIRED_PN,"not applicable, no requirement is cited by the message",not applicable,,"Named in the rubric as a plausibility heuristic. The message is about the shape of a PN value, a single component with no caret delimiters, which PS3.5 Table 6.2-1 permits for VR PN. No Type and no condition is asserted, and dciodvfy emits it at Warning severity with the word dubious. 1,209 of the 1,224 message classes in this SOP class fall under this rule, one per distinct name value, because the census keys a class on the normalised message text and the value sits inside it."
dciodvfy,98018fa79a8f,Warning - Value dubious for this VR - (TAG) PN Patient's Name PN [1] = <ProstateX-0227> - Retired Person Name form,Warning,1,PLAUSIBILITY,RETIRED_PN,"not applicable, no requirement is cited by the message",not applicable,,"Named in the rubric as a plausibility heuristic. The message is about the shape of a PN value, a single component with no caret delimiters, which PS3.5 Table 6.2-1 permits for VR PN. No Type and no condition is asserted, and dciodvfy emits it at Warning severity with the word dubious. 1,209 of the 1,224 message classes in this SOP class fall under this rule, one per distinct name value, because the census keys a class on the normalised message text and the value sits inside it."
dciodvfy,9868af888a78,Warning - Value dubious for this VR - (TAG) PN Patient's Name PN [1] = <ProstateX-0014> - Retired Person Name form,Warning,1,PLAUSIBILITY,RETIRED_PN,"not applicable, no requirement is cited by the message",not applicable,,"Named in the rubric as a plausibility heuristic. The message is about the shape of a PN value, a single component with no caret delimiters, which PS3.5 Table 6.2-1 permits for VR PN. No Type and no condition is asserted, and dciodvfy emits it at Warning severity with the word dubious. 1,209 of the 1,224 message classes in this SOP class fall under this rule, one per distinct name value, because the census keys a class on the normalised message text and the value sits inside it."
dciodvfy,986ed65b61b3,Warning - Value dubious for this VR - (TAG) PN Patient's Name PN [1] = <RMS2337> - Retired Person Name form,Warning,1,PLAUSIBILITY,RETIRED_PN,"not applicable, no requirement is cited by the message",not applicable,,"Named in the rubric as a plausibility heuristic. The message is about the shape of a PN value, a single component with no caret delimiters, which PS3.5 Table 6.2-1 permits for VR PN. No Type and no condition is asserted, and dciodvfy emits it at Warning severity with the word dubious. 1,209 of the 1,224 message classes in this SOP class fall under this rule, one per distinct name value, because the census keys a class on the normalised message text and the value sits inside it."
dciodvfy,98c0c761e385,Warning - Value dubious for this VR - (TAG) PN Patient's Name PN [1] = <ProstateX-0004> - Retired Person Name form,Warning,1,PLAUSIBILITY,RETIRED_PN,"not applicable, no requirement is cited by the message",not applicable,,"Named in the rubric as a plausibility heuristic. The message is about the shape of a PN value, a single component with no caret delimiters, which PS3.5 Table 6.2-1 permits for VR PN. No Type and no condition is asserted, and dciodvfy emits it at Warning severity with the word dubious. 1,209 of the 1,224 message classes in this SOP class fall under this rule, one per distinct name value, because the census keys a class on the normalised message text and the value sits inside it."
dciodvfy,999972d1ba11,Warning - Value dubious for this VR - (TAG) PN Patient's Name PN [1] = <ProstateX-0309> - Retired Person Name form,Warning,1,PLAUSIBILITY,RETIRED_PN,"not applicable, no requirement is cited by the message",not applicable,,"Named in the rubric as a plausibility heuristic. The message is about the shape of a PN value, a single component with no caret delimiters, which PS3.5 Table 6.2-1 permits for VR PN. No Type and no condition is asserted, and dciodvfy emits it at Warning severity with the word dubious. 1,209 of the 1,224 message classes in this SOP class fall under this rule, one per distinct name value, because the census keys a class on the normalised message text and the value sits inside it."
dciodvfy,99e2cac767b1,Warning - Value dubious for this VR - (TAG) PN Patient's Name PN [1] = <ProstateX-0219> - Retired Person Name form,Warning,1,PLAUSIBILITY,RETIRED_PN,"not applicable, no requirement is cited by the message",not applicable,,"Named in the rubric as a plausibility heuristic. The message is about the shape of a PN value, a single component with no caret delimiters, which PS3.5 Table 6.2-1 permits for VR PN. No Type and no condition is asserted, and dciodvfy emits it at Warning severity with the word dubious. 1,209 of the 1,224 message classes in this SOP class fall under this rule, one per distinct name value, because the census keys a class on the normalised message text and the value sits inside it."
dciodvfy,9bb428e07654,Warning - Value dubious for this VR - (TAG) PN Patient's Name PN [1] = <ProstateX-0326> - Retired Person Name form,Warning,1,PLAUSIBILITY,RETIRED_PN,"not applicable, no requirement is cited by the message",not applicable,,"Named in the rubric as a plausibility heuristic. The message is about the shape of a PN value, a single component with no caret delimiters, which PS3.5 Table 6.2-1 permits for VR PN. No Type and no condition is asserted, and dciodvfy emits it at Warning severity with the word dubious. 1,209 of the 1,224 message classes in this SOP class fall under this rule, one per distinct name value, because the census keys a class on the normalised message text and the value sits inside it."
dciodvfy,9bedbae068a1,Warning - Value dubious for this VR - (TAG) PN Patient's Name PN [1] = <ProstateX-0295> - Retired Person Name form,Warning,1,PLAUSIBILITY,RETIRED_PN,"not applicable, no requirement is cited by the message",not applicable,,"Named in the rubric as a plausibility heuristic. The message is about the shape of a PN value, a single component with no caret delimiters, which PS3.5 Table 6.2-1 permits for VR PN. No Type and no condition is asserted, and dciodvfy emits it at Warning severity with the word dubious. 1,209 of the 1,224 message classes in this SOP class fall under this rule, one per distinct name value, because the census keys a class on the normalised message text and the value sits inside it."
dciodvfy,9c4c3ae3d30f,Warning - Value dubious for this VR - (TAG) PN Patient's Name PN [1] = <ProstateX-0072> - Retired Person Name form,Warning,1,PLAUSIBILITY,RETIRED_PN,"not applicable, no requirement is cited by the message",not applicable,,"Named in the rubric as a plausibility heuristic. The message is about the shape of a PN value, a single component with no caret delimiters, which PS3.5 Table 6.2-1 permits for VR PN. No Type and no condition is asserted, and dciodvfy emits it at Warning severity with the word dubious. 1,209 of the 1,224 message classes in this SOP class fall under this rule, one per distinct name value, because the census keys a class on the normalised message text and the value sits inside it."
dciodvfy,9d49c8ad1a01,Warning - Value dubious for this VR - (TAG) PN Patient's Name PN [1] = <ProstateX-0225> - Retired Person Name form,Warning,1,PLAUSIBILITY,RETIRED_PN,"not applicable, no requirement is cited by the message",not applicable,,"Named in the rubric as a plausibility heuristic. The message is about the shape of a PN value, a single component with no caret delimiters, which PS3.5 Table 6.2-1 permits for VR PN. No Type and no condition is asserted, and dciodvfy emits it at Warning severity with the word dubious. 1,209 of the 1,224 message classes in this SOP class fall under this rule, one per distinct name value, because the census keys a class on the normalised message text and the value sits inside it."
dciodvfy,9eaf0bbc2dbc,Warning - Value dubious for this VR - (TAG) PN Patient's Name PN [1] = <ProstateX-0310> - Retired Person Name form,Warning,1,PLAUSIBILITY,RETIRED_PN,"not applicable, no requirement is cited by the message",not applicable,,"Named in the rubric as a plausibility heuristic. The message is about the shape of a PN value, a single component with no caret delimiters, which PS3.5 Table 6.2-1 permits for VR PN. No Type and no condition is asserted, and dciodvfy emits it at Warning severity with the word dubious. 1,209 of the 1,224 message classes in this SOP class fall under this rule, one per distinct name value, because the census keys a class on the normalised message text and the value sits inside it."
dciodvfy,9f8d1a317d7c,Warning - Value dubious for this VR - (TAG) PN Patient's Name PN [1] = <ProstateX-0111> - Retired Person Name form,Warning,1,PLAUSIBILITY,RETIRED_PN,"not applicable, no requirement is cited by the message",not applicable,,"Named in the rubric as a plausibility heuristic. The message is about the shape of a PN value, a single component with no caret delimiters, which PS3.5 Table 6.2-1 permits for VR PN. No Type and no condition is asserted, and dciodvfy emits it at Warning severity with the word dubious. 1,209 of the 1,224 message classes in this SOP class fall under this rule, one per distinct name value, because the census keys a class on the normalised message text and the value sits inside it."
dciodvfy,9fd211ccf9fc,Warning - Value dubious for this VR - (TAG) PN Patient's Name PN [1] = <ProstateX-0185> - Retired Person Name form,Warning,1,PLAUSIBILITY,RETIRED_PN,"not applicable, no requirement is cited by the message",not applicable,,"Named in the rubric as a plausibility heuristic. The message is about the shape of a PN value, a single component with no caret delimiters, which PS3.5 Table 6.2-1 permits for VR PN. No Type and no condition is asserted, and dciodvfy emits it at Warning severity with the word dubious. 1,209 of the 1,224 message classes in this SOP class fall under this rule, one per distinct name value, because the census keys a class on the normalised message text and the value sits inside it."
dciodvfy,9ff9535a79ef,Warning - Value dubious for this VR - (TAG) PN Patient's Name PN [1] = <ProstateX-0209> - Retired Person Name form,Warning,1,PLAUSIBILITY,RETIRED_PN,"not applicable, no requirement is cited by the message",not applicable,,"Named in the rubric as a plausibility heuristic. The message is about the shape of a PN value, a single component with no caret delimiters, which PS3.5 Table 6.2-1 permits for VR PN. No Type and no condition is asserted, and dciodvfy emits it at Warning severity with the word dubious. 1,209 of the 1,224 message classes in this SOP class fall under this rule, one per distinct name value, because the census keys a class on the normalised message text and the value sits inside it."
dciodvfy,a1636a16e70a,Warning - Value dubious for this VR - (TAG) PN Patient's Name PN [1] = <RMS2212> - Retired Person Name form,Warning,1,PLAUSIBILITY,RETIRED_PN,"not applicable, no requirement is cited by the message",not applicable,,"Named in the rubric as a plausibility heuristic. The message is about the shape of a PN value, a single component with no caret delimiters, which PS3.5 Table 6.2-1 permits for VR PN. No Type and no condition is asserted, and dciodvfy emits it at Warning severity with the word dubious. 1,209 of the 1,224 message classes in this SOP class fall under this rule, one per distinct name value, because the census keys a class on the normalised message text and the value sits inside it."
dciodvfy,a230cd07425e,Warning - Value dubious for this VR - (TAG) PN Patient's Name PN [1] = <ProstateX-0099> - Retired Person Name form,Warning,1,PLAUSIBILITY,RETIRED_PN,"not applicable, no requirement is cited by the message",not applicable,,"Named in the rubric as a plausibility heuristic. The message is about the shape of a PN value, a single component with no caret delimiters, which PS3.5 Table 6.2-1 permits for VR PN. No Type and no condition is asserted, and dciodvfy emits it at Warning severity with the word dubious. 1,209 of the 1,224 message classes in this SOP class fall under this rule, one per distinct name value, because the census keys a class on the normalised message text and the value sits inside it."
dciodvfy,a339b8666863,Warning - Value dubious for this VR - (TAG) PN Patient's Name PN [1] = <ProstateX-0106> - Retired Person Name form,Warning,1,PLAUSIBILITY,RETIRED_PN,"not applicable, no requirement is cited by the message",not applicable,,"Named in the rubric as a plausibility heuristic. The message is about the shape of a PN value, a single component with no caret delimiters, which PS3.5 Table 6.2-1 permits for VR PN. No Type and no condition is asserted, and dciodvfy emits it at Warning severity with the word dubious. 1,209 of the 1,224 message classes in this SOP class fall under this rule, one per distinct name value, because the census keys a class on the normalised message text and the value sits inside it."
dciodvfy,a3f0bb17710e,Warning - Value dubious for this VR - (TAG) PN Patient's Name PN [1] = <ProstateX-0317> - Retired Person Name form,Warning,1,PLAUSIBILITY,RETIRED_PN,"not applicable, no requirement is cited by the message",not applicable,,"Named in the rubric as a plausibility heuristic. The message is about the shape of a PN value, a single component with no caret delimiters, which PS3.5 Table 6.2-1 permits for VR PN. No Type and no condition is asserted, and dciodvfy emits it at Warning severity with the word dubious. 1,209 of the 1,224 message classes in this SOP class fall under this rule, one per distinct name value, because the census keys a class on the normalised message text and the value sits inside it."
dciodvfy,a565fb41c27d,Warning - Value dubious for this VR - (TAG) PN Patient's Name PN [1] = <ProstateX-0051> - Retired Person Name form,Warning,1,PLAUSIBILITY,RETIRED_PN,"not applicable, no requirement is cited by the message",not applicable,,"Named in the rubric as a plausibility heuristic. The message is about the shape of a PN value, a single component with no caret delimiters, which PS3.5 Table 6.2-1 permits for VR PN. No Type and no condition is asserted, and dciodvfy emits it at Warning severity with the word dubious. 1,209 of the 1,224 message classes in this SOP class fall under this rule, one per distinct name value, because the census keys a class on the normalised message text and the value sits inside it."
dciodvfy,a56af4dd146b,Warning - Value dubious for this VR - (TAG) PN Patient's Name PN [1] = <ProstateX-0070> - Retired Person Name form,Warning,1,PLAUSIBILITY,RETIRED_PN,"not applicable, no requirement is cited by the message",not applicable,,"Named in the rubric as a plausibility heuristic. The message is about the shape of a PN value, a single component with no caret delimiters, which PS3.5 Table 6.2-1 permits for VR PN. No Type and no condition is asserted, and dciodvfy emits it at Warning severity with the word dubious. 1,209 of the 1,224 message classes in this SOP class fall under this rule, one per distinct name value, because the census keys a class on the normalised message text and the value sits inside it."
dciodvfy,a5dd2b3c3840,Warning - Value dubious for this VR - (TAG) PN Patient's Name PN [1] = <ProstateX-0085> - Retired Person Name form,Warning,1,PLAUSIBILITY,RETIRED_PN,"not applicable, no requirement is cited by the message",not applicable,,"Named in the rubric as a plausibility heuristic. The message is about the shape of a PN value, a single component with no caret delimiters, which PS3.5 Table 6.2-1 permits for VR PN. No Type and no condition is asserted, and dciodvfy emits it at Warning severity with the word dubious. 1,209 of the 1,224 message classes in this SOP class fall under this rule, one per distinct name value, because the census keys a class on the normalised message text and the value sits inside it."
dciodvfy,a5ebe5eb2bf6,Warning - Value dubious for this VR - (TAG) PN Patient's Name PN [1] = <ProstateX-0210> - Retired Person Name form,Warning,1,PLAUSIBILITY,RETIRED_PN,"not applicable, no requirement is cited by the message",not applicable,,"Named in the rubric as a plausibility heuristic. The message is about the shape of a PN value, a single component with no caret delimiters, which PS3.5 Table 6.2-1 permits for VR PN. No Type and no condition is asserted, and dciodvfy emits it at Warning severity with the word dubious. 1,209 of the 1,224 message classes in this SOP class fall under this rule, one per distinct name value, because the census keys a class on the normalised message text and the value sits inside it."
dciodvfy,a629145b6e39,Warning - Value dubious for this VR - (TAG) PN Patient's Name PN [1] = <RMS2202> - Retired Person Name form,Warning,1,PLAUSIBILITY,RETIRED_PN,"not applicable, no requirement is cited by the message",not applicable,,"Named in the rubric as a plausibility heuristic. The message is about the shape of a PN value, a single component with no caret delimiters, which PS3.5 Table 6.2-1 permits for VR PN. No Type and no condition is asserted, and dciodvfy emits it at Warning severity with the word dubious. 1,209 of the 1,224 message classes in this SOP class fall under this rule, one per distinct name value, because the census keys a class on the normalised message text and the value sits inside it."
dciodvfy,a64aec04cd7c,Warning - Value dubious for this VR - (TAG) PN Patient's Name PN [1] = <ProstateX-0298> - Retired Person Name form,Warning,1,PLAUSIBILITY,RETIRED_PN,"not applicable, no requirement is cited by the message",not applicable,,"Named in the rubric as a plausibility heuristic. The message is about the shape of a PN value, a single component with no caret delimiters, which PS3.5 Table 6.2-1 permits for VR PN. No Type and no condition is asserted, and dciodvfy emits it at Warning severity with the word dubious. 1,209 of the 1,224 message classes in this SOP class fall under this rule, one per distinct name value, because the census keys a class on the normalised message text and the value sits inside it."
dciodvfy,a6d89f37bdb8,Warning - Value dubious for this VR - (TAG) PN Patient's Name PN [1] = <ProstateX-0134> - Retired Person Name form,Warning,1,PLAUSIBILITY,RETIRED_PN,"not applicable, no requirement is cited by the message",not applicable,,"Named in the rubric as a plausibility heuristic. The message is about the shape of a PN value, a single component with no caret delimiters, which PS3.5 Table 6.2-1 permits for VR PN. No Type and no condition is asserted, and dciodvfy emits it at Warning severity with the word dubious. 1,209 of the 1,224 message classes in this SOP class fall under this rule, one per distinct name value, because the census keys a class on the normalised message text and the value sits inside it."
dciodvfy,a70799833ec2,Warning - Value dubious for this VR - (TAG) PN Patient's Name PN [1] = <RMS2329> - Retired Person Name form,Warning,1,PLAUSIBILITY,RETIRED_PN,"not applicable, no requirement is cited by the message",not applicable,,"Named in the rubric as a plausibility heuristic. The message is about the shape of a PN value, a single component with no caret delimiters, which PS3.5 Table 6.2-1 permits for VR PN. No Type and no condition is asserted, and dciodvfy emits it at Warning severity with the word dubious. 1,209 of the 1,224 message classes in this SOP class fall under this rule, one per distinct name value, because the census keys a class on the normalised message text and the value sits inside it."
dciodvfy,a86cde7d179d,Warning - Value dubious for this VR - (TAG) PN Patient's Name PN [1] = <RMS2396> - Retired Person Name form,Warning,1,PLAUSIBILITY,RETIRED_PN,"not applicable, no requirement is cited by the message",not applicable,,"Named in the rubric as a plausibility heuristic. The message is about the shape of a PN value, a single component with no caret delimiters, which PS3.5 Table 6.2-1 permits for VR PN. No Type and no condition is asserted, and dciodvfy emits it at Warning severity with the word dubious. 1,209 of the 1,224 message classes in this SOP class fall under this rule, one per distinct name value, because the census keys a class on the normalised message text and the value sits inside it."
dciodvfy,a86f247372d0,Warning - Value dubious for this VR - (TAG) PN Patient's Name PN [1] = <ProstateX-0096> - Retired Person Name form,Warning,1,PLAUSIBILITY,RETIRED_PN,"not applicable, no requirement is cited by the message",not applicable,,"Named in the rubric as a plausibility heuristic. The message is about the shape of a PN value, a single component with no caret delimiters, which PS3.5 Table 6.2-1 permits for VR PN. No Type and no condition is asserted, and dciodvfy emits it at Warning severity with the word dubious. 1,209 of the 1,224 message classes in this SOP class fall under this rule, one per distinct name value, because the census keys a class on the normalised message text and the value sits inside it."
dciodvfy,a8c95d4491b7,Warning - Value dubious for this VR - (TAG) PN Patient's Name PN [1] = <ProstateX-0038> - Retired Person Name form,Warning,1,PLAUSIBILITY,RETIRED_PN,"not applicable, no requirement is cited by the message",not applicable,,"Named in the rubric as a plausibility heuristic. The message is about the shape of a PN value, a single component with no caret delimiters, which PS3.5 Table 6.2-1 permits for VR PN. No Type and no condition is asserted, and dciodvfy emits it at Warning severity with the word dubious. 1,209 of the 1,224 message classes in this SOP class fall under this rule, one per distinct name value, because the census keys a class on the normalised message text and the value sits inside it."
dciodvfy,a927c4fcb8aa,Warning - Value dubious for this VR - (TAG) PN Patient's Name PN [1] = <ProstateX-0064> - Retired Person Name form,Warning,1,PLAUSIBILITY,RETIRED_PN,"not applicable, no requirement is cited by the message",not applicable,,"Named in the rubric as a plausibility heuristic. The message is about the shape of a PN value, a single component with no caret delimiters, which PS3.5 Table 6.2-1 permits for VR PN. No Type and no condition is asserted, and dciodvfy emits it at Warning severity with the word dubious. 1,209 of the 1,224 message classes in this SOP class fall under this rule, one per distinct name value, because the census keys a class on the normalised message text and the value sits inside it."
dciodvfy,a99ba2c2637c,Warning - Value dubious for this VR - (TAG) PN Patient's Name PN [1] = <RMS2394> - Retired Person Name form,Warning,1,PLAUSIBILITY,RETIRED_PN,"not applicable, no requirement is cited by the message",not applicable,,"Named in the rubric as a plausibility heuristic. The message is about the shape of a PN value, a single component with no caret delimiters, which PS3.5 Table 6.2-1 permits for VR PN. No Type and no condition is asserted, and dciodvfy emits it at Warning severity with the word dubious. 1,209 of the 1,224 message classes in this SOP class fall under this rule, one per distinct name value, because the census keys a class on the normalised message text and the value sits inside it."
dciodvfy,a9b5d39a9d84,Warning - Value dubious for this VR - (TAG) PN Patient's Name PN [1] = <ProstateX-0130> - Retired Person Name form,Warning,1,PLAUSIBILITY,RETIRED_PN,"not applicable, no requirement is cited by the message",not applicable,,"Named in the rubric as a plausibility heuristic. The message is about the shape of a PN value, a single component with no caret delimiters, which PS3.5 Table 6.2-1 permits for VR PN. No Type and no condition is asserted, and dciodvfy emits it at Warning severity with the word dubious. 1,209 of the 1,224 message classes in this SOP class fall under this rule, one per distinct name value, because the census keys a class on the normalised message text and the value sits inside it."
dciodvfy,aaaf164e9328,Warning - Value dubious for this VR - (TAG) PN Patient's Name PN [1] = <ProstateX-0069> - Retired Person Name form,Warning,1,PLAUSIBILITY,RETIRED_PN,"not applicable, no requirement is cited by the message",not applicable,,"Named in the rubric as a plausibility heuristic. The message is about the shape of a PN value, a single component with no caret delimiters, which PS3.5 Table 6.2-1 permits for VR PN. No Type and no condition is asserted, and dciodvfy emits it at Warning severity with the word dubious. 1,209 of the 1,224 message classes in this SOP class fall under this rule, one per distinct name value, because the census keys a class on the normalised message text and the value sits inside it."
dciodvfy,ab58701db41e,Warning - Value dubious for this VR - (TAG) PN Patient's Name PN [1] = <ProstateX-0146> - Retired Person Name form,Warning,1,PLAUSIBILITY,RETIRED_PN,"not applicable, no requirement is cited by the message",not applicable,,"Named in the rubric as a plausibility heuristic. The message is about the shape of a PN value, a single component with no caret delimiters, which PS3.5 Table 6.2-1 permits for VR PN. No Type and no condition is asserted, and dciodvfy emits it at Warning severity with the word dubious. 1,209 of the 1,224 message classes in this SOP class fall under this rule, one per distinct name value, because the census keys a class on the normalised message text and the value sits inside it."
dciodvfy,abcf1d4edbe8,Warning - Value dubious for this VR - (TAG) PN Patient's Name PN [1] = <ProstateX-0269> - Retired Person Name form,Warning,1,PLAUSIBILITY,RETIRED_PN,"not applicable, no requirement is cited by the message",not applicable,,"Named in the rubric as a plausibility heuristic. The message is about the shape of a PN value, a single component with no caret delimiters, which PS3.5 Table 6.2-1 permits for VR PN. No Type and no condition is asserted, and dciodvfy emits it at Warning severity with the word dubious. 1,209 of the 1,224 message classes in this SOP class fall under this rule, one per distinct name value, because the census keys a class on the normalised message text and the value sits inside it."
dciodvfy,ac0697b2ff40,Warning - Value dubious for this VR - (TAG) PN Patient's Name PN [1] = <ProstateX-0068> - Retired Person Name form,Warning,1,PLAUSIBILITY,RETIRED_PN,"not applicable, no requirement is cited by the message",not applicable,,"Named in the rubric as a plausibility heuristic. The message is about the shape of a PN value, a single component with no caret delimiters, which PS3.5 Table 6.2-1 permits for VR PN. No Type and no condition is asserted, and dciodvfy emits it at Warning severity with the word dubious. 1,209 of the 1,224 message classes in this SOP class fall under this rule, one per distinct name value, because the census keys a class on the normalised message text and the value sits inside it."
dciodvfy,acd51d5e688e,Warning - Value dubious for this VR - (TAG) PN Patient's Name PN [1] = <ProstateX-0019> - Retired Person Name form,Warning,1,PLAUSIBILITY,RETIRED_PN,"not applicable, no requirement is cited by the message",not applicable,,"Named in the rubric as a plausibility heuristic. The message is about the shape of a PN value, a single component with no caret delimiters, which PS3.5 Table 6.2-1 permits for VR PN. No Type and no condition is asserted, and dciodvfy emits it at Warning severity with the word dubious. 1,209 of the 1,224 message classes in this SOP class fall under this rule, one per distinct name value, because the census keys a class on the normalised message text and the value sits inside it."
dciodvfy,ad47ded492dc,Warning - Value dubious for this VR - (TAG) PN Patient's Name PN [1] = <ProstateX-0161> - Retired Person Name form,Warning,1,PLAUSIBILITY,RETIRED_PN,"not applicable, no requirement is cited by the message",not applicable,,"Named in the rubric as a plausibility heuristic. The message is about the shape of a PN value, a single component with no caret delimiters, which PS3.5 Table 6.2-1 permits for VR PN. No Type and no condition is asserted, and dciodvfy emits it at Warning severity with the word dubious. 1,209 of the 1,224 message classes in this SOP class fall under this rule, one per distinct name value, because the census keys a class on the normalised message text and the value sits inside it."
dciodvfy,ad89df9b4cb7,Warning - Value dubious for this VR - (TAG) PN Patient's Name PN [1] = <ProstateX-0164> - Retired Person Name form,Warning,1,PLAUSIBILITY,RETIRED_PN,"not applicable, no requirement is cited by the message",not applicable,,"Named in the rubric as a plausibility heuristic. The message is about the shape of a PN value, a single component with no caret delimiters, which PS3.5 Table 6.2-1 permits for VR PN. No Type and no condition is asserted, and dciodvfy emits it at Warning severity with the word dubious. 1,209 of the 1,224 message classes in this SOP class fall under this rule, one per distinct name value, because the census keys a class on the normalised message text and the value sits inside it."
dciodvfy,ae4f8f5348d8,Warning - Value dubious for this VR - (TAG) PN Patient's Name PN [1] = <ProstateX-0061> - Retired Person Name form,Warning,1,PLAUSIBILITY,RETIRED_PN,"not applicable, no requirement is cited by the message",not applicable,,"Named in the rubric as a plausibility heuristic. The message is about the shape of a PN value, a single component with no caret delimiters, which PS3.5 Table 6.2-1 permits for VR PN. No Type and no condition is asserted, and dciodvfy emits it at Warning severity with the word dubious. 1,209 of the 1,224 message classes in this SOP class fall under this rule, one per distinct name value, because the census keys a class on the normalised message text and the value sits inside it."
dciodvfy,af30309fa38f,Warning - Value dubious for this VR - (TAG) PN Patient's Name PN [1] = <RMS2340> - Retired Person Name form,Warning,1,PLAUSIBILITY,RETIRED_PN,"not applicable, no requirement is cited by the message",not applicable,,"Named in the rubric as a plausibility heuristic. The message is about the shape of a PN value, a single component with no caret delimiters, which PS3.5 Table 6.2-1 permits for VR PN. No Type and no condition is asserted, and dciodvfy emits it at Warning severity with the word dubious. 1,209 of the 1,224 message classes in this SOP class fall under this rule, one per distinct name value, because the census keys a class on the normalised message text and the value sits inside it."
dciodvfy,b0ebf5a5e726,Warning - Value dubious for this VR - (TAG) PN Patient's Name PN [1] = <ProstateX-0048> - Retired Person Name form,Warning,1,PLAUSIBILITY,RETIRED_PN,"not applicable, no requirement is cited by the message",not applicable,,"Named in the rubric as a plausibility heuristic. The message is about the shape of a PN value, a single component with no caret delimiters, which PS3.5 Table 6.2-1 permits for VR PN. No Type and no condition is asserted, and dciodvfy emits it at Warning severity with the word dubious. 1,209 of the 1,224 message classes in this SOP class fall under this rule, one per distinct name value, because the census keys a class on the normalised message text and the value sits inside it."
dciodvfy,b26a51b7690b,Warning - Value dubious for this VR - (TAG) PN Patient's Name PN [1] = <RMS2411> - Retired Person Name form,Warning,1,PLAUSIBILITY,RETIRED_PN,"not applicable, no requirement is cited by the message",not applicable,,"Named in the rubric as a plausibility heuristic. The message is about the shape of a PN value, a single component with no caret delimiters, which PS3.5 Table 6.2-1 permits for VR PN. No Type and no condition is asserted, and dciodvfy emits it at Warning severity with the word dubious. 1,209 of the 1,224 message classes in this SOP class fall under this rule, one per distinct name value, because the census keys a class on the normalised message text and the value sits inside it."
dciodvfy,b2e7b02c8786,Warning - Value dubious for this VR - (TAG) PN Patient's Name PN [1] = <RMS2338> - Retired Person Name form,Warning,1,PLAUSIBILITY,RETIRED_PN,"not applicable, no requirement is cited by the message",not applicable,,"Named in the rubric as a plausibility heuristic. The message is about the shape of a PN value, a single component with no caret delimiters, which PS3.5 Table 6.2-1 permits for VR PN. No Type and no condition is asserted, and dciodvfy emits it at Warning severity with the word dubious. 1,209 of the 1,224 message classes in this SOP class fall under this rule, one per distinct name value, because the census keys a class on the normalised message text and the value sits inside it."
dciodvfy,b348172060dc,Warning - Value dubious for this VR - (TAG) PN Patient's Name PN [1] = <ProstateX-0282> - Retired Person Name form,Warning,1,PLAUSIBILITY,RETIRED_PN,"not applicable, no requirement is cited by the message",not applicable,,"Named in the rubric as a plausibility heuristic. The message is about the shape of a PN value, a single component with no caret delimiters, which PS3.5 Table 6.2-1 permits for VR PN. No Type and no condition is asserted, and dciodvfy emits it at Warning severity with the word dubious. 1,209 of the 1,224 message classes in this SOP class fall under this rule, one per distinct name value, because the census keys a class on the normalised message text and the value sits inside it."
dciodvfy,b45b1e886c41,Warning - Value dubious for this VR - (TAG) PN Patient's Name PN [1] = <ProstateX-0214> - Retired Person Name form,Warning,1,PLAUSIBILITY,RETIRED_PN,"not applicable, no requirement is cited by the message",not applicable,,"Named in the rubric as a plausibility heuristic. The message is about the shape of a PN value, a single component with no caret delimiters, which PS3.5 Table 6.2-1 permits for VR PN. No Type and no condition is asserted, and dciodvfy emits it at Warning severity with the word dubious. 1,209 of the 1,224 message classes in this SOP class fall under this rule, one per distinct name value, because the census keys a class on the normalised message text and the value sits inside it."
dciodvfy,b47eb3646547,Warning - Value dubious for this VR - (TAG) PN Patient's Name PN [1] = <ProstateX-0012> - Retired Person Name form,Warning,1,PLAUSIBILITY,RETIRED_PN,"not applicable, no requirement is cited by the message",not applicable,,"Named in the rubric as a plausibility heuristic. The message is about the shape of a PN value, a single component with no caret delimiters, which PS3.5 Table 6.2-1 permits for VR PN. No Type and no condition is asserted, and dciodvfy emits it at Warning severity with the word dubious. 1,209 of the 1,224 message classes in this SOP class fall under this rule, one per distinct name value, because the census keys a class on the normalised message text and the value sits inside it."
dciodvfy,b543c1348bc3,Warning - Value dubious for this VR - (TAG) PN Patient's Name PN [1] = <ProstateX-0027> - Retired Person Name form,Warning,1,PLAUSIBILITY,RETIRED_PN,"not applicable, no requirement is cited by the message",not applicable,,"Named in the rubric as a plausibility heuristic. The message is about the shape of a PN value, a single component with no caret delimiters, which PS3.5 Table 6.2-1 permits for VR PN. No Type and no condition is asserted, and dciodvfy emits it at Warning severity with the word dubious. 1,209 of the 1,224 message classes in this SOP class fall under this rule, one per distinct name value, because the census keys a class on the normalised message text and the value sits inside it."
dciodvfy,b6a6ed8ae66a,Warning - Value dubious for this VR - (TAG) PN Patient's Name PN [1] = <ProstateX-0301> - Retired Person Name form,Warning,1,PLAUSIBILITY,RETIRED_PN,"not applicable, no requirement is cited by the message",not applicable,,"Named in the rubric as a plausibility heuristic. The message is about the shape of a PN value, a single component with no caret delimiters, which PS3.5 Table 6.2-1 permits for VR PN. No Type and no condition is asserted, and dciodvfy emits it at Warning severity with the word dubious. 1,209 of the 1,224 message classes in this SOP class fall under this rule, one per distinct name value, because the census keys a class on the normalised message text and the value sits inside it."
dciodvfy,b8c97b023c7f,Warning - Value dubious for this VR - (TAG) PN Patient's Name PN [1] = <ProstateX-0079> - Retired Person Name form,Warning,1,PLAUSIBILITY,RETIRED_PN,"not applicable, no requirement is cited by the message",not applicable,,"Named in the rubric as a plausibility heuristic. The message is about the shape of a PN value, a single component with no caret delimiters, which PS3.5 Table 6.2-1 permits for VR PN. No Type and no condition is asserted, and dciodvfy emits it at Warning severity with the word dubious. 1,209 of the 1,224 message classes in this SOP class fall under this rule, one per distinct name value, because the census keys a class on the normalised message text and the value sits inside it."
dciodvfy,b8cc5b207dd4,Warning - Value dubious for this VR - (TAG) PN Patient's Name PN [1] = <ProstateX-0316> - Retired Person Name form,Warning,1,PLAUSIBILITY,RETIRED_PN,"not applicable, no requirement is cited by the message",not applicable,,"Named in the rubric as a plausibility heuristic. The message is about the shape of a PN value, a single component with no caret delimiters, which PS3.5 Table 6.2-1 permits for VR PN. No Type and no condition is asserted, and dciodvfy emits it at Warning severity with the word dubious. 1,209 of the 1,224 message classes in this SOP class fall under this rule, one per distinct name value, because the census keys a class on the normalised message text and the value sits inside it."
dciodvfy,ba5acbc154ca,Warning - Value dubious for this VR - (TAG) PN Patient's Name PN [1] = <ProstateX-0315> - Retired Person Name form,Warning,1,PLAUSIBILITY,RETIRED_PN,"not applicable, no requirement is cited by the message",not applicable,,"Named in the rubric as a plausibility heuristic. The message is about the shape of a PN value, a single component with no caret delimiters, which PS3.5 Table 6.2-1 permits for VR PN. No Type and no condition is asserted, and dciodvfy emits it at Warning severity with the word dubious. 1,209 of the 1,224 message classes in this SOP class fall under this rule, one per distinct name value, because the census keys a class on the normalised message text and the value sits inside it."
dciodvfy,bbc1010bb062,Warning - Value dubious for this VR - (TAG) PN Patient's Name PN [1] = <ProstateX-0338> - Retired Person Name form,Warning,1,PLAUSIBILITY,RETIRED_PN,"not applicable, no requirement is cited by the message",not applicable,,"Named in the rubric as a plausibility heuristic. The message is about the shape of a PN value, a single component with no caret delimiters, which PS3.5 Table 6.2-1 permits for VR PN. No Type and no condition is asserted, and dciodvfy emits it at Warning severity with the word dubious. 1,209 of the 1,224 message classes in this SOP class fall under this rule, one per distinct name value, because the census keys a class on the normalised message text and the value sits inside it."
dciodvfy,bbd9d421467c,Warning - Value dubious for this VR - (TAG) PN Patient's Name PN [1] = <ProstateX-0080> - Retired Person Name form,Warning,1,PLAUSIBILITY,RETIRED_PN,"not applicable, no requirement is cited by the message",not applicable,,"Named in the rubric as a plausibility heuristic. The message is about the shape of a PN value, a single component with no caret delimiters, which PS3.5 Table 6.2-1 permits for VR PN. No Type and no condition is asserted, and dciodvfy emits it at Warning severity with the word dubious. 1,209 of the 1,224 message classes in this SOP class fall under this rule, one per distinct name value, because the census keys a class on the normalised message text and the value sits inside it."
dciodvfy,bc89e1ef7456,Warning - Value dubious for this VR - (TAG) PN Patient's Name PN [1] = <ProstateX-0089> - Retired Person Name form,Warning,1,PLAUSIBILITY,RETIRED_PN,"not applicable, no requirement is cited by the message",not applicable,,"Named in the rubric as a plausibility heuristic. The message is about the shape of a PN value, a single component with no caret delimiters, which PS3.5 Table 6.2-1 permits for VR PN. No Type and no condition is asserted, and dciodvfy emits it at Warning severity with the word dubious. 1,209 of the 1,224 message classes in this SOP class fall under this rule, one per distinct name value, because the census keys a class on the normalised message text and the value sits inside it."
dciodvfy,bc9d5262b883,Warning - Value dubious for this VR - (TAG) PN Patient's Name PN [1] = <ProstateX-0220> - Retired Person Name form,Warning,1,PLAUSIBILITY,RETIRED_PN,"not applicable, no requirement is cited by the message",not applicable,,"Named in the rubric as a plausibility heuristic. The message is about the shape of a PN value, a single component with no caret delimiters, which PS3.5 Table 6.2-1 permits for VR PN. No Type and no condition is asserted, and dciodvfy emits it at Warning severity with the word dubious. 1,209 of the 1,224 message classes in this SOP class fall under this rule, one per distinct name value, because the census keys a class on the normalised message text and the value sits inside it."
dciodvfy,bd17c6a19767,Warning - Value dubious for this VR - (TAG) PN Patient's Name PN [1] = <ProstateX-0097> - Retired Person Name form,Warning,1,PLAUSIBILITY,RETIRED_PN,"not applicable, no requirement is cited by the message",not applicable,,"Named in the rubric as a plausibility heuristic. The message is about the shape of a PN value, a single component with no caret delimiters, which PS3.5 Table 6.2-1 permits for VR PN. No Type and no condition is asserted, and dciodvfy emits it at Warning severity with the word dubious. 1,209 of the 1,224 message classes in this SOP class fall under this rule, one per distinct name value, because the census keys a class on the normalised message text and the value sits inside it."
dciodvfy,bf038d1dc308,Warning - Value dubious for this VR - (TAG) PN Patient's Name PN [1] = <RMS2204> - Retired Person Name form,Warning,1,PLAUSIBILITY,RETIRED_PN,"not applicable, no requirement is cited by the message",not applicable,,"Named in the rubric as a plausibility heuristic. The message is about the shape of a PN value, a single component with no caret delimiters, which PS3.5 Table 6.2-1 permits for VR PN. No Type and no condition is asserted, and dciodvfy emits it at Warning severity with the word dubious. 1,209 of the 1,224 message classes in this SOP class fall under this rule, one per distinct name value, because the census keys a class on the normalised message text and the value sits inside it."
dciodvfy,bf03b5fedb51,Warning - Value dubious for this VR - (TAG) PN Patient's Name PN [1] = <ProstateX-0093> - Retired Person Name form,Warning,1,PLAUSIBILITY,RETIRED_PN,"not applicable, no requirement is cited by the message",not applicable,,"Named in the rubric as a plausibility heuristic. The message is about the shape of a PN value, a single component with no caret delimiters, which PS3.5 Table 6.2-1 permits for VR PN. No Type and no condition is asserted, and dciodvfy emits it at Warning severity with the word dubious. 1,209 of the 1,224 message classes in this SOP class fall under this rule, one per distinct name value, because the census keys a class on the normalised message text and the value sits inside it."
dciodvfy,bf69f0818512,Warning - Value dubious for this VR - (TAG) PN Patient's Name PN [1] = <ProstateX-0140> - Retired Person Name form,Warning,1,PLAUSIBILITY,RETIRED_PN,"not applicable, no requirement is cited by the message",not applicable,,"Named in the rubric as a plausibility heuristic. The message is about the shape of a PN value, a single component with no caret delimiters, which PS3.5 Table 6.2-1 permits for VR PN. No Type and no condition is asserted, and dciodvfy emits it at Warning severity with the word dubious. 1,209 of the 1,224 message classes in this SOP class fall under this rule, one per distinct name value, because the census keys a class on the normalised message text and the value sits inside it."
dciodvfy,c0d44edf2667,Warning - Value dubious for this VR - (TAG) PN Patient's Name PN [1] = <ProstateX-0260> - Retired Person Name form,Warning,1,PLAUSIBILITY,RETIRED_PN,"not applicable, no requirement is cited by the message",not applicable,,"Named in the rubric as a plausibility heuristic. The message is about the shape of a PN value, a single component with no caret delimiters, which PS3.5 Table 6.2-1 permits for VR PN. No Type and no condition is asserted, and dciodvfy emits it at Warning severity with the word dubious. 1,209 of the 1,224 message classes in this SOP class fall under this rule, one per distinct name value, because the census keys a class on the normalised message text and the value sits inside it."
dciodvfy,c1f14faf9dc9,Warning - Value dubious for this VR - (TAG) PN Patient's Name PN [1] = <ProstateX-0184> - Retired Person Name form,Warning,1,PLAUSIBILITY,RETIRED_PN,"not applicable, no requirement is cited by the message",not applicable,,"Named in the rubric as a plausibility heuristic. The message is about the shape of a PN value, a single component with no caret delimiters, which PS3.5 Table 6.2-1 permits for VR PN. No Type and no condition is asserted, and dciodvfy emits it at Warning severity with the word dubious. 1,209 of the 1,224 message classes in this SOP class fall under this rule, one per distinct name value, because the census keys a class on the normalised message text and the value sits inside it."
dciodvfy,c3c2af0e622a,Warning - Value dubious for this VR - (TAG) PN Patient's Name PN [1] = <ProstateX-0109> - Retired Person Name form,Warning,1,PLAUSIBILITY,RETIRED_PN,"not applicable, no requirement is cited by the message",not applicable,,"Named in the rubric as a plausibility heuristic. The message is about the shape of a PN value, a single component with no caret delimiters, which PS3.5 Table 6.2-1 permits for VR PN. No Type and no condition is asserted, and dciodvfy emits it at Warning severity with the word dubious. 1,209 of the 1,224 message classes in this SOP class fall under this rule, one per distinct name value, because the census keys a class on the normalised message text and the value sits inside it."
dciodvfy,c4450c363ed3,Warning - Value dubious for this VR - (TAG) PN Patient's Name PN [1] = <ProstateX-0252> - Retired Person Name form,Warning,1,PLAUSIBILITY,RETIRED_PN,"not applicable, no requirement is cited by the message",not applicable,,"Named in the rubric as a plausibility heuristic. The message is about the shape of a PN value, a single component with no caret delimiters, which PS3.5 Table 6.2-1 permits for VR PN. No Type and no condition is asserted, and dciodvfy emits it at Warning severity with the word dubious. 1,209 of the 1,224 message classes in this SOP class fall under this rule, one per distinct name value, because the census keys a class on the normalised message text and the value sits inside it."
dciodvfy,c474529f8458,Warning - Value dubious for this VR - (TAG) PN Patient's Name PN [1] = <ProstateX-0180> - Retired Person Name form,Warning,1,PLAUSIBILITY,RETIRED_PN,"not applicable, no requirement is cited by the message",not applicable,,"Named in the rubric as a plausibility heuristic. The message is about the shape of a PN value, a single component with no caret delimiters, which PS3.5 Table 6.2-1 permits for VR PN. No Type and no condition is asserted, and dciodvfy emits it at Warning severity with the word dubious. 1,209 of the 1,224 message classes in this SOP class fall under this rule, one per distinct name value, because the census keys a class on the normalised message text and the value sits inside it."
dciodvfy,c4ba63ebe7ac,Warning - Value dubious for this VR - (TAG) PN Patient's Name PN [1] = <ProstateX-0204> - Retired Person Name form,Warning,1,PLAUSIBILITY,RETIRED_PN,"not applicable, no requirement is cited by the message",not applicable,,"Named in the rubric as a plausibility heuristic. The message is about the shape of a PN value, a single component with no caret delimiters, which PS3.5 Table 6.2-1 permits for VR PN. No Type and no condition is asserted, and dciodvfy emits it at Warning severity with the word dubious. 1,209 of the 1,224 message classes in this SOP class fall under this rule, one per distinct name value, because the census keys a class on the normalised message text and the value sits inside it."
dciodvfy,c529dc73e831,Warning - Value dubious for this VR - (TAG) PN Patient's Name PN [1] = <ProstateX-0167> - Retired Person Name form,Warning,1,PLAUSIBILITY,RETIRED_PN,"not applicable, no requirement is cited by the message",not applicable,,"Named in the rubric as a plausibility heuristic. The message is about the shape of a PN value, a single component with no caret delimiters, which PS3.5 Table 6.2-1 permits for VR PN. No Type and no condition is asserted, and dciodvfy emits it at Warning severity with the word dubious. 1,209 of the 1,224 message classes in this SOP class fall under this rule, one per distinct name value, because the census keys a class on the normalised message text and the value sits inside it."
dciodvfy,c5793e494a61,Warning - Value dubious for this VR - (TAG) PN Patient's Name PN [1] = <RMS2274> - Retired Person Name form,Warning,1,PLAUSIBILITY,RETIRED_PN,"not applicable, no requirement is cited by the message",not applicable,,"Named in the rubric as a plausibility heuristic. The message is about the shape of a PN value, a single component with no caret delimiters, which PS3.5 Table 6.2-1 permits for VR PN. No Type and no condition is asserted, and dciodvfy emits it at Warning severity with the word dubious. 1,209 of the 1,224 message classes in this SOP class fall under this rule, one per distinct name value, because the census keys a class on the normalised message text and the value sits inside it."
dciodvfy,c59b1c20d0fd,Warning - Value dubious for this VR - (TAG) PN Patient's Name PN [1] = <RMS2331> - Retired Person Name form,Warning,1,PLAUSIBILITY,RETIRED_PN,"not applicable, no requirement is cited by the message",not applicable,,"Named in the rubric as a plausibility heuristic. The message is about the shape of a PN value, a single component with no caret delimiters, which PS3.5 Table 6.2-1 permits for VR PN. No Type and no condition is asserted, and dciodvfy emits it at Warning severity with the word dubious. 1,209 of the 1,224 message classes in this SOP class fall under this rule, one per distinct name value, because the census keys a class on the normalised message text and the value sits inside it."
dciodvfy,c778e6bce241,Warning - Value dubious for this VR - (TAG) PN Patient's Name PN [1] = <ProstateX-0261> - Retired Person Name form,Warning,1,PLAUSIBILITY,RETIRED_PN,"not applicable, no requirement is cited by the message",not applicable,,"Named in the rubric as a plausibility heuristic. The message is about the shape of a PN value, a single component with no caret delimiters, which PS3.5 Table 6.2-1 permits for VR PN. No Type and no condition is asserted, and dciodvfy emits it at Warning severity with the word dubious. 1,209 of the 1,224 message classes in this SOP class fall under this rule, one per distinct name value, because the census keys a class on the normalised message text and the value sits inside it."
dciodvfy,c7b4bbaeeb4b,Warning - Value dubious for this VR - (TAG) PN Patient's Name PN [1] = <ProstateX-0313> - Retired Person Name form,Warning,1,PLAUSIBILITY,RETIRED_PN,"not applicable, no requirement is cited by the message",not applicable,,"Named in the rubric as a plausibility heuristic. The message is about the shape of a PN value, a single component with no caret delimiters, which PS3.5 Table 6.2-1 permits for VR PN. No Type and no condition is asserted, and dciodvfy emits it at Warning severity with the word dubious. 1,209 of the 1,224 message classes in this SOP class fall under this rule, one per distinct name value, because the census keys a class on the normalised message text and the value sits inside it."
dciodvfy,c8d041502a4b,Warning - Value dubious for this VR - (TAG) PN Patient's Name PN [1] = <ProstateX-0307> - Retired Person Name form,Warning,1,PLAUSIBILITY,RETIRED_PN,"not applicable, no requirement is cited by the message",not applicable,,"Named in the rubric as a plausibility heuristic. The message is about the shape of a PN value, a single component with no caret delimiters, which PS3.5 Table 6.2-1 permits for VR PN. No Type and no condition is asserted, and dciodvfy emits it at Warning severity with the word dubious. 1,209 of the 1,224 message classes in this SOP class fall under this rule, one per distinct name value, because the census keys a class on the normalised message text and the value sits inside it."
dciodvfy,c90b1b84bcf9,Warning - Value dubious for this VR - (TAG) PN Patient's Name PN [1] = <ProstateX-0077> - Retired Person Name form,Warning,1,PLAUSIBILITY,RETIRED_PN,"not applicable, no requirement is cited by the message",not applicable,,"Named in the rubric as a plausibility heuristic. The message is about the shape of a PN value, a single component with no caret delimiters, which PS3.5 Table 6.2-1 permits for VR PN. No Type and no condition is asserted, and dciodvfy emits it at Warning severity with the word dubious. 1,209 of the 1,224 message classes in this SOP class fall under this rule, one per distinct name value, because the census keys a class on the normalised message text and the value sits inside it."
dciodvfy,c983bea2a2a5,Warning - Value dubious for this VR - (TAG) PN Patient's Name PN [1] = <RMS2453> - Retired Person Name form,Warning,1,PLAUSIBILITY,RETIRED_PN,"not applicable, no requirement is cited by the message",not applicable,,"Named in the rubric as a plausibility heuristic. The message is about the shape of a PN value, a single component with no caret delimiters, which PS3.5 Table 6.2-1 permits for VR PN. No Type and no condition is asserted, and dciodvfy emits it at Warning severity with the word dubious. 1,209 of the 1,224 message classes in this SOP class fall under this rule, one per distinct name value, because the census keys a class on the normalised message text and the value sits inside it."
dciodvfy,cab1a31466e1,Warning - Value dubious for this VR - (TAG) PN Patient's Name PN [1] = <ProstateX-0321> - Retired Person Name form,Warning,1,PLAUSIBILITY,RETIRED_PN,"not applicable, no requirement is cited by the message",not applicable,,"Named in the rubric as a plausibility heuristic. The message is about the shape of a PN value, a single component with no caret delimiters, which PS3.5 Table 6.2-1 permits for VR PN. No Type and no condition is asserted, and dciodvfy emits it at Warning severity with the word dubious. 1,209 of the 1,224 message classes in this SOP class fall under this rule, one per distinct name value, because the census keys a class on the normalised message text and the value sits inside it."
dciodvfy,caee0787733c,Warning - Value dubious for this VR - (TAG) PN Patient's Name PN [1] = <ProstateX-0195> - Retired Person Name form,Warning,1,PLAUSIBILITY,RETIRED_PN,"not applicable, no requirement is cited by the message",not applicable,,"Named in the rubric as a plausibility heuristic. The message is about the shape of a PN value, a single component with no caret delimiters, which PS3.5 Table 6.2-1 permits for VR PN. No Type and no condition is asserted, and dciodvfy emits it at Warning severity with the word dubious. 1,209 of the 1,224 message classes in this SOP class fall under this rule, one per distinct name value, because the census keys a class on the normalised message text and the value sits inside it."
dciodvfy,cbc0032da664,Warning - Value dubious for this VR - (TAG) PN Patient's Name PN [1] = <ProstateX-0031> - Retired Person Name form,Warning,1,PLAUSIBILITY,RETIRED_PN,"not applicable, no requirement is cited by the message",not applicable,,"Named in the rubric as a plausibility heuristic. The message is about the shape of a PN value, a single component with no caret delimiters, which PS3.5 Table 6.2-1 permits for VR PN. No Type and no condition is asserted, and dciodvfy emits it at Warning severity with the word dubious. 1,209 of the 1,224 message classes in this SOP class fall under this rule, one per distinct name value, because the census keys a class on the normalised message text and the value sits inside it."
dciodvfy,cbc1767a632e,Warning - Value dubious for this VR - (TAG) PN Patient's Name PN [1] = <ProstateX-0197> - Retired Person Name form,Warning,1,PLAUSIBILITY,RETIRED_PN,"not applicable, no requirement is cited by the message",not applicable,,"Named in the rubric as a plausibility heuristic. The message is about the shape of a PN value, a single component with no caret delimiters, which PS3.5 Table 6.2-1 permits for VR PN. No Type and no condition is asserted, and dciodvfy emits it at Warning severity with the word dubious. 1,209 of the 1,224 message classes in this SOP class fall under this rule, one per distinct name value, because the census keys a class on the normalised message text and the value sits inside it."
dciodvfy,cbda16404658,Warning - Value dubious for this VR - (TAG) PN Patient's Name PN [1] = <ProstateX-0343> - Retired Person Name form,Warning,1,PLAUSIBILITY,RETIRED_PN,"not applicable, no requirement is cited by the message",not applicable,,"Named in the rubric as a plausibility heuristic. The message is about the shape of a PN value, a single component with no caret delimiters, which PS3.5 Table 6.2-1 permits for VR PN. No Type and no condition is asserted, and dciodvfy emits it at Warning severity with the word dubious. 1,209 of the 1,224 message classes in this SOP class fall under this rule, one per distinct name value, because the census keys a class on the normalised message text and the value sits inside it."
dciodvfy,cbf68f92c9c2,Warning - Value dubious for this VR - (TAG) PN Patient's Name PN [1] = <ProstateX-0251> - Retired Person Name form,Warning,1,PLAUSIBILITY,RETIRED_PN,"not applicable, no requirement is cited by the message",not applicable,,"Named in the rubric as a plausibility heuristic. The message is about the shape of a PN value, a single component with no caret delimiters, which PS3.5 Table 6.2-1 permits for VR PN. No Type and no condition is asserted, and dciodvfy emits it at Warning severity with the word dubious. 1,209 of the 1,224 message classes in this SOP class fall under this rule, one per distinct name value, because the census keys a class on the normalised message text and the value sits inside it."
dciodvfy,cc59d3b4db7e,Warning - Value dubious for this VR - (TAG) PN Patient's Name PN [1] = <RMS2423> - Retired Person Name form,Warning,1,PLAUSIBILITY,RETIRED_PN,"not applicable, no requirement is cited by the message",not applicable,,"Named in the rubric as a plausibility heuristic. The message is about the shape of a PN value, a single component with no caret delimiters, which PS3.5 Table 6.2-1 permits for VR PN. No Type and no condition is asserted, and dciodvfy emits it at Warning severity with the word dubious. 1,209 of the 1,224 message classes in this SOP class fall under this rule, one per distinct name value, because the census keys a class on the normalised message text and the value sits inside it."
dciodvfy,cd6cb1e7cbf9,Warning - Value dubious for this VR - (TAG) PN Patient's Name PN [1] = <RMS2332> - Retired Person Name form,Warning,1,PLAUSIBILITY,RETIRED_PN,"not applicable, no requirement is cited by the message",not applicable,,"Named in the rubric as a plausibility heuristic. The message is about the shape of a PN value, a single component with no caret delimiters, which PS3.5 Table 6.2-1 permits for VR PN. No Type and no condition is asserted, and dciodvfy emits it at Warning severity with the word dubious. 1,209 of the 1,224 message classes in this SOP class fall under this rule, one per distinct name value, because the census keys a class on the normalised message text and the value sits inside it."
dciodvfy,cd710c14c600,Warning - Value dubious for this VR - (TAG) PN Patient's Name PN [1] = <ProstateX-0296> - Retired Person Name form,Warning,1,PLAUSIBILITY,RETIRED_PN,"not applicable, no requirement is cited by the message",not applicable,,"Named in the rubric as a plausibility heuristic. The message is about the shape of a PN value, a single component with no caret delimiters, which PS3.5 Table 6.2-1 permits for VR PN. No Type and no condition is asserted, and dciodvfy emits it at Warning severity with the word dubious. 1,209 of the 1,224 message classes in this SOP class fall under this rule, one per distinct name value, because the census keys a class on the normalised message text and the value sits inside it."
dciodvfy,cec5e6b03730,Warning - Value dubious for this VR - (TAG) PN Patient's Name PN [1] = <ProstateX-0244> - Retired Person Name form,Warning,1,PLAUSIBILITY,RETIRED_PN,"not applicable, no requirement is cited by the message",not applicable,,"Named in the rubric as a plausibility heuristic. The message is about the shape of a PN value, a single component with no caret delimiters, which PS3.5 Table 6.2-1 permits for VR PN. No Type and no condition is asserted, and dciodvfy emits it at Warning severity with the word dubious. 1,209 of the 1,224 message classes in this SOP class fall under this rule, one per distinct name value, because the census keys a class on the normalised message text and the value sits inside it."
dciodvfy,cf470a3a6abc,Warning - Value dubious for this VR - (TAG) PN Patient's Name PN [1] = <ProstateX-0003> - Retired Person Name form,Warning,1,PLAUSIBILITY,RETIRED_PN,"not applicable, no requirement is cited by the message",not applicable,,"Named in the rubric as a plausibility heuristic. The message is about the shape of a PN value, a single component with no caret delimiters, which PS3.5 Table 6.2-1 permits for VR PN. No Type and no condition is asserted, and dciodvfy emits it at Warning severity with the word dubious. 1,209 of the 1,224 message classes in this SOP class fall under this rule, one per distinct name value, because the census keys a class on the normalised message text and the value sits inside it."
dciodvfy,cf8763e1d7fa,Warning - Value dubious for this VR - (TAG) PN Patient's Name PN [1] = <ProstateX-0328> - Retired Person Name form,Warning,1,PLAUSIBILITY,RETIRED_PN,"not applicable, no requirement is cited by the message",not applicable,,"Named in the rubric as a plausibility heuristic. The message is about the shape of a PN value, a single component with no caret delimiters, which PS3.5 Table 6.2-1 permits for VR PN. No Type and no condition is asserted, and dciodvfy emits it at Warning severity with the word dubious. 1,209 of the 1,224 message classes in this SOP class fall under this rule, one per distinct name value, because the census keys a class on the normalised message text and the value sits inside it."
dciodvfy,cfed75c36adf,Warning - Value dubious for this VR - (TAG) PN Patient's Name PN [1] = <ProstateX-0086> - Retired Person Name form,Warning,1,PLAUSIBILITY,RETIRED_PN,"not applicable, no requirement is cited by the message",not applicable,,"Named in the rubric as a plausibility heuristic. The message is about the shape of a PN value, a single component with no caret delimiters, which PS3.5 Table 6.2-1 permits for VR PN. No Type and no condition is asserted, and dciodvfy emits it at Warning severity with the word dubious. 1,209 of the 1,224 message classes in this SOP class fall under this rule, one per distinct name value, because the census keys a class on the normalised message text and the value sits inside it."
dciodvfy,d0a206183b2a,Warning - Value dubious for this VR - (TAG) PN Patient's Name PN [1] = <ProstateX-0192> - Retired Person Name form,Warning,1,PLAUSIBILITY,RETIRED_PN,"not applicable, no requirement is cited by the message",not applicable,,"Named in the rubric as a plausibility heuristic. The message is about the shape of a PN value, a single component with no caret delimiters, which PS3.5 Table 6.2-1 permits for VR PN. No Type and no condition is asserted, and dciodvfy emits it at Warning severity with the word dubious. 1,209 of the 1,224 message classes in this SOP class fall under this rule, one per distinct name value, because the census keys a class on the normalised message text and the value sits inside it."
dciodvfy,d12a72d45cc0,Warning - Value dubious for this VR - (TAG) PN Patient's Name PN [1] = <ProstateX-0037> - Retired Person Name form,Warning,1,PLAUSIBILITY,RETIRED_PN,"not applicable, no requirement is cited by the message",not applicable,,"Named in the rubric as a plausibility heuristic. The message is about the shape of a PN value, a single component with no caret delimiters, which PS3.5 Table 6.2-1 permits for VR PN. No Type and no condition is asserted, and dciodvfy emits it at Warning severity with the word dubious. 1,209 of the 1,224 message classes in this SOP class fall under this rule, one per distinct name value, because the census keys a class on the normalised message text and the value sits inside it."
dciodvfy,d191f165e4ea,Warning - Value dubious for this VR - (TAG) PN Patient's Name PN [1] = <ProstateX-0188> - Retired Person Name form,Warning,1,PLAUSIBILITY,RETIRED_PN,"not applicable, no requirement is cited by the message",not applicable,,"Named in the rubric as a plausibility heuristic. The message is about the shape of a PN value, a single component with no caret delimiters, which PS3.5 Table 6.2-1 permits for VR PN. No Type and no condition is asserted, and dciodvfy emits it at Warning severity with the word dubious. 1,209 of the 1,224 message classes in this SOP class fall under this rule, one per distinct name value, because the census keys a class on the normalised message text and the value sits inside it."
dciodvfy,d1bd1b8542fd,Warning - Value dubious for this VR - (TAG) PN Patient's Name PN [1] = <RMS2333> - Retired Person Name form,Warning,1,PLAUSIBILITY,RETIRED_PN,"not applicable, no requirement is cited by the message",not applicable,,"Named in the rubric as a plausibility heuristic. The message is about the shape of a PN value, a single component with no caret delimiters, which PS3.5 Table 6.2-1 permits for VR PN. No Type and no condition is asserted, and dciodvfy emits it at Warning severity with the word dubious. 1,209 of the 1,224 message classes in this SOP class fall under this rule, one per distinct name value, because the census keys a class on the normalised message text and the value sits inside it."
dciodvfy,d1d2d5f29dc9,Warning - Value dubious for this VR - (TAG) PN Patient's Name PN [1] = <RMS2211> - Retired Person Name form,Warning,1,PLAUSIBILITY,RETIRED_PN,"not applicable, no requirement is cited by the message",not applicable,,"Named in the rubric as a plausibility heuristic. The message is about the shape of a PN value, a single component with no caret delimiters, which PS3.5 Table 6.2-1 permits for VR PN. No Type and no condition is asserted, and dciodvfy emits it at Warning severity with the word dubious. 1,209 of the 1,224 message classes in this SOP class fall under this rule, one per distinct name value, because the census keys a class on the normalised message text and the value sits inside it."
dciodvfy,d202de341b4e,Warning - Value dubious for this VR - (TAG) PN Patient's Name PN [1] = <ProstateX-0083> - Retired Person Name form,Warning,1,PLAUSIBILITY,RETIRED_PN,"not applicable, no requirement is cited by the message",not applicable,,"Named in the rubric as a plausibility heuristic. The message is about the shape of a PN value, a single component with no caret delimiters, which PS3.5 Table 6.2-1 permits for VR PN. No Type and no condition is asserted, and dciodvfy emits it at Warning severity with the word dubious. 1,209 of the 1,224 message classes in this SOP class fall under this rule, one per distinct name value, because the census keys a class on the normalised message text and the value sits inside it."
dciodvfy,d25fd52404cb,Warning - Value dubious for this VR - (TAG) PN Patient's Name PN [1] = <ProstateX-0062> - Retired Person Name form,Warning,1,PLAUSIBILITY,RETIRED_PN,"not applicable, no requirement is cited by the message",not applicable,,"Named in the rubric as a plausibility heuristic. The message is about the shape of a PN value, a single component with no caret delimiters, which PS3.5 Table 6.2-1 permits for VR PN. No Type and no condition is asserted, and dciodvfy emits it at Warning severity with the word dubious. 1,209 of the 1,224 message classes in this SOP class fall under this rule, one per distinct name value, because the census keys a class on the normalised message text and the value sits inside it."
dciodvfy,d2702cb70905,Warning - Value dubious for this VR - (TAG) PN Patient's Name PN [1] = <RMS2458> - Retired Person Name form,Warning,1,PLAUSIBILITY,RETIRED_PN,"not applicable, no requirement is cited by the message",not applicable,,"Named in the rubric as a plausibility heuristic. The message is about the shape of a PN value, a single component with no caret delimiters, which PS3.5 Table 6.2-1 permits for VR PN. No Type and no condition is asserted, and dciodvfy emits it at Warning severity with the word dubious. 1,209 of the 1,224 message classes in this SOP class fall under this rule, one per distinct name value, because the census keys a class on the normalised message text and the value sits inside it."
dciodvfy,d2935aa3555a,Warning - Value dubious for this VR - (TAG) PN Patient's Name PN [1] = <RMS2414> - Retired Person Name form,Warning,1,PLAUSIBILITY,RETIRED_PN,"not applicable, no requirement is cited by the message",not applicable,,"Named in the rubric as a plausibility heuristic. The message is about the shape of a PN value, a single component with no caret delimiters, which PS3.5 Table 6.2-1 permits for VR PN. No Type and no condition is asserted, and dciodvfy emits it at Warning severity with the word dubious. 1,209 of the 1,224 message classes in this SOP class fall under this rule, one per distinct name value, because the census keys a class on the normalised message text and the value sits inside it."
dciodvfy,d7399671fa3e,Warning - Value dubious for this VR - (TAG) PN Patient's Name PN [1] = <ProstateX-0107> - Retired Person Name form,Warning,1,PLAUSIBILITY,RETIRED_PN,"not applicable, no requirement is cited by the message",not applicable,,"Named in the rubric as a plausibility heuristic. The message is about the shape of a PN value, a single component with no caret delimiters, which PS3.5 Table 6.2-1 permits for VR PN. No Type and no condition is asserted, and dciodvfy emits it at Warning severity with the word dubious. 1,209 of the 1,224 message classes in this SOP class fall under this rule, one per distinct name value, because the census keys a class on the normalised message text and the value sits inside it."
dciodvfy,d83ab98344d4,Warning - Value dubious for this VR - (TAG) PN Patient's Name PN [1] = <ProstateX-0030> - Retired Person Name form,Warning,1,PLAUSIBILITY,RETIRED_PN,"not applicable, no requirement is cited by the message",not applicable,,"Named in the rubric as a plausibility heuristic. The message is about the shape of a PN value, a single component with no caret delimiters, which PS3.5 Table 6.2-1 permits for VR PN. No Type and no condition is asserted, and dciodvfy emits it at Warning severity with the word dubious. 1,209 of the 1,224 message classes in this SOP class fall under this rule, one per distinct name value, because the census keys a class on the normalised message text and the value sits inside it."
dciodvfy,d906fe271b5b,Warning - Value dubious for this VR - (TAG) PN Patient's Name PN [1] = <ProstateX-0237> - Retired Person Name form,Warning,1,PLAUSIBILITY,RETIRED_PN,"not applicable, no requirement is cited by the message",not applicable,,"Named in the rubric as a plausibility heuristic. The message is about the shape of a PN value, a single component with no caret delimiters, which PS3.5 Table 6.2-1 permits for VR PN. No Type and no condition is asserted, and dciodvfy emits it at Warning severity with the word dubious. 1,209 of the 1,224 message classes in this SOP class fall under this rule, one per distinct name value, because the census keys a class on the normalised message text and the value sits inside it."
dciodvfy,d9b5621d70c9,Warning - Value dubious for this VR - (TAG) PN Patient's Name PN [1] = <ProstateX-0193> - Retired Person Name form,Warning,1,PLAUSIBILITY,RETIRED_PN,"not applicable, no requirement is cited by the message",not applicable,,"Named in the rubric as a plausibility heuristic. The message is about the shape of a PN value, a single component with no caret delimiters, which PS3.5 Table 6.2-1 permits for VR PN. No Type and no condition is asserted, and dciodvfy emits it at Warning severity with the word dubious. 1,209 of the 1,224 message classes in this SOP class fall under this rule, one per distinct name value, because the census keys a class on the normalised message text and the value sits inside it."
dciodvfy,da1344b08ff9,Warning - Value dubious for this VR - (TAG) PN Patient's Name PN [1] = <RMS2415> - Retired Person Name form,Warning,1,PLAUSIBILITY,RETIRED_PN,"not applicable, no requirement is cited by the message",not applicable,,"Named in the rubric as a plausibility heuristic. The message is about the shape of a PN value, a single component with no caret delimiters, which PS3.5 Table 6.2-1 permits for VR PN. No Type and no condition is asserted, and dciodvfy emits it at Warning severity with the word dubious. 1,209 of the 1,224 message classes in this SOP class fall under this rule, one per distinct name value, because the census keys a class on the normalised message text and the value sits inside it."
dciodvfy,da7eb54c6db3,Warning - Value dubious for this VR - (TAG) PN Patient's Name PN [1] = <RMS2412> - Retired Person Name form,Warning,1,PLAUSIBILITY,RETIRED_PN,"not applicable, no requirement is cited by the message",not applicable,,"Named in the rubric as a plausibility heuristic. The message is about the shape of a PN value, a single component with no caret delimiters, which PS3.5 Table 6.2-1 permits for VR PN. No Type and no condition is asserted, and dciodvfy emits it at Warning severity with the word dubious. 1,209 of the 1,224 message classes in this SOP class fall under this rule, one per distinct name value, because the census keys a class on the normalised message text and the value sits inside it."
dciodvfy,da92f6b22554,Warning - Value dubious for this VR - (TAG) PN Patient's Name PN [1] = <ProstateX-0289> - Retired Person Name form,Warning,1,PLAUSIBILITY,RETIRED_PN,"not applicable, no requirement is cited by the message",not applicable,,"Named in the rubric as a plausibility heuristic. The message is about the shape of a PN value, a single component with no caret delimiters, which PS3.5 Table 6.2-1 permits for VR PN. No Type and no condition is asserted, and dciodvfy emits it at Warning severity with the word dubious. 1,209 of the 1,224 message classes in this SOP class fall under this rule, one per distinct name value, because the census keys a class on the normalised message text and the value sits inside it."
dciodvfy,daa9588b0b9e,Warning - Value dubious for this VR - (TAG) PN Patient's Name PN [1] = <ProstateX-0235> - Retired Person Name form,Warning,1,PLAUSIBILITY,RETIRED_PN,"not applicable, no requirement is cited by the message",not applicable,,"Named in the rubric as a plausibility heuristic. The message is about the shape of a PN value, a single component with no caret delimiters, which PS3.5 Table 6.2-1 permits for VR PN. No Type and no condition is asserted, and dciodvfy emits it at Warning severity with the word dubious. 1,209 of the 1,224 message classes in this SOP class fall under this rule, one per distinct name value, because the census keys a class on the normalised message text and the value sits inside it."
dciodvfy,db3a98be50aa,Warning - Value dubious for this VR - (TAG) PN Patient's Name PN [1] = <ProstateX-0127> - Retired Person Name form,Warning,1,PLAUSIBILITY,RETIRED_PN,"not applicable, no requirement is cited by the message",not applicable,,"Named in the rubric as a plausibility heuristic. The message is about the shape of a PN value, a single component with no caret delimiters, which PS3.5 Table 6.2-1 permits for VR PN. No Type and no condition is asserted, and dciodvfy emits it at Warning severity with the word dubious. 1,209 of the 1,224 message classes in this SOP class fall under this rule, one per distinct name value, because the census keys a class on the normalised message text and the value sits inside it."
dciodvfy,dbaa8c16ac1a,Warning - Value dubious for this VR - (TAG) PN Patient's Name PN [1] = <ProstateX-0199> - Retired Person Name form,Warning,1,PLAUSIBILITY,RETIRED_PN,"not applicable, no requirement is cited by the message",not applicable,,"Named in the rubric as a plausibility heuristic. The message is about the shape of a PN value, a single component with no caret delimiters, which PS3.5 Table 6.2-1 permits for VR PN. No Type and no condition is asserted, and dciodvfy emits it at Warning severity with the word dubious. 1,209 of the 1,224 message classes in this SOP class fall under this rule, one per distinct name value, because the census keys a class on the normalised message text and the value sits inside it."
dciodvfy,dc805231eb91,Warning - Value dubious for this VR - (TAG) PN Patient's Name PN [1] = <RMS2208> - Retired Person Name form,Warning,1,PLAUSIBILITY,RETIRED_PN,"not applicable, no requirement is cited by the message",not applicable,,"Named in the rubric as a plausibility heuristic. The message is about the shape of a PN value, a single component with no caret delimiters, which PS3.5 Table 6.2-1 permits for VR PN. No Type and no condition is asserted, and dciodvfy emits it at Warning severity with the word dubious. 1,209 of the 1,224 message classes in this SOP class fall under this rule, one per distinct name value, because the census keys a class on the normalised message text and the value sits inside it."
dciodvfy,dd3c239856b0,Warning - Value dubious for this VR - (TAG) PN Patient's Name PN [1] = <ProstateX-0090> - Retired Person Name form,Warning,1,PLAUSIBILITY,RETIRED_PN,"not applicable, no requirement is cited by the message",not applicable,,"Named in the rubric as a plausibility heuristic. The message is about the shape of a PN value, a single component with no caret delimiters, which PS3.5 Table 6.2-1 permits for VR PN. No Type and no condition is asserted, and dciodvfy emits it at Warning severity with the word dubious. 1,209 of the 1,224 message classes in this SOP class fall under this rule, one per distinct name value, because the census keys a class on the normalised message text and the value sits inside it."
dciodvfy,ddce81fb2421,Warning - Value dubious for this VR - (TAG) PN Patient's Name PN [1] = <ProstateX-0177> - Retired Person Name form,Warning,1,PLAUSIBILITY,RETIRED_PN,"not applicable, no requirement is cited by the message",not applicable,,"Named in the rubric as a plausibility heuristic. The message is about the shape of a PN value, a single component with no caret delimiters, which PS3.5 Table 6.2-1 permits for VR PN. No Type and no condition is asserted, and dciodvfy emits it at Warning severity with the word dubious. 1,209 of the 1,224 message classes in this SOP class fall under this rule, one per distinct name value, because the census keys a class on the normalised message text and the value sits inside it."
dciodvfy,dddc6e8bfd67,Warning - Value dubious for this VR - (TAG) PN Patient's Name PN [1] = <RMS2203> - Retired Person Name form,Warning,1,PLAUSIBILITY,RETIRED_PN,"not applicable, no requirement is cited by the message",not applicable,,"Named in the rubric as a plausibility heuristic. The message is about the shape of a PN value, a single component with no caret delimiters, which PS3.5 Table 6.2-1 permits for VR PN. No Type and no condition is asserted, and dciodvfy emits it at Warning severity with the word dubious. 1,209 of the 1,224 message classes in this SOP class fall under this rule, one per distinct name value, because the census keys a class on the normalised message text and the value sits inside it."
dciodvfy,defb15c04c0a,Warning - Value dubious for this VR - (TAG) PN Patient's Name PN [1] = <ProstateX-0074> - Retired Person Name form,Warning,1,PLAUSIBILITY,RETIRED_PN,"not applicable, no requirement is cited by the message",not applicable,,"Named in the rubric as a plausibility heuristic. The message is about the shape of a PN value, a single component with no caret delimiters, which PS3.5 Table 6.2-1 permits for VR PN. No Type and no condition is asserted, and dciodvfy emits it at Warning severity with the word dubious. 1,209 of the 1,224 message classes in this SOP class fall under this rule, one per distinct name value, because the census keys a class on the normalised message text and the value sits inside it."
dciodvfy,dfaaea961ee2,Warning - Value dubious for this VR - (TAG) PN Patient's Name PN [1] = <ProstateX-0002> - Retired Person Name form,Warning,1,PLAUSIBILITY,RETIRED_PN,"not applicable, no requirement is cited by the message",not applicable,,"Named in the rubric as a plausibility heuristic. The message is about the shape of a PN value, a single component with no caret delimiters, which PS3.5 Table 6.2-1 permits for VR PN. No Type and no condition is asserted, and dciodvfy emits it at Warning severity with the word dubious. 1,209 of the 1,224 message classes in this SOP class fall under this rule, one per distinct name value, because the census keys a class on the normalised message text and the value sits inside it."
dciodvfy,e00321918f3c,Warning - Value dubious for this VR - (TAG) PN Patient's Name PN [1] = <ProstateX-0026> - Retired Person Name form,Warning,1,PLAUSIBILITY,RETIRED_PN,"not applicable, no requirement is cited by the message",not applicable,,"Named in the rubric as a plausibility heuristic. The message is about the shape of a PN value, a single component with no caret delimiters, which PS3.5 Table 6.2-1 permits for VR PN. No Type and no condition is asserted, and dciodvfy emits it at Warning severity with the word dubious. 1,209 of the 1,224 message classes in this SOP class fall under this rule, one per distinct name value, because the census keys a class on the normalised message text and the value sits inside it."
dciodvfy,e0a00ecc756c,Warning - Value dubious for this VR - (TAG) PN Patient's Name PN [1] = <RMS2462> - Retired Person Name form,Warning,1,PLAUSIBILITY,RETIRED_PN,"not applicable, no requirement is cited by the message",not applicable,,"Named in the rubric as a plausibility heuristic. The message is about the shape of a PN value, a single component with no caret delimiters, which PS3.5 Table 6.2-1 permits for VR PN. No Type and no condition is asserted, and dciodvfy emits it at Warning severity with the word dubious. 1,209 of the 1,224 message classes in this SOP class fall under this rule, one per distinct name value, because the census keys a class on the normalised message text and the value sits inside it."
dciodvfy,e157b0d93929,Warning - Value dubious for this VR - (TAG) PN Patient's Name PN [1] = <ProstateX-0153> - Retired Person Name form,Warning,1,PLAUSIBILITY,RETIRED_PN,"not applicable, no requirement is cited by the message",not applicable,,"Named in the rubric as a plausibility heuristic. The message is about the shape of a PN value, a single component with no caret delimiters, which PS3.5 Table 6.2-1 permits for VR PN. No Type and no condition is asserted, and dciodvfy emits it at Warning severity with the word dubious. 1,209 of the 1,224 message classes in this SOP class fall under this rule, one per distinct name value, because the census keys a class on the normalised message text and the value sits inside it."
dciodvfy,e2c40d2fdc0d,Warning - Value dubious for this VR - (TAG) PN Patient's Name PN [1] = <ProstateX-0330> - Retired Person Name form,Warning,1,PLAUSIBILITY,RETIRED_PN,"not applicable, no requirement is cited by the message",not applicable,,"Named in the rubric as a plausibility heuristic. The message is about the shape of a PN value, a single component with no caret delimiters, which PS3.5 Table 6.2-1 permits for VR PN. No Type and no condition is asserted, and dciodvfy emits it at Warning severity with the word dubious. 1,209 of the 1,224 message classes in this SOP class fall under this rule, one per distinct name value, because the census keys a class on the normalised message text and the value sits inside it."
dciodvfy,e2e0760e9581,Warning - Value dubious for this VR - (TAG) PN Patient's Name PN [1] = <RMS2393> - Retired Person Name form,Warning,1,PLAUSIBILITY,RETIRED_PN,"not applicable, no requirement is cited by the message",not applicable,,"Named in the rubric as a plausibility heuristic. The message is about the shape of a PN value, a single component with no caret delimiters, which PS3.5 Table 6.2-1 permits for VR PN. No Type and no condition is asserted, and dciodvfy emits it at Warning severity with the word dubious. 1,209 of the 1,224 message classes in this SOP class fall under this rule, one per distinct name value, because the census keys a class on the normalised message text and the value sits inside it."
dciodvfy,e31fbaa3bf3f,Warning - Value dubious for this VR - (TAG) PN Patient's Name PN [1] = <RMS2409> - Retired Person Name form,Warning,1,PLAUSIBILITY,RETIRED_PN,"not applicable, no requirement is cited by the message",not applicable,,"Named in the rubric as a plausibility heuristic. The message is about the shape of a PN value, a single component with no caret delimiters, which PS3.5 Table 6.2-1 permits for VR PN. No Type and no condition is asserted, and dciodvfy emits it at Warning severity with the word dubious. 1,209 of the 1,224 message classes in this SOP class fall under this rule, one per distinct name value, because the census keys a class on the normalised message text and the value sits inside it."
dciodvfy,e3986a74342f,Warning - Value dubious for this VR - (TAG) PN Patient's Name PN [1] = <ProstateX-0221> - Retired Person Name form,Warning,1,PLAUSIBILITY,RETIRED_PN,"not applicable, no requirement is cited by the message",not applicable,,"Named in the rubric as a plausibility heuristic. The message is about the shape of a PN value, a single component with no caret delimiters, which PS3.5 Table 6.2-1 permits for VR PN. No Type and no condition is asserted, and dciodvfy emits it at Warning severity with the word dubious. 1,209 of the 1,224 message classes in this SOP class fall under this rule, one per distinct name value, because the census keys a class on the normalised message text and the value sits inside it."
dciodvfy,e476abd9f5e1,Warning - Value dubious for this VR - (TAG) PN Patient's Name PN [1] = <ProstateX-0173> - Retired Person Name form,Warning,1,PLAUSIBILITY,RETIRED_PN,"not applicable, no requirement is cited by the message",not applicable,,"Named in the rubric as a plausibility heuristic. The message is about the shape of a PN value, a single component with no caret delimiters, which PS3.5 Table 6.2-1 permits for VR PN. No Type and no condition is asserted, and dciodvfy emits it at Warning severity with the word dubious. 1,209 of the 1,224 message classes in this SOP class fall under this rule, one per distinct name value, because the census keys a class on the normalised message text and the value sits inside it."
dciodvfy,e4b936ef9621,Warning - Value dubious for this VR - (TAG) PN Patient's Name PN [1] = <ProstateX-0176> - Retired Person Name form,Warning,1,PLAUSIBILITY,RETIRED_PN,"not applicable, no requirement is cited by the message",not applicable,,"Named in the rubric as a plausibility heuristic. The message is about the shape of a PN value, a single component with no caret delimiters, which PS3.5 Table 6.2-1 permits for VR PN. No Type and no condition is asserted, and dciodvfy emits it at Warning severity with the word dubious. 1,209 of the 1,224 message classes in this SOP class fall under this rule, one per distinct name value, because the census keys a class on the normalised message text and the value sits inside it."
dciodvfy,e4bd65e7bee4,Warning - Value dubious for this VR - (TAG) PN Patient's Name PN [1] = <ProstateX-0163> - Retired Person Name form,Warning,1,PLAUSIBILITY,RETIRED_PN,"not applicable, no requirement is cited by the message",not applicable,,"Named in the rubric as a plausibility heuristic. The message is about the shape of a PN value, a single component with no caret delimiters, which PS3.5 Table 6.2-1 permits for VR PN. No Type and no condition is asserted, and dciodvfy emits it at Warning severity with the word dubious. 1,209 of the 1,224 message classes in this SOP class fall under this rule, one per distinct name value, because the census keys a class on the normalised message text and the value sits inside it."
dciodvfy,e4dc7411492d,Warning - Value dubious for this VR - (TAG) PN Patient's Name PN [1] = <ProstateX-0241> - Retired Person Name form,Warning,1,PLAUSIBILITY,RETIRED_PN,"not applicable, no requirement is cited by the message",not applicable,,"Named in the rubric as a plausibility heuristic. The message is about the shape of a PN value, a single component with no caret delimiters, which PS3.5 Table 6.2-1 permits for VR PN. No Type and no condition is asserted, and dciodvfy emits it at Warning severity with the word dubious. 1,209 of the 1,224 message classes in this SOP class fall under this rule, one per distinct name value, because the census keys a class on the normalised message text and the value sits inside it."
dciodvfy,e4dfbbcfdbac,Warning - Value dubious for this VR - (TAG) PN Patient's Name PN [1] = <ProstateX-0304> - Retired Person Name form,Warning,1,PLAUSIBILITY,RETIRED_PN,"not applicable, no requirement is cited by the message",not applicable,,"Named in the rubric as a plausibility heuristic. The message is about the shape of a PN value, a single component with no caret delimiters, which PS3.5 Table 6.2-1 permits for VR PN. No Type and no condition is asserted, and dciodvfy emits it at Warning severity with the word dubious. 1,209 of the 1,224 message classes in this SOP class fall under this rule, one per distinct name value, because the census keys a class on the normalised message text and the value sits inside it."
dciodvfy,e4ef28567385,Warning - Value dubious for this VR - (TAG) PN Patient's Name PN [1] = <ProstateX-0187> - Retired Person Name form,Warning,1,PLAUSIBILITY,RETIRED_PN,"not applicable, no requirement is cited by the message",not applicable,,"Named in the rubric as a plausibility heuristic. The message is about the shape of a PN value, a single component with no caret delimiters, which PS3.5 Table 6.2-1 permits for VR PN. No Type and no condition is asserted, and dciodvfy emits it at Warning severity with the word dubious. 1,209 of the 1,224 message classes in this SOP class fall under this rule, one per distinct name value, because the census keys a class on the normalised message text and the value sits inside it."
dciodvfy,e5b77eb50503,Warning - Value dubious for this VR - (TAG) PN Patient's Name PN [1] = <ProstateX-0022> - Retired Person Name form,Warning,1,PLAUSIBILITY,RETIRED_PN,"not applicable, no requirement is cited by the message",not applicable,,"Named in the rubric as a plausibility heuristic. The message is about the shape of a PN value, a single component with no caret delimiters, which PS3.5 Table 6.2-1 permits for VR PN. No Type and no condition is asserted, and dciodvfy emits it at Warning severity with the word dubious. 1,209 of the 1,224 message classes in this SOP class fall under this rule, one per distinct name value, because the census keys a class on the normalised message text and the value sits inside it."
dciodvfy,e692650c9c76,Warning - Value dubious for this VR - (TAG) PN Patient's Name PN [1] = <ProstateX-0110> - Retired Person Name form,Warning,1,PLAUSIBILITY,RETIRED_PN,"not applicable, no requirement is cited by the message",not applicable,,"Named in the rubric as a plausibility heuristic. The message is about the shape of a PN value, a single component with no caret delimiters, which PS3.5 Table 6.2-1 permits for VR PN. No Type and no condition is asserted, and dciodvfy emits it at Warning severity with the word dubious. 1,209 of the 1,224 message classes in this SOP class fall under this rule, one per distinct name value, because the census keys a class on the normalised message text and the value sits inside it."
dciodvfy,e78fbdea67ad,Warning - Value dubious for this VR - (TAG) PN Patient's Name PN [1] = <ProstateX-0049> - Retired Person Name form,Warning,1,PLAUSIBILITY,RETIRED_PN,"not applicable, no requirement is cited by the message",not applicable,,"Named in the rubric as a plausibility heuristic. The message is about the shape of a PN value, a single component with no caret delimiters, which PS3.5 Table 6.2-1 permits for VR PN. No Type and no condition is asserted, and dciodvfy emits it at Warning severity with the word dubious. 1,209 of the 1,224 message classes in this SOP class fall under this rule, one per distinct name value, because the census keys a class on the normalised message text and the value sits inside it."
dciodvfy,e7918067545d,Warning - Value dubious for this VR - (TAG) PN Patient's Name PN [1] = <RMS2209> - Retired Person Name form,Warning,1,PLAUSIBILITY,RETIRED_PN,"not applicable, no requirement is cited by the message",not applicable,,"Named in the rubric as a plausibility heuristic. The message is about the shape of a PN value, a single component with no caret delimiters, which PS3.5 Table 6.2-1 permits for VR PN. No Type and no condition is asserted, and dciodvfy emits it at Warning severity with the word dubious. 1,209 of the 1,224 message classes in this SOP class fall under this rule, one per distinct name value, because the census keys a class on the normalised message text and the value sits inside it."
dciodvfy,e7b773e00a85,Warning - Value dubious for this VR - (TAG) PN Patient's Name PN [1] = <RMS2266> - Retired Person Name form,Warning,1,PLAUSIBILITY,RETIRED_PN,"not applicable, no requirement is cited by the message",not applicable,,"Named in the rubric as a plausibility heuristic. The message is about the shape of a PN value, a single component with no caret delimiters, which PS3.5 Table 6.2-1 permits for VR PN. No Type and no condition is asserted, and dciodvfy emits it at Warning severity with the word dubious. 1,209 of the 1,224 message classes in this SOP class fall under this rule, one per distinct name value, because the census keys a class on the normalised message text and the value sits inside it."
dciodvfy,e7bea19d7ce9,Warning - Value dubious for this VR - (TAG) PN Patient's Name PN [1] = <RMS2275> - Retired Person Name form,Warning,1,PLAUSIBILITY,RETIRED_PN,"not applicable, no requirement is cited by the message",not applicable,,"Named in the rubric as a plausibility heuristic. The message is about the shape of a PN value, a single component with no caret delimiters, which PS3.5 Table 6.2-1 permits for VR PN. No Type and no condition is asserted, and dciodvfy emits it at Warning severity with the word dubious. 1,209 of the 1,224 message classes in this SOP class fall under this rule, one per distinct name value, because the census keys a class on the normalised message text and the value sits inside it."
dciodvfy,e7d135326203,Warning - Value dubious for this VR - (TAG) PN Patient's Name PN [1] = <ProstateX-0181> - Retired Person Name form,Warning,1,PLAUSIBILITY,RETIRED_PN,"not applicable, no requirement is cited by the message",not applicable,,"Named in the rubric as a plausibility heuristic. The message is about the shape of a PN value, a single component with no caret delimiters, which PS3.5 Table 6.2-1 permits for VR PN. No Type and no condition is asserted, and dciodvfy emits it at Warning severity with the word dubious. 1,209 of the 1,224 message classes in this SOP class fall under this rule, one per distinct name value, because the census keys a class on the normalised message text and the value sits inside it."
dciodvfy,e80b3bcde1f3,Warning - Value dubious for this VR - (TAG) PN Patient's Name PN [1] = <ProstateX-0172> - Retired Person Name form,Warning,1,PLAUSIBILITY,RETIRED_PN,"not applicable, no requirement is cited by the message",not applicable,,"Named in the rubric as a plausibility heuristic. The message is about the shape of a PN value, a single component with no caret delimiters, which PS3.5 Table 6.2-1 permits for VR PN. No Type and no condition is asserted, and dciodvfy emits it at Warning severity with the word dubious. 1,209 of the 1,224 message classes in this SOP class fall under this rule, one per distinct name value, because the census keys a class on the normalised message text and the value sits inside it."
dciodvfy,e815f2190435,Warning - Value dubious for this VR - (TAG) PN Patient's Name PN [1] = <ProstateX-0076> - Retired Person Name form,Warning,1,PLAUSIBILITY,RETIRED_PN,"not applicable, no requirement is cited by the message",not applicable,,"Named in the rubric as a plausibility heuristic. The message is about the shape of a PN value, a single component with no caret delimiters, which PS3.5 Table 6.2-1 permits for VR PN. No Type and no condition is asserted, and dciodvfy emits it at Warning severity with the word dubious. 1,209 of the 1,224 message classes in this SOP class fall under this rule, one per distinct name value, because the census keys a class on the normalised message text and the value sits inside it."
dciodvfy,e89978bc41eb,Warning - Value dubious for this VR - (TAG) PN Patient's Name PN [1] = <ProstateX-0272> - Retired Person Name form,Warning,1,PLAUSIBILITY,RETIRED_PN,"not applicable, no requirement is cited by the message",not applicable,,"Named in the rubric as a plausibility heuristic. The message is about the shape of a PN value, a single component with no caret delimiters, which PS3.5 Table 6.2-1 permits for VR PN. No Type and no condition is asserted, and dciodvfy emits it at Warning severity with the word dubious. 1,209 of the 1,224 message classes in this SOP class fall under this rule, one per distinct name value, because the census keys a class on the normalised message text and the value sits inside it."
dciodvfy,e8b81e5ee0b6,Warning - Value dubious for this VR - (TAG) PN Patient's Name PN [1] = <RMS2155> - Retired Person Name form,Warning,1,PLAUSIBILITY,RETIRED_PN,"not applicable, no requirement is cited by the message",not applicable,,"Named in the rubric as a plausibility heuristic. The message is about the shape of a PN value, a single component with no caret delimiters, which PS3.5 Table 6.2-1 permits for VR PN. No Type and no condition is asserted, and dciodvfy emits it at Warning severity with the word dubious. 1,209 of the 1,224 message classes in this SOP class fall under this rule, one per distinct name value, because the census keys a class on the normalised message text and the value sits inside it."
dciodvfy,e97d855b3f3a,Warning - Value dubious for this VR - (TAG) PN Patient's Name PN [1] = <ProstateX-0303> - Retired Person Name form,Warning,1,PLAUSIBILITY,RETIRED_PN,"not applicable, no requirement is cited by the message",not applicable,,"Named in the rubric as a plausibility heuristic. The message is about the shape of a PN value, a single component with no caret delimiters, which PS3.5 Table 6.2-1 permits for VR PN. No Type and no condition is asserted, and dciodvfy emits it at Warning severity with the word dubious. 1,209 of the 1,224 message classes in this SOP class fall under this rule, one per distinct name value, because the census keys a class on the normalised message text and the value sits inside it."
dciodvfy,ea202fd49a3d,Warning - Value dubious for this VR - (TAG) PN Patient's Name PN [1] = <ProstateX-0108> - Retired Person Name form,Warning,1,PLAUSIBILITY,RETIRED_PN,"not applicable, no requirement is cited by the message",not applicable,,"Named in the rubric as a plausibility heuristic. The message is about the shape of a PN value, a single component with no caret delimiters, which PS3.5 Table 6.2-1 permits for VR PN. No Type and no condition is asserted, and dciodvfy emits it at Warning severity with the word dubious. 1,209 of the 1,224 message classes in this SOP class fall under this rule, one per distinct name value, because the census keys a class on the normalised message text and the value sits inside it."
dciodvfy,eaa62f6de537,Warning - Value dubious for this VR - (TAG) PN Patient's Name PN [1] = <ProstateX-0162> - Retired Person Name form,Warning,1,PLAUSIBILITY,RETIRED_PN,"not applicable, no requirement is cited by the message",not applicable,,"Named in the rubric as a plausibility heuristic. The message is about the shape of a PN value, a single component with no caret delimiters, which PS3.5 Table 6.2-1 permits for VR PN. No Type and no condition is asserted, and dciodvfy emits it at Warning severity with the word dubious. 1,209 of the 1,224 message classes in this SOP class fall under this rule, one per distinct name value, because the census keys a class on the normalised message text and the value sits inside it."
dciodvfy,eb07839d41b3,Warning - Value dubious for this VR - (TAG) PN Patient's Name PN [1] = <ProstateX-0206> - Retired Person Name form,Warning,1,PLAUSIBILITY,RETIRED_PN,"not applicable, no requirement is cited by the message",not applicable,,"Named in the rubric as a plausibility heuristic. The message is about the shape of a PN value, a single component with no caret delimiters, which PS3.5 Table 6.2-1 permits for VR PN. No Type and no condition is asserted, and dciodvfy emits it at Warning severity with the word dubious. 1,209 of the 1,224 message classes in this SOP class fall under this rule, one per distinct name value, because the census keys a class on the normalised message text and the value sits inside it."
dciodvfy,ec27288db211,Warning - Value dubious for this VR - (TAG) PN Patient's Name PN [1] = <ProstateX-0340> - Retired Person Name form,Warning,1,PLAUSIBILITY,RETIRED_PN,"not applicable, no requirement is cited by the message",not applicable,,"Named in the rubric as a plausibility heuristic. The message is about the shape of a PN value, a single component with no caret delimiters, which PS3.5 Table 6.2-1 permits for VR PN. No Type and no condition is asserted, and dciodvfy emits it at Warning severity with the word dubious. 1,209 of the 1,224 message classes in this SOP class fall under this rule, one per distinct name value, because the census keys a class on the normalised message text and the value sits inside it."
dciodvfy,ec35ac1684a6,Warning - Value dubious for this VR - (TAG) PN Patient's Name PN [1] = <ProstateX-0198> - Retired Person Name form,Warning,1,PLAUSIBILITY,RETIRED_PN,"not applicable, no requirement is cited by the message",not applicable,,"Named in the rubric as a plausibility heuristic. The message is about the shape of a PN value, a single component with no caret delimiters, which PS3.5 Table 6.2-1 permits for VR PN. No Type and no condition is asserted, and dciodvfy emits it at Warning severity with the word dubious. 1,209 of the 1,224 message classes in this SOP class fall under this rule, one per distinct name value, because the census keys a class on the normalised message text and the value sits inside it."
dciodvfy,ed1476f59219,Warning - Value dubious for this VR - (TAG) PN Patient's Name PN [1] = <ProstateX-0319> - Retired Person Name form,Warning,1,PLAUSIBILITY,RETIRED_PN,"not applicable, no requirement is cited by the message",not applicable,,"Named in the rubric as a plausibility heuristic. The message is about the shape of a PN value, a single component with no caret delimiters, which PS3.5 Table 6.2-1 permits for VR PN. No Type and no condition is asserted, and dciodvfy emits it at Warning severity with the word dubious. 1,209 of the 1,224 message classes in this SOP class fall under this rule, one per distinct name value, because the census keys a class on the normalised message text and the value sits inside it."
dciodvfy,ed934f790d42,Warning - Value dubious for this VR - (TAG) PN Patient's Name PN [1] = <RMS2334> - Retired Person Name form,Warning,1,PLAUSIBILITY,RETIRED_PN,"not applicable, no requirement is cited by the message",not applicable,,"Named in the rubric as a plausibility heuristic. The message is about the shape of a PN value, a single component with no caret delimiters, which PS3.5 Table 6.2-1 permits for VR PN. No Type and no condition is asserted, and dciodvfy emits it at Warning severity with the word dubious. 1,209 of the 1,224 message classes in this SOP class fall under this rule, one per distinct name value, because the census keys a class on the normalised message text and the value sits inside it."
dciodvfy,edc918f1fd82,Warning - Value dubious for this VR - (TAG) PN Patient's Name PN [1] = <ProstateX-0212> - Retired Person Name form,Warning,1,PLAUSIBILITY,RETIRED_PN,"not applicable, no requirement is cited by the message",not applicable,,"Named in the rubric as a plausibility heuristic. The message is about the shape of a PN value, a single component with no caret delimiters, which PS3.5 Table 6.2-1 permits for VR PN. No Type and no condition is asserted, and dciodvfy emits it at Warning severity with the word dubious. 1,209 of the 1,224 message classes in this SOP class fall under this rule, one per distinct name value, because the census keys a class on the normalised message text and the value sits inside it."
dciodvfy,ee42438d6d99,Warning - Value dubious for this VR - (TAG) PN Patient's Name PN [1] = <ProstateX-0094> - Retired Person Name form,Warning,1,PLAUSIBILITY,RETIRED_PN,"not applicable, no requirement is cited by the message",not applicable,,"Named in the rubric as a plausibility heuristic. The message is about the shape of a PN value, a single component with no caret delimiters, which PS3.5 Table 6.2-1 permits for VR PN. No Type and no condition is asserted, and dciodvfy emits it at Warning severity with the word dubious. 1,209 of the 1,224 message classes in this SOP class fall under this rule, one per distinct name value, because the census keys a class on the normalised message text and the value sits inside it."
dciodvfy,ef24a143d201,Warning - Value dubious for this VR - (TAG) PN Patient's Name PN [1] = <ProstateX-0095> - Retired Person Name form,Warning,1,PLAUSIBILITY,RETIRED_PN,"not applicable, no requirement is cited by the message",not applicable,,"Named in the rubric as a plausibility heuristic. The message is about the shape of a PN value, a single component with no caret delimiters, which PS3.5 Table 6.2-1 permits for VR PN. No Type and no condition is asserted, and dciodvfy emits it at Warning severity with the word dubious. 1,209 of the 1,224 message classes in this SOP class fall under this rule, one per distinct name value, because the census keys a class on the normalised message text and the value sits inside it."
dciodvfy,efe1f1cb380b,Warning - Value dubious for this VR - (TAG) PN Patient's Name PN [1] = <ProstateX-0297> - Retired Person Name form,Warning,1,PLAUSIBILITY,RETIRED_PN,"not applicable, no requirement is cited by the message",not applicable,,"Named in the rubric as a plausibility heuristic. The message is about the shape of a PN value, a single component with no caret delimiters, which PS3.5 Table 6.2-1 permits for VR PN. No Type and no condition is asserted, and dciodvfy emits it at Warning severity with the word dubious. 1,209 of the 1,224 message classes in this SOP class fall under this rule, one per distinct name value, because the census keys a class on the normalised message text and the value sits inside it."
dciodvfy,f06d6542d3b7,Warning - Value dubious for this VR - (TAG) PN Patient's Name PN [1] = <RMS2408> - Retired Person Name form,Warning,1,PLAUSIBILITY,RETIRED_PN,"not applicable, no requirement is cited by the message",not applicable,,"Named in the rubric as a plausibility heuristic. The message is about the shape of a PN value, a single component with no caret delimiters, which PS3.5 Table 6.2-1 permits for VR PN. No Type and no condition is asserted, and dciodvfy emits it at Warning severity with the word dubious. 1,209 of the 1,224 message classes in this SOP class fall under this rule, one per distinct name value, because the census keys a class on the normalised message text and the value sits inside it."
dciodvfy,f4180d78f66e,Warning - Value dubious for this VR - (TAG) PN Patient's Name PN [1] = <ProstateX-0052> - Retired Person Name form,Warning,1,PLAUSIBILITY,RETIRED_PN,"not applicable, no requirement is cited by the message",not applicable,,"Named in the rubric as a plausibility heuristic. The message is about the shape of a PN value, a single component with no caret delimiters, which PS3.5 Table 6.2-1 permits for VR PN. No Type and no condition is asserted, and dciodvfy emits it at Warning severity with the word dubious. 1,209 of the 1,224 message classes in this SOP class fall under this rule, one per distinct name value, because the census keys a class on the normalised message text and the value sits inside it."
dciodvfy,f498d1ef3865,Warning - Value dubious for this VR - (TAG) PN Patient's Name PN [1] = <RMS2400> - Retired Person Name form,Warning,1,PLAUSIBILITY,RETIRED_PN,"not applicable, no requirement is cited by the message",not applicable,,"Named in the rubric as a plausibility heuristic. The message is about the shape of a PN value, a single component with no caret delimiters, which PS3.5 Table 6.2-1 permits for VR PN. No Type and no condition is asserted, and dciodvfy emits it at Warning severity with the word dubious. 1,209 of the 1,224 message classes in this SOP class fall under this rule, one per distinct name value, because the census keys a class on the normalised message text and the value sits inside it."
dciodvfy,f589b8c532ad,Warning - Value dubious for this VR - (TAG) PN Patient's Name PN [1] = <ProstateX-0288> - Retired Person Name form,Warning,1,PLAUSIBILITY,RETIRED_PN,"not applicable, no requirement is cited by the message",not applicable,,"Named in the rubric as a plausibility heuristic. The message is about the shape of a PN value, a single component with no caret delimiters, which PS3.5 Table 6.2-1 permits for VR PN. No Type and no condition is asserted, and dciodvfy emits it at Warning severity with the word dubious. 1,209 of the 1,224 message classes in this SOP class fall under this rule, one per distinct name value, because the census keys a class on the normalised message text and the value sits inside it."
dciodvfy,f7424791b987,Warning - Value dubious for this VR - (TAG) PN Patient's Name PN [1] = <ProstateX-0249> - Retired Person Name form,Warning,1,PLAUSIBILITY,RETIRED_PN,"not applicable, no requirement is cited by the message",not applicable,,"Named in the rubric as a plausibility heuristic. The message is about the shape of a PN value, a single component with no caret delimiters, which PS3.5 Table 6.2-1 permits for VR PN. No Type and no condition is asserted, and dciodvfy emits it at Warning severity with the word dubious. 1,209 of the 1,224 message classes in this SOP class fall under this rule, one per distinct name value, because the census keys a class on the normalised message text and the value sits inside it."
dciodvfy,f8196b321381,Warning - Value dubious for this VR - (TAG) PN Patient's Name PN [1] = <ProstateX-0217> - Retired Person Name form,Warning,1,PLAUSIBILITY,RETIRED_PN,"not applicable, no requirement is cited by the message",not applicable,,"Named in the rubric as a plausibility heuristic. The message is about the shape of a PN value, a single component with no caret delimiters, which PS3.5 Table 6.2-1 permits for VR PN. No Type and no condition is asserted, and dciodvfy emits it at Warning severity with the word dubious. 1,209 of the 1,224 message classes in this SOP class fall under this rule, one per distinct name value, because the census keys a class on the normalised message text and the value sits inside it."
dciodvfy,f92fa20e4c25,Warning - Value dubious for this VR - (TAG) PN Patient's Name PN [1] = <ProstateX-0250> - Retired Person Name form,Warning,1,PLAUSIBILITY,RETIRED_PN,"not applicable, no requirement is cited by the message",not applicable,,"Named in the rubric as a plausibility heuristic. The message is about the shape of a PN value, a single component with no caret delimiters, which PS3.5 Table 6.2-1 permits for VR PN. No Type and no condition is asserted, and dciodvfy emits it at Warning severity with the word dubious. 1,209 of the 1,224 message classes in this SOP class fall under this rule, one per distinct name value, because the census keys a class on the normalised message text and the value sits inside it."
dciodvfy,f9b5ef98ea57,Warning - Value dubious for this VR - (TAG) PN Patient's Name PN [1] = <ProstateX-0339> - Retired Person Name form,Warning,1,PLAUSIBILITY,RETIRED_PN,"not applicable, no requirement is cited by the message",not applicable,,"Named in the rubric as a plausibility heuristic. The message is about the shape of a PN value, a single component with no caret delimiters, which PS3.5 Table 6.2-1 permits for VR PN. No Type and no condition is asserted, and dciodvfy emits it at Warning severity with the word dubious. 1,209 of the 1,224 message classes in this SOP class fall under this rule, one per distinct name value, because the census keys a class on the normalised message text and the value sits inside it."
dciodvfy,fa08cb0766d7,Warning - Value dubious for this VR - (TAG) PN Patient's Name PN [1] = <ProstateX-0098> - Retired Person Name form,Warning,1,PLAUSIBILITY,RETIRED_PN,"not applicable, no requirement is cited by the message",not applicable,,"Named in the rubric as a plausibility heuristic. The message is about the shape of a PN value, a single component with no caret delimiters, which PS3.5 Table 6.2-1 permits for VR PN. No Type and no condition is asserted, and dciodvfy emits it at Warning severity with the word dubious. 1,209 of the 1,224 message classes in this SOP class fall under this rule, one per distinct name value, because the census keys a class on the normalised message text and the value sits inside it."
dciodvfy,faa7f95d46fc,Warning - Value dubious for this VR - (TAG) PN Patient's Name PN [1] = <ProstateX-0073> - Retired Person Name form,Warning,1,PLAUSIBILITY,RETIRED_PN,"not applicable, no requirement is cited by the message",not applicable,,"Named in the rubric as a plausibility heuristic. The message is about the shape of a PN value, a single component with no caret delimiters, which PS3.5 Table 6.2-1 permits for VR PN. No Type and no condition is asserted, and dciodvfy emits it at Warning severity with the word dubious. 1,209 of the 1,224 message classes in this SOP class fall under this rule, one per distinct name value, because the census keys a class on the normalised message text and the value sits inside it."
dciodvfy,fac4a943c443,Warning - Value dubious for this VR - (TAG) PN Patient's Name PN [1] = <ProstateX-0132> - Retired Person Name form,Warning,1,PLAUSIBILITY,RETIRED_PN,"not applicable, no requirement is cited by the message",not applicable,,"Named in the rubric as a plausibility heuristic. The message is about the shape of a PN value, a single component with no caret delimiters, which PS3.5 Table 6.2-1 permits for VR PN. No Type and no condition is asserted, and dciodvfy emits it at Warning severity with the word dubious. 1,209 of the 1,224 message classes in this SOP class fall under this rule, one per distinct name value, because the census keys a class on the normalised message text and the value sits inside it."
dciodvfy,fb481a549b83,Warning - Value dubious for this VR - (TAG) PN Patient's Name PN [1] = <ProstateX-0053> - Retired Person Name form,Warning,1,PLAUSIBILITY,RETIRED_PN,"not applicable, no requirement is cited by the message",not applicable,,"Named in the rubric as a plausibility heuristic. The message is about the shape of a PN value, a single component with no caret delimiters, which PS3.5 Table 6.2-1 permits for VR PN. No Type and no condition is asserted, and dciodvfy emits it at Warning severity with the word dubious. 1,209 of the 1,224 message classes in this SOP class fall under this rule, one per distinct name value, because the census keys a class on the normalised message text and the value sits inside it."
dciodvfy,fb6cd899e490,Warning - Value dubious for this VR - (TAG) PN Patient's Name PN [1] = <ProstateX-0322> - Retired Person Name form,Warning,1,PLAUSIBILITY,RETIRED_PN,"not applicable, no requirement is cited by the message",not applicable,,"Named in the rubric as a plausibility heuristic. The message is about the shape of a PN value, a single component with no caret delimiters, which PS3.5 Table 6.2-1 permits for VR PN. No Type and no condition is asserted, and dciodvfy emits it at Warning severity with the word dubious. 1,209 of the 1,224 message classes in this SOP class fall under this rule, one per distinct name value, because the census keys a class on the normalised message text and the value sits inside it."
dciodvfy,fbebbabbe008,Warning - Value dubious for this VR - (TAG) PN Patient's Name PN [1] = <ProstateX-0216> - Retired Person Name form,Warning,1,PLAUSIBILITY,RETIRED_PN,"not applicable, no requirement is cited by the message",not applicable,,"Named in the rubric as a plausibility heuristic. The message is about the shape of a PN value, a single component with no caret delimiters, which PS3.5 Table 6.2-1 permits for VR PN. No Type and no condition is asserted, and dciodvfy emits it at Warning severity with the word dubious. 1,209 of the 1,224 message classes in this SOP class fall under this rule, one per distinct name value, because the census keys a class on the normalised message text and the value sits inside it."
dciodvfy,fcf4a6d2c48e,Warning - Value dubious for this VR - (TAG) PN Patient's Name PN [1] = <ProstateX-0263> - Retired Person Name form,Warning,1,PLAUSIBILITY,RETIRED_PN,"not applicable, no requirement is cited by the message",not applicable,,"Named in the rubric as a plausibility heuristic. The message is about the shape of a PN value, a single component with no caret delimiters, which PS3.5 Table 6.2-1 permits for VR PN. No Type and no condition is asserted, and dciodvfy emits it at Warning severity with the word dubious. 1,209 of the 1,224 message classes in this SOP class fall under this rule, one per distinct name value, because the census keys a class on the normalised message text and the value sits inside it."
dciodvfy,fdcb2b1d1385,Warning - Value dubious for this VR - (TAG) PN Patient's Name PN [1] = <ProstateX-0344> - Retired Person Name form,Warning,1,PLAUSIBILITY,RETIRED_PN,"not applicable, no requirement is cited by the message",not applicable,,"Named in the rubric as a plausibility heuristic. The message is about the shape of a PN value, a single component with no caret delimiters, which PS3.5 Table 6.2-1 permits for VR PN. No Type and no condition is asserted, and dciodvfy emits it at Warning severity with the word dubious. 1,209 of the 1,224 message classes in this SOP class fall under this rule, one per distinct name value, because the census keys a class on the normalised message text and the value sits inside it."
dciodvfy,fe601d1afb82,Warning - Value dubious for this VR - (TAG) PN Patient's Name PN [1] = <ProstateX-0039> - Retired Person Name form,Warning,1,PLAUSIBILITY,RETIRED_PN,"not applicable, no requirement is cited by the message",not applicable,,"Named in the rubric as a plausibility heuristic. The message is about the shape of a PN value, a single component with no caret delimiters, which PS3.5 Table 6.2-1 permits for VR PN. No Type and no condition is asserted, and dciodvfy emits it at Warning severity with the word dubious. 1,209 of the 1,224 message classes in this SOP class fall under this rule, one per distinct name value, because the census keys a class on the normalised message text and the value sits inside it."
dciodvfy,ff85e588f254,Warning - Value dubious for this VR - (TAG) PN Patient's Name PN [1] = <ProstateX-0067> - Retired Person Name form,Warning,1,PLAUSIBILITY,RETIRED_PN,"not applicable, no requirement is cited by the message",not applicable,,"Named in the rubric as a plausibility heuristic. The message is about the shape of a PN value, a single component with no caret delimiters, which PS3.5 Table 6.2-1 permits for VR PN. No Type and no condition is asserted, and dciodvfy emits it at Warning severity with the word dubious. 1,209 of the 1,224 message classes in this SOP class fall under this rule, one per distinct name value, because the census keys a class on the normalised message text and the value sits inside it."
dciodvfy,ffa678789c64,Warning - Value dubious for this VR - (TAG) PN Patient's Name PN [1] = <ProstateX-0186> - Retired Person Name form,Warning,1,PLAUSIBILITY,RETIRED_PN,"not applicable, no requirement is cited by the message",not applicable,,"Named in the rubric as a plausibility heuristic. The message is about the shape of a PN value, a single component with no caret delimiters, which PS3.5 Table 6.2-1 permits for VR PN. No Type and no condition is asserted, and dciodvfy emits it at Warning severity with the word dubious. 1,209 of the 1,224 message classes in this SOP class fall under this rule, one per distinct name value, because the census keys a class on the normalised message text and the value sits inside it."
dciodvfy,ffc7dd06866b,Warning - Value dubious for this VR - (TAG) PN Patient's Name PN [1] = <ProstateX-0156> - Retired Person Name form,Warning,1,PLAUSIBILITY,RETIRED_PN,"not applicable, no requirement is cited by the message",not applicable,,"Named in the rubric as a plausibility heuristic. The message is about the shape of a PN value, a single component with no caret delimiters, which PS3.5 Table 6.2-1 permits for VR PN. No Type and no condition is asserted, and dciodvfy emits it at Warning severity with the word dubious. 1,209 of the 1,224 message classes in this SOP class fall under this rule, one per distinct name value, because the census keys a class on the normalised message text and the value sits inside it."
dciodvfy,ffd6bc490551,Warning - Value dubious for this VR - (TAG) PN Patient's Name PN [1] = <ProstateX-0015> - Retired Person Name form,Warning,1,PLAUSIBILITY,RETIRED_PN,"not applicable, no requirement is cited by the message",not applicable,,"Named in the rubric as a plausibility heuristic. The message is about the shape of a PN value, a single component with no caret delimiters, which PS3.5 Table 6.2-1 permits for VR PN. No Type and no condition is asserted, and dciodvfy emits it at Warning severity with the word dubious. 1,209 of the 1,224 message classes in this SOP class fall under this rule, one per distinct name value, because the census keys a class on the normalised message text and the value sits inside it."
dciodvfy,ffdce072b4d1,Warning - Value dubious for this VR - (TAG) PN Patient's Name PN [1] = <RMS2277> - Retired Person Name form,Warning,1,PLAUSIBILITY,RETIRED_PN,"not applicable, no requirement is cited by the message",not applicable,,"Named in the rubric as a plausibility heuristic. The message is about the shape of a PN value, a single component with no caret delimiters, which PS3.5 Table 6.2-1 permits for VR PN. No Type and no condition is asserted, and dciodvfy emits it at Warning severity with the word dubious. 1,209 of the 1,224 message classes in this SOP class fall under this rule, one per distinct name value, because the census keys a class on the normalised message text and the value sits inside it."
dicom-validator,7ece92bac474,Module <Clinical Trial Subject> Tag (TAG) (Clinical Trial Site Name) is missing,ERROR,935,NET,DV_CT_SITE_MISSING,PS3.3 Section C.7.1.3 Clinical Trial Subject Module; PS3.3 Section A.1.3.3 User Option Modules; Type 2 semantics in PS3.5 Section 7.4.3,"PS3.3 Table C.7-2b Clinical Trial Subject Module Attributes, rows Clinical Trial Site ID (0012,0030) Type 2 and Clinical Trial Site Name (0012,0031) Type 2; PS3.3 Table A.35.13-1 Comprehensive 3D SR IOD Modules, row Clinical Trial Subject, Usage U","PS3.3 Table C.7-2b, row ""Clinical Trial Site Name"", tag (0012,0031), Type 2: ""Name of the site responsible for submitting clinical trial or research data."" PS3.3 Section A.1.3.3: ""User Option Modules may or may not be supported. If an optional Module is supported, the Attribute Types specified in the Modules in Annex C shall be supported."" PS3.5 Section 7.4.3: ""These Data Elements shall be included in the Data Set and their absence is a protocol violation.""","The second codebase on the same finding, by a different route. Its error code here is ErrorCode.TagMissing, documented in dicom-validator 0.8.2 as Mandatory tag is missing from a module, not ErrorCode.TagUnexpected, so the modelling defect recorded against this tool for nested macro children in the Comprehensive SR adjudication does not reach it. It reaches the module presence question through _does_module_strongly_exist, which requires the module to carry at least one attribute that no other candidate module carries. That heuristic is the tool's, not the standard's, so this rule carries the same recorded residual and the same demotion in the sensitivity table as the dciodvfy class it agrees with."
dicom-validator,4236b7da7d99,Module <Patient> Tag (TAG) (De-identification Method) is missing,ERROR,828,NET,DV_DEIDENT_MISSING,PS3.3 Section C.7.1.1 Patient Module; Type 1C semantics in PS3.5 Section 7.4.2,"PS3.3 Table C.7-1 Patient Module Attributes, rows De-identification Method (0012,0063) Type 1C and De-identification Method Code Sequence (0012,0064) Type 1C","PS3.3 Table C.7-1, row ""De-identification Method"", tag (0012,0063), Type 1C: ""Required if Patient Identity Removed (0012,0062) is present and has a Value of YES and De-identification Method Code Sequence (0012,0064) is not present. May be present otherwise."" Row ""De-identification Method Code Sequence"", tag (0012,0064), Type 1C: ""Required if Patient Identity Removed (0012,0062) is present and has a Value of YES and De-identification Method (0012,0063) is not present. May be present otherwise."" PS3.5 Section 7.4.2: ""It is a protocol violation if the specified conditions are met and the Data Element is not included.""","Independent confirmation in the strict sense. The two tools do not share a parsed model, a condition evaluator or a codebase, and dicom-validator's condition for (0012,0063), read back from its 2026c model, is the conjunction of (0012,0062) equal to YES and (0012,0064) absent, which is Table C.7-1's condition. The error code is TagMissing, so the TagUnexpected modelling defect does not reach it. Identical object sets, 828 on each of the two attributes, nothing on any side of any difference."
dicom-validator,e897560f8e1b,Module <Patient> Tag (TAG) (De-identification Method Code Sequence) is missing,ERROR,828,NET,DV_DEIDENT_MISSING,PS3.3 Section C.7.1.1 Patient Module; Type 1C semantics in PS3.5 Section 7.4.2,"PS3.3 Table C.7-1 Patient Module Attributes, rows De-identification Method (0012,0063) Type 1C and De-identification Method Code Sequence (0012,0064) Type 1C","PS3.3 Table C.7-1, row ""De-identification Method"", tag (0012,0063), Type 1C: ""Required if Patient Identity Removed (0012,0062) is present and has a Value of YES and De-identification Method Code Sequence (0012,0064) is not present. May be present otherwise."" Row ""De-identification Method Code Sequence"", tag (0012,0064), Type 1C: ""Required if Patient Identity Removed (0012,0062) is present and has a Value of YES and De-identification Method (0012,0063) is not present. May be present otherwise."" PS3.5 Section 7.4.2: ""It is a protocol violation if the specified conditions are met and the Data Element is not included.""","Independent confirmation in the strict sense. The two tools do not share a parsed model, a condition evaluator or a codebase, and dicom-validator's condition for (0012,0063), read back from its 2026c model, is the conjunction of (0012,0062) equal to YES and (0012,0064) absent, which is Table C.7-1's condition. The error code is TagMissing, so the TagUnexpected modelling defect does not reach it. Identical object sets, 828 on each of the two attributes, nothing on any side of any difference."
dicom-validator,041ad0826016,Module <General> Tag (TAG) (Ethnic Group) is unexpected,ERROR,129,FLOOR,DV_ETHNIC_GROUP_UNEXPECTED,PS3.3 Section C.7.1.1 Patient Module; PS3.4 Section B.4.1.1 Levels of Storage Support; PS3.6 Section 6 Registry of DICOM Data Elements,"PS3.3 Table C.7-1 Patient Module Attributes, row Ethnic Groups (0010,2162) Type 3; PS3.6 Table 6-1 Registry of DICOM Data Elements, row (0010,2160) Ethnic Group","PS3.3 Table C.7-1, row ""Ethnic Groups"", tag (0010,2162), Type 3: ""Ethnic group(s) or race(s) of Patient. One or more Values may be present. This Attribute replaces the use of Ethnic Group (0010,2160), which has been retired. See PS3.3-2025a."" PS3.6 Table 6-1 still carries the row ""(0010,2160) | Ethnic Group | EthnicGroup | SH | 1 | RET (2025a)"". PS3.4 Section B.4.1.1 Levels of Storage Support: ""Storage Level 2 (Full) indicates that all Type 1, Type 2, and Type 3 Attributes defined in the Information Object Definition associated with the SOP Class, as well as any Standard Extended Attributes (including Private Attributes) included in the SOP Instance, will be stored and may be accessed.""","A retired attribute present, which the rubric names as a FLOOR case. (0010,2160) is still allocated in PS3.6 Table 6-1 and marked RET (2025a), and PS3.3 Table C.7-1 records its retirement in the Attribute Description of the attribute that replaced it rather than prohibiting it. PS3.4 Section B.4.1.1 is the standard contemplating a SOP Instance that carries attributes beyond those the IOD defines, and naming the storage behaviour for them. The message is not a Type verdict: dicom-validator 0.8.2 documents ErrorCode.TagUnexpected as Tag is not in any allowed module and renders it as is unexpected, and it is collected under the pseudo-module name General rather than against any real module, so it fires on every attribute outside the IOD's module set. dciodvfy does not raise it on any of these objects. Corroboration and not the basis of the verdict: 29 of the 32 rows in results/floor_set.csv are is unexpected messages from the same tool against known-good objects."
dicom-validator,3f48ea07519c,Module <General Study> (TAG) (Referenced Study Sequence) Tag (TAG) (Referenced SOP Class UID) is missing,ERROR,38,NET,DV_REF_SOP_CLASS_MISSING,PS3.3 Section 10.8 SOP Instance Reference Macro; reached from PS3.3 Section C.7.2.1 General Study Module; Type 1 semantics in PS3.5 Section 7.4.1 and per-Item scope in PS3.5 Section 7.4.6,"PS3.3 Table 10-11 SOP Instance Reference Macro Attributes, row Referenced SOP Class UID (0008,1150) Type 1; included by PS3.3 Table C.7-3 General Study Module Attributes, row Referenced Study Sequence (0008,1110) Type 3","PS3.3 Table 10-11, row ""Referenced SOP Class UID"", tag (0008,1150), Type 1: ""Uniquely identifies the referenced SOP Class."" PS3.5 Section 7.4.1: ""Absence of a valid Value in a Type 1 Data Element is a protocol violation."" PS3.5 Section 7.4.6: ""The Types of the Attributes of the Data Set included in the Sequence, including any conditionality, are specified within the scope of each Data Set, i.e., for each Item present in the Sequence.""","The same 38 objects dciodvfy reports, found by a second codebase, and the message names the enclosing Referenced Study Sequence that dciodvfy's Module=<SOPInstanceReferenceMacro> leaves unnamed. Error code TagMissing."
dicom-validator,0f60c1041ba6,Module <Clinical Trial Subject> Tag (TAG) (Clinical Trial Site ID) is missing,ERROR,8,NET,DV_CT_SITE_MISSING,PS3.3 Section C.7.1.3 Clinical Trial Subject Module; PS3.3 Section A.1.3.3 User Option Modules; Type 2 semantics in PS3.5 Section 7.4.3,"PS3.3 Table C.7-2b Clinical Trial Subject Module Attributes, rows Clinical Trial Site ID (0012,0030) Type 2 and Clinical Trial Site Name (0012,0031) Type 2; PS3.3 Table A.35.13-1 Comprehensive 3D SR IOD Modules, row Clinical Trial Subject, Usage U","PS3.3 Table C.7-2b, row ""Clinical Trial Site Name"", tag (0012,0031), Type 2: ""Name of the site responsible for submitting clinical trial or research data."" PS3.3 Section A.1.3.3: ""User Option Modules may or may not be supported. If an optional Module is supported, the Attribute Types specified in the Modules in Annex C shall be supported."" PS3.5 Section 7.4.3: ""These Data Elements shall be included in the Data Set and their absence is a protocol violation.""","The second codebase on the same finding, by a different route. Its error code here is ErrorCode.TagMissing, documented in dicom-validator 0.8.2 as Mandatory tag is missing from a module, not ErrorCode.TagUnexpected, so the modelling defect recorded against this tool for nested macro children in the Comprehensive SR adjudication does not reach it. It reaches the module presence question through _does_module_strongly_exist, which requires the module to carry at least one attribute that no other candidate module carries. That heuristic is the tool's, not the standard's, so this rule carries the same recorded residual and the same demotion in the sensitivity table as the dciodvfy class it agrees with."
