validator,message_class_id,message_template,severity_as_emitted,objects,adjudication,citation_section,citation_table,citation_quote,rationale
dciodvfy,458af26c2f99,Warning - Unrecognized defined term <AGGRESSIVENESS> for value 3 of attribute <Image Type>,Warning,691,FLOOR,"PS3.3 C.8.32.2, with PS3.3 C.8.16.1.3 and PS3.5 3.10",Table C.8.32-2; Table C.8-129,"PS3.3 C.8.32.2, Table C.8.32-2, Parametric Map Image Module Attributes, Image Type (0008,0008), Type 1: ""Value 3 shall be Image Flavor, common Defined Terms for which are specified in Section C.8.16.1.3."" PS3.3 C.8.16.1.3, Table C.8-129, Image Type and Frame Type Value 3 Common: ""Additional Defined Terms are defined in the modality-specific Module and Macro definitions."" PS3.5 3.10: ""The Value of a Data Element is a Defined Term when the Value of the Data Element may be one of an explicitly specified set of standard Values, and these Values may be extended by implementers."" PS3.5 3.10, for contrast: ""The Value of a Data Element is an Enumerated Value when the Value of the Data Element must be one of an explicitly specified set of standard Values, and these Values shall not be extended by implementers.""","The question is whether value 3 of Image Type is an extensible Defined Term list or a closed Enumerated Value list for the Parametric Map IOD specifically. Table C.8.32-2, which is the Parametric Map Image Module's own attribute table, says Defined Terms and points at C.8.16.1.3, whose list Table C.8-129 is labelled common and is stated to admit additional terms. PS3.5 3.10 defines a Defined Term as extensible by implementers and an Enumerated Value as not. AGGRESSIVENESS is therefore an extension the standard permits at this position. dciodvfy's own wording, unrecognized defined term, agrees that the position holds a Defined Term, and it emits the message at Warning."
dciodvfy,4ad0c5efd0ef,Warning - Unrecognized defined term <AI> for value 4 of attribute <Image Type>,Warning,691,FLOOR,"PS3.3 C.8.32.2, with PS3.3 C.8.16.1.4 and PS3.5 3.10",Table C.8.32-2; Table C.8-130,"PS3.3 C.8.32.2, Table C.8.32-2, Parametric Map Image Module Attributes, Image Type (0008,0008), Type 1: ""Value 4 shall be Derived Pixel Contrast, common Defined Terms for which are specified in Section C.8.16.1.4."" PS3.3 C.8.16.1.4, Table C.8-130, Image Type and Frame Type Value 4 Common: ""Additional Defined Terms are defined in the modality-specific Module and Macro definitions."" PS3.5 3.10: ""The Value of a Data Element is a Defined Term when the Value of the Data Element may be one of an explicitly specified set of standard Values, and these Values may be extended by implementers."" PS3.5 3.10, for contrast: ""The Value of a Data Element is an Enumerated Value when the Value of the Data Element must be one of an explicitly specified set of standard Values, and these Values shall not be extended by implementers.""","Same construction as value 3. Table C.8.32-2 marks value 4 a Defined Term and points at C.8.16.1.4, whose Table C.8-130 list is labelled common and admits additional terms, and PS3.5 3.10 makes Defined Terms extensible by implementers. AI is an extension the standard permits at this position. Emitted at Warning."
dciodvfy,49b2f85a1e4d,Warning - Value dubious for this VR - (TAG) PN Patient's Name PN [1] = <TCGA-06-0152> - Retired Person Name form,Warning,9,PLAUSIBILITY,PS3.5 6.2,"Table 6.2-1, PN","PS3.5 6.2, Table 6.2-1, PN: ""A character string encoded using a 5 component convention."" PS3.5 6.2, on omission: ""Trailing null components and their delimiters may be omitted."" PS3.5 6.2, on the single component form: ""for reasons of backward compatibility with older versions of this Standard, person names might be considered a single family name complex (single component without ""^"" delimiters).""","dciodvfy reports the value as dubious for the VR. It names no Type and no condition, and dubious is a judgement about value quality rather than about conformance, which is the definition of the PLAUSIBILITY category. No requirement is available to cite against it: PS3.5 permits trailing null components and their delimiters to be omitted, so a single component PN is a well formed value of the VR. Each distinct patient identifier is its own message class because the value is inside the message text, so this one rule covers 336 message classes that differ only in that value."
dciodvfy,af17c6790fce,Warning - Value dubious for this VR - (TAG) PN Patient's Name PN [1] = <TCGA-08-0518> - Retired Person Name form,Warning,8,PLAUSIBILITY,PS3.5 6.2,"Table 6.2-1, PN","PS3.5 6.2, Table 6.2-1, PN: ""A character string encoded using a 5 component convention."" PS3.5 6.2, on omission: ""Trailing null components and their delimiters may be omitted."" PS3.5 6.2, on the single component form: ""for reasons of backward compatibility with older versions of this Standard, person names might be considered a single family name complex (single component without ""^"" delimiters).""","dciodvfy reports the value as dubious for the VR. It names no Type and no condition, and dubious is a judgement about value quality rather than about conformance, which is the definition of the PLAUSIBILITY category. No requirement is available to cite against it: PS3.5 permits trailing null components and their delimiters to be omitted, so a single component PN is a well formed value of the VR. Each distinct patient identifier is its own message class because the value is inside the message text, so this one rule covers 336 message classes that differ only in that value."
dciodvfy,bbe2d3f4bfe9,Warning - Value dubious for this VR - (TAG) PN Patient's Name PN [1] = <TCGA-06-0209> - Retired Person Name form,Warning,8,PLAUSIBILITY,PS3.5 6.2,"Table 6.2-1, PN","PS3.5 6.2, Table 6.2-1, PN: ""A character string encoded using a 5 component convention."" PS3.5 6.2, on omission: ""Trailing null components and their delimiters may be omitted."" PS3.5 6.2, on the single component form: ""for reasons of backward compatibility with older versions of this Standard, person names might be considered a single family name complex (single component without ""^"" delimiters).""","dciodvfy reports the value as dubious for the VR. It names no Type and no condition, and dubious is a judgement about value quality rather than about conformance, which is the definition of the PLAUSIBILITY category. No requirement is available to cite against it: PS3.5 permits trailing null components and their delimiters to be omitted, so a single component PN is a well formed value of the VR. Each distinct patient identifier is its own message class because the value is inside the message text, so this one rule covers 336 message classes that differ only in that value."
dciodvfy,73bcaf7224f0,Warning - Value dubious for this VR - (TAG) PN Patient's Name PN [1] = <TCGA-06-0166> - Retired Person Name form,Warning,7,PLAUSIBILITY,PS3.5 6.2,"Table 6.2-1, PN","PS3.5 6.2, Table 6.2-1, PN: ""A character string encoded using a 5 component convention."" PS3.5 6.2, on omission: ""Trailing null components and their delimiters may be omitted."" PS3.5 6.2, on the single component form: ""for reasons of backward compatibility with older versions of this Standard, person names might be considered a single family name complex (single component without ""^"" delimiters).""","dciodvfy reports the value as dubious for the VR. It names no Type and no condition, and dubious is a judgement about value quality rather than about conformance, which is the definition of the PLAUSIBILITY category. No requirement is available to cite against it: PS3.5 permits trailing null components and their delimiters to be omitted, so a single component PN is a well formed value of the VR. Each distinct patient identifier is its own message class because the value is inside the message text, so this one rule covers 336 message classes that differ only in that value."
dciodvfy,c3d5c1cd1802,Warning - Value dubious for this VR - (TAG) PN Patient's Name PN [1] = <TCGA-12-0769> - Retired Person Name form,Warning,7,PLAUSIBILITY,PS3.5 6.2,"Table 6.2-1, PN","PS3.5 6.2, Table 6.2-1, PN: ""A character string encoded using a 5 component convention."" PS3.5 6.2, on omission: ""Trailing null components and their delimiters may be omitted."" PS3.5 6.2, on the single component form: ""for reasons of backward compatibility with older versions of this Standard, person names might be considered a single family name complex (single component without ""^"" delimiters).""","dciodvfy reports the value as dubious for the VR. It names no Type and no condition, and dubious is a judgement about value quality rather than about conformance, which is the definition of the PLAUSIBILITY category. No requirement is available to cite against it: PS3.5 permits trailing null components and their delimiters to be omitted, so a single component PN is a well formed value of the VR. Each distinct patient identifier is its own message class because the value is inside the message text, so this one rule covers 336 message classes that differ only in that value."
dciodvfy,e4f575ba77d8,Warning - Value dubious for this VR - (TAG) PN Patient's Name PN [1] = <TCGA-06-0188> - Retired Person Name form,Warning,7,PLAUSIBILITY,PS3.5 6.2,"Table 6.2-1, PN","PS3.5 6.2, Table 6.2-1, PN: ""A character string encoded using a 5 component convention."" PS3.5 6.2, on omission: ""Trailing null components and their delimiters may be omitted."" PS3.5 6.2, on the single component form: ""for reasons of backward compatibility with older versions of this Standard, person names might be considered a single family name complex (single component without ""^"" delimiters).""","dciodvfy reports the value as dubious for the VR. It names no Type and no condition, and dubious is a judgement about value quality rather than about conformance, which is the definition of the PLAUSIBILITY category. No requirement is available to cite against it: PS3.5 permits trailing null components and their delimiters to be omitted, so a single component PN is a well formed value of the VR. Each distinct patient identifier is its own message class because the value is inside the message text, so this one rule covers 336 message classes that differ only in that value."
dciodvfy,e6c9b37c1cdb,Warning - Value dubious for this VR - (TAG) PN Patient's Name PN [1] = <TCGA-14-0789> - Retired Person Name form,Warning,7,PLAUSIBILITY,PS3.5 6.2,"Table 6.2-1, PN","PS3.5 6.2, Table 6.2-1, PN: ""A character string encoded using a 5 component convention."" PS3.5 6.2, on omission: ""Trailing null components and their delimiters may be omitted."" PS3.5 6.2, on the single component form: ""for reasons of backward compatibility with older versions of this Standard, person names might be considered a single family name complex (single component without ""^"" delimiters).""","dciodvfy reports the value as dubious for the VR. It names no Type and no condition, and dubious is a judgement about value quality rather than about conformance, which is the definition of the PLAUSIBILITY category. No requirement is available to cite against it: PS3.5 permits trailing null components and their delimiters to be omitted, so a single component PN is a well formed value of the VR. Each distinct patient identifier is its own message class because the value is inside the message text, so this one rule covers 336 message classes that differ only in that value."
dciodvfy,01510446677e,Warning - Value dubious for this VR - (TAG) PN Patient's Name PN [1] = <TCGA-06-0208> - Retired Person Name form,Warning,6,PLAUSIBILITY,PS3.5 6.2,"Table 6.2-1, PN","PS3.5 6.2, Table 6.2-1, PN: ""A character string encoded using a 5 component convention."" PS3.5 6.2, on omission: ""Trailing null components and their delimiters may be omitted."" PS3.5 6.2, on the single component form: ""for reasons of backward compatibility with older versions of this Standard, person names might be considered a single family name complex (single component without ""^"" delimiters).""","dciodvfy reports the value as dubious for the VR. It names no Type and no condition, and dubious is a judgement about value quality rather than about conformance, which is the definition of the PLAUSIBILITY category. No requirement is available to cite against it: PS3.5 permits trailing null components and their delimiters to be omitted, so a single component PN is a well formed value of the VR. Each distinct patient identifier is its own message class because the value is inside the message text, so this one rule covers 336 message classes that differ only in that value."
dciodvfy,1beb3fe70b8d,Warning - Value dubious for this VR - (TAG) PN Patient's Name PN [1] = <TCGA-19-A60I> - Retired Person Name form,Warning,6,PLAUSIBILITY,PS3.5 6.2,"Table 6.2-1, PN","PS3.5 6.2, Table 6.2-1, PN: ""A character string encoded using a 5 component convention."" PS3.5 6.2, on omission: ""Trailing null components and their delimiters may be omitted."" PS3.5 6.2, on the single component form: ""for reasons of backward compatibility with older versions of this Standard, person names might be considered a single family name complex (single component without ""^"" delimiters).""","dciodvfy reports the value as dubious for the VR. It names no Type and no condition, and dubious is a judgement about value quality rather than about conformance, which is the definition of the PLAUSIBILITY category. No requirement is available to cite against it: PS3.5 permits trailing null components and their delimiters to be omitted, so a single component PN is a well formed value of the VR. Each distinct patient identifier is its own message class because the value is inside the message text, so this one rule covers 336 message classes that differ only in that value."
dciodvfy,1e921e8d3bc8,Warning - Value dubious for this VR - (TAG) PN Patient's Name PN [1] = <TCGA-12-0778> - Retired Person Name form,Warning,6,PLAUSIBILITY,PS3.5 6.2,"Table 6.2-1, PN","PS3.5 6.2, Table 6.2-1, PN: ""A character string encoded using a 5 component convention."" PS3.5 6.2, on omission: ""Trailing null components and their delimiters may be omitted."" PS3.5 6.2, on the single component form: ""for reasons of backward compatibility with older versions of this Standard, person names might be considered a single family name complex (single component without ""^"" delimiters).""","dciodvfy reports the value as dubious for the VR. It names no Type and no condition, and dubious is a judgement about value quality rather than about conformance, which is the definition of the PLAUSIBILITY category. No requirement is available to cite against it: PS3.5 permits trailing null components and their delimiters to be omitted, so a single component PN is a well formed value of the VR. Each distinct patient identifier is its own message class because the value is inside the message text, so this one rule covers 336 message classes that differ only in that value."
dciodvfy,23b10d18510d,Warning - Value dubious for this VR - (TAG) PN Patient's Name PN [1] = <TCGA-12-0691> - Retired Person Name form,Warning,6,PLAUSIBILITY,PS3.5 6.2,"Table 6.2-1, PN","PS3.5 6.2, Table 6.2-1, PN: ""A character string encoded using a 5 component convention."" PS3.5 6.2, on omission: ""Trailing null components and their delimiters may be omitted."" PS3.5 6.2, on the single component form: ""for reasons of backward compatibility with older versions of this Standard, person names might be considered a single family name complex (single component without ""^"" delimiters).""","dciodvfy reports the value as dubious for the VR. It names no Type and no condition, and dubious is a judgement about value quality rather than about conformance, which is the definition of the PLAUSIBILITY category. No requirement is available to cite against it: PS3.5 permits trailing null components and their delimiters to be omitted, so a single component PN is a well formed value of the VR. Each distinct patient identifier is its own message class because the value is inside the message text, so this one rule covers 336 message classes that differ only in that value."
dciodvfy,248fc23ff03b,Warning - Value dubious for this VR - (TAG) PN Patient's Name PN [1] = <TCGA-14-1451> - Retired Person Name form,Warning,6,PLAUSIBILITY,PS3.5 6.2,"Table 6.2-1, PN","PS3.5 6.2, Table 6.2-1, PN: ""A character string encoded using a 5 component convention."" PS3.5 6.2, on omission: ""Trailing null components and their delimiters may be omitted."" PS3.5 6.2, on the single component form: ""for reasons of backward compatibility with older versions of this Standard, person names might be considered a single family name complex (single component without ""^"" delimiters).""","dciodvfy reports the value as dubious for the VR. It names no Type and no condition, and dubious is a judgement about value quality rather than about conformance, which is the definition of the PLAUSIBILITY category. No requirement is available to cite against it: PS3.5 permits trailing null components and their delimiters to be omitted, so a single component PN is a well formed value of the VR. Each distinct patient identifier is its own message class because the value is inside the message text, so this one rule covers 336 message classes that differ only in that value."
dciodvfy,2a813f9277da,Warning - Value dubious for this VR - (TAG) PN Patient's Name PN [1] = <TCGA-12-0616> - Retired Person Name form,Warning,6,PLAUSIBILITY,PS3.5 6.2,"Table 6.2-1, PN","PS3.5 6.2, Table 6.2-1, PN: ""A character string encoded using a 5 component convention."" PS3.5 6.2, on omission: ""Trailing null components and their delimiters may be omitted."" PS3.5 6.2, on the single component form: ""for reasons of backward compatibility with older versions of this Standard, person names might be considered a single family name complex (single component without ""^"" delimiters).""","dciodvfy reports the value as dubious for the VR. It names no Type and no condition, and dubious is a judgement about value quality rather than about conformance, which is the definition of the PLAUSIBILITY category. No requirement is available to cite against it: PS3.5 permits trailing null components and their delimiters to be omitted, so a single component PN is a well formed value of the VR. Each distinct patient identifier is its own message class because the value is inside the message text, so this one rule covers 336 message classes that differ only in that value."
dciodvfy,2e1cd7875176,Warning - Value dubious for this VR - (TAG) PN Patient's Name PN [1] = <TCGA-14-1795> - Retired Person Name form,Warning,6,PLAUSIBILITY,PS3.5 6.2,"Table 6.2-1, PN","PS3.5 6.2, Table 6.2-1, PN: ""A character string encoded using a 5 component convention."" PS3.5 6.2, on omission: ""Trailing null components and their delimiters may be omitted."" PS3.5 6.2, on the single component form: ""for reasons of backward compatibility with older versions of this Standard, person names might be considered a single family name complex (single component without ""^"" delimiters).""","dciodvfy reports the value as dubious for the VR. It names no Type and no condition, and dubious is a judgement about value quality rather than about conformance, which is the definition of the PLAUSIBILITY category. No requirement is available to cite against it: PS3.5 permits trailing null components and their delimiters to be omitted, so a single component PN is a well formed value of the VR. Each distinct patient identifier is its own message class because the value is inside the message text, so this one rule covers 336 message classes that differ only in that value."
dciodvfy,3bbb5abc26ed,Warning - Value dubious for this VR - (TAG) PN Patient's Name PN [1] = <TCGA-06-0221> - Retired Person Name form,Warning,6,PLAUSIBILITY,PS3.5 6.2,"Table 6.2-1, PN","PS3.5 6.2, Table 6.2-1, PN: ""A character string encoded using a 5 component convention."" PS3.5 6.2, on omission: ""Trailing null components and their delimiters may be omitted."" PS3.5 6.2, on the single component form: ""for reasons of backward compatibility with older versions of this Standard, person names might be considered a single family name complex (single component without ""^"" delimiters).""","dciodvfy reports the value as dubious for the VR. It names no Type and no condition, and dubious is a judgement about value quality rather than about conformance, which is the definition of the PLAUSIBILITY category. No requirement is available to cite against it: PS3.5 permits trailing null components and their delimiters to be omitted, so a single component PN is a well formed value of the VR. Each distinct patient identifier is its own message class because the value is inside the message text, so this one rule covers 336 message classes that differ only in that value."
dciodvfy,b128b9b98ced,Warning - Value dubious for this VR - (TAG) PN Patient's Name PN [1] = <TCGA-06-0124> - Retired Person Name form,Warning,6,PLAUSIBILITY,PS3.5 6.2,"Table 6.2-1, PN","PS3.5 6.2, Table 6.2-1, PN: ""A character string encoded using a 5 component convention."" PS3.5 6.2, on omission: ""Trailing null components and their delimiters may be omitted."" PS3.5 6.2, on the single component form: ""for reasons of backward compatibility with older versions of this Standard, person names might be considered a single family name complex (single component without ""^"" delimiters).""","dciodvfy reports the value as dubious for the VR. It names no Type and no condition, and dubious is a judgement about value quality rather than about conformance, which is the definition of the PLAUSIBILITY category. No requirement is available to cite against it: PS3.5 permits trailing null components and their delimiters to be omitted, so a single component PN is a well formed value of the VR. Each distinct patient identifier is its own message class because the value is inside the message text, so this one rule covers 336 message classes that differ only in that value."
dciodvfy,13ea03592870,Warning - Value dubious for this VR - (TAG) PN Patient's Name PN [1] = <TCGA-06-0141> - Retired Person Name form,Warning,5,PLAUSIBILITY,PS3.5 6.2,"Table 6.2-1, PN","PS3.5 6.2, Table 6.2-1, PN: ""A character string encoded using a 5 component convention."" PS3.5 6.2, on omission: ""Trailing null components and their delimiters may be omitted."" PS3.5 6.2, on the single component form: ""for reasons of backward compatibility with older versions of this Standard, person names might be considered a single family name complex (single component without ""^"" delimiters).""","dciodvfy reports the value as dubious for the VR. It names no Type and no condition, and dubious is a judgement about value quality rather than about conformance, which is the definition of the PLAUSIBILITY category. No requirement is available to cite against it: PS3.5 permits trailing null components and their delimiters to be omitted, so a single component PN is a well formed value of the VR. Each distinct patient identifier is its own message class because the value is inside the message text, so this one rule covers 336 message classes that differ only in that value."
dciodvfy,15c3b9c2ba8f,Warning - Value dubious for this VR - (TAG) PN Patient's Name PN [1] = <TCGA-12-0818> - Retired Person Name form,Warning,5,PLAUSIBILITY,PS3.5 6.2,"Table 6.2-1, PN","PS3.5 6.2, Table 6.2-1, PN: ""A character string encoded using a 5 component convention."" PS3.5 6.2, on omission: ""Trailing null components and their delimiters may be omitted."" PS3.5 6.2, on the single component form: ""for reasons of backward compatibility with older versions of this Standard, person names might be considered a single family name complex (single component without ""^"" delimiters).""","dciodvfy reports the value as dubious for the VR. It names no Type and no condition, and dubious is a judgement about value quality rather than about conformance, which is the definition of the PLAUSIBILITY category. No requirement is available to cite against it: PS3.5 permits trailing null components and their delimiters to be omitted, so a single component PN is a well formed value of the VR. Each distinct patient identifier is its own message class because the value is inside the message text, so this one rule covers 336 message classes that differ only in that value."
dciodvfy,22480d0b081b,Warning - Value dubious for this VR - (TAG) PN Patient's Name PN [1] = <TCGA-06-0195> - Retired Person Name form,Warning,5,PLAUSIBILITY,PS3.5 6.2,"Table 6.2-1, PN","PS3.5 6.2, Table 6.2-1, PN: ""A character string encoded using a 5 component convention."" PS3.5 6.2, on omission: ""Trailing null components and their delimiters may be omitted."" PS3.5 6.2, on the single component form: ""for reasons of backward compatibility with older versions of this Standard, person names might be considered a single family name complex (single component without ""^"" delimiters).""","dciodvfy reports the value as dubious for the VR. It names no Type and no condition, and dubious is a judgement about value quality rather than about conformance, which is the definition of the PLAUSIBILITY category. No requirement is available to cite against it: PS3.5 permits trailing null components and their delimiters to be omitted, so a single component PN is a well formed value of the VR. Each distinct patient identifier is its own message class because the value is inside the message text, so this one rule covers 336 message classes that differ only in that value."
dciodvfy,2d3660d7c2b0,Warning - Value dubious for this VR - (TAG) PN Patient's Name PN [1] = <TCGA-06-0171> - Retired Person Name form,Warning,5,PLAUSIBILITY,PS3.5 6.2,"Table 6.2-1, PN","PS3.5 6.2, Table 6.2-1, PN: ""A character string encoded using a 5 component convention."" PS3.5 6.2, on omission: ""Trailing null components and their delimiters may be omitted."" PS3.5 6.2, on the single component form: ""for reasons of backward compatibility with older versions of this Standard, person names might be considered a single family name complex (single component without ""^"" delimiters).""","dciodvfy reports the value as dubious for the VR. It names no Type and no condition, and dubious is a judgement about value quality rather than about conformance, which is the definition of the PLAUSIBILITY category. No requirement is available to cite against it: PS3.5 permits trailing null components and their delimiters to be omitted, so a single component PN is a well formed value of the VR. Each distinct patient identifier is its own message class because the value is inside the message text, so this one rule covers 336 message classes that differ only in that value."
dciodvfy,44b0347d9cf6,Warning - Value dubious for this VR - (TAG) PN Patient's Name PN [1] = <TCGA-06-0148> - Retired Person Name form,Warning,5,PLAUSIBILITY,PS3.5 6.2,"Table 6.2-1, PN","PS3.5 6.2, Table 6.2-1, PN: ""A character string encoded using a 5 component convention."" PS3.5 6.2, on omission: ""Trailing null components and their delimiters may be omitted."" PS3.5 6.2, on the single component form: ""for reasons of backward compatibility with older versions of this Standard, person names might be considered a single family name complex (single component without ""^"" delimiters).""","dciodvfy reports the value as dubious for the VR. It names no Type and no condition, and dubious is a judgement about value quality rather than about conformance, which is the definition of the PLAUSIBILITY category. No requirement is available to cite against it: PS3.5 permits trailing null components and their delimiters to be omitted, so a single component PN is a well formed value of the VR. Each distinct patient identifier is its own message class because the value is inside the message text, so this one rule covers 336 message classes that differ only in that value."
dciodvfy,73e0ccc45a56,Warning - Value dubious for this VR - (TAG) PN Patient's Name PN [1] = <TCGA-06-0210> - Retired Person Name form,Warning,5,PLAUSIBILITY,PS3.5 6.2,"Table 6.2-1, PN","PS3.5 6.2, Table 6.2-1, PN: ""A character string encoded using a 5 component convention."" PS3.5 6.2, on omission: ""Trailing null components and their delimiters may be omitted."" PS3.5 6.2, on the single component form: ""for reasons of backward compatibility with older versions of this Standard, person names might be considered a single family name complex (single component without ""^"" delimiters).""","dciodvfy reports the value as dubious for the VR. It names no Type and no condition, and dubious is a judgement about value quality rather than about conformance, which is the definition of the PLAUSIBILITY category. No requirement is available to cite against it: PS3.5 permits trailing null components and their delimiters to be omitted, so a single component PN is a well formed value of the VR. Each distinct patient identifier is its own message class because the value is inside the message text, so this one rule covers 336 message classes that differ only in that value."
dciodvfy,88869e784a37,Warning - Value dubious for this VR - (TAG) PN Patient's Name PN [1] = <TCGA-12-0773> - Retired Person Name form,Warning,5,PLAUSIBILITY,PS3.5 6.2,"Table 6.2-1, PN","PS3.5 6.2, Table 6.2-1, PN: ""A character string encoded using a 5 component convention."" PS3.5 6.2, on omission: ""Trailing null components and their delimiters may be omitted."" PS3.5 6.2, on the single component form: ""for reasons of backward compatibility with older versions of this Standard, person names might be considered a single family name complex (single component without ""^"" delimiters).""","dciodvfy reports the value as dubious for the VR. It names no Type and no condition, and dubious is a judgement about value quality rather than about conformance, which is the definition of the PLAUSIBILITY category. No requirement is available to cite against it: PS3.5 permits trailing null components and their delimiters to be omitted, so a single component PN is a well formed value of the VR. Each distinct patient identifier is its own message class because the value is inside the message text, so this one rule covers 336 message classes that differ only in that value."
dciodvfy,8e0ce81bb589,Warning - Value dubious for this VR - (TAG) PN Patient's Name PN [1] = <TCGA-12-0822> - Retired Person Name form,Warning,5,PLAUSIBILITY,PS3.5 6.2,"Table 6.2-1, PN","PS3.5 6.2, Table 6.2-1, PN: ""A character string encoded using a 5 component convention."" PS3.5 6.2, on omission: ""Trailing null components and their delimiters may be omitted."" PS3.5 6.2, on the single component form: ""for reasons of backward compatibility with older versions of this Standard, person names might be considered a single family name complex (single component without ""^"" delimiters).""","dciodvfy reports the value as dubious for the VR. It names no Type and no condition, and dubious is a judgement about value quality rather than about conformance, which is the definition of the PLAUSIBILITY category. No requirement is available to cite against it: PS3.5 permits trailing null components and their delimiters to be omitted, so a single component PN is a well formed value of the VR. Each distinct patient identifier is its own message class because the value is inside the message text, so this one rule covers 336 message classes that differ only in that value."
dciodvfy,bd79a08f58bc,Warning - Value dubious for this VR - (TAG) PN Patient's Name PN [1] = <TCGA-14-1459> - Retired Person Name form,Warning,5,PLAUSIBILITY,PS3.5 6.2,"Table 6.2-1, PN","PS3.5 6.2, Table 6.2-1, PN: ""A character string encoded using a 5 component convention."" PS3.5 6.2, on omission: ""Trailing null components and their delimiters may be omitted."" PS3.5 6.2, on the single component form: ""for reasons of backward compatibility with older versions of this Standard, person names might be considered a single family name complex (single component without ""^"" delimiters).""","dciodvfy reports the value as dubious for the VR. It names no Type and no condition, and dubious is a judgement about value quality rather than about conformance, which is the definition of the PLAUSIBILITY category. No requirement is available to cite against it: PS3.5 permits trailing null components and their delimiters to be omitted, so a single component PN is a well formed value of the VR. Each distinct patient identifier is its own message class because the value is inside the message text, so this one rule covers 336 message classes that differ only in that value."
dciodvfy,deb1ffa9b77c,Warning - Value dubious for this VR - (TAG) PN Patient's Name PN [1] = <TCGA-14-1452> - Retired Person Name form,Warning,5,PLAUSIBILITY,PS3.5 6.2,"Table 6.2-1, PN","PS3.5 6.2, Table 6.2-1, PN: ""A character string encoded using a 5 component convention."" PS3.5 6.2, on omission: ""Trailing null components and their delimiters may be omitted."" PS3.5 6.2, on the single component form: ""for reasons of backward compatibility with older versions of this Standard, person names might be considered a single family name complex (single component without ""^"" delimiters).""","dciodvfy reports the value as dubious for the VR. It names no Type and no condition, and dubious is a judgement about value quality rather than about conformance, which is the definition of the PLAUSIBILITY category. No requirement is available to cite against it: PS3.5 permits trailing null components and their delimiters to be omitted, so a single component PN is a well formed value of the VR. Each distinct patient identifier is its own message class because the value is inside the message text, so this one rule covers 336 message classes that differ only in that value."
dciodvfy,0ce78308eaf7,Warning - Value dubious for this VR - (TAG) PN Patient's Name PN [1] = <TCGA-27-1832> - Retired Person Name form,Warning,4,PLAUSIBILITY,PS3.5 6.2,"Table 6.2-1, PN","PS3.5 6.2, Table 6.2-1, PN: ""A character string encoded using a 5 component convention."" PS3.5 6.2, on omission: ""Trailing null components and their delimiters may be omitted."" PS3.5 6.2, on the single component form: ""for reasons of backward compatibility with older versions of this Standard, person names might be considered a single family name complex (single component without ""^"" delimiters).""","dciodvfy reports the value as dubious for the VR. It names no Type and no condition, and dubious is a judgement about value quality rather than about conformance, which is the definition of the PLAUSIBILITY category. No requirement is available to cite against it: PS3.5 permits trailing null components and their delimiters to be omitted, so a single component PN is a well formed value of the VR. Each distinct patient identifier is its own message class because the value is inside the message text, so this one rule covers 336 message classes that differ only in that value."
dciodvfy,16d771963560,Warning - Value dubious for this VR - (TAG) PN Patient's Name PN [1] = <TCGA-14-1825> - Retired Person Name form,Warning,4,PLAUSIBILITY,PS3.5 6.2,"Table 6.2-1, PN","PS3.5 6.2, Table 6.2-1, PN: ""A character string encoded using a 5 component convention."" PS3.5 6.2, on omission: ""Trailing null components and their delimiters may be omitted."" PS3.5 6.2, on the single component form: ""for reasons of backward compatibility with older versions of this Standard, person names might be considered a single family name complex (single component without ""^"" delimiters).""","dciodvfy reports the value as dubious for the VR. It names no Type and no condition, and dubious is a judgement about value quality rather than about conformance, which is the definition of the PLAUSIBILITY category. No requirement is available to cite against it: PS3.5 permits trailing null components and their delimiters to be omitted, so a single component PN is a well formed value of the VR. Each distinct patient identifier is its own message class because the value is inside the message text, so this one rule covers 336 message classes that differ only in that value."
dciodvfy,28b02d53825e,Warning - Value dubious for this VR - (TAG) PN Patient's Name PN [1] = <TCGA-14-1453> - Retired Person Name form,Warning,4,PLAUSIBILITY,PS3.5 6.2,"Table 6.2-1, PN","PS3.5 6.2, Table 6.2-1, PN: ""A character string encoded using a 5 component convention."" PS3.5 6.2, on omission: ""Trailing null components and their delimiters may be omitted."" PS3.5 6.2, on the single component form: ""for reasons of backward compatibility with older versions of this Standard, person names might be considered a single family name complex (single component without ""^"" delimiters).""","dciodvfy reports the value as dubious for the VR. It names no Type and no condition, and dubious is a judgement about value quality rather than about conformance, which is the definition of the PLAUSIBILITY category. No requirement is available to cite against it: PS3.5 permits trailing null components and their delimiters to be omitted, so a single component PN is a well formed value of the VR. Each distinct patient identifier is its own message class because the value is inside the message text, so this one rule covers 336 message classes that differ only in that value."
dciodvfy,3188b3062abe,Warning - Value dubious for this VR - (TAG) PN Patient's Name PN [1] = <TCGA-06-0213> - Retired Person Name form,Warning,4,PLAUSIBILITY,PS3.5 6.2,"Table 6.2-1, PN","PS3.5 6.2, Table 6.2-1, PN: ""A character string encoded using a 5 component convention."" PS3.5 6.2, on omission: ""Trailing null components and their delimiters may be omitted."" PS3.5 6.2, on the single component form: ""for reasons of backward compatibility with older versions of this Standard, person names might be considered a single family name complex (single component without ""^"" delimiters).""","dciodvfy reports the value as dubious for the VR. It names no Type and no condition, and dubious is a judgement about value quality rather than about conformance, which is the definition of the PLAUSIBILITY category. No requirement is available to cite against it: PS3.5 permits trailing null components and their delimiters to be omitted, so a single component PN is a well formed value of the VR. Each distinct patient identifier is its own message class because the value is inside the message text, so this one rule covers 336 message classes that differ only in that value."
dciodvfy,354e0a30841e,Warning - Value dubious for this VR - (TAG) PN Patient's Name PN [1] = <TCGA-12-0707> - Retired Person Name form,Warning,4,PLAUSIBILITY,PS3.5 6.2,"Table 6.2-1, PN","PS3.5 6.2, Table 6.2-1, PN: ""A character string encoded using a 5 component convention."" PS3.5 6.2, on omission: ""Trailing null components and their delimiters may be omitted."" PS3.5 6.2, on the single component form: ""for reasons of backward compatibility with older versions of this Standard, person names might be considered a single family name complex (single component without ""^"" delimiters).""","dciodvfy reports the value as dubious for the VR. It names no Type and no condition, and dubious is a judgement about value quality rather than about conformance, which is the definition of the PLAUSIBILITY category. No requirement is available to cite against it: PS3.5 permits trailing null components and their delimiters to be omitted, so a single component PN is a well formed value of the VR. Each distinct patient identifier is its own message class because the value is inside the message text, so this one rule covers 336 message classes that differ only in that value."
dciodvfy,43117b495af4,Warning - Value dubious for this VR - (TAG) PN Patient's Name PN [1] = <TCGA-12-1602> - Retired Person Name form,Warning,4,PLAUSIBILITY,PS3.5 6.2,"Table 6.2-1, PN","PS3.5 6.2, Table 6.2-1, PN: ""A character string encoded using a 5 component convention."" PS3.5 6.2, on omission: ""Trailing null components and their delimiters may be omitted."" PS3.5 6.2, on the single component form: ""for reasons of backward compatibility with older versions of this Standard, person names might be considered a single family name complex (single component without ""^"" delimiters).""","dciodvfy reports the value as dubious for the VR. It names no Type and no condition, and dubious is a judgement about value quality rather than about conformance, which is the definition of the PLAUSIBILITY category. No requirement is available to cite against it: PS3.5 permits trailing null components and their delimiters to be omitted, so a single component PN is a well formed value of the VR. Each distinct patient identifier is its own message class because the value is inside the message text, so this one rule covers 336 message classes that differ only in that value."
dciodvfy,4ba13613504e,Warning - Value dubious for this VR - (TAG) PN Patient's Name PN [1] = <TCGA-12-0688> - Retired Person Name form,Warning,4,PLAUSIBILITY,PS3.5 6.2,"Table 6.2-1, PN","PS3.5 6.2, Table 6.2-1, PN: ""A character string encoded using a 5 component convention."" PS3.5 6.2, on omission: ""Trailing null components and their delimiters may be omitted."" PS3.5 6.2, on the single component form: ""for reasons of backward compatibility with older versions of this Standard, person names might be considered a single family name complex (single component without ""^"" delimiters).""","dciodvfy reports the value as dubious for the VR. It names no Type and no condition, and dubious is a judgement about value quality rather than about conformance, which is the definition of the PLAUSIBILITY category. No requirement is available to cite against it: PS3.5 permits trailing null components and their delimiters to be omitted, so a single component PN is a well formed value of the VR. Each distinct patient identifier is its own message class because the value is inside the message text, so this one rule covers 336 message classes that differ only in that value."
dciodvfy,56723d88465f,Warning - Value dubious for this VR - (TAG) PN Patient's Name PN [1] = <TCGA-14-0783> - Retired Person Name form,Warning,4,PLAUSIBILITY,PS3.5 6.2,"Table 6.2-1, PN","PS3.5 6.2, Table 6.2-1, PN: ""A character string encoded using a 5 component convention."" PS3.5 6.2, on omission: ""Trailing null components and their delimiters may be omitted."" PS3.5 6.2, on the single component form: ""for reasons of backward compatibility with older versions of this Standard, person names might be considered a single family name complex (single component without ""^"" delimiters).""","dciodvfy reports the value as dubious for the VR. It names no Type and no condition, and dubious is a judgement about value quality rather than about conformance, which is the definition of the PLAUSIBILITY category. No requirement is available to cite against it: PS3.5 permits trailing null components and their delimiters to be omitted, so a single component PN is a well formed value of the VR. Each distinct patient identifier is its own message class because the value is inside the message text, so this one rule covers 336 message classes that differ only in that value."
dciodvfy,6c6ca35cbd67,Warning - Value dubious for this VR - (TAG) PN Patient's Name PN [1] = <TCGA-14-1458> - Retired Person Name form,Warning,4,PLAUSIBILITY,PS3.5 6.2,"Table 6.2-1, PN","PS3.5 6.2, Table 6.2-1, PN: ""A character string encoded using a 5 component convention."" PS3.5 6.2, on omission: ""Trailing null components and their delimiters may be omitted."" PS3.5 6.2, on the single component form: ""for reasons of backward compatibility with older versions of this Standard, person names might be considered a single family name complex (single component without ""^"" delimiters).""","dciodvfy reports the value as dubious for the VR. It names no Type and no condition, and dubious is a judgement about value quality rather than about conformance, which is the definition of the PLAUSIBILITY category. No requirement is available to cite against it: PS3.5 permits trailing null components and their delimiters to be omitted, so a single component PN is a well formed value of the VR. Each distinct patient identifier is its own message class because the value is inside the message text, so this one rule covers 336 message classes that differ only in that value."
dciodvfy,6df388cfd565,Warning - Value dubious for this VR - (TAG) PN Patient's Name PN [1] = <TCGA-06-0189> - Retired Person Name form,Warning,4,PLAUSIBILITY,PS3.5 6.2,"Table 6.2-1, PN","PS3.5 6.2, Table 6.2-1, PN: ""A character string encoded using a 5 component convention."" PS3.5 6.2, on omission: ""Trailing null components and their delimiters may be omitted."" PS3.5 6.2, on the single component form: ""for reasons of backward compatibility with older versions of this Standard, person names might be considered a single family name complex (single component without ""^"" delimiters).""","dciodvfy reports the value as dubious for the VR. It names no Type and no condition, and dubious is a judgement about value quality rather than about conformance, which is the definition of the PLAUSIBILITY category. No requirement is available to cite against it: PS3.5 permits trailing null components and their delimiters to be omitted, so a single component PN is a well formed value of the VR. Each distinct patient identifier is its own message class because the value is inside the message text, so this one rule covers 336 message classes that differ only in that value."
dciodvfy,740304dc3823,Warning - Value dubious for this VR - (TAG) PN Patient's Name PN [1] = <TCGA-12-3651> - Retired Person Name form,Warning,4,PLAUSIBILITY,PS3.5 6.2,"Table 6.2-1, PN","PS3.5 6.2, Table 6.2-1, PN: ""A character string encoded using a 5 component convention."" PS3.5 6.2, on omission: ""Trailing null components and their delimiters may be omitted."" PS3.5 6.2, on the single component form: ""for reasons of backward compatibility with older versions of this Standard, person names might be considered a single family name complex (single component without ""^"" delimiters).""","dciodvfy reports the value as dubious for the VR. It names no Type and no condition, and dubious is a judgement about value quality rather than about conformance, which is the definition of the PLAUSIBILITY category. No requirement is available to cite against it: PS3.5 permits trailing null components and their delimiters to be omitted, so a single component PN is a well formed value of the VR. Each distinct patient identifier is its own message class because the value is inside the message text, so this one rule covers 336 message classes that differ only in that value."
dciodvfy,751bf1601268,Warning - Value dubious for this VR - (TAG) PN Patient's Name PN [1] = <TCGA-08-0525> - Retired Person Name form,Warning,4,PLAUSIBILITY,PS3.5 6.2,"Table 6.2-1, PN","PS3.5 6.2, Table 6.2-1, PN: ""A character string encoded using a 5 component convention."" PS3.5 6.2, on omission: ""Trailing null components and their delimiters may be omitted."" PS3.5 6.2, on the single component form: ""for reasons of backward compatibility with older versions of this Standard, person names might be considered a single family name complex (single component without ""^"" delimiters).""","dciodvfy reports the value as dubious for the VR. It names no Type and no condition, and dubious is a judgement about value quality rather than about conformance, which is the definition of the PLAUSIBILITY category. No requirement is available to cite against it: PS3.5 permits trailing null components and their delimiters to be omitted, so a single component PN is a well formed value of the VR. Each distinct patient identifier is its own message class because the value is inside the message text, so this one rule covers 336 message classes that differ only in that value."
dciodvfy,827fd83abcea,Warning - Value dubious for this VR - (TAG) PN Patient's Name PN [1] = <TCGA-12-1096> - Retired Person Name form,Warning,4,PLAUSIBILITY,PS3.5 6.2,"Table 6.2-1, PN","PS3.5 6.2, Table 6.2-1, PN: ""A character string encoded using a 5 component convention."" PS3.5 6.2, on omission: ""Trailing null components and their delimiters may be omitted."" PS3.5 6.2, on the single component form: ""for reasons of backward compatibility with older versions of this Standard, person names might be considered a single family name complex (single component without ""^"" delimiters).""","dciodvfy reports the value as dubious for the VR. It names no Type and no condition, and dubious is a judgement about value quality rather than about conformance, which is the definition of the PLAUSIBILITY category. No requirement is available to cite against it: PS3.5 permits trailing null components and their delimiters to be omitted, so a single component PN is a well formed value of the VR. Each distinct patient identifier is its own message class because the value is inside the message text, so this one rule covers 336 message classes that differ only in that value."
dciodvfy,8bd0d7e54d6c,Warning - Value dubious for this VR - (TAG) PN Patient's Name PN [1] = <TCGA-12-0618> - Retired Person Name form,Warning,4,PLAUSIBILITY,PS3.5 6.2,"Table 6.2-1, PN","PS3.5 6.2, Table 6.2-1, PN: ""A character string encoded using a 5 component convention."" PS3.5 6.2, on omission: ""Trailing null components and their delimiters may be omitted."" PS3.5 6.2, on the single component form: ""for reasons of backward compatibility with older versions of this Standard, person names might be considered a single family name complex (single component without ""^"" delimiters).""","dciodvfy reports the value as dubious for the VR. It names no Type and no condition, and dubious is a judgement about value quality rather than about conformance, which is the definition of the PLAUSIBILITY category. No requirement is available to cite against it: PS3.5 permits trailing null components and their delimiters to be omitted, so a single component PN is a well formed value of the VR. Each distinct patient identifier is its own message class because the value is inside the message text, so this one rule covers 336 message classes that differ only in that value."
dciodvfy,8eed62c34f96,Warning - Value dubious for this VR - (TAG) PN Patient's Name PN [1] = <TCGA-06-0178> - Retired Person Name form,Warning,4,PLAUSIBILITY,PS3.5 6.2,"Table 6.2-1, PN","PS3.5 6.2, Table 6.2-1, PN: ""A character string encoded using a 5 component convention."" PS3.5 6.2, on omission: ""Trailing null components and their delimiters may be omitted."" PS3.5 6.2, on the single component form: ""for reasons of backward compatibility with older versions of this Standard, person names might be considered a single family name complex (single component without ""^"" delimiters).""","dciodvfy reports the value as dubious for the VR. It names no Type and no condition, and dubious is a judgement about value quality rather than about conformance, which is the definition of the PLAUSIBILITY category. No requirement is available to cite against it: PS3.5 permits trailing null components and their delimiters to be omitted, so a single component PN is a well formed value of the VR. Each distinct patient identifier is its own message class because the value is inside the message text, so this one rule covers 336 message classes that differ only in that value."
dciodvfy,9394c04cef9f,Warning - Value dubious for this VR - (TAG) PN Patient's Name PN [1] = <TCGA-06-0156> - Retired Person Name form,Warning,4,PLAUSIBILITY,PS3.5 6.2,"Table 6.2-1, PN","PS3.5 6.2, Table 6.2-1, PN: ""A character string encoded using a 5 component convention."" PS3.5 6.2, on omission: ""Trailing null components and their delimiters may be omitted."" PS3.5 6.2, on the single component form: ""for reasons of backward compatibility with older versions of this Standard, person names might be considered a single family name complex (single component without ""^"" delimiters).""","dciodvfy reports the value as dubious for the VR. It names no Type and no condition, and dubious is a judgement about value quality rather than about conformance, which is the definition of the PLAUSIBILITY category. No requirement is available to cite against it: PS3.5 permits trailing null components and their delimiters to be omitted, so a single component PN is a well formed value of the VR. Each distinct patient identifier is its own message class because the value is inside the message text, so this one rule covers 336 message classes that differ only in that value."
dciodvfy,95468b4539c1,Warning - Value dubious for this VR - (TAG) PN Patient's Name PN [1] = <TCGA-27-1831> - Retired Person Name form,Warning,4,PLAUSIBILITY,PS3.5 6.2,"Table 6.2-1, PN","PS3.5 6.2, Table 6.2-1, PN: ""A character string encoded using a 5 component convention."" PS3.5 6.2, on omission: ""Trailing null components and their delimiters may be omitted."" PS3.5 6.2, on the single component form: ""for reasons of backward compatibility with older versions of this Standard, person names might be considered a single family name complex (single component without ""^"" delimiters).""","dciodvfy reports the value as dubious for the VR. It names no Type and no condition, and dubious is a judgement about value quality rather than about conformance, which is the definition of the PLAUSIBILITY category. No requirement is available to cite against it: PS3.5 permits trailing null components and their delimiters to be omitted, so a single component PN is a well formed value of the VR. Each distinct patient identifier is its own message class because the value is inside the message text, so this one rule covers 336 message classes that differ only in that value."
dciodvfy,9d49dfefb70f,Warning - Value dubious for this VR - (TAG) PN Patient's Name PN [1] = <TCGA-06-0206> - Retired Person Name form,Warning,4,PLAUSIBILITY,PS3.5 6.2,"Table 6.2-1, PN","PS3.5 6.2, Table 6.2-1, PN: ""A character string encoded using a 5 component convention."" PS3.5 6.2, on omission: ""Trailing null components and their delimiters may be omitted."" PS3.5 6.2, on the single component form: ""for reasons of backward compatibility with older versions of this Standard, person names might be considered a single family name complex (single component without ""^"" delimiters).""","dciodvfy reports the value as dubious for the VR. It names no Type and no condition, and dubious is a judgement about value quality rather than about conformance, which is the definition of the PLAUSIBILITY category. No requirement is available to cite against it: PS3.5 permits trailing null components and their delimiters to be omitted, so a single component PN is a well formed value of the VR. Each distinct patient identifier is its own message class because the value is inside the message text, so this one rule covers 336 message classes that differ only in that value."
dciodvfy,a7783469cf55,Warning - Value dubious for this VR - (TAG) PN Patient's Name PN [1] = <TCGA-14-1823> - Retired Person Name form,Warning,4,PLAUSIBILITY,PS3.5 6.2,"Table 6.2-1, PN","PS3.5 6.2, Table 6.2-1, PN: ""A character string encoded using a 5 component convention."" PS3.5 6.2, on omission: ""Trailing null components and their delimiters may be omitted."" PS3.5 6.2, on the single component form: ""for reasons of backward compatibility with older versions of this Standard, person names might be considered a single family name complex (single component without ""^"" delimiters).""","dciodvfy reports the value as dubious for the VR. It names no Type and no condition, and dubious is a judgement about value quality rather than about conformance, which is the definition of the PLAUSIBILITY category. No requirement is available to cite against it: PS3.5 permits trailing null components and their delimiters to be omitted, so a single component PN is a well formed value of the VR. Each distinct patient identifier is its own message class because the value is inside the message text, so this one rule covers 336 message classes that differ only in that value."
dciodvfy,a97d83098f42,Warning - Value dubious for this VR - (TAG) PN Patient's Name PN [1] = <TCGA-06-0750> - Retired Person Name form,Warning,4,PLAUSIBILITY,PS3.5 6.2,"Table 6.2-1, PN","PS3.5 6.2, Table 6.2-1, PN: ""A character string encoded using a 5 component convention."" PS3.5 6.2, on omission: ""Trailing null components and their delimiters may be omitted."" PS3.5 6.2, on the single component form: ""for reasons of backward compatibility with older versions of this Standard, person names might be considered a single family name complex (single component without ""^"" delimiters).""","dciodvfy reports the value as dubious for the VR. It names no Type and no condition, and dubious is a judgement about value quality rather than about conformance, which is the definition of the PLAUSIBILITY category. No requirement is available to cite against it: PS3.5 permits trailing null components and their delimiters to be omitted, so a single component PN is a well formed value of the VR. Each distinct patient identifier is its own message class because the value is inside the message text, so this one rule covers 336 message classes that differ only in that value."
dciodvfy,b62ec117d208,Warning - Value dubious for this VR - (TAG) PN Patient's Name PN [1] = <TCGA-06-0128> - Retired Person Name form,Warning,4,PLAUSIBILITY,PS3.5 6.2,"Table 6.2-1, PN","PS3.5 6.2, Table 6.2-1, PN: ""A character string encoded using a 5 component convention."" PS3.5 6.2, on omission: ""Trailing null components and their delimiters may be omitted."" PS3.5 6.2, on the single component form: ""for reasons of backward compatibility with older versions of this Standard, person names might be considered a single family name complex (single component without ""^"" delimiters).""","dciodvfy reports the value as dubious for the VR. It names no Type and no condition, and dubious is a judgement about value quality rather than about conformance, which is the definition of the PLAUSIBILITY category. No requirement is available to cite against it: PS3.5 permits trailing null components and their delimiters to be omitted, so a single component PN is a well formed value of the VR. Each distinct patient identifier is its own message class because the value is inside the message text, so this one rule covers 336 message classes that differ only in that value."
dciodvfy,c0c54ecf29be,Warning - Value dubious for this VR - (TAG) PN Patient's Name PN [1] = <TCGA-12-3653> - Retired Person Name form,Warning,4,PLAUSIBILITY,PS3.5 6.2,"Table 6.2-1, PN","PS3.5 6.2, Table 6.2-1, PN: ""A character string encoded using a 5 component convention."" PS3.5 6.2, on omission: ""Trailing null components and their delimiters may be omitted."" PS3.5 6.2, on the single component form: ""for reasons of backward compatibility with older versions of this Standard, person names might be considered a single family name complex (single component without ""^"" delimiters).""","dciodvfy reports the value as dubious for the VR. It names no Type and no condition, and dubious is a judgement about value quality rather than about conformance, which is the definition of the PLAUSIBILITY category. No requirement is available to cite against it: PS3.5 permits trailing null components and their delimiters to be omitted, so a single component PN is a well formed value of the VR. Each distinct patient identifier is its own message class because the value is inside the message text, so this one rule covers 336 message classes that differ only in that value."
dciodvfy,c29c907f0361,Warning - Value dubious for this VR - (TAG) PN Patient's Name PN [1] = <TCGA-06-0154> - Retired Person Name form,Warning,4,PLAUSIBILITY,PS3.5 6.2,"Table 6.2-1, PN","PS3.5 6.2, Table 6.2-1, PN: ""A character string encoded using a 5 component convention."" PS3.5 6.2, on omission: ""Trailing null components and their delimiters may be omitted."" PS3.5 6.2, on the single component form: ""for reasons of backward compatibility with older versions of this Standard, person names might be considered a single family name complex (single component without ""^"" delimiters).""","dciodvfy reports the value as dubious for the VR. It names no Type and no condition, and dubious is a judgement about value quality rather than about conformance, which is the definition of the PLAUSIBILITY category. No requirement is available to cite against it: PS3.5 permits trailing null components and their delimiters to be omitted, so a single component PN is a well formed value of the VR. Each distinct patient identifier is its own message class because the value is inside the message text, so this one rule covers 336 message classes that differ only in that value."
dciodvfy,cce408e4f20d,Warning - Value dubious for this VR - (TAG) PN Patient's Name PN [1] = <TCGA-12-0692> - Retired Person Name form,Warning,4,PLAUSIBILITY,PS3.5 6.2,"Table 6.2-1, PN","PS3.5 6.2, Table 6.2-1, PN: ""A character string encoded using a 5 component convention."" PS3.5 6.2, on omission: ""Trailing null components and their delimiters may be omitted."" PS3.5 6.2, on the single component form: ""for reasons of backward compatibility with older versions of this Standard, person names might be considered a single family name complex (single component without ""^"" delimiters).""","dciodvfy reports the value as dubious for the VR. It names no Type and no condition, and dubious is a judgement about value quality rather than about conformance, which is the definition of the PLAUSIBILITY category. No requirement is available to cite against it: PS3.5 permits trailing null components and their delimiters to be omitted, so a single component PN is a well formed value of the VR. Each distinct patient identifier is its own message class because the value is inside the message text, so this one rule covers 336 message classes that differ only in that value."
dciodvfy,db7d33b8e2b6,Warning - Value dubious for this VR - (TAG) PN Patient's Name PN [1] = <TCGA-06-0187> - Retired Person Name form,Warning,4,PLAUSIBILITY,PS3.5 6.2,"Table 6.2-1, PN","PS3.5 6.2, Table 6.2-1, PN: ""A character string encoded using a 5 component convention."" PS3.5 6.2, on omission: ""Trailing null components and their delimiters may be omitted."" PS3.5 6.2, on the single component form: ""for reasons of backward compatibility with older versions of this Standard, person names might be considered a single family name complex (single component without ""^"" delimiters).""","dciodvfy reports the value as dubious for the VR. It names no Type and no condition, and dubious is a judgement about value quality rather than about conformance, which is the definition of the PLAUSIBILITY category. No requirement is available to cite against it: PS3.5 permits trailing null components and their delimiters to be omitted, so a single component PN is a well formed value of the VR. Each distinct patient identifier is its own message class because the value is inside the message text, so this one rule covers 336 message classes that differ only in that value."
dciodvfy,dc253791c55e,Warning - Value dubious for this VR - (TAG) PN Patient's Name PN [1] = <TCGA-12-1598> - Retired Person Name form,Warning,4,PLAUSIBILITY,PS3.5 6.2,"Table 6.2-1, PN","PS3.5 6.2, Table 6.2-1, PN: ""A character string encoded using a 5 component convention."" PS3.5 6.2, on omission: ""Trailing null components and their delimiters may be omitted."" PS3.5 6.2, on the single component form: ""for reasons of backward compatibility with older versions of this Standard, person names might be considered a single family name complex (single component without ""^"" delimiters).""","dciodvfy reports the value as dubious for the VR. It names no Type and no condition, and dubious is a judgement about value quality rather than about conformance, which is the definition of the PLAUSIBILITY category. No requirement is available to cite against it: PS3.5 permits trailing null components and their delimiters to be omitted, so a single component PN is a well formed value of the VR. Each distinct patient identifier is its own message class because the value is inside the message text, so this one rule covers 336 message classes that differ only in that value."
dciodvfy,ea9e7d35c636,Warning - Value dubious for this VR - (TAG) PN Patient's Name PN [1] = <TCGA-12-0775> - Retired Person Name form,Warning,4,PLAUSIBILITY,PS3.5 6.2,"Table 6.2-1, PN","PS3.5 6.2, Table 6.2-1, PN: ""A character string encoded using a 5 component convention."" PS3.5 6.2, on omission: ""Trailing null components and their delimiters may be omitted."" PS3.5 6.2, on the single component form: ""for reasons of backward compatibility with older versions of this Standard, person names might be considered a single family name complex (single component without ""^"" delimiters).""","dciodvfy reports the value as dubious for the VR. It names no Type and no condition, and dubious is a judgement about value quality rather than about conformance, which is the definition of the PLAUSIBILITY category. No requirement is available to cite against it: PS3.5 permits trailing null components and their delimiters to be omitted, so a single component PN is a well formed value of the VR. Each distinct patient identifier is its own message class because the value is inside the message text, so this one rule covers 336 message classes that differ only in that value."
dciodvfy,00badabb4ad7,Warning - Value dubious for this VR - (TAG) PN Patient's Name PN [1] = <TCGA-02-0451> - Retired Person Name form,Warning,3,PLAUSIBILITY,PS3.5 6.2,"Table 6.2-1, PN","PS3.5 6.2, Table 6.2-1, PN: ""A character string encoded using a 5 component convention."" PS3.5 6.2, on omission: ""Trailing null components and their delimiters may be omitted."" PS3.5 6.2, on the single component form: ""for reasons of backward compatibility with older versions of this Standard, person names might be considered a single family name complex (single component without ""^"" delimiters).""","dciodvfy reports the value as dubious for the VR. It names no Type and no condition, and dubious is a judgement about value quality rather than about conformance, which is the definition of the PLAUSIBILITY category. No requirement is available to cite against it: PS3.5 permits trailing null components and their delimiters to be omitted, so a single component PN is a well formed value of the VR. Each distinct patient identifier is its own message class because the value is inside the message text, so this one rule covers 336 message classes that differ only in that value."
dciodvfy,096cf5d9f98b,Warning - Value dubious for this VR - (TAG) PN Patient's Name PN [1] = <TCGA-12-0827> - Retired Person Name form,Warning,3,PLAUSIBILITY,PS3.5 6.2,"Table 6.2-1, PN","PS3.5 6.2, Table 6.2-1, PN: ""A character string encoded using a 5 component convention."" PS3.5 6.2, on omission: ""Trailing null components and their delimiters may be omitted."" PS3.5 6.2, on the single component form: ""for reasons of backward compatibility with older versions of this Standard, person names might be considered a single family name complex (single component without ""^"" delimiters).""","dciodvfy reports the value as dubious for the VR. It names no Type and no condition, and dubious is a judgement about value quality rather than about conformance, which is the definition of the PLAUSIBILITY category. No requirement is available to cite against it: PS3.5 permits trailing null components and their delimiters to be omitted, so a single component PN is a well formed value of the VR. Each distinct patient identifier is its own message class because the value is inside the message text, so this one rule covers 336 message classes that differ only in that value."
dciodvfy,0ab6341c3634,Warning - Value dubious for this VR - (TAG) PN Patient's Name PN [1] = <TCGA-06-0143> - Retired Person Name form,Warning,3,PLAUSIBILITY,PS3.5 6.2,"Table 6.2-1, PN","PS3.5 6.2, Table 6.2-1, PN: ""A character string encoded using a 5 component convention."" PS3.5 6.2, on omission: ""Trailing null components and their delimiters may be omitted."" PS3.5 6.2, on the single component form: ""for reasons of backward compatibility with older versions of this Standard, person names might be considered a single family name complex (single component without ""^"" delimiters).""","dciodvfy reports the value as dubious for the VR. It names no Type and no condition, and dubious is a judgement about value quality rather than about conformance, which is the definition of the PLAUSIBILITY category. No requirement is available to cite against it: PS3.5 permits trailing null components and their delimiters to be omitted, so a single component PN is a well formed value of the VR. Each distinct patient identifier is its own message class because the value is inside the message text, so this one rule covers 336 message classes that differ only in that value."
dciodvfy,0af6b79ebe79,Warning - Value dubious for this VR - (TAG) PN Patient's Name PN [1] = <TCGA-12-0662> - Retired Person Name form,Warning,3,PLAUSIBILITY,PS3.5 6.2,"Table 6.2-1, PN","PS3.5 6.2, Table 6.2-1, PN: ""A character string encoded using a 5 component convention."" PS3.5 6.2, on omission: ""Trailing null components and their delimiters may be omitted."" PS3.5 6.2, on the single component form: ""for reasons of backward compatibility with older versions of this Standard, person names might be considered a single family name complex (single component without ""^"" delimiters).""","dciodvfy reports the value as dubious for the VR. It names no Type and no condition, and dubious is a judgement about value quality rather than about conformance, which is the definition of the PLAUSIBILITY category. No requirement is available to cite against it: PS3.5 permits trailing null components and their delimiters to be omitted, so a single component PN is a well formed value of the VR. Each distinct patient identifier is its own message class because the value is inside the message text, so this one rule covers 336 message classes that differ only in that value."
dciodvfy,0d64c510052d,Warning - Value dubious for this VR - (TAG) PN Patient's Name PN [1] = <TCGA-12-0615> - Retired Person Name form,Warning,3,PLAUSIBILITY,PS3.5 6.2,"Table 6.2-1, PN","PS3.5 6.2, Table 6.2-1, PN: ""A character string encoded using a 5 component convention."" PS3.5 6.2, on omission: ""Trailing null components and their delimiters may be omitted."" PS3.5 6.2, on the single component form: ""for reasons of backward compatibility with older versions of this Standard, person names might be considered a single family name complex (single component without ""^"" delimiters).""","dciodvfy reports the value as dubious for the VR. It names no Type and no condition, and dubious is a judgement about value quality rather than about conformance, which is the definition of the PLAUSIBILITY category. No requirement is available to cite against it: PS3.5 permits trailing null components and their delimiters to be omitted, so a single component PN is a well formed value of the VR. Each distinct patient identifier is its own message class because the value is inside the message text, so this one rule covers 336 message classes that differ only in that value."
dciodvfy,16c3758db881,Warning - Value dubious for this VR - (TAG) PN Patient's Name PN [1] = <TCGA-14-0867> - Retired Person Name form,Warning,3,PLAUSIBILITY,PS3.5 6.2,"Table 6.2-1, PN","PS3.5 6.2, Table 6.2-1, PN: ""A character string encoded using a 5 component convention."" PS3.5 6.2, on omission: ""Trailing null components and their delimiters may be omitted."" PS3.5 6.2, on the single component form: ""for reasons of backward compatibility with older versions of this Standard, person names might be considered a single family name complex (single component without ""^"" delimiters).""","dciodvfy reports the value as dubious for the VR. It names no Type and no condition, and dubious is a judgement about value quality rather than about conformance, which is the definition of the PLAUSIBILITY category. No requirement is available to cite against it: PS3.5 permits trailing null components and their delimiters to be omitted, so a single component PN is a well formed value of the VR. Each distinct patient identifier is its own message class because the value is inside the message text, so this one rule covers 336 message classes that differ only in that value."
dciodvfy,17f9e7c047d6,Warning - Value dubious for this VR - (TAG) PN Patient's Name PN [1] = <TCGA-12-3649> - Retired Person Name form,Warning,3,PLAUSIBILITY,PS3.5 6.2,"Table 6.2-1, PN","PS3.5 6.2, Table 6.2-1, PN: ""A character string encoded using a 5 component convention."" PS3.5 6.2, on omission: ""Trailing null components and their delimiters may be omitted."" PS3.5 6.2, on the single component form: ""for reasons of backward compatibility with older versions of this Standard, person names might be considered a single family name complex (single component without ""^"" delimiters).""","dciodvfy reports the value as dubious for the VR. It names no Type and no condition, and dubious is a judgement about value quality rather than about conformance, which is the definition of the PLAUSIBILITY category. No requirement is available to cite against it: PS3.5 permits trailing null components and their delimiters to be omitted, so a single component PN is a well formed value of the VR. Each distinct patient identifier is its own message class because the value is inside the message text, so this one rule covers 336 message classes that differ only in that value."
dciodvfy,19b2845e8fa0,Warning - Value dubious for this VR - (TAG) PN Patient's Name PN [1] = <TCGA-06-0197> - Retired Person Name form,Warning,3,PLAUSIBILITY,PS3.5 6.2,"Table 6.2-1, PN","PS3.5 6.2, Table 6.2-1, PN: ""A character string encoded using a 5 component convention."" PS3.5 6.2, on omission: ""Trailing null components and their delimiters may be omitted."" PS3.5 6.2, on the single component form: ""for reasons of backward compatibility with older versions of this Standard, person names might be considered a single family name complex (single component without ""^"" delimiters).""","dciodvfy reports the value as dubious for the VR. It names no Type and no condition, and dubious is a judgement about value quality rather than about conformance, which is the definition of the PLAUSIBILITY category. No requirement is available to cite against it: PS3.5 permits trailing null components and their delimiters to be omitted, so a single component PN is a well formed value of the VR. Each distinct patient identifier is its own message class because the value is inside the message text, so this one rule covers 336 message classes that differ only in that value."
dciodvfy,1ba16b7cc504,Warning - Value dubious for this VR - (TAG) PN Patient's Name PN [1] = <TCGA-02-0439> - Retired Person Name form,Warning,3,PLAUSIBILITY,PS3.5 6.2,"Table 6.2-1, PN","PS3.5 6.2, Table 6.2-1, PN: ""A character string encoded using a 5 component convention."" PS3.5 6.2, on omission: ""Trailing null components and their delimiters may be omitted."" PS3.5 6.2, on the single component form: ""for reasons of backward compatibility with older versions of this Standard, person names might be considered a single family name complex (single component without ""^"" delimiters).""","dciodvfy reports the value as dubious for the VR. It names no Type and no condition, and dubious is a judgement about value quality rather than about conformance, which is the definition of the PLAUSIBILITY category. No requirement is available to cite against it: PS3.5 permits trailing null components and their delimiters to be omitted, so a single component PN is a well formed value of the VR. Each distinct patient identifier is its own message class because the value is inside the message text, so this one rule covers 336 message classes that differ only in that value."
dciodvfy,1d475d9f0a91,Warning - Value dubious for this VR - (TAG) PN Patient's Name PN [1] = <TCGA-12-0828> - Retired Person Name form,Warning,3,PLAUSIBILITY,PS3.5 6.2,"Table 6.2-1, PN","PS3.5 6.2, Table 6.2-1, PN: ""A character string encoded using a 5 component convention."" PS3.5 6.2, on omission: ""Trailing null components and their delimiters may be omitted."" PS3.5 6.2, on the single component form: ""for reasons of backward compatibility with older versions of this Standard, person names might be considered a single family name complex (single component without ""^"" delimiters).""","dciodvfy reports the value as dubious for the VR. It names no Type and no condition, and dubious is a judgement about value quality rather than about conformance, which is the definition of the PLAUSIBILITY category. No requirement is available to cite against it: PS3.5 permits trailing null components and their delimiters to be omitted, so a single component PN is a well formed value of the VR. Each distinct patient identifier is its own message class because the value is inside the message text, so this one rule covers 336 message classes that differ only in that value."
dciodvfy,1d608b5791a8,Warning - Value dubious for this VR - (TAG) PN Patient's Name PN [1] = <TCGA-06-0646> - Retired Person Name form,Warning,3,PLAUSIBILITY,PS3.5 6.2,"Table 6.2-1, PN","PS3.5 6.2, Table 6.2-1, PN: ""A character string encoded using a 5 component convention."" PS3.5 6.2, on omission: ""Trailing null components and their delimiters may be omitted."" PS3.5 6.2, on the single component form: ""for reasons of backward compatibility with older versions of this Standard, person names might be considered a single family name complex (single component without ""^"" delimiters).""","dciodvfy reports the value as dubious for the VR. It names no Type and no condition, and dubious is a judgement about value quality rather than about conformance, which is the definition of the PLAUSIBILITY category. No requirement is available to cite against it: PS3.5 permits trailing null components and their delimiters to be omitted, so a single component PN is a well formed value of the VR. Each distinct patient identifier is its own message class because the value is inside the message text, so this one rule covers 336 message classes that differ only in that value."
dciodvfy,212f5e3c173d,Warning - Value dubious for this VR - (TAG) PN Patient's Name PN [1] = <TCGA-14-1454> - Retired Person Name form,Warning,3,PLAUSIBILITY,PS3.5 6.2,"Table 6.2-1, PN","PS3.5 6.2, Table 6.2-1, PN: ""A character string encoded using a 5 component convention."" PS3.5 6.2, on omission: ""Trailing null components and their delimiters may be omitted."" PS3.5 6.2, on the single component form: ""for reasons of backward compatibility with older versions of this Standard, person names might be considered a single family name complex (single component without ""^"" delimiters).""","dciodvfy reports the value as dubious for the VR. It names no Type and no condition, and dubious is a judgement about value quality rather than about conformance, which is the definition of the PLAUSIBILITY category. No requirement is available to cite against it: PS3.5 permits trailing null components and their delimiters to be omitted, so a single component PN is a well formed value of the VR. Each distinct patient identifier is its own message class because the value is inside the message text, so this one rule covers 336 message classes that differ only in that value."
dciodvfy,29c849224237,Warning - Value dubious for this VR - (TAG) PN Patient's Name PN [1] = <TCGA-12-1095> - Retired Person Name form,Warning,3,PLAUSIBILITY,PS3.5 6.2,"Table 6.2-1, PN","PS3.5 6.2, Table 6.2-1, PN: ""A character string encoded using a 5 component convention."" PS3.5 6.2, on omission: ""Trailing null components and their delimiters may be omitted."" PS3.5 6.2, on the single component form: ""for reasons of backward compatibility with older versions of this Standard, person names might be considered a single family name complex (single component without ""^"" delimiters).""","dciodvfy reports the value as dubious for the VR. It names no Type and no condition, and dubious is a judgement about value quality rather than about conformance, which is the definition of the PLAUSIBILITY category. No requirement is available to cite against it: PS3.5 permits trailing null components and their delimiters to be omitted, so a single component PN is a well formed value of the VR. Each distinct patient identifier is its own message class because the value is inside the message text, so this one rule covers 336 message classes that differ only in that value."
dciodvfy,34f651ca4882,Warning - Value dubious for this VR - (TAG) PN Patient's Name PN [1] = <TCGA-12-1097> - Retired Person Name form,Warning,3,PLAUSIBILITY,PS3.5 6.2,"Table 6.2-1, PN","PS3.5 6.2, Table 6.2-1, PN: ""A character string encoded using a 5 component convention."" PS3.5 6.2, on omission: ""Trailing null components and their delimiters may be omitted."" PS3.5 6.2, on the single component form: ""for reasons of backward compatibility with older versions of this Standard, person names might be considered a single family name complex (single component without ""^"" delimiters).""","dciodvfy reports the value as dubious for the VR. It names no Type and no condition, and dubious is a judgement about value quality rather than about conformance, which is the definition of the PLAUSIBILITY category. No requirement is available to cite against it: PS3.5 permits trailing null components and their delimiters to be omitted, so a single component PN is a well formed value of the VR. Each distinct patient identifier is its own message class because the value is inside the message text, so this one rule covers 336 message classes that differ only in that value."
dciodvfy,3fc2c54d7622,Warning - Value dubious for this VR - (TAG) PN Patient's Name PN [1] = <TCGA-14-1034> - Retired Person Name form,Warning,3,PLAUSIBILITY,PS3.5 6.2,"Table 6.2-1, PN","PS3.5 6.2, Table 6.2-1, PN: ""A character string encoded using a 5 component convention."" PS3.5 6.2, on omission: ""Trailing null components and their delimiters may be omitted."" PS3.5 6.2, on the single component form: ""for reasons of backward compatibility with older versions of this Standard, person names might be considered a single family name complex (single component without ""^"" delimiters).""","dciodvfy reports the value as dubious for the VR. It names no Type and no condition, and dubious is a judgement about value quality rather than about conformance, which is the definition of the PLAUSIBILITY category. No requirement is available to cite against it: PS3.5 permits trailing null components and their delimiters to be omitted, so a single component PN is a well formed value of the VR. Each distinct patient identifier is its own message class because the value is inside the message text, so this one rule covers 336 message classes that differ only in that value."
dciodvfy,403340fd3e61,Warning - Value dubious for this VR - (TAG) PN Patient's Name PN [1] = <TCGA-14-0871> - Retired Person Name form,Warning,3,PLAUSIBILITY,PS3.5 6.2,"Table 6.2-1, PN","PS3.5 6.2, Table 6.2-1, PN: ""A character string encoded using a 5 component convention."" PS3.5 6.2, on omission: ""Trailing null components and their delimiters may be omitted."" PS3.5 6.2, on the single component form: ""for reasons of backward compatibility with older versions of this Standard, person names might be considered a single family name complex (single component without ""^"" delimiters).""","dciodvfy reports the value as dubious for the VR. It names no Type and no condition, and dubious is a judgement about value quality rather than about conformance, which is the definition of the PLAUSIBILITY category. No requirement is available to cite against it: PS3.5 permits trailing null components and their delimiters to be omitted, so a single component PN is a well formed value of the VR. Each distinct patient identifier is its own message class because the value is inside the message text, so this one rule covers 336 message classes that differ only in that value."
dciodvfy,46206bc2edbf,Warning - Value dubious for this VR - (TAG) PN Patient's Name PN [1] = <TCGA-06-0214> - Retired Person Name form,Warning,3,PLAUSIBILITY,PS3.5 6.2,"Table 6.2-1, PN","PS3.5 6.2, Table 6.2-1, PN: ""A character string encoded using a 5 component convention."" PS3.5 6.2, on omission: ""Trailing null components and their delimiters may be omitted."" PS3.5 6.2, on the single component form: ""for reasons of backward compatibility with older versions of this Standard, person names might be considered a single family name complex (single component without ""^"" delimiters).""","dciodvfy reports the value as dubious for the VR. It names no Type and no condition, and dubious is a judgement about value quality rather than about conformance, which is the definition of the PLAUSIBILITY category. No requirement is available to cite against it: PS3.5 permits trailing null components and their delimiters to be omitted, so a single component PN is a well formed value of the VR. Each distinct patient identifier is its own message class because the value is inside the message text, so this one rule covers 336 message classes that differ only in that value."
dciodvfy,46d17b959266,Warning - Value dubious for this VR - (TAG) PN Patient's Name PN [1] = <TCGA-12-0821> - Retired Person Name form,Warning,3,PLAUSIBILITY,PS3.5 6.2,"Table 6.2-1, PN","PS3.5 6.2, Table 6.2-1, PN: ""A character string encoded using a 5 component convention."" PS3.5 6.2, on omission: ""Trailing null components and their delimiters may be omitted."" PS3.5 6.2, on the single component form: ""for reasons of backward compatibility with older versions of this Standard, person names might be considered a single family name complex (single component without ""^"" delimiters).""","dciodvfy reports the value as dubious for the VR. It names no Type and no condition, and dubious is a judgement about value quality rather than about conformance, which is the definition of the PLAUSIBILITY category. No requirement is available to cite against it: PS3.5 permits trailing null components and their delimiters to be omitted, so a single component PN is a well formed value of the VR. Each distinct patient identifier is its own message class because the value is inside the message text, so this one rule covers 336 message classes that differ only in that value."
dciodvfy,51fde6dd5527,Warning - Value dubious for this VR - (TAG) PN Patient's Name PN [1] = <TCGA-02-0001> - Retired Person Name form,Warning,3,PLAUSIBILITY,PS3.5 6.2,"Table 6.2-1, PN","PS3.5 6.2, Table 6.2-1, PN: ""A character string encoded using a 5 component convention."" PS3.5 6.2, on omission: ""Trailing null components and their delimiters may be omitted."" PS3.5 6.2, on the single component form: ""for reasons of backward compatibility with older versions of this Standard, person names might be considered a single family name complex (single component without ""^"" delimiters).""","dciodvfy reports the value as dubious for the VR. It names no Type and no condition, and dubious is a judgement about value quality rather than about conformance, which is the definition of the PLAUSIBILITY category. No requirement is available to cite against it: PS3.5 permits trailing null components and their delimiters to be omitted, so a single component PN is a well formed value of the VR. Each distinct patient identifier is its own message class because the value is inside the message text, so this one rule covers 336 message classes that differ only in that value."
dciodvfy,524ff886843d,Warning - Value dubious for this VR - (TAG) PN Patient's Name PN [1] = <TCGA-06-0145> - Retired Person Name form,Warning,3,PLAUSIBILITY,PS3.5 6.2,"Table 6.2-1, PN","PS3.5 6.2, Table 6.2-1, PN: ""A character string encoded using a 5 component convention."" PS3.5 6.2, on omission: ""Trailing null components and their delimiters may be omitted."" PS3.5 6.2, on the single component form: ""for reasons of backward compatibility with older versions of this Standard, person names might be considered a single family name complex (single component without ""^"" delimiters).""","dciodvfy reports the value as dubious for the VR. It names no Type and no condition, and dubious is a judgement about value quality rather than about conformance, which is the definition of the PLAUSIBILITY category. No requirement is available to cite against it: PS3.5 permits trailing null components and their delimiters to be omitted, so a single component PN is a well formed value of the VR. Each distinct patient identifier is its own message class because the value is inside the message text, so this one rule covers 336 message classes that differ only in that value."
dciodvfy,67f6c559035a,Warning - Value dubious for this VR - (TAG) PN Patient's Name PN [1] = <TCGA-12-0654> - Retired Person Name form,Warning,3,PLAUSIBILITY,PS3.5 6.2,"Table 6.2-1, PN","PS3.5 6.2, Table 6.2-1, PN: ""A character string encoded using a 5 component convention."" PS3.5 6.2, on omission: ""Trailing null components and their delimiters may be omitted."" PS3.5 6.2, on the single component form: ""for reasons of backward compatibility with older versions of this Standard, person names might be considered a single family name complex (single component without ""^"" delimiters).""","dciodvfy reports the value as dubious for the VR. It names no Type and no condition, and dubious is a judgement about value quality rather than about conformance, which is the definition of the PLAUSIBILITY category. No requirement is available to cite against it: PS3.5 permits trailing null components and their delimiters to be omitted, so a single component PN is a well formed value of the VR. Each distinct patient identifier is its own message class because the value is inside the message text, so this one rule covers 336 message classes that differ only in that value."
dciodvfy,6c5a71c4fefc,Warning - Value dubious for this VR - (TAG) PN Patient's Name PN [1] = <TCGA-14-0813> - Retired Person Name form,Warning,3,PLAUSIBILITY,PS3.5 6.2,"Table 6.2-1, PN","PS3.5 6.2, Table 6.2-1, PN: ""A character string encoded using a 5 component convention."" PS3.5 6.2, on omission: ""Trailing null components and their delimiters may be omitted."" PS3.5 6.2, on the single component form: ""for reasons of backward compatibility with older versions of this Standard, person names might be considered a single family name complex (single component without ""^"" delimiters).""","dciodvfy reports the value as dubious for the VR. It names no Type and no condition, and dubious is a judgement about value quality rather than about conformance, which is the definition of the PLAUSIBILITY category. No requirement is available to cite against it: PS3.5 permits trailing null components and their delimiters to be omitted, so a single component PN is a well formed value of the VR. Each distinct patient identifier is its own message class because the value is inside the message text, so this one rule covers 336 message classes that differ only in that value."
dciodvfy,73c77b379a64,Warning - Value dubious for this VR - (TAG) PN Patient's Name PN [1] = <TCGA-02-0034> - Retired Person Name form,Warning,3,PLAUSIBILITY,PS3.5 6.2,"Table 6.2-1, PN","PS3.5 6.2, Table 6.2-1, PN: ""A character string encoded using a 5 component convention."" PS3.5 6.2, on omission: ""Trailing null components and their delimiters may be omitted."" PS3.5 6.2, on the single component form: ""for reasons of backward compatibility with older versions of this Standard, person names might be considered a single family name complex (single component without ""^"" delimiters).""","dciodvfy reports the value as dubious for the VR. It names no Type and no condition, and dubious is a judgement about value quality rather than about conformance, which is the definition of the PLAUSIBILITY category. No requirement is available to cite against it: PS3.5 permits trailing null components and their delimiters to be omitted, so a single component PN is a well formed value of the VR. Each distinct patient identifier is its own message class because the value is inside the message text, so this one rule covers 336 message classes that differ only in that value."
dciodvfy,7a760e95d704,Warning - Value dubious for this VR - (TAG) PN Patient's Name PN [1] = <TCGA-06-0127> - Retired Person Name form,Warning,3,PLAUSIBILITY,PS3.5 6.2,"Table 6.2-1, PN","PS3.5 6.2, Table 6.2-1, PN: ""A character string encoded using a 5 component convention."" PS3.5 6.2, on omission: ""Trailing null components and their delimiters may be omitted."" PS3.5 6.2, on the single component form: ""for reasons of backward compatibility with older versions of this Standard, person names might be considered a single family name complex (single component without ""^"" delimiters).""","dciodvfy reports the value as dubious for the VR. It names no Type and no condition, and dubious is a judgement about value quality rather than about conformance, which is the definition of the PLAUSIBILITY category. No requirement is available to cite against it: PS3.5 permits trailing null components and their delimiters to be omitted, so a single component PN is a well formed value of the VR. Each distinct patient identifier is its own message class because the value is inside the message text, so this one rule covers 336 message classes that differ only in that value."
dciodvfy,807a4dec804c,Warning - Value dubious for this VR - (TAG) PN Patient's Name PN [1] = <TCGA-02-0003> - Retired Person Name form,Warning,3,PLAUSIBILITY,PS3.5 6.2,"Table 6.2-1, PN","PS3.5 6.2, Table 6.2-1, PN: ""A character string encoded using a 5 component convention."" PS3.5 6.2, on omission: ""Trailing null components and their delimiters may be omitted."" PS3.5 6.2, on the single component form: ""for reasons of backward compatibility with older versions of this Standard, person names might be considered a single family name complex (single component without ""^"" delimiters).""","dciodvfy reports the value as dubious for the VR. It names no Type and no condition, and dubious is a judgement about value quality rather than about conformance, which is the definition of the PLAUSIBILITY category. No requirement is available to cite against it: PS3.5 permits trailing null components and their delimiters to be omitted, so a single component PN is a well formed value of the VR. Each distinct patient identifier is its own message class because the value is inside the message text, so this one rule covers 336 message classes that differ only in that value."
dciodvfy,87ab6ab3977c,Warning - Value dubious for this VR - (TAG) PN Patient's Name PN [1] = <TCGA-06-0137> - Retired Person Name form,Warning,3,PLAUSIBILITY,PS3.5 6.2,"Table 6.2-1, PN","PS3.5 6.2, Table 6.2-1, PN: ""A character string encoded using a 5 component convention."" PS3.5 6.2, on omission: ""Trailing null components and their delimiters may be omitted."" PS3.5 6.2, on the single component form: ""for reasons of backward compatibility with older versions of this Standard, person names might be considered a single family name complex (single component without ""^"" delimiters).""","dciodvfy reports the value as dubious for the VR. It names no Type and no condition, and dubious is a judgement about value quality rather than about conformance, which is the definition of the PLAUSIBILITY category. No requirement is available to cite against it: PS3.5 permits trailing null components and their delimiters to be omitted, so a single component PN is a well formed value of the VR. Each distinct patient identifier is its own message class because the value is inside the message text, so this one rule covers 336 message classes that differ only in that value."
dciodvfy,9072c71eebd2,Warning - Value dubious for this VR - (TAG) PN Patient's Name PN [1] = <TCGA-15-1449> - Retired Person Name form,Warning,3,PLAUSIBILITY,PS3.5 6.2,"Table 6.2-1, PN","PS3.5 6.2, Table 6.2-1, PN: ""A character string encoded using a 5 component convention."" PS3.5 6.2, on omission: ""Trailing null components and their delimiters may be omitted."" PS3.5 6.2, on the single component form: ""for reasons of backward compatibility with older versions of this Standard, person names might be considered a single family name complex (single component without ""^"" delimiters).""","dciodvfy reports the value as dubious for the VR. It names no Type and no condition, and dubious is a judgement about value quality rather than about conformance, which is the definition of the PLAUSIBILITY category. No requirement is available to cite against it: PS3.5 permits trailing null components and their delimiters to be omitted, so a single component PN is a well formed value of the VR. Each distinct patient identifier is its own message class because the value is inside the message text, so this one rule covers 336 message classes that differ only in that value."
dciodvfy,9cef56c24d84,Warning - Value dubious for this VR - (TAG) PN Patient's Name PN [1] = <TCGA-27-1836> - Retired Person Name form,Warning,3,PLAUSIBILITY,PS3.5 6.2,"Table 6.2-1, PN","PS3.5 6.2, Table 6.2-1, PN: ""A character string encoded using a 5 component convention."" PS3.5 6.2, on omission: ""Trailing null components and their delimiters may be omitted."" PS3.5 6.2, on the single component form: ""for reasons of backward compatibility with older versions of this Standard, person names might be considered a single family name complex (single component without ""^"" delimiters).""","dciodvfy reports the value as dubious for the VR. It names no Type and no condition, and dubious is a judgement about value quality rather than about conformance, which is the definition of the PLAUSIBILITY category. No requirement is available to cite against it: PS3.5 permits trailing null components and their delimiters to be omitted, so a single component PN is a well formed value of the VR. Each distinct patient identifier is its own message class because the value is inside the message text, so this one rule covers 336 message classes that differ only in that value."
dciodvfy,9df4558c71fb,Warning - Value dubious for this VR - (TAG) PN Patient's Name PN [1] = <TCGA-12-0620> - Retired Person Name form,Warning,3,PLAUSIBILITY,PS3.5 6.2,"Table 6.2-1, PN","PS3.5 6.2, Table 6.2-1, PN: ""A character string encoded using a 5 component convention."" PS3.5 6.2, on omission: ""Trailing null components and their delimiters may be omitted."" PS3.5 6.2, on the single component form: ""for reasons of backward compatibility with older versions of this Standard, person names might be considered a single family name complex (single component without ""^"" delimiters).""","dciodvfy reports the value as dubious for the VR. It names no Type and no condition, and dubious is a judgement about value quality rather than about conformance, which is the definition of the PLAUSIBILITY category. No requirement is available to cite against it: PS3.5 permits trailing null components and their delimiters to be omitted, so a single component PN is a well formed value of the VR. Each distinct patient identifier is its own message class because the value is inside the message text, so this one rule covers 336 message classes that differ only in that value."
dciodvfy,aa0f96245a72,Warning - Value dubious for this VR - (TAG) PN Patient's Name PN [1] = <TCGA-06-0174> - Retired Person Name form,Warning,3,PLAUSIBILITY,PS3.5 6.2,"Table 6.2-1, PN","PS3.5 6.2, Table 6.2-1, PN: ""A character string encoded using a 5 component convention."" PS3.5 6.2, on omission: ""Trailing null components and their delimiters may be omitted."" PS3.5 6.2, on the single component form: ""for reasons of backward compatibility with older versions of this Standard, person names might be considered a single family name complex (single component without ""^"" delimiters).""","dciodvfy reports the value as dubious for the VR. It names no Type and no condition, and dubious is a judgement about value quality rather than about conformance, which is the definition of the PLAUSIBILITY category. No requirement is available to cite against it: PS3.5 permits trailing null components and their delimiters to be omitted, so a single component PN is a well formed value of the VR. Each distinct patient identifier is its own message class because the value is inside the message text, so this one rule covers 336 message classes that differ only in that value."
dciodvfy,aeeb4216f7b4,Warning - Value dubious for this VR - (TAG) PN Patient's Name PN [1] = <TCGA-12-1599> - Retired Person Name form,Warning,3,PLAUSIBILITY,PS3.5 6.2,"Table 6.2-1, PN","PS3.5 6.2, Table 6.2-1, PN: ""A character string encoded using a 5 component convention."" PS3.5 6.2, on omission: ""Trailing null components and their delimiters may be omitted."" PS3.5 6.2, on the single component form: ""for reasons of backward compatibility with older versions of this Standard, person names might be considered a single family name complex (single component without ""^"" delimiters).""","dciodvfy reports the value as dubious for the VR. It names no Type and no condition, and dubious is a judgement about value quality rather than about conformance, which is the definition of the PLAUSIBILITY category. No requirement is available to cite against it: PS3.5 permits trailing null components and their delimiters to be omitted, so a single component PN is a well formed value of the VR. Each distinct patient identifier is its own message class because the value is inside the message text, so this one rule covers 336 message classes that differ only in that value."
dciodvfy,b1fd601d7daa,Warning - Value dubious for this VR - (TAG) PN Patient's Name PN [1] = <TCGA-12-1099> - Retired Person Name form,Warning,3,PLAUSIBILITY,PS3.5 6.2,"Table 6.2-1, PN","PS3.5 6.2, Table 6.2-1, PN: ""A character string encoded using a 5 component convention."" PS3.5 6.2, on omission: ""Trailing null components and their delimiters may be omitted."" PS3.5 6.2, on the single component form: ""for reasons of backward compatibility with older versions of this Standard, person names might be considered a single family name complex (single component without ""^"" delimiters).""","dciodvfy reports the value as dubious for the VR. It names no Type and no condition, and dubious is a judgement about value quality rather than about conformance, which is the definition of the PLAUSIBILITY category. No requirement is available to cite against it: PS3.5 permits trailing null components and their delimiters to be omitted, so a single component PN is a well formed value of the VR. Each distinct patient identifier is its own message class because the value is inside the message text, so this one rule covers 336 message classes that differ only in that value."
dciodvfy,b3976f8a4f64,Warning - Value dubious for this VR - (TAG) PN Patient's Name PN [1] = <TCGA-12-0619> - Retired Person Name form,Warning,3,PLAUSIBILITY,PS3.5 6.2,"Table 6.2-1, PN","PS3.5 6.2, Table 6.2-1, PN: ""A character string encoded using a 5 component convention."" PS3.5 6.2, on omission: ""Trailing null components and their delimiters may be omitted."" PS3.5 6.2, on the single component form: ""for reasons of backward compatibility with older versions of this Standard, person names might be considered a single family name complex (single component without ""^"" delimiters).""","dciodvfy reports the value as dubious for the VR. It names no Type and no condition, and dubious is a judgement about value quality rather than about conformance, which is the definition of the PLAUSIBILITY category. No requirement is available to cite against it: PS3.5 permits trailing null components and their delimiters to be omitted, so a single component PN is a well formed value of the VR. Each distinct patient identifier is its own message class because the value is inside the message text, so this one rule covers 336 message classes that differ only in that value."
dciodvfy,b53d6b34a4d5,Warning - Value dubious for this VR - (TAG) PN Patient's Name PN [1] = <TCGA-06-0168> - Retired Person Name form,Warning,3,PLAUSIBILITY,PS3.5 6.2,"Table 6.2-1, PN","PS3.5 6.2, Table 6.2-1, PN: ""A character string encoded using a 5 component convention."" PS3.5 6.2, on omission: ""Trailing null components and their delimiters may be omitted."" PS3.5 6.2, on the single component form: ""for reasons of backward compatibility with older versions of this Standard, person names might be considered a single family name complex (single component without ""^"" delimiters).""","dciodvfy reports the value as dubious for the VR. It names no Type and no condition, and dubious is a judgement about value quality rather than about conformance, which is the definition of the PLAUSIBILITY category. No requirement is available to cite against it: PS3.5 permits trailing null components and their delimiters to be omitted, so a single component PN is a well formed value of the VR. Each distinct patient identifier is its own message class because the value is inside the message text, so this one rule covers 336 message classes that differ only in that value."
dciodvfy,c1a20a900aab,Warning - Value dubious for this VR - (TAG) PN Patient's Name PN [1] = <TCGA-14-1821> - Retired Person Name form,Warning,3,PLAUSIBILITY,PS3.5 6.2,"Table 6.2-1, PN","PS3.5 6.2, Table 6.2-1, PN: ""A character string encoded using a 5 component convention."" PS3.5 6.2, on omission: ""Trailing null components and their delimiters may be omitted."" PS3.5 6.2, on the single component form: ""for reasons of backward compatibility with older versions of this Standard, person names might be considered a single family name complex (single component without ""^"" delimiters).""","dciodvfy reports the value as dubious for the VR. It names no Type and no condition, and dubious is a judgement about value quality rather than about conformance, which is the definition of the PLAUSIBILITY category. No requirement is available to cite against it: PS3.5 permits trailing null components and their delimiters to be omitted, so a single component PN is a well formed value of the VR. Each distinct patient identifier is its own message class because the value is inside the message text, so this one rule covers 336 message classes that differ only in that value."
dciodvfy,c2c0a02fb691,Warning - Value dubious for this VR - (TAG) PN Patient's Name PN [1] = <TCGA-02-0009> - Retired Person Name form,Warning,3,PLAUSIBILITY,PS3.5 6.2,"Table 6.2-1, PN","PS3.5 6.2, Table 6.2-1, PN: ""A character string encoded using a 5 component convention."" PS3.5 6.2, on omission: ""Trailing null components and their delimiters may be omitted."" PS3.5 6.2, on the single component form: ""for reasons of backward compatibility with older versions of this Standard, person names might be considered a single family name complex (single component without ""^"" delimiters).""","dciodvfy reports the value as dubious for the VR. It names no Type and no condition, and dubious is a judgement about value quality rather than about conformance, which is the definition of the PLAUSIBILITY category. No requirement is available to cite against it: PS3.5 permits trailing null components and their delimiters to be omitted, so a single component PN is a well formed value of the VR. Each distinct patient identifier is its own message class because the value is inside the message text, so this one rule covers 336 message classes that differ only in that value."
dciodvfy,d5b4e57b71eb,Warning - Value dubious for this VR - (TAG) PN Patient's Name PN [1] = <TCGA-12-0826> - Retired Person Name form,Warning,3,PLAUSIBILITY,PS3.5 6.2,"Table 6.2-1, PN","PS3.5 6.2, Table 6.2-1, PN: ""A character string encoded using a 5 component convention."" PS3.5 6.2, on omission: ""Trailing null components and their delimiters may be omitted."" PS3.5 6.2, on the single component form: ""for reasons of backward compatibility with older versions of this Standard, person names might be considered a single family name complex (single component without ""^"" delimiters).""","dciodvfy reports the value as dubious for the VR. It names no Type and no condition, and dubious is a judgement about value quality rather than about conformance, which is the definition of the PLAUSIBILITY category. No requirement is available to cite against it: PS3.5 permits trailing null components and their delimiters to be omitted, so a single component PN is a well formed value of the VR. Each distinct patient identifier is its own message class because the value is inside the message text, so this one rule covers 336 message classes that differ only in that value."
dciodvfy,f11f46ed6245,Warning - Value dubious for this VR - (TAG) PN Patient's Name PN [1] = <TCGA-12-0703> - Retired Person Name form,Warning,3,PLAUSIBILITY,PS3.5 6.2,"Table 6.2-1, PN","PS3.5 6.2, Table 6.2-1, PN: ""A character string encoded using a 5 component convention."" PS3.5 6.2, on omission: ""Trailing null components and their delimiters may be omitted."" PS3.5 6.2, on the single component form: ""for reasons of backward compatibility with older versions of this Standard, person names might be considered a single family name complex (single component without ""^"" delimiters).""","dciodvfy reports the value as dubious for the VR. It names no Type and no condition, and dubious is a judgement about value quality rather than about conformance, which is the definition of the PLAUSIBILITY category. No requirement is available to cite against it: PS3.5 permits trailing null components and their delimiters to be omitted, so a single component PN is a well formed value of the VR. Each distinct patient identifier is its own message class because the value is inside the message text, so this one rule covers 336 message classes that differ only in that value."
dciodvfy,f4f0960a5ed3,Warning - Value dubious for this VR - (TAG) PN Patient's Name PN [1] = <TCGA-14-0817> - Retired Person Name form,Warning,3,PLAUSIBILITY,PS3.5 6.2,"Table 6.2-1, PN","PS3.5 6.2, Table 6.2-1, PN: ""A character string encoded using a 5 component convention."" PS3.5 6.2, on omission: ""Trailing null components and their delimiters may be omitted."" PS3.5 6.2, on the single component form: ""for reasons of backward compatibility with older versions of this Standard, person names might be considered a single family name complex (single component without ""^"" delimiters).""","dciodvfy reports the value as dubious for the VR. It names no Type and no condition, and dubious is a judgement about value quality rather than about conformance, which is the definition of the PLAUSIBILITY category. No requirement is available to cite against it: PS3.5 permits trailing null components and their delimiters to be omitted, so a single component PN is a well formed value of the VR. Each distinct patient identifier is its own message class because the value is inside the message text, so this one rule covers 336 message classes that differ only in that value."
dciodvfy,f7f3132546c5,Warning - Value dubious for this VR - (TAG) PN Patient's Name PN [1] = <TCGA-12-0780> - Retired Person Name form,Warning,3,PLAUSIBILITY,PS3.5 6.2,"Table 6.2-1, PN","PS3.5 6.2, Table 6.2-1, PN: ""A character string encoded using a 5 component convention."" PS3.5 6.2, on omission: ""Trailing null components and their delimiters may be omitted."" PS3.5 6.2, on the single component form: ""for reasons of backward compatibility with older versions of this Standard, person names might be considered a single family name complex (single component without ""^"" delimiters).""","dciodvfy reports the value as dubious for the VR. It names no Type and no condition, and dubious is a judgement about value quality rather than about conformance, which is the definition of the PLAUSIBILITY category. No requirement is available to cite against it: PS3.5 permits trailing null components and their delimiters to be omitted, so a single component PN is a well formed value of the VR. Each distinct patient identifier is its own message class because the value is inside the message text, so this one rule covers 336 message classes that differ only in that value."
dciodvfy,f8798bc9640a,Warning - Value dubious for this VR - (TAG) PN Patient's Name PN [1] = <TCGA-12-0776> - Retired Person Name form,Warning,3,PLAUSIBILITY,PS3.5 6.2,"Table 6.2-1, PN","PS3.5 6.2, Table 6.2-1, PN: ""A character string encoded using a 5 component convention."" PS3.5 6.2, on omission: ""Trailing null components and their delimiters may be omitted."" PS3.5 6.2, on the single component form: ""for reasons of backward compatibility with older versions of this Standard, person names might be considered a single family name complex (single component without ""^"" delimiters).""","dciodvfy reports the value as dubious for the VR. It names no Type and no condition, and dubious is a judgement about value quality rather than about conformance, which is the definition of the PLAUSIBILITY category. No requirement is available to cite against it: PS3.5 permits trailing null components and their delimiters to be omitted, so a single component PN is a well formed value of the VR. Each distinct patient identifier is its own message class because the value is inside the message text, so this one rule covers 336 message classes that differ only in that value."
dciodvfy,fbf0ed89832b,Warning - Value dubious for this VR - (TAG) PN Patient's Name PN [1] = <TCGA-06-0184> - Retired Person Name form,Warning,3,PLAUSIBILITY,PS3.5 6.2,"Table 6.2-1, PN","PS3.5 6.2, Table 6.2-1, PN: ""A character string encoded using a 5 component convention."" PS3.5 6.2, on omission: ""Trailing null components and their delimiters may be omitted."" PS3.5 6.2, on the single component form: ""for reasons of backward compatibility with older versions of this Standard, person names might be considered a single family name complex (single component without ""^"" delimiters).""","dciodvfy reports the value as dubious for the VR. It names no Type and no condition, and dubious is a judgement about value quality rather than about conformance, which is the definition of the PLAUSIBILITY category. No requirement is available to cite against it: PS3.5 permits trailing null components and their delimiters to be omitted, so a single component PN is a well formed value of the VR. Each distinct patient identifier is its own message class because the value is inside the message text, so this one rule covers 336 message classes that differ only in that value."
dciodvfy,027ea286c75b,Warning - Value dubious for this VR - (TAG) PN Patient's Name PN [1] = <TCGA-14-1402> - Retired Person Name form,Warning,2,PLAUSIBILITY,PS3.5 6.2,"Table 6.2-1, PN","PS3.5 6.2, Table 6.2-1, PN: ""A character string encoded using a 5 component convention."" PS3.5 6.2, on omission: ""Trailing null components and their delimiters may be omitted."" PS3.5 6.2, on the single component form: ""for reasons of backward compatibility with older versions of this Standard, person names might be considered a single family name complex (single component without ""^"" delimiters).""","dciodvfy reports the value as dubious for the VR. It names no Type and no condition, and dubious is a judgement about value quality rather than about conformance, which is the definition of the PLAUSIBILITY category. No requirement is available to cite against it: PS3.5 permits trailing null components and their delimiters to be omitted, so a single component PN is a well formed value of the VR. Each distinct patient identifier is its own message class because the value is inside the message text, so this one rule covers 336 message classes that differ only in that value."
dciodvfy,05b8d15da2e6,Warning - Value dubious for this VR - (TAG) PN Patient's Name PN [1] = <TCGA-08-0522> - Retired Person Name form,Warning,2,PLAUSIBILITY,PS3.5 6.2,"Table 6.2-1, PN","PS3.5 6.2, Table 6.2-1, PN: ""A character string encoded using a 5 component convention."" PS3.5 6.2, on omission: ""Trailing null components and their delimiters may be omitted."" PS3.5 6.2, on the single component form: ""for reasons of backward compatibility with older versions of this Standard, person names might be considered a single family name complex (single component without ""^"" delimiters).""","dciodvfy reports the value as dubious for the VR. It names no Type and no condition, and dubious is a judgement about value quality rather than about conformance, which is the definition of the PLAUSIBILITY category. No requirement is available to cite against it: PS3.5 permits trailing null components and their delimiters to be omitted, so a single component PN is a well formed value of the VR. Each distinct patient identifier is its own message class because the value is inside the message text, so this one rule covers 336 message classes that differ only in that value."
dciodvfy,09c597c9d1a0,Warning - Value dubious for this VR - (TAG) PN Patient's Name PN [1] = <TCGA-06-0237> - Retired Person Name form,Warning,2,PLAUSIBILITY,PS3.5 6.2,"Table 6.2-1, PN","PS3.5 6.2, Table 6.2-1, PN: ""A character string encoded using a 5 component convention."" PS3.5 6.2, on omission: ""Trailing null components and their delimiters may be omitted."" PS3.5 6.2, on the single component form: ""for reasons of backward compatibility with older versions of this Standard, person names might be considered a single family name complex (single component without ""^"" delimiters).""","dciodvfy reports the value as dubious for the VR. It names no Type and no condition, and dubious is a judgement about value quality rather than about conformance, which is the definition of the PLAUSIBILITY category. No requirement is available to cite against it: PS3.5 permits trailing null components and their delimiters to be omitted, so a single component PN is a well formed value of the VR. Each distinct patient identifier is its own message class because the value is inside the message text, so this one rule covers 336 message classes that differ only in that value."
dciodvfy,0af2267118d3,Warning - Value dubious for this VR - (TAG) PN Patient's Name PN [1] = <TCGA-06-0139> - Retired Person Name form,Warning,2,PLAUSIBILITY,PS3.5 6.2,"Table 6.2-1, PN","PS3.5 6.2, Table 6.2-1, PN: ""A character string encoded using a 5 component convention."" PS3.5 6.2, on omission: ""Trailing null components and their delimiters may be omitted."" PS3.5 6.2, on the single component form: ""for reasons of backward compatibility with older versions of this Standard, person names might be considered a single family name complex (single component without ""^"" delimiters).""","dciodvfy reports the value as dubious for the VR. It names no Type and no condition, and dubious is a judgement about value quality rather than about conformance, which is the definition of the PLAUSIBILITY category. No requirement is available to cite against it: PS3.5 permits trailing null components and their delimiters to be omitted, so a single component PN is a well formed value of the VR. Each distinct patient identifier is its own message class because the value is inside the message text, so this one rule covers 336 message classes that differ only in that value."
dciodvfy,10c410d9393a,Warning - Value dubious for this VR - (TAG) PN Patient's Name PN [1] = <TCGA-14-1827> - Retired Person Name form,Warning,2,PLAUSIBILITY,PS3.5 6.2,"Table 6.2-1, PN","PS3.5 6.2, Table 6.2-1, PN: ""A character string encoded using a 5 component convention."" PS3.5 6.2, on omission: ""Trailing null components and their delimiters may be omitted."" PS3.5 6.2, on the single component form: ""for reasons of backward compatibility with older versions of this Standard, person names might be considered a single family name complex (single component without ""^"" delimiters).""","dciodvfy reports the value as dubious for the VR. It names no Type and no condition, and dubious is a judgement about value quality rather than about conformance, which is the definition of the PLAUSIBILITY category. No requirement is available to cite against it: PS3.5 permits trailing null components and their delimiters to be omitted, so a single component PN is a well formed value of the VR. Each distinct patient identifier is its own message class because the value is inside the message text, so this one rule covers 336 message classes that differ only in that value."
dciodvfy,126dfede79fa,Warning - Value dubious for this VR - (TAG) PN Patient's Name PN [1] = <TCGA-06-0125> - Retired Person Name form,Warning,2,PLAUSIBILITY,PS3.5 6.2,"Table 6.2-1, PN","PS3.5 6.2, Table 6.2-1, PN: ""A character string encoded using a 5 component convention."" PS3.5 6.2, on omission: ""Trailing null components and their delimiters may be omitted."" PS3.5 6.2, on the single component form: ""for reasons of backward compatibility with older versions of this Standard, person names might be considered a single family name complex (single component without ""^"" delimiters).""","dciodvfy reports the value as dubious for the VR. It names no Type and no condition, and dubious is a judgement about value quality rather than about conformance, which is the definition of the PLAUSIBILITY category. No requirement is available to cite against it: PS3.5 permits trailing null components and their delimiters to be omitted, so a single component PN is a well formed value of the VR. Each distinct patient identifier is its own message class because the value is inside the message text, so this one rule covers 336 message classes that differ only in that value."
dciodvfy,17e80162200d,Warning - Value dubious for this VR - (TAG) PN Patient's Name PN [1] = <TCGA-06-1801> - Retired Person Name form,Warning,2,PLAUSIBILITY,PS3.5 6.2,"Table 6.2-1, PN","PS3.5 6.2, Table 6.2-1, PN: ""A character string encoded using a 5 component convention."" PS3.5 6.2, on omission: ""Trailing null components and their delimiters may be omitted."" PS3.5 6.2, on the single component form: ""for reasons of backward compatibility with older versions of this Standard, person names might be considered a single family name complex (single component without ""^"" delimiters).""","dciodvfy reports the value as dubious for the VR. It names no Type and no condition, and dubious is a judgement about value quality rather than about conformance, which is the definition of the PLAUSIBILITY category. No requirement is available to cite against it: PS3.5 permits trailing null components and their delimiters to be omitted, so a single component PN is a well formed value of the VR. Each distinct patient identifier is its own message class because the value is inside the message text, so this one rule covers 336 message classes that differ only in that value."
dciodvfy,18d5d670f9c7,Warning - Value dubious for this VR - (TAG) PN Patient's Name PN [1] = <TCGA-02-0258> - Retired Person Name form,Warning,2,PLAUSIBILITY,PS3.5 6.2,"Table 6.2-1, PN","PS3.5 6.2, Table 6.2-1, PN: ""A character string encoded using a 5 component convention."" PS3.5 6.2, on omission: ""Trailing null components and their delimiters may be omitted."" PS3.5 6.2, on the single component form: ""for reasons of backward compatibility with older versions of this Standard, person names might be considered a single family name complex (single component without ""^"" delimiters).""","dciodvfy reports the value as dubious for the VR. It names no Type and no condition, and dubious is a judgement about value quality rather than about conformance, which is the definition of the PLAUSIBILITY category. No requirement is available to cite against it: PS3.5 permits trailing null components and their delimiters to be omitted, so a single component PN is a well formed value of the VR. Each distinct patient identifier is its own message class because the value is inside the message text, so this one rule covers 336 message classes that differ only in that value."
dciodvfy,191b1d9afb74,Warning - Value dubious for this VR - (TAG) PN Patient's Name PN [1] = <TCGA-12-1600> - Retired Person Name form,Warning,2,PLAUSIBILITY,PS3.5 6.2,"Table 6.2-1, PN","PS3.5 6.2, Table 6.2-1, PN: ""A character string encoded using a 5 component convention."" PS3.5 6.2, on omission: ""Trailing null components and their delimiters may be omitted."" PS3.5 6.2, on the single component form: ""for reasons of backward compatibility with older versions of this Standard, person names might be considered a single family name complex (single component without ""^"" delimiters).""","dciodvfy reports the value as dubious for the VR. It names no Type and no condition, and dubious is a judgement about value quality rather than about conformance, which is the definition of the PLAUSIBILITY category. No requirement is available to cite against it: PS3.5 permits trailing null components and their delimiters to be omitted, so a single component PN is a well formed value of the VR. Each distinct patient identifier is its own message class because the value is inside the message text, so this one rule covers 336 message classes that differ only in that value."
dciodvfy,1b063e7ec6e2,Warning - Value dubious for this VR - (TAG) PN Patient's Name PN [1] = <TCGA-15-1446> - Retired Person Name form,Warning,2,PLAUSIBILITY,PS3.5 6.2,"Table 6.2-1, PN","PS3.5 6.2, Table 6.2-1, PN: ""A character string encoded using a 5 component convention."" PS3.5 6.2, on omission: ""Trailing null components and their delimiters may be omitted."" PS3.5 6.2, on the single component form: ""for reasons of backward compatibility with older versions of this Standard, person names might be considered a single family name complex (single component without ""^"" delimiters).""","dciodvfy reports the value as dubious for the VR. It names no Type and no condition, and dubious is a judgement about value quality rather than about conformance, which is the definition of the PLAUSIBILITY category. No requirement is available to cite against it: PS3.5 permits trailing null components and their delimiters to be omitted, so a single component PN is a well formed value of the VR. Each distinct patient identifier is its own message class because the value is inside the message text, so this one rule covers 336 message classes that differ only in that value."
dciodvfy,2a2a8da4a8f3,Warning - Value dubious for this VR - (TAG) PN Patient's Name PN [1] = <TCGA-15-1444> - Retired Person Name form,Warning,2,PLAUSIBILITY,PS3.5 6.2,"Table 6.2-1, PN","PS3.5 6.2, Table 6.2-1, PN: ""A character string encoded using a 5 component convention."" PS3.5 6.2, on omission: ""Trailing null components and their delimiters may be omitted."" PS3.5 6.2, on the single component form: ""for reasons of backward compatibility with older versions of this Standard, person names might be considered a single family name complex (single component without ""^"" delimiters).""","dciodvfy reports the value as dubious for the VR. It names no Type and no condition, and dubious is a judgement about value quality rather than about conformance, which is the definition of the PLAUSIBILITY category. No requirement is available to cite against it: PS3.5 permits trailing null components and their delimiters to be omitted, so a single component PN is a well formed value of the VR. Each distinct patient identifier is its own message class because the value is inside the message text, so this one rule covers 336 message classes that differ only in that value."
dciodvfy,2c10a171779c,Warning - Value dubious for this VR - (TAG) PN Patient's Name PN [1] = <TCGA-06-0147> - Retired Person Name form,Warning,2,PLAUSIBILITY,PS3.5 6.2,"Table 6.2-1, PN","PS3.5 6.2, Table 6.2-1, PN: ""A character string encoded using a 5 component convention."" PS3.5 6.2, on omission: ""Trailing null components and their delimiters may be omitted."" PS3.5 6.2, on the single component form: ""for reasons of backward compatibility with older versions of this Standard, person names might be considered a single family name complex (single component without ""^"" delimiters).""","dciodvfy reports the value as dubious for the VR. It names no Type and no condition, and dubious is a judgement about value quality rather than about conformance, which is the definition of the PLAUSIBILITY category. No requirement is available to cite against it: PS3.5 permits trailing null components and their delimiters to be omitted, so a single component PN is a well formed value of the VR. Each distinct patient identifier is its own message class because the value is inside the message text, so this one rule covers 336 message classes that differ only in that value."
dciodvfy,30315da66b75,Warning - Value dubious for this VR - (TAG) PN Patient's Name PN [1] = <TCGA-12-1094> - Retired Person Name form,Warning,2,PLAUSIBILITY,PS3.5 6.2,"Table 6.2-1, PN","PS3.5 6.2, Table 6.2-1, PN: ""A character string encoded using a 5 component convention."" PS3.5 6.2, on omission: ""Trailing null components and their delimiters may be omitted."" PS3.5 6.2, on the single component form: ""for reasons of backward compatibility with older versions of this Standard, person names might be considered a single family name complex (single component without ""^"" delimiters).""","dciodvfy reports the value as dubious for the VR. It names no Type and no condition, and dubious is a judgement about value quality rather than about conformance, which is the definition of the PLAUSIBILITY category. No requirement is available to cite against it: PS3.5 permits trailing null components and their delimiters to be omitted, so a single component PN is a well formed value of the VR. Each distinct patient identifier is its own message class because the value is inside the message text, so this one rule covers 336 message classes that differ only in that value."
dciodvfy,33cbb9d4686e,Warning - Value dubious for this VR - (TAG) PN Patient's Name PN [1] = <TCGA-19-A6J5> - Retired Person Name form,Warning,2,PLAUSIBILITY,PS3.5 6.2,"Table 6.2-1, PN","PS3.5 6.2, Table 6.2-1, PN: ""A character string encoded using a 5 component convention."" PS3.5 6.2, on omission: ""Trailing null components and their delimiters may be omitted."" PS3.5 6.2, on the single component form: ""for reasons of backward compatibility with older versions of this Standard, person names might be considered a single family name complex (single component without ""^"" delimiters).""","dciodvfy reports the value as dubious for the VR. It names no Type and no condition, and dubious is a judgement about value quality rather than about conformance, which is the definition of the PLAUSIBILITY category. No requirement is available to cite against it: PS3.5 permits trailing null components and their delimiters to be omitted, so a single component PN is a well formed value of the VR. Each distinct patient identifier is its own message class because the value is inside the message text, so this one rule covers 336 message classes that differ only in that value."
dciodvfy,40ebb0f5652a,Warning - Value dubious for this VR - (TAG) PN Patient's Name PN [1] = <TCGA-14-1037> - Retired Person Name form,Warning,2,PLAUSIBILITY,PS3.5 6.2,"Table 6.2-1, PN","PS3.5 6.2, Table 6.2-1, PN: ""A character string encoded using a 5 component convention."" PS3.5 6.2, on omission: ""Trailing null components and their delimiters may be omitted."" PS3.5 6.2, on the single component form: ""for reasons of backward compatibility with older versions of this Standard, person names might be considered a single family name complex (single component without ""^"" delimiters).""","dciodvfy reports the value as dubious for the VR. It names no Type and no condition, and dubious is a judgement about value quality rather than about conformance, which is the definition of the PLAUSIBILITY category. No requirement is available to cite against it: PS3.5 permits trailing null components and their delimiters to be omitted, so a single component PN is a well formed value of the VR. Each distinct patient identifier is its own message class because the value is inside the message text, so this one rule covers 336 message classes that differ only in that value."
dciodvfy,418195fab54d,Warning - Value dubious for this VR - (TAG) PN Patient's Name PN [1] = <TCGA-06-0130> - Retired Person Name form,Warning,2,PLAUSIBILITY,PS3.5 6.2,"Table 6.2-1, PN","PS3.5 6.2, Table 6.2-1, PN: ""A character string encoded using a 5 component convention."" PS3.5 6.2, on omission: ""Trailing null components and their delimiters may be omitted."" PS3.5 6.2, on the single component form: ""for reasons of backward compatibility with older versions of this Standard, person names might be considered a single family name complex (single component without ""^"" delimiters).""","dciodvfy reports the value as dubious for the VR. It names no Type and no condition, and dubious is a judgement about value quality rather than about conformance, which is the definition of the PLAUSIBILITY category. No requirement is available to cite against it: PS3.5 permits trailing null components and their delimiters to be omitted, so a single component PN is a well formed value of the VR. Each distinct patient identifier is its own message class because the value is inside the message text, so this one rule covers 336 message classes that differ only in that value."
dciodvfy,42a257737c66,Warning - Value dubious for this VR - (TAG) PN Patient's Name PN [1] = <TCGA-06-0879> - Retired Person Name form,Warning,2,PLAUSIBILITY,PS3.5 6.2,"Table 6.2-1, PN","PS3.5 6.2, Table 6.2-1, PN: ""A character string encoded using a 5 component convention."" PS3.5 6.2, on omission: ""Trailing null components and their delimiters may be omitted."" PS3.5 6.2, on the single component form: ""for reasons of backward compatibility with older versions of this Standard, person names might be considered a single family name complex (single component without ""^"" delimiters).""","dciodvfy reports the value as dubious for the VR. It names no Type and no condition, and dubious is a judgement about value quality rather than about conformance, which is the definition of the PLAUSIBILITY category. No requirement is available to cite against it: PS3.5 permits trailing null components and their delimiters to be omitted, so a single component PN is a well formed value of the VR. Each distinct patient identifier is its own message class because the value is inside the message text, so this one rule covers 336 message classes that differ only in that value."
dciodvfy,47b2b494d50c,Warning - Value dubious for this VR - (TAG) PN Patient's Name PN [1] = <TCGA-06-0133> - Retired Person Name form,Warning,2,PLAUSIBILITY,PS3.5 6.2,"Table 6.2-1, PN","PS3.5 6.2, Table 6.2-1, PN: ""A character string encoded using a 5 component convention."" PS3.5 6.2, on omission: ""Trailing null components and their delimiters may be omitted."" PS3.5 6.2, on the single component form: ""for reasons of backward compatibility with older versions of this Standard, person names might be considered a single family name complex (single component without ""^"" delimiters).""","dciodvfy reports the value as dubious for the VR. It names no Type and no condition, and dubious is a judgement about value quality rather than about conformance, which is the definition of the PLAUSIBILITY category. No requirement is available to cite against it: PS3.5 permits trailing null components and their delimiters to be omitted, so a single component PN is a well formed value of the VR. Each distinct patient identifier is its own message class because the value is inside the message text, so this one rule covers 336 message classes that differ only in that value."
dciodvfy,48bb6c6b53d3,Warning - Value dubious for this VR - (TAG) PN Patient's Name PN [1] = <TCGA-02-0321> - Retired Person Name form,Warning,2,PLAUSIBILITY,PS3.5 6.2,"Table 6.2-1, PN","PS3.5 6.2, Table 6.2-1, PN: ""A character string encoded using a 5 component convention."" PS3.5 6.2, on omission: ""Trailing null components and their delimiters may be omitted."" PS3.5 6.2, on the single component form: ""for reasons of backward compatibility with older versions of this Standard, person names might be considered a single family name complex (single component without ""^"" delimiters).""","dciodvfy reports the value as dubious for the VR. It names no Type and no condition, and dubious is a judgement about value quality rather than about conformance, which is the definition of the PLAUSIBILITY category. No requirement is available to cite against it: PS3.5 permits trailing null components and their delimiters to be omitted, so a single component PN is a well formed value of the VR. Each distinct patient identifier is its own message class because the value is inside the message text, so this one rule covers 336 message classes that differ only in that value."
dciodvfy,48e919979101,Warning - Value dubious for this VR - (TAG) PN Patient's Name PN [1] = <TCGA-06-0882> - Retired Person Name form,Warning,2,PLAUSIBILITY,PS3.5 6.2,"Table 6.2-1, PN","PS3.5 6.2, Table 6.2-1, PN: ""A character string encoded using a 5 component convention."" PS3.5 6.2, on omission: ""Trailing null components and their delimiters may be omitted."" PS3.5 6.2, on the single component form: ""for reasons of backward compatibility with older versions of this Standard, person names might be considered a single family name complex (single component without ""^"" delimiters).""","dciodvfy reports the value as dubious for the VR. It names no Type and no condition, and dubious is a judgement about value quality rather than about conformance, which is the definition of the PLAUSIBILITY category. No requirement is available to cite against it: PS3.5 permits trailing null components and their delimiters to be omitted, so a single component PN is a well formed value of the VR. Each distinct patient identifier is its own message class because the value is inside the message text, so this one rule covers 336 message classes that differ only in that value."
dciodvfy,4b1e3e707651,Warning - Value dubious for this VR - (TAG) PN Patient's Name PN [1] = <TCGA-12-0656> - Retired Person Name form,Warning,2,PLAUSIBILITY,PS3.5 6.2,"Table 6.2-1, PN","PS3.5 6.2, Table 6.2-1, PN: ""A character string encoded using a 5 component convention."" PS3.5 6.2, on omission: ""Trailing null components and their delimiters may be omitted."" PS3.5 6.2, on the single component form: ""for reasons of backward compatibility with older versions of this Standard, person names might be considered a single family name complex (single component without ""^"" delimiters).""","dciodvfy reports the value as dubious for the VR. It names no Type and no condition, and dubious is a judgement about value quality rather than about conformance, which is the definition of the PLAUSIBILITY category. No requirement is available to cite against it: PS3.5 permits trailing null components and their delimiters to be omitted, so a single component PN is a well formed value of the VR. Each distinct patient identifier is its own message class because the value is inside the message text, so this one rule covers 336 message classes that differ only in that value."
dciodvfy,4b8467dee43b,Warning - Value dubious for this VR - (TAG) PN Patient's Name PN [1] = <TCGA-08-0352> - Retired Person Name form,Warning,2,PLAUSIBILITY,PS3.5 6.2,"Table 6.2-1, PN","PS3.5 6.2, Table 6.2-1, PN: ""A character string encoded using a 5 component convention."" PS3.5 6.2, on omission: ""Trailing null components and their delimiters may be omitted."" PS3.5 6.2, on the single component form: ""for reasons of backward compatibility with older versions of this Standard, person names might be considered a single family name complex (single component without ""^"" delimiters).""","dciodvfy reports the value as dubious for the VR. It names no Type and no condition, and dubious is a judgement about value quality rather than about conformance, which is the definition of the PLAUSIBILITY category. No requirement is available to cite against it: PS3.5 permits trailing null components and their delimiters to be omitted, so a single component PN is a well formed value of the VR. Each distinct patient identifier is its own message class because the value is inside the message text, so this one rule covers 336 message classes that differ only in that value."
dciodvfy,4b9d6ef3b04d,Warning - Value dubious for this VR - (TAG) PN Patient's Name PN [1] = <TCGA-02-0289> - Retired Person Name form,Warning,2,PLAUSIBILITY,PS3.5 6.2,"Table 6.2-1, PN","PS3.5 6.2, Table 6.2-1, PN: ""A character string encoded using a 5 component convention."" PS3.5 6.2, on omission: ""Trailing null components and their delimiters may be omitted."" PS3.5 6.2, on the single component form: ""for reasons of backward compatibility with older versions of this Standard, person names might be considered a single family name complex (single component without ""^"" delimiters).""","dciodvfy reports the value as dubious for the VR. It names no Type and no condition, and dubious is a judgement about value quality rather than about conformance, which is the definition of the PLAUSIBILITY category. No requirement is available to cite against it: PS3.5 permits trailing null components and their delimiters to be omitted, so a single component PN is a well formed value of the VR. Each distinct patient identifier is its own message class because the value is inside the message text, so this one rule covers 336 message classes that differ only in that value."
dciodvfy,4c439cbb9ee2,Warning - Value dubious for this VR - (TAG) PN Patient's Name PN [1] = <TCGA-14-1829> - Retired Person Name form,Warning,2,PLAUSIBILITY,PS3.5 6.2,"Table 6.2-1, PN","PS3.5 6.2, Table 6.2-1, PN: ""A character string encoded using a 5 component convention."" PS3.5 6.2, on omission: ""Trailing null components and their delimiters may be omitted."" PS3.5 6.2, on the single component form: ""for reasons of backward compatibility with older versions of this Standard, person names might be considered a single family name complex (single component without ""^"" delimiters).""","dciodvfy reports the value as dubious for the VR. It names no Type and no condition, and dubious is a judgement about value quality rather than about conformance, which is the definition of the PLAUSIBILITY category. No requirement is available to cite against it: PS3.5 permits trailing null components and their delimiters to be omitted, so a single component PN is a well formed value of the VR. Each distinct patient identifier is its own message class because the value is inside the message text, so this one rule covers 336 message classes that differ only in that value."
dciodvfy,4f088391d805,Warning - Value dubious for this VR - (TAG) PN Patient's Name PN [1] = <TCGA-06-0157> - Retired Person Name form,Warning,2,PLAUSIBILITY,PS3.5 6.2,"Table 6.2-1, PN","PS3.5 6.2, Table 6.2-1, PN: ""A character string encoded using a 5 component convention."" PS3.5 6.2, on omission: ""Trailing null components and their delimiters may be omitted."" PS3.5 6.2, on the single component form: ""for reasons of backward compatibility with older versions of this Standard, person names might be considered a single family name complex (single component without ""^"" delimiters).""","dciodvfy reports the value as dubious for the VR. It names no Type and no condition, and dubious is a judgement about value quality rather than about conformance, which is the definition of the PLAUSIBILITY category. No requirement is available to cite against it: PS3.5 permits trailing null components and their delimiters to be omitted, so a single component PN is a well formed value of the VR. Each distinct patient identifier is its own message class because the value is inside the message text, so this one rule covers 336 message classes that differ only in that value."
dciodvfy,59f262ccac7d,Warning - Value dubious for this VR - (TAG) PN Patient's Name PN [1] = <TCGA-12-3650> - Retired Person Name form,Warning,2,PLAUSIBILITY,PS3.5 6.2,"Table 6.2-1, PN","PS3.5 6.2, Table 6.2-1, PN: ""A character string encoded using a 5 component convention."" PS3.5 6.2, on omission: ""Trailing null components and their delimiters may be omitted."" PS3.5 6.2, on the single component form: ""for reasons of backward compatibility with older versions of this Standard, person names might be considered a single family name complex (single component without ""^"" delimiters).""","dciodvfy reports the value as dubious for the VR. It names no Type and no condition, and dubious is a judgement about value quality rather than about conformance, which is the definition of the PLAUSIBILITY category. No requirement is available to cite against it: PS3.5 permits trailing null components and their delimiters to be omitted, so a single component PN is a well formed value of the VR. Each distinct patient identifier is its own message class because the value is inside the message text, so this one rule covers 336 message classes that differ only in that value."
dciodvfy,62f67d671ab5,Warning - Value dubious for this VR - (TAG) PN Patient's Name PN [1] = <TCGA-12-1089> - Retired Person Name form,Warning,2,PLAUSIBILITY,PS3.5 6.2,"Table 6.2-1, PN","PS3.5 6.2, Table 6.2-1, PN: ""A character string encoded using a 5 component convention."" PS3.5 6.2, on omission: ""Trailing null components and their delimiters may be omitted."" PS3.5 6.2, on the single component form: ""for reasons of backward compatibility with older versions of this Standard, person names might be considered a single family name complex (single component without ""^"" delimiters).""","dciodvfy reports the value as dubious for the VR. It names no Type and no condition, and dubious is a judgement about value quality rather than about conformance, which is the definition of the PLAUSIBILITY category. No requirement is available to cite against it: PS3.5 permits trailing null components and their delimiters to be omitted, so a single component PN is a well formed value of the VR. Each distinct patient identifier is its own message class because the value is inside the message text, so this one rule covers 336 message classes that differ only in that value."
dciodvfy,63085c16ff6c,Warning - Value dubious for this VR - (TAG) PN Patient's Name PN [1] = <TCGA-02-0330> - Retired Person Name form,Warning,2,PLAUSIBILITY,PS3.5 6.2,"Table 6.2-1, PN","PS3.5 6.2, Table 6.2-1, PN: ""A character string encoded using a 5 component convention."" PS3.5 6.2, on omission: ""Trailing null components and their delimiters may be omitted."" PS3.5 6.2, on the single component form: ""for reasons of backward compatibility with older versions of this Standard, person names might be considered a single family name complex (single component without ""^"" delimiters).""","dciodvfy reports the value as dubious for the VR. It names no Type and no condition, and dubious is a judgement about value quality rather than about conformance, which is the definition of the PLAUSIBILITY category. No requirement is available to cite against it: PS3.5 permits trailing null components and their delimiters to be omitted, so a single component PN is a well formed value of the VR. Each distinct patient identifier is its own message class because the value is inside the message text, so this one rule covers 336 message classes that differ only in that value."
dciodvfy,660ff54531da,Warning - Value dubious for this VR - (TAG) PN Patient's Name PN [1] = <TCGA-14-1455> - Retired Person Name form,Warning,2,PLAUSIBILITY,PS3.5 6.2,"Table 6.2-1, PN","PS3.5 6.2, Table 6.2-1, PN: ""A character string encoded using a 5 component convention."" PS3.5 6.2, on omission: ""Trailing null components and their delimiters may be omitted."" PS3.5 6.2, on the single component form: ""for reasons of backward compatibility with older versions of this Standard, person names might be considered a single family name complex (single component without ""^"" delimiters).""","dciodvfy reports the value as dubious for the VR. It names no Type and no condition, and dubious is a judgement about value quality rather than about conformance, which is the definition of the PLAUSIBILITY category. No requirement is available to cite against it: PS3.5 permits trailing null components and their delimiters to be omitted, so a single component PN is a well formed value of the VR. Each distinct patient identifier is its own message class because the value is inside the message text, so this one rule covers 336 message classes that differ only in that value."
dciodvfy,6b5d6e0c6d85,Warning - Value dubious for this VR - (TAG) PN Patient's Name PN [1] = <TCGA-12-1093> - Retired Person Name form,Warning,2,PLAUSIBILITY,PS3.5 6.2,"Table 6.2-1, PN","PS3.5 6.2, Table 6.2-1, PN: ""A character string encoded using a 5 component convention."" PS3.5 6.2, on omission: ""Trailing null components and their delimiters may be omitted."" PS3.5 6.2, on the single component form: ""for reasons of backward compatibility with older versions of this Standard, person names might be considered a single family name complex (single component without ""^"" delimiters).""","dciodvfy reports the value as dubious for the VR. It names no Type and no condition, and dubious is a judgement about value quality rather than about conformance, which is the definition of the PLAUSIBILITY category. No requirement is available to cite against it: PS3.5 permits trailing null components and their delimiters to be omitted, so a single component PN is a well formed value of the VR. Each distinct patient identifier is its own message class because the value is inside the message text, so this one rule covers 336 message classes that differ only in that value."
dciodvfy,706f94671cfb,Warning - Value dubious for this VR - (TAG) PN Patient's Name PN [1] = <TCGA-06-0173> - Retired Person Name form,Warning,2,PLAUSIBILITY,PS3.5 6.2,"Table 6.2-1, PN","PS3.5 6.2, Table 6.2-1, PN: ""A character string encoded using a 5 component convention."" PS3.5 6.2, on omission: ""Trailing null components and their delimiters may be omitted."" PS3.5 6.2, on the single component form: ""for reasons of backward compatibility with older versions of this Standard, person names might be considered a single family name complex (single component without ""^"" delimiters).""","dciodvfy reports the value as dubious for the VR. It names no Type and no condition, and dubious is a judgement about value quality rather than about conformance, which is the definition of the PLAUSIBILITY category. No requirement is available to cite against it: PS3.5 permits trailing null components and their delimiters to be omitted, so a single component PN is a well formed value of the VR. Each distinct patient identifier is its own message class because the value is inside the message text, so this one rule covers 336 message classes that differ only in that value."
dciodvfy,725a69b79ccd,Warning - Value dubious for this VR - (TAG) PN Patient's Name PN [1] = <TCGA-06-0878> - Retired Person Name form,Warning,2,PLAUSIBILITY,PS3.5 6.2,"Table 6.2-1, PN","PS3.5 6.2, Table 6.2-1, PN: ""A character string encoded using a 5 component convention."" PS3.5 6.2, on omission: ""Trailing null components and their delimiters may be omitted."" PS3.5 6.2, on the single component form: ""for reasons of backward compatibility with older versions of this Standard, person names might be considered a single family name complex (single component without ""^"" delimiters).""","dciodvfy reports the value as dubious for the VR. It names no Type and no condition, and dubious is a judgement about value quality rather than about conformance, which is the definition of the PLAUSIBILITY category. No requirement is available to cite against it: PS3.5 permits trailing null components and their delimiters to be omitted, so a single component PN is a well formed value of the VR. Each distinct patient identifier is its own message class because the value is inside the message text, so this one rule covers 336 message classes that differ only in that value."
dciodvfy,763aadb2c303,Warning - Value dubious for this VR - (TAG) PN Patient's Name PN [1] = <TCGA-12-0829> - Retired Person Name form,Warning,2,PLAUSIBILITY,PS3.5 6.2,"Table 6.2-1, PN","PS3.5 6.2, Table 6.2-1, PN: ""A character string encoded using a 5 component convention."" PS3.5 6.2, on omission: ""Trailing null components and their delimiters may be omitted."" PS3.5 6.2, on the single component form: ""for reasons of backward compatibility with older versions of this Standard, person names might be considered a single family name complex (single component without ""^"" delimiters).""","dciodvfy reports the value as dubious for the VR. It names no Type and no condition, and dubious is a judgement about value quality rather than about conformance, which is the definition of the PLAUSIBILITY category. No requirement is available to cite against it: PS3.5 permits trailing null components and their delimiters to be omitted, so a single component PN is a well formed value of the VR. Each distinct patient identifier is its own message class because the value is inside the message text, so this one rule covers 336 message classes that differ only in that value."
dciodvfy,79e55bec53e1,Warning - Value dubious for this VR - (TAG) PN Patient's Name PN [1] = <TCGA-06-0648> - Retired Person Name form,Warning,2,PLAUSIBILITY,PS3.5 6.2,"Table 6.2-1, PN","PS3.5 6.2, Table 6.2-1, PN: ""A character string encoded using a 5 component convention."" PS3.5 6.2, on omission: ""Trailing null components and their delimiters may be omitted."" PS3.5 6.2, on the single component form: ""for reasons of backward compatibility with older versions of this Standard, person names might be considered a single family name complex (single component without ""^"" delimiters).""","dciodvfy reports the value as dubious for the VR. It names no Type and no condition, and dubious is a judgement about value quality rather than about conformance, which is the definition of the PLAUSIBILITY category. No requirement is available to cite against it: PS3.5 permits trailing null components and their delimiters to be omitted, so a single component PN is a well formed value of the VR. Each distinct patient identifier is its own message class because the value is inside the message text, so this one rule covers 336 message classes that differ only in that value."
dciodvfy,7b78398b8f81,Warning - Value dubious for this VR - (TAG) PN Patient's Name PN [1] = <TCGA-27-1830> - Retired Person Name form,Warning,2,PLAUSIBILITY,PS3.5 6.2,"Table 6.2-1, PN","PS3.5 6.2, Table 6.2-1, PN: ""A character string encoded using a 5 component convention."" PS3.5 6.2, on omission: ""Trailing null components and their delimiters may be omitted."" PS3.5 6.2, on the single component form: ""for reasons of backward compatibility with older versions of this Standard, person names might be considered a single family name complex (single component without ""^"" delimiters).""","dciodvfy reports the value as dubious for the VR. It names no Type and no condition, and dubious is a judgement about value quality rather than about conformance, which is the definition of the PLAUSIBILITY category. No requirement is available to cite against it: PS3.5 permits trailing null components and their delimiters to be omitted, so a single component PN is a well formed value of the VR. Each distinct patient identifier is its own message class because the value is inside the message text, so this one rule covers 336 message classes that differ only in that value."
dciodvfy,7ee8b5883659,Warning - Value dubious for this VR - (TAG) PN Patient's Name PN [1] = <TCGA-02-0317> - Retired Person Name form,Warning,2,PLAUSIBILITY,PS3.5 6.2,"Table 6.2-1, PN","PS3.5 6.2, Table 6.2-1, PN: ""A character string encoded using a 5 component convention."" PS3.5 6.2, on omission: ""Trailing null components and their delimiters may be omitted."" PS3.5 6.2, on the single component form: ""for reasons of backward compatibility with older versions of this Standard, person names might be considered a single family name complex (single component without ""^"" delimiters).""","dciodvfy reports the value as dubious for the VR. It names no Type and no condition, and dubious is a judgement about value quality rather than about conformance, which is the definition of the PLAUSIBILITY category. No requirement is available to cite against it: PS3.5 permits trailing null components and their delimiters to be omitted, so a single component PN is a well formed value of the VR. Each distinct patient identifier is its own message class because the value is inside the message text, so this one rule covers 336 message classes that differ only in that value."
dciodvfy,81abe08d38c4,Warning - Value dubious for this VR - (TAG) PN Patient's Name PN [1] = <TCGA-02-0325> - Retired Person Name form,Warning,2,PLAUSIBILITY,PS3.5 6.2,"Table 6.2-1, PN","PS3.5 6.2, Table 6.2-1, PN: ""A character string encoded using a 5 component convention."" PS3.5 6.2, on omission: ""Trailing null components and their delimiters may be omitted."" PS3.5 6.2, on the single component form: ""for reasons of backward compatibility with older versions of this Standard, person names might be considered a single family name complex (single component without ""^"" delimiters).""","dciodvfy reports the value as dubious for the VR. It names no Type and no condition, and dubious is a judgement about value quality rather than about conformance, which is the definition of the PLAUSIBILITY category. No requirement is available to cite against it: PS3.5 permits trailing null components and their delimiters to be omitted, so a single component PN is a well formed value of the VR. Each distinct patient identifier is its own message class because the value is inside the message text, so this one rule covers 336 message classes that differ only in that value."
dciodvfy,842941c792f9,Warning - Value dubious for this VR - (TAG) PN Patient's Name PN [1] = <TCGA-14-1401> - Retired Person Name form,Warning,2,PLAUSIBILITY,PS3.5 6.2,"Table 6.2-1, PN","PS3.5 6.2, Table 6.2-1, PN: ""A character string encoded using a 5 component convention."" PS3.5 6.2, on omission: ""Trailing null components and their delimiters may be omitted."" PS3.5 6.2, on the single component form: ""for reasons of backward compatibility with older versions of this Standard, person names might be considered a single family name complex (single component without ""^"" delimiters).""","dciodvfy reports the value as dubious for the VR. It names no Type and no condition, and dubious is a judgement about value quality rather than about conformance, which is the definition of the PLAUSIBILITY category. No requirement is available to cite against it: PS3.5 permits trailing null components and their delimiters to be omitted, so a single component PN is a well formed value of the VR. Each distinct patient identifier is its own message class because the value is inside the message text, so this one rule covers 336 message classes that differ only in that value."
dciodvfy,852d5016c8b4,Warning - Value dubious for this VR - (TAG) PN Patient's Name PN [1] = <TCGA-06-1802> - Retired Person Name form,Warning,2,PLAUSIBILITY,PS3.5 6.2,"Table 6.2-1, PN","PS3.5 6.2, Table 6.2-1, PN: ""A character string encoded using a 5 component convention."" PS3.5 6.2, on omission: ""Trailing null components and their delimiters may be omitted."" PS3.5 6.2, on the single component form: ""for reasons of backward compatibility with older versions of this Standard, person names might be considered a single family name complex (single component without ""^"" delimiters).""","dciodvfy reports the value as dubious for the VR. It names no Type and no condition, and dubious is a judgement about value quality rather than about conformance, which is the definition of the PLAUSIBILITY category. No requirement is available to cite against it: PS3.5 permits trailing null components and their delimiters to be omitted, so a single component PN is a well formed value of the VR. Each distinct patient identifier is its own message class because the value is inside the message text, so this one rule covers 336 message classes that differ only in that value."
dciodvfy,8af2484fc6af,Warning - Value dubious for this VR - (TAG) PN Patient's Name PN [1] = <TCGA-02-0446> - Retired Person Name form,Warning,2,PLAUSIBILITY,PS3.5 6.2,"Table 6.2-1, PN","PS3.5 6.2, Table 6.2-1, PN: ""A character string encoded using a 5 component convention."" PS3.5 6.2, on omission: ""Trailing null components and their delimiters may be omitted."" PS3.5 6.2, on the single component form: ""for reasons of backward compatibility with older versions of this Standard, person names might be considered a single family name complex (single component without ""^"" delimiters).""","dciodvfy reports the value as dubious for the VR. It names no Type and no condition, and dubious is a judgement about value quality rather than about conformance, which is the definition of the PLAUSIBILITY category. No requirement is available to cite against it: PS3.5 permits trailing null components and their delimiters to be omitted, so a single component PN is a well formed value of the VR. Each distinct patient identifier is its own message class because the value is inside the message text, so this one rule covers 336 message classes that differ only in that value."
dciodvfy,922d01f56c5c,Warning - Value dubious for this VR - (TAG) PN Patient's Name PN [1] = <TCGA-06-0211> - Retired Person Name form,Warning,2,PLAUSIBILITY,PS3.5 6.2,"Table 6.2-1, PN","PS3.5 6.2, Table 6.2-1, PN: ""A character string encoded using a 5 component convention."" PS3.5 6.2, on omission: ""Trailing null components and their delimiters may be omitted."" PS3.5 6.2, on the single component form: ""for reasons of backward compatibility with older versions of this Standard, person names might be considered a single family name complex (single component without ""^"" delimiters).""","dciodvfy reports the value as dubious for the VR. It names no Type and no condition, and dubious is a judgement about value quality rather than about conformance, which is the definition of the PLAUSIBILITY category. No requirement is available to cite against it: PS3.5 permits trailing null components and their delimiters to be omitted, so a single component PN is a well formed value of the VR. Each distinct patient identifier is its own message class because the value is inside the message text, so this one rule covers 336 message classes that differ only in that value."
dciodvfy,94cf30f91522,Warning - Value dubious for this VR - (TAG) PN Patient's Name PN [1] = <TCGA-06-0749> - Retired Person Name form,Warning,2,PLAUSIBILITY,PS3.5 6.2,"Table 6.2-1, PN","PS3.5 6.2, Table 6.2-1, PN: ""A character string encoded using a 5 component convention."" PS3.5 6.2, on omission: ""Trailing null components and their delimiters may be omitted."" PS3.5 6.2, on the single component form: ""for reasons of backward compatibility with older versions of this Standard, person names might be considered a single family name complex (single component without ""^"" delimiters).""","dciodvfy reports the value as dubious for the VR. It names no Type and no condition, and dubious is a judgement about value quality rather than about conformance, which is the definition of the PLAUSIBILITY category. No requirement is available to cite against it: PS3.5 permits trailing null components and their delimiters to be omitted, so a single component PN is a well formed value of the VR. Each distinct patient identifier is its own message class because the value is inside the message text, so this one rule covers 336 message classes that differ only in that value."
dciodvfy,9d89d8190063,Warning - Value dubious for this VR - (TAG) PN Patient's Name PN [1] = <TCGA-06-0686> - Retired Person Name form,Warning,2,PLAUSIBILITY,PS3.5 6.2,"Table 6.2-1, PN","PS3.5 6.2, Table 6.2-1, PN: ""A character string encoded using a 5 component convention."" PS3.5 6.2, on omission: ""Trailing null components and their delimiters may be omitted."" PS3.5 6.2, on the single component form: ""for reasons of backward compatibility with older versions of this Standard, person names might be considered a single family name complex (single component without ""^"" delimiters).""","dciodvfy reports the value as dubious for the VR. It names no Type and no condition, and dubious is a judgement about value quality rather than about conformance, which is the definition of the PLAUSIBILITY category. No requirement is available to cite against it: PS3.5 permits trailing null components and their delimiters to be omitted, so a single component PN is a well formed value of the VR. Each distinct patient identifier is its own message class because the value is inside the message text, so this one rule covers 336 message classes that differ only in that value."
dciodvfy,9fc192ed1977,Warning - Value dubious for this VR - (TAG) PN Patient's Name PN [1] = <TCGA-02-0339> - Retired Person Name form,Warning,2,PLAUSIBILITY,PS3.5 6.2,"Table 6.2-1, PN","PS3.5 6.2, Table 6.2-1, PN: ""A character string encoded using a 5 component convention."" PS3.5 6.2, on omission: ""Trailing null components and their delimiters may be omitted."" PS3.5 6.2, on the single component form: ""for reasons of backward compatibility with older versions of this Standard, person names might be considered a single family name complex (single component without ""^"" delimiters).""","dciodvfy reports the value as dubious for the VR. It names no Type and no condition, and dubious is a judgement about value quality rather than about conformance, which is the definition of the PLAUSIBILITY category. No requirement is available to cite against it: PS3.5 permits trailing null components and their delimiters to be omitted, so a single component PN is a well formed value of the VR. Each distinct patient identifier is its own message class because the value is inside the message text, so this one rule covers 336 message classes that differ only in that value."
dciodvfy,a3f658e6d739,Warning - Value dubious for this VR - (TAG) PN Patient's Name PN [1] = <TCGA-02-0006> - Retired Person Name form,Warning,2,PLAUSIBILITY,PS3.5 6.2,"Table 6.2-1, PN","PS3.5 6.2, Table 6.2-1, PN: ""A character string encoded using a 5 component convention."" PS3.5 6.2, on omission: ""Trailing null components and their delimiters may be omitted."" PS3.5 6.2, on the single component form: ""for reasons of backward compatibility with older versions of this Standard, person names might be considered a single family name complex (single component without ""^"" delimiters).""","dciodvfy reports the value as dubious for the VR. It names no Type and no condition, and dubious is a judgement about value quality rather than about conformance, which is the definition of the PLAUSIBILITY category. No requirement is available to cite against it: PS3.5 permits trailing null components and their delimiters to be omitted, so a single component PN is a well formed value of the VR. Each distinct patient identifier is its own message class because the value is inside the message text, so this one rule covers 336 message classes that differ only in that value."
dciodvfy,a7b139ae56da,Warning - Value dubious for this VR - (TAG) PN Patient's Name PN [1] = <TCGA-02-0337> - Retired Person Name form,Warning,2,PLAUSIBILITY,PS3.5 6.2,"Table 6.2-1, PN","PS3.5 6.2, Table 6.2-1, PN: ""A character string encoded using a 5 component convention."" PS3.5 6.2, on omission: ""Trailing null components and their delimiters may be omitted."" PS3.5 6.2, on the single component form: ""for reasons of backward compatibility with older versions of this Standard, person names might be considered a single family name complex (single component without ""^"" delimiters).""","dciodvfy reports the value as dubious for the VR. It names no Type and no condition, and dubious is a judgement about value quality rather than about conformance, which is the definition of the PLAUSIBILITY category. No requirement is available to cite against it: PS3.5 permits trailing null components and their delimiters to be omitted, so a single component PN is a well formed value of the VR. Each distinct patient identifier is its own message class because the value is inside the message text, so this one rule covers 336 message classes that differ only in that value."
dciodvfy,acd16a5e68e1,Warning - Value dubious for this VR - (TAG) PN Patient's Name PN [1] = <TCGA-27-1835> - Retired Person Name form,Warning,2,PLAUSIBILITY,PS3.5 6.2,"Table 6.2-1, PN","PS3.5 6.2, Table 6.2-1, PN: ""A character string encoded using a 5 component convention."" PS3.5 6.2, on omission: ""Trailing null components and their delimiters may be omitted."" PS3.5 6.2, on the single component form: ""for reasons of backward compatibility with older versions of this Standard, person names might be considered a single family name complex (single component without ""^"" delimiters).""","dciodvfy reports the value as dubious for the VR. It names no Type and no condition, and dubious is a judgement about value quality rather than about conformance, which is the definition of the PLAUSIBILITY category. No requirement is available to cite against it: PS3.5 permits trailing null components and their delimiters to be omitted, so a single component PN is a well formed value of the VR. Each distinct patient identifier is its own message class because the value is inside the message text, so this one rule covers 336 message classes that differ only in that value."
dciodvfy,b6e3bf688cfc,Warning - Value dubious for this VR - (TAG) PN Patient's Name PN [1] = <TCGA-06-1800> - Retired Person Name form,Warning,2,PLAUSIBILITY,PS3.5 6.2,"Table 6.2-1, PN","PS3.5 6.2, Table 6.2-1, PN: ""A character string encoded using a 5 component convention."" PS3.5 6.2, on omission: ""Trailing null components and their delimiters may be omitted."" PS3.5 6.2, on the single component form: ""for reasons of backward compatibility with older versions of this Standard, person names might be considered a single family name complex (single component without ""^"" delimiters).""","dciodvfy reports the value as dubious for the VR. It names no Type and no condition, and dubious is a judgement about value quality rather than about conformance, which is the definition of the PLAUSIBILITY category. No requirement is available to cite against it: PS3.5 permits trailing null components and their delimiters to be omitted, so a single component PN is a well formed value of the VR. Each distinct patient identifier is its own message class because the value is inside the message text, so this one rule covers 336 message classes that differ only in that value."
dciodvfy,bc49291fc04e,Warning - Value dubious for this VR - (TAG) PN Patient's Name PN [1] = <TCGA-02-0422> - Retired Person Name form,Warning,2,PLAUSIBILITY,PS3.5 6.2,"Table 6.2-1, PN","PS3.5 6.2, Table 6.2-1, PN: ""A character string encoded using a 5 component convention."" PS3.5 6.2, on omission: ""Trailing null components and their delimiters may be omitted."" PS3.5 6.2, on the single component form: ""for reasons of backward compatibility with older versions of this Standard, person names might be considered a single family name complex (single component without ""^"" delimiters).""","dciodvfy reports the value as dubious for the VR. It names no Type and no condition, and dubious is a judgement about value quality rather than about conformance, which is the definition of the PLAUSIBILITY category. No requirement is available to cite against it: PS3.5 permits trailing null components and their delimiters to be omitted, so a single component PN is a well formed value of the VR. Each distinct patient identifier is its own message class because the value is inside the message text, so this one rule covers 336 message classes that differ only in that value."
dciodvfy,bfbaa4090f03,Warning - Value dubious for this VR - (TAG) PN Patient's Name PN [1] = <TCGA-02-0021> - Retired Person Name form,Warning,2,PLAUSIBILITY,PS3.5 6.2,"Table 6.2-1, PN","PS3.5 6.2, Table 6.2-1, PN: ""A character string encoded using a 5 component convention."" PS3.5 6.2, on omission: ""Trailing null components and their delimiters may be omitted."" PS3.5 6.2, on the single component form: ""for reasons of backward compatibility with older versions of this Standard, person names might be considered a single family name complex (single component without ""^"" delimiters).""","dciodvfy reports the value as dubious for the VR. It names no Type and no condition, and dubious is a judgement about value quality rather than about conformance, which is the definition of the PLAUSIBILITY category. No requirement is available to cite against it: PS3.5 permits trailing null components and their delimiters to be omitted, so a single component PN is a well formed value of the VR. Each distinct patient identifier is its own message class because the value is inside the message text, so this one rule covers 336 message classes that differ only in that value."
dciodvfy,d1670488e3d5,Warning - Value dubious for this VR - (TAG) PN Patient's Name PN [1] = <TCGA-06-1805> - Retired Person Name form,Warning,2,PLAUSIBILITY,PS3.5 6.2,"Table 6.2-1, PN","PS3.5 6.2, Table 6.2-1, PN: ""A character string encoded using a 5 component convention."" PS3.5 6.2, on omission: ""Trailing null components and their delimiters may be omitted."" PS3.5 6.2, on the single component form: ""for reasons of backward compatibility with older versions of this Standard, person names might be considered a single family name complex (single component without ""^"" delimiters).""","dciodvfy reports the value as dubious for the VR. It names no Type and no condition, and dubious is a judgement about value quality rather than about conformance, which is the definition of the PLAUSIBILITY category. No requirement is available to cite against it: PS3.5 permits trailing null components and their delimiters to be omitted, so a single component PN is a well formed value of the VR. Each distinct patient identifier is its own message class because the value is inside the message text, so this one rule covers 336 message classes that differ only in that value."
dciodvfy,d27a06d031da,Warning - Value dubious for this VR - (TAG) PN Patient's Name PN [1] = <TCGA-06-0875> - Retired Person Name form,Warning,2,PLAUSIBILITY,PS3.5 6.2,"Table 6.2-1, PN","PS3.5 6.2, Table 6.2-1, PN: ""A character string encoded using a 5 component convention."" PS3.5 6.2, on omission: ""Trailing null components and their delimiters may be omitted."" PS3.5 6.2, on the single component form: ""for reasons of backward compatibility with older versions of this Standard, person names might be considered a single family name complex (single component without ""^"" delimiters).""","dciodvfy reports the value as dubious for the VR. It names no Type and no condition, and dubious is a judgement about value quality rather than about conformance, which is the definition of the PLAUSIBILITY category. No requirement is available to cite against it: PS3.5 permits trailing null components and their delimiters to be omitted, so a single component PN is a well formed value of the VR. Each distinct patient identifier is its own message class because the value is inside the message text, so this one rule covers 336 message classes that differ only in that value."
dciodvfy,d3f4d3897e47,Warning - Value dubious for this VR - (TAG) PN Patient's Name PN [1] = <TCGA-06-0876> - Retired Person Name form,Warning,2,PLAUSIBILITY,PS3.5 6.2,"Table 6.2-1, PN","PS3.5 6.2, Table 6.2-1, PN: ""A character string encoded using a 5 component convention."" PS3.5 6.2, on omission: ""Trailing null components and their delimiters may be omitted."" PS3.5 6.2, on the single component form: ""for reasons of backward compatibility with older versions of this Standard, person names might be considered a single family name complex (single component without ""^"" delimiters).""","dciodvfy reports the value as dubious for the VR. It names no Type and no condition, and dubious is a judgement about value quality rather than about conformance, which is the definition of the PLAUSIBILITY category. No requirement is available to cite against it: PS3.5 permits trailing null components and their delimiters to be omitted, so a single component PN is a well formed value of the VR. Each distinct patient identifier is its own message class because the value is inside the message text, so this one rule covers 336 message classes that differ only in that value."
dciodvfy,d6966f134787,Warning - Value dubious for this VR - (TAG) PN Patient's Name PN [1] = <TCGA-02-0440> - Retired Person Name form,Warning,2,PLAUSIBILITY,PS3.5 6.2,"Table 6.2-1, PN","PS3.5 6.2, Table 6.2-1, PN: ""A character string encoded using a 5 component convention."" PS3.5 6.2, on omission: ""Trailing null components and their delimiters may be omitted."" PS3.5 6.2, on the single component form: ""for reasons of backward compatibility with older versions of this Standard, person names might be considered a single family name complex (single component without ""^"" delimiters).""","dciodvfy reports the value as dubious for the VR. It names no Type and no condition, and dubious is a judgement about value quality rather than about conformance, which is the definition of the PLAUSIBILITY category. No requirement is available to cite against it: PS3.5 permits trailing null components and their delimiters to be omitted, so a single component PN is a well formed value of the VR. Each distinct patient identifier is its own message class because the value is inside the message text, so this one rule covers 336 message classes that differ only in that value."
dciodvfy,e16cdc8ddc31,Warning - Value dubious for this VR - (TAG) PN Patient's Name PN [1] = <TCGA-12-3652> - Retired Person Name form,Warning,2,PLAUSIBILITY,PS3.5 6.2,"Table 6.2-1, PN","PS3.5 6.2, Table 6.2-1, PN: ""A character string encoded using a 5 component convention."" PS3.5 6.2, on omission: ""Trailing null components and their delimiters may be omitted."" PS3.5 6.2, on the single component form: ""for reasons of backward compatibility with older versions of this Standard, person names might be considered a single family name complex (single component without ""^"" delimiters).""","dciodvfy reports the value as dubious for the VR. It names no Type and no condition, and dubious is a judgement about value quality rather than about conformance, which is the definition of the PLAUSIBILITY category. No requirement is available to cite against it: PS3.5 permits trailing null components and their delimiters to be omitted, so a single component PN is a well formed value of the VR. Each distinct patient identifier is its own message class because the value is inside the message text, so this one rule covers 336 message classes that differ only in that value."
dciodvfy,ea4527900ccc,Warning - Value dubious for this VR - (TAG) PN Patient's Name PN [1] = <TCGA-02-0338> - Retired Person Name form,Warning,2,PLAUSIBILITY,PS3.5 6.2,"Table 6.2-1, PN","PS3.5 6.2, Table 6.2-1, PN: ""A character string encoded using a 5 component convention."" PS3.5 6.2, on omission: ""Trailing null components and their delimiters may be omitted."" PS3.5 6.2, on the single component form: ""for reasons of backward compatibility with older versions of this Standard, person names might be considered a single family name complex (single component without ""^"" delimiters).""","dciodvfy reports the value as dubious for the VR. It names no Type and no condition, and dubious is a judgement about value quality rather than about conformance, which is the definition of the PLAUSIBILITY category. No requirement is available to cite against it: PS3.5 permits trailing null components and their delimiters to be omitted, so a single component PN is a well formed value of the VR. Each distinct patient identifier is its own message class because the value is inside the message text, so this one rule covers 336 message classes that differ only in that value."
dciodvfy,f54209f92bd5,Warning - Value dubious for this VR - (TAG) PN Patient's Name PN [1] = <TCGA-12-3646> - Retired Person Name form,Warning,2,PLAUSIBILITY,PS3.5 6.2,"Table 6.2-1, PN","PS3.5 6.2, Table 6.2-1, PN: ""A character string encoded using a 5 component convention."" PS3.5 6.2, on omission: ""Trailing null components and their delimiters may be omitted."" PS3.5 6.2, on the single component form: ""for reasons of backward compatibility with older versions of this Standard, person names might be considered a single family name complex (single component without ""^"" delimiters).""","dciodvfy reports the value as dubious for the VR. It names no Type and no condition, and dubious is a judgement about value quality rather than about conformance, which is the definition of the PLAUSIBILITY category. No requirement is available to cite against it: PS3.5 permits trailing null components and their delimiters to be omitted, so a single component PN is a well formed value of the VR. Each distinct patient identifier is its own message class because the value is inside the message text, so this one rule covers 336 message classes that differ only in that value."
dciodvfy,f7420609cdb4,Warning - Value dubious for this VR - (TAG) PN Patient's Name PN [1] = <TCGA-06-0881> - Retired Person Name form,Warning,2,PLAUSIBILITY,PS3.5 6.2,"Table 6.2-1, PN","PS3.5 6.2, Table 6.2-1, PN: ""A character string encoded using a 5 component convention."" PS3.5 6.2, on omission: ""Trailing null components and their delimiters may be omitted."" PS3.5 6.2, on the single component form: ""for reasons of backward compatibility with older versions of this Standard, person names might be considered a single family name complex (single component without ""^"" delimiters).""","dciodvfy reports the value as dubious for the VR. It names no Type and no condition, and dubious is a judgement about value quality rather than about conformance, which is the definition of the PLAUSIBILITY category. No requirement is available to cite against it: PS3.5 permits trailing null components and their delimiters to be omitted, so a single component PN is a well formed value of the VR. Each distinct patient identifier is its own message class because the value is inside the message text, so this one rule covers 336 message classes that differ only in that value."
dciodvfy,fafd4c778a5a,Warning - Value dubious for this VR - (TAG) PN Patient's Name PN [1] = <TCGA-02-0266> - Retired Person Name form,Warning,2,PLAUSIBILITY,PS3.5 6.2,"Table 6.2-1, PN","PS3.5 6.2, Table 6.2-1, PN: ""A character string encoded using a 5 component convention."" PS3.5 6.2, on omission: ""Trailing null components and their delimiters may be omitted."" PS3.5 6.2, on the single component form: ""for reasons of backward compatibility with older versions of this Standard, person names might be considered a single family name complex (single component without ""^"" delimiters).""","dciodvfy reports the value as dubious for the VR. It names no Type and no condition, and dubious is a judgement about value quality rather than about conformance, which is the definition of the PLAUSIBILITY category. No requirement is available to cite against it: PS3.5 permits trailing null components and their delimiters to be omitted, so a single component PN is a well formed value of the VR. Each distinct patient identifier is its own message class because the value is inside the message text, so this one rule covers 336 message classes that differ only in that value."
dciodvfy,012425adbf07,Warning - Value dubious for this VR - (TAG) PN Patient's Name PN [1] = <TCGA-26-5139> - Retired Person Name form,Warning,1,PLAUSIBILITY,PS3.5 6.2,"Table 6.2-1, PN","PS3.5 6.2, Table 6.2-1, PN: ""A character string encoded using a 5 component convention."" PS3.5 6.2, on omission: ""Trailing null components and their delimiters may be omitted."" PS3.5 6.2, on the single component form: ""for reasons of backward compatibility with older versions of this Standard, person names might be considered a single family name complex (single component without ""^"" delimiters).""","dciodvfy reports the value as dubious for the VR. It names no Type and no condition, and dubious is a judgement about value quality rather than about conformance, which is the definition of the PLAUSIBILITY category. No requirement is available to cite against it: PS3.5 permits trailing null components and their delimiters to be omitted, so a single component PN is a well formed value of the VR. Each distinct patient identifier is its own message class because the value is inside the message text, so this one rule covers 336 message classes that differ only in that value."
dciodvfy,039a2320b626,Warning - Value dubious for this VR - (TAG) PN Patient's Name PN [1] = <TCGA-19-2629> - Retired Person Name form,Warning,1,PLAUSIBILITY,PS3.5 6.2,"Table 6.2-1, PN","PS3.5 6.2, Table 6.2-1, PN: ""A character string encoded using a 5 component convention."" PS3.5 6.2, on omission: ""Trailing null components and their delimiters may be omitted."" PS3.5 6.2, on the single component form: ""for reasons of backward compatibility with older versions of this Standard, person names might be considered a single family name complex (single component without ""^"" delimiters).""","dciodvfy reports the value as dubious for the VR. It names no Type and no condition, and dubious is a judgement about value quality rather than about conformance, which is the definition of the PLAUSIBILITY category. No requirement is available to cite against it: PS3.5 permits trailing null components and their delimiters to be omitted, so a single component PN is a well formed value of the VR. Each distinct patient identifier is its own message class because the value is inside the message text, so this one rule covers 336 message classes that differ only in that value."
dciodvfy,04ba7333c375,Warning - Value dubious for this VR - (TAG) PN Patient's Name PN [1] = <TCGA-02-0069> - Retired Person Name form,Warning,1,PLAUSIBILITY,PS3.5 6.2,"Table 6.2-1, PN","PS3.5 6.2, Table 6.2-1, PN: ""A character string encoded using a 5 component convention."" PS3.5 6.2, on omission: ""Trailing null components and their delimiters may be omitted."" PS3.5 6.2, on the single component form: ""for reasons of backward compatibility with older versions of this Standard, person names might be considered a single family name complex (single component without ""^"" delimiters).""","dciodvfy reports the value as dubious for the VR. It names no Type and no condition, and dubious is a judgement about value quality rather than about conformance, which is the definition of the PLAUSIBILITY category. No requirement is available to cite against it: PS3.5 permits trailing null components and their delimiters to be omitted, so a single component PN is a well formed value of the VR. Each distinct patient identifier is its own message class because the value is inside the message text, so this one rule covers 336 message classes that differ only in that value."
dciodvfy,059d27d25453,Warning - Value dubious for this VR - (TAG) PN Patient's Name PN [1] = <TCGA-06-0649> - Retired Person Name form,Warning,1,PLAUSIBILITY,PS3.5 6.2,"Table 6.2-1, PN","PS3.5 6.2, Table 6.2-1, PN: ""A character string encoded using a 5 component convention."" PS3.5 6.2, on omission: ""Trailing null components and their delimiters may be omitted."" PS3.5 6.2, on the single component form: ""for reasons of backward compatibility with older versions of this Standard, person names might be considered a single family name complex (single component without ""^"" delimiters).""","dciodvfy reports the value as dubious for the VR. It names no Type and no condition, and dubious is a judgement about value quality rather than about conformance, which is the definition of the PLAUSIBILITY category. No requirement is available to cite against it: PS3.5 permits trailing null components and their delimiters to be omitted, so a single component PN is a well formed value of the VR. Each distinct patient identifier is its own message class because the value is inside the message text, so this one rule covers 336 message classes that differ only in that value."
dciodvfy,073e338a7048,Warning - Value dubious for this VR - (TAG) PN Patient's Name PN [1] = <TCGA-08-0389> - Retired Person Name form,Warning,1,PLAUSIBILITY,PS3.5 6.2,"Table 6.2-1, PN","PS3.5 6.2, Table 6.2-1, PN: ""A character string encoded using a 5 component convention."" PS3.5 6.2, on omission: ""Trailing null components and their delimiters may be omitted."" PS3.5 6.2, on the single component form: ""for reasons of backward compatibility with older versions of this Standard, person names might be considered a single family name complex (single component without ""^"" delimiters).""","dciodvfy reports the value as dubious for the VR. It names no Type and no condition, and dubious is a judgement about value quality rather than about conformance, which is the definition of the PLAUSIBILITY category. No requirement is available to cite against it: PS3.5 permits trailing null components and their delimiters to be omitted, so a single component PN is a well formed value of the VR. Each distinct patient identifier is its own message class because the value is inside the message text, so this one rule covers 336 message classes that differ only in that value."
dciodvfy,084e87b02c98,Warning - Value dubious for this VR - (TAG) PN Patient's Name PN [1] = <TCGA-14-0787> - Retired Person Name form,Warning,1,PLAUSIBILITY,PS3.5 6.2,"Table 6.2-1, PN","PS3.5 6.2, Table 6.2-1, PN: ""A character string encoded using a 5 component convention."" PS3.5 6.2, on omission: ""Trailing null components and their delimiters may be omitted."" PS3.5 6.2, on the single component form: ""for reasons of backward compatibility with older versions of this Standard, person names might be considered a single family name complex (single component without ""^"" delimiters).""","dciodvfy reports the value as dubious for the VR. It names no Type and no condition, and dubious is a judgement about value quality rather than about conformance, which is the definition of the PLAUSIBILITY category. No requirement is available to cite against it: PS3.5 permits trailing null components and their delimiters to be omitted, so a single component PN is a well formed value of the VR. Each distinct patient identifier is its own message class because the value is inside the message text, so this one rule covers 336 message classes that differ only in that value."
dciodvfy,0a75e44460e6,Warning - Value dubious for this VR - (TAG) PN Patient's Name PN [1] = <TCGA-12-3644> - Retired Person Name form,Warning,1,PLAUSIBILITY,PS3.5 6.2,"Table 6.2-1, PN","PS3.5 6.2, Table 6.2-1, PN: ""A character string encoded using a 5 component convention."" PS3.5 6.2, on omission: ""Trailing null components and their delimiters may be omitted."" PS3.5 6.2, on the single component form: ""for reasons of backward compatibility with older versions of this Standard, person names might be considered a single family name complex (single component without ""^"" delimiters).""","dciodvfy reports the value as dubious for the VR. It names no Type and no condition, and dubious is a judgement about value quality rather than about conformance, which is the definition of the PLAUSIBILITY category. No requirement is available to cite against it: PS3.5 permits trailing null components and their delimiters to be omitted, so a single component PN is a well formed value of the VR. Each distinct patient identifier is its own message class because the value is inside the message text, so this one rule covers 336 message classes that differ only in that value."
dciodvfy,0f0c151e7b53,Warning - Value dubious for this VR - (TAG) PN Patient's Name PN [1] = <TCGA-26-1439> - Retired Person Name form,Warning,1,PLAUSIBILITY,PS3.5 6.2,"Table 6.2-1, PN","PS3.5 6.2, Table 6.2-1, PN: ""A character string encoded using a 5 component convention."" PS3.5 6.2, on omission: ""Trailing null components and their delimiters may be omitted."" PS3.5 6.2, on the single component form: ""for reasons of backward compatibility with older versions of this Standard, person names might be considered a single family name complex (single component without ""^"" delimiters).""","dciodvfy reports the value as dubious for the VR. It names no Type and no condition, and dubious is a judgement about value quality rather than about conformance, which is the definition of the PLAUSIBILITY category. No requirement is available to cite against it: PS3.5 permits trailing null components and their delimiters to be omitted, so a single component PN is a well formed value of the VR. Each distinct patient identifier is its own message class because the value is inside the message text, so this one rule covers 336 message classes that differ only in that value."
dciodvfy,11da5a9f7124,Warning - Value dubious for this VR - (TAG) PN Patient's Name PN [1] = <TCGA-26-5132> - Retired Person Name form,Warning,1,PLAUSIBILITY,PS3.5 6.2,"Table 6.2-1, PN","PS3.5 6.2, Table 6.2-1, PN: ""A character string encoded using a 5 component convention."" PS3.5 6.2, on omission: ""Trailing null components and their delimiters may be omitted."" PS3.5 6.2, on the single component form: ""for reasons of backward compatibility with older versions of this Standard, person names might be considered a single family name complex (single component without ""^"" delimiters).""","dciodvfy reports the value as dubious for the VR. It names no Type and no condition, and dubious is a judgement about value quality rather than about conformance, which is the definition of the PLAUSIBILITY category. No requirement is available to cite against it: PS3.5 permits trailing null components and their delimiters to be omitted, so a single component PN is a well formed value of the VR. Each distinct patient identifier is its own message class because the value is inside the message text, so this one rule covers 336 message classes that differ only in that value."
dciodvfy,1319602e3250,Warning - Value dubious for this VR - (TAG) PN Patient's Name PN [1] = <TCGA-19-0960> - Retired Person Name form,Warning,1,PLAUSIBILITY,PS3.5 6.2,"Table 6.2-1, PN","PS3.5 6.2, Table 6.2-1, PN: ""A character string encoded using a 5 component convention."" PS3.5 6.2, on omission: ""Trailing null components and their delimiters may be omitted."" PS3.5 6.2, on the single component form: ""for reasons of backward compatibility with older versions of this Standard, person names might be considered a single family name complex (single component without ""^"" delimiters).""","dciodvfy reports the value as dubious for the VR. It names no Type and no condition, and dubious is a judgement about value quality rather than about conformance, which is the definition of the PLAUSIBILITY category. No requirement is available to cite against it: PS3.5 permits trailing null components and their delimiters to be omitted, so a single component PN is a well formed value of the VR. Each distinct patient identifier is its own message class because the value is inside the message text, so this one rule covers 336 message classes that differ only in that value."
dciodvfy,1337233edb97,Warning - Value dubious for this VR - (TAG) PN Patient's Name PN [1] = <TCGA-19-A6J4> - Retired Person Name form,Warning,1,PLAUSIBILITY,PS3.5 6.2,"Table 6.2-1, PN","PS3.5 6.2, Table 6.2-1, PN: ""A character string encoded using a 5 component convention."" PS3.5 6.2, on omission: ""Trailing null components and their delimiters may be omitted."" PS3.5 6.2, on the single component form: ""for reasons of backward compatibility with older versions of this Standard, person names might be considered a single family name complex (single component without ""^"" delimiters).""","dciodvfy reports the value as dubious for the VR. It names no Type and no condition, and dubious is a judgement about value quality rather than about conformance, which is the definition of the PLAUSIBILITY category. No requirement is available to cite against it: PS3.5 permits trailing null components and their delimiters to be omitted, so a single component PN is a well formed value of the VR. Each distinct patient identifier is its own message class because the value is inside the message text, so this one rule covers 336 message classes that differ only in that value."
dciodvfy,13e2b56b1215,Warning - Value dubious for this VR - (TAG) PN Patient's Name PN [1] = <TCGA-08-0511> - Retired Person Name form,Warning,1,PLAUSIBILITY,PS3.5 6.2,"Table 6.2-1, PN","PS3.5 6.2, Table 6.2-1, PN: ""A character string encoded using a 5 component convention."" PS3.5 6.2, on omission: ""Trailing null components and their delimiters may be omitted."" PS3.5 6.2, on the single component form: ""for reasons of backward compatibility with older versions of this Standard, person names might be considered a single family name complex (single component without ""^"" delimiters).""","dciodvfy reports the value as dubious for the VR. It names no Type and no condition, and dubious is a judgement about value quality rather than about conformance, which is the definition of the PLAUSIBILITY category. No requirement is available to cite against it: PS3.5 permits trailing null components and their delimiters to be omitted, so a single component PN is a well formed value of the VR. Each distinct patient identifier is its own message class because the value is inside the message text, so this one rule covers 336 message classes that differ only in that value."
dciodvfy,14115b3a93a4,Warning - Value dubious for this VR - (TAG) PN Patient's Name PN [1] = <TCGA-08-0509> - Retired Person Name form,Warning,1,PLAUSIBILITY,PS3.5 6.2,"Table 6.2-1, PN","PS3.5 6.2, Table 6.2-1, PN: ""A character string encoded using a 5 component convention."" PS3.5 6.2, on omission: ""Trailing null components and their delimiters may be omitted."" PS3.5 6.2, on the single component form: ""for reasons of backward compatibility with older versions of this Standard, person names might be considered a single family name complex (single component without ""^"" delimiters).""","dciodvfy reports the value as dubious for the VR. It names no Type and no condition, and dubious is a judgement about value quality rather than about conformance, which is the definition of the PLAUSIBILITY category. No requirement is available to cite against it: PS3.5 permits trailing null components and their delimiters to be omitted, so a single component PN is a well formed value of the VR. Each distinct patient identifier is its own message class because the value is inside the message text, so this one rule covers 336 message classes that differ only in that value."
dciodvfy,155b5e97e856,Warning - Value dubious for this VR - (TAG) PN Patient's Name PN [1] = <TCGA-06-6391> - Retired Person Name form,Warning,1,PLAUSIBILITY,PS3.5 6.2,"Table 6.2-1, PN","PS3.5 6.2, Table 6.2-1, PN: ""A character string encoded using a 5 component convention."" PS3.5 6.2, on omission: ""Trailing null components and their delimiters may be omitted."" PS3.5 6.2, on the single component form: ""for reasons of backward compatibility with older versions of this Standard, person names might be considered a single family name complex (single component without ""^"" delimiters).""","dciodvfy reports the value as dubious for the VR. It names no Type and no condition, and dubious is a judgement about value quality rather than about conformance, which is the definition of the PLAUSIBILITY category. No requirement is available to cite against it: PS3.5 permits trailing null components and their delimiters to be omitted, so a single component PN is a well formed value of the VR. Each distinct patient identifier is its own message class because the value is inside the message text, so this one rule covers 336 message classes that differ only in that value."
dciodvfy,1705648e4a8f,Warning - Value dubious for this VR - (TAG) PN Patient's Name PN [1] = <TCGA-08-0346> - Retired Person Name form,Warning,1,PLAUSIBILITY,PS3.5 6.2,"Table 6.2-1, PN","PS3.5 6.2, Table 6.2-1, PN: ""A character string encoded using a 5 component convention."" PS3.5 6.2, on omission: ""Trailing null components and their delimiters may be omitted."" PS3.5 6.2, on the single component form: ""for reasons of backward compatibility with older versions of this Standard, person names might be considered a single family name complex (single component without ""^"" delimiters).""","dciodvfy reports the value as dubious for the VR. It names no Type and no condition, and dubious is a judgement about value quality rather than about conformance, which is the definition of the PLAUSIBILITY category. No requirement is available to cite against it: PS3.5 permits trailing null components and their delimiters to be omitted, so a single component PN is a well formed value of the VR. Each distinct patient identifier is its own message class because the value is inside the message text, so this one rule covers 336 message classes that differ only in that value."
dciodvfy,17198ec4c803,Warning - Value dubious for this VR - (TAG) PN Patient's Name PN [1] = <TCGA-06-5417> - Retired Person Name form,Warning,1,PLAUSIBILITY,PS3.5 6.2,"Table 6.2-1, PN","PS3.5 6.2, Table 6.2-1, PN: ""A character string encoded using a 5 component convention."" PS3.5 6.2, on omission: ""Trailing null components and their delimiters may be omitted."" PS3.5 6.2, on the single component form: ""for reasons of backward compatibility with older versions of this Standard, person names might be considered a single family name complex (single component without ""^"" delimiters).""","dciodvfy reports the value as dubious for the VR. It names no Type and no condition, and dubious is a judgement about value quality rather than about conformance, which is the definition of the PLAUSIBILITY category. No requirement is available to cite against it: PS3.5 permits trailing null components and their delimiters to be omitted, so a single component PN is a well formed value of the VR. Each distinct patient identifier is its own message class because the value is inside the message text, so this one rule covers 336 message classes that differ only in that value."
dciodvfy,171f84b11783,Warning - Value dubious for this VR - (TAG) PN Patient's Name PN [1] = <TCGA-26-1799> - Retired Person Name form,Warning,1,PLAUSIBILITY,PS3.5 6.2,"Table 6.2-1, PN","PS3.5 6.2, Table 6.2-1, PN: ""A character string encoded using a 5 component convention."" PS3.5 6.2, on omission: ""Trailing null components and their delimiters may be omitted."" PS3.5 6.2, on the single component form: ""for reasons of backward compatibility with older versions of this Standard, person names might be considered a single family name complex (single component without ""^"" delimiters).""","dciodvfy reports the value as dubious for the VR. It names no Type and no condition, and dubious is a judgement about value quality rather than about conformance, which is the definition of the PLAUSIBILITY category. No requirement is available to cite against it: PS3.5 permits trailing null components and their delimiters to be omitted, so a single component PN is a well formed value of the VR. Each distinct patient identifier is its own message class because the value is inside the message text, so this one rule covers 336 message classes that differ only in that value."
dciodvfy,17565f77ee3d,Warning - Value dubious for this VR - (TAG) PN Patient's Name PN [1] = <TCGA-08-0531> - Retired Person Name form,Warning,1,PLAUSIBILITY,PS3.5 6.2,"Table 6.2-1, PN","PS3.5 6.2, Table 6.2-1, PN: ""A character string encoded using a 5 component convention."" PS3.5 6.2, on omission: ""Trailing null components and their delimiters may be omitted."" PS3.5 6.2, on the single component form: ""for reasons of backward compatibility with older versions of this Standard, person names might be considered a single family name complex (single component without ""^"" delimiters).""","dciodvfy reports the value as dubious for the VR. It names no Type and no condition, and dubious is a judgement about value quality rather than about conformance, which is the definition of the PLAUSIBILITY category. No requirement is available to cite against it: PS3.5 permits trailing null components and their delimiters to be omitted, so a single component PN is a well formed value of the VR. Each distinct patient identifier is its own message class because the value is inside the message text, so this one rule covers 336 message classes that differ only in that value."
dciodvfy,18f870dbdaa6,Warning - Value dubious for this VR - (TAG) PN Patient's Name PN [1] = <TCGA-02-0326> - Retired Person Name form,Warning,1,PLAUSIBILITY,PS3.5 6.2,"Table 6.2-1, PN","PS3.5 6.2, Table 6.2-1, PN: ""A character string encoded using a 5 component convention."" PS3.5 6.2, on omission: ""Trailing null components and their delimiters may be omitted."" PS3.5 6.2, on the single component form: ""for reasons of backward compatibility with older versions of this Standard, person names might be considered a single family name complex (single component without ""^"" delimiters).""","dciodvfy reports the value as dubious for the VR. It names no Type and no condition, and dubious is a judgement about value quality rather than about conformance, which is the definition of the PLAUSIBILITY category. No requirement is available to cite against it: PS3.5 permits trailing null components and their delimiters to be omitted, so a single component PN is a well formed value of the VR. Each distinct patient identifier is its own message class because the value is inside the message text, so this one rule covers 336 message classes that differ only in that value."
dciodvfy,1b593b8a89a7,Warning - Value dubious for this VR - (TAG) PN Patient's Name PN [1] = <TCGA-08-0359> - Retired Person Name form,Warning,1,PLAUSIBILITY,PS3.5 6.2,"Table 6.2-1, PN","PS3.5 6.2, Table 6.2-1, PN: ""A character string encoded using a 5 component convention."" PS3.5 6.2, on omission: ""Trailing null components and their delimiters may be omitted."" PS3.5 6.2, on the single component form: ""for reasons of backward compatibility with older versions of this Standard, person names might be considered a single family name complex (single component without ""^"" delimiters).""","dciodvfy reports the value as dubious for the VR. It names no Type and no condition, and dubious is a judgement about value quality rather than about conformance, which is the definition of the PLAUSIBILITY category. No requirement is available to cite against it: PS3.5 permits trailing null components and their delimiters to be omitted, so a single component PN is a well formed value of the VR. Each distinct patient identifier is its own message class because the value is inside the message text, so this one rule covers 336 message classes that differ only in that value."
dciodvfy,1c0a081b6649,Warning - Value dubious for this VR - (TAG) PN Patient's Name PN [1] = <TCGA-02-0016> - Retired Person Name form,Warning,1,PLAUSIBILITY,PS3.5 6.2,"Table 6.2-1, PN","PS3.5 6.2, Table 6.2-1, PN: ""A character string encoded using a 5 component convention."" PS3.5 6.2, on omission: ""Trailing null components and their delimiters may be omitted."" PS3.5 6.2, on the single component form: ""for reasons of backward compatibility with older versions of this Standard, person names might be considered a single family name complex (single component without ""^"" delimiters).""","dciodvfy reports the value as dubious for the VR. It names no Type and no condition, and dubious is a judgement about value quality rather than about conformance, which is the definition of the PLAUSIBILITY category. No requirement is available to cite against it: PS3.5 permits trailing null components and their delimiters to be omitted, so a single component PN is a well formed value of the VR. Each distinct patient identifier is its own message class because the value is inside the message text, so this one rule covers 336 message classes that differ only in that value."
dciodvfy,1f12008ee260,Warning - Value dubious for this VR - (TAG) PN Patient's Name PN [1] = <TCGA-26-6173> - Retired Person Name form,Warning,1,PLAUSIBILITY,PS3.5 6.2,"Table 6.2-1, PN","PS3.5 6.2, Table 6.2-1, PN: ""A character string encoded using a 5 component convention."" PS3.5 6.2, on omission: ""Trailing null components and their delimiters may be omitted."" PS3.5 6.2, on the single component form: ""for reasons of backward compatibility with older versions of this Standard, person names might be considered a single family name complex (single component without ""^"" delimiters).""","dciodvfy reports the value as dubious for the VR. It names no Type and no condition, and dubious is a judgement about value quality rather than about conformance, which is the definition of the PLAUSIBILITY category. No requirement is available to cite against it: PS3.5 permits trailing null components and their delimiters to be omitted, so a single component PN is a well formed value of the VR. Each distinct patient identifier is its own message class because the value is inside the message text, so this one rule covers 336 message classes that differ only in that value."
dciodvfy,1f3e0757e4ca,Warning - Value dubious for this VR - (TAG) PN Patient's Name PN [1] = <TCGA-08-0354> - Retired Person Name form,Warning,1,PLAUSIBILITY,PS3.5 6.2,"Table 6.2-1, PN","PS3.5 6.2, Table 6.2-1, PN: ""A character string encoded using a 5 component convention."" PS3.5 6.2, on omission: ""Trailing null components and their delimiters may be omitted."" PS3.5 6.2, on the single component form: ""for reasons of backward compatibility with older versions of this Standard, person names might be considered a single family name complex (single component without ""^"" delimiters).""","dciodvfy reports the value as dubious for the VR. It names no Type and no condition, and dubious is a judgement about value quality rather than about conformance, which is the definition of the PLAUSIBILITY category. No requirement is available to cite against it: PS3.5 permits trailing null components and their delimiters to be omitted, so a single component PN is a well formed value of the VR. Each distinct patient identifier is its own message class because the value is inside the message text, so this one rule covers 336 message classes that differ only in that value."
dciodvfy,1f86165eb6d0,Warning - Value dubious for this VR - (TAG) PN Patient's Name PN [1] = <TCGA-28-1746> - Retired Person Name form,Warning,1,PLAUSIBILITY,PS3.5 6.2,"Table 6.2-1, PN","PS3.5 6.2, Table 6.2-1, PN: ""A character string encoded using a 5 component convention."" PS3.5 6.2, on omission: ""Trailing null components and their delimiters may be omitted."" PS3.5 6.2, on the single component form: ""for reasons of backward compatibility with older versions of this Standard, person names might be considered a single family name complex (single component without ""^"" delimiters).""","dciodvfy reports the value as dubious for the VR. It names no Type and no condition, and dubious is a judgement about value quality rather than about conformance, which is the definition of the PLAUSIBILITY category. No requirement is available to cite against it: PS3.5 permits trailing null components and their delimiters to be omitted, so a single component PN is a well formed value of the VR. Each distinct patient identifier is its own message class because the value is inside the message text, so this one rule covers 336 message classes that differ only in that value."
dciodvfy,1f89816a6957,Warning - Value dubious for this VR - (TAG) PN Patient's Name PN [1] = <TCGA-02-0048> - Retired Person Name form,Warning,1,PLAUSIBILITY,PS3.5 6.2,"Table 6.2-1, PN","PS3.5 6.2, Table 6.2-1, PN: ""A character string encoded using a 5 component convention."" PS3.5 6.2, on omission: ""Trailing null components and their delimiters may be omitted."" PS3.5 6.2, on the single component form: ""for reasons of backward compatibility with older versions of this Standard, person names might be considered a single family name complex (single component without ""^"" delimiters).""","dciodvfy reports the value as dubious for the VR. It names no Type and no condition, and dubious is a judgement about value quality rather than about conformance, which is the definition of the PLAUSIBILITY category. No requirement is available to cite against it: PS3.5 permits trailing null components and their delimiters to be omitted, so a single component PN is a well formed value of the VR. Each distinct patient identifier is its own message class because the value is inside the message text, so this one rule covers 336 message classes that differ only in that value."
dciodvfy,1fec13bc1cc1,Warning - Value dubious for this VR - (TAG) PN Patient's Name PN [1] = <TCGA-06-5859> - Retired Person Name form,Warning,1,PLAUSIBILITY,PS3.5 6.2,"Table 6.2-1, PN","PS3.5 6.2, Table 6.2-1, PN: ""A character string encoded using a 5 component convention."" PS3.5 6.2, on omission: ""Trailing null components and their delimiters may be omitted."" PS3.5 6.2, on the single component form: ""for reasons of backward compatibility with older versions of this Standard, person names might be considered a single family name complex (single component without ""^"" delimiters).""","dciodvfy reports the value as dubious for the VR. It names no Type and no condition, and dubious is a judgement about value quality rather than about conformance, which is the definition of the PLAUSIBILITY category. No requirement is available to cite against it: PS3.5 permits trailing null components and their delimiters to be omitted, so a single component PN is a well formed value of the VR. Each distinct patient identifier is its own message class because the value is inside the message text, so this one rule covers 336 message classes that differ only in that value."
dciodvfy,214bca6262d9,Warning - Value dubious for this VR - (TAG) PN Patient's Name PN [1] = <TCGA-27-2526> - Retired Person Name form,Warning,1,PLAUSIBILITY,PS3.5 6.2,"Table 6.2-1, PN","PS3.5 6.2, Table 6.2-1, PN: ""A character string encoded using a 5 component convention."" PS3.5 6.2, on omission: ""Trailing null components and their delimiters may be omitted."" PS3.5 6.2, on the single component form: ""for reasons of backward compatibility with older versions of this Standard, person names might be considered a single family name complex (single component without ""^"" delimiters).""","dciodvfy reports the value as dubious for the VR. It names no Type and no condition, and dubious is a judgement about value quality rather than about conformance, which is the definition of the PLAUSIBILITY category. No requirement is available to cite against it: PS3.5 permits trailing null components and their delimiters to be omitted, so a single component PN is a well formed value of the VR. Each distinct patient identifier is its own message class because the value is inside the message text, so this one rule covers 336 message classes that differ only in that value."
dciodvfy,2459ec7c95e5,Warning - Value dubious for this VR - (TAG) PN Patient's Name PN [1] = <TCGA-06-0158> - Retired Person Name form,Warning,1,PLAUSIBILITY,PS3.5 6.2,"Table 6.2-1, PN","PS3.5 6.2, Table 6.2-1, PN: ""A character string encoded using a 5 component convention."" PS3.5 6.2, on omission: ""Trailing null components and their delimiters may be omitted."" PS3.5 6.2, on the single component form: ""for reasons of backward compatibility with older versions of this Standard, person names might be considered a single family name complex (single component without ""^"" delimiters).""","dciodvfy reports the value as dubious for the VR. It names no Type and no condition, and dubious is a judgement about value quality rather than about conformance, which is the definition of the PLAUSIBILITY category. No requirement is available to cite against it: PS3.5 permits trailing null components and their delimiters to be omitted, so a single component PN is a well formed value of the VR. Each distinct patient identifier is its own message class because the value is inside the message text, so this one rule covers 336 message classes that differ only in that value."
dciodvfy,25540f8b7a96,Warning - Value dubious for this VR - (TAG) PN Patient's Name PN [1] = <TCGA-06-5416> - Retired Person Name form,Warning,1,PLAUSIBILITY,PS3.5 6.2,"Table 6.2-1, PN","PS3.5 6.2, Table 6.2-1, PN: ""A character string encoded using a 5 component convention."" PS3.5 6.2, on omission: ""Trailing null components and their delimiters may be omitted."" PS3.5 6.2, on the single component form: ""for reasons of backward compatibility with older versions of this Standard, person names might be considered a single family name complex (single component without ""^"" delimiters).""","dciodvfy reports the value as dubious for the VR. It names no Type and no condition, and dubious is a judgement about value quality rather than about conformance, which is the definition of the PLAUSIBILITY category. No requirement is available to cite against it: PS3.5 permits trailing null components and their delimiters to be omitted, so a single component PN is a well formed value of the VR. Each distinct patient identifier is its own message class because the value is inside the message text, so this one rule covers 336 message classes that differ only in that value."
dciodvfy,27c2a988637b,Warning - Value dubious for this VR - (TAG) PN Patient's Name PN [1] = <TCGA-19-1791> - Retired Person Name form,Warning,1,PLAUSIBILITY,PS3.5 6.2,"Table 6.2-1, PN","PS3.5 6.2, Table 6.2-1, PN: ""A character string encoded using a 5 component convention."" PS3.5 6.2, on omission: ""Trailing null components and their delimiters may be omitted."" PS3.5 6.2, on the single component form: ""for reasons of backward compatibility with older versions of this Standard, person names might be considered a single family name complex (single component without ""^"" delimiters).""","dciodvfy reports the value as dubious for the VR. It names no Type and no condition, and dubious is a judgement about value quality rather than about conformance, which is the definition of the PLAUSIBILITY category. No requirement is available to cite against it: PS3.5 permits trailing null components and their delimiters to be omitted, so a single component PN is a well formed value of the VR. Each distinct patient identifier is its own message class because the value is inside the message text, so this one rule covers 336 message classes that differ only in that value."
dciodvfy,28c2875d5ec3,Warning - Value dubious for this VR - (TAG) PN Patient's Name PN [1] = <TCGA-08-0348> - Retired Person Name form,Warning,1,PLAUSIBILITY,PS3.5 6.2,"Table 6.2-1, PN","PS3.5 6.2, Table 6.2-1, PN: ""A character string encoded using a 5 component convention."" PS3.5 6.2, on omission: ""Trailing null components and their delimiters may be omitted."" PS3.5 6.2, on the single component form: ""for reasons of backward compatibility with older versions of this Standard, person names might be considered a single family name complex (single component without ""^"" delimiters).""","dciodvfy reports the value as dubious for the VR. It names no Type and no condition, and dubious is a judgement about value quality rather than about conformance, which is the definition of the PLAUSIBILITY category. No requirement is available to cite against it: PS3.5 permits trailing null components and their delimiters to be omitted, so a single component PN is a well formed value of the VR. Each distinct patient identifier is its own message class because the value is inside the message text, so this one rule covers 336 message classes that differ only in that value."
dciodvfy,2d32085cf300,Warning - Value dubious for this VR - (TAG) PN Patient's Name PN [1] = <TCGA-19-1388> - Retired Person Name form,Warning,1,PLAUSIBILITY,PS3.5 6.2,"Table 6.2-1, PN","PS3.5 6.2, Table 6.2-1, PN: ""A character string encoded using a 5 component convention."" PS3.5 6.2, on omission: ""Trailing null components and their delimiters may be omitted."" PS3.5 6.2, on the single component form: ""for reasons of backward compatibility with older versions of this Standard, person names might be considered a single family name complex (single component without ""^"" delimiters).""","dciodvfy reports the value as dubious for the VR. It names no Type and no condition, and dubious is a judgement about value quality rather than about conformance, which is the definition of the PLAUSIBILITY category. No requirement is available to cite against it: PS3.5 permits trailing null components and their delimiters to be omitted, so a single component PN is a well formed value of the VR. Each distinct patient identifier is its own message class because the value is inside the message text, so this one rule covers 336 message classes that differ only in that value."
dciodvfy,2eda536b0a60,Warning - Value dubious for this VR - (TAG) PN Patient's Name PN [1] = <TCGA-41-2572> - Retired Person Name form,Warning,1,PLAUSIBILITY,PS3.5 6.2,"Table 6.2-1, PN","PS3.5 6.2, Table 6.2-1, PN: ""A character string encoded using a 5 component convention."" PS3.5 6.2, on omission: ""Trailing null components and their delimiters may be omitted."" PS3.5 6.2, on the single component form: ""for reasons of backward compatibility with older versions of this Standard, person names might be considered a single family name complex (single component without ""^"" delimiters).""","dciodvfy reports the value as dubious for the VR. It names no Type and no condition, and dubious is a judgement about value quality rather than about conformance, which is the definition of the PLAUSIBILITY category. No requirement is available to cite against it: PS3.5 permits trailing null components and their delimiters to be omitted, so a single component PN is a well formed value of the VR. Each distinct patient identifier is its own message class because the value is inside the message text, so this one rule covers 336 message classes that differ only in that value."
dciodvfy,2f8450b11f71,Warning - Value dubious for this VR - (TAG) PN Patient's Name PN [1] = <TCGA-02-0052> - Retired Person Name form,Warning,1,PLAUSIBILITY,PS3.5 6.2,"Table 6.2-1, PN","PS3.5 6.2, Table 6.2-1, PN: ""A character string encoded using a 5 component convention."" PS3.5 6.2, on omission: ""Trailing null components and their delimiters may be omitted."" PS3.5 6.2, on the single component form: ""for reasons of backward compatibility with older versions of this Standard, person names might be considered a single family name complex (single component without ""^"" delimiters).""","dciodvfy reports the value as dubious for the VR. It names no Type and no condition, and dubious is a judgement about value quality rather than about conformance, which is the definition of the PLAUSIBILITY category. No requirement is available to cite against it: PS3.5 permits trailing null components and their delimiters to be omitted, so a single component PN is a well formed value of the VR. Each distinct patient identifier is its own message class because the value is inside the message text, so this one rule covers 336 message classes that differ only in that value."
dciodvfy,2fc12d8c61b3,Warning - Value dubious for this VR - (TAG) PN Patient's Name PN [1] = <TCGA-02-0332> - Retired Person Name form,Warning,1,PLAUSIBILITY,PS3.5 6.2,"Table 6.2-1, PN","PS3.5 6.2, Table 6.2-1, PN: ""A character string encoded using a 5 component convention."" PS3.5 6.2, on omission: ""Trailing null components and their delimiters may be omitted."" PS3.5 6.2, on the single component form: ""for reasons of backward compatibility with older versions of this Standard, person names might be considered a single family name complex (single component without ""^"" delimiters).""","dciodvfy reports the value as dubious for the VR. It names no Type and no condition, and dubious is a judgement about value quality rather than about conformance, which is the definition of the PLAUSIBILITY category. No requirement is available to cite against it: PS3.5 permits trailing null components and their delimiters to be omitted, so a single component PN is a well formed value of the VR. Each distinct patient identifier is its own message class because the value is inside the message text, so this one rule covers 336 message classes that differ only in that value."
dciodvfy,30dc0918d3a3,Warning - Value dubious for this VR - (TAG) PN Patient's Name PN [1] = <TCGA-06-0122> - Retired Person Name form,Warning,1,PLAUSIBILITY,PS3.5 6.2,"Table 6.2-1, PN","PS3.5 6.2, Table 6.2-1, PN: ""A character string encoded using a 5 component convention."" PS3.5 6.2, on omission: ""Trailing null components and their delimiters may be omitted."" PS3.5 6.2, on the single component form: ""for reasons of backward compatibility with older versions of this Standard, person names might be considered a single family name complex (single component without ""^"" delimiters).""","dciodvfy reports the value as dubious for the VR. It names no Type and no condition, and dubious is a judgement about value quality rather than about conformance, which is the definition of the PLAUSIBILITY category. No requirement is available to cite against it: PS3.5 permits trailing null components and their delimiters to be omitted, so a single component PN is a well formed value of the VR. Each distinct patient identifier is its own message class because the value is inside the message text, so this one rule covers 336 message classes that differ only in that value."
dciodvfy,317f9a6def00,Warning - Value dubious for this VR - (TAG) PN Patient's Name PN [1] = <TCGA-19-2619> - Retired Person Name form,Warning,1,PLAUSIBILITY,PS3.5 6.2,"Table 6.2-1, PN","PS3.5 6.2, Table 6.2-1, PN: ""A character string encoded using a 5 component convention."" PS3.5 6.2, on omission: ""Trailing null components and their delimiters may be omitted."" PS3.5 6.2, on the single component form: ""for reasons of backward compatibility with older versions of this Standard, person names might be considered a single family name complex (single component without ""^"" delimiters).""","dciodvfy reports the value as dubious for the VR. It names no Type and no condition, and dubious is a judgement about value quality rather than about conformance, which is the definition of the PLAUSIBILITY category. No requirement is available to cite against it: PS3.5 permits trailing null components and their delimiters to be omitted, so a single component PN is a well formed value of the VR. Each distinct patient identifier is its own message class because the value is inside the message text, so this one rule covers 336 message classes that differ only in that value."
dciodvfy,3231f6302db5,Warning - Value dubious for this VR - (TAG) PN Patient's Name PN [1] = <TCGA-19-1390> - Retired Person Name form,Warning,1,PLAUSIBILITY,PS3.5 6.2,"Table 6.2-1, PN","PS3.5 6.2, Table 6.2-1, PN: ""A character string encoded using a 5 component convention."" PS3.5 6.2, on omission: ""Trailing null components and their delimiters may be omitted."" PS3.5 6.2, on the single component form: ""for reasons of backward compatibility with older versions of this Standard, person names might be considered a single family name complex (single component without ""^"" delimiters).""","dciodvfy reports the value as dubious for the VR. It names no Type and no condition, and dubious is a judgement about value quality rather than about conformance, which is the definition of the PLAUSIBILITY category. No requirement is available to cite against it: PS3.5 permits trailing null components and their delimiters to be omitted, so a single component PN is a well formed value of the VR. Each distinct patient identifier is its own message class because the value is inside the message text, so this one rule covers 336 message classes that differ only in that value."
dciodvfy,335bf6f17270,Warning - Value dubious for this VR - (TAG) PN Patient's Name PN [1] = <TCGA-06-0126> - Retired Person Name form,Warning,1,PLAUSIBILITY,PS3.5 6.2,"Table 6.2-1, PN","PS3.5 6.2, Table 6.2-1, PN: ""A character string encoded using a 5 component convention."" PS3.5 6.2, on omission: ""Trailing null components and their delimiters may be omitted."" PS3.5 6.2, on the single component form: ""for reasons of backward compatibility with older versions of this Standard, person names might be considered a single family name complex (single component without ""^"" delimiters).""","dciodvfy reports the value as dubious for the VR. It names no Type and no condition, and dubious is a judgement about value quality rather than about conformance, which is the definition of the PLAUSIBILITY category. No requirement is available to cite against it: PS3.5 permits trailing null components and their delimiters to be omitted, so a single component PN is a well formed value of the VR. Each distinct patient identifier is its own message class because the value is inside the message text, so this one rule covers 336 message classes that differ only in that value."
dciodvfy,37035ecc81ca,Warning - Value dubious for this VR - (TAG) PN Patient's Name PN [1] = <TCGA-27-2521> - Retired Person Name form,Warning,1,PLAUSIBILITY,PS3.5 6.2,"Table 6.2-1, PN","PS3.5 6.2, Table 6.2-1, PN: ""A character string encoded using a 5 component convention."" PS3.5 6.2, on omission: ""Trailing null components and their delimiters may be omitted."" PS3.5 6.2, on the single component form: ""for reasons of backward compatibility with older versions of this Standard, person names might be considered a single family name complex (single component without ""^"" delimiters).""","dciodvfy reports the value as dubious for the VR. It names no Type and no condition, and dubious is a judgement about value quality rather than about conformance, which is the definition of the PLAUSIBILITY category. No requirement is available to cite against it: PS3.5 permits trailing null components and their delimiters to be omitted, so a single component PN is a well formed value of the VR. Each distinct patient identifier is its own message class because the value is inside the message text, so this one rule covers 336 message classes that differ only in that value."
dciodvfy,399f046f57ab,Warning - Value dubious for this VR - (TAG) PN Patient's Name PN [1] = <TCGA-14-0786> - Retired Person Name form,Warning,1,PLAUSIBILITY,PS3.5 6.2,"Table 6.2-1, PN","PS3.5 6.2, Table 6.2-1, PN: ""A character string encoded using a 5 component convention."" PS3.5 6.2, on omission: ""Trailing null components and their delimiters may be omitted."" PS3.5 6.2, on the single component form: ""for reasons of backward compatibility with older versions of this Standard, person names might be considered a single family name complex (single component without ""^"" delimiters).""","dciodvfy reports the value as dubious for the VR. It names no Type and no condition, and dubious is a judgement about value quality rather than about conformance, which is the definition of the PLAUSIBILITY category. No requirement is available to cite against it: PS3.5 permits trailing null components and their delimiters to be omitted, so a single component PN is a well formed value of the VR. Each distinct patient identifier is its own message class because the value is inside the message text, so this one rule covers 336 message classes that differ only in that value."
dciodvfy,3a3889940fad,Warning - Value dubious for this VR - (TAG) PN Patient's Name PN [1] = <TCGA-87-5896> - Retired Person Name form,Warning,1,PLAUSIBILITY,PS3.5 6.2,"Table 6.2-1, PN","PS3.5 6.2, Table 6.2-1, PN: ""A character string encoded using a 5 component convention."" PS3.5 6.2, on omission: ""Trailing null components and their delimiters may be omitted."" PS3.5 6.2, on the single component form: ""for reasons of backward compatibility with older versions of this Standard, person names might be considered a single family name complex (single component without ""^"" delimiters).""","dciodvfy reports the value as dubious for the VR. It names no Type and no condition, and dubious is a judgement about value quality rather than about conformance, which is the definition of the PLAUSIBILITY category. No requirement is available to cite against it: PS3.5 permits trailing null components and their delimiters to be omitted, so a single component PN is a well formed value of the VR. Each distinct patient identifier is its own message class because the value is inside the message text, so this one rule covers 336 message classes that differ only in that value."
dciodvfy,3c752412bd5e,Warning - Value dubious for this VR - (TAG) PN Patient's Name PN [1] = <TCGA-02-0074> - Retired Person Name form,Warning,1,PLAUSIBILITY,PS3.5 6.2,"Table 6.2-1, PN","PS3.5 6.2, Table 6.2-1, PN: ""A character string encoded using a 5 component convention."" PS3.5 6.2, on omission: ""Trailing null components and their delimiters may be omitted."" PS3.5 6.2, on the single component form: ""for reasons of backward compatibility with older versions of this Standard, person names might be considered a single family name complex (single component without ""^"" delimiters).""","dciodvfy reports the value as dubious for the VR. It names no Type and no condition, and dubious is a judgement about value quality rather than about conformance, which is the definition of the PLAUSIBILITY category. No requirement is available to cite against it: PS3.5 permits trailing null components and their delimiters to be omitted, so a single component PN is a well formed value of the VR. Each distinct patient identifier is its own message class because the value is inside the message text, so this one rule covers 336 message classes that differ only in that value."
dciodvfy,3e1709a10a25,Warning - Value dubious for this VR - (TAG) PN Patient's Name PN [1] = <TCGA-08-0375> - Retired Person Name form,Warning,1,PLAUSIBILITY,PS3.5 6.2,"Table 6.2-1, PN","PS3.5 6.2, Table 6.2-1, PN: ""A character string encoded using a 5 component convention."" PS3.5 6.2, on omission: ""Trailing null components and their delimiters may be omitted."" PS3.5 6.2, on the single component form: ""for reasons of backward compatibility with older versions of this Standard, person names might be considered a single family name complex (single component without ""^"" delimiters).""","dciodvfy reports the value as dubious for the VR. It names no Type and no condition, and dubious is a judgement about value quality rather than about conformance, which is the definition of the PLAUSIBILITY category. No requirement is available to cite against it: PS3.5 permits trailing null components and their delimiters to be omitted, so a single component PN is a well formed value of the VR. Each distinct patient identifier is its own message class because the value is inside the message text, so this one rule covers 336 message classes that differ only in that value."
dciodvfy,3e69359834b3,Warning - Value dubious for this VR - (TAG) PN Patient's Name PN [1] = <TCGA-19-2623> - Retired Person Name form,Warning,1,PLAUSIBILITY,PS3.5 6.2,"Table 6.2-1, PN","PS3.5 6.2, Table 6.2-1, PN: ""A character string encoded using a 5 component convention."" PS3.5 6.2, on omission: ""Trailing null components and their delimiters may be omitted."" PS3.5 6.2, on the single component form: ""for reasons of backward compatibility with older versions of this Standard, person names might be considered a single family name complex (single component without ""^"" delimiters).""","dciodvfy reports the value as dubious for the VR. It names no Type and no condition, and dubious is a judgement about value quality rather than about conformance, which is the definition of the PLAUSIBILITY category. No requirement is available to cite against it: PS3.5 permits trailing null components and their delimiters to be omitted, so a single component PN is a well formed value of the VR. Each distinct patient identifier is its own message class because the value is inside the message text, so this one rule covers 336 message classes that differ only in that value."
dciodvfy,3e7d4b278890,Warning - Value dubious for this VR - (TAG) PN Patient's Name PN [1] = <TCGA-08-0351> - Retired Person Name form,Warning,1,PLAUSIBILITY,PS3.5 6.2,"Table 6.2-1, PN","PS3.5 6.2, Table 6.2-1, PN: ""A character string encoded using a 5 component convention."" PS3.5 6.2, on omission: ""Trailing null components and their delimiters may be omitted."" PS3.5 6.2, on the single component form: ""for reasons of backward compatibility with older versions of this Standard, person names might be considered a single family name complex (single component without ""^"" delimiters).""","dciodvfy reports the value as dubious for the VR. It names no Type and no condition, and dubious is a judgement about value quality rather than about conformance, which is the definition of the PLAUSIBILITY category. No requirement is available to cite against it: PS3.5 permits trailing null components and their delimiters to be omitted, so a single component PN is a well formed value of the VR. Each distinct patient identifier is its own message class because the value is inside the message text, so this one rule covers 336 message classes that differ only in that value."
dciodvfy,3ee036c91fd7,Warning - Value dubious for this VR - (TAG) PN Patient's Name PN [1] = <TCGA-RR-A6KB> - Retired Person Name form,Warning,1,PLAUSIBILITY,PS3.5 6.2,"Table 6.2-1, PN","PS3.5 6.2, Table 6.2-1, PN: ""A character string encoded using a 5 component convention."" PS3.5 6.2, on omission: ""Trailing null components and their delimiters may be omitted."" PS3.5 6.2, on the single component form: ""for reasons of backward compatibility with older versions of this Standard, person names might be considered a single family name complex (single component without ""^"" delimiters).""","dciodvfy reports the value as dubious for the VR. It names no Type and no condition, and dubious is a judgement about value quality rather than about conformance, which is the definition of the PLAUSIBILITY category. No requirement is available to cite against it: PS3.5 permits trailing null components and their delimiters to be omitted, so a single component PN is a well formed value of the VR. Each distinct patient identifier is its own message class because the value is inside the message text, so this one rule covers 336 message classes that differ only in that value."
dciodvfy,411b40bc70b9,Warning - Value dubious for this VR - (TAG) PN Patient's Name PN [1] = <TCGA-02-0269> - Retired Person Name form,Warning,1,PLAUSIBILITY,PS3.5 6.2,"Table 6.2-1, PN","PS3.5 6.2, Table 6.2-1, PN: ""A character string encoded using a 5 component convention."" PS3.5 6.2, on omission: ""Trailing null components and their delimiters may be omitted."" PS3.5 6.2, on the single component form: ""for reasons of backward compatibility with older versions of this Standard, person names might be considered a single family name complex (single component without ""^"" delimiters).""","dciodvfy reports the value as dubious for the VR. It names no Type and no condition, and dubious is a judgement about value quality rather than about conformance, which is the definition of the PLAUSIBILITY category. No requirement is available to cite against it: PS3.5 permits trailing null components and their delimiters to be omitted, so a single component PN is a well formed value of the VR. Each distinct patient identifier is its own message class because the value is inside the message text, so this one rule covers 336 message classes that differ only in that value."
dciodvfy,43fa8b52405e,Warning - Value dubious for this VR - (TAG) PN Patient's Name PN [1] = <TCGA-08-0517> - Retired Person Name form,Warning,1,PLAUSIBILITY,PS3.5 6.2,"Table 6.2-1, PN","PS3.5 6.2, Table 6.2-1, PN: ""A character string encoded using a 5 component convention."" PS3.5 6.2, on omission: ""Trailing null components and their delimiters may be omitted."" PS3.5 6.2, on the single component form: ""for reasons of backward compatibility with older versions of this Standard, person names might be considered a single family name complex (single component without ""^"" delimiters).""","dciodvfy reports the value as dubious for the VR. It names no Type and no condition, and dubious is a judgement about value quality rather than about conformance, which is the definition of the PLAUSIBILITY category. No requirement is available to cite against it: PS3.5 permits trailing null components and their delimiters to be omitted, so a single component PN is a well formed value of the VR. Each distinct patient identifier is its own message class because the value is inside the message text, so this one rule covers 336 message classes that differ only in that value."
dciodvfy,454270a509b0,Warning - Value dubious for this VR - (TAG) PN Patient's Name PN [1] = <TCGA-27-2523> - Retired Person Name form,Warning,1,PLAUSIBILITY,PS3.5 6.2,"Table 6.2-1, PN","PS3.5 6.2, Table 6.2-1, PN: ""A character string encoded using a 5 component convention."" PS3.5 6.2, on omission: ""Trailing null components and their delimiters may be omitted."" PS3.5 6.2, on the single component form: ""for reasons of backward compatibility with older versions of this Standard, person names might be considered a single family name complex (single component without ""^"" delimiters).""","dciodvfy reports the value as dubious for the VR. It names no Type and no condition, and dubious is a judgement about value quality rather than about conformance, which is the definition of the PLAUSIBILITY category. No requirement is available to cite against it: PS3.5 permits trailing null components and their delimiters to be omitted, so a single component PN is a well formed value of the VR. Each distinct patient identifier is its own message class because the value is inside the message text, so this one rule covers 336 message classes that differ only in that value."
dciodvfy,4829e736ad3c,Warning - Value dubious for this VR - (TAG) PN Patient's Name PN [1] = <TCGA-12-0772> - Retired Person Name form,Warning,1,PLAUSIBILITY,PS3.5 6.2,"Table 6.2-1, PN","PS3.5 6.2, Table 6.2-1, PN: ""A character string encoded using a 5 component convention."" PS3.5 6.2, on omission: ""Trailing null components and their delimiters may be omitted."" PS3.5 6.2, on the single component form: ""for reasons of backward compatibility with older versions of this Standard, person names might be considered a single family name complex (single component without ""^"" delimiters).""","dciodvfy reports the value as dubious for the VR. It names no Type and no condition, and dubious is a judgement about value quality rather than about conformance, which is the definition of the PLAUSIBILITY category. No requirement is available to cite against it: PS3.5 permits trailing null components and their delimiters to be omitted, so a single component PN is a well formed value of the VR. Each distinct patient identifier is its own message class because the value is inside the message text, so this one rule covers 336 message classes that differ only in that value."
dciodvfy,4ae24b96c0ba,Warning - Value dubious for this VR - (TAG) PN Patient's Name PN [1] = <TCGA-06-0238> - Retired Person Name form,Warning,1,PLAUSIBILITY,PS3.5 6.2,"Table 6.2-1, PN","PS3.5 6.2, Table 6.2-1, PN: ""A character string encoded using a 5 component convention."" PS3.5 6.2, on omission: ""Trailing null components and their delimiters may be omitted."" PS3.5 6.2, on the single component form: ""for reasons of backward compatibility with older versions of this Standard, person names might be considered a single family name complex (single component without ""^"" delimiters).""","dciodvfy reports the value as dubious for the VR. It names no Type and no condition, and dubious is a judgement about value quality rather than about conformance, which is the definition of the PLAUSIBILITY category. No requirement is available to cite against it: PS3.5 permits trailing null components and their delimiters to be omitted, so a single component PN is a well formed value of the VR. Each distinct patient identifier is its own message class because the value is inside the message text, so this one rule covers 336 message classes that differ only in that value."
dciodvfy,4bc527baa79b,Warning - Value dubious for this VR - (TAG) PN Patient's Name PN [1] = <TCGA-26-1438> - Retired Person Name form,Warning,1,PLAUSIBILITY,PS3.5 6.2,"Table 6.2-1, PN","PS3.5 6.2, Table 6.2-1, PN: ""A character string encoded using a 5 component convention."" PS3.5 6.2, on omission: ""Trailing null components and their delimiters may be omitted."" PS3.5 6.2, on the single component form: ""for reasons of backward compatibility with older versions of this Standard, person names might be considered a single family name complex (single component without ""^"" delimiters).""","dciodvfy reports the value as dubious for the VR. It names no Type and no condition, and dubious is a judgement about value quality rather than about conformance, which is the definition of the PLAUSIBILITY category. No requirement is available to cite against it: PS3.5 permits trailing null components and their delimiters to be omitted, so a single component PN is a well formed value of the VR. Each distinct patient identifier is its own message class because the value is inside the message text, so this one rule covers 336 message classes that differ only in that value."
dciodvfy,522deca2ebfb,Warning - Value dubious for this VR - (TAG) PN Patient's Name PN [1] = <TCGA-08-0514> - Retired Person Name form,Warning,1,PLAUSIBILITY,PS3.5 6.2,"Table 6.2-1, PN","PS3.5 6.2, Table 6.2-1, PN: ""A character string encoded using a 5 component convention."" PS3.5 6.2, on omission: ""Trailing null components and their delimiters may be omitted."" PS3.5 6.2, on the single component form: ""for reasons of backward compatibility with older versions of this Standard, person names might be considered a single family name complex (single component without ""^"" delimiters).""","dciodvfy reports the value as dubious for the VR. It names no Type and no condition, and dubious is a judgement about value quality rather than about conformance, which is the definition of the PLAUSIBILITY category. No requirement is available to cite against it: PS3.5 permits trailing null components and their delimiters to be omitted, so a single component PN is a well formed value of the VR. Each distinct patient identifier is its own message class because the value is inside the message text, so this one rule covers 336 message classes that differ only in that value."
dciodvfy,54548be773f2,Warning - Value dubious for this VR - (TAG) PN Patient's Name PN [1] = <TCGA-19-5950> - Retired Person Name form,Warning,1,PLAUSIBILITY,PS3.5 6.2,"Table 6.2-1, PN","PS3.5 6.2, Table 6.2-1, PN: ""A character string encoded using a 5 component convention."" PS3.5 6.2, on omission: ""Trailing null components and their delimiters may be omitted."" PS3.5 6.2, on the single component form: ""for reasons of backward compatibility with older versions of this Standard, person names might be considered a single family name complex (single component without ""^"" delimiters).""","dciodvfy reports the value as dubious for the VR. It names no Type and no condition, and dubious is a judgement about value quality rather than about conformance, which is the definition of the PLAUSIBILITY category. No requirement is available to cite against it: PS3.5 permits trailing null components and their delimiters to be omitted, so a single component PN is a well formed value of the VR. Each distinct patient identifier is its own message class because the value is inside the message text, so this one rule covers 336 message classes that differ only in that value."
dciodvfy,54c4768ddb1d,Warning - Value dubious for this VR - (TAG) PN Patient's Name PN [1] = <TCGA-08-0373> - Retired Person Name form,Warning,1,PLAUSIBILITY,PS3.5 6.2,"Table 6.2-1, PN","PS3.5 6.2, Table 6.2-1, PN: ""A character string encoded using a 5 component convention."" PS3.5 6.2, on omission: ""Trailing null components and their delimiters may be omitted."" PS3.5 6.2, on the single component form: ""for reasons of backward compatibility with older versions of this Standard, person names might be considered a single family name complex (single component without ""^"" delimiters).""","dciodvfy reports the value as dubious for the VR. It names no Type and no condition, and dubious is a judgement about value quality rather than about conformance, which is the definition of the PLAUSIBILITY category. No requirement is available to cite against it: PS3.5 permits trailing null components and their delimiters to be omitted, so a single component PN is a well formed value of the VR. Each distinct patient identifier is its own message class because the value is inside the message text, so this one rule covers 336 message classes that differ only in that value."
dciodvfy,54e0744d5d13,Warning - Value dubious for this VR - (TAG) PN Patient's Name PN [1] = <TCGA-19-1385> - Retired Person Name form,Warning,1,PLAUSIBILITY,PS3.5 6.2,"Table 6.2-1, PN","PS3.5 6.2, Table 6.2-1, PN: ""A character string encoded using a 5 component convention."" PS3.5 6.2, on omission: ""Trailing null components and their delimiters may be omitted."" PS3.5 6.2, on the single component form: ""for reasons of backward compatibility with older versions of this Standard, person names might be considered a single family name complex (single component without ""^"" delimiters).""","dciodvfy reports the value as dubious for the VR. It names no Type and no condition, and dubious is a judgement about value quality rather than about conformance, which is the definition of the PLAUSIBILITY category. No requirement is available to cite against it: PS3.5 permits trailing null components and their delimiters to be omitted, so a single component PN is a well formed value of the VR. Each distinct patient identifier is its own message class because the value is inside the message text, so this one rule covers 336 message classes that differ only in that value."
dciodvfy,569bb6ffa81e,Warning - Value dubious for this VR - (TAG) PN Patient's Name PN [1] = <TCGA-06-0241> - Retired Person Name form,Warning,1,PLAUSIBILITY,PS3.5 6.2,"Table 6.2-1, PN","PS3.5 6.2, Table 6.2-1, PN: ""A character string encoded using a 5 component convention."" PS3.5 6.2, on omission: ""Trailing null components and their delimiters may be omitted."" PS3.5 6.2, on the single component form: ""for reasons of backward compatibility with older versions of this Standard, person names might be considered a single family name complex (single component without ""^"" delimiters).""","dciodvfy reports the value as dubious for the VR. It names no Type and no condition, and dubious is a judgement about value quality rather than about conformance, which is the definition of the PLAUSIBILITY category. No requirement is available to cite against it: PS3.5 permits trailing null components and their delimiters to be omitted, so a single component PN is a well formed value of the VR. Each distinct patient identifier is its own message class because the value is inside the message text, so this one rule covers 336 message classes that differ only in that value."
dciodvfy,588e61fde2a0,Warning - Value dubious for this VR - (TAG) PN Patient's Name PN [1] = <TCGA-08-0516> - Retired Person Name form,Warning,1,PLAUSIBILITY,PS3.5 6.2,"Table 6.2-1, PN","PS3.5 6.2, Table 6.2-1, PN: ""A character string encoded using a 5 component convention."" PS3.5 6.2, on omission: ""Trailing null components and their delimiters may be omitted."" PS3.5 6.2, on the single component form: ""for reasons of backward compatibility with older versions of this Standard, person names might be considered a single family name complex (single component without ""^"" delimiters).""","dciodvfy reports the value as dubious for the VR. It names no Type and no condition, and dubious is a judgement about value quality rather than about conformance, which is the definition of the PLAUSIBILITY category. No requirement is available to cite against it: PS3.5 permits trailing null components and their delimiters to be omitted, so a single component PN is a well formed value of the VR. Each distinct patient identifier is its own message class because the value is inside the message text, so this one rule covers 336 message classes that differ only in that value."
dciodvfy,58e95083df78,Warning - Value dubious for this VR - (TAG) PN Patient's Name PN [1] = <TCGA-19-5958> - Retired Person Name form,Warning,1,PLAUSIBILITY,PS3.5 6.2,"Table 6.2-1, PN","PS3.5 6.2, Table 6.2-1, PN: ""A character string encoded using a 5 component convention."" PS3.5 6.2, on omission: ""Trailing null components and their delimiters may be omitted."" PS3.5 6.2, on the single component form: ""for reasons of backward compatibility with older versions of this Standard, person names might be considered a single family name complex (single component without ""^"" delimiters).""","dciodvfy reports the value as dubious for the VR. It names no Type and no condition, and dubious is a judgement about value quality rather than about conformance, which is the definition of the PLAUSIBILITY category. No requirement is available to cite against it: PS3.5 permits trailing null components and their delimiters to be omitted, so a single component PN is a well formed value of the VR. Each distinct patient identifier is its own message class because the value is inside the message text, so this one rule covers 336 message classes that differ only in that value."
dciodvfy,5b6844333326,Warning - Value dubious for this VR - (TAG) PN Patient's Name PN [1] = <TCGA-02-0015> - Retired Person Name form,Warning,1,PLAUSIBILITY,PS3.5 6.2,"Table 6.2-1, PN","PS3.5 6.2, Table 6.2-1, PN: ""A character string encoded using a 5 component convention."" PS3.5 6.2, on omission: ""Trailing null components and their delimiters may be omitted."" PS3.5 6.2, on the single component form: ""for reasons of backward compatibility with older versions of this Standard, person names might be considered a single family name complex (single component without ""^"" delimiters).""","dciodvfy reports the value as dubious for the VR. It names no Type and no condition, and dubious is a judgement about value quality rather than about conformance, which is the definition of the PLAUSIBILITY category. No requirement is available to cite against it: PS3.5 permits trailing null components and their delimiters to be omitted, so a single component PN is a well formed value of the VR. Each distinct patient identifier is its own message class because the value is inside the message text, so this one rule covers 336 message classes that differ only in that value."
dciodvfy,5d1299242ac2,Warning - Value dubious for this VR - (TAG) PN Patient's Name PN [1] = <TCGA-27-2519> - Retired Person Name form,Warning,1,PLAUSIBILITY,PS3.5 6.2,"Table 6.2-1, PN","PS3.5 6.2, Table 6.2-1, PN: ""A character string encoded using a 5 component convention."" PS3.5 6.2, on omission: ""Trailing null components and their delimiters may be omitted."" PS3.5 6.2, on the single component form: ""for reasons of backward compatibility with older versions of this Standard, person names might be considered a single family name complex (single component without ""^"" delimiters).""","dciodvfy reports the value as dubious for the VR. It names no Type and no condition, and dubious is a judgement about value quality rather than about conformance, which is the definition of the PLAUSIBILITY category. No requirement is available to cite against it: PS3.5 permits trailing null components and their delimiters to be omitted, so a single component PN is a well formed value of the VR. Each distinct patient identifier is its own message class because the value is inside the message text, so this one rule covers 336 message classes that differ only in that value."
dciodvfy,5f04be0ff9db,Warning - Value dubious for this VR - (TAG) PN Patient's Name PN [1] = <TCGA-02-0281> - Retired Person Name form,Warning,1,PLAUSIBILITY,PS3.5 6.2,"Table 6.2-1, PN","PS3.5 6.2, Table 6.2-1, PN: ""A character string encoded using a 5 component convention."" PS3.5 6.2, on omission: ""Trailing null components and their delimiters may be omitted."" PS3.5 6.2, on the single component form: ""for reasons of backward compatibility with older versions of this Standard, person names might be considered a single family name complex (single component without ""^"" delimiters).""","dciodvfy reports the value as dubious for the VR. It names no Type and no condition, and dubious is a judgement about value quality rather than about conformance, which is the definition of the PLAUSIBILITY category. No requirement is available to cite against it: PS3.5 permits trailing null components and their delimiters to be omitted, so a single component PN is a well formed value of the VR. Each distinct patient identifier is its own message class because the value is inside the message text, so this one rule covers 336 message classes that differ only in that value."
dciodvfy,5fc64793582c,Warning - Value dubious for this VR - (TAG) PN Patient's Name PN [1] = <TCGA-28-1757> - Retired Person Name form,Warning,1,PLAUSIBILITY,PS3.5 6.2,"Table 6.2-1, PN","PS3.5 6.2, Table 6.2-1, PN: ""A character string encoded using a 5 component convention."" PS3.5 6.2, on omission: ""Trailing null components and their delimiters may be omitted."" PS3.5 6.2, on the single component form: ""for reasons of backward compatibility with older versions of this Standard, person names might be considered a single family name complex (single component without ""^"" delimiters).""","dciodvfy reports the value as dubious for the VR. It names no Type and no condition, and dubious is a judgement about value quality rather than about conformance, which is the definition of the PLAUSIBILITY category. No requirement is available to cite against it: PS3.5 permits trailing null components and their delimiters to be omitted, so a single component PN is a well formed value of the VR. Each distinct patient identifier is its own message class because the value is inside the message text, so this one rule covers 336 message classes that differ only in that value."
dciodvfy,60b4463f2d16,Warning - Value dubious for this VR - (TAG) PN Patient's Name PN [1] = <TCGA-02-0079> - Retired Person Name form,Warning,1,PLAUSIBILITY,PS3.5 6.2,"Table 6.2-1, PN","PS3.5 6.2, Table 6.2-1, PN: ""A character string encoded using a 5 component convention."" PS3.5 6.2, on omission: ""Trailing null components and their delimiters may be omitted."" PS3.5 6.2, on the single component form: ""for reasons of backward compatibility with older versions of this Standard, person names might be considered a single family name complex (single component without ""^"" delimiters).""","dciodvfy reports the value as dubious for the VR. It names no Type and no condition, and dubious is a judgement about value quality rather than about conformance, which is the definition of the PLAUSIBILITY category. No requirement is available to cite against it: PS3.5 permits trailing null components and their delimiters to be omitted, so a single component PN is a well formed value of the VR. Each distinct patient identifier is its own message class because the value is inside the message text, so this one rule covers 336 message classes that differ only in that value."
dciodvfy,67d214742464,Warning - Value dubious for this VR - (TAG) PN Patient's Name PN [1] = <TCGA-28-1752> - Retired Person Name form,Warning,1,PLAUSIBILITY,PS3.5 6.2,"Table 6.2-1, PN","PS3.5 6.2, Table 6.2-1, PN: ""A character string encoded using a 5 component convention."" PS3.5 6.2, on omission: ""Trailing null components and their delimiters may be omitted."" PS3.5 6.2, on the single component form: ""for reasons of backward compatibility with older versions of this Standard, person names might be considered a single family name complex (single component without ""^"" delimiters).""","dciodvfy reports the value as dubious for the VR. It names no Type and no condition, and dubious is a judgement about value quality rather than about conformance, which is the definition of the PLAUSIBILITY category. No requirement is available to cite against it: PS3.5 permits trailing null components and their delimiters to be omitted, so a single component PN is a well formed value of the VR. Each distinct patient identifier is its own message class because the value is inside the message text, so this one rule covers 336 message classes that differ only in that value."
dciodvfy,67fa6d3bb14b,Warning - Value dubious for this VR - (TAG) PN Patient's Name PN [1] = <TCGA-12-1090> - Retired Person Name form,Warning,1,PLAUSIBILITY,PS3.5 6.2,"Table 6.2-1, PN","PS3.5 6.2, Table 6.2-1, PN: ""A character string encoded using a 5 component convention."" PS3.5 6.2, on omission: ""Trailing null components and their delimiters may be omitted."" PS3.5 6.2, on the single component form: ""for reasons of backward compatibility with older versions of this Standard, person names might be considered a single family name complex (single component without ""^"" delimiters).""","dciodvfy reports the value as dubious for the VR. It names no Type and no condition, and dubious is a judgement about value quality rather than about conformance, which is the definition of the PLAUSIBILITY category. No requirement is available to cite against it: PS3.5 permits trailing null components and their delimiters to be omitted, so a single component PN is a well formed value of the VR. Each distinct patient identifier is its own message class because the value is inside the message text, so this one rule covers 336 message classes that differ only in that value."
dciodvfy,6bc78bf9bba8,Warning - Value dubious for this VR - (TAG) PN Patient's Name PN [1] = <TCGA-15-0742> - Retired Person Name form,Warning,1,PLAUSIBILITY,PS3.5 6.2,"Table 6.2-1, PN","PS3.5 6.2, Table 6.2-1, PN: ""A character string encoded using a 5 component convention."" PS3.5 6.2, on omission: ""Trailing null components and their delimiters may be omitted."" PS3.5 6.2, on the single component form: ""for reasons of backward compatibility with older versions of this Standard, person names might be considered a single family name complex (single component without ""^"" delimiters).""","dciodvfy reports the value as dubious for the VR. It names no Type and no condition, and dubious is a judgement about value quality rather than about conformance, which is the definition of the PLAUSIBILITY category. No requirement is available to cite against it: PS3.5 permits trailing null components and their delimiters to be omitted, so a single component PN is a well formed value of the VR. Each distinct patient identifier is its own message class because the value is inside the message text, so this one rule covers 336 message classes that differ only in that value."
dciodvfy,714c80138c93,Warning - Value dubious for this VR - (TAG) PN Patient's Name PN [1] = <TCGA-RR-A6KC> - Retired Person Name form,Warning,1,PLAUSIBILITY,PS3.5 6.2,"Table 6.2-1, PN","PS3.5 6.2, Table 6.2-1, PN: ""A character string encoded using a 5 component convention."" PS3.5 6.2, on omission: ""Trailing null components and their delimiters may be omitted."" PS3.5 6.2, on the single component form: ""for reasons of backward compatibility with older versions of this Standard, person names might be considered a single family name complex (single component without ""^"" delimiters).""","dciodvfy reports the value as dubious for the VR. It names no Type and no condition, and dubious is a judgement about value quality rather than about conformance, which is the definition of the PLAUSIBILITY category. No requirement is available to cite against it: PS3.5 permits trailing null components and their delimiters to be omitted, so a single component PN is a well formed value of the VR. Each distinct patient identifier is its own message class because the value is inside the message text, so this one rule covers 336 message classes that differ only in that value."
dciodvfy,75819b970198,Warning - Value dubious for this VR - (TAG) PN Patient's Name PN [1] = <TCGA-06-5415> - Retired Person Name form,Warning,1,PLAUSIBILITY,PS3.5 6.2,"Table 6.2-1, PN","PS3.5 6.2, Table 6.2-1, PN: ""A character string encoded using a 5 component convention."" PS3.5 6.2, on omission: ""Trailing null components and their delimiters may be omitted."" PS3.5 6.2, on the single component form: ""for reasons of backward compatibility with older versions of this Standard, person names might be considered a single family name complex (single component without ""^"" delimiters).""","dciodvfy reports the value as dubious for the VR. It names no Type and no condition, and dubious is a judgement about value quality rather than about conformance, which is the definition of the PLAUSIBILITY category. No requirement is available to cite against it: PS3.5 permits trailing null components and their delimiters to be omitted, so a single component PN is a well formed value of the VR. Each distinct patient identifier is its own message class because the value is inside the message text, so this one rule covers 336 message classes that differ only in that value."
dciodvfy,759652435625,Warning - Value dubious for this VR - (TAG) PN Patient's Name PN [1] = <TCGA-27-2528> - Retired Person Name form,Warning,1,PLAUSIBILITY,PS3.5 6.2,"Table 6.2-1, PN","PS3.5 6.2, Table 6.2-1, PN: ""A character string encoded using a 5 component convention."" PS3.5 6.2, on omission: ""Trailing null components and their delimiters may be omitted."" PS3.5 6.2, on the single component form: ""for reasons of backward compatibility with older versions of this Standard, person names might be considered a single family name complex (single component without ""^"" delimiters).""","dciodvfy reports the value as dubious for the VR. It names no Type and no condition, and dubious is a judgement about value quality rather than about conformance, which is the definition of the PLAUSIBILITY category. No requirement is available to cite against it: PS3.5 permits trailing null components and their delimiters to be omitted, so a single component PN is a well formed value of the VR. Each distinct patient identifier is its own message class because the value is inside the message text, so this one rule covers 336 message classes that differ only in that value."
dciodvfy,760ff45d3433,Warning - Value dubious for this VR - (TAG) PN Patient's Name PN [1] = <TCGA-02-0025> - Retired Person Name form,Warning,1,PLAUSIBILITY,PS3.5 6.2,"Table 6.2-1, PN","PS3.5 6.2, Table 6.2-1, PN: ""A character string encoded using a 5 component convention."" PS3.5 6.2, on omission: ""Trailing null components and their delimiters may be omitted."" PS3.5 6.2, on the single component form: ""for reasons of backward compatibility with older versions of this Standard, person names might be considered a single family name complex (single component without ""^"" delimiters).""","dciodvfy reports the value as dubious for the VR. It names no Type and no condition, and dubious is a judgement about value quality rather than about conformance, which is the definition of the PLAUSIBILITY category. No requirement is available to cite against it: PS3.5 permits trailing null components and their delimiters to be omitted, so a single component PN is a well formed value of the VR. Each distinct patient identifier is its own message class because the value is inside the message text, so this one rule covers 336 message classes that differ only in that value."
dciodvfy,766126e79e9e,Warning - Value dubious for this VR - (TAG) PN Patient's Name PN [1] = <TCGA-02-0070> - Retired Person Name form,Warning,1,PLAUSIBILITY,PS3.5 6.2,"Table 6.2-1, PN","PS3.5 6.2, Table 6.2-1, PN: ""A character string encoded using a 5 component convention."" PS3.5 6.2, on omission: ""Trailing null components and their delimiters may be omitted."" PS3.5 6.2, on the single component form: ""for reasons of backward compatibility with older versions of this Standard, person names might be considered a single family name complex (single component without ""^"" delimiters).""","dciodvfy reports the value as dubious for the VR. It names no Type and no condition, and dubious is a judgement about value quality rather than about conformance, which is the definition of the PLAUSIBILITY category. No requirement is available to cite against it: PS3.5 permits trailing null components and their delimiters to be omitted, so a single component PN is a well formed value of the VR. Each distinct patient identifier is its own message class because the value is inside the message text, so this one rule covers 336 message classes that differ only in that value."
dciodvfy,78e58670c2f5,Warning - Value dubious for this VR - (TAG) PN Patient's Name PN [1] = <TCGA-02-0037> - Retired Person Name form,Warning,1,PLAUSIBILITY,PS3.5 6.2,"Table 6.2-1, PN","PS3.5 6.2, Table 6.2-1, PN: ""A character string encoded using a 5 component convention."" PS3.5 6.2, on omission: ""Trailing null components and their delimiters may be omitted."" PS3.5 6.2, on the single component form: ""for reasons of backward compatibility with older versions of this Standard, person names might be considered a single family name complex (single component without ""^"" delimiters).""","dciodvfy reports the value as dubious for the VR. It names no Type and no condition, and dubious is a judgement about value quality rather than about conformance, which is the definition of the PLAUSIBILITY category. No requirement is available to cite against it: PS3.5 permits trailing null components and their delimiters to be omitted, so a single component PN is a well formed value of the VR. Each distinct patient identifier is its own message class because the value is inside the message text, so this one rule covers 336 message classes that differ only in that value."
dciodvfy,79977ef916b7,Warning - Value dubious for this VR - (TAG) PN Patient's Name PN [1] = <TCGA-26-5134> - Retired Person Name form,Warning,1,PLAUSIBILITY,PS3.5 6.2,"Table 6.2-1, PN","PS3.5 6.2, Table 6.2-1, PN: ""A character string encoded using a 5 component convention."" PS3.5 6.2, on omission: ""Trailing null components and their delimiters may be omitted."" PS3.5 6.2, on the single component form: ""for reasons of backward compatibility with older versions of this Standard, person names might be considered a single family name complex (single component without ""^"" delimiters).""","dciodvfy reports the value as dubious for the VR. It names no Type and no condition, and dubious is a judgement about value quality rather than about conformance, which is the definition of the PLAUSIBILITY category. No requirement is available to cite against it: PS3.5 permits trailing null components and their delimiters to be omitted, so a single component PN is a well formed value of the VR. Each distinct patient identifier is its own message class because the value is inside the message text, so this one rule covers 336 message classes that differ only in that value."
dciodvfy,7b4f842675cd,Warning - Value dubious for this VR - (TAG) PN Patient's Name PN [1] = <TCGA-28-1760> - Retired Person Name form,Warning,1,PLAUSIBILITY,PS3.5 6.2,"Table 6.2-1, PN","PS3.5 6.2, Table 6.2-1, PN: ""A character string encoded using a 5 component convention."" PS3.5 6.2, on omission: ""Trailing null components and their delimiters may be omitted."" PS3.5 6.2, on the single component form: ""for reasons of backward compatibility with older versions of this Standard, person names might be considered a single family name complex (single component without ""^"" delimiters).""","dciodvfy reports the value as dubious for the VR. It names no Type and no condition, and dubious is a judgement about value quality rather than about conformance, which is the definition of the PLAUSIBILITY category. No requirement is available to cite against it: PS3.5 permits trailing null components and their delimiters to be omitted, so a single component PN is a well formed value of the VR. Each distinct patient identifier is its own message class because the value is inside the message text, so this one rule covers 336 message classes that differ only in that value."
dciodvfy,7cdcdf4d8ce6,Warning - Value dubious for this VR - (TAG) PN Patient's Name PN [1] = <TCGA-26-5133> - Retired Person Name form,Warning,1,PLAUSIBILITY,PS3.5 6.2,"Table 6.2-1, PN","PS3.5 6.2, Table 6.2-1, PN: ""A character string encoded using a 5 component convention."" PS3.5 6.2, on omission: ""Trailing null components and their delimiters may be omitted."" PS3.5 6.2, on the single component form: ""for reasons of backward compatibility with older versions of this Standard, person names might be considered a single family name complex (single component without ""^"" delimiters).""","dciodvfy reports the value as dubious for the VR. It names no Type and no condition, and dubious is a judgement about value quality rather than about conformance, which is the definition of the PLAUSIBILITY category. No requirement is available to cite against it: PS3.5 permits trailing null components and their delimiters to be omitted, so a single component PN is a well formed value of the VR. Each distinct patient identifier is its own message class because the value is inside the message text, so this one rule covers 336 message classes that differ only in that value."
dciodvfy,7e7927316081,Warning - Value dubious for this VR - (TAG) PN Patient's Name PN [1] = <TCGA-06-5858> - Retired Person Name form,Warning,1,PLAUSIBILITY,PS3.5 6.2,"Table 6.2-1, PN","PS3.5 6.2, Table 6.2-1, PN: ""A character string encoded using a 5 component convention."" PS3.5 6.2, on omission: ""Trailing null components and their delimiters may be omitted."" PS3.5 6.2, on the single component form: ""for reasons of backward compatibility with older versions of this Standard, person names might be considered a single family name complex (single component without ""^"" delimiters).""","dciodvfy reports the value as dubious for the VR. It names no Type and no condition, and dubious is a judgement about value quality rather than about conformance, which is the definition of the PLAUSIBILITY category. No requirement is available to cite against it: PS3.5 permits trailing null components and their delimiters to be omitted, so a single component PN is a well formed value of the VR. Each distinct patient identifier is its own message class because the value is inside the message text, so this one rule covers 336 message classes that differ only in that value."
dciodvfy,819bf4c79ca6,Warning - Value dubious for this VR - (TAG) PN Patient's Name PN [1] = <TCGA-19-5954> - Retired Person Name form,Warning,1,PLAUSIBILITY,PS3.5 6.2,"Table 6.2-1, PN","PS3.5 6.2, Table 6.2-1, PN: ""A character string encoded using a 5 component convention."" PS3.5 6.2, on omission: ""Trailing null components and their delimiters may be omitted."" PS3.5 6.2, on the single component form: ""for reasons of backward compatibility with older versions of this Standard, person names might be considered a single family name complex (single component without ""^"" delimiters).""","dciodvfy reports the value as dubious for the VR. It names no Type and no condition, and dubious is a judgement about value quality rather than about conformance, which is the definition of the PLAUSIBILITY category. No requirement is available to cite against it: PS3.5 permits trailing null components and their delimiters to be omitted, so a single component PN is a well formed value of the VR. Each distinct patient identifier is its own message class because the value is inside the message text, so this one rule covers 336 message classes that differ only in that value."
dciodvfy,830277fb0456,Warning - Value dubious for this VR - (TAG) PN Patient's Name PN [1] = <TCGA-28-1745> - Retired Person Name form,Warning,1,PLAUSIBILITY,PS3.5 6.2,"Table 6.2-1, PN","PS3.5 6.2, Table 6.2-1, PN: ""A character string encoded using a 5 component convention."" PS3.5 6.2, on omission: ""Trailing null components and their delimiters may be omitted."" PS3.5 6.2, on the single component form: ""for reasons of backward compatibility with older versions of this Standard, person names might be considered a single family name complex (single component without ""^"" delimiters).""","dciodvfy reports the value as dubious for the VR. It names no Type and no condition, and dubious is a judgement about value quality rather than about conformance, which is the definition of the PLAUSIBILITY category. No requirement is available to cite against it: PS3.5 permits trailing null components and their delimiters to be omitted, so a single component PN is a well formed value of the VR. Each distinct patient identifier is its own message class because the value is inside the message text, so this one rule covers 336 message classes that differ only in that value."
dciodvfy,83f2703a2d21,Warning - Value dubious for this VR - (TAG) PN Patient's Name PN [1] = <TCGA-08-0246> - Retired Person Name form,Warning,1,PLAUSIBILITY,PS3.5 6.2,"Table 6.2-1, PN","PS3.5 6.2, Table 6.2-1, PN: ""A character string encoded using a 5 component convention."" PS3.5 6.2, on omission: ""Trailing null components and their delimiters may be omitted."" PS3.5 6.2, on the single component form: ""for reasons of backward compatibility with older versions of this Standard, person names might be considered a single family name complex (single component without ""^"" delimiters).""","dciodvfy reports the value as dubious for the VR. It names no Type and no condition, and dubious is a judgement about value quality rather than about conformance, which is the definition of the PLAUSIBILITY category. No requirement is available to cite against it: PS3.5 permits trailing null components and their delimiters to be omitted, so a single component PN is a well formed value of the VR. Each distinct patient identifier is its own message class because the value is inside the message text, so this one rule covers 336 message classes that differ only in that value."
dciodvfy,8400dddeca5c,Warning - Value dubious for this VR - (TAG) PN Patient's Name PN [1] = <TCGA-26-5135> - Retired Person Name form,Warning,1,PLAUSIBILITY,PS3.5 6.2,"Table 6.2-1, PN","PS3.5 6.2, Table 6.2-1, PN: ""A character string encoded using a 5 component convention."" PS3.5 6.2, on omission: ""Trailing null components and their delimiters may be omitted."" PS3.5 6.2, on the single component form: ""for reasons of backward compatibility with older versions of this Standard, person names might be considered a single family name complex (single component without ""^"" delimiters).""","dciodvfy reports the value as dubious for the VR. It names no Type and no condition, and dubious is a judgement about value quality rather than about conformance, which is the definition of the PLAUSIBILITY category. No requirement is available to cite against it: PS3.5 permits trailing null components and their delimiters to be omitted, so a single component PN is a well formed value of the VR. Each distinct patient identifier is its own message class because the value is inside the message text, so this one rule covers 336 message classes that differ only in that value."
dciodvfy,846d322affb4,Warning - Value dubious for this VR - (TAG) PN Patient's Name PN [1] = <TCGA-19-5960> - Retired Person Name form,Warning,1,PLAUSIBILITY,PS3.5 6.2,"Table 6.2-1, PN","PS3.5 6.2, Table 6.2-1, PN: ""A character string encoded using a 5 component convention."" PS3.5 6.2, on omission: ""Trailing null components and their delimiters may be omitted."" PS3.5 6.2, on the single component form: ""for reasons of backward compatibility with older versions of this Standard, person names might be considered a single family name complex (single component without ""^"" delimiters).""","dciodvfy reports the value as dubious for the VR. It names no Type and no condition, and dubious is a judgement about value quality rather than about conformance, which is the definition of the PLAUSIBILITY category. No requirement is available to cite against it: PS3.5 permits trailing null components and their delimiters to be omitted, so a single component PN is a well formed value of the VR. Each distinct patient identifier is its own message class because the value is inside the message text, so this one rule covers 336 message classes that differ only in that value."
dciodvfy,85be23705144,Warning - Value dubious for this VR - (TAG) PN Patient's Name PN [1] = <TCGA-02-0004> - Retired Person Name form,Warning,1,PLAUSIBILITY,PS3.5 6.2,"Table 6.2-1, PN","PS3.5 6.2, Table 6.2-1, PN: ""A character string encoded using a 5 component convention."" PS3.5 6.2, on omission: ""Trailing null components and their delimiters may be omitted."" PS3.5 6.2, on the single component form: ""for reasons of backward compatibility with older versions of this Standard, person names might be considered a single family name complex (single component without ""^"" delimiters).""","dciodvfy reports the value as dubious for the VR. It names no Type and no condition, and dubious is a judgement about value quality rather than about conformance, which is the definition of the PLAUSIBILITY category. No requirement is available to cite against it: PS3.5 permits trailing null components and their delimiters to be omitted, so a single component PN is a well formed value of the VR. Each distinct patient identifier is its own message class because the value is inside the message text, so this one rule covers 336 message classes that differ only in that value."
dciodvfy,8661e6a3101c,Warning - Value dubious for this VR - (TAG) PN Patient's Name PN [1] = <TCGA-27-2524> - Retired Person Name form,Warning,1,PLAUSIBILITY,PS3.5 6.2,"Table 6.2-1, PN","PS3.5 6.2, Table 6.2-1, PN: ""A character string encoded using a 5 component convention."" PS3.5 6.2, on omission: ""Trailing null components and their delimiters may be omitted."" PS3.5 6.2, on the single component form: ""for reasons of backward compatibility with older versions of this Standard, person names might be considered a single family name complex (single component without ""^"" delimiters).""","dciodvfy reports the value as dubious for the VR. It names no Type and no condition, and dubious is a judgement about value quality rather than about conformance, which is the definition of the PLAUSIBILITY category. No requirement is available to cite against it: PS3.5 permits trailing null components and their delimiters to be omitted, so a single component PN is a well formed value of the VR. Each distinct patient identifier is its own message class because the value is inside the message text, so this one rule covers 336 message classes that differ only in that value."
dciodvfy,8774dd018237,Warning - Value dubious for this VR - (TAG) PN Patient's Name PN [1] = <TCGA-26-5136> - Retired Person Name form,Warning,1,PLAUSIBILITY,PS3.5 6.2,"Table 6.2-1, PN","PS3.5 6.2, Table 6.2-1, PN: ""A character string encoded using a 5 component convention."" PS3.5 6.2, on omission: ""Trailing null components and their delimiters may be omitted."" PS3.5 6.2, on the single component form: ""for reasons of backward compatibility with older versions of this Standard, person names might be considered a single family name complex (single component without ""^"" delimiters).""","dciodvfy reports the value as dubious for the VR. It names no Type and no condition, and dubious is a judgement about value quality rather than about conformance, which is the definition of the PLAUSIBILITY category. No requirement is available to cite against it: PS3.5 permits trailing null components and their delimiters to be omitted, so a single component PN is a well formed value of the VR. Each distinct patient identifier is its own message class because the value is inside the message text, so this one rule covers 336 message classes that differ only in that value."
dciodvfy,8887c2bca781,Warning - Value dubious for this VR - (TAG) PN Patient's Name PN [1] = <TCGA-08-0385> - Retired Person Name form,Warning,1,PLAUSIBILITY,PS3.5 6.2,"Table 6.2-1, PN","PS3.5 6.2, Table 6.2-1, PN: ""A character string encoded using a 5 component convention."" PS3.5 6.2, on omission: ""Trailing null components and their delimiters may be omitted."" PS3.5 6.2, on the single component form: ""for reasons of backward compatibility with older versions of this Standard, person names might be considered a single family name complex (single component without ""^"" delimiters).""","dciodvfy reports the value as dubious for the VR. It names no Type and no condition, and dubious is a judgement about value quality rather than about conformance, which is the definition of the PLAUSIBILITY category. No requirement is available to cite against it: PS3.5 permits trailing null components and their delimiters to be omitted, so a single component PN is a well formed value of the VR. Each distinct patient identifier is its own message class because the value is inside the message text, so this one rule covers 336 message classes that differ only in that value."
dciodvfy,898d7ea40d10,Warning - Value dubious for this VR - (TAG) PN Patient's Name PN [1] = <TCGA-27-1838> - Retired Person Name form,Warning,1,PLAUSIBILITY,PS3.5 6.2,"Table 6.2-1, PN","PS3.5 6.2, Table 6.2-1, PN: ""A character string encoded using a 5 component convention."" PS3.5 6.2, on omission: ""Trailing null components and their delimiters may be omitted."" PS3.5 6.2, on the single component form: ""for reasons of backward compatibility with older versions of this Standard, person names might be considered a single family name complex (single component without ""^"" delimiters).""","dciodvfy reports the value as dubious for the VR. It names no Type and no condition, and dubious is a judgement about value quality rather than about conformance, which is the definition of the PLAUSIBILITY category. No requirement is available to cite against it: PS3.5 permits trailing null components and their delimiters to be omitted, so a single component PN is a well formed value of the VR. Each distinct patient identifier is its own message class because the value is inside the message text, so this one rule covers 336 message classes that differ only in that value."
dciodvfy,8aeda85d19cc,Warning - Value dubious for this VR - (TAG) PN Patient's Name PN [1] = <TCGA-41-5651> - Retired Person Name form,Warning,1,PLAUSIBILITY,PS3.5 6.2,"Table 6.2-1, PN","PS3.5 6.2, Table 6.2-1, PN: ""A character string encoded using a 5 component convention."" PS3.5 6.2, on omission: ""Trailing null components and their delimiters may be omitted."" PS3.5 6.2, on the single component form: ""for reasons of backward compatibility with older versions of this Standard, person names might be considered a single family name complex (single component without ""^"" delimiters).""","dciodvfy reports the value as dubious for the VR. It names no Type and no condition, and dubious is a judgement about value quality rather than about conformance, which is the definition of the PLAUSIBILITY category. No requirement is available to cite against it: PS3.5 permits trailing null components and their delimiters to be omitted, so a single component PN is a well formed value of the VR. Each distinct patient identifier is its own message class because the value is inside the message text, so this one rule covers 336 message classes that differ only in that value."
dciodvfy,8f0f2c1d9755,Warning - Value dubious for this VR - (TAG) PN Patient's Name PN [1] = <TCGA-02-0038> - Retired Person Name form,Warning,1,PLAUSIBILITY,PS3.5 6.2,"Table 6.2-1, PN","PS3.5 6.2, Table 6.2-1, PN: ""A character string encoded using a 5 component convention."" PS3.5 6.2, on omission: ""Trailing null components and their delimiters may be omitted."" PS3.5 6.2, on the single component form: ""for reasons of backward compatibility with older versions of this Standard, person names might be considered a single family name complex (single component without ""^"" delimiters).""","dciodvfy reports the value as dubious for the VR. It names no Type and no condition, and dubious is a judgement about value quality rather than about conformance, which is the definition of the PLAUSIBILITY category. No requirement is available to cite against it: PS3.5 permits trailing null components and their delimiters to be omitted, so a single component PN is a well formed value of the VR. Each distinct patient identifier is its own message class because the value is inside the message text, so this one rule covers 336 message classes that differ only in that value."
dciodvfy,9043cb57fd3c,Warning - Value dubious for this VR - (TAG) PN Patient's Name PN [1] = <TCGA-08-0529> - Retired Person Name form,Warning,1,PLAUSIBILITY,PS3.5 6.2,"Table 6.2-1, PN","PS3.5 6.2, Table 6.2-1, PN: ""A character string encoded using a 5 component convention."" PS3.5 6.2, on omission: ""Trailing null components and their delimiters may be omitted."" PS3.5 6.2, on the single component form: ""for reasons of backward compatibility with older versions of this Standard, person names might be considered a single family name complex (single component without ""^"" delimiters).""","dciodvfy reports the value as dubious for the VR. It names no Type and no condition, and dubious is a judgement about value quality rather than about conformance, which is the definition of the PLAUSIBILITY category. No requirement is available to cite against it: PS3.5 permits trailing null components and their delimiters to be omitted, so a single component PN is a well formed value of the VR. Each distinct patient identifier is its own message class because the value is inside the message text, so this one rule covers 336 message classes that differ only in that value."
dciodvfy,945d436cacf8,Warning - Value dubious for this VR - (TAG) PN Patient's Name PN [1] = <TCGA-08-0386> - Retired Person Name form,Warning,1,PLAUSIBILITY,PS3.5 6.2,"Table 6.2-1, PN","PS3.5 6.2, Table 6.2-1, PN: ""A character string encoded using a 5 component convention."" PS3.5 6.2, on omission: ""Trailing null components and their delimiters may be omitted."" PS3.5 6.2, on the single component form: ""for reasons of backward compatibility with older versions of this Standard, person names might be considered a single family name complex (single component without ""^"" delimiters).""","dciodvfy reports the value as dubious for the VR. It names no Type and no condition, and dubious is a judgement about value quality rather than about conformance, which is the definition of the PLAUSIBILITY category. No requirement is available to cite against it: PS3.5 permits trailing null components and their delimiters to be omitted, so a single component PN is a well formed value of the VR. Each distinct patient identifier is its own message class because the value is inside the message text, so this one rule covers 336 message classes that differ only in that value."
dciodvfy,97c074481b60,Warning - Value dubious for this VR - (TAG) PN Patient's Name PN [1] = <TCGA-28-1751> - Retired Person Name form,Warning,1,PLAUSIBILITY,PS3.5 6.2,"Table 6.2-1, PN","PS3.5 6.2, Table 6.2-1, PN: ""A character string encoded using a 5 component convention."" PS3.5 6.2, on omission: ""Trailing null components and their delimiters may be omitted."" PS3.5 6.2, on the single component form: ""for reasons of backward compatibility with older versions of this Standard, person names might be considered a single family name complex (single component without ""^"" delimiters).""","dciodvfy reports the value as dubious for the VR. It names no Type and no condition, and dubious is a judgement about value quality rather than about conformance, which is the definition of the PLAUSIBILITY category. No requirement is available to cite against it: PS3.5 permits trailing null components and their delimiters to be omitted, so a single component PN is a well formed value of the VR. Each distinct patient identifier is its own message class because the value is inside the message text, so this one rule covers 336 message classes that differ only in that value."
dciodvfy,98232af613a6,Warning - Value dubious for this VR - (TAG) PN Patient's Name PN [1] = <TCGA-08-0349> - Retired Person Name form,Warning,1,PLAUSIBILITY,PS3.5 6.2,"Table 6.2-1, PN","PS3.5 6.2, Table 6.2-1, PN: ""A character string encoded using a 5 component convention."" PS3.5 6.2, on omission: ""Trailing null components and their delimiters may be omitted."" PS3.5 6.2, on the single component form: ""for reasons of backward compatibility with older versions of this Standard, person names might be considered a single family name complex (single component without ""^"" delimiters).""","dciodvfy reports the value as dubious for the VR. It names no Type and no condition, and dubious is a judgement about value quality rather than about conformance, which is the definition of the PLAUSIBILITY category. No requirement is available to cite against it: PS3.5 permits trailing null components and their delimiters to be omitted, so a single component PN is a well formed value of the VR. Each distinct patient identifier is its own message class because the value is inside the message text, so this one rule covers 336 message classes that differ only in that value."
dciodvfy,9994ce71981c,Warning - Value dubious for this VR - (TAG) PN Patient's Name PN [1] = <TCGA-28-1749> - Retired Person Name form,Warning,1,PLAUSIBILITY,PS3.5 6.2,"Table 6.2-1, PN","PS3.5 6.2, Table 6.2-1, PN: ""A character string encoded using a 5 component convention."" PS3.5 6.2, on omission: ""Trailing null components and their delimiters may be omitted."" PS3.5 6.2, on the single component form: ""for reasons of backward compatibility with older versions of this Standard, person names might be considered a single family name complex (single component without ""^"" delimiters).""","dciodvfy reports the value as dubious for the VR. It names no Type and no condition, and dubious is a judgement about value quality rather than about conformance, which is the definition of the PLAUSIBILITY category. No requirement is available to cite against it: PS3.5 permits trailing null components and their delimiters to be omitted, so a single component PN is a well formed value of the VR. Each distinct patient identifier is its own message class because the value is inside the message text, so this one rule covers 336 message classes that differ only in that value."
dciodvfy,9b2958df7fa4,Warning - Value dubious for this VR - (TAG) PN Patient's Name PN [1] = <TCGA-15-1447> - Retired Person Name form,Warning,1,PLAUSIBILITY,PS3.5 6.2,"Table 6.2-1, PN","PS3.5 6.2, Table 6.2-1, PN: ""A character string encoded using a 5 component convention."" PS3.5 6.2, on omission: ""Trailing null components and their delimiters may be omitted."" PS3.5 6.2, on the single component form: ""for reasons of backward compatibility with older versions of this Standard, person names might be considered a single family name complex (single component without ""^"" delimiters).""","dciodvfy reports the value as dubious for the VR. It names no Type and no condition, and dubious is a judgement about value quality rather than about conformance, which is the definition of the PLAUSIBILITY category. No requirement is available to cite against it: PS3.5 permits trailing null components and their delimiters to be omitted, so a single component PN is a well formed value of the VR. Each distinct patient identifier is its own message class because the value is inside the message text, so this one rule covers 336 message classes that differ only in that value."
dciodvfy,9bfa0b5d6682,Warning - Value dubious for this VR - (TAG) PN Patient's Name PN [1] = <TCGA-19-0963> - Retired Person Name form,Warning,1,PLAUSIBILITY,PS3.5 6.2,"Table 6.2-1, PN","PS3.5 6.2, Table 6.2-1, PN: ""A character string encoded using a 5 component convention."" PS3.5 6.2, on omission: ""Trailing null components and their delimiters may be omitted."" PS3.5 6.2, on the single component form: ""for reasons of backward compatibility with older versions of this Standard, person names might be considered a single family name complex (single component without ""^"" delimiters).""","dciodvfy reports the value as dubious for the VR. It names no Type and no condition, and dubious is a judgement about value quality rather than about conformance, which is the definition of the PLAUSIBILITY category. No requirement is available to cite against it: PS3.5 permits trailing null components and their delimiters to be omitted, so a single component PN is a well formed value of the VR. Each distinct patient identifier is its own message class because the value is inside the message text, so this one rule covers 336 message classes that differ only in that value."
dciodvfy,9ebcf8e1769e,Warning - Value dubious for this VR - (TAG) PN Patient's Name PN [1] = <TCGA-06-5412> - Retired Person Name form,Warning,1,PLAUSIBILITY,PS3.5 6.2,"Table 6.2-1, PN","PS3.5 6.2, Table 6.2-1, PN: ""A character string encoded using a 5 component convention."" PS3.5 6.2, on omission: ""Trailing null components and their delimiters may be omitted."" PS3.5 6.2, on the single component form: ""for reasons of backward compatibility with older versions of this Standard, person names might be considered a single family name complex (single component without ""^"" delimiters).""","dciodvfy reports the value as dubious for the VR. It names no Type and no condition, and dubious is a judgement about value quality rather than about conformance, which is the definition of the PLAUSIBILITY category. No requirement is available to cite against it: PS3.5 permits trailing null components and their delimiters to be omitted, so a single component PN is a well formed value of the VR. Each distinct patient identifier is its own message class because the value is inside the message text, so this one rule covers 336 message classes that differ only in that value."
dciodvfy,a06e1f93a906,Warning - Value dubious for this VR - (TAG) PN Patient's Name PN [1] = <TCGA-08-0353> - Retired Person Name form,Warning,1,PLAUSIBILITY,PS3.5 6.2,"Table 6.2-1, PN","PS3.5 6.2, Table 6.2-1, PN: ""A character string encoded using a 5 component convention."" PS3.5 6.2, on omission: ""Trailing null components and their delimiters may be omitted."" PS3.5 6.2, on the single component form: ""for reasons of backward compatibility with older versions of this Standard, person names might be considered a single family name complex (single component without ""^"" delimiters).""","dciodvfy reports the value as dubious for the VR. It names no Type and no condition, and dubious is a judgement about value quality rather than about conformance, which is the definition of the PLAUSIBILITY category. No requirement is available to cite against it: PS3.5 permits trailing null components and their delimiters to be omitted, so a single component PN is a well formed value of the VR. Each distinct patient identifier is its own message class because the value is inside the message text, so this one rule covers 336 message classes that differ only in that value."
dciodvfy,a131a716a0e8,Warning - Value dubious for this VR - (TAG) PN Patient's Name PN [1] = <TCGA-08-0520> - Retired Person Name form,Warning,1,PLAUSIBILITY,PS3.5 6.2,"Table 6.2-1, PN","PS3.5 6.2, Table 6.2-1, PN: ""A character string encoded using a 5 component convention."" PS3.5 6.2, on omission: ""Trailing null components and their delimiters may be omitted."" PS3.5 6.2, on the single component form: ""for reasons of backward compatibility with older versions of this Standard, person names might be considered a single family name complex (single component without ""^"" delimiters).""","dciodvfy reports the value as dubious for the VR. It names no Type and no condition, and dubious is a judgement about value quality rather than about conformance, which is the definition of the PLAUSIBILITY category. No requirement is available to cite against it: PS3.5 permits trailing null components and their delimiters to be omitted, so a single component PN is a well formed value of the VR. Each distinct patient identifier is its own message class because the value is inside the message text, so this one rule covers 336 message classes that differ only in that value."
dciodvfy,a205fa7f8798,Warning - Value dubious for this VR - (TAG) PN Patient's Name PN [1] = <TCGA-4W-AA9S> - Retired Person Name form,Warning,1,PLAUSIBILITY,PS3.5 6.2,"Table 6.2-1, PN","PS3.5 6.2, Table 6.2-1, PN: ""A character string encoded using a 5 component convention."" PS3.5 6.2, on omission: ""Trailing null components and their delimiters may be omitted."" PS3.5 6.2, on the single component form: ""for reasons of backward compatibility with older versions of this Standard, person names might be considered a single family name complex (single component without ""^"" delimiters).""","dciodvfy reports the value as dubious for the VR. It names no Type and no condition, and dubious is a judgement about value quality rather than about conformance, which is the definition of the PLAUSIBILITY category. No requirement is available to cite against it: PS3.5 permits trailing null components and their delimiters to be omitted, so a single component PN is a well formed value of the VR. Each distinct patient identifier is its own message class because the value is inside the message text, so this one rule covers 336 message classes that differ only in that value."
dciodvfy,a281a1999274,Warning - Value dubious for this VR - (TAG) PN Patient's Name PN [1] = <TCGA-19-5951> - Retired Person Name form,Warning,1,PLAUSIBILITY,PS3.5 6.2,"Table 6.2-1, PN","PS3.5 6.2, Table 6.2-1, PN: ""A character string encoded using a 5 component convention."" PS3.5 6.2, on omission: ""Trailing null components and their delimiters may be omitted."" PS3.5 6.2, on the single component form: ""for reasons of backward compatibility with older versions of this Standard, person names might be considered a single family name complex (single component without ""^"" delimiters).""","dciodvfy reports the value as dubious for the VR. It names no Type and no condition, and dubious is a judgement about value quality rather than about conformance, which is the definition of the PLAUSIBILITY category. No requirement is available to cite against it: PS3.5 permits trailing null components and their delimiters to be omitted, so a single component PN is a well formed value of the VR. Each distinct patient identifier is its own message class because the value is inside the message text, so this one rule covers 336 message classes that differ only in that value."
dciodvfy,a2cd656317b7,Warning - Value dubious for this VR - (TAG) PN Patient's Name PN [1] = <TCGA-06-5418> - Retired Person Name form,Warning,1,PLAUSIBILITY,PS3.5 6.2,"Table 6.2-1, PN","PS3.5 6.2, Table 6.2-1, PN: ""A character string encoded using a 5 component convention."" PS3.5 6.2, on omission: ""Trailing null components and their delimiters may be omitted."" PS3.5 6.2, on the single component form: ""for reasons of backward compatibility with older versions of this Standard, person names might be considered a single family name complex (single component without ""^"" delimiters).""","dciodvfy reports the value as dubious for the VR. It names no Type and no condition, and dubious is a judgement about value quality rather than about conformance, which is the definition of the PLAUSIBILITY category. No requirement is available to cite against it: PS3.5 permits trailing null components and their delimiters to be omitted, so a single component PN is a well formed value of the VR. Each distinct patient identifier is its own message class because the value is inside the message text, so this one rule covers 336 message classes that differ only in that value."
dciodvfy,a3ce716a4eca,Warning - Value dubious for this VR - (TAG) PN Patient's Name PN [1] = <TCGA-06-5856> - Retired Person Name form,Warning,1,PLAUSIBILITY,PS3.5 6.2,"Table 6.2-1, PN","PS3.5 6.2, Table 6.2-1, PN: ""A character string encoded using a 5 component convention."" PS3.5 6.2, on omission: ""Trailing null components and their delimiters may be omitted."" PS3.5 6.2, on the single component form: ""for reasons of backward compatibility with older versions of this Standard, person names might be considered a single family name complex (single component without ""^"" delimiters).""","dciodvfy reports the value as dubious for the VR. It names no Type and no condition, and dubious is a judgement about value quality rather than about conformance, which is the definition of the PLAUSIBILITY category. No requirement is available to cite against it: PS3.5 permits trailing null components and their delimiters to be omitted, so a single component PN is a well formed value of the VR. Each distinct patient identifier is its own message class because the value is inside the message text, so this one rule covers 336 message classes that differ only in that value."
dciodvfy,a7a131914f70,Warning - Value dubious for this VR - (TAG) PN Patient's Name PN [1] = <TCGA-06-5408> - Retired Person Name form,Warning,1,PLAUSIBILITY,PS3.5 6.2,"Table 6.2-1, PN","PS3.5 6.2, Table 6.2-1, PN: ""A character string encoded using a 5 component convention."" PS3.5 6.2, on omission: ""Trailing null components and their delimiters may be omitted."" PS3.5 6.2, on the single component form: ""for reasons of backward compatibility with older versions of this Standard, person names might be considered a single family name complex (single component without ""^"" delimiters).""","dciodvfy reports the value as dubious for the VR. It names no Type and no condition, and dubious is a judgement about value quality rather than about conformance, which is the definition of the PLAUSIBILITY category. No requirement is available to cite against it: PS3.5 permits trailing null components and their delimiters to be omitted, so a single component PN is a well formed value of the VR. Each distinct patient identifier is its own message class because the value is inside the message text, so this one rule covers 336 message classes that differ only in that value."
dciodvfy,a7e068672362,Warning - Value dubious for this VR - (TAG) PN Patient's Name PN [1] = <TCGA-02-0047> - Retired Person Name form,Warning,1,PLAUSIBILITY,PS3.5 6.2,"Table 6.2-1, PN","PS3.5 6.2, Table 6.2-1, PN: ""A character string encoded using a 5 component convention."" PS3.5 6.2, on omission: ""Trailing null components and their delimiters may be omitted."" PS3.5 6.2, on the single component form: ""for reasons of backward compatibility with older versions of this Standard, person names might be considered a single family name complex (single component without ""^"" delimiters).""","dciodvfy reports the value as dubious for the VR. It names no Type and no condition, and dubious is a judgement about value quality rather than about conformance, which is the definition of the PLAUSIBILITY category. No requirement is available to cite against it: PS3.5 permits trailing null components and their delimiters to be omitted, so a single component PN is a well formed value of the VR. Each distinct patient identifier is its own message class because the value is inside the message text, so this one rule covers 336 message classes that differ only in that value."
dciodvfy,a8201927dce7,Warning - Value dubious for this VR - (TAG) PN Patient's Name PN [1] = <TCGA-08-0347> - Retired Person Name form,Warning,1,PLAUSIBILITY,PS3.5 6.2,"Table 6.2-1, PN","PS3.5 6.2, Table 6.2-1, PN: ""A character string encoded using a 5 component convention."" PS3.5 6.2, on omission: ""Trailing null components and their delimiters may be omitted."" PS3.5 6.2, on the single component form: ""for reasons of backward compatibility with older versions of this Standard, person names might be considered a single family name complex (single component without ""^"" delimiters).""","dciodvfy reports the value as dubious for the VR. It names no Type and no condition, and dubious is a judgement about value quality rather than about conformance, which is the definition of the PLAUSIBILITY category. No requirement is available to cite against it: PS3.5 permits trailing null components and their delimiters to be omitted, so a single component PN is a well formed value of the VR. Each distinct patient identifier is its own message class because the value is inside the message text, so this one rule covers 336 message classes that differ only in that value."
dciodvfy,a861b36fe535,Warning - Value dubious for this VR - (TAG) PN Patient's Name PN [1] = <TCGA-41-2571> - Retired Person Name form,Warning,1,PLAUSIBILITY,PS3.5 6.2,"Table 6.2-1, PN","PS3.5 6.2, Table 6.2-1, PN: ""A character string encoded using a 5 component convention."" PS3.5 6.2, on omission: ""Trailing null components and their delimiters may be omitted."" PS3.5 6.2, on the single component form: ""for reasons of backward compatibility with older versions of this Standard, person names might be considered a single family name complex (single component without ""^"" delimiters).""","dciodvfy reports the value as dubious for the VR. It names no Type and no condition, and dubious is a judgement about value quality rather than about conformance, which is the definition of the PLAUSIBILITY category. No requirement is available to cite against it: PS3.5 permits trailing null components and their delimiters to be omitted, so a single component PN is a well formed value of the VR. Each distinct patient identifier is its own message class because the value is inside the message text, so this one rule covers 336 message classes that differ only in that value."
dciodvfy,a95938d2ad74,Warning - Value dubious for this VR - (TAG) PN Patient's Name PN [1] = <TCGA-02-0033> - Retired Person Name form,Warning,1,PLAUSIBILITY,PS3.5 6.2,"Table 6.2-1, PN","PS3.5 6.2, Table 6.2-1, PN: ""A character string encoded using a 5 component convention."" PS3.5 6.2, on omission: ""Trailing null components and their delimiters may be omitted."" PS3.5 6.2, on the single component form: ""for reasons of backward compatibility with older versions of this Standard, person names might be considered a single family name complex (single component without ""^"" delimiters).""","dciodvfy reports the value as dubious for the VR. It names no Type and no condition, and dubious is a judgement about value quality rather than about conformance, which is the definition of the PLAUSIBILITY category. No requirement is available to cite against it: PS3.5 permits trailing null components and their delimiters to be omitted, so a single component PN is a well formed value of the VR. Each distinct patient identifier is its own message class because the value is inside the message text, so this one rule covers 336 message classes that differ only in that value."
dciodvfy,ade951c3efba,Warning - Value dubious for this VR - (TAG) PN Patient's Name PN [1] = <TCGA-06-5414> - Retired Person Name form,Warning,1,PLAUSIBILITY,PS3.5 6.2,"Table 6.2-1, PN","PS3.5 6.2, Table 6.2-1, PN: ""A character string encoded using a 5 component convention."" PS3.5 6.2, on omission: ""Trailing null components and their delimiters may be omitted."" PS3.5 6.2, on the single component form: ""for reasons of backward compatibility with older versions of this Standard, person names might be considered a single family name complex (single component without ""^"" delimiters).""","dciodvfy reports the value as dubious for the VR. It names no Type and no condition, and dubious is a judgement about value quality rather than about conformance, which is the definition of the PLAUSIBILITY category. No requirement is available to cite against it: PS3.5 permits trailing null components and their delimiters to be omitted, so a single component PN is a well formed value of the VR. Each distinct patient identifier is its own message class because the value is inside the message text, so this one rule covers 336 message classes that differ only in that value."
dciodvfy,ae26423865ac,Warning - Value dubious for this VR - (TAG) PN Patient's Name PN [1] = <TCGA-12-0670> - Retired Person Name form,Warning,1,PLAUSIBILITY,PS3.5 6.2,"Table 6.2-1, PN","PS3.5 6.2, Table 6.2-1, PN: ""A character string encoded using a 5 component convention."" PS3.5 6.2, on omission: ""Trailing null components and their delimiters may be omitted."" PS3.5 6.2, on the single component form: ""for reasons of backward compatibility with older versions of this Standard, person names might be considered a single family name complex (single component without ""^"" delimiters).""","dciodvfy reports the value as dubious for the VR. It names no Type and no condition, and dubious is a judgement about value quality rather than about conformance, which is the definition of the PLAUSIBILITY category. No requirement is available to cite against it: PS3.5 permits trailing null components and their delimiters to be omitted, so a single component PN is a well formed value of the VR. Each distinct patient identifier is its own message class because the value is inside the message text, so this one rule covers 336 message classes that differ only in that value."
dciodvfy,b1401048a2a3,Warning - Value dubious for this VR - (TAG) PN Patient's Name PN [1] = <TCGA-02-0058> - Retired Person Name form,Warning,1,PLAUSIBILITY,PS3.5 6.2,"Table 6.2-1, PN","PS3.5 6.2, Table 6.2-1, PN: ""A character string encoded using a 5 component convention."" PS3.5 6.2, on omission: ""Trailing null components and their delimiters may be omitted."" PS3.5 6.2, on the single component form: ""for reasons of backward compatibility with older versions of this Standard, person names might be considered a single family name complex (single component without ""^"" delimiters).""","dciodvfy reports the value as dubious for the VR. It names no Type and no condition, and dubious is a judgement about value quality rather than about conformance, which is the definition of the PLAUSIBILITY category. No requirement is available to cite against it: PS3.5 permits trailing null components and their delimiters to be omitted, so a single component PN is a well formed value of the VR. Each distinct patient identifier is its own message class because the value is inside the message text, so this one rule covers 336 message classes that differ only in that value."
dciodvfy,b29a540e3474,Warning - Value dubious for this VR - (TAG) PN Patient's Name PN [1] = <TCGA-02-0333> - Retired Person Name form,Warning,1,PLAUSIBILITY,PS3.5 6.2,"Table 6.2-1, PN","PS3.5 6.2, Table 6.2-1, PN: ""A character string encoded using a 5 component convention."" PS3.5 6.2, on omission: ""Trailing null components and their delimiters may be omitted."" PS3.5 6.2, on the single component form: ""for reasons of backward compatibility with older versions of this Standard, person names might be considered a single family name complex (single component without ""^"" delimiters).""","dciodvfy reports the value as dubious for the VR. It names no Type and no condition, and dubious is a judgement about value quality rather than about conformance, which is the definition of the PLAUSIBILITY category. No requirement is available to cite against it: PS3.5 permits trailing null components and their delimiters to be omitted, so a single component PN is a well formed value of the VR. Each distinct patient identifier is its own message class because the value is inside the message text, so this one rule covers 336 message classes that differ only in that value."
dciodvfy,b328ad359629,Warning - Value dubious for this VR - (TAG) PN Patient's Name PN [1] = <TCGA-02-0023> - Retired Person Name form,Warning,1,PLAUSIBILITY,PS3.5 6.2,"Table 6.2-1, PN","PS3.5 6.2, Table 6.2-1, PN: ""A character string encoded using a 5 component convention."" PS3.5 6.2, on omission: ""Trailing null components and their delimiters may be omitted."" PS3.5 6.2, on the single component form: ""for reasons of backward compatibility with older versions of this Standard, person names might be considered a single family name complex (single component without ""^"" delimiters).""","dciodvfy reports the value as dubious for the VR. It names no Type and no condition, and dubious is a judgement about value quality rather than about conformance, which is the definition of the PLAUSIBILITY category. No requirement is available to cite against it: PS3.5 permits trailing null components and their delimiters to be omitted, so a single component PN is a well formed value of the VR. Each distinct patient identifier is its own message class because the value is inside the message text, so this one rule covers 336 message classes that differ only in that value."
dciodvfy,b4503dba4d9e,Warning - Value dubious for this VR - (TAG) PN Patient's Name PN [1] = <TCGA-02-0285> - Retired Person Name form,Warning,1,PLAUSIBILITY,PS3.5 6.2,"Table 6.2-1, PN","PS3.5 6.2, Table 6.2-1, PN: ""A character string encoded using a 5 component convention."" PS3.5 6.2, on omission: ""Trailing null components and their delimiters may be omitted."" PS3.5 6.2, on the single component form: ""for reasons of backward compatibility with older versions of this Standard, person names might be considered a single family name complex (single component without ""^"" delimiters).""","dciodvfy reports the value as dubious for the VR. It names no Type and no condition, and dubious is a judgement about value quality rather than about conformance, which is the definition of the PLAUSIBILITY category. No requirement is available to cite against it: PS3.5 permits trailing null components and their delimiters to be omitted, so a single component PN is a well formed value of the VR. Each distinct patient identifier is its own message class because the value is inside the message text, so this one rule covers 336 message classes that differ only in that value."
dciodvfy,b5bd8b5fe5e3,Warning - Value dubious for this VR - (TAG) PN Patient's Name PN [1] = <TCGA-08-0350> - Retired Person Name form,Warning,1,PLAUSIBILITY,PS3.5 6.2,"Table 6.2-1, PN","PS3.5 6.2, Table 6.2-1, PN: ""A character string encoded using a 5 component convention."" PS3.5 6.2, on omission: ""Trailing null components and their delimiters may be omitted."" PS3.5 6.2, on the single component form: ""for reasons of backward compatibility with older versions of this Standard, person names might be considered a single family name complex (single component without ""^"" delimiters).""","dciodvfy reports the value as dubious for the VR. It names no Type and no condition, and dubious is a judgement about value quality rather than about conformance, which is the definition of the PLAUSIBILITY category. No requirement is available to cite against it: PS3.5 permits trailing null components and their delimiters to be omitted, so a single component PN is a well formed value of the VR. Each distinct patient identifier is its own message class because the value is inside the message text, so this one rule covers 336 message classes that differ only in that value."
dciodvfy,b5fb6fbd2534,Warning - Value dubious for this VR - (TAG) PN Patient's Name PN [1] = <TCGA-02-0430> - Retired Person Name form,Warning,1,PLAUSIBILITY,PS3.5 6.2,"Table 6.2-1, PN","PS3.5 6.2, Table 6.2-1, PN: ""A character string encoded using a 5 component convention."" PS3.5 6.2, on omission: ""Trailing null components and their delimiters may be omitted."" PS3.5 6.2, on the single component form: ""for reasons of backward compatibility with older versions of this Standard, person names might be considered a single family name complex (single component without ""^"" delimiters).""","dciodvfy reports the value as dubious for the VR. It names no Type and no condition, and dubious is a judgement about value quality rather than about conformance, which is the definition of the PLAUSIBILITY category. No requirement is available to cite against it: PS3.5 permits trailing null components and their delimiters to be omitted, so a single component PN is a well formed value of the VR. Each distinct patient identifier is its own message class because the value is inside the message text, so this one rule covers 336 message classes that differ only in that value."
dciodvfy,b6c20794e5e2,Warning - Value dubious for this VR - (TAG) PN Patient's Name PN [1] = <TCGA-4W-AA9T> - Retired Person Name form,Warning,1,PLAUSIBILITY,PS3.5 6.2,"Table 6.2-1, PN","PS3.5 6.2, Table 6.2-1, PN: ""A character string encoded using a 5 component convention."" PS3.5 6.2, on omission: ""Trailing null components and their delimiters may be omitted."" PS3.5 6.2, on the single component form: ""for reasons of backward compatibility with older versions of this Standard, person names might be considered a single family name complex (single component without ""^"" delimiters).""","dciodvfy reports the value as dubious for the VR. It names no Type and no condition, and dubious is a judgement about value quality rather than about conformance, which is the definition of the PLAUSIBILITY category. No requirement is available to cite against it: PS3.5 permits trailing null components and their delimiters to be omitted, so a single component PN is a well formed value of the VR. Each distinct patient identifier is its own message class because the value is inside the message text, so this one rule covers 336 message classes that differ only in that value."
dciodvfy,b6e882acad73,Warning - Value dubious for this VR - (TAG) PN Patient's Name PN [1] = <TCGA-06-0644> - Retired Person Name form,Warning,1,PLAUSIBILITY,PS3.5 6.2,"Table 6.2-1, PN","PS3.5 6.2, Table 6.2-1, PN: ""A character string encoded using a 5 component convention."" PS3.5 6.2, on omission: ""Trailing null components and their delimiters may be omitted."" PS3.5 6.2, on the single component form: ""for reasons of backward compatibility with older versions of this Standard, person names might be considered a single family name complex (single component without ""^"" delimiters).""","dciodvfy reports the value as dubious for the VR. It names no Type and no condition, and dubious is a judgement about value quality rather than about conformance, which is the definition of the PLAUSIBILITY category. No requirement is available to cite against it: PS3.5 permits trailing null components and their delimiters to be omitted, so a single component PN is a well formed value of the VR. Each distinct patient identifier is its own message class because the value is inside the message text, so this one rule covers 336 message classes that differ only in that value."
dciodvfy,b7c8254ada48,Warning - Value dubious for this VR - (TAG) PN Patient's Name PN [1] = <TCGA-14-1396> - Retired Person Name form,Warning,1,PLAUSIBILITY,PS3.5 6.2,"Table 6.2-1, PN","PS3.5 6.2, Table 6.2-1, PN: ""A character string encoded using a 5 component convention."" PS3.5 6.2, on omission: ""Trailing null components and their delimiters may be omitted."" PS3.5 6.2, on the single component form: ""for reasons of backward compatibility with older versions of this Standard, person names might be considered a single family name complex (single component without ""^"" delimiters).""","dciodvfy reports the value as dubious for the VR. It names no Type and no condition, and dubious is a judgement about value quality rather than about conformance, which is the definition of the PLAUSIBILITY category. No requirement is available to cite against it: PS3.5 permits trailing null components and their delimiters to be omitted, so a single component PN is a well formed value of the VR. Each distinct patient identifier is its own message class because the value is inside the message text, so this one rule covers 336 message classes that differ only in that value."
dciodvfy,b9900fb81ba4,Warning - Value dubious for this VR - (TAG) PN Patient's Name PN [1] = <TCGA-RR-A6KA> - Retired Person Name form,Warning,1,PLAUSIBILITY,PS3.5 6.2,"Table 6.2-1, PN","PS3.5 6.2, Table 6.2-1, PN: ""A character string encoded using a 5 component convention."" PS3.5 6.2, on omission: ""Trailing null components and their delimiters may be omitted."" PS3.5 6.2, on the single component form: ""for reasons of backward compatibility with older versions of this Standard, person names might be considered a single family name complex (single component without ""^"" delimiters).""","dciodvfy reports the value as dubious for the VR. It names no Type and no condition, and dubious is a judgement about value quality rather than about conformance, which is the definition of the PLAUSIBILITY category. No requirement is available to cite against it: PS3.5 permits trailing null components and their delimiters to be omitted, so a single component PN is a well formed value of the VR. Each distinct patient identifier is its own message class because the value is inside the message text, so this one rule covers 336 message classes that differ only in that value."
dciodvfy,ba858552aa51,Warning - Value dubious for this VR - (TAG) PN Patient's Name PN [1] = <TCGA-81-5911> - Retired Person Name form,Warning,1,PLAUSIBILITY,PS3.5 6.2,"Table 6.2-1, PN","PS3.5 6.2, Table 6.2-1, PN: ""A character string encoded using a 5 component convention."" PS3.5 6.2, on omission: ""Trailing null components and their delimiters may be omitted."" PS3.5 6.2, on the single component form: ""for reasons of backward compatibility with older versions of this Standard, person names might be considered a single family name complex (single component without ""^"" delimiters).""","dciodvfy reports the value as dubious for the VR. It names no Type and no condition, and dubious is a judgement about value quality rather than about conformance, which is the definition of the PLAUSIBILITY category. No requirement is available to cite against it: PS3.5 permits trailing null components and their delimiters to be omitted, so a single component PN is a well formed value of the VR. Each distinct patient identifier is its own message class because the value is inside the message text, so this one rule covers 336 message classes that differ only in that value."
dciodvfy,be5c780ca737,Warning - Value dubious for this VR - (TAG) PN Patient's Name PN [1] = <TCGA-14-1794> - Retired Person Name form,Warning,1,PLAUSIBILITY,PS3.5 6.2,"Table 6.2-1, PN","PS3.5 6.2, Table 6.2-1, PN: ""A character string encoded using a 5 component convention."" PS3.5 6.2, on omission: ""Trailing null components and their delimiters may be omitted."" PS3.5 6.2, on the single component form: ""for reasons of backward compatibility with older versions of this Standard, person names might be considered a single family name complex (single component without ""^"" delimiters).""","dciodvfy reports the value as dubious for the VR. It names no Type and no condition, and dubious is a judgement about value quality rather than about conformance, which is the definition of the PLAUSIBILITY category. No requirement is available to cite against it: PS3.5 permits trailing null components and their delimiters to be omitted, so a single component PN is a well formed value of the VR. Each distinct patient identifier is its own message class because the value is inside the message text, so this one rule covers 336 message classes that differ only in that value."
dciodvfy,bea6be0ccb11,Warning - Value dubious for this VR - (TAG) PN Patient's Name PN [1] = <TCGA-19-1386> - Retired Person Name form,Warning,1,PLAUSIBILITY,PS3.5 6.2,"Table 6.2-1, PN","PS3.5 6.2, Table 6.2-1, PN: ""A character string encoded using a 5 component convention."" PS3.5 6.2, on omission: ""Trailing null components and their delimiters may be omitted."" PS3.5 6.2, on the single component form: ""for reasons of backward compatibility with older versions of this Standard, person names might be considered a single family name complex (single component without ""^"" delimiters).""","dciodvfy reports the value as dubious for the VR. It names no Type and no condition, and dubious is a judgement about value quality rather than about conformance, which is the definition of the PLAUSIBILITY category. No requirement is available to cite against it: PS3.5 permits trailing null components and their delimiters to be omitted, so a single component PN is a well formed value of the VR. Each distinct patient identifier is its own message class because the value is inside the message text, so this one rule covers 336 message classes that differ only in that value."
dciodvfy,bf238d0d60da,Warning - Value dubious for this VR - (TAG) PN Patient's Name PN [1] = <TCGA-27-2527> - Retired Person Name form,Warning,1,PLAUSIBILITY,PS3.5 6.2,"Table 6.2-1, PN","PS3.5 6.2, Table 6.2-1, PN: ""A character string encoded using a 5 component convention."" PS3.5 6.2, on omission: ""Trailing null components and their delimiters may be omitted."" PS3.5 6.2, on the single component form: ""for reasons of backward compatibility with older versions of this Standard, person names might be considered a single family name complex (single component without ""^"" delimiters).""","dciodvfy reports the value as dubious for the VR. It names no Type and no condition, and dubious is a judgement about value quality rather than about conformance, which is the definition of the PLAUSIBILITY category. No requirement is available to cite against it: PS3.5 permits trailing null components and their delimiters to be omitted, so a single component PN is a well formed value of the VR. Each distinct patient identifier is its own message class because the value is inside the message text, so this one rule covers 336 message classes that differ only in that value."
dciodvfy,bfede71528fe,Warning - Value dubious for this VR - (TAG) PN Patient's Name PN [1] = <TCGA-06-6388> - Retired Person Name form,Warning,1,PLAUSIBILITY,PS3.5 6.2,"Table 6.2-1, PN","PS3.5 6.2, Table 6.2-1, PN: ""A character string encoded using a 5 component convention."" PS3.5 6.2, on omission: ""Trailing null components and their delimiters may be omitted."" PS3.5 6.2, on the single component form: ""for reasons of backward compatibility with older versions of this Standard, person names might be considered a single family name complex (single component without ""^"" delimiters).""","dciodvfy reports the value as dubious for the VR. It names no Type and no condition, and dubious is a judgement about value quality rather than about conformance, which is the definition of the PLAUSIBILITY category. No requirement is available to cite against it: PS3.5 permits trailing null components and their delimiters to be omitted, so a single component PN is a well formed value of the VR. Each distinct patient identifier is its own message class because the value is inside the message text, so this one rule covers 336 message classes that differ only in that value."
dciodvfy,c1db4b6433be,Warning - Value dubious for this VR - (TAG) PN Patient's Name PN [1] = <TCGA-08-0244> - Retired Person Name form,Warning,1,PLAUSIBILITY,PS3.5 6.2,"Table 6.2-1, PN","PS3.5 6.2, Table 6.2-1, PN: ""A character string encoded using a 5 component convention."" PS3.5 6.2, on omission: ""Trailing null components and their delimiters may be omitted."" PS3.5 6.2, on the single component form: ""for reasons of backward compatibility with older versions of this Standard, person names might be considered a single family name complex (single component without ""^"" delimiters).""","dciodvfy reports the value as dubious for the VR. It names no Type and no condition, and dubious is a judgement about value quality rather than about conformance, which is the definition of the PLAUSIBILITY category. No requirement is available to cite against it: PS3.5 permits trailing null components and their delimiters to be omitted, so a single component PN is a well formed value of the VR. Each distinct patient identifier is its own message class because the value is inside the message text, so this one rule covers 336 message classes that differ only in that value."
dciodvfy,c442a6b5a0e5,Warning - Value dubious for this VR - (TAG) PN Patient's Name PN [1] = <TCGA-06-0745> - Retired Person Name form,Warning,1,PLAUSIBILITY,PS3.5 6.2,"Table 6.2-1, PN","PS3.5 6.2, Table 6.2-1, PN: ""A character string encoded using a 5 component convention."" PS3.5 6.2, on omission: ""Trailing null components and their delimiters may be omitted."" PS3.5 6.2, on the single component form: ""for reasons of backward compatibility with older versions of this Standard, person names might be considered a single family name complex (single component without ""^"" delimiters).""","dciodvfy reports the value as dubious for the VR. It names no Type and no condition, and dubious is a judgement about value quality rather than about conformance, which is the definition of the PLAUSIBILITY category. No requirement is available to cite against it: PS3.5 permits trailing null components and their delimiters to be omitted, so a single component PN is a well formed value of the VR. Each distinct patient identifier is its own message class because the value is inside the message text, so this one rule covers 336 message classes that differ only in that value."
dciodvfy,c48c484b1294,Warning - Value dubious for this VR - (TAG) PN Patient's Name PN [1] = <TCGA-08-0345> - Retired Person Name form,Warning,1,PLAUSIBILITY,PS3.5 6.2,"Table 6.2-1, PN","PS3.5 6.2, Table 6.2-1, PN: ""A character string encoded using a 5 component convention."" PS3.5 6.2, on omission: ""Trailing null components and their delimiters may be omitted."" PS3.5 6.2, on the single component form: ""for reasons of backward compatibility with older versions of this Standard, person names might be considered a single family name complex (single component without ""^"" delimiters).""","dciodvfy reports the value as dubious for the VR. It names no Type and no condition, and dubious is a judgement about value quality rather than about conformance, which is the definition of the PLAUSIBILITY category. No requirement is available to cite against it: PS3.5 permits trailing null components and their delimiters to be omitted, so a single component PN is a well formed value of the VR. Each distinct patient identifier is its own message class because the value is inside the message text, so this one rule covers 336 message classes that differ only in that value."
dciodvfy,c4e0a0bdf151,Warning - Value dubious for this VR - (TAG) PN Patient's Name PN [1] = <TCGA-06-0219> - Retired Person Name form,Warning,1,PLAUSIBILITY,PS3.5 6.2,"Table 6.2-1, PN","PS3.5 6.2, Table 6.2-1, PN: ""A character string encoded using a 5 component convention."" PS3.5 6.2, on omission: ""Trailing null components and their delimiters may be omitted."" PS3.5 6.2, on the single component form: ""for reasons of backward compatibility with older versions of this Standard, person names might be considered a single family name complex (single component without ""^"" delimiters).""","dciodvfy reports the value as dubious for the VR. It names no Type and no condition, and dubious is a judgement about value quality rather than about conformance, which is the definition of the PLAUSIBILITY category. No requirement is available to cite against it: PS3.5 permits trailing null components and their delimiters to be omitted, so a single component PN is a well formed value of the VR. Each distinct patient identifier is its own message class because the value is inside the message text, so this one rule covers 336 message classes that differ only in that value."
dciodvfy,c5d95bbe2998,Warning - Value dubious for this VR - (TAG) PN Patient's Name PN [1] = <TCGA-08-0360> - Retired Person Name form,Warning,1,PLAUSIBILITY,PS3.5 6.2,"Table 6.2-1, PN","PS3.5 6.2, Table 6.2-1, PN: ""A character string encoded using a 5 component convention."" PS3.5 6.2, on omission: ""Trailing null components and their delimiters may be omitted."" PS3.5 6.2, on the single component form: ""for reasons of backward compatibility with older versions of this Standard, person names might be considered a single family name complex (single component without ""^"" delimiters).""","dciodvfy reports the value as dubious for the VR. It names no Type and no condition, and dubious is a judgement about value quality rather than about conformance, which is the definition of the PLAUSIBILITY category. No requirement is available to cite against it: PS3.5 permits trailing null components and their delimiters to be omitted, so a single component PN is a well formed value of the VR. Each distinct patient identifier is its own message class because the value is inside the message text, so this one rule covers 336 message classes that differ only in that value."
dciodvfy,c5f3f337418e,Warning - Value dubious for this VR - (TAG) PN Patient's Name PN [1] = <TCGA-19-5952> - Retired Person Name form,Warning,1,PLAUSIBILITY,PS3.5 6.2,"Table 6.2-1, PN","PS3.5 6.2, Table 6.2-1, PN: ""A character string encoded using a 5 component convention."" PS3.5 6.2, on omission: ""Trailing null components and their delimiters may be omitted."" PS3.5 6.2, on the single component form: ""for reasons of backward compatibility with older versions of this Standard, person names might be considered a single family name complex (single component without ""^"" delimiters).""","dciodvfy reports the value as dubious for the VR. It names no Type and no condition, and dubious is a judgement about value quality rather than about conformance, which is the definition of the PLAUSIBILITY category. No requirement is available to cite against it: PS3.5 permits trailing null components and their delimiters to be omitted, so a single component PN is a well formed value of the VR. Each distinct patient identifier is its own message class because the value is inside the message text, so this one rule covers 336 message classes that differ only in that value."
dciodvfy,c7d455dee19e,Warning - Value dubious for this VR - (TAG) PN Patient's Name PN [1] = <TCGA-02-0068> - Retired Person Name form,Warning,1,PLAUSIBILITY,PS3.5 6.2,"Table 6.2-1, PN","PS3.5 6.2, Table 6.2-1, PN: ""A character string encoded using a 5 component convention."" PS3.5 6.2, on omission: ""Trailing null components and their delimiters may be omitted."" PS3.5 6.2, on the single component form: ""for reasons of backward compatibility with older versions of this Standard, person names might be considered a single family name complex (single component without ""^"" delimiters).""","dciodvfy reports the value as dubious for the VR. It names no Type and no condition, and dubious is a judgement about value quality rather than about conformance, which is the definition of the PLAUSIBILITY category. No requirement is available to cite against it: PS3.5 permits trailing null components and their delimiters to be omitted, so a single component PN is a well formed value of the VR. Each distinct patient identifier is its own message class because the value is inside the message text, so this one rule covers 336 message classes that differ only in that value."
dciodvfy,c80a28646f5b,Warning - Value dubious for this VR - (TAG) PN Patient's Name PN [1] = <TCGA-02-0007> - Retired Person Name form,Warning,1,PLAUSIBILITY,PS3.5 6.2,"Table 6.2-1, PN","PS3.5 6.2, Table 6.2-1, PN: ""A character string encoded using a 5 component convention."" PS3.5 6.2, on omission: ""Trailing null components and their delimiters may be omitted."" PS3.5 6.2, on the single component form: ""for reasons of backward compatibility with older versions of this Standard, person names might be considered a single family name complex (single component without ""^"" delimiters).""","dciodvfy reports the value as dubious for the VR. It names no Type and no condition, and dubious is a judgement about value quality rather than about conformance, which is the definition of the PLAUSIBILITY category. No requirement is available to cite against it: PS3.5 permits trailing null components and their delimiters to be omitted, so a single component PN is a well formed value of the VR. Each distinct patient identifier is its own message class because the value is inside the message text, so this one rule covers 336 message classes that differ only in that value."
dciodvfy,c8b36dedcd74,Warning - Value dubious for this VR - (TAG) PN Patient's Name PN [1] = <TCGA-02-0054> - Retired Person Name form,Warning,1,PLAUSIBILITY,PS3.5 6.2,"Table 6.2-1, PN","PS3.5 6.2, Table 6.2-1, PN: ""A character string encoded using a 5 component convention."" PS3.5 6.2, on omission: ""Trailing null components and their delimiters may be omitted."" PS3.5 6.2, on the single component form: ""for reasons of backward compatibility with older versions of this Standard, person names might be considered a single family name complex (single component without ""^"" delimiters).""","dciodvfy reports the value as dubious for the VR. It names no Type and no condition, and dubious is a judgement about value quality rather than about conformance, which is the definition of the PLAUSIBILITY category. No requirement is available to cite against it: PS3.5 permits trailing null components and their delimiters to be omitted, so a single component PN is a well formed value of the VR. Each distinct patient identifier is its own message class because the value is inside the message text, so this one rule covers 336 message classes that differ only in that value."
dciodvfy,cbca819d04d1,Warning - Value dubious for this VR - (TAG) PN Patient's Name PN [1] = <TCGA-06-6389> - Retired Person Name form,Warning,1,PLAUSIBILITY,PS3.5 6.2,"Table 6.2-1, PN","PS3.5 6.2, Table 6.2-1, PN: ""A character string encoded using a 5 component convention."" PS3.5 6.2, on omission: ""Trailing null components and their delimiters may be omitted."" PS3.5 6.2, on the single component form: ""for reasons of backward compatibility with older versions of this Standard, person names might be considered a single family name complex (single component without ""^"" delimiters).""","dciodvfy reports the value as dubious for the VR. It names no Type and no condition, and dubious is a judgement about value quality rather than about conformance, which is the definition of the PLAUSIBILITY category. No requirement is available to cite against it: PS3.5 permits trailing null components and their delimiters to be omitted, so a single component PN is a well formed value of the VR. Each distinct patient identifier is its own message class because the value is inside the message text, so this one rule covers 336 message classes that differ only in that value."
dciodvfy,cc6ecc92be9f,Warning - Value dubious for this VR - (TAG) PN Patient's Name PN [1] = <TCGA-06-0743> - Retired Person Name form,Warning,1,PLAUSIBILITY,PS3.5 6.2,"Table 6.2-1, PN","PS3.5 6.2, Table 6.2-1, PN: ""A character string encoded using a 5 component convention."" PS3.5 6.2, on omission: ""Trailing null components and their delimiters may be omitted."" PS3.5 6.2, on the single component form: ""for reasons of backward compatibility with older versions of this Standard, person names might be considered a single family name complex (single component without ""^"" delimiters).""","dciodvfy reports the value as dubious for the VR. It names no Type and no condition, and dubious is a judgement about value quality rather than about conformance, which is the definition of the PLAUSIBILITY category. No requirement is available to cite against it: PS3.5 permits trailing null components and their delimiters to be omitted, so a single component PN is a well formed value of the VR. Each distinct patient identifier is its own message class because the value is inside the message text, so this one rule covers 336 message classes that differ only in that value."
dciodvfy,ccce84e81c7a,Warning - Value dubious for this VR - (TAG) PN Patient's Name PN [1] = <TCGA-26-1443> - Retired Person Name form,Warning,1,PLAUSIBILITY,PS3.5 6.2,"Table 6.2-1, PN","PS3.5 6.2, Table 6.2-1, PN: ""A character string encoded using a 5 component convention."" PS3.5 6.2, on omission: ""Trailing null components and their delimiters may be omitted."" PS3.5 6.2, on the single component form: ""for reasons of backward compatibility with older versions of this Standard, person names might be considered a single family name complex (single component without ""^"" delimiters).""","dciodvfy reports the value as dubious for the VR. It names no Type and no condition, and dubious is a judgement about value quality rather than about conformance, which is the definition of the PLAUSIBILITY category. No requirement is available to cite against it: PS3.5 permits trailing null components and their delimiters to be omitted, so a single component PN is a well formed value of the VR. Each distinct patient identifier is its own message class because the value is inside the message text, so this one rule covers 336 message classes that differ only in that value."
dciodvfy,cd127505364c,Warning - Value dubious for this VR - (TAG) PN Patient's Name PN [1] = <TCGA-81-5910> - Retired Person Name form,Warning,1,PLAUSIBILITY,PS3.5 6.2,"Table 6.2-1, PN","PS3.5 6.2, Table 6.2-1, PN: ""A character string encoded using a 5 component convention."" PS3.5 6.2, on omission: ""Trailing null components and their delimiters may be omitted."" PS3.5 6.2, on the single component form: ""for reasons of backward compatibility with older versions of this Standard, person names might be considered a single family name complex (single component without ""^"" delimiters).""","dciodvfy reports the value as dubious for the VR. It names no Type and no condition, and dubious is a judgement about value quality rather than about conformance, which is the definition of the PLAUSIBILITY category. No requirement is available to cite against it: PS3.5 permits trailing null components and their delimiters to be omitted, so a single component PN is a well formed value of the VR. Each distinct patient identifier is its own message class because the value is inside the message text, so this one rule covers 336 message classes that differ only in that value."
dciodvfy,cf1cddbb43c1,Warning - Value dubious for this VR - (TAG) PN Patient's Name PN [1] = <TCGA-12-0820> - Retired Person Name form,Warning,1,PLAUSIBILITY,PS3.5 6.2,"Table 6.2-1, PN","PS3.5 6.2, Table 6.2-1, PN: ""A character string encoded using a 5 component convention."" PS3.5 6.2, on omission: ""Trailing null components and their delimiters may be omitted."" PS3.5 6.2, on the single component form: ""for reasons of backward compatibility with older versions of this Standard, person names might be considered a single family name complex (single component without ""^"" delimiters).""","dciodvfy reports the value as dubious for the VR. It names no Type and no condition, and dubious is a judgement about value quality rather than about conformance, which is the definition of the PLAUSIBILITY category. No requirement is available to cite against it: PS3.5 permits trailing null components and their delimiters to be omitted, so a single component PN is a well formed value of the VR. Each distinct patient identifier is its own message class because the value is inside the message text, so this one rule covers 336 message classes that differ only in that value."
dciodvfy,cf55a87f43ca,Warning - Value dubious for this VR - (TAG) PN Patient's Name PN [1] = <TCGA-19-5956> - Retired Person Name form,Warning,1,PLAUSIBILITY,PS3.5 6.2,"Table 6.2-1, PN","PS3.5 6.2, Table 6.2-1, PN: ""A character string encoded using a 5 component convention."" PS3.5 6.2, on omission: ""Trailing null components and their delimiters may be omitted."" PS3.5 6.2, on the single component form: ""for reasons of backward compatibility with older versions of this Standard, person names might be considered a single family name complex (single component without ""^"" delimiters).""","dciodvfy reports the value as dubious for the VR. It names no Type and no condition, and dubious is a judgement about value quality rather than about conformance, which is the definition of the PLAUSIBILITY category. No requirement is available to cite against it: PS3.5 permits trailing null components and their delimiters to be omitted, so a single component PN is a well formed value of the VR. Each distinct patient identifier is its own message class because the value is inside the message text, so this one rule covers 336 message classes that differ only in that value."
dciodvfy,d0213a355871,Warning - Value dubious for this VR - (TAG) PN Patient's Name PN [1] = <TCGA-06-1084> - Retired Person Name form,Warning,1,PLAUSIBILITY,PS3.5 6.2,"Table 6.2-1, PN","PS3.5 6.2, Table 6.2-1, PN: ""A character string encoded using a 5 component convention."" PS3.5 6.2, on omission: ""Trailing null components and their delimiters may be omitted."" PS3.5 6.2, on the single component form: ""for reasons of backward compatibility with older versions of this Standard, person names might be considered a single family name complex (single component without ""^"" delimiters).""","dciodvfy reports the value as dubious for the VR. It names no Type and no condition, and dubious is a judgement about value quality rather than about conformance, which is the definition of the PLAUSIBILITY category. No requirement is available to cite against it: PS3.5 permits trailing null components and their delimiters to be omitted, so a single component PN is a well formed value of the VR. Each distinct patient identifier is its own message class because the value is inside the message text, so this one rule covers 336 message classes that differ only in that value."
dciodvfy,d104d6005d58,Warning - Value dubious for this VR - (TAG) PN Patient's Name PN [1] = <TCGA-19-0955> - Retired Person Name form,Warning,1,PLAUSIBILITY,PS3.5 6.2,"Table 6.2-1, PN","PS3.5 6.2, Table 6.2-1, PN: ""A character string encoded using a 5 component convention."" PS3.5 6.2, on omission: ""Trailing null components and their delimiters may be omitted."" PS3.5 6.2, on the single component form: ""for reasons of backward compatibility with older versions of this Standard, person names might be considered a single family name complex (single component without ""^"" delimiters).""","dciodvfy reports the value as dubious for the VR. It names no Type and no condition, and dubious is a judgement about value quality rather than about conformance, which is the definition of the PLAUSIBILITY category. No requirement is available to cite against it: PS3.5 permits trailing null components and their delimiters to be omitted, so a single component PN is a well formed value of the VR. Each distinct patient identifier is its own message class because the value is inside the message text, so this one rule covers 336 message classes that differ only in that value."
dciodvfy,d107c26f836d,Warning - Value dubious for this VR - (TAG) PN Patient's Name PN [1] = <TCGA-08-0390> - Retired Person Name form,Warning,1,PLAUSIBILITY,PS3.5 6.2,"Table 6.2-1, PN","PS3.5 6.2, Table 6.2-1, PN: ""A character string encoded using a 5 component convention."" PS3.5 6.2, on omission: ""Trailing null components and their delimiters may be omitted."" PS3.5 6.2, on the single component form: ""for reasons of backward compatibility with older versions of this Standard, person names might be considered a single family name complex (single component without ""^"" delimiters).""","dciodvfy reports the value as dubious for the VR. It names no Type and no condition, and dubious is a judgement about value quality rather than about conformance, which is the definition of the PLAUSIBILITY category. No requirement is available to cite against it: PS3.5 permits trailing null components and their delimiters to be omitted, so a single component PN is a well formed value of the VR. Each distinct patient identifier is its own message class because the value is inside the message text, so this one rule covers 336 message classes that differ only in that value."
dciodvfy,d224e93b7009,Warning - Value dubious for this VR - (TAG) PN Patient's Name PN [1] = <TCGA-26-1440> - Retired Person Name form,Warning,1,PLAUSIBILITY,PS3.5 6.2,"Table 6.2-1, PN","PS3.5 6.2, Table 6.2-1, PN: ""A character string encoded using a 5 component convention."" PS3.5 6.2, on omission: ""Trailing null components and their delimiters may be omitted."" PS3.5 6.2, on the single component form: ""for reasons of backward compatibility with older versions of this Standard, person names might be considered a single family name complex (single component without ""^"" delimiters).""","dciodvfy reports the value as dubious for the VR. It names no Type and no condition, and dubious is a judgement about value quality rather than about conformance, which is the definition of the PLAUSIBILITY category. No requirement is available to cite against it: PS3.5 permits trailing null components and their delimiters to be omitted, so a single component PN is a well formed value of the VR. Each distinct patient identifier is its own message class because the value is inside the message text, so this one rule covers 336 message classes that differ only in that value."
dciodvfy,d278471fd111,Warning - Value dubious for this VR - (TAG) PN Patient's Name PN [1] = <TCGA-06-0192> - Retired Person Name form,Warning,1,PLAUSIBILITY,PS3.5 6.2,"Table 6.2-1, PN","PS3.5 6.2, Table 6.2-1, PN: ""A character string encoded using a 5 component convention."" PS3.5 6.2, on omission: ""Trailing null components and their delimiters may be omitted."" PS3.5 6.2, on the single component form: ""for reasons of backward compatibility with older versions of this Standard, person names might be considered a single family name complex (single component without ""^"" delimiters).""","dciodvfy reports the value as dubious for the VR. It names no Type and no condition, and dubious is a judgement about value quality rather than about conformance, which is the definition of the PLAUSIBILITY category. No requirement is available to cite against it: PS3.5 permits trailing null components and their delimiters to be omitted, so a single component PN is a well formed value of the VR. Each distinct patient identifier is its own message class because the value is inside the message text, so this one rule covers 336 message classes that differ only in that value."
dciodvfy,d2ae5c7b90f1,Warning - Value dubious for this VR - (TAG) PN Patient's Name PN [1] = <TCGA-06-5410> - Retired Person Name form,Warning,1,PLAUSIBILITY,PS3.5 6.2,"Table 6.2-1, PN","PS3.5 6.2, Table 6.2-1, PN: ""A character string encoded using a 5 component convention."" PS3.5 6.2, on omission: ""Trailing null components and their delimiters may be omitted."" PS3.5 6.2, on the single component form: ""for reasons of backward compatibility with older versions of this Standard, person names might be considered a single family name complex (single component without ""^"" delimiters).""","dciodvfy reports the value as dubious for the VR. It names no Type and no condition, and dubious is a judgement about value quality rather than about conformance, which is the definition of the PLAUSIBILITY category. No requirement is available to cite against it: PS3.5 permits trailing null components and their delimiters to be omitted, so a single component PN is a well formed value of the VR. Each distinct patient identifier is its own message class because the value is inside the message text, so this one rule covers 336 message classes that differ only in that value."
dciodvfy,d2c44e177cb3,Warning - Value dubious for this VR - (TAG) PN Patient's Name PN [1] = <TCGA-02-0027> - Retired Person Name form,Warning,1,PLAUSIBILITY,PS3.5 6.2,"Table 6.2-1, PN","PS3.5 6.2, Table 6.2-1, PN: ""A character string encoded using a 5 component convention."" PS3.5 6.2, on omission: ""Trailing null components and their delimiters may be omitted."" PS3.5 6.2, on the single component form: ""for reasons of backward compatibility with older versions of this Standard, person names might be considered a single family name complex (single component without ""^"" delimiters).""","dciodvfy reports the value as dubious for the VR. It names no Type and no condition, and dubious is a judgement about value quality rather than about conformance, which is the definition of the PLAUSIBILITY category. No requirement is available to cite against it: PS3.5 permits trailing null components and their delimiters to be omitted, so a single component PN is a well formed value of the VR. Each distinct patient identifier is its own message class because the value is inside the message text, so this one rule covers 336 message classes that differ only in that value."
dciodvfy,d58bea98ca1a,Warning - Value dubious for this VR - (TAG) PN Patient's Name PN [1] = <TCGA-02-0086> - Retired Person Name form,Warning,1,PLAUSIBILITY,PS3.5 6.2,"Table 6.2-1, PN","PS3.5 6.2, Table 6.2-1, PN: ""A character string encoded using a 5 component convention."" PS3.5 6.2, on omission: ""Trailing null components and their delimiters may be omitted."" PS3.5 6.2, on the single component form: ""for reasons of backward compatibility with older versions of this Standard, person names might be considered a single family name complex (single component without ""^"" delimiters).""","dciodvfy reports the value as dubious for the VR. It names no Type and no condition, and dubious is a judgement about value quality rather than about conformance, which is the definition of the PLAUSIBILITY category. No requirement is available to cite against it: PS3.5 permits trailing null components and their delimiters to be omitted, so a single component PN is a well formed value of the VR. Each distinct patient identifier is its own message class because the value is inside the message text, so this one rule covers 336 message classes that differ only in that value."
dciodvfy,d65d3c91cc10,Warning - Value dubious for this VR - (TAG) PN Patient's Name PN [1] = <TCGA-06-5413> - Retired Person Name form,Warning,1,PLAUSIBILITY,PS3.5 6.2,"Table 6.2-1, PN","PS3.5 6.2, Table 6.2-1, PN: ""A character string encoded using a 5 component convention."" PS3.5 6.2, on omission: ""Trailing null components and their delimiters may be omitted."" PS3.5 6.2, on the single component form: ""for reasons of backward compatibility with older versions of this Standard, person names might be considered a single family name complex (single component without ""^"" delimiters).""","dciodvfy reports the value as dubious for the VR. It names no Type and no condition, and dubious is a judgement about value quality rather than about conformance, which is the definition of the PLAUSIBILITY category. No requirement is available to cite against it: PS3.5 permits trailing null components and their delimiters to be omitted, so a single component PN is a well formed value of the VR. Each distinct patient identifier is its own message class because the value is inside the message text, so this one rule covers 336 message classes that differ only in that value."
dciodvfy,d941ad5b5c58,Warning - Value dubious for this VR - (TAG) PN Patient's Name PN [1] = <TCGA-12-0819> - Retired Person Name form,Warning,1,PLAUSIBILITY,PS3.5 6.2,"Table 6.2-1, PN","PS3.5 6.2, Table 6.2-1, PN: ""A character string encoded using a 5 component convention."" PS3.5 6.2, on omission: ""Trailing null components and their delimiters may be omitted."" PS3.5 6.2, on the single component form: ""for reasons of backward compatibility with older versions of this Standard, person names might be considered a single family name complex (single component without ""^"" delimiters).""","dciodvfy reports the value as dubious for the VR. It names no Type and no condition, and dubious is a judgement about value quality rather than about conformance, which is the definition of the PLAUSIBILITY category. No requirement is available to cite against it: PS3.5 permits trailing null components and their delimiters to be omitted, so a single component PN is a well formed value of the VR. Each distinct patient identifier is its own message class because the value is inside the message text, so this one rule covers 336 message classes that differ only in that value."
dciodvfy,da1a4dde1859,Warning - Value dubious for this VR - (TAG) PN Patient's Name PN [1] = <TCGA-06-0744> - Retired Person Name form,Warning,1,PLAUSIBILITY,PS3.5 6.2,"Table 6.2-1, PN","PS3.5 6.2, Table 6.2-1, PN: ""A character string encoded using a 5 component convention."" PS3.5 6.2, on omission: ""Trailing null components and their delimiters may be omitted."" PS3.5 6.2, on the single component form: ""for reasons of backward compatibility with older versions of this Standard, person names might be considered a single family name complex (single component without ""^"" delimiters).""","dciodvfy reports the value as dubious for the VR. It names no Type and no condition, and dubious is a judgement about value quality rather than about conformance, which is the definition of the PLAUSIBILITY category. No requirement is available to cite against it: PS3.5 permits trailing null components and their delimiters to be omitted, so a single component PN is a well formed value of the VR. Each distinct patient identifier is its own message class because the value is inside the message text, so this one rule covers 336 message classes that differ only in that value."
dciodvfy,db19d7b4514d,Warning - Value dubious for this VR - (TAG) PN Patient's Name PN [1] = <TCGA-41-2575> - Retired Person Name form,Warning,1,PLAUSIBILITY,PS3.5 6.2,"Table 6.2-1, PN","PS3.5 6.2, Table 6.2-1, PN: ""A character string encoded using a 5 component convention."" PS3.5 6.2, on omission: ""Trailing null components and their delimiters may be omitted."" PS3.5 6.2, on the single component form: ""for reasons of backward compatibility with older versions of this Standard, person names might be considered a single family name complex (single component without ""^"" delimiters).""","dciodvfy reports the value as dubious for the VR. It names no Type and no condition, and dubious is a judgement about value quality rather than about conformance, which is the definition of the PLAUSIBILITY category. No requirement is available to cite against it: PS3.5 permits trailing null components and their delimiters to be omitted, so a single component PN is a well formed value of the VR. Each distinct patient identifier is its own message class because the value is inside the message text, so this one rule covers 336 message classes that differ only in that value."
dciodvfy,dc1e81bf3023,Warning - Value dubious for this VR - (TAG) PN Patient's Name PN [1] = <TCGA-28-1750> - Retired Person Name form,Warning,1,PLAUSIBILITY,PS3.5 6.2,"Table 6.2-1, PN","PS3.5 6.2, Table 6.2-1, PN: ""A character string encoded using a 5 component convention."" PS3.5 6.2, on omission: ""Trailing null components and their delimiters may be omitted."" PS3.5 6.2, on the single component form: ""for reasons of backward compatibility with older versions of this Standard, person names might be considered a single family name complex (single component without ""^"" delimiters).""","dciodvfy reports the value as dubious for the VR. It names no Type and no condition, and dubious is a judgement about value quality rather than about conformance, which is the definition of the PLAUSIBILITY category. No requirement is available to cite against it: PS3.5 permits trailing null components and their delimiters to be omitted, so a single component PN is a well formed value of the VR. Each distinct patient identifier is its own message class because the value is inside the message text, so this one rule covers 336 message classes that differ only in that value."
dciodvfy,de35334da786,Warning - Value dubious for this VR - (TAG) PN Patient's Name PN [1] = <TCGA-06-0129> - Retired Person Name form,Warning,1,PLAUSIBILITY,PS3.5 6.2,"Table 6.2-1, PN","PS3.5 6.2, Table 6.2-1, PN: ""A character string encoded using a 5 component convention."" PS3.5 6.2, on omission: ""Trailing null components and their delimiters may be omitted."" PS3.5 6.2, on the single component form: ""for reasons of backward compatibility with older versions of this Standard, person names might be considered a single family name complex (single component without ""^"" delimiters).""","dciodvfy reports the value as dubious for the VR. It names no Type and no condition, and dubious is a judgement about value quality rather than about conformance, which is the definition of the PLAUSIBILITY category. No requirement is available to cite against it: PS3.5 permits trailing null components and their delimiters to be omitted, so a single component PN is a well formed value of the VR. Each distinct patient identifier is its own message class because the value is inside the message text, so this one rule covers 336 message classes that differ only in that value."
dciodvfy,e18b3ba4cdf6,Warning - Value dubious for this VR - (TAG) PN Patient's Name PN [1] = <TCGA-06-0201> - Retired Person Name form,Warning,1,PLAUSIBILITY,PS3.5 6.2,"Table 6.2-1, PN","PS3.5 6.2, Table 6.2-1, PN: ""A character string encoded using a 5 component convention."" PS3.5 6.2, on omission: ""Trailing null components and their delimiters may be omitted."" PS3.5 6.2, on the single component form: ""for reasons of backward compatibility with older versions of this Standard, person names might be considered a single family name complex (single component without ""^"" delimiters).""","dciodvfy reports the value as dubious for the VR. It names no Type and no condition, and dubious is a judgement about value quality rather than about conformance, which is the definition of the PLAUSIBILITY category. No requirement is available to cite against it: PS3.5 permits trailing null components and their delimiters to be omitted, so a single component PN is a well formed value of the VR. Each distinct patient identifier is its own message class because the value is inside the message text, so this one rule covers 336 message classes that differ only in that value."
dciodvfy,e22ff9c89444,Warning - Value dubious for this VR - (TAG) PN Patient's Name PN [1] = <TCGA-02-0024> - Retired Person Name form,Warning,1,PLAUSIBILITY,PS3.5 6.2,"Table 6.2-1, PN","PS3.5 6.2, Table 6.2-1, PN: ""A character string encoded using a 5 component convention."" PS3.5 6.2, on omission: ""Trailing null components and their delimiters may be omitted."" PS3.5 6.2, on the single component form: ""for reasons of backward compatibility with older versions of this Standard, person names might be considered a single family name complex (single component without ""^"" delimiters).""","dciodvfy reports the value as dubious for the VR. It names no Type and no condition, and dubious is a judgement about value quality rather than about conformance, which is the definition of the PLAUSIBILITY category. No requirement is available to cite against it: PS3.5 permits trailing null components and their delimiters to be omitted, so a single component PN is a well formed value of the VR. Each distinct patient identifier is its own message class because the value is inside the message text, so this one rule covers 336 message classes that differ only in that value."
dciodvfy,e5348aa6fb84,Warning - Value dubious for this VR - (TAG) PN Patient's Name PN [1] = <TCGA-19-0957> - Retired Person Name form,Warning,1,PLAUSIBILITY,PS3.5 6.2,"Table 6.2-1, PN","PS3.5 6.2, Table 6.2-1, PN: ""A character string encoded using a 5 component convention."" PS3.5 6.2, on omission: ""Trailing null components and their delimiters may be omitted."" PS3.5 6.2, on the single component form: ""for reasons of backward compatibility with older versions of this Standard, person names might be considered a single family name complex (single component without ""^"" delimiters).""","dciodvfy reports the value as dubious for the VR. It names no Type and no condition, and dubious is a judgement about value quality rather than about conformance, which is the definition of the PLAUSIBILITY category. No requirement is available to cite against it: PS3.5 permits trailing null components and their delimiters to be omitted, so a single component PN is a well formed value of the VR. Each distinct patient identifier is its own message class because the value is inside the message text, so this one rule covers 336 message classes that differ only in that value."
dciodvfy,e6f70736b14f,Warning - Value dubious for this VR - (TAG) PN Patient's Name PN [1] = <TCGA-02-0115> - Retired Person Name form,Warning,1,PLAUSIBILITY,PS3.5 6.2,"Table 6.2-1, PN","PS3.5 6.2, Table 6.2-1, PN: ""A character string encoded using a 5 component convention."" PS3.5 6.2, on omission: ""Trailing null components and their delimiters may be omitted."" PS3.5 6.2, on the single component form: ""for reasons of backward compatibility with older versions of this Standard, person names might be considered a single family name complex (single component without ""^"" delimiters).""","dciodvfy reports the value as dubious for the VR. It names no Type and no condition, and dubious is a judgement about value quality rather than about conformance, which is the definition of the PLAUSIBILITY category. No requirement is available to cite against it: PS3.5 permits trailing null components and their delimiters to be omitted, so a single component PN is a well formed value of the VR. Each distinct patient identifier is its own message class because the value is inside the message text, so this one rule covers 336 message classes that differ only in that value."
dciodvfy,e7bccc755d1a,Warning - Value dubious for this VR - (TAG) PN Patient's Name PN [1] = <TCGA-06-0190> - Retired Person Name form,Warning,1,PLAUSIBILITY,PS3.5 6.2,"Table 6.2-1, PN","PS3.5 6.2, Table 6.2-1, PN: ""A character string encoded using a 5 component convention."" PS3.5 6.2, on omission: ""Trailing null components and their delimiters may be omitted."" PS3.5 6.2, on the single component form: ""for reasons of backward compatibility with older versions of this Standard, person names might be considered a single family name complex (single component without ""^"" delimiters).""","dciodvfy reports the value as dubious for the VR. It names no Type and no condition, and dubious is a judgement about value quality rather than about conformance, which is the definition of the PLAUSIBILITY category. No requirement is available to cite against it: PS3.5 permits trailing null components and their delimiters to be omitted, so a single component PN is a well formed value of the VR. Each distinct patient identifier is its own message class because the value is inside the message text, so this one rule covers 336 message classes that differ only in that value."
dciodvfy,e8aa770f29e0,Warning - Value dubious for this VR - (TAG) PN Patient's Name PN [1] = <TCGA-02-0075> - Retired Person Name form,Warning,1,PLAUSIBILITY,PS3.5 6.2,"Table 6.2-1, PN","PS3.5 6.2, Table 6.2-1, PN: ""A character string encoded using a 5 component convention."" PS3.5 6.2, on omission: ""Trailing null components and their delimiters may be omitted."" PS3.5 6.2, on the single component form: ""for reasons of backward compatibility with older versions of this Standard, person names might be considered a single family name complex (single component without ""^"" delimiters).""","dciodvfy reports the value as dubious for the VR. It names no Type and no condition, and dubious is a judgement about value quality rather than about conformance, which is the definition of the PLAUSIBILITY category. No requirement is available to cite against it: PS3.5 permits trailing null components and their delimiters to be omitted, so a single component PN is a well formed value of the VR. Each distinct patient identifier is its own message class because the value is inside the message text, so this one rule covers 336 message classes that differ only in that value."
dciodvfy,e94d03e85ffe,Warning - Value dubious for this VR - (TAG) PN Patient's Name PN [1] = <TCGA-12-1091> - Retired Person Name form,Warning,1,PLAUSIBILITY,PS3.5 6.2,"Table 6.2-1, PN","PS3.5 6.2, Table 6.2-1, PN: ""A character string encoded using a 5 component convention."" PS3.5 6.2, on omission: ""Trailing null components and their delimiters may be omitted."" PS3.5 6.2, on the single component form: ""for reasons of backward compatibility with older versions of this Standard, person names might be considered a single family name complex (single component without ""^"" delimiters).""","dciodvfy reports the value as dubious for the VR. It names no Type and no condition, and dubious is a judgement about value quality rather than about conformance, which is the definition of the PLAUSIBILITY category. No requirement is available to cite against it: PS3.5 permits trailing null components and their delimiters to be omitted, so a single component PN is a well formed value of the VR. Each distinct patient identifier is its own message class because the value is inside the message text, so this one rule covers 336 message classes that differ only in that value."
dciodvfy,ea098f3b768e,Warning - Value dubious for this VR - (TAG) PN Patient's Name PN [1] = <TCGA-12-0657> - Retired Person Name form,Warning,1,PLAUSIBILITY,PS3.5 6.2,"Table 6.2-1, PN","PS3.5 6.2, Table 6.2-1, PN: ""A character string encoded using a 5 component convention."" PS3.5 6.2, on omission: ""Trailing null components and their delimiters may be omitted."" PS3.5 6.2, on the single component form: ""for reasons of backward compatibility with older versions of this Standard, person names might be considered a single family name complex (single component without ""^"" delimiters).""","dciodvfy reports the value as dubious for the VR. It names no Type and no condition, and dubious is a judgement about value quality rather than about conformance, which is the definition of the PLAUSIBILITY category. No requirement is available to cite against it: PS3.5 permits trailing null components and their delimiters to be omitted, so a single component PN is a well formed value of the VR. Each distinct patient identifier is its own message class because the value is inside the message text, so this one rule covers 336 message classes that differ only in that value."
dciodvfy,ebd23a659e57,Warning - Value dubious for this VR - (TAG) PN Patient's Name PN [1] = <TCGA-02-0432> - Retired Person Name form,Warning,1,PLAUSIBILITY,PS3.5 6.2,"Table 6.2-1, PN","PS3.5 6.2, Table 6.2-1, PN: ""A character string encoded using a 5 component convention."" PS3.5 6.2, on omission: ""Trailing null components and their delimiters may be omitted."" PS3.5 6.2, on the single component form: ""for reasons of backward compatibility with older versions of this Standard, person names might be considered a single family name complex (single component without ""^"" delimiters).""","dciodvfy reports the value as dubious for the VR. It names no Type and no condition, and dubious is a judgement about value quality rather than about conformance, which is the definition of the PLAUSIBILITY category. No requirement is available to cite against it: PS3.5 permits trailing null components and their delimiters to be omitted, so a single component PN is a well formed value of the VR. Each distinct patient identifier is its own message class because the value is inside the message text, so this one rule covers 336 message classes that differ only in that value."
dciodvfy,ebd885e7e0a9,Warning - Value dubious for this VR - (TAG) PN Patient's Name PN [1] = <TCGA-06-0138> - Retired Person Name form,Warning,1,PLAUSIBILITY,PS3.5 6.2,"Table 6.2-1, PN","PS3.5 6.2, Table 6.2-1, PN: ""A character string encoded using a 5 component convention."" PS3.5 6.2, on omission: ""Trailing null components and their delimiters may be omitted."" PS3.5 6.2, on the single component form: ""for reasons of backward compatibility with older versions of this Standard, person names might be considered a single family name complex (single component without ""^"" delimiters).""","dciodvfy reports the value as dubious for the VR. It names no Type and no condition, and dubious is a judgement about value quality rather than about conformance, which is the definition of the PLAUSIBILITY category. No requirement is available to cite against it: PS3.5 permits trailing null components and their delimiters to be omitted, so a single component PN is a well formed value of the VR. Each distinct patient identifier is its own message class because the value is inside the message text, so this one rule covers 336 message classes that differ only in that value."
dciodvfy,ecddbfbf8180,Warning - Value dubious for this VR - (TAG) PN Patient's Name PN [1] = <TCGA-08-0521> - Retired Person Name form,Warning,1,PLAUSIBILITY,PS3.5 6.2,"Table 6.2-1, PN","PS3.5 6.2, Table 6.2-1, PN: ""A character string encoded using a 5 component convention."" PS3.5 6.2, on omission: ""Trailing null components and their delimiters may be omitted."" PS3.5 6.2, on the single component form: ""for reasons of backward compatibility with older versions of this Standard, person names might be considered a single family name complex (single component without ""^"" delimiters).""","dciodvfy reports the value as dubious for the VR. It names no Type and no condition, and dubious is a judgement about value quality rather than about conformance, which is the definition of the PLAUSIBILITY category. No requirement is available to cite against it: PS3.5 permits trailing null components and their delimiters to be omitted, so a single component PN is a well formed value of the VR. Each distinct patient identifier is its own message class because the value is inside the message text, so this one rule covers 336 message classes that differ only in that value."
dciodvfy,edb37a1726a4,Warning - Value dubious for this VR - (TAG) PN Patient's Name PN [1] = <TCGA-27-1837> - Retired Person Name form,Warning,1,PLAUSIBILITY,PS3.5 6.2,"Table 6.2-1, PN","PS3.5 6.2, Table 6.2-1, PN: ""A character string encoded using a 5 component convention."" PS3.5 6.2, on omission: ""Trailing null components and their delimiters may be omitted."" PS3.5 6.2, on the single component form: ""for reasons of backward compatibility with older versions of this Standard, person names might be considered a single family name complex (single component without ""^"" delimiters).""","dciodvfy reports the value as dubious for the VR. It names no Type and no condition, and dubious is a judgement about value quality rather than about conformance, which is the definition of the PLAUSIBILITY category. No requirement is available to cite against it: PS3.5 permits trailing null components and their delimiters to be omitted, so a single component PN is a well formed value of the VR. Each distinct patient identifier is its own message class because the value is inside the message text, so this one rule covers 336 message classes that differ only in that value."
dciodvfy,efb82333f73c,Warning - Value dubious for this VR - (TAG) PN Patient's Name PN [1] = <TCGA-12-1092> - Retired Person Name form,Warning,1,PLAUSIBILITY,PS3.5 6.2,"Table 6.2-1, PN","PS3.5 6.2, Table 6.2-1, PN: ""A character string encoded using a 5 component convention."" PS3.5 6.2, on omission: ""Trailing null components and their delimiters may be omitted."" PS3.5 6.2, on the single component form: ""for reasons of backward compatibility with older versions of this Standard, person names might be considered a single family name complex (single component without ""^"" delimiters).""","dciodvfy reports the value as dubious for the VR. It names no Type and no condition, and dubious is a judgement about value quality rather than about conformance, which is the definition of the PLAUSIBILITY category. No requirement is available to cite against it: PS3.5 permits trailing null components and their delimiters to be omitted, so a single component PN is a well formed value of the VR. Each distinct patient identifier is its own message class because the value is inside the message text, so this one rule covers 336 message classes that differ only in that value."
dciodvfy,f0a864e3f152,Warning - Value dubious for this VR - (TAG) PN Patient's Name PN [1] = <TCGA-08-0380> - Retired Person Name form,Warning,1,PLAUSIBILITY,PS3.5 6.2,"Table 6.2-1, PN","PS3.5 6.2, Table 6.2-1, PN: ""A character string encoded using a 5 component convention."" PS3.5 6.2, on omission: ""Trailing null components and their delimiters may be omitted."" PS3.5 6.2, on the single component form: ""for reasons of backward compatibility with older versions of this Standard, person names might be considered a single family name complex (single component without ""^"" delimiters).""","dciodvfy reports the value as dubious for the VR. It names no Type and no condition, and dubious is a judgement about value quality rather than about conformance, which is the definition of the PLAUSIBILITY category. No requirement is available to cite against it: PS3.5 permits trailing null components and their delimiters to be omitted, so a single component PN is a well formed value of the VR. Each distinct patient identifier is its own message class because the value is inside the message text, so this one rule covers 336 message classes that differ only in that value."
dciodvfy,f0efa3879be2,Warning - Value dubious for this VR - (TAG) PN Patient's Name PN [1] = <TCGA-06-0176> - Retired Person Name form,Warning,1,PLAUSIBILITY,PS3.5 6.2,"Table 6.2-1, PN","PS3.5 6.2, Table 6.2-1, PN: ""A character string encoded using a 5 component convention."" PS3.5 6.2, on omission: ""Trailing null components and their delimiters may be omitted."" PS3.5 6.2, on the single component form: ""for reasons of backward compatibility with older versions of this Standard, person names might be considered a single family name complex (single component without ""^"" delimiters).""","dciodvfy reports the value as dubious for the VR. It names no Type and no condition, and dubious is a judgement about value quality rather than about conformance, which is the definition of the PLAUSIBILITY category. No requirement is available to cite against it: PS3.5 permits trailing null components and their delimiters to be omitted, so a single component PN is a well formed value of the VR. Each distinct patient identifier is its own message class because the value is inside the message text, so this one rule covers 336 message classes that differ only in that value."
dciodvfy,f3d56f452bde,Warning - Value dubious for this VR - (TAG) PN Patient's Name PN [1] = <TCGA-02-0011> - Retired Person Name form,Warning,1,PLAUSIBILITY,PS3.5 6.2,"Table 6.2-1, PN","PS3.5 6.2, Table 6.2-1, PN: ""A character string encoded using a 5 component convention."" PS3.5 6.2, on omission: ""Trailing null components and their delimiters may be omitted."" PS3.5 6.2, on the single component form: ""for reasons of backward compatibility with older versions of this Standard, person names might be considered a single family name complex (single component without ""^"" delimiters).""","dciodvfy reports the value as dubious for the VR. It names no Type and no condition, and dubious is a judgement about value quality rather than about conformance, which is the definition of the PLAUSIBILITY category. No requirement is available to cite against it: PS3.5 permits trailing null components and their delimiters to be omitted, so a single component PN is a well formed value of the VR. Each distinct patient identifier is its own message class because the value is inside the message text, so this one rule covers 336 message classes that differ only in that value."
dciodvfy,f41925a0c418,Warning - Value dubious for this VR - (TAG) PN Patient's Name PN [1] = <TCGA-19-5959> - Retired Person Name form,Warning,1,PLAUSIBILITY,PS3.5 6.2,"Table 6.2-1, PN","PS3.5 6.2, Table 6.2-1, PN: ""A character string encoded using a 5 component convention."" PS3.5 6.2, on omission: ""Trailing null components and their delimiters may be omitted."" PS3.5 6.2, on the single component form: ""for reasons of backward compatibility with older versions of this Standard, person names might be considered a single family name complex (single component without ""^"" delimiters).""","dciodvfy reports the value as dubious for the VR. It names no Type and no condition, and dubious is a judgement about value quality rather than about conformance, which is the definition of the PLAUSIBILITY category. No requirement is available to cite against it: PS3.5 permits trailing null components and their delimiters to be omitted, so a single component PN is a well formed value of the VR. Each distinct patient identifier is its own message class because the value is inside the message text, so this one rule covers 336 message classes that differ only in that value."
dciodvfy,f5a876871023,Warning - Value dubious for this VR - (TAG) PN Patient's Name PN [1] = <TCGA-08-0344> - Retired Person Name form,Warning,1,PLAUSIBILITY,PS3.5 6.2,"Table 6.2-1, PN","PS3.5 6.2, Table 6.2-1, PN: ""A character string encoded using a 5 component convention."" PS3.5 6.2, on omission: ""Trailing null components and their delimiters may be omitted."" PS3.5 6.2, on the single component form: ""for reasons of backward compatibility with older versions of this Standard, person names might be considered a single family name complex (single component without ""^"" delimiters).""","dciodvfy reports the value as dubious for the VR. It names no Type and no condition, and dubious is a judgement about value quality rather than about conformance, which is the definition of the PLAUSIBILITY category. No requirement is available to cite against it: PS3.5 permits trailing null components and their delimiters to be omitted, so a single component PN is a well formed value of the VR. Each distinct patient identifier is its own message class because the value is inside the message text, so this one rule covers 336 message classes that differ only in that value."
dciodvfy,f81921e640ab,Warning - Value dubious for this VR - (TAG) PN Patient's Name PN [1] = <TCGA-28-1755> - Retired Person Name form,Warning,1,PLAUSIBILITY,PS3.5 6.2,"Table 6.2-1, PN","PS3.5 6.2, Table 6.2-1, PN: ""A character string encoded using a 5 component convention."" PS3.5 6.2, on omission: ""Trailing null components and their delimiters may be omitted."" PS3.5 6.2, on the single component form: ""for reasons of backward compatibility with older versions of this Standard, person names might be considered a single family name complex (single component without ""^"" delimiters).""","dciodvfy reports the value as dubious for the VR. It names no Type and no condition, and dubious is a judgement about value quality rather than about conformance, which is the definition of the PLAUSIBILITY category. No requirement is available to cite against it: PS3.5 permits trailing null components and their delimiters to be omitted, so a single component PN is a well formed value of the VR. Each distinct patient identifier is its own message class because the value is inside the message text, so this one rule covers 336 message classes that differ only in that value."
dciodvfy,f9428fc04342,Warning - Value dubious for this VR - (TAG) PN Patient's Name PN [1] = <TCGA-41-3915> - Retired Person Name form,Warning,1,PLAUSIBILITY,PS3.5 6.2,"Table 6.2-1, PN","PS3.5 6.2, Table 6.2-1, PN: ""A character string encoded using a 5 component convention."" PS3.5 6.2, on omission: ""Trailing null components and their delimiters may be omitted."" PS3.5 6.2, on the single component form: ""for reasons of backward compatibility with older versions of this Standard, person names might be considered a single family name complex (single component without ""^"" delimiters).""","dciodvfy reports the value as dubious for the VR. It names no Type and no condition, and dubious is a judgement about value quality rather than about conformance, which is the definition of the PLAUSIBILITY category. No requirement is available to cite against it: PS3.5 permits trailing null components and their delimiters to be omitted, so a single component PN is a well formed value of the VR. Each distinct patient identifier is its own message class because the value is inside the message text, so this one rule covers 336 message classes that differ only in that value."
dciodvfy,f9a2e174ae69,Warning - Value dubious for this VR - (TAG) PN Patient's Name PN [1] = <TCGA-06-5411> - Retired Person Name form,Warning,1,PLAUSIBILITY,PS3.5 6.2,"Table 6.2-1, PN","PS3.5 6.2, Table 6.2-1, PN: ""A character string encoded using a 5 component convention."" PS3.5 6.2, on omission: ""Trailing null components and their delimiters may be omitted."" PS3.5 6.2, on the single component form: ""for reasons of backward compatibility with older versions of this Standard, person names might be considered a single family name complex (single component without ""^"" delimiters).""","dciodvfy reports the value as dubious for the VR. It names no Type and no condition, and dubious is a judgement about value quality rather than about conformance, which is the definition of the PLAUSIBILITY category. No requirement is available to cite against it: PS3.5 permits trailing null components and their delimiters to be omitted, so a single component PN is a well formed value of the VR. Each distinct patient identifier is its own message class because the value is inside the message text, so this one rule covers 336 message classes that differ only in that value."
dciodvfy,fac167f66435,Warning - Value dubious for this VR - (TAG) PN Patient's Name PN [1] = <TCGA-08-0392> - Retired Person Name form,Warning,1,PLAUSIBILITY,PS3.5 6.2,"Table 6.2-1, PN","PS3.5 6.2, Table 6.2-1, PN: ""A character string encoded using a 5 component convention."" PS3.5 6.2, on omission: ""Trailing null components and their delimiters may be omitted."" PS3.5 6.2, on the single component form: ""for reasons of backward compatibility with older versions of this Standard, person names might be considered a single family name complex (single component without ""^"" delimiters).""","dciodvfy reports the value as dubious for the VR. It names no Type and no condition, and dubious is a judgement about value quality rather than about conformance, which is the definition of the PLAUSIBILITY category. No requirement is available to cite against it: PS3.5 permits trailing null components and their delimiters to be omitted, so a single component PN is a well formed value of the VR. Each distinct patient identifier is its own message class because the value is inside the message text, so this one rule covers 336 message classes that differ only in that value."
dciodvfy,fc28465b7e13,Warning - Value dubious for this VR - (TAG) PN Patient's Name PN [1] = <TCGA-26-A7UX> - Retired Person Name form,Warning,1,PLAUSIBILITY,PS3.5 6.2,"Table 6.2-1, PN","PS3.5 6.2, Table 6.2-1, PN: ""A character string encoded using a 5 component convention."" PS3.5 6.2, on omission: ""Trailing null components and their delimiters may be omitted."" PS3.5 6.2, on the single component form: ""for reasons of backward compatibility with older versions of this Standard, person names might be considered a single family name complex (single component without ""^"" delimiters).""","dciodvfy reports the value as dubious for the VR. It names no Type and no condition, and dubious is a judgement about value quality rather than about conformance, which is the definition of the PLAUSIBILITY category. No requirement is available to cite against it: PS3.5 permits trailing null components and their delimiters to be omitted, so a single component PN is a well formed value of the VR. Each distinct patient identifier is its own message class because the value is inside the message text, so this one rule covers 336 message classes that differ only in that value."
dciodvfy,fc911c4d9936,Warning - Value dubious for this VR - (TAG) PN Patient's Name PN [1] = <TCGA-08-0358> - Retired Person Name form,Warning,1,PLAUSIBILITY,PS3.5 6.2,"Table 6.2-1, PN","PS3.5 6.2, Table 6.2-1, PN: ""A character string encoded using a 5 component convention."" PS3.5 6.2, on omission: ""Trailing null components and their delimiters may be omitted."" PS3.5 6.2, on the single component form: ""for reasons of backward compatibility with older versions of this Standard, person names might be considered a single family name complex (single component without ""^"" delimiters).""","dciodvfy reports the value as dubious for the VR. It names no Type and no condition, and dubious is a judgement about value quality rather than about conformance, which is the definition of the PLAUSIBILITY category. No requirement is available to cite against it: PS3.5 permits trailing null components and their delimiters to be omitted, so a single component PN is a well formed value of the VR. Each distinct patient identifier is its own message class because the value is inside the message text, so this one rule covers 336 message classes that differ only in that value."
dciodvfy,fca8d9d32af9,Warning - Value dubious for this VR - (TAG) PN Patient's Name PN [1] = <TCGA-OX-A56R> - Retired Person Name form,Warning,1,PLAUSIBILITY,PS3.5 6.2,"Table 6.2-1, PN","PS3.5 6.2, Table 6.2-1, PN: ""A character string encoded using a 5 component convention."" PS3.5 6.2, on omission: ""Trailing null components and their delimiters may be omitted."" PS3.5 6.2, on the single component form: ""for reasons of backward compatibility with older versions of this Standard, person names might be considered a single family name complex (single component without ""^"" delimiters).""","dciodvfy reports the value as dubious for the VR. It names no Type and no condition, and dubious is a judgement about value quality rather than about conformance, which is the definition of the PLAUSIBILITY category. No requirement is available to cite against it: PS3.5 permits trailing null components and their delimiters to be omitted, so a single component PN is a well formed value of the VR. Each distinct patient identifier is its own message class because the value is inside the message text, so this one rule covers 336 message classes that differ only in that value."
dciodvfy,fe47b94c8160,Warning - Value dubious for this VR - (TAG) PN Patient's Name PN [1] = <TCGA-19-5955> - Retired Person Name form,Warning,1,PLAUSIBILITY,PS3.5 6.2,"Table 6.2-1, PN","PS3.5 6.2, Table 6.2-1, PN: ""A character string encoded using a 5 component convention."" PS3.5 6.2, on omission: ""Trailing null components and their delimiters may be omitted."" PS3.5 6.2, on the single component form: ""for reasons of backward compatibility with older versions of this Standard, person names might be considered a single family name complex (single component without ""^"" delimiters).""","dciodvfy reports the value as dubious for the VR. It names no Type and no condition, and dubious is a judgement about value quality rather than about conformance, which is the definition of the PLAUSIBILITY category. No requirement is available to cite against it: PS3.5 permits trailing null components and their delimiters to be omitted, so a single component PN is a well formed value of the VR. Each distinct patient identifier is its own message class because the value is inside the message text, so this one rule covers 336 message classes that differ only in that value."
dciodvfy,ffb84754ad2d,Warning - Value dubious for this VR - (TAG) PN Patient's Name PN [1] = <TCGA-41-2573> - Retired Person Name form,Warning,1,PLAUSIBILITY,PS3.5 6.2,"Table 6.2-1, PN","PS3.5 6.2, Table 6.2-1, PN: ""A character string encoded using a 5 component convention."" PS3.5 6.2, on omission: ""Trailing null components and their delimiters may be omitted."" PS3.5 6.2, on the single component form: ""for reasons of backward compatibility with older versions of this Standard, person names might be considered a single family name complex (single component without ""^"" delimiters).""","dciodvfy reports the value as dubious for the VR. It names no Type and no condition, and dubious is a judgement about value quality rather than about conformance, which is the definition of the PLAUSIBILITY category. No requirement is available to cite against it: PS3.5 permits trailing null components and their delimiters to be omitted, so a single component PN is a well formed value of the VR. Each distinct patient identifier is its own message class because the value is inside the message text, so this one rule covers 336 message classes that differ only in that value."
dicom-validator,095ddfcf33c6,Module <Multi-frame Functional Groups> (TAG) (Shared Functional Groups Sequence) Tag (TAG) (Pixel Value Transformation Sequence) is unexpected,ERROR,691,FLOOR,"PS3.3 A.75.5, with PS3.3 C.7.6.16.2.9b and PS3.3 C.7.6.16",Table A.75-2; Table C.7.6.16-10b; Table C.7.6.16-1,"PS3.3 A.75.5, Table A.75-2, Parametric Map Functional Group Macros: ""Identity Pixel Value Transformation | C.7.6.16.2.9b | M"". PS3.3 C.7.6.16.2.9b, Table C.7.6.16-10b, first row: Pixel Value Transformation Sequence (0028,9145) Type 1. PS3.3 C.7.6.16, Table C.7.6.16-1, Shared Functional Groups Sequence (5200,9229), Type 1: ""Sequence that contains the Functional Group Macros that are shared for all Frames in this SOP Instance and Concatenation."" PS3.3 C.7.6.16: ""For each IOD that includes this Module, a table is defined in which the permitted Functional Group Macros and their usage is specified."". PS3.3 A.75.5, Table A.75-2, the only row carrying a Shared restriction: ""Frame Content | C.7.6.16.2.2 | M - Shall not be used as a Shared Functional Group""","Table A.75-2 lists the Identity Pixel Value Transformation Macro as Usage M for the Parametric Map IOD, and Pixel Value Transformation Sequence (0028,9145) is the Type 1 sequence attribute of that macro. Table A.75-2 restricts exactly one macro, Frame Content, from the Shared Functional Groups Sequence, and this is not it, so the construct the message reports is not merely permitted in the Shared Functional Groups Sequence, it is mandatory somewhere in the functional groups. The same message_class_id is emitted by dicom-validator against the highdicom built Parametric Map fixture in results/floor_set.csv, which is evidence about the tool rather than about the object. The mechanism inside dicom-validator is not resolved here and is not needed for the adjudication."
dicom-validator,28878610d343,Module <General> Tag (TAG) (Columns) is unexpected,ERROR,691,FLOOR,"PS3.3 A.75.3 and PS3.3 A.75.4, with PS3.3 C.7.6.3, C.7.6.24 and C.7.6.25",Table A.75-1; Table C.7-11a; Table C.7-11c; Table C.7.6.24-1; Table C.7.6.25-1,"PS3.3 A.75.4, Parametric Map IOD Content Constraints: ""Either the Image Pixel Module or the Floating Point Image Pixel Module or the Double Floating Point Image Pixel Module is required, and only one of these shall be present."" PS3.3 C.7.6.3, Table C.7-11a includes ""Table C.7-11c Image Pixel Description Macro Attributes"", in which Columns (0028,0011) is Type 1, ""Number of columns in the image"". PS3.3 C.7.6.24, Table C.7.6.24-1: Columns (0028,0011) Type 1. PS3.3 C.7.6.25, Table C.7.6.25-1: Columns (0028,0011) Type 1. PS3.3 A.75.3, Table A.75-1 lists the modules of the Parametric Map IOD and contains no module named General.","Columns (0028,0011) is Type 1 in every one of the three pixel modules the Parametric Map IOD offers, and A.75.4 requires exactly one of those three to be present, so Columns is required in any conformant instance of this IOD and its presence cannot be a violation of a stated requirement. General is not a module: it is the label dicom-validator gives the bucket of tags it could not attribute to any module of the recognised IOD, written at dicom_validator/validator/iod_validator.py in the call add_tag_errors(""General"", self._unexpected_tag_errors()). Which of the three pixel modules these objects carry, and why the tool did not attribute the tag to it, is not resolved here: the series were deleted after validation and the project does not resolve a validator ambiguity by judgement. Unlike the five Shared Functional Groups classes, this class is not present in results/floor_set.csv, so it is adjudicated on the citation alone and not on floor overlap."
dicom-validator,49e18e26dc42,Module <Multi-frame Functional Groups> (TAG) (Shared Functional Groups Sequence) Tag (TAG) (Frame VOI LUT Sequence) is unexpected,ERROR,691,FLOOR,"PS3.3 A.75.5, with PS3.3 C.7.6.16.2.10b and PS3.3 C.7.6.16",Table A.75-2; Table C.7.6.16-11b; Table C.7.6.16-1,"PS3.3 A.75.5, Table A.75-2, Parametric Map Functional Group Macros: ""Frame VOI LUT With LUT | C.7.6.16.2.10b | M"". PS3.3 C.7.6.16.2.10b, Table C.7.6.16-11b, first row: Frame VOI LUT Sequence (0028,9132) Type 1. PS3.3 C.7.6.16, Table C.7.6.16-1, Shared Functional Groups Sequence (5200,9229), Type 1: ""Sequence that contains the Functional Group Macros that are shared for all Frames in this SOP Instance and Concatenation."" PS3.3 C.7.6.16: ""For each IOD that includes this Module, a table is defined in which the permitted Functional Group Macros and their usage is specified."". PS3.3 A.75.5, Table A.75-2, the only row carrying a Shared restriction: ""Frame Content | C.7.6.16.2.2 | M - Shall not be used as a Shared Functional Group""","Table A.75-2 lists the Frame VOI LUT With LUT Macro as Usage M for the Parametric Map IOD, and Frame VOI LUT Sequence (0028,9132) is the Type 1 sequence attribute of that macro. Table A.75-2 restricts exactly one macro, Frame Content, from the Shared Functional Groups Sequence, and this is not it, so the construct the message reports is not merely permitted in the Shared Functional Groups Sequence, it is mandatory somewhere in the functional groups. The same message_class_id is emitted by dicom-validator against the highdicom built Parametric Map fixture in results/floor_set.csv, which is evidence about the tool rather than about the object. The mechanism inside dicom-validator is not resolved here and is not needed for the adjudication."
dicom-validator,679be57db212,Module <Multi-frame Functional Groups> (TAG) (Shared Functional Groups Sequence) Tag (TAG) (Parametric Map Frame Type Sequence) is unexpected,ERROR,691,FLOOR,"PS3.3 A.75.5, with PS3.3 C.8.32.3.1 and PS3.3 C.7.6.16",Table A.75-2; Table C.8.32-3; Table C.7.6.16-1,"PS3.3 A.75.5, Table A.75-2, Parametric Map Functional Group Macros: ""Parametric Map Frame Type | C.8.32.3.1 | M"". PS3.3 C.8.32.3.1, Table C.8.32-3, first row: Parametric Map Frame Type Sequence (0040,9092) Type 1. PS3.3 C.7.6.16, Table C.7.6.16-1, Shared Functional Groups Sequence (5200,9229), Type 1: ""Sequence that contains the Functional Group Macros that are shared for all Frames in this SOP Instance and Concatenation."" PS3.3 C.7.6.16: ""For each IOD that includes this Module, a table is defined in which the permitted Functional Group Macros and their usage is specified."". PS3.3 A.75.5, Table A.75-2, the only row carrying a Shared restriction: ""Frame Content | C.7.6.16.2.2 | M - Shall not be used as a Shared Functional Group""","Table A.75-2 lists the Parametric Map Frame Type Macro as Usage M for the Parametric Map IOD, and Parametric Map Frame Type Sequence (0040,9092) is the Type 1 sequence attribute of that macro. Table A.75-2 restricts exactly one macro, Frame Content, from the Shared Functional Groups Sequence, and this is not it, so the construct the message reports is not merely permitted in the Shared Functional Groups Sequence, it is mandatory somewhere in the functional groups. The same message_class_id is emitted by dicom-validator against the highdicom built Parametric Map fixture in results/floor_set.csv, which is evidence about the tool rather than about the object. The mechanism inside dicom-validator is not resolved here and is not needed for the adjudication."
dicom-validator,93da22cb4196,Module <Multi-frame Functional Groups> (TAG) (Shared Functional Groups Sequence) Tag (TAG) (Real World Value Mapping Sequence) is unexpected,ERROR,691,FLOOR,"PS3.3 A.75.5, with PS3.3 C.7.6.16.2.11 and PS3.3 C.7.6.16",Table A.75-2; Table C.7.6.16-12; Table C.7.6.16-1,"PS3.3 A.75.5, Table A.75-2, Parametric Map Functional Group Macros: ""Real World Value Mapping | C.7.6.16.2.11 | M"". PS3.3 C.7.6.16.2.11, Table C.7.6.16-12, first row: Real World Value Mapping Sequence (0040,9096) Type 1. PS3.3 C.7.6.16, Table C.7.6.16-1, Shared Functional Groups Sequence (5200,9229), Type 1: ""Sequence that contains the Functional Group Macros that are shared for all Frames in this SOP Instance and Concatenation."" PS3.3 C.7.6.16: ""For each IOD that includes this Module, a table is defined in which the permitted Functional Group Macros and their usage is specified."". PS3.3 A.75.5, Table A.75-2, the only row carrying a Shared restriction: ""Frame Content | C.7.6.16.2.2 | M - Shall not be used as a Shared Functional Group""","Table A.75-2 lists the Real World Value Mapping Macro as Usage M for the Parametric Map IOD, and Real World Value Mapping Sequence (0040,9096) is the Type 1 sequence attribute of that macro. Table A.75-2 restricts exactly one macro, Frame Content, from the Shared Functional Groups Sequence, and this is not it, so the construct the message reports is not merely permitted in the Shared Functional Groups Sequence, it is mandatory somewhere in the functional groups. The same message_class_id is emitted by dicom-validator against the highdicom built Parametric Map fixture in results/floor_set.csv, which is evidence about the tool rather than about the object. The mechanism inside dicom-validator is not resolved here and is not needed for the adjudication."
dicom-validator,b8131f949456,Module <General> Tag (TAG) (Rows) is unexpected,ERROR,691,FLOOR,"PS3.3 A.75.3 and PS3.3 A.75.4, with PS3.3 C.7.6.3, C.7.6.24 and C.7.6.25",Table A.75-1; Table C.7-11a; Table C.7-11c; Table C.7.6.24-1; Table C.7.6.25-1,"PS3.3 A.75.4, Parametric Map IOD Content Constraints: ""Either the Image Pixel Module or the Floating Point Image Pixel Module or the Double Floating Point Image Pixel Module is required, and only one of these shall be present."" PS3.3 C.7.6.3, Table C.7-11a includes ""Table C.7-11c Image Pixel Description Macro Attributes"", in which Rows (0028,0010) is Type 1, ""Number of rows in the image"". PS3.3 C.7.6.24, Table C.7.6.24-1: Rows (0028,0010) Type 1. PS3.3 C.7.6.25, Table C.7.6.25-1: Rows (0028,0010) Type 1. PS3.3 A.75.3, Table A.75-1 lists the modules of the Parametric Map IOD and contains no module named General.","Rows (0028,0010) is Type 1 in every one of the three pixel modules the Parametric Map IOD offers, and A.75.4 requires exactly one of those three to be present, so Rows is required in any conformant instance of this IOD and its presence cannot be a violation of a stated requirement. General is not a module: it is the label dicom-validator gives the bucket of tags it could not attribute to any module of the recognised IOD, written at dicom_validator/validator/iod_validator.py in the call add_tag_errors(""General"", self._unexpected_tag_errors()). Which of the three pixel modules these objects carry, and why the tool did not attribute the tag to it, is not resolved here: the series were deleted after validation and the project does not resolve a validator ambiguity by judgement. Unlike the five Shared Functional Groups classes, this class is not present in results/floor_set.csv, so it is adjudicated on the citation alone and not on floor overlap."
dicom-validator,d81147d20e87,Module <Multi-frame Functional Groups> (TAG) (Shared Functional Groups Sequence) Tag (TAG) (Pixel Measures Sequence) is unexpected,ERROR,691,FLOOR,"PS3.3 A.75.5, with PS3.3 C.7.6.16.2.1 and PS3.3 C.7.6.16",Table A.75-2; Table C.7.6.16-2; Table C.7.6.16-1,"PS3.3 A.75.5, Table A.75-2, Parametric Map Functional Group Macros: ""Pixel Measures | C.7.6.16.2.1 | M"". PS3.3 C.7.6.16.2.1, Table C.7.6.16-2, first row: Pixel Measures Sequence (0028,9110) Type 1. PS3.3 C.7.6.16, Table C.7.6.16-1, Shared Functional Groups Sequence (5200,9229), Type 1: ""Sequence that contains the Functional Group Macros that are shared for all Frames in this SOP Instance and Concatenation."" PS3.3 C.7.6.16: ""For each IOD that includes this Module, a table is defined in which the permitted Functional Group Macros and their usage is specified."". PS3.3 A.75.5, Table A.75-2, the only row carrying a Shared restriction: ""Frame Content | C.7.6.16.2.2 | M - Shall not be used as a Shared Functional Group""","Table A.75-2 lists the Pixel Measures Macro as Usage M for the Parametric Map IOD, and Pixel Measures Sequence (0028,9110) is the Type 1 sequence attribute of that macro. Table A.75-2 restricts exactly one macro, Frame Content, from the Shared Functional Groups Sequence, and this is not it, so the construct the message reports is not merely permitted in the Shared Functional Groups Sequence, it is mandatory somewhere in the functional groups. The same message_class_id is emitted by dicom-validator against the highdicom built Parametric Map fixture in results/floor_set.csv, which is evidence about the tool rather than about the object. The mechanism inside dicom-validator is not resolved here and is not needed for the adjudication."
