series_instance_uid,stratum,writer,analysis_result_id,collection_id,status,objects,instances_declared
1.2.276.0.7230010.3.1.3.1031255639.1360.1345986125.197,not identifiable from index / qiba_volct_1b,not identifiable from index,qiba_volct_1b,rider_pilot,OK,1,1
1.2.276.0.7230010.3.1.3.1231426215.1548.1345733772.282,not identifiable from index / qiba_volct_1b,not identifiable from index,qiba_volct_1b,rider_pilot,OK,1,1
1.2.276.0.7230010.3.1.3.1565948079.2912.1345147669.282,not identifiable from index / qiba_volct_1b,not identifiable from index,qiba_volct_1b,rider_pilot,OK,1,1
1.3.6.1.4.1.14519.5.2.1.126760213189132225878687330404020254943,dcmqi / (null),dcmqi,(null),remind,OK,1,1
1.2.276.0.7230010.3.1.3.1231426215.1108.1345549342.289,not identifiable from index / qiba_volct_1b,not identifiable from index,qiba_volct_1b,rider_pilot,OK,1,1
1.2.276.0.7230010.3.1.3.1231426215.1548.1345733772.289,not identifiable from index / qiba_volct_1b,not identifiable from index,qiba_volct_1b,rider_pilot,OK,1,1
1.3.6.1.4.1.14519.5.2.1.211042100735491137893434081365735935948,dcmqi / (null),dcmqi,(null),remind,OK,1,1
1.3.6.1.4.1.14519.5.2.1.69236573048873300932173316377338257985,dcmqi / (null),dcmqi,(null),remind,OK,1,1
1.2.276.0.7230010.3.1.3.1565948079.2912.1345147669.289,not identifiable from index / qiba_volct_1b,not identifiable from index,qiba_volct_1b,rider_pilot,OK,1,1
1.3.6.1.4.1.14519.5.2.1.6202159469018061186560047043057745117,dcmqi / (null),dcmqi,(null),remind,OK,1,1
1.2.276.0.7230010.3.1.3.3496549722.3760.1315858649.291,not identifiable from index / (null),not identifiable from index,(null),qiba_ct_1c,OK,1,1
1.2.276.0.7230010.3.1.3.3496549722.2596.1316086976.24,not identifiable from index / (null),not identifiable from index,(null),qiba_ct_1c,OK,1,1
1.2.276.0.7230010.3.1.3.3496549722.3320.1316194653.100,not identifiable from index / (null),not identifiable from index,(null),qiba_ct_1c,OK,1,1
1.2.276.0.7230010.3.1.3.3496549722.3672.1315771120.290,not identifiable from index / (null),not identifiable from index,(null),qiba_ct_1c,OK,1,1
1.2.276.0.7230010.3.1.3.3496549722.3928.1316111313.25,not identifiable from index / (null),not identifiable from index,(null),qiba_ct_1c,OK,1,1
1.2.276.0.7230010.3.1.3.3496549722.2876.1315868844.443,not identifiable from index / (null),not identifiable from index,(null),qiba_ct_1c,OK,1,1
1.2.276.0.7230010.3.1.3.1231426215.1428.1345546629.157,not identifiable from index / qiba_volct_1b,not identifiable from index,qiba_volct_1b,rider_pilot,OK,1,1
1.2.276.0.7230010.3.1.3.4148549909.2316.1344856656.327,not identifiable from index / qiba_volct_1b,not identifiable from index,qiba_volct_1b,rider_pilot,OK,1,1
1.2.276.0.7230010.3.1.3.505801377.2044.1345985214.374,not identifiable from index / qiba_volct_1b,not identifiable from index,qiba_volct_1b,rider_pilot,OK,1,1
1.2.276.0.7230010.3.1.3.1031255639.2932.1345990982.412,not identifiable from index / qiba_volct_1b,not identifiable from index,qiba_volct_1b,rider_pilot,OK,1,1
1.2.276.0.7230010.3.1.3.1231426215.1972.1345568892.404,not identifiable from index / qiba_volct_1b,not identifiable from index,qiba_volct_1b,rider_pilot,OK,1,1
1.2.276.0.7230010.3.1.3.1231426215.2092.1345741703.204,not identifiable from index / qiba_volct_1b,not identifiable from index,qiba_volct_1b,rider_pilot,OK,1,1
1.2.276.0.7230010.3.1.3.309938702.2016.1345115561.326,not identifiable from index / qiba_volct_1b,not identifiable from index,qiba_volct_1b,rider_pilot,OK,1,1
1.2.276.0.7230010.3.1.3.3426864066.2188.1345231053.27,not identifiable from index / qiba_volct_1b,not identifiable from index,qiba_volct_1b,rider_pilot,OK,1,1
1.3.6.1.4.1.14519.5.2.1.234064384791144037554412331887022291962,dcmqi / (null),dcmqi,(null),remind,OK,1,1
1.3.6.1.4.1.14519.5.2.1.108191122818059381078372308108438640975,dcmqi / (null),dcmqi,(null),remind,OK,1,1
1.2.276.0.7230010.3.1.3.3496549722.3920.1317667503.215,not identifiable from index / (null),not identifiable from index,(null),qiba_ct_1c,OK,1,1
1.2.276.0.7230010.3.1.3.3496549722.3320.1316196213.556,not identifiable from index / (null),not identifiable from index,(null),qiba_ct_1c,OK,1,1
1.3.6.1.4.1.14519.5.2.1.243875377197159364886229985040300306071,dcmqi / (null),dcmqi,(null),remind,OK,1,1
1.3.6.1.4.1.14519.5.2.1.125185684122837427444845028615308535871,dcmqi / (null),dcmqi,(null),remind,OK,1,1
1.2.276.0.7230010.3.1.3.309938702.2796.1345119339.71,not identifiable from index / qiba_volct_1b,not identifiable from index,qiba_volct_1b,rider_pilot,OK,1,1
1.2.276.0.7230010.3.1.3.1031255639.896.1345989426.112,not identifiable from index / qiba_volct_1b,not identifiable from index,qiba_volct_1b,rider_pilot,OK,1,1
1.2.276.0.7230010.3.1.3.1231426215.1972.1345740446.289,not identifiable from index / qiba_volct_1b,not identifiable from index,qiba_volct_1b,rider_pilot,OK,1,1
1.2.276.0.7230010.3.1.3.1231426215.2940.1345569540.34,not identifiable from index / qiba_volct_1b,not identifiable from index,qiba_volct_1b,rider_pilot,OK,1,1
1.2.276.0.7230010.3.1.3.3426864066.1284.1345229185.289,not identifiable from index / qiba_volct_1b,not identifiable from index,qiba_volct_1b,rider_pilot,OK,1,1
1.3.6.1.4.1.14519.5.2.1.184703737342572044181000784044135806645,dcmqi / (null),dcmqi,(null),remind,OK,1,1
1.2.276.0.7230010.3.1.3.1231426215.2584.1345552882.289,not identifiable from index / qiba_volct_1b,not identifiable from index,qiba_volct_1b,rider_pilot,OK,1,1
1.2.276.0.7230010.3.1.3.1231426215.2848.1345736972.204,not identifiable from index / qiba_volct_1b,not identifiable from index,qiba_volct_1b,rider_pilot,OK,1,1
1.2.276.0.7230010.3.1.3.3426864066.868.1345224710.289,not identifiable from index / qiba_volct_1b,not identifiable from index,qiba_volct_1b,rider_pilot,OK,1,1
1.2.276.0.7230010.3.1.3.3426864066.2352.1345226114.112,not identifiable from index / qiba_volct_1b,not identifiable from index,qiba_volct_1b,rider_pilot,OK,1,1
1.2.276.0.7230010.3.1.3.309938702.2504.1345116998.27,not identifiable from index / qiba_volct_1b,not identifiable from index,qiba_volct_1b,rider_pilot,OK,1,1
1.3.6.1.4.1.14519.5.2.1.107343801853911982922444429606490791197,dcmqi / (null),dcmqi,(null),remind,OK,1,1
1.2.276.0.7230010.3.1.3.1031255639.2132.1345991883.367,not identifiable from index / qiba_volct_1b,not identifiable from index,qiba_volct_1b,rider_pilot,OK,1,1
1.2.276.0.7230010.3.1.3.3426864066.1284.1345229462.452,not identifiable from index / qiba_volct_1b,not identifiable from index,qiba_volct_1b,rider_pilot,OK,1,1
1.3.6.1.4.1.14519.5.2.1.125446008082780908393278456818915598455,dcmqi / (null),dcmqi,(null),remind,OK,1,1
1.2.276.0.7230010.3.1.3.1231426215.1428.1345546629.150,not identifiable from index / qiba_volct_1b,not identifiable from index,qiba_volct_1b,rider_pilot,OK,1,1
1.2.276.0.7230010.3.1.3.1565948079.2848.1345144135.446,not identifiable from index / qiba_volct_1b,not identifiable from index,qiba_volct_1b,rider_lung_ct,OK,1,1
1.3.6.1.4.1.14519.5.2.1.52051138369697505755424048803530215774,dcmqi / (null),dcmqi,(null),remind,OK,1,1
1.2.276.0.7230010.3.1.3.505801377.400.1345913374.64,not identifiable from index / qiba_volct_1b,not identifiable from index,qiba_volct_1b,rider_pilot,OK,1,1
1.2.276.0.7230010.3.1.3.505801377.2044.1345985214.367,not identifiable from index / qiba_volct_1b,not identifiable from index,qiba_volct_1b,rider_pilot,OK,1,1
1.2.276.0.7230010.3.1.3.3426864066.612.1345230290.282,not identifiable from index / qiba_volct_1b,not identifiable from index,qiba_volct_1b,rider_pilot,OK,1,1
1.2.276.0.7230010.3.1.3.1231426215.2940.1345569540.27,not identifiable from index / qiba_volct_1b,not identifiable from index,qiba_volct_1b,rider_pilot,OK,1,1
1.2.826.0.1.3680043.10.511.3.52718792596956191427627708160947313,not identifiable from index / tcga_sbu_til_maps,not identifiable from index,tcga_sbu_til_maps,tcga_stad,OK,1,1
1.2.276.0.7230010.3.1.3.3426864066.868.1345224278.34,not identifiable from index / qiba_volct_1b,not identifiable from index,qiba_volct_1b,rider_pilot,OK,1,1
1.2.276.0.7230010.3.1.3.1231426215.2584.1345553164.459,not identifiable from index / qiba_volct_1b,not identifiable from index,qiba_volct_1b,rider_pilot,OK,1,1
1.2.276.0.7230010.3.1.3.1031255639.896.1345989426.119,not identifiable from index / qiba_volct_1b,not identifiable from index,qiba_volct_1b,rider_pilot,OK,1,1
1.2.276.0.7230010.3.1.3.1231426215.2348.1345554439.374,not identifiable from index / qiba_volct_1b,not identifiable from index,qiba_volct_1b,rider_pilot,OK,1,1
1.2.826.0.1.3680043.10.511.3.65199283353374396145523312199595223,not identifiable from index / tcga_sbu_til_maps,not identifiable from index,tcga_sbu_til_maps,tcga_luad,OK,1,1
1.2.826.0.1.3680043.10.511.3.26460410688634878082325476774332896,not identifiable from index / tcga_sbu_til_maps,not identifiable from index,tcga_sbu_til_maps,tcga_read,OK,1,1
1.2.276.0.7230010.3.1.3.1031255639.896.1345989529.204,not identifiable from index / qiba_volct_1b,not identifiable from index,qiba_volct_1b,rider_pilot,OK,1,1
1.2.276.0.7230010.3.1.3.4148549909.2324.1344862334.34,not identifiable from index / qiba_volct_1b,not identifiable from index,qiba_volct_1b,rider_pilot,OK,1,1
1.2.276.0.7230010.3.1.3.1031255639.2932.1345990981.405,not identifiable from index / qiba_volct_1b,not identifiable from index,qiba_volct_1b,rider_pilot,OK,1,1
1.2.276.0.7230010.3.1.3.1231426215.2092.1345741703.197,not identifiable from index / qiba_volct_1b,not identifiable from index,qiba_volct_1b,rider_pilot,OK,1,1
1.2.276.0.7230010.3.1.3.1231426215.2400.1345736157.374,not identifiable from index / qiba_volct_1b,not identifiable from index,qiba_volct_1b,rider_pilot,OK,1,1
1.2.276.0.7230010.3.1.3.309938702.2016.1345115561.319,not identifiable from index / qiba_volct_1b,not identifiable from index,qiba_volct_1b,rider_pilot,OK,1,1
1.2.276.0.7230010.3.1.3.1565948079.2848.1345144135.439,not identifiable from index / qiba_volct_1b,not identifiable from index,qiba_volct_1b,rider_lung_ct,OK,1,1
1.3.6.1.4.1.14519.5.2.1.134272183130384218639278825520827112741,dcmqi / (null),dcmqi,(null),remind,OK,1,1
1.2.826.0.1.3680043.10.511.3.70311017931216317896188462064939512,not identifiable from index / tcga_sbu_til_maps,not identifiable from index,tcga_sbu_til_maps,tcga_lusc,OK,1,1
1.2.276.0.7230010.3.1.3.3426864066.2352.1345226114.119,not identifiable from index / qiba_volct_1b,not identifiable from index,qiba_volct_1b,rider_pilot,OK,1,1
1.3.6.1.4.1.14519.5.2.1.78877057920516581951852410657504294335,dcmqi / (null),dcmqi,(null),remind,OK,1,1
1.2.276.0.7230010.3.1.3.1031255639.1400.1345986988.34,not identifiable from index / qiba_volct_1b,not identifiable from index,qiba_volct_1b,rider_lung_ct,OK,1,1
1.2.826.0.1.3680043.10.511.3.58953967901152017084256509424330077,not identifiable from index / tcga_sbu_til_maps,not identifiable from index,tcga_sbu_til_maps,tcga_luad,OK,1,1
1.2.826.0.1.3680043.10.511.3.87629804295740133186770366758288137,not identifiable from index / tcga_sbu_til_maps,not identifiable from index,tcga_sbu_til_maps,tcga_cesc,OK,1,1
1.3.6.1.4.1.14519.5.2.1.28434759015233120418644315843583334339,dcmqi / (null),dcmqi,(null),remind,OK,1,1
1.2.826.0.1.3680043.10.511.3.93737426390503999956825917369362694,not identifiable from index / tcga_sbu_til_maps,not identifiable from index,tcga_sbu_til_maps,tcga_hnsc,OK,1,1
1.2.826.0.1.3680043.10.511.3.3500059799604979003344944028474672,not identifiable from index / tcga_sbu_til_maps,not identifiable from index,tcga_sbu_til_maps,tcga_stad,OK,1,1
1.2.826.0.1.3680043.10.511.3.76126150711244593081319906886359804,not identifiable from index / tcga_sbu_til_maps,not identifiable from index,tcga_sbu_til_maps,tcga_coad,OK,1,1
1.3.6.1.4.1.14519.5.2.1.52017372084734677742148244460878860960,dcmqi / (null),dcmqi,(null),remind,OK,1,1
1.2.276.0.7230010.3.1.3.3426864066.612.1345230290.289,not identifiable from index / qiba_volct_1b,not identifiable from index,qiba_volct_1b,rider_pilot,OK,1,1
1.2.276.0.7230010.3.1.3.1031255639.896.1345989782.367,not identifiable from index / qiba_volct_1b,not identifiable from index,qiba_volct_1b,rider_pilot,OK,1,1
1.2.276.0.7230010.3.1.3.1231426215.1972.1345740446.282,not identifiable from index / qiba_volct_1b,not identifiable from index,qiba_volct_1b,rider_pilot,OK,1,1
1.2.276.0.7230010.3.1.3.3426864066.1284.1345229185.282,not identifiable from index / qiba_volct_1b,not identifiable from index,qiba_volct_1b,rider_pilot,OK,1,1
1.2.826.0.1.3680043.10.511.3.59619147719206363164567008448271291,not identifiable from index / tcga_sbu_til_maps,not identifiable from index,tcga_sbu_til_maps,tcga_read,OK,1,1
1.3.6.1.4.1.14519.5.2.1.292316959175592100861955056852948113468,dcmqi / (null),dcmqi,(null),remind,OK,1,1
1.2.276.0.7230010.3.1.3.1231426215.2848.1345736972.197,not identifiable from index / qiba_volct_1b,not identifiable from index,qiba_volct_1b,rider_pilot,OK,1,1
1.2.276.0.7230010.3.1.3.3426864066.868.1345224710.282,not identifiable from index / qiba_volct_1b,not identifiable from index,qiba_volct_1b,rider_pilot,OK,1,1
1.2.276.0.7230010.3.1.3.4148549909.2120.1344861609.452,not identifiable from index / qiba_volct_1b,not identifiable from index,qiba_volct_1b,rider_pilot,OK,1,1
1.2.826.0.1.3680043.10.511.3.9090418428597935091637160774666169,not identifiable from index / tcga_sbu_til_maps,not identifiable from index,tcga_sbu_til_maps,tcga_luad,OK,1,1
1.2.826.0.1.3680043.10.511.3.93053474774339233038968905960713764,not identifiable from index / tcga_sbu_til_maps,not identifiable from index,tcga_sbu_til_maps,tcga_luad,OK,1,1
1.2.276.0.7230010.3.1.3.3496549722.2144.1315690436.670,not identifiable from index / (null),not identifiable from index,(null),qiba_ct_1c,OK,1,1
1.2.826.0.1.3680043.10.511.3.80385419046063422010083760506239451,not identifiable from index / tcga_sbu_til_maps,not identifiable from index,tcga_sbu_til_maps,tcga_read,OK,1,1
1.2.826.0.1.3680043.10.511.3.27074409322502732432287211094015132,not identifiable from index / tcga_sbu_til_maps,not identifiable from index,tcga_sbu_til_maps,tcga_prad,OK,1,1
1.2.826.0.1.3680043.10.511.3.78394272264098144201443900069093145,not identifiable from index / tcga_sbu_til_maps,not identifiable from index,tcga_sbu_til_maps,tcga_coad,OK,1,1
1.3.6.1.4.1.14519.5.2.1.302173525437187672570635794392296610051,dcmqi / (null),dcmqi,(null),remind,OK,1,1
1.2.276.0.7230010.3.1.3.1031255639.2132.1345991726.282,not identifiable from index / qiba_volct_1b,not identifiable from index,qiba_volct_1b,rider_lung_ct,OK,1,1
1.2.826.0.1.3680043.10.511.3.75650403316044984253362772887908116,not identifiable from index / tcga_sbu_til_maps,not identifiable from index,tcga_sbu_til_maps,tcga_meso,OK,1,1
1.2.276.0.7230010.3.1.3.1231426215.2584.1345552882.282,not identifiable from index / qiba_volct_1b,not identifiable from index,qiba_volct_1b,rider_pilot,OK,1,1
1.2.276.0.7230010.3.1.3.1565948079.3044.1345142561.157,not identifiable from index / qiba_volct_1b,not identifiable from index,qiba_volct_1b,rider_pilot,OK,1,1
1.3.6.1.4.1.14519.5.2.1.115749566563692449074052508017051162595,dcmqi / (null),dcmqi,(null),remind,OK,1,1
1.3.6.1.4.1.14519.5.2.1.122031566038016664546832917785886643537,dcmqi / (null),dcmqi,(null),remind,OK,1,1
1.2.826.0.1.3680043.10.511.3.90429041896059434309020504202491690,not identifiable from index / tcga_sbu_til_maps,not identifiable from index,tcga_sbu_til_maps,tcga_lusc,OK,1,1
1.2.826.0.1.3680043.10.511.3.20227254134866757492514942438164982,not identifiable from index / tcga_sbu_til_maps,not identifiable from index,tcga_sbu_til_maps,tcga_luad,OK,1,1
1.2.826.0.1.3680043.10.511.3.29804504205599089024201925944534495,not identifiable from index / tcga_sbu_til_maps,not identifiable from index,tcga_sbu_til_maps,tcga_acc,OK,1,1
1.2.826.0.1.3680043.10.511.3.62341902621063528881335503756118269,not identifiable from index / tcga_sbu_til_maps,not identifiable from index,tcga_sbu_til_maps,tcga_luad,OK,1,1
1.2.826.0.1.3680043.10.511.3.61834828367167054189646392918235036,not identifiable from index / tcga_sbu_til_maps,not identifiable from index,tcga_sbu_til_maps,tcga_paad,OK,1,1
1.2.276.0.7230010.3.1.3.505801377.400.1345914053.404,not identifiable from index / qiba_volct_1b,not identifiable from index,qiba_volct_1b,rider_lung_ct,OK,1,1
1.2.826.0.1.3680043.10.511.3.66253168815453247882845895323953803,not identifiable from index / tcga_sbu_til_maps,not identifiable from index,tcga_sbu_til_maps,tcga_kirc,OK,1,1
1.2.826.0.1.3680043.10.511.3.20336189677739501786370512627298178,not identifiable from index / tcga_sbu_til_maps,not identifiable from index,tcga_sbu_til_maps,tcga_cesc,OK,1,1
1.2.276.0.7230010.3.1.3.3426864066.2352.1345227247.544,not identifiable from index / qiba_volct_1b,not identifiable from index,qiba_volct_1b,rider_lung_ct,OK,1,1
1.2.826.0.1.3680043.10.511.3.60516411724389901364944325606366362,not identifiable from index / tcga_sbu_til_maps,not identifiable from index,tcga_sbu_til_maps,tcga_luad,OK,1,1
1.2.276.0.7230010.3.1.3.1565948079.2912.1345146821.27,not identifiable from index / qiba_volct_1b,not identifiable from index,qiba_volct_1b,rider_lung_ct,OK,1,1
1.2.826.0.1.3680043.10.511.3.72715635242988521013551132969343424,not identifiable from index / tcga_sbu_til_maps,not identifiable from index,tcga_sbu_til_maps,tcga_prad,OK,1,1
1.2.276.0.7230010.3.1.3.3426864066.868.1345224588.197,not identifiable from index / qiba_volct_1b,not identifiable from index,qiba_volct_1b,rider_pilot,OK,1,1
1.2.826.0.1.3680043.10.511.3.93729407770674341387567816501475981,not identifiable from index / tcga_sbu_til_maps,not identifiable from index,tcga_sbu_til_maps,tcga_cesc,OK,1,1
1.2.826.0.1.3680043.10.511.3.87518734595007533070238477448901404,not identifiable from index / tcga_sbu_til_maps,not identifiable from index,tcga_sbu_til_maps,tcga_acc,OK,1,1
1.2.276.0.7230010.3.1.3.505801377.400.1345914053.411,not identifiable from index / qiba_volct_1b,not identifiable from index,qiba_volct_1b,rider_lung_ct,OK,1,1
1.2.276.0.7230010.3.1.3.1231426215.1472.1345739029.112,not identifiable from index / qiba_volct_1b,not identifiable from index,qiba_volct_1b,rider_lung_ct,OK,1,1
1.2.276.0.7230010.3.1.3.1031255639.1400.1345987394.289,not identifiable from index / qiba_volct_1b,not identifiable from index,qiba_volct_1b,rider_pilot,OK,1,1
1.2.826.0.1.3680043.10.511.3.84171158299308291162377997368910045,not identifiable from index / tcga_sbu_til_maps,not identifiable from index,tcga_sbu_til_maps,tcga_stad,OK,1,1
1.2.826.0.1.3680043.10.511.3.44573809112271497440881312506792898,not identifiable from index / tcga_sbu_til_maps,not identifiable from index,tcga_sbu_til_maps,tcga_cesc,OK,1,1
1.2.276.0.7230010.3.1.3.1031255639.2200.1345988764.367,not identifiable from index / qiba_volct_1b,not identifiable from index,qiba_volct_1b,rider_pilot,OK,1,1
1.3.6.1.4.1.14519.5.2.1.170004435910544132980233125809884849152,dcmqi / (null),dcmqi,(null),remind,OK,1,1
1.2.826.0.1.3680043.10.511.3.1036584259248767588195219354674511,not identifiable from index / tcga_sbu_til_maps,not identifiable from index,tcga_sbu_til_maps,tcga_coad,OK,1,1
1.2.276.0.7230010.3.1.3.1565948079.2912.1345147936.374,not identifiable from index / qiba_volct_1b,not identifiable from index,qiba_volct_1b,rider_pilot,OK,1,1
1.2.276.0.7230010.3.1.3.3286681592.2284.1344866231.459,not identifiable from index / qiba_volct_1b,not identifiable from index,qiba_volct_1b,rider_pilot,OK,1,1
1.2.826.0.1.3680043.10.511.3.4790830787363179399556605288961079,not identifiable from index / tcga_sbu_til_maps,not identifiable from index,tcga_sbu_til_maps,tcga_prad,OK,1,1
1.2.276.0.7230010.3.1.3.1031255639.2932.1345990551.150,not identifiable from index / qiba_volct_1b,not identifiable from index,qiba_volct_1b,rider_lung_ct,OK,1,1
1.2.276.0.7230010.3.1.3.1231426215.888.1345737671.34,not identifiable from index / qiba_volct_1b,not identifiable from index,qiba_volct_1b,rider_pilot,OK,1,1
1.2.276.0.7230010.3.1.3.1031255639.1400.1345987597.374,not identifiable from index / qiba_volct_1b,not identifiable from index,qiba_volct_1b,rider_pilot,OK,1,1
1.2.276.0.7230010.3.1.3.1231426215.2348.1345554255.289,not identifiable from index / qiba_volct_1b,not identifiable from index,qiba_volct_1b,rider_pilot,OK,1,1
1.2.276.0.7230010.3.1.3.3426864066.868.1345224408.119,not identifiable from index / qiba_volct_1b,not identifiable from index,qiba_volct_1b,rider_pilot,OK,1,1
1.2.826.0.1.3680043.10.511.3.51194661283755388466709024323089353,not identifiable from index / tcga_sbu_til_maps,not identifiable from index,tcga_sbu_til_maps,tcga_meso,OK,1,1
1.2.276.0.7230010.3.1.3.1231426215.888.1345738252.374,not identifiable from index / qiba_volct_1b,not identifiable from index,qiba_volct_1b,rider_lung_ct,OK,1,1
1.2.826.0.1.3680043.10.511.3.46380246753707456233791504236267124,not identifiable from index / tcga_sbu_til_maps,not identifiable from index,tcga_sbu_til_maps,tcga_lihc,OK,1,1
1.2.276.0.7230010.3.1.3.309938702.2504.1345118236.374,not identifiable from index / qiba_volct_1b,not identifiable from index,qiba_volct_1b,rider_lung_ct,OK,1,1
1.2.826.0.1.3680043.10.511.3.44908832904611552614191029408479710,not identifiable from index / tcga_sbu_til_maps,not identifiable from index,tcga_sbu_til_maps,tcga_read,OK,1,1
1.2.826.0.1.3680043.10.511.3.75907719927646732763323416371677606,not identifiable from index / tcga_sbu_til_maps,not identifiable from index,tcga_sbu_til_maps,tcga_meso,OK,1,1
1.2.826.0.1.3680043.10.511.3.17322080056148350794872068988102170,not identifiable from index / tcga_sbu_til_maps,not identifiable from index,tcga_sbu_til_maps,tcga_brca,OK,1,1
1.2.276.0.7230010.3.1.3.1231426215.2584.1345553020.367,not identifiable from index / qiba_volct_1b,not identifiable from index,qiba_volct_1b,rider_pilot,OK,1,1
1.2.276.0.7230010.3.1.3.3286681592.2284.1344865350.112,not identifiable from index / qiba_volct_1b,not identifiable from index,qiba_volct_1b,rider_pilot,OK,1,1
1.2.276.0.7230010.3.1.3.1231426215.2584.1345552732.197,not identifiable from index / qiba_volct_1b,not identifiable from index,qiba_volct_1b,rider_lung_ct,OK,1,1
1.2.826.0.1.3680043.10.511.3.67803543821581892612582743994870518,not identifiable from index / tcga_sbu_til_maps,not identifiable from index,tcga_sbu_til_maps,tcga_lihc,OK,1,1
1.3.6.1.4.1.14519.5.2.1.94189152634477411948925487513106671905,dcmqi / (null),dcmqi,(null),remind,OK,1,1
1.2.826.0.1.3680043.10.511.3.23029944992197509660998011852640766,not identifiable from index / tcga_sbu_til_maps,not identifiable from index,tcga_sbu_til_maps,tcga_lihc,OK,1,1
1.2.826.0.1.3680043.10.511.3.11944544080958247470556973216008619,not identifiable from index / tcga_sbu_til_maps,not identifiable from index,tcga_sbu_til_maps,tcga_coad,OK,1,1
1.2.276.0.7230010.3.1.3.1231426215.2092.1345741565.119,not identifiable from index / qiba_volct_1b,not identifiable from index,qiba_volct_1b,rider_lung_ct,OK,1,1
1.2.826.0.1.3680043.10.511.3.97926783118770837672774213996623698,not identifiable from index / tcga_sbu_til_maps,not identifiable from index,tcga_sbu_til_maps,tcga_lihc,OK,1,1
1.2.826.0.1.3680043.10.511.3.58313377431828686053646641775183599,not identifiable from index / tcga_sbu_til_maps,not identifiable from index,tcga_sbu_til_maps,tcga_read,OK,1,1
1.2.276.0.7230010.3.1.3.3496549722.2144.1315688923.100,not identifiable from index / (null),not identifiable from index,(null),qiba_ct_1c,OK,1,1
1.2.826.0.1.3680043.10.511.3.85032046768439731559484998345863277,not identifiable from index / tcga_sbu_til_maps,not identifiable from index,tcga_sbu_til_maps,tcga_luad,OK,1,1
1.2.826.0.1.3680043.10.511.3.31348269206431467355954370906192743,not identifiable from index / tcga_sbu_til_maps,not identifiable from index,tcga_sbu_til_maps,tcga_brca,OK,1,1
1.2.276.0.7230010.3.1.3.1231426215.2848.1345737457.459,not identifiable from index / qiba_volct_1b,not identifiable from index,qiba_volct_1b,rider_pilot,OK,1,1
1.2.276.0.7230010.3.1.3.505801377.400.1345913933.326,not identifiable from index / qiba_volct_1b,not identifiable from index,qiba_volct_1b,rider_lung_ct,OK,1,1
1.2.826.0.1.3680043.10.511.3.21421381907477558499786587085845888,not identifiable from index / tcga_sbu_til_maps,not identifiable from index,tcga_sbu_til_maps,tcga_luad,OK,1,1
1.2.826.0.1.3680043.10.511.3.45903776799014483382558183397558192,not identifiable from index / tcga_sbu_til_maps,not identifiable from index,tcga_sbu_til_maps,tcga_stad,OK,1,1
1.2.276.0.7230010.3.1.3.3426864066.2352.1345227247.537,not identifiable from index / qiba_volct_1b,not identifiable from index,qiba_volct_1b,rider_lung_ct,OK,1,1
1.2.276.0.7230010.3.1.3.309938702.2504.1345116998.34,not identifiable from index / qiba_volct_1b,not identifiable from index,qiba_volct_1b,rider_pilot,OK,1,1
1.3.6.1.4.1.14519.5.2.1.235760018602270446597303947711099680288,dcmqi / (null),dcmqi,(null),remind,OK,1,1
1.2.826.0.1.3680043.10.511.3.22457565363511284346594711929052591,not identifiable from index / tcga_sbu_til_maps,not identifiable from index,tcga_sbu_til_maps,tcga_skcm,OK,1,1
1.2.276.0.7230010.3.1.3.3496549722.3860.1316097781.107,not identifiable from index / (null),not identifiable from index,(null),qiba_ct_1c,OK,1,1
1.2.826.0.1.3680043.10.511.3.68270603116123478136478392975574858,not identifiable from index / tcga_sbu_til_maps,not identifiable from index,tcga_sbu_til_maps,tcga_brca,OK,1,1
1.2.276.0.7230010.3.1.3.3496549722.3892.1315863894.519,not identifiable from index / (null),not identifiable from index,(null),qiba_ct_1c,OK,1,1
1.2.276.0.7230010.3.1.3.1231426215.2092.1345741565.112,not identifiable from index / qiba_volct_1b,not identifiable from index,qiba_volct_1b,rider_lung_ct,OK,1,1
1.2.276.0.7230010.3.1.3.3286681592.2284.1344865351.119,not identifiable from index / qiba_volct_1b,not identifiable from index,qiba_volct_1b,rider_pilot,OK,1,1
1.2.276.0.7230010.3.1.3.3426864066.868.1345224588.204,not identifiable from index / qiba_volct_1b,not identifiable from index,qiba_volct_1b,rider_pilot,OK,1,1
1.3.6.1.4.1.14519.5.2.1.147949324038063748980435243451587292587,dcmqi / (null),dcmqi,(null),remind,OK,1,1
1.2.276.0.7230010.3.1.3.3426864066.2352.1345227117.459,not identifiable from index / qiba_volct_1b,not identifiable from index,qiba_volct_1b,rider_lung_ct,OK,1,1
1.2.276.0.7230010.3.1.3.3496549722.2120.1315597533.367,not identifiable from index / (null),not identifiable from index,(null),qiba_ct_1c,OK,1,1
1.2.276.0.7230010.3.1.3.3496549722.3928.1316112139.329,not identifiable from index / (null),not identifiable from index,(null),qiba_ct_1c,OK,1,1
1.2.276.0.7230010.3.1.3.1231426215.1472.1345739029.119,not identifiable from index / qiba_volct_1b,not identifiable from index,qiba_volct_1b,rider_lung_ct,OK,1,1
1.2.826.0.1.3680043.10.511.3.87353921307694670830351974011513962,not identifiable from index / tcga_sbu_til_maps,not identifiable from index,tcga_sbu_til_maps,tcga_coad,OK,1,1
1.3.6.1.4.1.14519.5.2.1.274541495384119618019464532839460883903,dcmqi / (null),dcmqi,(null),remind,OK,1,1
1.2.276.0.7230010.3.1.3.1031255639.2932.1345990450.65,not identifiable from index / qiba_volct_1b,not identifiable from index,qiba_volct_1b,rider_lung_ct,OK,1,1
1.2.276.0.7230010.3.1.3.1231426215.2584.1345553020.374,not identifiable from index / qiba_volct_1b,not identifiable from index,qiba_volct_1b,rider_pilot,OK,1,1
1.2.276.0.7230010.3.1.3.1031255639.2132.1345991883.374,not identifiable from index / qiba_volct_1b,not identifiable from index,qiba_volct_1b,rider_pilot,OK,1,1
1.2.826.0.1.3680043.10.511.3.92862777563006543197882838599012587,not identifiable from index / tcga_sbu_til_maps,not identifiable from index,tcga_sbu_til_maps,tcga_hnsc,OK,1,1
1.2.276.0.7230010.3.1.3.505801377.400.1345913733.241,not identifiable from index / qiba_volct_1b,not identifiable from index,qiba_volct_1b,rider_lung_ct,OK,1,1
1.2.276.0.7230010.3.1.3.3496549722.3928.1316111811.215,not identifiable from index / (null),not identifiable from index,(null),qiba_ct_1c,OK,1,1
1.2.276.0.7230010.3.1.3.3426864066.612.1345230812.459,not identifiable from index / qiba_volct_1b,not identifiable from index,qiba_volct_1b,rider_lung_ct,OK,1,1
1.2.276.0.7230010.3.1.3.3496549722.3300.1315755562.709,not identifiable from index / (null),not identifiable from index,(null),qiba_ct_1c,OK,1,1
1.2.276.0.7230010.3.1.3.3496549722.3928.1316111635.139,not identifiable from index / (null),not identifiable from index,(null),qiba_ct_1c,OK,1,1
1.2.826.0.1.3680043.10.511.3.80144662388038688122956586544894177,not identifiable from index / tcga_sbu_til_maps,not identifiable from index,tcga_sbu_til_maps,tcga_hnsc,OK,1,1
1.2.276.0.7230010.3.1.3.1031255639.2932.1345990450.72,not identifiable from index / qiba_volct_1b,not identifiable from index,qiba_volct_1b,rider_lung_ct,OK,1,1
1.2.276.0.7230010.3.1.3.3426864066.612.1345230070.204,not identifiable from index / qiba_volct_1b,not identifiable from index,qiba_volct_1b,rider_lung_ct,OK,1,1
1.2.826.0.1.3680043.10.511.3.42375986157891925183099933110010906,not identifiable from index / tcga_sbu_til_maps,not identifiable from index,tcga_sbu_til_maps,tcga_coad,OK,1,1
1.2.276.0.7230010.3.1.3.1231426215.1472.1345738723.27,not identifiable from index / qiba_volct_1b,not identifiable from index,qiba_volct_1b,rider_pilot,OK,1,1
1.2.826.0.1.3680043.10.511.3.64615705498363492212428333955461376,not identifiable from index / tcga_sbu_til_maps,not identifiable from index,tcga_sbu_til_maps,tcga_kirc,OK,1,1
1.2.276.0.7230010.3.1.3.1231426215.2484.1345556235.374,not identifiable from index / qiba_volct_1b,not identifiable from index,qiba_volct_1b,rider_pilot,OK,1,1
1.2.826.0.1.3680043.10.511.3.21786810161034520696612172753951528,not identifiable from index / tcga_sbu_til_maps,not identifiable from index,tcga_sbu_til_maps,tcga_hnsc,OK,1,1
1.2.826.0.1.3680043.10.511.3.95782521207379362751414722699985778,not identifiable from index / tcga_sbu_til_maps,not identifiable from index,tcga_sbu_til_maps,tcga_prad,OK,1,1
1.2.826.0.1.3680043.10.511.3.81342573310433477398504214365406276,not identifiable from index / tcga_sbu_til_maps,not identifiable from index,tcga_sbu_til_maps,tcga_stad,OK,1,1
1.2.276.0.7230010.3.1.3.3426864066.612.1345230812.452,not identifiable from index / qiba_volct_1b,not identifiable from index,qiba_volct_1b,rider_lung_ct,OK,1,1
1.2.276.0.7230010.3.1.3.1031255639.896.1345989892.459,not identifiable from index / qiba_volct_1b,not identifiable from index,qiba_volct_1b,rider_lung_ct,OK,1,1
1.2.826.0.1.3680043.10.511.3.50605715549426145735352613910919155,not identifiable from index / tcga_sbu_til_maps,not identifiable from index,tcga_sbu_til_maps,tcga_meso,OK,1,1
1.2.826.0.1.3680043.10.511.3.44963245229505104051278249530171029,not identifiable from index / tcga_sbu_til_maps,not identifiable from index,tcga_sbu_til_maps,tcga_brca,OK,1,1
1.2.276.0.7230010.3.1.3.1231426215.1972.1345562423.282,not identifiable from index / qiba_volct_1b,not identifiable from index,qiba_volct_1b,rider_lung_ct,OK,1,1
1.2.276.0.7230010.3.1.3.1231426215.2484.1345555349.27,not identifiable from index / qiba_volct_1b,not identifiable from index,qiba_volct_1b,rider_lung_ct,OK,1,1
1.2.826.0.1.3680043.10.511.3.66706139374353893504503588779010294,not identifiable from index / tcga_sbu_til_maps,not identifiable from index,tcga_sbu_til_maps,tcga_brca,OK,1,1
1.2.826.0.1.3680043.10.511.3.64666519365696701160360412404877103,not identifiable from index / tcga_sbu_til_maps,not identifiable from index,tcga_sbu_til_maps,tcga_brca,OK,1,1
1.2.826.0.1.3680043.10.511.3.3631974402390026010481044457022760,not identifiable from index / tcga_sbu_til_maps,not identifiable from index,tcga_sbu_til_maps,tcga_stad,OK,1,1
1.2.826.0.1.3680043.10.511.3.13536818745770443257187073942596449,not identifiable from index / tcga_sbu_til_maps,not identifiable from index,tcga_sbu_til_maps,tcga_prad,OK,1,1
1.2.826.0.1.3680043.10.511.3.73441409256723154988202564426558013,not identifiable from index / tcga_sbu_til_maps,not identifiable from index,tcga_sbu_til_maps,tcga_kirc,OK,1,1
1.2.826.0.1.3680043.10.511.3.44793511536958976340922037474529454,not identifiable from index / tcga_sbu_til_maps,not identifiable from index,tcga_sbu_til_maps,tcga_sarc,OK,1,1
1.2.826.0.1.3680043.10.511.3.52231962128673168211096102371251731,not identifiable from index / tcga_sbu_til_maps,not identifiable from index,tcga_sbu_til_maps,tcga_skcm,OK,1,1
1.2.276.0.7230010.3.1.3.505801377.400.1345913933.319,not identifiable from index / qiba_volct_1b,not identifiable from index,qiba_volct_1b,rider_lung_ct,OK,1,1
1.3.6.1.4.1.14519.5.2.1.56137325899223939889669089606706611776,dcmqi / (null),dcmqi,(null),remind,OK,1,1
1.2.826.0.1.3680043.10.511.3.52482796066579538372996599920392333,not identifiable from index / tcga_sbu_til_maps,not identifiable from index,tcga_sbu_til_maps,tcga_stad,OK,1,1
1.2.276.0.7230010.3.1.3.309938702.2504.1345117697.204,not identifiable from index / qiba_volct_1b,not identifiable from index,qiba_volct_1b,rider_lung_ct,OK,1,1
1.2.826.0.1.3680043.10.511.3.95020523016445563371135075448517296,not identifiable from index / tcga_sbu_til_maps,not identifiable from index,tcga_sbu_til_maps,tcga_lusc,OK,1,1
1.2.826.0.1.3680043.10.511.3.23272775546536982971647878633297180,not identifiable from index / tcga_sbu_til_maps,not identifiable from index,tcga_sbu_til_maps,tcga_sarc,OK,1,1
1.2.276.0.7230010.3.1.3.3426864066.1628.1345222905.64,not identifiable from index / qiba_volct_1b,not identifiable from index,qiba_volct_1b,rider_lung_ct,OK,1,1
1.2.826.0.1.3680043.10.511.3.51185867402491065436620048377930721,not identifiable from index / tcga_sbu_til_maps,not identifiable from index,tcga_sbu_til_maps,tcga_kirc,OK,1,1
1.2.276.0.7230010.3.1.3.1031255639.896.1345989528.197,not identifiable from index / qiba_volct_1b,not identifiable from index,qiba_volct_1b,rider_pilot,OK,1,1
1.2.826.0.1.3680043.10.511.3.26930372593098619262142713817509661,not identifiable from index / tcga_sbu_til_maps,not identifiable from index,tcga_sbu_til_maps,tcga_luad,OK,1,1
1.2.276.0.7230010.3.1.3.309938702.2504.1345118236.367,not identifiable from index / qiba_volct_1b,not identifiable from index,qiba_volct_1b,rider_lung_ct,OK,1,1
1.2.826.0.1.3680043.10.511.3.85418601837990921765782449706234014,not identifiable from index / tcga_sbu_til_maps,not identifiable from index,tcga_sbu_til_maps,tcga_prad,OK,1,1
1.2.826.0.1.3680043.10.511.3.6698930632791129662049300904070708,not identifiable from index / tcga_sbu_til_maps,not identifiable from index,tcga_sbu_til_maps,tcga_hnsc,OK,1,1
1.2.276.0.7230010.3.1.3.1031255639.2932.1345990551.157,not identifiable from index / qiba_volct_1b,not identifiable from index,qiba_volct_1b,rider_lung_ct,OK,1,1
1.2.826.0.1.3680043.10.511.3.76845217346056580009543548400572397,not identifiable from index / tcga_sbu_til_maps,not identifiable from index,tcga_sbu_til_maps,tcga_coad,OK,1,1
1.2.826.0.1.3680043.10.511.3.81838202086300248615253050997300617,not identifiable from index / tcga_sbu_til_maps,not identifiable from index,tcga_sbu_til_maps,tcga_lihc,OK,1,1
1.2.826.0.1.3680043.10.511.3.5378573982142651384091477796632628,not identifiable from index / tcga_sbu_til_maps,not identifiable from index,tcga_sbu_til_maps,tcga_coad,OK,1,1
1.2.826.0.1.3680043.10.511.3.29407788003168525360611425353862169,not identifiable from index / tcga_sbu_til_maps,not identifiable from index,tcga_sbu_til_maps,tcga_ov,OK,1,1
1.2.826.0.1.3680043.10.511.3.54047869052946941037122738073602380,not identifiable from index / tcga_sbu_til_maps,not identifiable from index,tcga_sbu_til_maps,tcga_skcm,OK,1,1
1.2.826.0.1.3680043.10.511.3.45960295654406739474189894197748717,not identifiable from index / tcga_sbu_til_maps,not identifiable from index,tcga_sbu_til_maps,tcga_cesc,OK,1,1
1.2.826.0.1.3680043.10.511.3.85648906408375374772734874242261326,not identifiable from index / tcga_sbu_til_maps,not identifiable from index,tcga_sbu_til_maps,tcga_hnsc,OK,1,1
1.2.276.0.7230010.3.1.3.1231426215.1972.1345562423.289,not identifiable from index / qiba_volct_1b,not identifiable from index,qiba_volct_1b,rider_lung_ct,OK,1,1
1.2.276.0.7230010.3.1.3.1231426215.1972.1345740076.119,not identifiable from index / qiba_volct_1b,not identifiable from index,qiba_volct_1b,rider_lung_ct,OK,1,1
1.2.826.0.1.3680043.10.511.3.75828046064764446927524899395134965,not identifiable from index / tcga_sbu_til_maps,not identifiable from index,tcga_sbu_til_maps,tcga_blca,OK,1,1
1.2.826.0.1.3680043.10.511.3.76956217169156826477598778031395852,not identifiable from index / tcga_sbu_til_maps,not identifiable from index,tcga_sbu_til_maps,tcga_brca,OK,1,1
1.2.826.0.1.3680043.10.511.3.71700065879798832524769557591022967,not identifiable from index / tcga_sbu_til_maps,not identifiable from index,tcga_sbu_til_maps,tcga_hnsc,OK,1,1
1.2.826.0.1.3680043.10.511.3.73657657213319093600437902274216530,not identifiable from index / tcga_sbu_til_maps,not identifiable from index,tcga_sbu_til_maps,tcga_kirc,OK,1,1
1.2.276.0.7230010.3.1.3.1231426215.2584.1345552732.204,not identifiable from index / qiba_volct_1b,not identifiable from index,qiba_volct_1b,rider_lung_ct,OK,1,1
1.2.276.0.7230010.3.1.3.1565948079.2912.1345146821.34,not identifiable from index / qiba_volct_1b,not identifiable from index,qiba_volct_1b,rider_lung_ct,OK,1,1
1.2.826.0.1.3680043.10.511.3.53550116419964112249096269579564675,not identifiable from index / tcga_sbu_til_maps,not identifiable from index,tcga_sbu_til_maps,tcga_read,OK,1,1
1.2.826.0.1.3680043.10.511.3.32158020428339372610980137668443899,not identifiable from index / tcga_sbu_til_maps,not identifiable from index,tcga_sbu_til_maps,tcga_lusc,OK,1,1
1.2.826.0.1.3680043.10.511.3.47122593340290923085356067838060683,not identifiable from index / tcga_sbu_til_maps,not identifiable from index,tcga_sbu_til_maps,tcga_lusc,OK,1,1
1.2.276.0.7230010.3.1.3.4148549909.2324.1344862816.204,not identifiable from index / qiba_volct_1b,not identifiable from index,qiba_volct_1b,rider_lung_ct,OK,1,1
1.2.826.0.1.3680043.10.511.3.14694231456871184735935798075623483,not identifiable from index / tcga_sbu_til_maps,not identifiable from index,tcga_sbu_til_maps,tcga_lusc,OK,1,1
1.2.826.0.1.3680043.10.511.3.91305296561479031156895629468697684,not identifiable from index / tcga_sbu_til_maps,not identifiable from index,tcga_sbu_til_maps,tcga_acc,OK,1,1
1.2.826.0.1.3680043.10.511.3.96325922346247450256155316281013021,not identifiable from index / tcga_sbu_til_maps,not identifiable from index,tcga_sbu_til_maps,tcga_read,OK,1,1
1.3.6.1.4.1.14519.5.2.1.125952058130479580306862133831922631853,dcmqi / (null),dcmqi,(null),remind,OK,1,1
1.2.826.0.1.3680043.10.511.3.73088203147892101103195214005379513,not identifiable from index / tcga_sbu_til_maps,not identifiable from index,tcga_sbu_til_maps,tcga_acc,OK,1,1
1.2.826.0.1.3680043.10.511.3.19945023601830534045178025301547877,not identifiable from index / tcga_sbu_til_maps,not identifiable from index,tcga_sbu_til_maps,tcga_sarc,OK,1,1
1.2.276.0.7230010.3.1.3.3426864066.868.1345224278.27,not identifiable from index / qiba_volct_1b,not identifiable from index,qiba_volct_1b,rider_pilot,OK,1,1
1.2.276.0.7230010.3.1.3.1231426215.2584.1345553164.452,not identifiable from index / qiba_volct_1b,not identifiable from index,qiba_volct_1b,rider_pilot,OK,1,1
1.2.276.0.7230010.3.1.3.4148549909.2324.1344862334.27,not identifiable from index / qiba_volct_1b,not identifiable from index,qiba_volct_1b,rider_pilot,OK,1,1
1.2.276.0.7230010.3.1.3.1231426215.1972.1345740076.112,not identifiable from index / qiba_volct_1b,not identifiable from index,qiba_volct_1b,rider_lung_ct,OK,1,1
1.2.276.0.7230010.3.1.3.309938702.2016.1345116097.489,not identifiable from index / qiba_volct_1b,not identifiable from index,qiba_volct_1b,rider_lung_ct,OK,1,1
1.2.826.0.1.3680043.10.511.3.1871089427073952663680918581815712,not identifiable from index / tcga_sbu_til_maps,not identifiable from index,tcga_sbu_til_maps,tcga_acc,OK,1,1
1.2.826.0.1.3680043.10.511.3.14118968765667514087669977429750096,not identifiable from index / tcga_sbu_til_maps,not identifiable from index,tcga_sbu_til_maps,tcga_hnsc,OK,1,1
1.2.276.0.7230010.3.1.3.1231426215.1428.1345546849.242,not identifiable from index / qiba_volct_1b,not identifiable from index,qiba_volct_1b,rider_pilot,OK,1,1
1.2.826.0.1.3680043.10.511.3.42130032434488845466160787569961022,not identifiable from index / tcga_sbu_til_maps,not identifiable from index,tcga_sbu_til_maps,tcga_coad,OK,1,1
1.2.826.0.1.3680043.10.511.3.78198947264996010964410360329744529,not identifiable from index / tcga_sbu_til_maps,not identifiable from index,tcga_sbu_til_maps,tcga_kirc,OK,1,1
1.2.826.0.1.3680043.10.511.3.37221131937964588267892040711558613,not identifiable from index / tcga_sbu_til_maps,not identifiable from index,tcga_sbu_til_maps,tcga_paad,OK,1,1
1.3.6.1.4.1.14519.5.2.1.215184695653289766907610044014467194763,dcmqi / (null),dcmqi,(null),remind,OK,1,1
1.2.826.0.1.3680043.10.511.3.48852659424881151962327497442980244,not identifiable from index / tcga_sbu_til_maps,not identifiable from index,tcga_sbu_til_maps,tcga_coad,OK,1,1
1.2.826.0.1.3680043.10.511.3.24262853988876039937178569655473979,not identifiable from index / tcga_sbu_til_maps,not identifiable from index,tcga_sbu_til_maps,tcga_luad,OK,1,1
1.2.826.0.1.3680043.10.511.3.33276626698952604913191794013541789,not identifiable from index / tcga_sbu_til_maps,not identifiable from index,tcga_sbu_til_maps,tcga_lusc,OK,1,1
1.2.826.0.1.3680043.10.511.3.14941615508344643309379202749295833,not identifiable from index / tcga_sbu_til_maps,not identifiable from index,tcga_sbu_til_maps,tcga_brca,OK,1,1
1.2.826.0.1.3680043.10.511.3.4120197402423443750386489666785581,not identifiable from index / tcga_sbu_til_maps,not identifiable from index,tcga_sbu_til_maps,tcga_coad,OK,1,1
1.2.826.0.1.3680043.10.511.3.74792507303367381233822066016939849,not identifiable from index / tcga_sbu_til_maps,not identifiable from index,tcga_sbu_til_maps,tcga_brca,OK,1,1
1.2.826.0.1.3680043.10.511.3.79728534880104656383741936380026054,not identifiable from index / tcga_sbu_til_maps,not identifiable from index,tcga_sbu_til_maps,tcga_hnsc,OK,1,1
1.2.826.0.1.3680043.10.511.3.58289867464735997114048415799041944,not identifiable from index / tcga_sbu_til_maps,not identifiable from index,tcga_sbu_til_maps,tcga_skcm,OK,1,1
1.2.276.0.7230010.3.1.3.1031255639.2476.1345992473.119,not identifiable from index / qiba_volct_1b,not identifiable from index,qiba_volct_1b,rider_pilot,OK,1,1
1.2.276.0.7230010.3.1.3.3426864066.612.1345229932.119,not identifiable from index / qiba_volct_1b,not identifiable from index,qiba_volct_1b,rider_pilot,OK,1,1
1.2.826.0.1.3680043.10.511.3.56326837249852786485461119506224904,not identifiable from index / tcga_sbu_til_maps,not identifiable from index,tcga_sbu_til_maps,tcga_uvm,OK,1,1
1.2.826.0.1.3680043.10.511.3.39966454990884922204372616633996675,not identifiable from index / tcga_sbu_til_maps,not identifiable from index,tcga_sbu_til_maps,tcga_stad,OK,1,1
1.2.826.0.1.3680043.10.511.3.45093771840411325508423689834711821,not identifiable from index / tcga_sbu_til_maps,not identifiable from index,tcga_sbu_til_maps,tcga_prad,OK,1,1
1.2.826.0.1.3680043.10.511.3.43513223417046564156349275026737728,not identifiable from index / tcga_sbu_til_maps,not identifiable from index,tcga_sbu_til_maps,tcga_hnsc,OK,1,1
1.2.826.0.1.3680043.10.511.3.94347087012875887708228786977460580,not identifiable from index / tcga_sbu_til_maps,not identifiable from index,tcga_sbu_til_maps,tcga_brca,OK,1,1
1.2.826.0.1.3680043.10.511.3.58456917668607748970286488703984500,not identifiable from index / tcga_sbu_til_maps,not identifiable from index,tcga_sbu_til_maps,tcga_brca,OK,1,1
1.2.826.0.1.3680043.10.511.3.3515600764921403213215488063747889,not identifiable from index / tcga_sbu_til_maps,not identifiable from index,tcga_sbu_til_maps,tcga_ov,OK,1,1
1.2.826.0.1.3680043.10.511.3.4821707708023940171420908363614715,not identifiable from index / tcga_sbu_til_maps,not identifiable from index,tcga_sbu_til_maps,tcga_brca,OK,1,1
1.2.826.0.1.3680043.10.511.3.91695746977095909155471632334121841,not identifiable from index / tcga_sbu_til_maps,not identifiable from index,tcga_sbu_til_maps,tcga_stad,OK,1,1
1.2.276.0.7230010.3.1.3.1565948079.2848.1345143932.259,not identifiable from index / qiba_volct_1b,not identifiable from index,qiba_volct_1b,rider_lung_ct,OK,1,1
1.2.826.0.1.3680043.10.511.3.43839435748684205444734726184760818,not identifiable from index / tcga_sbu_til_maps,not identifiable from index,tcga_sbu_til_maps,tcga_lusc,OK,1,1
1.2.826.0.1.3680043.10.511.3.36602546496913279701493820652271571,not identifiable from index / tcga_sbu_til_maps,not identifiable from index,tcga_sbu_til_maps,tcga_brca,OK,1,1
1.2.826.0.1.3680043.10.511.3.63233197031124539645885144572641189,not identifiable from index / tcga_sbu_til_maps,not identifiable from index,tcga_sbu_til_maps,tcga_lusc,OK,1,1
1.2.826.0.1.3680043.10.511.3.6599117830850370083647980694924581,not identifiable from index / tcga_sbu_til_maps,not identifiable from index,tcga_sbu_til_maps,tcga_hnsc,OK,1,1
1.2.826.0.1.3680043.10.511.3.13434734053630881237144034528022395,not identifiable from index / tcga_sbu_til_maps,not identifiable from index,tcga_sbu_til_maps,tcga_prad,OK,1,1
1.2.826.0.1.3680043.10.511.3.8714348686950056631742325082270972,not identifiable from index / tcga_sbu_til_maps,not identifiable from index,tcga_sbu_til_maps,tcga_lusc,OK,1,1
1.2.826.0.1.3680043.10.511.3.30436542780369652770527254265107998,not identifiable from index / tcga_sbu_til_maps,not identifiable from index,tcga_sbu_til_maps,tcga_skcm,OK,1,1
1.2.276.0.7230010.3.1.3.4148549909.2324.1344862816.197,not identifiable from index / qiba_volct_1b,not identifiable from index,qiba_volct_1b,rider_lung_ct,OK,1,1
1.2.276.0.7230010.3.1.3.0.20385.1553303340.463758,dcmqi / dicom_lidc_idri_nodules,dcmqi,dicom_lidc_idri_nodules,lidc_idri,OK,1,1
1.2.276.0.7230010.3.1.3.0.5290.1553289670.771837,dcmqi / dicom_lidc_idri_nodules,dcmqi,dicom_lidc_idri_nodules,lidc_idri,OK,1,1
1.2.276.0.7230010.3.1.3.0.52792.1553338268.824741,dcmqi / dicom_lidc_idri_nodules,dcmqi,dicom_lidc_idri_nodules,lidc_idri,OK,1,1
1.2.276.0.7230010.3.1.3.0.59819.1553346080.650667,dcmqi / dicom_lidc_idri_nodules,dcmqi,dicom_lidc_idri_nodules,lidc_idri,OK,1,1
1.2.276.0.7230010.3.1.3.0.1835.1553286538.162121,dcmqi / dicom_lidc_idri_nodules,dcmqi,dicom_lidc_idri_nodules,lidc_idri,OK,1,1
1.2.276.0.7230010.3.1.3.0.1968.1553286645.943092,dcmqi / dicom_lidc_idri_nodules,dcmqi,dicom_lidc_idri_nodules,lidc_idri,OK,1,1
1.2.276.0.7230010.3.1.3.0.40764.1553324972.880308,dcmqi / dicom_lidc_idri_nodules,dcmqi,dicom_lidc_idri_nodules,lidc_idri,OK,1,1
1.2.276.0.7230010.3.1.3.0.28754.1553312257.449522,dcmqi / dicom_lidc_idri_nodules,dcmqi,dicom_lidc_idri_nodules,lidc_idri,OK,1,1
1.2.276.0.7230010.3.1.3.0.49059.1553334201.365120,dcmqi / dicom_lidc_idri_nodules,dcmqi,dicom_lidc_idri_nodules,lidc_idri,OK,1,1
1.2.276.0.7230010.3.1.3.0.15126.1553297864.526306,dcmqi / dicom_lidc_idri_nodules,dcmqi,dicom_lidc_idri_nodules,lidc_idri,OK,1,1
1.2.826.0.1.3680043.10.511.3.14376704494365757945702729084267816,not identifiable from index / tcga_sbu_til_maps,not identifiable from index,tcga_sbu_til_maps,tcga_acc,OK,1,1
1.2.276.0.7230010.3.1.3.0.58481.1553344564.794634,dcmqi / dicom_lidc_idri_nodules,dcmqi,dicom_lidc_idri_nodules,lidc_idri,OK,1,1
1.2.276.0.7230010.3.1.3.0.15048.1553297804.464173,dcmqi / dicom_lidc_idri_nodules,dcmqi,dicom_lidc_idri_nodules,lidc_idri,OK,1,1
1.2.276.0.7230010.3.1.3.0.20910.1553303927.529557,dcmqi / dicom_lidc_idri_nodules,dcmqi,dicom_lidc_idri_nodules,lidc_idri,OK,1,1
1.2.826.0.1.3680043.10.511.3.7674134401310893306406485579888009,not identifiable from index / tcga_sbu_til_maps,not identifiable from index,tcga_sbu_til_maps,tcga_luad,OK,1,1
1.2.826.0.1.3680043.10.511.3.46012952525110947587464910148037606,not identifiable from index / tcga_sbu_til_maps,not identifiable from index,tcga_sbu_til_maps,tcga_meso,OK,1,1
1.2.826.0.1.3680043.10.511.3.62081502926428024797957082287211330,not identifiable from index / tcga_sbu_til_maps,not identifiable from index,tcga_sbu_til_maps,tcga_brca,OK,1,1
1.2.826.0.1.3680043.10.511.3.87934835977646685376231718155471034,not identifiable from index / tcga_sbu_til_maps,not identifiable from index,tcga_sbu_til_maps,tcga_lusc,OK,1,1
1.3.6.1.4.1.14519.5.2.1.50484655351676827070004563668902903895,pydicom-seg / (null),pydicom-seg,(null),rider_lung_ct,OK,1,1
1.3.6.1.4.1.14519.5.2.1.19310300995700946260130340303647885043,pydicom-seg / (null),pydicom-seg,(null),rider_lung_ct,OK,1,1
1.3.6.1.4.1.14519.5.2.1.200665153576583529403705595387479658588,pydicom-seg / (null),pydicom-seg,(null),rider_lung_ct,OK,1,1
1.3.6.1.4.1.14519.5.2.1.11182090563746353012455070207874243650,pydicom-seg / (null),pydicom-seg,(null),rider_lung_ct,OK,1,1
1.2.826.0.1.3680043.10.511.3.85439221006692221211723057939235873,not identifiable from index / tcga_sbu_til_maps,not identifiable from index,tcga_sbu_til_maps,tcga_prad,OK,1,1
1.2.276.0.7230010.3.1.3.505801377.400.1345913733.234,not identifiable from index / qiba_volct_1b,not identifiable from index,qiba_volct_1b,rider_lung_ct,OK,1,1
1.2.826.0.1.3680043.10.511.3.64618328069412993151306496793970989,not identifiable from index / tcga_sbu_til_maps,not identifiable from index,tcga_sbu_til_maps,tcga_brca,OK,1,1
1.2.276.0.7230010.3.1.3.1231426215.2848.1345737457.452,not identifiable from index / qiba_volct_1b,not identifiable from index,qiba_volct_1b,rider_pilot,OK,1,1
1.2.826.0.1.3680043.10.511.3.23902488833109165930457973997292540,not identifiable from index / tcga_sbu_til_maps,not identifiable from index,tcga_sbu_til_maps,tcga_brca,OK,1,1
1.2.826.0.1.3680043.10.511.3.57988901509299947789062093771477956,not identifiable from index / tcga_sbu_til_maps,not identifiable from index,tcga_sbu_til_maps,tcga_coad,OK,1,1
1.2.276.0.7230010.3.1.3.1565948079.2848.1345145608.282,not identifiable from index / qiba_volct_1b,not identifiable from index,qiba_volct_1b,rider_lung_ct,OK,1,1
1.2.826.0.1.3680043.10.511.3.33413928849936922916708535899084705,not identifiable from index / tcga_sbu_til_maps,not identifiable from index,tcga_sbu_til_maps,tcga_stad,OK,1,1
1.2.826.0.1.3680043.10.511.3.62192355436299571085972006236503978,not identifiable from index / tcga_sbu_til_maps,not identifiable from index,tcga_sbu_til_maps,tcga_ucec,OK,1,1
1.2.826.0.1.3680043.10.511.3.54928727051211679624742401345305156,not identifiable from index / tcga_sbu_til_maps,not identifiable from index,tcga_sbu_til_maps,tcga_brca,OK,1,1
1.2.826.0.1.3680043.10.511.3.16323877150493357886293086691561159,not identifiable from index / tcga_sbu_til_maps,not identifiable from index,tcga_sbu_til_maps,tcga_luad,OK,1,1
1.2.826.0.1.3680043.10.511.3.4091004655585122264088229373655373,not identifiable from index / tcga_sbu_til_maps,not identifiable from index,tcga_sbu_til_maps,tcga_brca,OK,1,1
1.2.826.0.1.3680043.10.511.3.10675857806366255439050948919377709,not identifiable from index / tcga_sbu_til_maps,not identifiable from index,tcga_sbu_til_maps,tcga_brca,OK,1,1
1.2.276.0.7230010.3.1.3.1231426215.1548.1345734043.452,not identifiable from index / qiba_volct_1b,not identifiable from index,qiba_volct_1b,rider_pilot,OK,1,1
1.2.276.0.7230010.3.1.3.1565948079.2848.1345144029.352,not identifiable from index / qiba_volct_1b,not identifiable from index,qiba_volct_1b,rider_pilot,OK,1,1
1.2.826.0.1.3680043.10.511.3.11490818185213306386278132518034914,not identifiable from index / tcga_sbu_til_maps,not identifiable from index,tcga_sbu_til_maps,tcga_kirc,OK,1,1
1.2.826.0.1.3680043.10.511.3.22117965337381676824780389606971036,not identifiable from index / tcga_sbu_til_maps,not identifiable from index,tcga_sbu_til_maps,tcga_ucec,OK,1,1
1.3.6.1.4.1.14519.5.2.1.36456597206113264321631708263677260910,dcmqi / (null),dcmqi,(null),remind,OK,1,1
1.2.826.0.1.3680043.10.511.3.95414917757588062416498571813866570,not identifiable from index / tcga_sbu_til_maps,not identifiable from index,tcga_sbu_til_maps,tcga_brca,OK,1,1
1.2.826.0.1.3680043.10.511.3.1413340725753137020594945087933459,not identifiable from index / tcga_sbu_til_maps,not identifiable from index,tcga_sbu_til_maps,tcga_ucec,OK,1,1
1.2.826.0.1.3680043.10.511.3.1841136895879049152927809791508433,not identifiable from index / tcga_sbu_til_maps,not identifiable from index,tcga_sbu_til_maps,tcga_hnsc,OK,1,1
1.2.276.0.7230010.3.1.3.309938702.2504.1345118008.282,not identifiable from index / qiba_volct_1b,not identifiable from index,qiba_volct_1b,rider_lung_ct,OK,1,1
1.2.826.0.1.3680043.10.511.3.95980530710948302589703320224933581,not identifiable from index / tcga_sbu_til_maps,not identifiable from index,tcga_sbu_til_maps,tcga_brca,OK,1,1
1.2.826.0.1.3680043.10.511.3.89043579864475698734633784788517929,not identifiable from index / tcga_sbu_til_maps,not identifiable from index,tcga_sbu_til_maps,tcga_brca,OK,1,1
1.2.826.0.1.3680043.10.511.3.23077106875180751165536925645077934,not identifiable from index / tcga_sbu_til_maps,not identifiable from index,tcga_sbu_til_maps,tcga_cesc,OK,1,1
1.2.826.0.1.3680043.10.511.3.5243183491700308322942660948572433,not identifiable from index / tcga_sbu_til_maps,not identifiable from index,tcga_sbu_til_maps,tcga_lusc,OK,1,1
1.2.276.0.7230010.3.1.3.1031255639.1400.1345987394.282,not identifiable from index / qiba_volct_1b,not identifiable from index,qiba_volct_1b,rider_pilot,OK,1,1
1.2.276.0.7230010.3.1.3.3286681592.2284.1344866231.452,not identifiable from index / qiba_volct_1b,not identifiable from index,qiba_volct_1b,rider_pilot,OK,1,1
1.2.826.0.1.3680043.10.511.3.49182508628540170505342371307473701,not identifiable from index / tcga_sbu_til_maps,not identifiable from index,tcga_sbu_til_maps,tcga_hnsc,OK,1,1
1.2.276.0.7230010.3.1.3.505801377.3020.1345983473.575,not identifiable from index / qiba_volct_1b,not identifiable from index,qiba_volct_1b,rider_pilot,OK,1,1
1.2.826.0.1.3680043.10.511.3.46650761325277919605135074842374627,not identifiable from index / tcga_sbu_til_maps,not identifiable from index,tcga_sbu_til_maps,tcga_read,OK,1,1
1.2.826.0.1.3680043.8.498.12679275534783277049144171691619587454,highdicom / eay131_tumor_annotations,highdicom,eay131_tumor_annotations,eay131,OK,1,1
1.2.826.0.1.3680043.10.511.3.17487489637419402054385899794864728,not identifiable from index / tcga_sbu_til_maps,not identifiable from index,tcga_sbu_til_maps,tcga_read,OK,1,1
1.2.826.0.1.3680043.10.511.3.40034873881858176052254795508869455,not identifiable from index / tcga_sbu_til_maps,not identifiable from index,tcga_sbu_til_maps,tcga_ucec,OK,1,1
1.2.826.0.1.3680043.10.511.3.47900583109102846286679994197882676,not identifiable from index / tcga_sbu_til_maps,not identifiable from index,tcga_sbu_til_maps,tcga_kirc,OK,1,1
1.2.826.0.1.3680043.10.511.3.53983363164312459774193823437691778,not identifiable from index / tcga_sbu_til_maps,not identifiable from index,tcga_sbu_til_maps,tcga_sarc,OK,1,1
1.2.826.0.1.3680043.10.511.3.55174956349066255250317447795147313,not identifiable from index / tcga_sbu_til_maps,not identifiable from index,tcga_sbu_til_maps,tcga_esca,OK,1,1
1.2.276.0.7230010.3.1.3.1231426215.2348.1345554567.452,not identifiable from index / qiba_volct_1b,not identifiable from index,qiba_volct_1b,rider_pilot,OK,1,1
1.2.826.0.1.3680043.10.511.3.70932906627610598776935231797328178,not identifiable from index / tcga_sbu_til_maps,not identifiable from index,tcga_sbu_til_maps,tcga_prad,OK,1,1
1.2.826.0.1.3680043.10.511.3.58114073987974039066517806535709500,not identifiable from index / tcga_sbu_til_maps,not identifiable from index,tcga_sbu_til_maps,tcga_luad,OK,1,1
1.2.276.0.7230010.3.1.3.505801377.3020.1345981886.320,not identifiable from index / qiba_volct_1b,not identifiable from index,qiba_volct_1b,rider_pilot,OK,1,1
1.2.826.0.1.3680043.10.511.3.84025255010697453150333022386436026,not identifiable from index / tcga_sbu_til_maps,not identifiable from index,tcga_sbu_til_maps,tcga_luad,OK,1,1
1.2.826.0.1.3680043.10.511.3.15560011173472506697899001224359648,not identifiable from index / tcga_sbu_til_maps,not identifiable from index,tcga_sbu_til_maps,tcga_prad,OK,1,1
1.2.826.0.1.3680043.10.511.3.83074649126645345764092804751246353,not identifiable from index / tcga_sbu_til_maps,not identifiable from index,tcga_sbu_til_maps,tcga_lusc,OK,1,1
1.2.826.0.1.3680043.10.511.3.12733242755308729606604683220733272,not identifiable from index / tcga_sbu_til_maps,not identifiable from index,tcga_sbu_til_maps,tcga_lihc,OK,1,1
1.2.826.0.1.3680043.10.511.3.90763423361243995427673972781132761,not identifiable from index / tcga_sbu_til_maps,not identifiable from index,tcga_sbu_til_maps,tcga_kirc,OK,1,1
1.2.826.0.1.3680043.10.511.3.75726670499784352748410683918690721,not identifiable from index / tcga_sbu_til_maps,not identifiable from index,tcga_sbu_til_maps,tcga_lihc,OK,1,1
1.2.826.0.1.3680043.10.511.3.48234601976541937888562007157562512,not identifiable from index / tcga_sbu_til_maps,not identifiable from index,tcga_sbu_til_maps,tcga_cesc,OK,1,1
1.2.826.0.1.3680043.10.511.3.65917724538489226744172381633563899,not identifiable from index / tcga_sbu_til_maps,not identifiable from index,tcga_sbu_til_maps,tcga_lusc,OK,1,1
1.2.826.0.1.3680043.10.511.3.94888617989433991287347786026172353,not identifiable from index / tcga_sbu_til_maps,not identifiable from index,tcga_sbu_til_maps,tcga_esca,OK,1,1
1.2.826.0.1.3680043.10.511.3.40706999105062779078192225445999510,not identifiable from index / tcga_sbu_til_maps,not identifiable from index,tcga_sbu_til_maps,tcga_hnsc,OK,1,1
1.2.826.0.1.3680043.10.511.3.68227946491738466423143993851126871,not identifiable from index / tcga_sbu_til_maps,not identifiable from index,tcga_sbu_til_maps,tcga_blca,OK,1,1
1.2.826.0.1.3680043.8.498.12858118715823143232455229435562263893,highdicom / eay131_tumor_annotations,highdicom,eay131_tumor_annotations,eay131,OK,1,1
1.2.826.0.1.3680043.10.511.3.99588975189292309940575014384418245,not identifiable from index / tcga_sbu_til_maps,not identifiable from index,tcga_sbu_til_maps,tcga_blca,OK,1,1
1.2.826.0.1.3680043.10.511.3.58214689602909252923392297140301543,not identifiable from index / tcga_sbu_til_maps,not identifiable from index,tcga_sbu_til_maps,tcga_skcm,OK,1,1
1.2.826.0.1.3680043.10.511.3.83127620316578358857057937933030755,not identifiable from index / tcga_sbu_til_maps,not identifiable from index,tcga_sbu_til_maps,tcga_lihc,OK,1,1
1.2.826.0.1.3680043.10.511.3.993915406138697702093965438326258,not identifiable from index / tcga_sbu_til_maps,not identifiable from index,tcga_sbu_til_maps,tcga_ucec,OK,1,1
1.2.826.0.1.3680043.10.511.3.37779927990460606586309234267598704,not identifiable from index / tcga_sbu_til_maps,not identifiable from index,tcga_sbu_til_maps,tcga_acc,OK,1,1
1.2.276.0.7230010.3.1.3.309938702.2016.1345116097.496,not identifiable from index / qiba_volct_1b,not identifiable from index,qiba_volct_1b,rider_lung_ct,OK,1,1
1.2.276.0.7230010.3.1.3.1231426215.2152.1345732195.242,not identifiable from index / qiba_volct_1b,not identifiable from index,qiba_volct_1b,rider_pilot,OK,1,1
1.2.826.0.1.3680043.10.511.3.63930848353903942596671488672119147,not identifiable from index / tcga_sbu_til_maps,not identifiable from index,tcga_sbu_til_maps,tcga_stad,OK,1,1
1.2.826.0.1.3680043.10.511.3.17690625286205246633525732294204562,not identifiable from index / tcga_sbu_til_maps,not identifiable from index,tcga_sbu_til_maps,tcga_ucec,OK,1,1
1.2.276.0.7230010.3.1.3.1231426215.1428.1345547619.405,not identifiable from index / qiba_volct_1b,not identifiable from index,qiba_volct_1b,rider_pilot,OK,1,1
1.2.826.0.1.3680043.10.511.3.17890363731699126288652845615496497,not identifiable from index / tcga_sbu_til_maps,not identifiable from index,tcga_sbu_til_maps,tcga_ucec,OK,1,1
1.2.826.0.1.3680043.10.511.3.25487966349346300701661423415888934,not identifiable from index / tcga_sbu_til_maps,not identifiable from index,tcga_sbu_til_maps,tcga_lusc,OK,1,1
1.2.826.0.1.3680043.10.511.3.53095257718463451366470467495515910,not identifiable from index / tcga_sbu_til_maps,not identifiable from index,tcga_sbu_til_maps,tcga_thym,OK,1,1
1.2.826.0.1.3680043.10.511.3.16087074998965152165288351057766526,not identifiable from index / tcga_sbu_til_maps,not identifiable from index,tcga_sbu_til_maps,tcga_prad,OK,1,1
1.2.276.0.7230010.3.1.3.1031255639.1360.1345985787.27,not identifiable from index / qiba_volct_1b,not identifiable from index,qiba_volct_1b,rider_pilot,OK,1,1
1.2.826.0.1.3680043.10.511.3.38002013258770603549474912963841970,not identifiable from index / tcga_sbu_til_maps,not identifiable from index,tcga_sbu_til_maps,tcga_luad,OK,1,1
1.2.826.0.1.3680043.10.511.3.37176357815540750007875734544117221,not identifiable from index / tcga_sbu_til_maps,not identifiable from index,tcga_sbu_til_maps,tcga_kirc,OK,1,1
1.2.826.0.1.3680043.10.511.3.93217404410753222288461504408006705,not identifiable from index / tcga_sbu_til_maps,not identifiable from index,tcga_sbu_til_maps,tcga_sarc,OK,1,1
1.2.826.0.1.3680043.10.511.3.59568016819942337558833732144806390,not identifiable from index / tcga_sbu_til_maps,not identifiable from index,tcga_sbu_til_maps,tcga_lusc,OK,1,1
1.2.826.0.1.3680043.10.511.3.26964811130510561344521395000682526,not identifiable from index / tcga_sbu_til_maps,not identifiable from index,tcga_sbu_til_maps,tcga_ucec,OK,1,1
1.2.276.0.7230010.3.1.3.1231426215.1972.1345740707.374,not identifiable from index / qiba_volct_1b,not identifiable from index,qiba_volct_1b,rider_lung_ct,OK,1,1
1.2.276.0.7230010.3.1.3.1231426215.1108.1345549180.197,not identifiable from index / qiba_volct_1b,not identifiable from index,qiba_volct_1b,rider_pilot,OK,1,1
1.2.276.0.7230010.3.1.3.1231426215.2940.1345569776.119,not identifiable from index / qiba_volct_1b,not identifiable from index,qiba_volct_1b,rider_pilot,OK,1,1
1.2.826.0.1.3680043.10.511.3.86229835938173110008537100000424729,not identifiable from index / tcga_sbu_til_maps,not identifiable from index,tcga_sbu_til_maps,tcga_brca,OK,1,1
1.2.826.0.1.3680043.8.498.11090582182678891802035370980298439334,highdicom / eay131_tumor_annotations,highdicom,eay131_tumor_annotations,eay131,OK,1,1
1.2.276.0.7230010.3.1.3.1031255639.1360.1345985787.34,not identifiable from index / qiba_volct_1b,not identifiable from index,qiba_volct_1b,rider_pilot,OK,1,1
1.2.826.0.1.3680043.10.511.3.61845256819351213950092282768299877,not identifiable from index / tcga_sbu_til_maps,not identifiable from index,tcga_sbu_til_maps,tcga_paad,OK,1,1
1.2.826.0.1.3680043.10.511.3.57817662950107113024104754139625824,not identifiable from index / tcga_sbu_til_maps,not identifiable from index,tcga_sbu_til_maps,tcga_acc,OK,1,1
1.2.826.0.1.3680043.10.511.3.63217727898340059107884439004548577,not identifiable from index / tcga_sbu_til_maps,not identifiable from index,tcga_sbu_til_maps,tcga_skcm,OK,1,1
1.2.826.0.1.3680043.10.511.3.81144266406313468710393077963072744,not identifiable from index / tcga_sbu_til_maps,not identifiable from index,tcga_sbu_til_maps,tcga_cesc,OK,1,1
1.2.826.0.1.3680043.10.511.3.49001631131347174396837311349011229,not identifiable from index / tcga_sbu_til_maps,not identifiable from index,tcga_sbu_til_maps,tcga_read,OK,1,1
1.2.826.0.1.3680043.10.511.3.75119293752176382559058160794369102,not identifiable from index / tcga_sbu_til_maps,not identifiable from index,tcga_sbu_til_maps,tcga_prad,OK,1,1
1.2.826.0.1.3680043.10.511.3.20858796865936307304140865705006240,not identifiable from index / tcga_sbu_til_maps,not identifiable from index,tcga_sbu_til_maps,tcga_brca,OK,1,1
1.2.276.0.7230010.3.1.3.1231426215.1056.1345550854.197,not identifiable from index / qiba_volct_1b,not identifiable from index,qiba_volct_1b,rider_lung_ct,OK,1,1
1.2.826.0.1.3680043.10.511.3.20285916849111156427144369198552946,not identifiable from index / tcga_sbu_til_maps,not identifiable from index,tcga_sbu_til_maps,tcga_paad,OK,1,1
1.2.826.0.1.3680043.10.511.3.8581032171655064853542972064912679,not identifiable from index / tcga_sbu_til_maps,not identifiable from index,tcga_sbu_til_maps,tcga_thym,OK,1,1
1.2.826.0.1.3680043.10.511.3.82938953362906356632561384525440726,not identifiable from index / tcga_sbu_til_maps,not identifiable from index,tcga_sbu_til_maps,tcga_acc,OK,1,1
1.2.276.0.7230010.3.1.3.1565948079.2848.1345145927.459,not identifiable from index / qiba_volct_1b,not identifiable from index,qiba_volct_1b,rider_pilot,OK,1,1
1.2.826.0.1.3680043.10.511.3.39675851352513908467855221760233735,not identifiable from index / tcga_sbu_til_maps,not identifiable from index,tcga_sbu_til_maps,tcga_read,OK,1,1
1.2.826.0.1.3680043.10.511.3.877965775047226287084167784293967,not identifiable from index / tcga_sbu_til_maps,not identifiable from index,tcga_sbu_til_maps,tcga_read,OK,1,1
1.2.826.0.1.3680043.10.511.3.17866535439626968606104649843246188,not identifiable from index / tcga_sbu_til_maps,not identifiable from index,tcga_sbu_til_maps,tcga_cesc,OK,1,1
1.2.826.0.1.3680043.10.511.3.27499859364459688914423283727185240,not identifiable from index / tcga_sbu_til_maps,not identifiable from index,tcga_sbu_til_maps,tcga_paad,OK,1,1
1.2.826.0.1.3680043.10.511.3.14401733240222203293851119265911196,not identifiable from index / tcga_sbu_til_maps,not identifiable from index,tcga_sbu_til_maps,tcga_coad,OK,1,1
1.2.826.0.1.3680043.10.511.3.29334513748536565996879754368063527,not identifiable from index / tcga_sbu_til_maps,not identifiable from index,tcga_sbu_til_maps,tcga_coad,OK,1,1
1.2.826.0.1.3680043.10.511.3.38946831263683546833587348572195007,not identifiable from index / tcga_sbu_til_maps,not identifiable from index,tcga_sbu_til_maps,tcga_skcm,OK,1,1
1.2.276.0.7230010.3.1.3.4148549909.2316.1344856159.150,not identifiable from index / qiba_volct_1b,not identifiable from index,qiba_volct_1b,rider_pilot,OK,1,1
1.2.276.0.7230010.3.1.3.1231426215.1548.1345733885.367,not identifiable from index / qiba_volct_1b,not identifiable from index,qiba_volct_1b,rider_pilot,OK,1,1
1.2.276.0.7230010.3.1.3.4148549909.2120.1344860656.119,not identifiable from index / qiba_volct_1b,not identifiable from index,qiba_volct_1b,rider_pilot,OK,1,1
1.2.276.0.7230010.3.1.3.1031255639.2132.1345992078.459,not identifiable from index / qiba_volct_1b,not identifiable from index,qiba_volct_1b,rider_pilot,OK,1,1
1.2.826.0.1.3680043.10.511.3.47900254833702943014403847676498148,not identifiable from index / tcga_sbu_til_maps,not identifiable from index,tcga_sbu_til_maps,tcga_luad,OK,1,1
1.2.826.0.1.3680043.10.511.3.28023387358763542764963760130416030,not identifiable from index / tcga_sbu_til_maps,not identifiable from index,tcga_sbu_til_maps,tcga_stad,OK,1,1
1.2.826.0.1.3680043.10.511.3.44169897207434267092104980220825102,not identifiable from index / tcga_sbu_til_maps,not identifiable from index,tcga_sbu_til_maps,tcga_brca,OK,1,1
1.2.826.0.1.3680043.10.511.3.64111393578936656065092649176015510,not identifiable from index / tcga_sbu_til_maps,not identifiable from index,tcga_sbu_til_maps,tcga_lusc,OK,1,1
1.2.276.0.7230010.3.1.3.1231426215.1104.1345734443.112,not identifiable from index / qiba_volct_1b,not identifiable from index,qiba_volct_1b,rider_lung_ct,OK,1,1
1.2.826.0.1.3680043.10.511.3.66211639642941758873785670359069770,not identifiable from index / tcga_sbu_til_maps,not identifiable from index,tcga_sbu_til_maps,tcga_kirc,OK,1,1
1.2.826.0.1.3680043.10.511.3.17686722744373060717942327905057375,not identifiable from index / tcga_sbu_til_maps,not identifiable from index,tcga_sbu_til_maps,tcga_ucec,OK,1,1
1.3.6.1.4.1.14519.5.2.1.92067703730978353059981232938749291005,highdicom / (null),highdicom,(null),psma_pet_ct_lesions,OK,1,1
1.3.6.1.4.1.14519.5.2.1.53005731071765170431386467091978249855,highdicom / (null),highdicom,(null),psma_pet_ct_lesions,OK,1,1
1.2.276.0.7230010.3.1.3.1231426215.888.1345737804.112,not identifiable from index / qiba_volct_1b,not identifiable from index,qiba_volct_1b,rider_lung_ct,OK,1,1
1.2.826.0.1.3680043.10.511.3.64505442552694365092302265477673623,not identifiable from index / tcga_sbu_til_maps,not identifiable from index,tcga_sbu_til_maps,tcga_uvm,OK,1,1
1.2.826.0.1.3680043.10.511.3.28279059946704934574439536336451981,not identifiable from index / tcga_sbu_til_maps,not identifiable from index,tcga_sbu_til_maps,tcga_stad,OK,1,1
1.2.826.0.1.3680043.10.511.3.89026708247559997859059790464303976,not identifiable from index / tcga_sbu_til_maps,not identifiable from index,tcga_sbu_til_maps,tcga_lusc,OK,1,1
1.2.276.0.7230010.3.1.3.1231426215.1108.1345549180.204,not identifiable from index / qiba_volct_1b,not identifiable from index,qiba_volct_1b,rider_pilot,OK,1,1
1.2.826.0.1.3680043.10.511.3.38409130714940721192834991752186579,not identifiable from index / tcga_sbu_til_maps,not identifiable from index,tcga_sbu_til_maps,tcga_brca,OK,1,1
1.2.826.0.1.3680043.10.511.3.48824322645801497508677750076465639,not identifiable from index / tcga_sbu_til_maps,not identifiable from index,tcga_sbu_til_maps,tcga_coad,OK,1,1
1.2.826.0.1.3680043.10.511.3.9742049734820725066825256054737497,not identifiable from index / tcga_sbu_til_maps,not identifiable from index,tcga_sbu_til_maps,tcga_acc,OK,1,1
1.2.826.0.1.3680043.10.511.3.77316164378119364787768262025496021,not identifiable from index / tcga_sbu_til_maps,not identifiable from index,tcga_sbu_til_maps,tcga_stad,OK,1,1
1.2.826.0.1.3680043.10.511.3.80457650101375437630074634049654070,not identifiable from index / tcga_sbu_til_maps,not identifiable from index,tcga_sbu_til_maps,tcga_brca,OK,1,1
1.2.826.0.1.3680043.8.498.11616600308095184696694706315040548632,highdicom / eay131_tumor_annotations,highdicom,eay131_tumor_annotations,eay131,OK,1,1
1.2.826.0.1.3680043.8.498.13284339137818605413223145863740709563,highdicom / eay131_tumor_annotations,highdicom,eay131_tumor_annotations,eay131,OK,1,1
1.2.826.0.1.3680043.10.511.3.68848188825860427789089825690377096,not identifiable from index / tcga_sbu_til_maps,not identifiable from index,tcga_sbu_til_maps,tcga_luad,OK,1,1
1.2.826.0.1.3680043.10.511.3.14837644533522769886213363409163685,not identifiable from index / tcga_sbu_til_maps,not identifiable from index,tcga_sbu_til_maps,tcga_brca,OK,1,1
1.2.276.0.7230010.3.1.3.1231426215.1548.1345733219.27,not identifiable from index / qiba_volct_1b,not identifiable from index,qiba_volct_1b,rider_lung_ct,OK,1,1
1.3.6.1.4.1.14519.5.2.1.181253930016510950254102932179381457688,highdicom / (null),highdicom,(null),psma_pet_ct_lesions,OK,1,1
1.3.6.1.4.1.14519.5.2.1.64093433363964968979343397502673283466,highdicom / (null),highdicom,(null),psma_pet_ct_lesions,OK,1,1
1.3.6.1.4.1.14519.5.2.1.199824338530362100653046320461425042100,highdicom / (null),highdicom,(null),psma_pet_ct_lesions,OK,1,1
1.2.276.0.7230010.3.1.3.309938702.2504.1345118008.289,not identifiable from index / qiba_volct_1b,not identifiable from index,qiba_volct_1b,rider_lung_ct,OK,1,1
1.2.276.0.7230010.3.1.3.1565948079.2848.1345145927.452,not identifiable from index / qiba_volct_1b,not identifiable from index,qiba_volct_1b,rider_pilot,OK,1,1
1.2.826.0.1.3680043.10.511.3.49983830398220418882700745230135952,not identifiable from index / tcga_sbu_til_maps,not identifiable from index,tcga_sbu_til_maps,tcga_lusc,OK,1,1
1.2.826.0.1.3680043.10.511.3.39195331120797243239316307127246043,not identifiable from index / tcga_sbu_til_maps,not identifiable from index,tcga_sbu_til_maps,tcga_skcm,OK,1,1
1.2.826.0.1.3680043.10.511.3.38708880664306108188790886798124482,not identifiable from index / tcga_sbu_til_maps,not identifiable from index,tcga_sbu_til_maps,tcga_brca,OK,1,1
1.2.826.0.1.3680043.10.511.3.62166872597041881128360320921946591,not identifiable from index / tcga_sbu_til_maps,not identifiable from index,tcga_sbu_til_maps,tcga_cesc,OK,1,1
1.2.276.0.7230010.3.1.3.4148549909.1376.1344857607.27,not identifiable from index / qiba_volct_1b,not identifiable from index,qiba_volct_1b,rider_pilot,OK,1,1
1.2.826.0.1.3680043.8.498.11991165478287694617760218029950262640,highdicom / eay131_tumor_annotations,highdicom,eay131_tumor_annotations,eay131,OK,1,1
1.2.276.0.7230010.3.1.3.1231426215.2400.1345736029.282,not identifiable from index / qiba_volct_1b,not identifiable from index,qiba_volct_1b,rider_lung_ct,OK,1,1
1.2.276.0.7230010.3.1.3.4148549909.2316.1344856862.412,not identifiable from index / qiba_volct_1b,not identifiable from index,qiba_volct_1b,rider_lung_ct,OK,1,1
1.2.826.0.1.3680043.8.498.62823355538080456444600728334108152618,highdicom / eay131_tumor_annotations,highdicom,eay131_tumor_annotations,eay131,OK,1,1
1.3.6.1.4.1.14519.5.2.1.29875649062492656552101737747614195953,highdicom / (null),highdicom,(null),psma_pet_ct_lesions,OK,1,1
1.3.6.1.4.1.14519.5.2.1.318284577741335189889031006585443620808,highdicom / (null),highdicom,(null),psma_pet_ct_lesions,OK,1,1
1.3.6.1.4.1.14519.5.2.1.199757407050486241345085946866237487595,highdicom / (null),highdicom,(null),psma_pet_ct_lesions,OK,1,1
1.2.826.0.1.3680043.10.511.3.96555130416242452182663960476106443,not identifiable from index / tcga_sbu_til_maps,not identifiable from index,tcga_sbu_til_maps,tcga_lusc,OK,1,1
1.2.826.0.1.3680043.10.511.3.71707785478168462111306215074612258,not identifiable from index / tcga_sbu_til_maps,not identifiable from index,tcga_sbu_til_maps,tcga_brca,OK,1,1
1.2.826.0.1.3680043.10.511.3.70449860444157053733383965774400925,not identifiable from index / tcga_sbu_til_maps,not identifiable from index,tcga_sbu_til_maps,tcga_luad,OK,1,1
1.2.826.0.1.3680043.10.511.3.14721052868946371529299588961931930,not identifiable from index / tcga_sbu_til_maps,not identifiable from index,tcga_sbu_til_maps,tcga_lusc,OK,1,1
1.2.276.0.7230010.3.1.3.3426864066.1628.1345223991.496,not identifiable from index / qiba_volct_1b,not identifiable from index,qiba_volct_1b,rider_lung_ct,OK,1,1
1.2.826.0.1.3680043.10.511.3.45316735566915632339140831061142710,not identifiable from index / tcga_sbu_til_maps,not identifiable from index,tcga_sbu_til_maps,tcga_lusc,OK,1,1
1.2.826.0.1.3680043.10.511.3.28269346400683863615681560281986279,not identifiable from index / tcga_sbu_til_maps,not identifiable from index,tcga_sbu_til_maps,tcga_luad,OK,1,1
1.2.826.0.1.3680043.10.511.3.33171537274501005595911818777750768,not identifiable from index / tcga_sbu_til_maps,not identifiable from index,tcga_sbu_til_maps,tcga_brca,OK,1,1
1.2.826.0.1.3680043.10.511.3.6928923118858885707353133062020974,not identifiable from index / tcga_sbu_til_maps,not identifiable from index,tcga_sbu_til_maps,tcga_luad,OK,1,1
1.2.276.0.7230010.3.1.3.1231426215.2584.1345552390.27,not identifiable from index / qiba_volct_1b,not identifiable from index,qiba_volct_1b,rider_pilot,OK,1,1
1.2.826.0.1.3680043.10.511.3.29762244148413795024695907661183735,not identifiable from index / tcga_sbu_til_maps,not identifiable from index,tcga_sbu_til_maps,tcga_meso,OK,1,1
1.2.826.0.1.3680043.10.511.3.96648007487992465793078608512011785,not identifiable from index / tcga_sbu_til_maps,not identifiable from index,tcga_sbu_til_maps,tcga_ucec,OK,1,1
1.2.826.0.1.3680043.10.511.3.99780143773844538513461768616325487,not identifiable from index / tcga_sbu_til_maps,not identifiable from index,tcga_sbu_til_maps,tcga_acc,OK,1,1
1.2.276.0.7230010.3.1.3.1031255639.1360.1345986269.282,not identifiable from index / qiba_volct_1b,not identifiable from index,qiba_volct_1b,rider_lung_ct,OK,1,1
1.3.6.1.4.1.14519.5.2.1.27735666221781414161359549633475978332,highdicom / (null),highdicom,(null),psma_pet_ct_lesions,OK,1,1
1.2.276.0.7230010.3.1.3.481037312.288665.1761249018.481405,dcmqi / nlstseg,dcmqi,nlstseg,nlst,OK,1,1
1.2.826.0.1.3680043.10.511.3.74263678211739444969865511999854247,not identifiable from index / tcga_sbu_til_maps,not identifiable from index,tcga_sbu_til_maps,tcga_coad,OK,1,1
1.2.826.0.1.3680043.10.511.3.94392296899178935330393974479377894,not identifiable from index / tcga_sbu_til_maps,not identifiable from index,tcga_sbu_til_maps,tcga_esca,OK,1,1
1.2.826.0.1.3680043.10.511.3.7136741998130490277631504537153814,not identifiable from index / tcga_sbu_til_maps,not identifiable from index,tcga_sbu_til_maps,tcga_luad,OK,1,1
1.2.826.0.1.3680043.8.498.28077953736472078581891459701186547672,highdicom / eay131_tumor_annotations,highdicom,eay131_tumor_annotations,eay131,OK,1,1
1.2.276.0.7230010.3.1.3.1231426215.2092.1345741418.34,not identifiable from index / qiba_volct_1b,not identifiable from index,qiba_volct_1b,rider_pilot,OK,1,1
1.2.826.0.1.3680043.10.511.3.35927770834968384191768290843052466,not identifiable from index / tcga_sbu_til_maps,not identifiable from index,tcga_sbu_til_maps,tcga_cesc,OK,1,1
1.2.826.0.1.3680043.8.498.98984005461111041202436458627958663681,highdicom / eay131_tumor_annotations,highdicom,eay131_tumor_annotations,eay131,OK,1,1
1.2.826.0.1.3680043.10.511.3.80938042023898857616672490344666527,not identifiable from index / tcga_sbu_til_maps,not identifiable from index,tcga_sbu_til_maps,tcga_stad,OK,1,1
1.3.6.1.4.1.14519.5.2.1.7695.4164.263137572705032627281335091755,not identifiable from index / (null),not identifiable from index,(null),acrin_6698,OK,1,1
1.2.276.0.7230010.3.1.3.0.6732.1553290837.411441,dcmqi / dicom_lidc_idri_nodules,dcmqi,dicom_lidc_idri_nodules,lidc_idri,OK,1,1
1.2.276.0.7230010.3.1.3.0.19415.1553302273.214295,dcmqi / dicom_lidc_idri_nodules,dcmqi,dicom_lidc_idri_nodules,lidc_idri,OK,1,1
1.2.276.0.7230010.3.1.3.0.21364.1553304359.918136,dcmqi / dicom_lidc_idri_nodules,dcmqi,dicom_lidc_idri_nodules,lidc_idri,OK,1,1
1.2.276.0.7230010.3.1.3.0.66818.1553353700.447352,dcmqi / dicom_lidc_idri_nodules,dcmqi,dicom_lidc_idri_nodules,lidc_idri,OK,1,1
1.2.276.0.7230010.3.1.3.0.66826.1553353711.932432,dcmqi / dicom_lidc_idri_nodules,dcmqi,dicom_lidc_idri_nodules,lidc_idri,OK,1,1
1.2.276.0.7230010.3.1.3.0.43587.1553328118.49177,dcmqi / dicom_lidc_idri_nodules,dcmqi,dicom_lidc_idri_nodules,lidc_idri,OK,1,1
1.2.276.0.7230010.3.1.3.0.48818.1553333933.468735,dcmqi / dicom_lidc_idri_nodules,dcmqi,dicom_lidc_idri_nodules,lidc_idri,OK,1,1
1.2.276.0.7230010.3.1.3.0.48836.1553333953.470226,dcmqi / dicom_lidc_idri_nodules,dcmqi,dicom_lidc_idri_nodules,lidc_idri,OK,1,1
1.2.276.0.7230010.3.1.3.0.5217.1553289576.502882,dcmqi / dicom_lidc_idri_nodules,dcmqi,dicom_lidc_idri_nodules,lidc_idri,OK,1,1
1.2.276.0.7230010.3.1.3.0.63275.1553349870.736659,dcmqi / dicom_lidc_idri_nodules,dcmqi,dicom_lidc_idri_nodules,lidc_idri,OK,1,1
1.2.276.0.7230010.3.1.3.0.32050.1553315865.368641,dcmqi / dicom_lidc_idri_nodules,dcmqi,dicom_lidc_idri_nodules,lidc_idri,OK,1,1
1.2.276.0.7230010.3.1.3.0.26167.1553309453.384196,dcmqi / dicom_lidc_idri_nodules,dcmqi,dicom_lidc_idri_nodules,lidc_idri,OK,1,1
1.2.276.0.7230010.3.1.3.481037312.39566.1761240618.651990,dcmqi / nlstseg,dcmqi,nlstseg,nlst,OK,1,1
1.2.276.0.7230010.3.1.3.0.19321.1553302185.495356,dcmqi / dicom_lidc_idri_nodules,dcmqi,dicom_lidc_idri_nodules,lidc_idri,OK,1,1
1.2.276.0.7230010.3.1.3.0.21771.1553304809.275886,dcmqi / dicom_lidc_idri_nodules,dcmqi,dicom_lidc_idri_nodules,lidc_idri,OK,1,1
1.2.276.0.7230010.3.1.3.0.37849.1553321922.11981,dcmqi / dicom_lidc_idri_nodules,dcmqi,dicom_lidc_idri_nodules,lidc_idri,OK,1,1
1.2.276.0.7230010.3.1.3.0.37851.1553321926.267644,dcmqi / dicom_lidc_idri_nodules,dcmqi,dicom_lidc_idri_nodules,lidc_idri,OK,1,1
1.2.276.0.7230010.3.1.3.0.69157.1553356315.509607,dcmqi / dicom_lidc_idri_nodules,dcmqi,dicom_lidc_idri_nodules,lidc_idri,OK,1,1
1.2.276.0.7230010.3.1.3.481037312.162042.1761244685.549196,dcmqi / nlstseg,dcmqi,nlstseg,nlst,OK,1,1
1.2.826.0.1.3680043.10.511.3.72741572377497595244556532039877814,not identifiable from index / tcga_sbu_til_maps,not identifiable from index,tcga_sbu_til_maps,tcga_ucec,OK,1,1
1.2.276.0.7230010.3.1.3.0.59808.1553346067.343153,dcmqi / dicom_lidc_idri_nodules,dcmqi,dicom_lidc_idri_nodules,lidc_idri,OK,1,1
1.2.276.0.7230010.3.1.3.0.59816.1553346077.973980,dcmqi / dicom_lidc_idri_nodules,dcmqi,dicom_lidc_idri_nodules,lidc_idri,OK,1,1
1.2.276.0.7230010.3.1.3.0.6840.1553290957.565657,dcmqi / dicom_lidc_idri_nodules,dcmqi,dicom_lidc_idri_nodules,lidc_idri,OK,1,1
1.2.276.0.7230010.3.1.3.0.18929.1553301857.979757,dcmqi / dicom_lidc_idri_nodules,dcmqi,dicom_lidc_idri_nodules,lidc_idri,OK,1,1
1.2.276.0.7230010.3.1.3.0.51286.1553336752.211587,dcmqi / dicom_lidc_idri_nodules,dcmqi,dicom_lidc_idri_nodules,lidc_idri,OK,1,1
1.2.276.0.7230010.3.1.3.0.53824.1553339383.341720,dcmqi / dicom_lidc_idri_nodules,dcmqi,dicom_lidc_idri_nodules,lidc_idri,OK,1,1
1.2.276.0.7230010.3.1.3.0.65166.1553351932.104375,dcmqi / dicom_lidc_idri_nodules,dcmqi,dicom_lidc_idri_nodules,lidc_idri,OK,1,1
1.2.276.0.7230010.3.1.3.0.65215.1553351952.241761,dcmqi / dicom_lidc_idri_nodules,dcmqi,dicom_lidc_idri_nodules,lidc_idri,OK,1,1
1.2.276.0.7230010.3.1.3.0.1823.1553286523.786743,dcmqi / dicom_lidc_idri_nodules,dcmqi,dicom_lidc_idri_nodules,lidc_idri,OK,1,1
1.2.276.0.7230010.3.1.3.0.61262.1553347652.482037,dcmqi / dicom_lidc_idri_nodules,dcmqi,dicom_lidc_idri_nodules,lidc_idri,OK,1,1
1.2.276.0.7230010.3.1.3.481037312.198655.1761245901.821960,dcmqi / nlstseg,dcmqi,nlstseg,nlst,OK,1,1
1.2.276.0.7230010.3.1.3.0.14236.1553296991.34186,dcmqi / dicom_lidc_idri_nodules,dcmqi,dicom_lidc_idri_nodules,lidc_idri,OK,1,1
1.2.276.0.7230010.3.1.3.0.2621.1553287151.501316,dcmqi / dicom_lidc_idri_nodules,dcmqi,dicom_lidc_idri_nodules,lidc_idri,OK,1,1
1.2.276.0.7230010.3.1.3.0.4416.1553288822.570657,dcmqi / dicom_lidc_idri_nodules,dcmqi,dicom_lidc_idri_nodules,lidc_idri,OK,1,1
1.2.276.0.7230010.3.1.3.0.16459.1553299119.51987,dcmqi / dicom_lidc_idri_nodules,dcmqi,dicom_lidc_idri_nodules,lidc_idri,OK,1,1
1.2.276.0.7230010.3.1.3.0.2749.1553287236.426934,dcmqi / dicom_lidc_idri_nodules,dcmqi,dicom_lidc_idri_nodules,lidc_idri,OK,1,1
1.2.276.0.7230010.3.1.3.0.19766.1553302692.615495,dcmqi / dicom_lidc_idri_nodules,dcmqi,dicom_lidc_idri_nodules,lidc_idri,OK,1,1
1.2.276.0.7230010.3.1.3.0.51646.1553337059.513507,dcmqi / dicom_lidc_idri_nodules,dcmqi,dicom_lidc_idri_nodules,lidc_idri,OK,1,1
1.2.276.0.7230010.3.1.3.0.67021.1553353959.853137,dcmqi / dicom_lidc_idri_nodules,dcmqi,dicom_lidc_idri_nodules,lidc_idri,OK,1,1
1.2.276.0.7230010.3.1.3.0.89696.1553284323.690896,dcmqi / dicom_lidc_idri_nodules,dcmqi,dicom_lidc_idri_nodules,lidc_idri,OK,1,1
1.2.276.0.7230010.3.1.3.0.7775.1553291750.784594,dcmqi / dicom_lidc_idri_nodules,dcmqi,dicom_lidc_idri_nodules,lidc_idri,OK,1,1
1.2.276.0.7230010.3.1.3.0.89630.1553284270.863861,dcmqi / dicom_lidc_idri_nodules,dcmqi,dicom_lidc_idri_nodules,lidc_idri,OK,1,1
1.2.276.0.7230010.3.1.3.0.89842.1553284411.674114,dcmqi / dicom_lidc_idri_nodules,dcmqi,dicom_lidc_idri_nodules,lidc_idri,OK,1,1
1.2.276.0.7230010.3.1.3.0.90114.1553284601.627308,dcmqi / dicom_lidc_idri_nodules,dcmqi,dicom_lidc_idri_nodules,lidc_idri,OK,1,1
1.2.276.0.7230010.3.1.3.0.14135.1553296889.375085,dcmqi / dicom_lidc_idri_nodules,dcmqi,dicom_lidc_idri_nodules,lidc_idri,OK,1,1
1.2.276.0.7230010.3.1.3.0.27810.1553311165.857525,dcmqi / dicom_lidc_idri_nodules,dcmqi,dicom_lidc_idri_nodules,lidc_idri,OK,1,1
1.2.276.0.7230010.3.1.3.0.43449.1553328007.713975,dcmqi / dicom_lidc_idri_nodules,dcmqi,dicom_lidc_idri_nodules,lidc_idri,OK,1,1
1.2.276.0.7230010.3.1.3.0.16113.1553298786.349173,dcmqi / dicom_lidc_idri_nodules,dcmqi,dicom_lidc_idri_nodules,lidc_idri,OK,1,1
1.2.276.0.7230010.3.1.3.0.55289.1553341008.634876,dcmqi / dicom_lidc_idri_nodules,dcmqi,dicom_lidc_idri_nodules,lidc_idri,OK,1,1
1.2.276.0.7230010.3.1.3.0.12062.1553294999.73668,dcmqi / dicom_lidc_idri_nodules,dcmqi,dicom_lidc_idri_nodules,lidc_idri,OK,1,1
1.2.276.0.7230010.3.1.3.0.15719.1553298453.193330,dcmqi / dicom_lidc_idri_nodules,dcmqi,dicom_lidc_idri_nodules,lidc_idri,OK,1,1
1.2.276.0.7230010.3.1.3.0.42459.1553326894.469893,dcmqi / dicom_lidc_idri_nodules,dcmqi,dicom_lidc_idri_nodules,lidc_idri,OK,1,1
1.2.276.0.7230010.3.1.3.0.9559.1553292852.994851,dcmqi / dicom_lidc_idri_nodules,dcmqi,dicom_lidc_idri_nodules,lidc_idri,OK,1,1
1.2.276.0.7230010.3.1.3.0.17337.1553299955.265715,dcmqi / dicom_lidc_idri_nodules,dcmqi,dicom_lidc_idri_nodules,lidc_idri,OK,1,1
1.2.276.0.7230010.3.1.3.0.69102.1553356278.749639,dcmqi / dicom_lidc_idri_nodules,dcmqi,dicom_lidc_idri_nodules,lidc_idri,OK,1,1
1.2.276.0.7230010.3.1.3.0.8634.1553292180.467645,dcmqi / dicom_lidc_idri_nodules,dcmqi,dicom_lidc_idri_nodules,lidc_idri,OK,1,1
1.2.276.0.7230010.3.1.3.0.59294.1553345603.663178,dcmqi / dicom_lidc_idri_nodules,dcmqi,dicom_lidc_idri_nodules,lidc_idri,OK,1,1
1.2.276.0.7230010.3.1.3.0.58470.1553344543.2384,dcmqi / dicom_lidc_idri_nodules,dcmqi,dicom_lidc_idri_nodules,lidc_idri,OK,1,1
1.2.276.0.7230010.3.1.3.0.8889.1553292353.260446,dcmqi / dicom_lidc_idri_nodules,dcmqi,dicom_lidc_idri_nodules,lidc_idri,OK,1,1
1.2.276.0.7230010.3.1.3.0.59335.1553345614.412926,dcmqi / dicom_lidc_idri_nodules,dcmqi,dicom_lidc_idri_nodules,lidc_idri,OK,1,1
1.2.276.0.7230010.3.1.3.0.49590.1553334713.561006,dcmqi / dicom_lidc_idri_nodules,dcmqi,dicom_lidc_idri_nodules,lidc_idri,OK,1,1
1.2.276.0.7230010.3.1.3.0.44345.1553328935.345505,dcmqi / dicom_lidc_idri_nodules,dcmqi,dicom_lidc_idri_nodules,lidc_idri,OK,1,1
1.2.276.0.7230010.3.1.3.4148549909.2316.1344855738.72,not identifiable from index / qiba_volct_1b,not identifiable from index,qiba_volct_1b,rider_lung_ct,OK,1,1
1.2.826.0.1.3680043.10.511.3.43888141294728060800175751890498236,not identifiable from index / tcga_sbu_til_maps,not identifiable from index,tcga_sbu_til_maps,tcga_prad,OK,1,1
1.2.276.0.7230010.3.1.3.1231426215.1104.1345734575.204,not identifiable from index / qiba_volct_1b,not identifiable from index,qiba_volct_1b,rider_lung_ct,OK,1,1
1.3.6.1.4.1.14519.5.2.1.73124365272328210380383313393108634198,dcmqi / (null),dcmqi,(null),mediastinal_lymph_node_seg,OK,1,1
1.3.6.1.4.1.14519.5.2.1.4580165403954804325908056892218294245,pydicom-seg / (null),pydicom-seg,(null),rider_lung_ct,OK,1,1
1.3.6.1.4.1.14519.5.2.1.281941983210096956175432019669592035445,pydicom-seg / (null),pydicom-seg,(null),rider_lung_ct,OK,1,1
1.2.276.0.7230010.3.1.3.1031255639.1400.1345987891.537,not identifiable from index / qiba_volct_1b,not identifiable from index,qiba_volct_1b,rider_pilot,OK,1,1
1.2.276.0.7230010.3.1.3.1231426215.2848.1345736855.112,not identifiable from index / qiba_volct_1b,not identifiable from index,qiba_volct_1b,rider_pilot,OK,1,1
1.2.276.0.7230010.3.1.3.3286681592.2284.1344866084.367,not identifiable from index / qiba_volct_1b,not identifiable from index,qiba_volct_1b,rider_pilot,OK,1,1
1.2.276.0.7230010.3.1.3.3426864066.868.1345225596.452,not identifiable from index / qiba_volct_1b,not identifiable from index,qiba_volct_1b,rider_pilot,OK,1,1
1.2.826.0.1.3680043.10.511.3.61108860388341209933050185434397311,not identifiable from index / tcga_sbu_til_maps,not identifiable from index,tcga_sbu_til_maps,tcga_brca,OK,1,1
1.2.826.0.1.3680043.10.511.3.68718259986128498606412838362480748,not identifiable from index / tcga_sbu_til_maps,not identifiable from index,tcga_sbu_til_maps,tcga_luad,OK,1,1
1.2.276.0.7230010.3.1.3.4148549909.2316.1344855738.65,not identifiable from index / qiba_volct_1b,not identifiable from index,qiba_volct_1b,rider_lung_ct,OK,1,1
1.2.276.0.7230010.3.1.3.4148549909.2316.1344856159.157,not identifiable from index / qiba_volct_1b,not identifiable from index,qiba_volct_1b,rider_pilot,OK,1,1
1.2.276.0.7230010.3.1.3.1231426215.1104.1345734443.119,not identifiable from index / qiba_volct_1b,not identifiable from index,qiba_volct_1b,rider_lung_ct,OK,1,1
1.3.6.1.4.1.14519.5.2.1.7695.1700.377060499296574221738828708765,not identifiable from index / (null),not identifiable from index,(null),ispy1,OK,1,1
1.3.6.1.4.1.14519.5.2.1.271178474008960025724542581449829000214,highdicom / (null),highdicom,(null),psma_pet_ct_lesions,OK,1,1
1.2.826.0.1.3680043.10.511.3.68570056365539637052125208484658950,not identifiable from index / tcga_sbu_til_maps,not identifiable from index,tcga_sbu_til_maps,tcga_coad,OK,1,1
1.2.826.0.1.3680043.10.511.3.47807681605808795498771622028697386,not identifiable from index / tcga_sbu_til_maps,not identifiable from index,tcga_sbu_til_maps,tcga_coad,OK,1,1
1.2.826.0.1.3680043.10.511.3.73890286848464000655533291152409408,not identifiable from index / tcga_sbu_til_maps,not identifiable from index,tcga_sbu_til_maps,tcga_paad,OK,1,1
1.2.276.0.7230010.3.1.3.1231426215.1972.1345740335.204,not identifiable from index / qiba_volct_1b,not identifiable from index,qiba_volct_1b,rider_pilot,OK,1,1
1.2.826.0.1.3680043.10.511.3.12492756050844690962243439446616621,not identifiable from index / tcga_sbu_til_maps,not identifiable from index,tcga_sbu_til_maps,tcga_blca,OK,1,1
1.2.826.0.1.3680043.10.511.3.31297188806454655269428578165664135,not identifiable from index / tcga_sbu_til_maps,not identifiable from index,tcga_sbu_til_maps,tcga_brca,OK,1,1
1.2.826.0.1.3680043.10.511.3.49627979143392015905187874275991732,not identifiable from index / tcga_sbu_til_maps,not identifiable from index,tcga_sbu_til_maps,tcga_brca,OK,1,1
1.2.826.0.1.3680043.10.511.3.36167131655981109651429260147217516,not identifiable from index / tcga_sbu_til_maps,not identifiable from index,tcga_sbu_til_maps,tcga_ucec,OK,1,1
1.3.6.1.4.1.14519.5.2.1.107535888471743180961890685221592841924,dcmqi / (null),dcmqi,(null),remind,OK,1,1
1.3.6.1.4.1.14519.5.2.1.17401509462214154979903753292855450193,highdicom / (null),highdicom,(null),psma_pet_ct_lesions,OK,1,1
1.2.276.0.7230010.3.1.3.1231426215.2400.1345736029.289,not identifiable from index / qiba_volct_1b,not identifiable from index,qiba_volct_1b,rider_lung_ct,OK,1,1
1.2.826.0.1.3680043.10.511.3.40937856263905893746734895773696024,not identifiable from index / tcga_sbu_til_maps,not identifiable from index,tcga_sbu_til_maps,tcga_luad,OK,1,1
1.2.276.0.7230010.3.1.3.1031255639.1400.1345987891.544,not identifiable from index / qiba_volct_1b,not identifiable from index,qiba_volct_1b,rider_pilot,OK,1,1
1.2.276.0.7230010.3.1.3.309938702.2504.1345117334.119,not identifiable from index / qiba_volct_1b,not identifiable from index,qiba_volct_1b,rider_pilot,OK,1,1
1.2.276.0.7230010.3.1.3.505801377.3020.1345981886.327,not identifiable from index / qiba_volct_1b,not identifiable from index,qiba_volct_1b,rider_pilot,OK,1,1
1.2.276.0.7230010.3.1.3.1231426215.1972.1345740706.367,not identifiable from index / qiba_volct_1b,not identifiable from index,qiba_volct_1b,rider_lung_ct,OK,1,1
1.2.826.0.1.3680043.10.511.3.86393376169523608771673346643875535,not identifiable from index / tcga_sbu_til_maps,not identifiable from index,tcga_sbu_til_maps,tcga_luad,OK,1,1
1.2.826.0.1.3680043.10.511.3.25351798727601406665570388094934488,not identifiable from index / tcga_sbu_til_maps,not identifiable from index,tcga_sbu_til_maps,tcga_meso,OK,1,1
1.2.826.0.1.3680043.8.498.62361606066388778537513012672830367398,highdicom / eay131_tumor_annotations,highdicom,eay131_tumor_annotations,eay131,OK,1,1
1.2.826.0.1.3680043.10.511.3.93853460146028753904978809558885875,not identifiable from index / tcga_sbu_til_maps,not identifiable from index,tcga_sbu_til_maps,tcga_paad,OK,1,1
1.2.826.0.1.3680043.10.511.3.60603107738040541481753059085233396,not identifiable from index / tcga_sbu_til_maps,not identifiable from index,tcga_sbu_til_maps,tcga_brca,OK,1,1
1.2.826.0.1.3680043.8.498.21088061110085946514151986435212159797,highdicom / eay131_tumor_annotations,highdicom,eay131_tumor_annotations,eay131,OK,1,1
1.2.826.0.1.3680043.10.511.3.57770902863696629890799255575464865,not identifiable from index / tcga_sbu_til_maps,not identifiable from index,tcga_sbu_til_maps,tcga_blca,OK,1,1
1.2.276.0.7230010.3.1.3.1231426215.2584.1345552390.34,not identifiable from index / qiba_volct_1b,not identifiable from index,qiba_volct_1b,rider_pilot,OK,1,1
1.2.276.0.7230010.3.1.3.1231426215.2848.1345736855.119,not identifiable from index / qiba_volct_1b,not identifiable from index,qiba_volct_1b,rider_pilot,OK,1,1
1.2.826.0.1.3680043.10.511.3.30319160648950316270943054448842480,not identifiable from index / tcga_sbu_til_maps,not identifiable from index,tcga_sbu_til_maps,tcga_lusc,OK,1,1
1.2.276.0.7230010.3.1.3.4148549909.2316.1344856862.405,not identifiable from index / qiba_volct_1b,not identifiable from index,qiba_volct_1b,rider_lung_ct,OK,1,1
1.2.826.0.1.3680043.10.511.3.1297862783301403527840113716126568,not identifiable from index / tcga_sbu_til_maps,not identifiable from index,tcga_sbu_til_maps,tcga_paad,OK,1,1
1.2.826.0.1.3680043.8.498.79065914154804073505228252039810332471,highdicom / eay131_tumor_annotations,highdicom,eay131_tumor_annotations,eay131,OK,1,1
1.2.826.0.1.3680043.10.511.3.47834867620747476959886600892410823,not identifiable from index / tcga_sbu_til_maps,not identifiable from index,tcga_sbu_til_maps,tcga_lusc,OK,1,1
1.3.6.1.4.1.14519.5.2.1.319577625997229299674511941898593740041,dcmqi / (null),dcmqi,(null),duke_breast_cancer_mri,OK,1,1
1.2.276.0.7230010.3.1.3.1231426215.2940.1345569776.112,not identifiable from index / qiba_volct_1b,not identifiable from index,qiba_volct_1b,rider_pilot,OK,1,1
1.3.6.1.4.1.14519.5.2.1.236352218718587088166487415527449556201,highdicom / (null),highdicom,(null),psma_pet_ct_lesions,OK,1,1
1.2.276.0.7230010.3.1.3.1231426215.1428.1345547908.497,not identifiable from index / qiba_volct_1b,not identifiable from index,qiba_volct_1b,rider_lung_ct,OK,1,1
1.2.276.0.7230010.3.1.3.3426864066.2352.1345226615.289,not identifiable from index / qiba_volct_1b,not identifiable from index,qiba_volct_1b,rider_lung_ct,OK,1,1
1.2.826.0.1.3680043.8.498.82159061014802476609565537062210276640,highdicom / eay131_tumor_annotations,highdicom,eay131_tumor_annotations,eay131,OK,1,1
1.2.826.0.1.3680043.10.511.3.84337172321372237831503819242106461,not identifiable from index / tcga_sbu_til_maps,not identifiable from index,tcga_sbu_til_maps,tcga_luad,OK,1,1
1.2.276.0.7230010.3.1.3.1231426215.2484.1345555686.204,not identifiable from index / qiba_volct_1b,not identifiable from index,qiba_volct_1b,rider_lung_ct,OK,1,1
1.2.276.0.7230010.3.1.3.1031255639.1400.1345987295.204,not identifiable from index / qiba_volct_1b,not identifiable from index,qiba_volct_1b,rider_lung_ct,OK,1,1
1.2.826.0.1.3680043.8.498.61233959799985317293436582355238796956,highdicom / eay131_tumor_annotations,highdicom,eay131_tumor_annotations,eay131,OK,1,1
1.3.6.1.4.1.14519.5.2.1.160568964324001381332167711898381957867,highdicom / (null),highdicom,(null),psma_pet_ct_lesions,OK,1,1
1.3.6.1.4.1.14519.5.2.1.19041664815282879182720498738340911773,highdicom / (null),highdicom,(null),psma_pet_ct_lesions,OK,1,1
1.2.826.0.1.3680043.10.511.3.24755204188362837162136432798917305,not identifiable from index / tcga_sbu_til_maps,not identifiable from index,tcga_sbu_til_maps,tcga_brca,OK,1,1
1.2.276.0.7230010.3.1.3.1031255639.1400.1345987295.197,not identifiable from index / qiba_volct_1b,not identifiable from index,qiba_volct_1b,rider_lung_ct,OK,1,1
1.2.276.0.7230010.3.1.3.3426864066.868.1345225149.367,not identifiable from index / qiba_volct_1b,not identifiable from index,qiba_volct_1b,rider_lung_ct,OK,1,1
1.2.826.0.1.3680043.8.498.24879893890774849499481922873222595247,highdicom / eay131_tumor_annotations,highdicom,eay131_tumor_annotations,eay131,OK,1,1
1.2.276.0.7230010.3.1.3.1031255639.1360.1345986269.289,not identifiable from index / qiba_volct_1b,not identifiable from index,qiba_volct_1b,rider_lung_ct,OK,1,1
1.2.826.0.1.3680043.8.498.94561624526117397816425594606040129727,highdicom / eay131_tumor_annotations,highdicom,eay131_tumor_annotations,eay131,OK,1,1
1.2.276.0.7230010.3.1.3.1231426215.1104.1345734575.197,not identifiable from index / qiba_volct_1b,not identifiable from index,qiba_volct_1b,rider_lung_ct,OK,1,1
1.2.826.0.1.3680043.10.511.3.51889750784848102016272269133136709,not identifiable from index / tcga_sbu_til_maps,not identifiable from index,tcga_sbu_til_maps,tcga_ucec,OK,1,1
1.2.826.0.1.3680043.8.498.11956940543312706383846599123625806185,highdicom / eay131_tumor_annotations,highdicom,eay131_tumor_annotations,eay131,OK,1,1
1.2.826.0.1.3680043.10.511.3.882099699022876339920320371657029,not identifiable from index / tcga_sbu_til_maps,not identifiable from index,tcga_sbu_til_maps,tcga_kirc,OK,1,1
1.2.276.0.7230010.3.1.3.309938702.2428.1345118812.119,not identifiable from index / qiba_volct_1b,not identifiable from index,qiba_volct_1b,rider_lung_ct,OK,1,1
1.2.276.0.7230010.3.1.3.309938702.2504.1345117334.112,not identifiable from index / qiba_volct_1b,not identifiable from index,qiba_volct_1b,rider_pilot,OK,1,1
1.2.826.0.1.3680043.8.498.13907656782691474176236843052734106868,highdicom / eay131_tumor_annotations,highdicom,eay131_tumor_annotations,eay131,OK,1,1
1.2.276.0.7230010.3.1.3.1231426215.1972.1345562251.204,not identifiable from index / qiba_volct_1b,not identifiable from index,qiba_volct_1b,rider_lung_ct,OK,1,1
1.2.276.0.7230010.3.1.3.1031255639.2476.1345992770.282,not identifiable from index / qiba_volct_1b,not identifiable from index,qiba_volct_1b,rider_lung_ct,OK,1,1
1.3.6.1.4.1.14519.5.2.1.125741319341862706419807813512951443361,highdicom / (null),highdicom,(null),psma_pet_ct_lesions,OK,1,1
1.3.6.1.4.1.14519.5.2.1.294334449418353382705072961879766283887,highdicom / (null),highdicom,(null),psma_pet_ct_lesions,OK,1,1
1.3.6.1.4.1.14519.5.2.1.19931839573099495002698175137453771129,highdicom / (null),highdicom,(null),psma_pet_ct_lesions,OK,1,1
1.3.6.1.4.1.14519.5.2.1.325003269598014909544236363545350802968,highdicom / (null),highdicom,(null),psma_pet_ct_lesions,OK,1,1
1.3.6.1.4.1.14519.5.2.1.217639200889172726221140191386633594734,highdicom / (null),highdicom,(null),psma_pet_ct_lesions,OK,1,1
1.3.6.1.4.1.14519.5.2.1.65836920150410939087431350959325194138,highdicom / (null),highdicom,(null),psma_pet_ct_lesions,OK,1,1
1.3.6.1.4.1.14519.5.2.1.291263110129543660018271152738579709397,highdicom / (null),highdicom,(null),psma_pet_ct_lesions,OK,1,1
1.3.6.1.4.1.14519.5.2.1.176445607533373013065027188950804981469,highdicom / (null),highdicom,(null),psma_pet_ct_lesions,OK,1,1
1.2.276.0.7230010.3.1.3.1231426215.2400.1345735693.119,not identifiable from index / qiba_volct_1b,not identifiable from index,qiba_volct_1b,rider_lung_ct,OK,1,1
1.2.826.0.1.3680043.10.511.3.46968767844104557847840566535597926,not identifiable from index / tcga_sbu_til_maps,not identifiable from index,tcga_sbu_til_maps,tcga_coad,OK,1,1
1.2.826.0.1.3680043.10.511.3.33883788853358460263353098289187897,not identifiable from index / tcga_sbu_til_maps,not identifiable from index,tcga_sbu_til_maps,tcga_tgct,OK,1,1
1.2.826.0.1.3680043.8.498.79719222361691585759544186426693930075,highdicom / eay131_tumor_annotations,highdicom,eay131_tumor_annotations,eay131,OK,1,1
1.3.6.1.4.1.14519.5.2.1.181374732403602979070546733570874102008,highdicom / (null),highdicom,(null),psma_pet_ct_lesions,OK,1,1
1.3.6.1.4.1.14519.5.2.1.92465780719624367800891851343032780723,highdicom / (null),highdicom,(null),psma_pet_ct_lesions,OK,1,1
1.3.6.1.4.1.14519.5.2.1.251013050430907454278347547538825315693,highdicom / (null),highdicom,(null),psma_pet_ct_lesions,OK,1,1
1.2.276.0.7230010.3.1.3.1231426215.1428.1345546438.72,not identifiable from index / qiba_volct_1b,not identifiable from index,qiba_volct_1b,rider_pilot,OK,1,1
1.2.276.0.7230010.3.1.3.1565948079.3044.1345142561.150,not identifiable from index / qiba_volct_1b,not identifiable from index,qiba_volct_1b,rider_pilot,OK,1,1
1.2.826.0.1.3680043.10.511.3.2165532632456970549253424930475248,not identifiable from index / tcga_sbu_til_maps,not identifiable from index,tcga_sbu_til_maps,tcga_luad,OK,1,1
1.2.276.0.7230010.3.1.3.1565948079.2848.1345145467.204,not identifiable from index / qiba_volct_1b,not identifiable from index,qiba_volct_1b,rider_pilot,OK,1,1
1.2.276.0.7230010.3.1.3.17436516.690034.1722971307.485950,dcmqi / bamf_aimi_annotations,dcmqi,bamf_aimi_annotations,upenn_gbm,OK,1,1
1.2.826.0.1.3680043.8.498.66478873627677759397672114834271224603,highdicom / eay131_tumor_annotations,highdicom,eay131_tumor_annotations,eay131,OK,1,1
1.2.276.0.7230010.3.1.3.1031255639.1360.1345986558.452,not identifiable from index / qiba_volct_1b,not identifiable from index,qiba_volct_1b,rider_pilot,OK,1,1
1.2.276.0.7230010.3.1.3.1565948079.2848.1345145467.197,not identifiable from index / qiba_volct_1b,not identifiable from index,qiba_volct_1b,rider_pilot,OK,1,1
1.2.276.0.7230010.3.1.3.309938702.2016.1345114767.71,not identifiable from index / qiba_volct_1b,not identifiable from index,qiba_volct_1b,rider_lung_ct,OK,1,1
1.2.276.0.7230010.3.1.3.1565948079.2848.1345144029.359,not identifiable from index / qiba_volct_1b,not identifiable from index,qiba_volct_1b,rider_pilot,OK,1,1
1.2.826.0.1.3680043.8.498.45916745902952428340176253016515810606,highdicom / eay131_tumor_annotations,highdicom,eay131_tumor_annotations,eay131,OK,1,1
1.2.276.0.7230010.3.1.3.481037312.116613.1761243180.247549,dcmqi / nlstseg,dcmqi,nlstseg,nlst,OK,1,1
1.2.276.0.7230010.3.1.3.481037312.492792.1761256815.178391,dcmqi / nlstseg,dcmqi,nlstseg,nlst,OK,1,1
1.2.826.0.1.3680043.8.498.12272573998610749070683412487099394586,highdicom / eay131_tumor_annotations,highdicom,eay131_tumor_annotations,eay131,OK,1,1
1.2.826.0.1.3680043.8.498.13398392210934535881110907191617237026,highdicom / eay131_tumor_annotations,highdicom,eay131_tumor_annotations,eay131,OK,1,1
1.2.826.0.1.3680043.8.498.93305260168633203716680481083291747218,highdicom / eay131_tumor_annotations,highdicom,eay131_tumor_annotations,eay131,OK,1,1
1.2.276.0.7230010.3.1.3.1231426215.1548.1345734043.459,not identifiable from index / qiba_volct_1b,not identifiable from index,qiba_volct_1b,rider_pilot,OK,1,1
1.2.276.0.7230010.3.1.3.481037312.157056.1761244514.528358,dcmqi / nlstseg,dcmqi,nlstseg,nlst,OK,1,1
1.2.276.0.7230010.3.1.3.481037312.155088.1761244451.63454,dcmqi / nlstseg,dcmqi,nlstseg,nlst,OK,1,1
1.2.276.0.7230010.3.1.3.481037312.34691.1761240471.250562,dcmqi / nlstseg,dcmqi,nlstseg,nlst,OK,1,1
1.2.276.0.7230010.3.1.3.0.6689.1553290827.748685,dcmqi / dicom_lidc_idri_nodules,dcmqi,dicom_lidc_idri_nodules,lidc_idri,OK,1,1
1.2.276.0.7230010.3.1.3.481037312.31712.1761240372.720156,dcmqi / nlstseg,dcmqi,nlstseg,nlst,OK,1,1
1.2.276.0.7230010.3.1.3.481037312.355048.1761251285.166132,dcmqi / nlstseg,dcmqi,nlstseg,nlst,OK,1,1
1.2.276.0.7230010.3.1.3.0.6734.1553290840.474612,dcmqi / dicom_lidc_idri_nodules,dcmqi,dicom_lidc_idri_nodules,lidc_idri,OK,1,1
1.2.276.0.7230010.3.1.3.0.21879.1553304905.799397,dcmqi / dicom_lidc_idri_nodules,dcmqi,dicom_lidc_idri_nodules,lidc_idri,OK,1,1
1.2.276.0.7230010.3.1.3.481037312.274494.1761248501.545622,dcmqi / nlstseg,dcmqi,nlstseg,nlst,OK,1,1
1.2.276.0.7230010.3.1.3.481037312.278455.1761248634.415468,dcmqi / nlstseg,dcmqi,nlstseg,nlst,OK,1,1
1.2.276.0.7230010.3.1.3.481037312.46455.1761240843.173560,dcmqi / nlstseg,dcmqi,nlstseg,nlst,OK,1,1
1.2.276.0.7230010.3.1.3.0.22673.1553305666.371920,dcmqi / dicom_lidc_idri_nodules,dcmqi,dicom_lidc_idri_nodules,lidc_idri,OK,1,1
1.2.276.0.7230010.3.1.3.0.66188.1553353045.701706,dcmqi / dicom_lidc_idri_nodules,dcmqi,dicom_lidc_idri_nodules,lidc_idri,OK,1,1
1.2.276.0.7230010.3.1.3.0.22231.1553305182.776381,dcmqi / dicom_lidc_idri_nodules,dcmqi,dicom_lidc_idri_nodules,lidc_idri,OK,1,1
1.2.276.0.7230010.3.1.3.0.31337.1553315055.829255,dcmqi / dicom_lidc_idri_nodules,dcmqi,dicom_lidc_idri_nodules,lidc_idri,OK,1,1
1.2.276.0.7230010.3.1.3.0.34616.1553318586.727137,dcmqi / dicom_lidc_idri_nodules,dcmqi,dicom_lidc_idri_nodules,lidc_idri,OK,1,1
1.2.276.0.7230010.3.1.3.0.43567.1553328092.38419,dcmqi / dicom_lidc_idri_nodules,dcmqi,dicom_lidc_idri_nodules,lidc_idri,OK,1,1
1.2.276.0.7230010.3.1.3.0.9465.1553292766.465018,dcmqi / dicom_lidc_idri_nodules,dcmqi,dicom_lidc_idri_nodules,lidc_idri,OK,1,1
1.2.276.0.7230010.3.1.3.481037312.97782.1761242537.399677,dcmqi / nlstseg,dcmqi,nlstseg,nlst,OK,1,1
1.2.276.0.7230010.3.1.3.0.25756.1553308933.65554,dcmqi / dicom_lidc_idri_nodules,dcmqi,dicom_lidc_idri_nodules,lidc_idri,OK,1,1
1.2.276.0.7230010.3.1.3.0.3178.1553287597.227687,dcmqi / dicom_lidc_idri_nodules,dcmqi,dicom_lidc_idri_nodules,lidc_idri,OK,1,1
1.2.276.0.7230010.3.1.3.0.8289.1553292019.399622,dcmqi / dicom_lidc_idri_nodules,dcmqi,dicom_lidc_idri_nodules,lidc_idri,OK,1,1
1.2.276.0.7230010.3.1.3.0.53210.1553338788.205716,dcmqi / dicom_lidc_idri_nodules,dcmqi,dicom_lidc_idri_nodules,lidc_idri,OK,1,1
1.2.276.0.7230010.3.1.3.0.26479.1553309682.672025,dcmqi / dicom_lidc_idri_nodules,dcmqi,dicom_lidc_idri_nodules,lidc_idri,OK,1,1
1.2.276.0.7230010.3.1.3.0.26522.1553309695.852327,dcmqi / dicom_lidc_idri_nodules,dcmqi,dicom_lidc_idri_nodules,lidc_idri,OK,1,1
1.2.276.0.7230010.3.1.3.0.26626.1553309846.396716,dcmqi / dicom_lidc_idri_nodules,dcmqi,dicom_lidc_idri_nodules,lidc_idri,OK,1,1
1.2.276.0.7230010.3.1.3.0.20387.1553303343.441714,dcmqi / dicom_lidc_idri_nodules,dcmqi,dicom_lidc_idri_nodules,lidc_idri,OK,1,1
1.2.276.0.7230010.3.1.3.0.29043.1553312628.857749,dcmqi / dicom_lidc_idri_nodules,dcmqi,dicom_lidc_idri_nodules,lidc_idri,OK,1,1
1.2.276.0.7230010.3.1.3.481037312.129304.1761243578.424572,dcmqi / nlstseg,dcmqi,nlstseg,nlst,OK,1,1
1.2.276.0.7230010.3.1.3.481037312.83052.1761242066.560878,dcmqi / nlstseg,dcmqi,nlstseg,nlst,OK,1,1
1.2.276.0.7230010.3.1.3.0.24976.1553308145.380999,dcmqi / dicom_lidc_idri_nodules,dcmqi,dicom_lidc_idri_nodules,lidc_idri,OK,1,1
1.2.276.0.7230010.3.1.3.0.53705.1553339246.30534,dcmqi / dicom_lidc_idri_nodules,dcmqi,dicom_lidc_idri_nodules,lidc_idri,OK,1,1
1.2.276.0.7230010.3.1.3.0.6407.1553290511.646376,dcmqi / dicom_lidc_idri_nodules,dcmqi,dicom_lidc_idri_nodules,lidc_idri,OK,1,1
1.2.276.0.7230010.3.1.3.0.23559.1553306634.963223,dcmqi / dicom_lidc_idri_nodules,dcmqi,dicom_lidc_idri_nodules,lidc_idri,OK,1,1
1.2.276.0.7230010.3.1.3.0.51282.1553336742.562012,dcmqi / dicom_lidc_idri_nodules,dcmqi,dicom_lidc_idri_nodules,lidc_idri,OK,1,1
1.2.276.0.7230010.3.1.3.0.55050.1553340773.142796,dcmqi / dicom_lidc_idri_nodules,dcmqi,dicom_lidc_idri_nodules,lidc_idri,OK,1,1
1.2.276.0.7230010.3.1.3.0.38516.1553322664.766965,dcmqi / dicom_lidc_idri_nodules,dcmqi,dicom_lidc_idri_nodules,lidc_idri,OK,1,1
1.2.276.0.7230010.3.1.3.0.59730.1553346013.937088,dcmqi / dicom_lidc_idri_nodules,dcmqi,dicom_lidc_idri_nodules,lidc_idri,OK,1,1
1.2.276.0.7230010.3.1.3.0.68969.1553356142.890153,dcmqi / dicom_lidc_idri_nodules,dcmqi,dicom_lidc_idri_nodules,lidc_idri,OK,1,1
1.2.276.0.7230010.3.1.3.0.69023.1553356163.151008,dcmqi / dicom_lidc_idri_nodules,dcmqi,dicom_lidc_idri_nodules,lidc_idri,OK,1,1
1.2.276.0.7230010.3.1.3.481037312.454000.1761255261.667406,dcmqi / nlstseg,dcmqi,nlstseg,nlst,OK,1,1
1.2.276.0.7230010.3.1.3.0.17925.1553300710.194359,dcmqi / dicom_lidc_idri_nodules,dcmqi,dicom_lidc_idri_nodules,lidc_idri,OK,1,1
1.2.276.0.7230010.3.1.3.0.53826.1553339387.487941,dcmqi / dicom_lidc_idri_nodules,dcmqi,dicom_lidc_idri_nodules,lidc_idri,OK,1,1
1.2.276.0.7230010.3.1.3.0.53830.1553339395.884443,dcmqi / dicom_lidc_idri_nodules,dcmqi,dicom_lidc_idri_nodules,lidc_idri,OK,1,1
1.2.276.0.7230010.3.1.3.0.2220.1553286838.951860,dcmqi / dicom_lidc_idri_nodules,dcmqi,dicom_lidc_idri_nodules,lidc_idri,OK,1,1
1.2.276.0.7230010.3.1.3.0.3626.1553288016.869228,dcmqi / dicom_lidc_idri_nodules,dcmqi,dicom_lidc_idri_nodules,lidc_idri,OK,1,1
1.2.276.0.7230010.3.1.3.0.36443.1553320609.915604,dcmqi / dicom_lidc_idri_nodules,dcmqi,dicom_lidc_idri_nodules,lidc_idri,OK,1,1
1.2.276.0.7230010.3.1.3.0.15665.1553298416.86851,dcmqi / dicom_lidc_idri_nodules,dcmqi,dicom_lidc_idri_nodules,lidc_idri,OK,1,1
1.2.276.0.7230010.3.1.3.481037312.386208.1761252442.287680,dcmqi / nlstseg,dcmqi,nlstseg,nlst,OK,1,1
1.2.276.0.7230010.3.1.3.0.3123.1553287568.942252,dcmqi / dicom_lidc_idri_nodules,dcmqi,dicom_lidc_idri_nodules,lidc_idri,OK,1,1
1.2.276.0.7230010.3.1.3.0.4520.1553288958.389616,dcmqi / dicom_lidc_idri_nodules,dcmqi,dicom_lidc_idri_nodules,lidc_idri,OK,1,1
1.2.276.0.7230010.3.1.3.481037312.548960.1761259281.108015,dcmqi / nlstseg,dcmqi,nlstseg,nlst,OK,1,1
1.2.276.0.7230010.3.1.3.0.26823.1553310075.511659,dcmqi / dicom_lidc_idri_nodules,dcmqi,dicom_lidc_idri_nodules,lidc_idri,OK,1,1
1.2.276.0.7230010.3.1.3.0.90944.1553284705.517525,dcmqi / dicom_lidc_idri_nodules,dcmqi,dicom_lidc_idri_nodules,lidc_idri,OK,1,1
1.2.276.0.7230010.3.1.3.0.14230.1553296983.577261,dcmqi / dicom_lidc_idri_nodules,dcmqi,dicom_lidc_idri_nodules,lidc_idri,OK,1,1
1.2.276.0.7230010.3.1.3.0.16670.1553299368.779978,dcmqi / dicom_lidc_idri_nodules,dcmqi,dicom_lidc_idri_nodules,lidc_idri,OK,1,1
1.2.276.0.7230010.3.1.3.0.19915.1553302877.27138,dcmqi / dicom_lidc_idri_nodules,dcmqi,dicom_lidc_idri_nodules,lidc_idri,OK,1,1
1.2.276.0.7230010.3.1.3.481037312.593138.1761261119.621381,dcmqi / nlstseg,dcmqi,nlstseg,nlst,OK,1,1
1.2.276.0.7230010.3.1.3.0.40747.1553324942.753763,dcmqi / dicom_lidc_idri_nodules,dcmqi,dicom_lidc_idri_nodules,lidc_idri,OK,1,1
1.2.276.0.7230010.3.1.3.0.70188.1553357379.271959,dcmqi / dicom_lidc_idri_nodules,dcmqi,dicom_lidc_idri_nodules,lidc_idri,OK,1,1
1.2.276.0.7230010.3.1.3.0.15296.1553298027.712386,dcmqi / dicom_lidc_idri_nodules,dcmqi,dicom_lidc_idri_nodules,lidc_idri,OK,1,1
1.2.276.0.7230010.3.1.3.0.7217.1553291355.319061,dcmqi / dicom_lidc_idri_nodules,dcmqi,dicom_lidc_idri_nodules,lidc_idri,OK,1,1
1.2.276.0.7230010.3.1.3.0.15179.1553297901.327821,dcmqi / dicom_lidc_idri_nodules,dcmqi,dicom_lidc_idri_nodules,lidc_idri,OK,1,1
1.2.276.0.7230010.3.1.3.0.54213.1553339831.29887,dcmqi / dicom_lidc_idri_nodules,dcmqi,dicom_lidc_idri_nodules,lidc_idri,OK,1,1
1.2.276.0.7230010.3.1.3.0.12307.1553295262.290057,dcmqi / dicom_lidc_idri_nodules,dcmqi,dicom_lidc_idri_nodules,lidc_idri,OK,1,1
1.2.276.0.7230010.3.1.3.0.16786.1553299493.473117,dcmqi / dicom_lidc_idri_nodules,dcmqi,dicom_lidc_idri_nodules,lidc_idri,OK,1,1
1.2.276.0.7230010.3.1.3.481037312.444825.1761254892.558682,dcmqi / nlstseg,dcmqi,nlstseg,nlst,OK,1,1
1.2.276.0.7230010.3.1.3.0.45641.1553330328.335811,dcmqi / dicom_lidc_idri_nodules,dcmqi,dicom_lidc_idri_nodules,lidc_idri,OK,1,1
1.2.276.0.7230010.3.1.3.0.60997.1553347392.739067,dcmqi / dicom_lidc_idri_nodules,dcmqi,dicom_lidc_idri_nodules,lidc_idri,OK,1,1
1.2.276.0.7230010.3.1.3.0.61028.1553347407.332871,dcmqi / dicom_lidc_idri_nodules,dcmqi,dicom_lidc_idri_nodules,lidc_idri,OK,1,1
1.2.276.0.7230010.3.1.3.0.61371.1553347759.712413,dcmqi / dicom_lidc_idri_nodules,dcmqi,dicom_lidc_idri_nodules,lidc_idri,OK,1,1
1.2.276.0.7230010.3.1.3.481037312.452990.1761255223.173489,dcmqi / nlstseg,dcmqi,nlstseg,nlst,OK,1,1
1.2.276.0.7230010.3.1.3.0.26413.1553309588.457044,dcmqi / dicom_lidc_idri_nodules,dcmqi,dicom_lidc_idri_nodules,lidc_idri,OK,1,1
1.2.276.0.7230010.3.1.3.0.57152.1553343090.666925,dcmqi / dicom_lidc_idri_nodules,dcmqi,dicom_lidc_idri_nodules,lidc_idri,OK,1,1
1.2.276.0.7230010.3.1.3.0.13011.1553295854.413408,dcmqi / dicom_lidc_idri_nodules,dcmqi,dicom_lidc_idri_nodules,lidc_idri,OK,1,1
1.2.276.0.7230010.3.1.3.0.36935.1553321097.778772,dcmqi / dicom_lidc_idri_nodules,dcmqi,dicom_lidc_idri_nodules,lidc_idri,OK,1,1
1.2.276.0.7230010.3.1.3.0.47221.1553332220.884669,dcmqi / dicom_lidc_idri_nodules,dcmqi,dicom_lidc_idri_nodules,lidc_idri,OK,1,1
1.2.276.0.7230010.3.1.3.0.56835.1553342745.691724,dcmqi / dicom_lidc_idri_nodules,dcmqi,dicom_lidc_idri_nodules,lidc_idri,OK,1,1
1.2.276.0.7230010.3.1.3.0.13524.1553296346.536975,dcmqi / dicom_lidc_idri_nodules,dcmqi,dicom_lidc_idri_nodules,lidc_idri,OK,1,1
1.2.276.0.7230010.3.1.3.0.13088.1553295926.997951,dcmqi / dicom_lidc_idri_nodules,dcmqi,dicom_lidc_idri_nodules,lidc_idri,OK,1,1
1.2.276.0.7230010.3.1.3.0.13393.1553296207.714263,dcmqi / dicom_lidc_idri_nodules,dcmqi,dicom_lidc_idri_nodules,lidc_idri,OK,1,1
1.2.276.0.7230010.3.1.3.0.15114.1553297844.972950,dcmqi / dicom_lidc_idri_nodules,dcmqi,dicom_lidc_idri_nodules,lidc_idri,OK,1,1
1.2.276.0.7230010.3.1.3.0.15356.1553298079.429259,dcmqi / dicom_lidc_idri_nodules,dcmqi,dicom_lidc_idri_nodules,lidc_idri,OK,1,1
1.2.276.0.7230010.3.1.3.0.44226.1553328806.946744,dcmqi / dicom_lidc_idri_nodules,dcmqi,dicom_lidc_idri_nodules,lidc_idri,OK,1,1
1.2.276.0.7230010.3.1.3.0.49840.1553335028.843563,dcmqi / dicom_lidc_idri_nodules,dcmqi,dicom_lidc_idri_nodules,lidc_idri,OK,1,1
1.2.276.0.7230010.3.1.3.0.51937.1553337339.871384,dcmqi / dicom_lidc_idri_nodules,dcmqi,dicom_lidc_idri_nodules,lidc_idri,OK,1,1
1.2.276.0.7230010.3.1.3.0.61487.1553347872.351961,dcmqi / dicom_lidc_idri_nodules,dcmqi,dicom_lidc_idri_nodules,lidc_idri,OK,1,1
1.2.276.0.7230010.3.1.3.0.62023.1553348446.460361,dcmqi / dicom_lidc_idri_nodules,dcmqi,dicom_lidc_idri_nodules,lidc_idri,OK,1,1
1.2.276.0.7230010.3.1.3.0.62045.1553348480.924160,dcmqi / dicom_lidc_idri_nodules,dcmqi,dicom_lidc_idri_nodules,lidc_idri,OK,1,1
1.2.276.0.7230010.3.1.3.0.24492.1553307622.725659,dcmqi / dicom_lidc_idri_nodules,dcmqi,dicom_lidc_idri_nodules,lidc_idri,OK,1,1
1.2.276.0.7230010.3.1.3.0.34907.1553318927.748308,dcmqi / dicom_lidc_idri_nodules,dcmqi,dicom_lidc_idri_nodules,lidc_idri,OK,1,1
1.2.276.0.7230010.3.1.3.0.60855.1553347201.202456,dcmqi / dicom_lidc_idri_nodules,dcmqi,dicom_lidc_idri_nodules,lidc_idri,OK,1,1
1.2.276.0.7230010.3.1.3.0.8915.1553292359.147999,dcmqi / dicom_lidc_idri_nodules,dcmqi,dicom_lidc_idri_nodules,lidc_idri,OK,1,1
1.2.276.0.7230010.3.1.3.0.12321.1553295278.169393,dcmqi / dicom_lidc_idri_nodules,dcmqi,dicom_lidc_idri_nodules,lidc_idri,OK,1,1
1.2.276.0.7230010.3.1.3.0.13715.1553296554.340123,dcmqi / dicom_lidc_idri_nodules,dcmqi,dicom_lidc_idri_nodules,lidc_idri,OK,1,1
1.2.276.0.7230010.3.1.3.0.17392.1553300016.490916,dcmqi / dicom_lidc_idri_nodules,dcmqi,dicom_lidc_idri_nodules,lidc_idri,OK,1,1
1.2.276.0.7230010.3.1.3.0.20721.1553303685.378766,dcmqi / dicom_lidc_idri_nodules,dcmqi,dicom_lidc_idri_nodules,lidc_idri,OK,1,1
1.2.276.0.7230010.3.1.3.0.30682.1553314389.180027,dcmqi / dicom_lidc_idri_nodules,dcmqi,dicom_lidc_idri_nodules,lidc_idri,OK,1,1
1.2.826.0.1.3680043.10.511.3.90039547144766963914579730457142971,not identifiable from index / tcga_sbu_til_maps,not identifiable from index,tcga_sbu_til_maps,tcga_blca,OK,1,1
1.2.276.0.7230010.3.1.3.1231426215.1056.1345550659.112,not identifiable from index / qiba_volct_1b,not identifiable from index,qiba_volct_1b,rider_pilot,OK,1,1
1.2.276.0.7230010.3.1.3.4148549909.1376.1344858717.367,not identifiable from index / qiba_volct_1b,not identifiable from index,qiba_volct_1b,rider_pilot,OK,1,1
1.3.6.1.4.1.14519.5.2.1.139980773117470625572587839171420887660,highdicom / (null),highdicom,(null),psma_pet_ct_lesions,OK,1,1
1.3.6.1.4.1.14519.5.2.1.217632236046756545187527315668334884772,highdicom / (null),highdicom,(null),psma_pet_ct_lesions,OK,1,1
1.3.6.1.4.1.14519.5.2.1.122006536821896822698978745650896058054,highdicom / (null),highdicom,(null),psma_pet_ct_lesions,OK,1,1
1.3.6.1.4.1.14519.5.2.1.59228760612155421694066185168005010255,highdicom / (null),highdicom,(null),psma_pet_ct_lesions,OK,1,1
1.3.6.1.4.1.14519.5.2.1.237176048760805018222428829946187877799,highdicom / (null),highdicom,(null),psma_pet_ct_lesions,OK,1,1
1.3.6.1.4.1.14519.5.2.1.181224574620110608662940221779692110813,highdicom / (null),highdicom,(null),psma_pet_ct_lesions,OK,1,1
1.3.6.1.4.1.14519.5.2.1.94233852695020279921847632238473942255,highdicom / (null),highdicom,(null),psma_pet_ct_lesions,OK,1,1
1.3.6.1.4.1.14519.5.2.1.329240450884766573092886225216097114969,highdicom / (null),highdicom,(null),psma_pet_ct_lesions,OK,1,1
1.3.6.1.4.1.14519.5.2.1.231774514175055382279843778190604851011,highdicom / (null),highdicom,(null),psma_pet_ct_lesions,OK,1,1
1.3.6.1.4.1.14519.5.2.1.76510762151157085387300652453744208212,dcmqi / (null),dcmqi,(null),mediastinal_lymph_node_seg,OK,1,1
1.3.6.1.4.1.14519.5.2.1.39423548709461967320788088461640804167,pydicom-seg / (null),pydicom-seg,(null),rider_lung_ct,OK,1,1
1.3.6.1.4.1.14519.5.2.1.163265397889088756836736326243411825337,pydicom-seg / (null),pydicom-seg,(null),rider_lung_ct,OK,1,1
1.3.6.1.4.1.14519.5.2.1.207199835406232716215399880045648203957,pydicom-seg / (null),pydicom-seg,(null),rider_lung_ct,OK,1,1
1.3.6.1.4.1.14519.5.2.1.76596725233874217999424680815200059651,pydicom-seg / (null),pydicom-seg,(null),rider_lung_ct,OK,1,1
1.2.826.0.1.3680043.8.498.32791999311869981620437908517038552316,highdicom / eay131_tumor_annotations,highdicom,eay131_tumor_annotations,eay131,OK,1,1
1.2.826.0.1.3680043.10.511.3.52095877215395460580978276130941908,not identifiable from index / tcga_sbu_til_maps,not identifiable from index,tcga_sbu_til_maps,tcga_coad,OK,1,1
1.3.6.1.4.1.14519.5.2.1.264541535609416457411370865653646141830,highdicom / (null),highdicom,(null),psma_pet_ct_lesions,OK,1,1
1.3.6.1.4.1.14519.5.2.1.155630823611834520340503541385293760489,highdicom / (null),highdicom,(null),psma_pet_ct_lesions,OK,1,1
1.2.276.0.7230010.3.1.3.1231426215.2152.1345732744.412,not identifiable from index / qiba_volct_1b,not identifiable from index,qiba_volct_1b,rider_lung_ct,OK,1,1
1.2.276.0.7230010.3.1.3.4148549909.1376.1344858717.374,not identifiable from index / qiba_volct_1b,not identifiable from index,qiba_volct_1b,rider_pilot,OK,1,1
1.2.276.0.7230010.3.1.3.1231426215.1972.1345740335.197,not identifiable from index / qiba_volct_1b,not identifiable from index,qiba_volct_1b,rider_pilot,OK,1,1
1.2.826.0.1.3680043.8.498.77329406242206315417326028377276295794,highdicom / eay131_tumor_annotations,highdicom,eay131_tumor_annotations,eay131,OK,1,1
1.2.826.0.1.3680043.10.511.3.74177562110083539827146930974196146,not identifiable from index / tcga_sbu_til_maps,not identifiable from index,tcga_sbu_til_maps,tcga_luad,OK,1,1
1.3.6.1.4.1.14519.5.2.1.306388389363162834541877154785035553795,highdicom / (null),highdicom,(null),psma_pet_ct_lesions,OK,1,1
1.3.6.1.4.1.14519.5.2.1.108181233288998923692731537140674011855,highdicom / (null),highdicom,(null),psma_pet_ct_lesions,OK,1,1
1.2.826.0.1.3680043.8.498.39265614945847592948426783482956354478,highdicom / eay131_tumor_annotations,highdicom,eay131_tumor_annotations,eay131,OK,1,1
1.3.6.1.4.1.14519.5.2.1.82898264534786472686228142332957923615,highdicom / (null),highdicom,(null),psma_pet_ct_lesions,OK,1,1
1.3.6.1.4.1.14519.5.2.1.176032824485908317532235664687034699649,highdicom / (null),highdicom,(null),psma_pet_ct_lesions,OK,1,1
1.3.6.1.4.1.14519.5.2.1.55456986935400445791508788566514836589,highdicom / (null),highdicom,(null),psma_pet_ct_lesions,OK,1,1
1.3.6.1.4.1.14519.5.2.1.276660250541949458265976263675118562295,highdicom / (null),highdicom,(null),psma_pet_ct_lesions,OK,1,1
1.3.6.1.4.1.14519.5.2.1.119200188640508504731510480586097701716,highdicom / (null),highdicom,(null),psma_pet_ct_lesions,OK,1,1
1.3.6.1.4.1.14519.5.2.1.257747852717385026688721696395429354595,highdicom / (null),highdicom,(null),psma_pet_ct_lesions,OK,1,1
1.2.826.0.1.3680043.10.511.3.85173540544598148902271951423137883,not identifiable from index / tcga_sbu_til_maps,not identifiable from index,tcga_sbu_til_maps,tcga_kirc,OK,1,1
1.3.6.1.4.1.14519.5.2.1.306324015793133922821688955881668157756,highdicom / (null),highdicom,(null),psma_pet_ct_lesions,OK,1,1
1.2.826.0.1.3680043.10.511.3.39247536958356456829955890928956575,not identifiable from index / tcga_sbu_til_maps,not identifiable from index,tcga_sbu_til_maps,tcga_hnsc,OK,1,1
1.2.826.0.1.3680043.8.498.11248284768746893496695276547868235601,highdicom / eay131_tumor_annotations,highdicom,eay131_tumor_annotations,eay131,OK,1,1
1.2.826.0.1.3680043.8.498.34931997282755608428050854136702553482,highdicom / eay131_tumor_annotations,highdicom,eay131_tumor_annotations,eay131,OK,1,1
1.3.6.1.4.1.14519.5.2.1.3899602276135623118759012136872776308,dcmqi / (null),dcmqi,(null),remind,OK,1,1
1.2.826.0.1.3680043.8.498.44123096613372606045678886140096741276,highdicom / eay131_tumor_annotations,highdicom,eay131_tumor_annotations,eay131,OK,1,1
1.3.6.1.4.1.14519.5.2.1.7695.4164.244887697545160728450319831421,not identifiable from index / (null),not identifiable from index,(null),acrin_6698,OK,1,1
1.2.826.0.1.3680043.8.498.36062754217614109263458772850179957002,highdicom / eay131_tumor_annotations,highdicom,eay131_tumor_annotations,eay131,OK,1,1
1.2.826.0.1.3680043.8.498.38846056864448954353752756795082648686,highdicom / eay131_tumor_annotations,highdicom,eay131_tumor_annotations,eay131,OK,1,1
1.2.826.0.1.3680043.8.498.53717912817649950246850790090901990775,highdicom / eay131_tumor_annotations,highdicom,eay131_tumor_annotations,eay131,OK,1,1
1.2.826.0.1.3680043.10.511.3.50054228225511395503749548275751832,not identifiable from index / tcga_sbu_til_maps,not identifiable from index,tcga_sbu_til_maps,tcga_luad,OK,1,1
1.2.826.0.1.3680043.8.498.69020794513044175889377870222511963481,highdicom / eay131_tumor_annotations,highdicom,eay131_tumor_annotations,eay131,OK,1,1
1.2.276.0.7230010.3.1.3.3426864066.868.1345225149.374,not identifiable from index / qiba_volct_1b,not identifiable from index,qiba_volct_1b,rider_lung_ct,OK,1,1
1.2.826.0.1.3680043.10.511.3.42935638496623800193435343421843053,not identifiable from index / tcga_sbu_til_maps,not identifiable from index,tcga_sbu_til_maps,tcga_lusc,OK,1,1
1.2.276.0.7230010.3.1.3.1231426215.888.1345737671.27,not identifiable from index / qiba_volct_1b,not identifiable from index,qiba_volct_1b,rider_pilot,OK,1,1
1.2.276.0.7230010.3.1.3.3426864066.868.1345224408.112,not identifiable from index / qiba_volct_1b,not identifiable from index,qiba_volct_1b,rider_pilot,OK,1,1
1.2.826.0.1.3680043.8.498.81707801141096803197104384839474629982,highdicom / eay131_tumor_annotations,highdicom,eay131_tumor_annotations,eay131,OK,1,1
1.3.6.1.4.1.14519.5.2.1.7695.4164.842658537324669156227974875629,not identifiable from index / (null),not identifiable from index,(null),acrin_6698,OK,1,1
1.2.826.0.1.3680043.8.498.51705828290560419649342824482251211737,highdicom / eay131_tumor_annotations,highdicom,eay131_tumor_annotations,eay131,OK,1,1
1.2.826.0.1.3680043.8.498.65795068801287738224757045604664095829,highdicom / eay131_tumor_annotations,highdicom,eay131_tumor_annotations,eay131,OK,1,1
1.2.826.0.1.3680043.8.498.11022343969530142934603403361811240477,highdicom / eay131_tumor_annotations,highdicom,eay131_tumor_annotations,eay131,OK,1,1
1.2.826.0.1.3680043.8.498.44508168968457623560149712819266306944,highdicom / eay131_tumor_annotations,highdicom,eay131_tumor_annotations,eay131,OK,1,1
1.3.6.1.4.1.14519.5.2.1.134469573337823749976158489848577163715,highdicom / (null),highdicom,(null),psma_pet_ct_lesions,OK,1,1
1.3.6.1.4.1.14519.5.2.1.157474290307007905046827310582896608505,highdicom / (null),highdicom,(null),psma_pet_ct_lesions,OK,1,1
1.3.6.1.4.1.14519.5.2.1.170213607061652526971070302275012863608,highdicom / (null),highdicom,(null),psma_pet_ct_lesions,OK,1,1
1.3.6.1.4.1.14519.5.2.1.2912627835938895208917833048632464905,highdicom / (null),highdicom,(null),psma_pet_ct_lesions,OK,1,1
1.3.6.1.4.1.14519.5.2.1.19106467223630281366001239703092101195,highdicom / (null),highdicom,(null),psma_pet_ct_lesions,OK,1,1
1.2.826.0.1.3680043.10.511.3.76786368962183051683267108236285858,not identifiable from index / tcga_sbu_til_maps,not identifiable from index,tcga_sbu_til_maps,tcga_coad,OK,1,1
1.2.826.0.1.3680043.8.498.90714760781510267670866906651104273866,highdicom / eay131_tumor_annotations,highdicom,eay131_tumor_annotations,eay131,OK,1,1
1.2.826.0.1.3680043.8.498.13353353906570479166926960775370165255,highdicom / eay131_tumor_annotations,highdicom,eay131_tumor_annotations,eay131,OK,1,1
1.3.6.1.4.1.14519.5.2.1.271026088081151857258257693236075933311,highdicom / (null),highdicom,(null),psma_pet_ct_lesions,OK,1,1
1.2.276.0.7230010.3.1.3.1231426215.1428.1345547156.320,not identifiable from index / qiba_volct_1b,not identifiable from index,qiba_volct_1b,rider_lung_ct,OK,1,1
1.2.826.0.1.3680043.8.498.79495103048382896928862257727195341053,highdicom / eay131_tumor_annotations,highdicom,eay131_tumor_annotations,eay131,OK,1,1
1.2.276.0.7230010.3.1.3.4148549909.2324.1344864236.367,not identifiable from index / qiba_volct_1b,not identifiable from index,qiba_volct_1b,rider_pilot,OK,1,1
1.3.6.1.4.1.14519.5.2.1.137573719512017728711522468224067249566,dcmqi / (null),dcmqi,(null),remind,OK,1,1
1.3.6.1.4.1.14519.5.2.1.26629766614743434778259874327130074624,highdicom / (null),highdicom,(null),psma_pet_ct_lesions,OK,1,1
1.2.826.0.1.3680043.8.498.19044797308101891642794731642705533063,highdicom / eay131_tumor_annotations,highdicom,eay131_tumor_annotations,eay131,OK,1,1
1.2.826.0.1.3680043.8.498.50890362390280610829142039378450404820,highdicom / eay131_tumor_annotations,highdicom,eay131_tumor_annotations,eay131,OK,1,1
1.3.6.1.4.1.14519.5.2.1.206184020307637055212597382194451893255,highdicom / (null),highdicom,(null),psma_pet_ct_lesions,OK,1,1
1.2.826.0.1.3680043.10.511.3.55807664952989184999752892149598740,not identifiable from index / tcga_sbu_til_maps,not identifiable from index,tcga_sbu_til_maps,tcga_acc,OK,1,1
1.3.6.1.4.1.14519.5.2.1.137563086197875313992061582775727531729,highdicom / (null),highdicom,(null),psma_pet_ct_lesions,OK,1,1
1.2.276.0.7230010.3.1.3.1231426215.1056.1345550543.34,not identifiable from index / qiba_volct_1b,not identifiable from index,qiba_volct_1b,rider_lung_ct,OK,1,1
1.3.6.1.4.1.14519.5.2.1.204099599103556935814837446968402148881,highdicom / (null),highdicom,(null),psma_pet_ct_lesions,OK,1,1
1.3.6.1.4.1.14519.5.2.1.32397290968713132888677547413264471392,highdicom / (null),highdicom,(null),psma_pet_ct_lesions,OK,1,1
1.3.6.1.4.1.14519.5.2.1.63365024527885659226601188392667221322,highdicom / (null),highdicom,(null),psma_pet_ct_lesions,OK,1,1
1.3.6.1.4.1.14519.5.2.1.288554261114611180365800157085451997644,highdicom / (null),highdicom,(null),psma_pet_ct_lesions,OK,1,1
1.3.6.1.4.1.14519.5.2.1.11616591988979667615087573098933202722,highdicom / (null),highdicom,(null),psma_pet_ct_lesions,OK,1,1
1.3.6.1.4.1.14519.5.2.1.127921272190456151632663357410889698500,highdicom / (null),highdicom,(null),psma_pet_ct_lesions,OK,1,1
1.3.6.1.4.1.14519.5.2.1.47777168049141813526477842750067584435,highdicom / (null),highdicom,(null),psma_pet_ct_lesions,OK,1,1
1.3.6.1.4.1.14519.5.2.1.49342018484315288732538754166233569980,highdicom / (null),highdicom,(null),psma_pet_ct_lesions,OK,1,1
1.2.826.0.1.3680043.10.511.3.14416286300195985163621085269325483,not identifiable from index / tcga_sbu_til_maps,not identifiable from index,tcga_sbu_til_maps,tcga_meso,OK,1,1
1.3.6.1.4.1.14519.5.2.1.149227502816299221602142372260957252865,highdicom / (null),highdicom,(null),psma_pet_ct_lesions,OK,1,1
1.2.276.0.7230010.3.1.3.505801377.3020.1345983305.490,not identifiable from index / qiba_volct_1b,not identifiable from index,qiba_volct_1b,rider_lung_ct,OK,1,1
1.2.826.0.1.3680043.10.511.3.56089946220689633065577089186259801,not identifiable from index / tcga_sbu_til_maps,not identifiable from index,tcga_sbu_til_maps,tcga_kirc,OK,1,1
1.2.826.0.1.3680043.8.498.34600748365013458748504340724293556558,highdicom / eay131_tumor_annotations,highdicom,eay131_tumor_annotations,eay131,OK,1,1
1.2.826.0.1.3680043.8.498.77668652350517088149558266818781886821,highdicom / eay131_tumor_annotations,highdicom,eay131_tumor_annotations,eay131,OK,1,1
1.2.276.0.7230010.3.1.3.1231426215.1428.1345547156.327,not identifiable from index / qiba_volct_1b,not identifiable from index,qiba_volct_1b,rider_lung_ct,OK,1,1
1.2.826.0.1.3680043.10.511.3.35619071589491376198753297049175858,not identifiable from index / tcga_sbu_til_maps,not identifiable from index,tcga_sbu_til_maps,tcga_brca,OK,1,1
1.2.826.0.1.3680043.8.498.11082179637162918085753195870173846148,highdicom / eay131_tumor_annotations,highdicom,eay131_tumor_annotations,eay131,OK,1,1
1.3.6.1.4.1.14519.5.2.1.155293779642862572224550619970345299275,dcmqi / (null),dcmqi,(null),duke_breast_cancer_mri,OK,1,1
1.3.6.1.4.1.14519.5.2.1.108173663136588028369946508166578740457,dcmqi / (null),dcmqi,(null),duke_breast_cancer_mri,OK,1,1
1.3.6.1.4.1.14519.5.2.1.182995151416748348715594192203002097371,dcmqi / (null),dcmqi,(null),duke_breast_cancer_mri,OK,1,1
1.3.6.1.4.1.14519.5.2.1.324769986761146682428956789794363023582,dcmqi / (null),dcmqi,(null),duke_breast_cancer_mri,OK,1,1
1.2.826.0.1.3680043.8.498.45718651779620341472751131938263060609,highdicom / eay131_tumor_annotations,highdicom,eay131_tumor_annotations,eay131,OK,1,1
1.2.826.0.1.3680043.10.511.3.84131400152899864845391901219689800,not identifiable from index / tcga_sbu_til_maps,not identifiable from index,tcga_sbu_til_maps,tcga_hnsc,OK,1,1
1.2.826.0.1.3680043.10.511.3.92132470474424955215846707005549623,not identifiable from index / tcga_sbu_til_maps,not identifiable from index,tcga_sbu_til_maps,tcga_cesc,OK,1,1
1.2.826.0.1.3680043.8.498.11650294371454326744514550158588022429,highdicom / eay131_tumor_annotations,highdicom,eay131_tumor_annotations,eay131,OK,1,1
1.2.826.0.1.3680043.8.498.98727707721188593660121744991655435682,highdicom / eay131_tumor_annotations,highdicom,eay131_tumor_annotations,eay131,OK,1,1
1.2.826.0.1.3680043.8.498.68944775818396883349295739424578815493,highdicom / eay131_tumor_annotations,highdicom,eay131_tumor_annotations,eay131,OK,1,1
1.2.826.0.1.3680043.8.498.40162446233688272341925345296778460113,highdicom / eay131_tumor_annotations,highdicom,eay131_tumor_annotations,eay131,OK,1,1
1.2.826.0.1.3680043.8.498.68720922949299950222557598061172414847,highdicom / eay131_tumor_annotations,highdicom,eay131_tumor_annotations,eay131,OK,1,1
1.2.826.0.1.3680043.10.511.3.26127866367912365374321029430933497,not identifiable from index / tcga_sbu_til_maps,not identifiable from index,tcga_sbu_til_maps,tcga_brca,OK,1,1
1.2.826.0.1.3680043.8.498.71552934945934249355223924136867469509,highdicom / eay131_tumor_annotations,highdicom,eay131_tumor_annotations,eay131,OK,1,1
1.2.826.0.1.3680043.10.511.3.96520542576381448058260104307274882,not identifiable from index / tcga_sbu_til_maps,not identifiable from index,tcga_sbu_til_maps,tcga_lihc,OK,1,1
1.2.826.0.1.3680043.8.498.95726116153733019282279096728609775963,highdicom / eay131_tumor_annotations,highdicom,eay131_tumor_annotations,eay131,OK,1,1
1.3.6.1.4.1.14519.5.2.1.7695.4164.649184708346791639043845851434,not identifiable from index / (null),not identifiable from index,(null),acrin_6698,OK,1,1
1.3.6.1.4.1.14519.5.2.1.7695.4164.121556515440837821589591641489,not identifiable from index / (null),not identifiable from index,(null),acrin_6698,OK,1,1
1.3.6.1.4.1.14519.5.2.1.7695.4164.234837668068808525882398972768,not identifiable from index / (null),not identifiable from index,(null),acrin_6698,OK,1,1
1.3.6.1.4.1.14519.5.2.1.7695.4164.194351879378604636583407907391,not identifiable from index / (null),not identifiable from index,(null),acrin_6698,OK,1,1
1.3.6.1.4.1.14519.5.2.1.71059746990468231062706509907425907220,highdicom / (null),highdicom,(null),psma_pet_ct_lesions,OK,1,1
1.2.276.0.7230010.3.1.3.481037312.301581.1761249467.428266,dcmqi / nlstseg,dcmqi,nlstseg,nlst,OK,1,1
1.2.276.0.7230010.3.1.3.481037312.37618.1761240562.800895,dcmqi / nlstseg,dcmqi,nlstseg,nlst,OK,1,1
1.2.276.0.7230010.3.1.3.481037312.200624.1761245963.867181,dcmqi / nlstseg,dcmqi,nlstseg,nlst,OK,1,1
1.2.276.0.7230010.3.1.3.481037312.314482.1761249914.912969,dcmqi / nlstseg,dcmqi,nlstseg,nlst,OK,1,1
1.2.276.0.7230010.3.1.3.481037312.154102.1761244417.455719,dcmqi / nlstseg,dcmqi,nlstseg,nlst,OK,1,1
1.2.276.0.7230010.3.1.3.481037312.353051.1761251215.513219,dcmqi / nlstseg,dcmqi,nlstseg,nlst,OK,1,1
1.2.276.0.7230010.3.1.3.481037312.344174.1761250921.783130,dcmqi / nlstseg,dcmqi,nlstseg,nlst,OK,1,1
1.2.276.0.7230010.3.1.3.481037312.262239.1761248086.60454,dcmqi / nlstseg,dcmqi,nlstseg,nlst,OK,1,1
1.2.276.0.7230010.3.1.3.481037312.187808.1761245546.761789,dcmqi / nlstseg,dcmqi,nlstseg,nlst,OK,1,1
1.2.276.0.7230010.3.1.3.481037312.26861.1761240227.220473,dcmqi / nlstseg,dcmqi,nlstseg,nlst,OK,1,1
1.2.276.0.7230010.3.1.3.481037312.152153.1761244357.641304,dcmqi / nlstseg,dcmqi,nlstseg,nlst,OK,1,1
1.2.276.0.7230010.3.1.3.481037312.96799.1761242504.757212,dcmqi / nlstseg,dcmqi,nlstseg,nlst,OK,1,1
1.2.276.0.7230010.3.1.3.481037312.229411.1761246949.423847,dcmqi / nlstseg,dcmqi,nlstseg,nlst,OK,1,1
1.2.276.0.7230010.3.1.3.481037312.273146.1761248460.744460,dcmqi / nlstseg,dcmqi,nlstseg,nlst,OK,1,1
1.2.276.0.7230010.3.1.3.481037312.190809.1761245652.895670,dcmqi / nlstseg,dcmqi,nlstseg,nlst,OK,1,1
1.2.276.0.7230010.3.1.3.481037312.538678.1761258849.193931,dcmqi / nlstseg,dcmqi,nlstseg,nlst,OK,1,1
1.2.276.0.7230010.3.1.3.481037312.69178.1761241599.462298,dcmqi / nlstseg,dcmqi,nlstseg,nlst,OK,1,1
1.2.276.0.7230010.3.1.3.0.7093.1553291228.332427,dcmqi / dicom_lidc_idri_nodules,dcmqi,dicom_lidc_idri_nodules,lidc_idri,OK,1,1
1.2.276.0.7230010.3.1.3.481037312.244252.1761247456.923225,dcmqi / nlstseg,dcmqi,nlstseg,nlst,OK,1,1
1.2.276.0.7230010.3.1.3.481037312.357998.1761251381.850736,dcmqi / nlstseg,dcmqi,nlstseg,nlst,OK,1,1
1.2.276.0.7230010.3.1.3.0.19396.1553302248.881990,dcmqi / dicom_lidc_idri_nodules,dcmqi,dicom_lidc_idri_nodules,lidc_idri,OK,1,1
1.2.276.0.7230010.3.1.3.0.23450.1553306557.708896,dcmqi / dicom_lidc_idri_nodules,dcmqi,dicom_lidc_idri_nodules,lidc_idri,OK,1,1
1.2.276.0.7230010.3.1.3.0.67118.1553354064.970217,dcmqi / dicom_lidc_idri_nodules,dcmqi,dicom_lidc_idri_nodules,lidc_idri,OK,1,1
1.2.276.0.7230010.3.1.3.0.53264.1553338808.867985,dcmqi / dicom_lidc_idri_nodules,dcmqi,dicom_lidc_idri_nodules,lidc_idri,OK,1,1
1.2.276.0.7230010.3.1.3.481037312.132239.1761243672.308855,dcmqi / nlstseg,dcmqi,nlstseg,nlst,OK,1,1
1.2.276.0.7230010.3.1.3.481037312.237268.1761247203.979559,dcmqi / nlstseg,dcmqi,nlstseg,nlst,OK,1,1
1.2.276.0.7230010.3.1.3.481037312.67224.1761241535.804419,dcmqi / nlstseg,dcmqi,nlstseg,nlst,OK,1,1
1.2.276.0.7230010.3.1.3.0.1066.1553285907.614655,dcmqi / dicom_lidc_idri_nodules,dcmqi,dicom_lidc_idri_nodules,lidc_idri,OK,1,1
1.2.276.0.7230010.3.1.3.0.5173.1553289546.54674,dcmqi / dicom_lidc_idri_nodules,dcmqi,dicom_lidc_idri_nodules,lidc_idri,OK,1,1
1.2.276.0.7230010.3.1.3.481037312.163980.1761244742.379139,dcmqi / nlstseg,dcmqi,nlstseg,nlst,OK,1,1
1.2.276.0.7230010.3.1.3.481037312.65294.1761241477.724458,dcmqi / nlstseg,dcmqi,nlstseg,nlst,OK,1,1
1.2.276.0.7230010.3.1.3.0.26575.1553309793.58013,dcmqi / dicom_lidc_idri_nodules,dcmqi,dicom_lidc_idri_nodules,lidc_idri,OK,1,1
1.2.276.0.7230010.3.1.3.0.69479.1553356664.95507,dcmqi / dicom_lidc_idri_nodules,dcmqi,dicom_lidc_idri_nodules,lidc_idri,OK,1,1
1.2.276.0.7230010.3.1.3.0.69165.1553356325.323550,dcmqi / dicom_lidc_idri_nodules,dcmqi,dicom_lidc_idri_nodules,lidc_idri,OK,1,1
1.2.276.0.7230010.3.1.3.0.69718.1553356961.147,dcmqi / dicom_lidc_idri_nodules,dcmqi,dicom_lidc_idri_nodules,lidc_idri,OK,1,1
1.2.276.0.7230010.3.1.3.0.39239.1553323425.530143,dcmqi / dicom_lidc_idri_nodules,dcmqi,dicom_lidc_idri_nodules,lidc_idri,OK,1,1
1.2.276.0.7230010.3.1.3.0.42914.1553327363.236400,dcmqi / dicom_lidc_idri_nodules,dcmqi,dicom_lidc_idri_nodules,lidc_idri,OK,1,1
1.2.276.0.7230010.3.1.3.0.59532.1553345767.133014,dcmqi / dicom_lidc_idri_nodules,dcmqi,dicom_lidc_idri_nodules,lidc_idri,OK,1,1
1.2.276.0.7230010.3.1.3.0.24003.1553307185.490626,dcmqi / dicom_lidc_idri_nodules,dcmqi,dicom_lidc_idri_nodules,lidc_idri,OK,1,1
1.2.276.0.7230010.3.1.3.0.48193.1553333271.761427,dcmqi / dicom_lidc_idri_nodules,dcmqi,dicom_lidc_idri_nodules,lidc_idri,OK,1,1
1.2.276.0.7230010.3.1.3.0.65277.1553352025.845338,dcmqi / dicom_lidc_idri_nodules,dcmqi,dicom_lidc_idri_nodules,lidc_idri,OK,1,1
1.2.276.0.7230010.3.1.3.481037312.489702.1761256683.980565,dcmqi / nlstseg,dcmqi,nlstseg,nlst,OK,1,1
1.2.276.0.7230010.3.1.3.0.28946.1553312494.143291,dcmqi / dicom_lidc_idri_nodules,dcmqi,dicom_lidc_idri_nodules,lidc_idri,OK,1,1
1.2.276.0.7230010.3.1.3.0.28992.1553312544.393759,dcmqi / dicom_lidc_idri_nodules,dcmqi,dicom_lidc_idri_nodules,lidc_idri,OK,1,1
1.2.276.0.7230010.3.1.3.0.42924.1553327401.402561,dcmqi / dicom_lidc_idri_nodules,dcmqi,dicom_lidc_idri_nodules,lidc_idri,OK,1,1
1.2.276.0.7230010.3.1.3.0.52602.1553338077.276139,dcmqi / dicom_lidc_idri_nodules,dcmqi,dicom_lidc_idri_nodules,lidc_idri,OK,1,1
1.2.276.0.7230010.3.1.3.0.63813.1553350421.390994,dcmqi / dicom_lidc_idri_nodules,dcmqi,dicom_lidc_idri_nodules,lidc_idri,OK,1,1
1.2.276.0.7230010.3.1.3.0.3508.1553287928.410402,dcmqi / dicom_lidc_idri_nodules,dcmqi,dicom_lidc_idri_nodules,lidc_idri,OK,1,1
1.2.276.0.7230010.3.1.3.0.43451.1553328011.346123,dcmqi / dicom_lidc_idri_nodules,dcmqi,dicom_lidc_idri_nodules,lidc_idri,OK,1,1
1.2.276.0.7230010.3.1.3.481037312.373846.1761251920.574120,dcmqi / nlstseg,dcmqi,nlstseg,nlst,OK,1,1
1.2.276.0.7230010.3.1.3.481037312.418255.1761253816.75480,dcmqi / nlstseg,dcmqi,nlstseg,nlst,OK,1,1
1.2.276.0.7230010.3.1.3.481037312.561346.1761259812.812319,dcmqi / nlstseg,dcmqi,nlstseg,nlst,OK,1,1
1.2.276.0.7230010.3.1.3.0.22027.1553305064.357912,dcmqi / dicom_lidc_idri_nodules,dcmqi,dicom_lidc_idri_nodules,lidc_idri,OK,1,1
1.2.276.0.7230010.3.1.3.0.22122.1553305088.637203,dcmqi / dicom_lidc_idri_nodules,dcmqi,dicom_lidc_idri_nodules,lidc_idri,OK,1,1
1.2.276.0.7230010.3.1.3.481037312.375832.1761251991.857212,dcmqi / nlstseg,dcmqi,nlstseg,nlst,OK,1,1
1.2.276.0.7230010.3.1.3.481037312.442767.1761254808.666127,dcmqi / nlstseg,dcmqi,nlstseg,nlst,OK,1,1
1.2.276.0.7230010.3.1.3.0.18290.1553301037.801312,dcmqi / dicom_lidc_idri_nodules,dcmqi,dicom_lidc_idri_nodules,lidc_idri,OK,1,1
1.2.276.0.7230010.3.1.3.0.11940.1553294901.74505,dcmqi / dicom_lidc_idri_nodules,dcmqi,dicom_lidc_idri_nodules,lidc_idri,OK,1,1
1.2.276.0.7230010.3.1.3.0.34607.1553318560.529645,dcmqi / dicom_lidc_idri_nodules,dcmqi,dicom_lidc_idri_nodules,lidc_idri,OK,1,1
1.2.276.0.7230010.3.1.3.0.37064.1553321269.793468,dcmqi / dicom_lidc_idri_nodules,dcmqi,dicom_lidc_idri_nodules,lidc_idri,OK,1,1
1.2.276.0.7230010.3.1.3.0.10457.1553293760.170229,dcmqi / dicom_lidc_idri_nodules,dcmqi,dicom_lidc_idri_nodules,lidc_idri,OK,1,1
1.2.276.0.7230010.3.1.3.0.90037.1553284531.253519,dcmqi / dicom_lidc_idri_nodules,dcmqi,dicom_lidc_idri_nodules,lidc_idri,OK,1,1
1.2.276.0.7230010.3.1.3.0.90083.1553284564.946305,dcmqi / dicom_lidc_idri_nodules,dcmqi,dicom_lidc_idri_nodules,lidc_idri,OK,1,1
1.2.276.0.7230010.3.1.3.0.99203.1553285629.125909,dcmqi / dicom_lidc_idri_nodules,dcmqi,dicom_lidc_idri_nodules,lidc_idri,OK,1,1
1.2.276.0.7230010.3.1.3.0.46144.1553330974.581914,dcmqi / dicom_lidc_idri_nodules,dcmqi,dicom_lidc_idri_nodules,lidc_idri,OK,1,1
1.2.276.0.7230010.3.1.3.481037312.595157.1761261195.481982,dcmqi / nlstseg,dcmqi,nlstseg,nlst,OK,1,1
1.2.276.0.7230010.3.1.3.0.15347.1553298065.949057,dcmqi / dicom_lidc_idri_nodules,dcmqi,dicom_lidc_idri_nodules,lidc_idri,OK,1,1
1.2.276.0.7230010.3.1.3.0.47998.1553333029.35400,dcmqi / dicom_lidc_idri_nodules,dcmqi,dicom_lidc_idri_nodules,lidc_idri,OK,1,1
1.2.276.0.7230010.3.1.3.0.7155.1553291304.93375,dcmqi / dicom_lidc_idri_nodules,dcmqi,dicom_lidc_idri_nodules,lidc_idri,OK,1,1
1.2.276.0.7230010.3.1.3.481037312.384063.1761252339.591790,dcmqi / nlstseg,dcmqi,nlstseg,nlst,OK,1,1
1.2.276.0.7230010.3.1.3.0.38057.1553322148.915480,dcmqi / dicom_lidc_idri_nodules,dcmqi,dicom_lidc_idri_nodules,lidc_idri,OK,1,1
1.2.276.0.7230010.3.1.3.0.45489.1553330166.645923,dcmqi / dicom_lidc_idri_nodules,dcmqi,dicom_lidc_idri_nodules,lidc_idri,OK,1,1
1.2.276.0.7230010.3.1.3.0.10683.1553293976.652688,dcmqi / dicom_lidc_idri_nodules,dcmqi,dicom_lidc_idri_nodules,lidc_idri,OK,1,1
1.2.276.0.7230010.3.1.3.0.12955.1553295809.256773,dcmqi / dicom_lidc_idri_nodules,dcmqi,dicom_lidc_idri_nodules,lidc_idri,OK,1,1
1.2.276.0.7230010.3.1.3.0.15112.1553297841.682285,dcmqi / dicom_lidc_idri_nodules,dcmqi,dicom_lidc_idri_nodules,lidc_idri,OK,1,1
1.2.276.0.7230010.3.1.3.0.15359.1553298097.250121,dcmqi / dicom_lidc_idri_nodules,dcmqi,dicom_lidc_idri_nodules,lidc_idri,OK,1,1
1.2.276.0.7230010.3.1.3.0.30196.1553313772.900214,dcmqi / dicom_lidc_idri_nodules,dcmqi,dicom_lidc_idri_nodules,lidc_idri,OK,1,1
1.2.276.0.7230010.3.1.3.0.30202.1553313789.282960,dcmqi / dicom_lidc_idri_nodules,dcmqi,dicom_lidc_idri_nodules,lidc_idri,OK,1,1
1.2.276.0.7230010.3.1.3.0.44124.1553328727.561290,dcmqi / dicom_lidc_idri_nodules,dcmqi,dicom_lidc_idri_nodules,lidc_idri,OK,1,1
1.2.276.0.7230010.3.1.3.0.45649.1553330344.338127,dcmqi / dicom_lidc_idri_nodules,dcmqi,dicom_lidc_idri_nodules,lidc_idri,OK,1,1
1.2.276.0.7230010.3.1.3.0.65012.1553351713.591712,dcmqi / dicom_lidc_idri_nodules,dcmqi,dicom_lidc_idri_nodules,lidc_idri,OK,1,1
1.2.276.0.7230010.3.1.3.0.30147.1553313687.998822,dcmqi / dicom_lidc_idri_nodules,dcmqi,dicom_lidc_idri_nodules,lidc_idri,OK,1,1
1.2.276.0.7230010.3.1.3.0.15956.1553298679.890309,dcmqi / dicom_lidc_idri_nodules,dcmqi,dicom_lidc_idri_nodules,lidc_idri,OK,1,1
1.2.276.0.7230010.3.1.3.0.14411.1553297177.343416,dcmqi / dicom_lidc_idri_nodules,dcmqi,dicom_lidc_idri_nodules,lidc_idri,OK,1,1
1.2.276.0.7230010.3.1.3.0.14848.1553297649.147126,dcmqi / dicom_lidc_idri_nodules,dcmqi,dicom_lidc_idri_nodules,lidc_idri,OK,1,1
1.2.276.0.7230010.3.1.3.0.17388.1553300005.464554,dcmqi / dicom_lidc_idri_nodules,dcmqi,dicom_lidc_idri_nodules,lidc_idri,OK,1,1
1.2.276.0.7230010.3.1.3.0.20973.1553303988.81617,dcmqi / dicom_lidc_idri_nodules,dcmqi,dicom_lidc_idri_nodules,lidc_idri,OK,1,1
1.2.276.0.7230010.3.1.3.0.31107.1553314812.180383,dcmqi / dicom_lidc_idri_nodules,dcmqi,dicom_lidc_idri_nodules,lidc_idri,OK,1,1
1.2.276.0.7230010.3.1.3.0.33479.1553317351.827740,dcmqi / dicom_lidc_idri_nodules,dcmqi,dicom_lidc_idri_nodules,lidc_idri,OK,1,1
1.2.276.0.7230010.3.1.3.0.38229.1553322316.335004,dcmqi / dicom_lidc_idri_nodules,dcmqi,dicom_lidc_idri_nodules,lidc_idri,OK,1,1
1.2.276.0.7230010.3.1.3.0.44174.1553328764.858462,dcmqi / dicom_lidc_idri_nodules,dcmqi,dicom_lidc_idri_nodules,lidc_idri,OK,1,1
1.2.276.0.7230010.3.1.3.0.65007.1553351703.223753,dcmqi / dicom_lidc_idri_nodules,dcmqi,dicom_lidc_idri_nodules,lidc_idri,OK,1,1
1.2.276.0.7230010.3.1.3.0.11446.1553294478.666823,dcmqi / dicom_lidc_idri_nodules,dcmqi,dicom_lidc_idri_nodules,lidc_idri,OK,1,1
1.2.276.0.7230010.3.1.3.0.16356.1553299012.218546,dcmqi / dicom_lidc_idri_nodules,dcmqi,dicom_lidc_idri_nodules,lidc_idri,OK,1,1
1.2.276.0.7230010.3.1.3.0.47100.1553332106.919923,dcmqi / dicom_lidc_idri_nodules,dcmqi,dicom_lidc_idri_nodules,lidc_idri,OK,1,1
1.2.276.0.7230010.3.1.3.0.50191.1553335501.315950,dcmqi / dicom_lidc_idri_nodules,dcmqi,dicom_lidc_idri_nodules,lidc_idri,OK,1,1
1.2.276.0.7230010.3.1.3.0.45145.1553329841.119347,dcmqi / dicom_lidc_idri_nodules,dcmqi,dicom_lidc_idri_nodules,lidc_idri,OK,1,1
1.3.6.1.4.1.14519.5.2.1.128119714325523233905372618933379739736,dcmqi / (null),dcmqi,(null),mediastinal_lymph_node_seg,OK,1,1
1.2.276.0.7230010.3.1.3.1231426215.2152.1345732914.497,not identifiable from index / qiba_volct_1b,not identifiable from index,qiba_volct_1b,rider_pilot,OK,1,1
1.3.6.1.4.1.14519.5.2.1.277500975856220930845428006390636023536,pydicom-seg / (null),pydicom-seg,(null),rider_lung_ct,OK,1,1
1.3.6.1.4.1.14519.5.2.1.336232105879753648521177298575264076460,pydicom-seg / (null),pydicom-seg,(null),rider_lung_ct,OK,1,1
1.3.6.1.4.1.14519.5.2.1.179241485719994605796887411466364597218,pydicom-seg / (null),pydicom-seg,(null),rider_lung_ct,OK,1,1
1.3.6.1.4.1.14519.5.2.1.231828194582601830468764556859584861061,highdicom / (null),highdicom,(null),psma_pet_ct_lesions,OK,1,1
1.2.826.0.1.3680043.10.511.3.91487990593594322249192978469082031,not identifiable from index / tcga_sbu_til_maps,not identifiable from index,tcga_sbu_til_maps,tcga_paad,OK,1,1
1.2.826.0.1.3680043.8.498.22554884509300352408150803941386320114,highdicom / eay131_tumor_annotations,highdicom,eay131_tumor_annotations,eay131,OK,1,1
1.2.826.0.1.3680043.8.498.65937466211015625618291254025852532268,highdicom / eay131_tumor_annotations,highdicom,eay131_tumor_annotations,eay131,OK,1,1
1.3.6.1.4.1.14519.5.2.1.41070293741141930384929873128800344856,highdicom / (null),highdicom,(null),psma_pet_ct_lesions,OK,1,1
1.3.6.1.4.1.14519.5.2.1.277480697813450052162703705650372529517,highdicom / (null),highdicom,(null),psma_pet_ct_lesions,OK,1,1
1.3.6.1.4.1.14519.5.2.1.138282536320352046340890532556613401218,highdicom / (null),highdicom,(null),psma_pet_ct_lesions,OK,1,1
1.3.6.1.4.1.14519.5.2.1.103993282518844558464916837856376329977,highdicom / (null),highdicom,(null),psma_pet_ct_lesions,OK,1,1
1.2.826.0.1.3680043.10.511.3.39217148737119823850808669017156460,not identifiable from index / tcga_sbu_til_maps,not identifiable from index,tcga_sbu_til_maps,tcga_lihc,OK,1,1
1.2.276.0.7230010.3.1.3.1231426215.2092.1345741418.27,not identifiable from index / qiba_volct_1b,not identifiable from index,qiba_volct_1b,rider_pilot,OK,1,1
1.2.826.0.1.3680043.10.511.3.98200562487741463474299447962206112,not identifiable from index / tcga_sbu_til_maps,not identifiable from index,tcga_sbu_til_maps,tcga_skcm,OK,1,1
1.2.276.0.7230010.3.1.3.4148549909.2316.1344856465.235,not identifiable from index / qiba_volct_1b,not identifiable from index,qiba_volct_1b,rider_lung_ct,OK,1,1
1.2.826.0.1.3680043.8.498.38513506955917540121059692359392703537,highdicom / eay131_tumor_annotations,highdicom,eay131_tumor_annotations,eay131,OK,1,1
1.2.826.0.1.3680043.10.511.3.37708801918007656225240221580511425,not identifiable from index / tcga_sbu_til_maps,not identifiable from index,tcga_sbu_til_maps,tcga_lusc,OK,1,1
1.2.826.0.1.3680043.10.511.3.15879113289575853331020932762075366,not identifiable from index / tcga_sbu_til_maps,not identifiable from index,tcga_sbu_til_maps,tcga_read,OK,1,1
1.3.6.1.4.1.14519.5.2.1.186259639866615020641430941756570433126,highdicom / (null),highdicom,(null),psma_pet_ct_lesions,OK,1,1
1.3.6.1.4.1.14519.5.2.1.63054939779456139746780035639909973403,highdicom / (null),highdicom,(null),psma_pet_ct_lesions,OK,1,1
1.2.826.0.1.3680043.8.498.68802011254924587631871518458145112865,highdicom / eay131_tumor_annotations,highdicom,eay131_tumor_annotations,eay131,OK,1,1
1.2.276.0.7230010.3.1.3.3496549722.3928.1316111398.63,not identifiable from index / (null),not identifiable from index,(null),qiba_ct_1c,OK,1,1
1.2.826.0.1.3680043.8.498.28593296354891148689644437933158968045,highdicom / eay131_tumor_annotations,highdicom,eay131_tumor_annotations,eay131,OK,1,1
1.3.6.1.4.1.14519.5.2.1.244212820236166791272698688467352474100,highdicom / (null),highdicom,(null),psma_pet_ct_lesions,OK,1,1
1.2.826.0.1.3680043.10.511.3.24714801350220498303038316301263748,not identifiable from index / tcga_sbu_til_maps,not identifiable from index,tcga_sbu_til_maps,tcga_lusc,OK,1,1
1.2.826.0.1.3680043.8.498.32200248584117451674227276691921747130,highdicom / eay131_tumor_annotations,highdicom,eay131_tumor_annotations,eay131,OK,1,1
1.3.6.1.4.1.14519.5.2.1.222153319410748746705772707496022168858,highdicom / (null),highdicom,(null),psma_pet_ct_lesions,OK,1,1
1.3.6.1.4.1.14519.5.2.1.303707549941701499349120137483686354853,highdicom / (null),highdicom,(null),psma_pet_ct_lesions,OK,1,1
1.2.276.0.7230010.3.1.3.1565948079.2848.1345145789.367,not identifiable from index / qiba_volct_1b,not identifiable from index,qiba_volct_1b,rider_lung_ct,OK,1,1
1.2.826.0.1.3680043.10.511.3.5797088274076078882240547114791030,not identifiable from index / tcga_sbu_til_maps,not identifiable from index,tcga_sbu_til_maps,tcga_hnsc,OK,1,1
1.3.6.1.4.1.14519.5.2.1.41935784965815545100620856442045522972,highdicom / (null),highdicom,(null),psma_pet_ct_lesions,OK,1,1
1.3.6.1.4.1.14519.5.2.1.296993597371575265899783295143540423944,highdicom / (null),highdicom,(null),psma_pet_ct_lesions,OK,1,1
1.3.6.1.4.1.14519.5.2.1.216311977070302276500910230607183973216,highdicom / (null),highdicom,(null),psma_pet_ct_lesions,OK,1,1
1.3.6.1.4.1.14519.5.2.1.73554067560350804086969091221689093084,highdicom / (null),highdicom,(null),psma_pet_ct_lesions,OK,1,1
1.3.6.1.4.1.14519.5.2.1.240259065145665364306397277555473403566,highdicom / (null),highdicom,(null),psma_pet_ct_lesions,OK,1,1
1.3.6.1.4.1.14519.5.2.1.235042937460591747521060299686810008351,highdicom / (null),highdicom,(null),psma_pet_ct_lesions,OK,1,1
1.3.6.1.4.1.14519.5.2.1.176117596586099238844429760461064468199,highdicom / (null),highdicom,(null),psma_pet_ct_lesions,OK,1,1
1.3.6.1.4.1.14519.5.2.1.266789643284466706091735614069878031638,highdicom / (null),highdicom,(null),psma_pet_ct_lesions,OK,1,1
1.2.826.0.1.3680043.10.511.3.64181176001538396639665673265437654,not identifiable from index / tcga_sbu_til_maps,not identifiable from index,tcga_sbu_til_maps,tcga_kirc,OK,1,1
1.2.826.0.1.3680043.10.511.3.5088897250364796428657902354472329,not identifiable from index / tcga_sbu_til_maps,not identifiable from index,tcga_sbu_til_maps,tcga_ucec,OK,1,1
1.3.6.1.4.1.14519.5.2.1.154356515224166081798755108385278305281,highdicom / (null),highdicom,(null),psma_pet_ct_lesions,OK,1,1
1.3.6.1.4.1.14519.5.2.1.319229101986438907288370436988005497187,highdicom / (null),highdicom,(null),psma_pet_ct_lesions,OK,1,1
1.3.6.1.4.1.14519.5.2.1.150770197706389377761852220840228061417,highdicom / (null),highdicom,(null),psma_pet_ct_lesions,OK,1,1
1.2.276.0.7230010.3.1.3.505801377.2044.1345984304.112,not identifiable from index / qiba_volct_1b,not identifiable from index,qiba_volct_1b,rider_lung_ct,OK,1,1
1.2.826.0.1.3680043.8.498.12277066997789942770085147409376852949,highdicom / eay131_tumor_annotations,highdicom,eay131_tumor_annotations,eay131,OK,1,1
1.2.826.0.1.3680043.8.498.78093597136226738192452086530134354175,highdicom / eay131_tumor_annotations,highdicom,eay131_tumor_annotations,eay131,OK,1,1
1.2.826.0.1.3680043.10.511.3.6115799633801504623639169136238964,not identifiable from index / tcga_sbu_til_maps,not identifiable from index,tcga_sbu_til_maps,tcga_brca,OK,1,1
1.3.6.1.4.1.14519.5.2.1.7695.4164.314019775913565797133068162174,not identifiable from index / (null),not identifiable from index,(null),acrin_6698,OK,1,1
1.3.6.1.4.1.14519.5.2.1.101881055610654865844699390728793551689,highdicom / (null),highdicom,(null),psma_pet_ct_lesions,OK,1,1
1.2.276.0.7230010.3.1.3.17436516.338477.1696966809.225818,dcmqi / bamf_aimi_annotations,dcmqi,bamf_aimi_annotations,tcga_lihc,OK,1,1
1.2.826.0.1.3680043.8.498.39005860081203610449615497002207657466,highdicom / eay131_tumor_annotations,highdicom,eay131_tumor_annotations,eay131,OK,1,1
1.2.826.0.1.3680043.10.511.3.62489698106585591072145991434017735,not identifiable from index / tcga_sbu_til_maps,not identifiable from index,tcga_sbu_til_maps,tcga_acc,OK,1,1
1.2.276.0.7230010.3.1.3.17436516.2098798.1720639407.4836,dcmqi / bamf_aimi_annotations,dcmqi,bamf_aimi_annotations,acrin_nsclc_fdg_pet,OK,1,1
1.2.826.0.1.3680043.10.511.3.1131547663814422321160847731118421,not identifiable from index / tcga_sbu_til_maps,not identifiable from index,tcga_sbu_til_maps,tcga_luad,OK,1,1
1.2.826.0.1.3680043.10.511.3.8503046050812132548609319330785175,not identifiable from index / tcga_sbu_til_maps,not identifiable from index,tcga_sbu_til_maps,tcga_skcm,OK,1,1
1.2.826.0.1.3680043.10.511.3.33026456722217208249816406891068603,not identifiable from index / tcga_sbu_til_maps,not identifiable from index,tcga_sbu_til_maps,tcga_cesc,OK,1,1
1.3.6.1.4.1.14519.5.2.1.3372330187569024215419088187436532139,highdicom / (null),highdicom,(null),psma_pet_ct_lesions,OK,1,1
1.3.6.1.4.1.14519.5.2.1.288114108375736002535347494254267613052,highdicom / (null),highdicom,(null),psma_pet_ct_lesions,OK,1,1
1.3.6.1.4.1.14519.5.2.1.156980024123425584380167082237041169764,highdicom / (null),highdicom,(null),psma_pet_ct_lesions,OK,1,1
1.3.6.1.4.1.14519.5.2.1.29037389822530334712002835770271787643,highdicom / (null),highdicom,(null),psma_pet_ct_lesions,OK,1,1
1.3.6.1.4.1.14519.5.2.1.149152458308946489404396006453973200862,highdicom / (null),highdicom,(null),psma_pet_ct_lesions,OK,1,1
1.2.826.0.1.3680043.8.498.12753617852105913785436420821432314243,highdicom / eay131_tumor_annotations,highdicom,eay131_tumor_annotations,eay131,OK,1,1
1.2.826.0.1.3680043.10.511.3.98012969760269062837695489510278400,not identifiable from index / tcga_sbu_til_maps,not identifiable from index,tcga_sbu_til_maps,tcga_skcm,OK,1,1
1.2.826.0.1.3680043.8.498.14078005196885197893997059384492597565,highdicom / eay131_tumor_annotations,highdicom,eay131_tumor_annotations,eay131,OK,1,1
1.3.6.1.4.1.14519.5.2.1.115336763783658436701663754570489697961,dcmqi / (null),dcmqi,(null),duke_breast_cancer_mri,OK,1,1
1.3.6.1.4.1.14519.5.2.1.192023412659918413052652225978707794158,dcmqi / (null),dcmqi,(null),duke_breast_cancer_mri,OK,1,1
1.3.6.1.4.1.14519.5.2.1.250898638881083338806541172898587283997,dcmqi / (null),dcmqi,(null),duke_breast_cancer_mri,OK,1,1
1.3.6.1.4.1.14519.5.2.1.210761044317819824680833719049940035002,dcmqi / (null),dcmqi,(null),duke_breast_cancer_mri,OK,1,1
1.3.6.1.4.1.14519.5.2.1.3913627633246556002645242704530963129,dcmqi / (null),dcmqi,(null),duke_breast_cancer_mri,OK,1,1
1.2.826.0.1.3680043.8.498.87216372605722263696190275153207546026,highdicom / eay131_tumor_annotations,highdicom,eay131_tumor_annotations,eay131,OK,1,1
1.2.826.0.1.3680043.10.511.3.36367042578388031906262807574657549,not identifiable from index / tcga_sbu_til_maps,not identifiable from index,tcga_sbu_til_maps,tcga_brca,OK,1,1
1.2.276.0.7230010.3.1.3.1031255639.2200.1345988221.27,not identifiable from index / qiba_volct_1b,not identifiable from index,qiba_volct_1b,rider_lung_ct,OK,1,1
1.2.826.0.1.3680043.8.498.93377649907708936392547872480126998585,highdicom / eay131_tumor_annotations,highdicom,eay131_tumor_annotations,eay131,OK,1,1
1.2.826.0.1.3680043.10.511.3.3925742792075688626524915793223026,not identifiable from index / tcga_sbu_til_maps,not identifiable from index,tcga_sbu_til_maps,tcga_blca,OK,1,1
1.2.276.0.7230010.3.1.3.17436516.2735888.1720647975.110582,dcmqi / bamf_aimi_annotations,dcmqi,bamf_aimi_annotations,nsclc_radiogenomics,OK,1,1
1.2.276.0.7230010.3.1.3.1231426215.1104.1345734792.282,not identifiable from index / qiba_volct_1b,not identifiable from index,qiba_volct_1b,rider_lung_ct,OK,1,1
1.2.826.0.1.3680043.10.511.3.53785301212121399344613379420584891,not identifiable from index / tcga_sbu_til_maps,not identifiable from index,tcga_sbu_til_maps,tcga_luad,OK,1,1
1.2.276.0.7230010.3.1.3.3426864066.1628.1345223350.234,not identifiable from index / qiba_volct_1b,not identifiable from index,qiba_volct_1b,rider_lung_ct,OK,1,1
1.3.6.1.4.1.14519.5.2.1.320840136767083510430516307955156291647,highdicom / (null),highdicom,(null),psma_pet_ct_lesions,OK,1,1
1.3.6.1.4.1.14519.5.2.1.263174966597671460641257176569834656498,highdicom / (null),highdicom,(null),psma_pet_ct_lesions,OK,1,1
1.2.276.0.7230010.3.1.3.3426864066.1628.1345223350.241,not identifiable from index / qiba_volct_1b,not identifiable from index,qiba_volct_1b,rider_lung_ct,OK,1,1
1.2.826.0.1.3680043.8.498.86743426896750210318265911525832789994,highdicom / eay131_tumor_annotations,highdicom,eay131_tumor_annotations,eay131,OK,1,1
1.2.826.0.1.3680043.8.498.11056393553981949019794532597952666444,highdicom / eay131_tumor_annotations,highdicom,eay131_tumor_annotations,eay131,OK,1,1
1.2.826.0.1.3680043.10.511.3.47427011814287213253529859598996903,not identifiable from index / tcga_sbu_til_maps,not identifiable from index,tcga_sbu_til_maps,tcga_stad,OK,1,1
1.2.826.0.1.3680043.8.498.10553136112610302208583467121671288237,highdicom / eay131_tumor_annotations,highdicom,eay131_tumor_annotations,eay131,OK,1,1
1.2.826.0.1.3680043.8.498.79870954440951127339835416011775489757,highdicom / eay131_tumor_annotations,highdicom,eay131_tumor_annotations,eay131,OK,1,1
1.2.826.0.1.3680043.8.498.57357533349522707835834432963840178298,highdicom / eay131_tumor_annotations,highdicom,eay131_tumor_annotations,eay131,OK,1,1
1.2.826.0.1.3680043.8.498.11423320869424885664464890695687281833,highdicom / eay131_tumor_annotations,highdicom,eay131_tumor_annotations,eay131,OK,1,1
1.2.826.0.1.3680043.8.498.11788788589936679111185049851224510755,highdicom / eay131_tumor_annotations,highdicom,eay131_tumor_annotations,eay131,OK,1,1
1.2.826.0.1.3680043.8.498.13175963935236895294796139796355042451,highdicom / eay131_tumor_annotations,highdicom,eay131_tumor_annotations,eay131,OK,1,1
1.2.826.0.1.3680043.10.511.3.42234665564390802568999831331463524,not identifiable from index / tcga_sbu_til_maps,not identifiable from index,tcga_sbu_til_maps,tcga_stad,OK,1,1
1.2.826.0.1.3680043.8.498.31293126241805385425563612839982644901,highdicom / eay131_tumor_annotations,highdicom,eay131_tumor_annotations,eay131,OK,1,1
1.3.6.1.4.1.14519.5.2.1.174625626151017567053675430110600590497,highdicom / (null),highdicom,(null),psma_pet_ct_lesions,OK,1,1
1.2.826.0.1.3680043.8.498.63038889389872389033561652032564775952,highdicom / eay131_tumor_annotations,highdicom,eay131_tumor_annotations,eay131,OK,1,1
1.2.826.0.1.3680043.8.498.10317472129148538888508337909408092112,highdicom / eay131_tumor_annotations,highdicom,eay131_tumor_annotations,eay131,OK,1,1
1.2.826.0.1.3680043.10.511.3.66401357347605841554271504248025061,not identifiable from index / tcga_sbu_til_maps,not identifiable from index,tcga_sbu_til_maps,tcga_brca,OK,1,1
1.2.826.0.1.3680043.8.498.84721515021104451574865358101085325189,highdicom / eay131_tumor_annotations,highdicom,eay131_tumor_annotations,eay131,OK,1,1
1.2.276.0.7230010.3.1.3.1231426215.1104.1345734792.289,not identifiable from index / qiba_volct_1b,not identifiable from index,qiba_volct_1b,rider_lung_ct,OK,1,1
1.2.826.0.1.3680043.10.511.3.5781004566596805203143677624566736,not identifiable from index / tcga_sbu_til_maps,not identifiable from index,tcga_sbu_til_maps,tcga_lusc,OK,1,1
1.2.276.0.7230010.3.1.3.1565948079.2848.1345145789.374,not identifiable from index / qiba_volct_1b,not identifiable from index,qiba_volct_1b,rider_lung_ct,OK,1,1
1.2.276.0.7230010.3.1.3.505801377.2044.1345984304.119,not identifiable from index / qiba_volct_1b,not identifiable from index,qiba_volct_1b,rider_lung_ct,OK,1,1
1.2.826.0.1.3680043.8.498.65536274061431382939150939861134410281,highdicom / eay131_tumor_annotations,highdicom,eay131_tumor_annotations,eay131,OK,1,1
1.2.826.0.1.3680043.10.511.3.72968404624187730940070571735044663,not identifiable from index / tcga_sbu_til_maps,not identifiable from index,tcga_sbu_til_maps,tcga_hnsc,OK,1,1
1.2.276.0.7230010.3.1.3.1031255639.2200.1345988221.34,not identifiable from index / qiba_volct_1b,not identifiable from index,qiba_volct_1b,rider_lung_ct,OK,1,1
1.2.276.0.7230010.3.1.3.1231426215.2152.1345732914.490,not identifiable from index / qiba_volct_1b,not identifiable from index,qiba_volct_1b,rider_pilot,OK,1,1
1.2.276.0.7230010.3.1.3.481037312.232305.1761247033.120320,dcmqi / nlstseg,dcmqi,nlstseg,nlst,OK,1,1
1.2.276.0.7230010.3.1.3.481037312.330271.1761250440.758615,dcmqi / nlstseg,dcmqi,nlstseg,nlst,OK,1,1
1.2.276.0.7230010.3.1.3.481037312.334264.1761250583.121205,dcmqi / nlstseg,dcmqi,nlstseg,nlst,OK,1,1
1.2.826.0.1.3680043.8.498.34505115064998189345456547625393333985,highdicom / eay131_tumor_annotations,highdicom,eay131_tumor_annotations,eay131,OK,1,1
1.2.276.0.7230010.3.1.3.481037312.361932.1761251508.493730,dcmqi / nlstseg,dcmqi,nlstseg,nlst,OK,1,1
1.2.276.0.7230010.3.1.3.481037312.218572.1761246588.747533,dcmqi / nlstseg,dcmqi,nlstseg,nlst,OK,1,1
1.2.276.0.7230010.3.1.3.481037312.74200.1761241776.143407,dcmqi / nlstseg,dcmqi,nlstseg,nlst,OK,1,1
1.2.276.0.7230010.3.1.3.481037312.19082.1761239995.946835,dcmqi / nlstseg,dcmqi,nlstseg,nlst,OK,1,1
1.2.276.0.7230010.3.1.3.481037312.40528.1761240645.887458,dcmqi / nlstseg,dcmqi,nlstseg,nlst,OK,1,1
1.2.276.0.7230010.3.1.3.481037312.124408.1761243419.553250,dcmqi / nlstseg,dcmqi,nlstseg,nlst,OK,1,1
1.2.276.0.7230010.3.1.3.481037312.311499.1761249809.668897,dcmqi / nlstseg,dcmqi,nlstseg,nlst,OK,1,1
1.2.276.0.7230010.3.1.3.481037312.118561.1761243239.539771,dcmqi / nlstseg,dcmqi,nlstseg,nlst,OK,1,1
1.2.276.0.7230010.3.1.3.481037312.310520.1761249779.11252,dcmqi / nlstseg,dcmqi,nlstseg,nlst,OK,1,1
1.2.276.0.7230010.3.1.3.481037312.358988.1761251415.65300,dcmqi / nlstseg,dcmqi,nlstseg,nlst,OK,1,1
1.2.276.0.7230010.3.1.3.481037312.80139.1761241975.655226,dcmqi / nlstseg,dcmqi,nlstseg,nlst,OK,1,1
1.2.276.0.7230010.3.1.3.481037312.87926.1761242221.31094,dcmqi / nlstseg,dcmqi,nlstseg,nlst,OK,1,1
1.2.276.0.7230010.3.1.3.481037312.21994.1761240083.712861,dcmqi / nlstseg,dcmqi,nlstseg,nlst,OK,1,1
1.2.276.0.7230010.3.1.3.481037312.266165.1761248216.920746,dcmqi / nlstseg,dcmqi,nlstseg,nlst,OK,1,1
1.2.276.0.7230010.3.1.3.481037312.348103.1761251045.353470,dcmqi / nlstseg,dcmqi,nlstseg,nlst,OK,1,1
1.2.276.0.7230010.3.1.3.481037312.193736.1761245745.284648,dcmqi / nlstseg,dcmqi,nlstseg,nlst,OK,1,1
1.2.276.0.7230010.3.1.3.481037312.16109.1761239894.108653,dcmqi / nlstseg,dcmqi,nlstseg,nlst,OK,1,1
1.2.276.0.7230010.3.1.3.481037312.55408.1761241153.489152,dcmqi / nlstseg,dcmqi,nlstseg,nlst,OK,1,1
1.2.276.0.7230010.3.1.3.481037312.143152.1761244046.575181,dcmqi / nlstseg,dcmqi,nlstseg,nlst,OK,1,1
1.2.276.0.7230010.3.1.3.481037312.364869.1761251603.817680,dcmqi / nlstseg,dcmqi,nlstseg,nlst,OK,1,1
1.2.276.0.7230010.3.1.3.481037312.601180.1761261419.402087,dcmqi / nlstseg,dcmqi,nlstseg,nlst,OK,1,1
1.2.276.0.7230010.3.1.3.481037312.21009.1761240051.716612,dcmqi / nlstseg,dcmqi,nlstseg,nlst,OK,1,1
1.2.276.0.7230010.3.1.3.481037312.222511.1761246716.860766,dcmqi / nlstseg,dcmqi,nlstseg,nlst,OK,1,1
1.2.276.0.7230010.3.1.3.481037312.284483.1761248850.357143,dcmqi / nlstseg,dcmqi,nlstseg,nlst,OK,1,1
1.2.276.0.7230010.3.1.3.481037312.287692.1761248987.766977,dcmqi / nlstseg,dcmqi,nlstseg,nlst,OK,1,1
1.2.276.0.7230010.3.1.3.481037312.100731.1761242635.594453,dcmqi / nlstseg,dcmqi,nlstseg,nlst,OK,1,1
1.2.276.0.7230010.3.1.3.481037312.149153.1761244255.808049,dcmqi / nlstseg,dcmqi,nlstseg,nlst,OK,1,1
1.2.276.0.7230010.3.1.3.481037312.256274.1761247879.516448,dcmqi / nlstseg,dcmqi,nlstseg,nlst,OK,1,1
1.2.276.0.7230010.3.1.3.481037312.269154.1761248323.916453,dcmqi / nlstseg,dcmqi,nlstseg,nlst,OK,1,1
1.2.276.0.7230010.3.1.3.481037312.325372.1761250281.400130,dcmqi / nlstseg,dcmqi,nlstseg,nlst,OK,1,1
1.2.276.0.7230010.3.1.3.481037312.426492.1761254160.683525,dcmqi / nlstseg,dcmqi,nlstseg,nlst,OK,1,1
1.2.276.0.7230010.3.1.3.0.1712.1553286420.258976,dcmqi / dicom_lidc_idri_nodules,dcmqi,dicom_lidc_idri_nodules,lidc_idri,OK,1,1
1.2.276.0.7230010.3.1.3.0.42216.1553326571.379168,dcmqi / dicom_lidc_idri_nodules,dcmqi,dicom_lidc_idri_nodules,lidc_idri,OK,1,1
1.2.276.0.7230010.3.1.3.0.55198.1553340923.983159,dcmqi / dicom_lidc_idri_nodules,dcmqi,dicom_lidc_idri_nodules,lidc_idri,OK,1,1
1.2.276.0.7230010.3.1.3.0.62474.1553348991.664945,dcmqi / dicom_lidc_idri_nodules,dcmqi,dicom_lidc_idri_nodules,lidc_idri,OK,1,1
1.2.276.0.7230010.3.1.3.0.51005.1553336406.757350,dcmqi / dicom_lidc_idri_nodules,dcmqi,dicom_lidc_idri_nodules,lidc_idri,OK,1,1
1.2.276.0.7230010.3.1.3.0.58769.1553344905.958611,dcmqi / dicom_lidc_idri_nodules,dcmqi,dicom_lidc_idri_nodules,lidc_idri,OK,1,1
1.2.276.0.7230010.3.1.3.481037312.599151.1761261341.949085,dcmqi / nlstseg,dcmqi,nlstseg,nlst,OK,1,1
1.2.276.0.7230010.3.1.3.0.39102.1553323291.370251,dcmqi / dicom_lidc_idri_nodules,dcmqi,dicom_lidc_idri_nodules,lidc_idri,OK,1,1
1.2.276.0.7230010.3.1.3.0.69910.1553357103.18817,dcmqi / dicom_lidc_idri_nodules,dcmqi,dicom_lidc_idri_nodules,lidc_idri,OK,1,1
1.2.276.0.7230010.3.1.3.0.10392.1553293704.152454,dcmqi / dicom_lidc_idri_nodules,dcmqi,dicom_lidc_idri_nodules,lidc_idri,OK,1,1
1.2.276.0.7230010.3.1.3.0.41237.1553325569.322919,dcmqi / dicom_lidc_idri_nodules,dcmqi,dicom_lidc_idri_nodules,lidc_idri,OK,1,1
1.2.276.0.7230010.3.1.3.0.21290.1553304293.891733,dcmqi / dicom_lidc_idri_nodules,dcmqi,dicom_lidc_idri_nodules,lidc_idri,OK,1,1
1.2.276.0.7230010.3.1.3.0.68166.1553355238.903585,dcmqi / dicom_lidc_idri_nodules,dcmqi,dicom_lidc_idri_nodules,lidc_idri,OK,1,1
1.2.276.0.7230010.3.1.3.0.17965.1553300717.958558,dcmqi / dicom_lidc_idri_nodules,dcmqi,dicom_lidc_idri_nodules,lidc_idri,OK,1,1
1.2.276.0.7230010.3.1.3.0.24050.1553307255.238232,dcmqi / dicom_lidc_idri_nodules,dcmqi,dicom_lidc_idri_nodules,lidc_idri,OK,1,1
1.2.276.0.7230010.3.1.3.0.25517.1553308639.513665,dcmqi / dicom_lidc_idri_nodules,dcmqi,dicom_lidc_idri_nodules,lidc_idri,OK,1,1
1.2.276.0.7230010.3.1.3.0.32999.1553316904.203269,dcmqi / dicom_lidc_idri_nodules,dcmqi,dicom_lidc_idri_nodules,lidc_idri,OK,1,1
1.2.276.0.7230010.3.1.3.0.53508.1553339031.522435,dcmqi / dicom_lidc_idri_nodules,dcmqi,dicom_lidc_idri_nodules,lidc_idri,OK,1,1
1.2.276.0.7230010.3.1.3.0.54556.1553340190.36868,dcmqi / dicom_lidc_idri_nodules,dcmqi,dicom_lidc_idri_nodules,lidc_idri,OK,1,1
1.2.276.0.7230010.3.1.3.481037312.404652.1761253193.790559,dcmqi / nlstseg,dcmqi,nlstseg,nlst,OK,1,1
1.2.276.0.7230010.3.1.3.481037312.606473.1761261670.615315,dcmqi / nlstseg,dcmqi,nlstseg,nlst,OK,1,1
1.2.276.0.7230010.3.1.3.0.2091.1553286736.13673,dcmqi / dicom_lidc_idri_nodules,dcmqi,dicom_lidc_idri_nodules,lidc_idri,OK,1,1
1.2.276.0.7230010.3.1.3.0.57054.1553343006.292660,dcmqi / dicom_lidc_idri_nodules,dcmqi,dicom_lidc_idri_nodules,lidc_idri,OK,1,1
1.2.276.0.7230010.3.1.3.481037312.477435.1761256183.233530,dcmqi / nlstseg,dcmqi,nlstseg,nlst,OK,1,1
1.2.276.0.7230010.3.1.3.0.2582.1553287148.276562,dcmqi / dicom_lidc_idri_nodules,dcmqi,dicom_lidc_idri_nodules,lidc_idri,OK,1,1
1.2.276.0.7230010.3.1.3.0.5166.1553289535.437839,dcmqi / dicom_lidc_idri_nodules,dcmqi,dicom_lidc_idri_nodules,lidc_idri,OK,1,1
1.2.276.0.7230010.3.1.3.0.95904.1553285147.84255,dcmqi / dicom_lidc_idri_nodules,dcmqi,dicom_lidc_idri_nodules,lidc_idri,OK,1,1
1.2.276.0.7230010.3.1.3.0.22057.1553305072.372714,dcmqi / dicom_lidc_idri_nodules,dcmqi,dicom_lidc_idri_nodules,lidc_idri,OK,1,1
1.2.276.0.7230010.3.1.3.0.28998.1553312582.474057,dcmqi / dicom_lidc_idri_nodules,dcmqi,dicom_lidc_idri_nodules,lidc_idri,OK,1,1
1.2.276.0.7230010.3.1.3.0.33392.1553317283.355821,dcmqi / dicom_lidc_idri_nodules,dcmqi,dicom_lidc_idri_nodules,lidc_idri,OK,1,1
1.2.276.0.7230010.3.1.3.0.63033.1553349563.261678,dcmqi / dicom_lidc_idri_nodules,dcmqi,dicom_lidc_idri_nodules,lidc_idri,OK,1,1
1.2.276.0.7230010.3.1.3.0.94472.1553284976.882843,dcmqi / dicom_lidc_idri_nodules,dcmqi,dicom_lidc_idri_nodules,lidc_idri,OK,1,1
1.2.276.0.7230010.3.1.3.481037312.478426.1761256218.251375,dcmqi / nlstseg,dcmqi,nlstseg,nlst,OK,1,1
1.2.276.0.7230010.3.1.3.0.90549.1553284687.820246,dcmqi / dicom_lidc_idri_nodules,dcmqi,dicom_lidc_idri_nodules,lidc_idri,OK,1,1
1.2.276.0.7230010.3.1.3.481037312.514383.1761257717.307304,dcmqi / nlstseg,dcmqi,nlstseg,nlst,OK,1,1
1.2.276.0.7230010.3.1.3.0.15904.1553298660.946964,dcmqi / dicom_lidc_idri_nodules,dcmqi,dicom_lidc_idri_nodules,lidc_idri,OK,1,1
1.2.276.0.7230010.3.1.3.0.47164.1553332171.455486,dcmqi / dicom_lidc_idri_nodules,dcmqi,dicom_lidc_idri_nodules,lidc_idri,OK,1,1
1.2.276.0.7230010.3.1.3.0.52033.1553337446.239462,dcmqi / dicom_lidc_idri_nodules,dcmqi,dicom_lidc_idri_nodules,lidc_idri,OK,1,1
1.2.276.0.7230010.3.1.3.0.56649.1553342498.653286,dcmqi / dicom_lidc_idri_nodules,dcmqi,dicom_lidc_idri_nodules,lidc_idri,OK,1,1
1.2.276.0.7230010.3.1.3.0.8646.1553292210.201978,dcmqi / dicom_lidc_idri_nodules,dcmqi,dicom_lidc_idri_nodules,lidc_idri,OK,1,1
1.2.276.0.7230010.3.1.3.0.30680.1553314384.462678,dcmqi / dicom_lidc_idri_nodules,dcmqi,dicom_lidc_idri_nodules,lidc_idri,OK,1,1
1.2.276.0.7230010.3.1.3.0.62380.1553348919.975895,dcmqi / dicom_lidc_idri_nodules,dcmqi,dicom_lidc_idri_nodules,lidc_idri,OK,1,1
1.2.276.0.7230010.3.1.3.481037312.374832.1761251954.509772,dcmqi / nlstseg,dcmqi,nlstseg,nlst,OK,1,1
1.2.276.0.7230010.3.1.3.481037312.388194.1761252514.301311,dcmqi / nlstseg,dcmqi,nlstseg,nlst,OK,1,1
1.2.276.0.7230010.3.1.3.481037312.428543.1761254245.677801,dcmqi / nlstseg,dcmqi,nlstseg,nlst,OK,1,1
1.2.276.0.7230010.3.1.3.481037312.467149.1761255759.323833,dcmqi / nlstseg,dcmqi,nlstseg,nlst,OK,1,1
1.2.276.0.7230010.3.1.3.0.11754.1553294709.869246,dcmqi / dicom_lidc_idri_nodules,dcmqi,dicom_lidc_idri_nodules,lidc_idri,OK,1,1
1.2.276.0.7230010.3.1.3.0.11644.1553294578.304790,dcmqi / dicom_lidc_idri_nodules,dcmqi,dicom_lidc_idri_nodules,lidc_idri,OK,1,1
1.2.276.0.7230010.3.1.3.0.5692.1553289982.694112,dcmqi / dicom_lidc_idri_nodules,dcmqi,dicom_lidc_idri_nodules,lidc_idri,OK,1,1
1.2.276.0.7230010.3.1.3.0.29250.1553312753.479005,dcmqi / dicom_lidc_idri_nodules,dcmqi,dicom_lidc_idri_nodules,lidc_idri,OK,1,1
1.2.276.0.7230010.3.1.3.0.36697.1553320932.382519,dcmqi / dicom_lidc_idri_nodules,dcmqi,dicom_lidc_idri_nodules,lidc_idri,OK,1,1
1.2.826.0.1.3680043.8.498.43619252871654902242806892133437703634,highdicom / eay131_tumor_annotations,highdicom,eay131_tumor_annotations,eay131,OK,1,1
1.3.6.1.4.1.14519.5.2.1.243676355093026454763953414952257070940,dcmqi / (null),dcmqi,(null),mediastinal_lymph_node_seg,OK,1,1
1.3.6.1.4.1.14519.5.2.1.54427146554765378357930428175892706320,dcmqi / (null),dcmqi,(null),mediastinal_lymph_node_seg,OK,1,1
1.3.6.1.4.1.14519.5.2.1.116849803338452517227606620473537643641,dcmqi / (null),dcmqi,(null),mediastinal_lymph_node_seg,OK,1,1
1.3.6.1.4.1.14519.5.2.1.7695.4164.329507982320017262735769854448,not identifiable from index / (null),not identifiable from index,(null),acrin_6698,OK,1,1
1.3.6.1.4.1.14519.5.2.1.19292570716973444538010097817802417798,pydicom-seg / (null),pydicom-seg,(null),rider_lung_ct,OK,1,1
1.3.6.1.4.1.14519.5.2.1.274520956816397574075774867317227925617,pydicom-seg / (null),pydicom-seg,(null),rider_lung_ct,OK,1,1
1.3.6.1.4.1.14519.5.2.1.193073733151967785573770692296048901337,pydicom-seg / (null),pydicom-seg,(null),rider_lung_ct,OK,1,1
1.3.6.1.4.1.14519.5.2.1.326213445867853292608909965058929943544,pydicom-seg / (null),pydicom-seg,(null),rider_lung_ct,OK,1,1
1.3.6.1.4.1.14519.5.2.1.147605686287085371355075351720619365707,pydicom-seg / (null),pydicom-seg,(null),rider_lung_ct,OK,1,1
1.3.6.1.4.1.14519.5.2.1.162676212703075743777522925607139697095,pydicom-seg / (null),pydicom-seg,(null),rider_lung_ct,OK,1,1
1.2.826.0.1.3680043.10.511.3.71167373794945639641468007289898851,not identifiable from index / tcga_sbu_til_maps,not identifiable from index,tcga_sbu_til_maps,tcga_stad,OK,1,1
1.2.276.0.7230010.3.1.3.3496549722.3800.1316092054.215,not identifiable from index / (null),not identifiable from index,(null),qiba_ct_1c,OK,1,1
1.3.6.1.4.1.14519.5.2.1.144633370172487348263508055504325270071,dcmqi / (null),dcmqi,(null),duke_breast_cancer_mri,OK,1,1
1.3.6.1.4.1.14519.5.2.1.9035669488583032764697282853239344788,dcmqi / (null),dcmqi,(null),duke_breast_cancer_mri,OK,1,1
1.3.6.1.4.1.14519.5.2.1.160802892198567083895764640320872784761,dcmqi / (null),dcmqi,(null),duke_breast_cancer_mri,OK,1,1
1.3.6.1.4.1.14519.5.2.1.5158233422301841054790857271191450805,dcmqi / (null),dcmqi,(null),duke_breast_cancer_mri,OK,1,1
1.2.276.0.7230010.3.1.3.17436516.2728492.1720647932.653275,dcmqi / bamf_aimi_annotations,dcmqi,bamf_aimi_annotations,nsclc_radiogenomics,OK,1,1
1.2.826.0.1.3680043.8.498.94827257300975722125298892415614276980,highdicom / eay131_tumor_annotations,highdicom,eay131_tumor_annotations,eay131,OK,1,1
1.3.6.1.4.1.14519.5.2.1.78889278910841366856128318139032510764,highdicom / (null),highdicom,(null),psma_pet_ct_lesions,OK,1,1
1.3.6.1.4.1.14519.5.2.1.280966315294372079653158509410215772206,highdicom / (null),highdicom,(null),psma_pet_ct_lesions,OK,1,1
1.2.826.0.1.3680043.10.511.3.92408775056463877447187174587837563,not identifiable from index / tcga_sbu_til_maps,not identifiable from index,tcga_sbu_til_maps,tcga_brca,OK,1,1
1.3.6.1.4.1.14519.5.2.1.9870696603512376907343039830267389246,highdicom / (null),highdicom,(null),psma_pet_ct_lesions,OK,1,1
1.3.6.1.4.1.14519.5.2.1.6879070933934947655257728151634595164,highdicom / (null),highdicom,(null),psma_pet_ct_lesions,OK,1,1
1.2.276.0.7230010.3.1.3.4148549909.1376.1344858215.197,not identifiable from index / qiba_volct_1b,not identifiable from index,qiba_volct_1b,rider_lung_ct,OK,1,1
1.2.826.0.1.3680043.10.511.3.75502189641916868167759633057337552,not identifiable from index / tcga_sbu_til_maps,not identifiable from index,tcga_sbu_til_maps,tcga_coad,OK,1,1
1.2.276.0.7230010.3.1.3.3496549722.3800.1316091647.139,not identifiable from index / (null),not identifiable from index,(null),qiba_ct_1c,OK,1,1
1.2.276.0.7230010.3.1.3.1231426215.888.1345738528.459,not identifiable from index / qiba_volct_1b,not identifiable from index,qiba_volct_1b,rider_lung_ct,OK,1,1
1.2.826.0.1.3680043.10.511.3.18556620163679465985910238140490378,not identifiable from index / tcga_sbu_til_maps,not identifiable from index,tcga_sbu_til_maps,tcga_kirc,OK,1,1
1.2.826.0.1.3680043.10.511.3.46214705312323130469741362699991525,not identifiable from index / tcga_sbu_til_maps,not identifiable from index,tcga_sbu_til_maps,tcga_lihc,OK,1,1
1.2.826.0.1.3680043.10.511.3.99075491057798240679152725074542574,not identifiable from index / tcga_sbu_til_maps,not identifiable from index,tcga_sbu_til_maps,tcga_stad,OK,1,1
1.2.826.0.1.3680043.10.511.3.61912753579885592110769241136587534,not identifiable from index / tcga_sbu_til_maps,not identifiable from index,tcga_sbu_til_maps,tcga_acc,OK,1,1
1.3.6.1.4.1.14519.5.2.1.243574158656954677735202905204652004200,highdicom / (null),highdicom,(null),psma_pet_ct_lesions,OK,1,1
1.2.826.0.1.3680043.10.511.3.8386302985880936353858520500694967,not identifiable from index / tcga_sbu_til_maps,not identifiable from index,tcga_sbu_til_maps,tcga_hnsc,OK,1,1
1.2.826.0.1.3680043.10.511.3.9151805927194195708683885627334681,not identifiable from index / tcga_sbu_til_maps,not identifiable from index,tcga_sbu_til_maps,tcga_blca,OK,1,1
1.2.276.0.7230010.3.1.3.3496549722.3892.1315863557.443,not identifiable from index / (null),not identifiable from index,(null),qiba_ct_1c,OK,1,1
1.2.826.0.1.3680043.10.511.3.75105840218677606820856883279156727,not identifiable from index / tcga_sbu_til_maps,not identifiable from index,tcga_sbu_til_maps,tcga_brca,OK,1,1
1.2.826.0.1.3680043.10.511.3.52786996924300640698697667630129753,not identifiable from index / tcga_sbu_til_maps,not identifiable from index,tcga_sbu_til_maps,tcga_lihc,OK,1,1
1.2.826.0.1.3680043.8.498.31320845617643377001180041101655181797,highdicom / eay131_tumor_annotations,highdicom,eay131_tumor_annotations,eay131,OK,1,1
1.2.826.0.1.3680043.8.498.62119370410884459657794430102539479922,highdicom / eay131_tumor_annotations,highdicom,eay131_tumor_annotations,eay131,OK,1,1
1.2.826.0.1.3680043.8.498.32161508541506276515086530275047946918,highdicom / eay131_tumor_annotations,highdicom,eay131_tumor_annotations,eay131,OK,1,1
1.2.826.0.1.3680043.8.498.58871377155310112961728889475931147895,highdicom / eay131_tumor_annotations,highdicom,eay131_tumor_annotations,eay131,OK,1,1
1.3.6.1.4.1.14519.5.2.1.182278428910486462787543506818683867999,highdicom / (null),highdicom,(null),psma_pet_ct_lesions,OK,1,1
1.3.6.1.4.1.14519.5.2.1.101385854748193020811822331139133274209,highdicom / (null),highdicom,(null),psma_pet_ct_lesions,OK,1,1
1.3.6.1.4.1.14519.5.2.1.160266439348211882501104989199708880368,highdicom / (null),highdicom,(null),psma_pet_ct_lesions,OK,1,1
1.2.826.0.1.3680043.8.498.66488031679961886372054833441748341312,highdicom / eay131_tumor_annotations,highdicom,eay131_tumor_annotations,eay131,OK,1,1
1.2.826.0.1.3680043.8.498.90509682846718973059014968778571195054,highdicom / eay131_tumor_annotations,highdicom,eay131_tumor_annotations,eay131,OK,1,1
1.2.826.0.1.3680043.10.511.3.21537659412776883287062303499072644,not identifiable from index / tcga_sbu_til_maps,not identifiable from index,tcga_sbu_til_maps,tcga_coad,OK,1,1
1.2.826.0.1.3680043.10.511.3.22234091066469837533004302873944460,not identifiable from index / tcga_sbu_til_maps,not identifiable from index,tcga_sbu_til_maps,tcga_stad,OK,1,1
1.2.826.0.1.3680043.8.498.11158137942028419097617390826172848401,highdicom / eay131_tumor_annotations,highdicom,eay131_tumor_annotations,eay131,OK,1,1
1.2.826.0.1.3680043.10.511.3.26984250552863586340388498369831379,not identifiable from index / tcga_sbu_til_maps,not identifiable from index,tcga_sbu_til_maps,tcga_stad,OK,1,1
1.2.826.0.1.3680043.8.498.10599796305722747958862591892771543294,highdicom / eay131_tumor_annotations,highdicom,eay131_tumor_annotations,eay131,OK,1,1
1.2.826.0.1.3680043.10.511.3.66188120152726946449584765293944288,not identifiable from index / tcga_sbu_til_maps,not identifiable from index,tcga_sbu_til_maps,tcga_skcm,OK,1,1
1.2.826.0.1.3680043.8.498.10515516376752849613310839433351635111,highdicom / eay131_tumor_annotations,highdicom,eay131_tumor_annotations,eay131,OK,1,1
1.2.276.0.7230010.3.1.3.4148549909.2316.1344856465.242,not identifiable from index / qiba_volct_1b,not identifiable from index,qiba_volct_1b,rider_lung_ct,OK,1,1
1.2.826.0.1.3680043.8.498.11176562478554362170483074331191502925,highdicom / eay131_tumor_annotations,highdicom,eay131_tumor_annotations,eay131,OK,1,1
1.2.826.0.1.3680043.8.498.51017477259532341570337291180783715210,highdicom / eay131_tumor_annotations,highdicom,eay131_tumor_annotations,eay131,OK,1,1
1.2.826.0.1.3680043.8.498.12086590658350555779469466074804118238,highdicom / eay131_tumor_annotations,highdicom,eay131_tumor_annotations,eay131,OK,1,1
1.2.826.0.1.3680043.10.511.3.44304577929953804027133272057932075,not identifiable from index / tcga_sbu_til_maps,not identifiable from index,tcga_sbu_til_maps,tcga_read,OK,1,1
1.3.6.1.4.1.14519.5.2.1.180541259075611573996763025214561890038,highdicom / (null),highdicom,(null),psma_pet_ct_lesions,OK,1,1
1.2.826.0.1.3680043.10.511.3.58179723242665068717689228127198623,not identifiable from index / tcga_sbu_til_maps,not identifiable from index,tcga_sbu_til_maps,tcga_kirc,OK,1,1
1.2.826.0.1.3680043.8.498.59160940757609127328526406569050180623,highdicom / eay131_tumor_annotations,highdicom,eay131_tumor_annotations,eay131,OK,1,1
1.2.826.0.1.3680043.8.498.47615245850387229403300118659933474057,highdicom / eay131_tumor_annotations,highdicom,eay131_tumor_annotations,eay131,OK,1,1
1.2.826.0.1.3680043.8.498.11289962350655930038309230893396454803,highdicom / eay131_tumor_annotations,highdicom,eay131_tumor_annotations,eay131,OK,1,1
1.3.6.1.4.1.14519.5.2.1.178087185563287143336320434350312327912,highdicom / (null),highdicom,(null),psma_pet_ct_lesions,OK,1,1
1.3.6.1.4.1.14519.5.2.1.244289549361825409820521358382919210760,highdicom / (null),highdicom,(null),psma_pet_ct_lesions,OK,1,1
1.2.826.0.1.3680043.8.498.94684738387765010514610798079630605193,highdicom / eay131_tumor_annotations,highdicom,eay131_tumor_annotations,eay131,OK,1,1
1.2.276.0.7230010.3.1.3.17436516.2828658.1720648544.899505,dcmqi / bamf_aimi_annotations,dcmqi,bamf_aimi_annotations,nsclc_radiogenomics,OK,1,1
1.2.826.0.1.3680043.10.511.3.40231290362185541568141227854341780,not identifiable from index / tcga_sbu_til_maps,not identifiable from index,tcga_sbu_til_maps,tcga_coad,OK,1,1
1.2.826.0.1.3680043.8.498.19022547668190446848500731868440478479,highdicom / eay131_tumor_annotations,highdicom,eay131_tumor_annotations,eay131,OK,1,1
1.2.826.0.1.3680043.8.498.97617826122257794317350284653086953251,highdicom / eay131_tumor_annotations,highdicom,eay131_tumor_annotations,eay131,OK,1,1
1.2.826.0.1.3680043.8.498.13335502512002761962084376136899713283,highdicom / eay131_tumor_annotations,highdicom,eay131_tumor_annotations,eay131,OK,1,1
1.2.826.0.1.3680043.10.511.3.25614569173343301736213505154734261,not identifiable from index / tcga_sbu_til_maps,not identifiable from index,tcga_sbu_til_maps,tcga_kirc,OK,1,1
1.2.826.0.1.3680043.8.498.60125031424344206005115687994848737884,highdicom / eay131_tumor_annotations,highdicom,eay131_tumor_annotations,eay131,OK,1,1
1.3.6.1.4.1.14519.5.2.1.213232126047944562194114902257603211882,highdicom / (null),highdicom,(null),psma_pet_ct_lesions,OK,1,1
1.2.826.0.1.3680043.10.511.3.10420143126639676724744672589130318,not identifiable from index / tcga_sbu_til_maps,not identifiable from index,tcga_sbu_til_maps,tcga_kirc,OK,1,1
1.3.6.1.4.1.14519.5.2.1.287292366995508772832554906283049763439,highdicom / (null),highdicom,(null),psma_pet_ct_lesions,OK,1,1
1.2.826.0.1.3680043.8.498.74011014122069132481688220624632152397,highdicom / eay131_tumor_annotations,highdicom,eay131_tumor_annotations,eay131,OK,1,1
1.2.826.0.1.3680043.8.498.10177277931804079187461484684996925052,highdicom / eay131_tumor_annotations,highdicom,eay131_tumor_annotations,eay131,OK,1,1
1.2.826.0.1.3680043.8.498.11208327025782112422396765893134710549,highdicom / eay131_tumor_annotations,highdicom,eay131_tumor_annotations,eay131,OK,1,1
1.2.826.0.1.3680043.8.498.21003645000982607308463432047052580924,highdicom / eay131_tumor_annotations,highdicom,eay131_tumor_annotations,eay131,OK,1,1
1.2.826.0.1.3680043.8.498.60485136237729432486446053172782858012,highdicom / eay131_tumor_annotations,highdicom,eay131_tumor_annotations,eay131,OK,1,1
1.2.826.0.1.3680043.8.498.20264232322693473853620211372714973744,highdicom / eay131_tumor_annotations,highdicom,eay131_tumor_annotations,eay131,OK,1,1
1.2.276.0.7230010.3.1.3.1231426215.2584.1345552561.119,not identifiable from index / qiba_volct_1b,not identifiable from index,qiba_volct_1b,rider_lung_ct,OK,1,1
1.2.826.0.1.3680043.8.498.66811765461192887173891544218427420155,highdicom / eay131_tumor_annotations,highdicom,eay131_tumor_annotations,eay131,OK,1,1
1.2.826.0.1.3680043.8.498.42314495687620919963972976428648109977,highdicom / eay131_tumor_annotations,highdicom,eay131_tumor_annotations,eay131,OK,1,1
1.2.276.0.7230010.3.1.3.296485376.151.1698107488.669011,dcmqi / bamf_aimi_annotations,dcmqi,bamf_aimi_annotations,prostate_mri_us_biopsy,OK,1,1
1.2.276.0.7230010.3.1.3.296485376.151.1698103533.814175,dcmqi / bamf_aimi_annotations,dcmqi,bamf_aimi_annotations,prostate_mri_us_biopsy,OK,1,1
1.2.826.0.1.3680043.8.498.28228759345425183855970447390708489230,highdicom / eay131_tumor_annotations,highdicom,eay131_tumor_annotations,eay131,OK,1,1
1.2.826.0.1.3680043.10.511.3.57322606158844165636060897859595069,not identifiable from index / tcga_sbu_til_maps,not identifiable from index,tcga_sbu_til_maps,tcga_skcm,OK,1,1
1.2.826.0.1.3680043.8.498.43848815023870121326044385318991173798,highdicom / eay131_tumor_annotations,highdicom,eay131_tumor_annotations,eay131,OK,1,1
1.2.826.0.1.3680043.10.511.3.82773171017726591878447294047694559,not identifiable from index / tcga_sbu_til_maps,not identifiable from index,tcga_sbu_til_maps,tcga_brca,OK,1,1
1.2.826.0.1.3680043.8.498.72343769402418730229241351570749408963,highdicom / eay131_tumor_annotations,highdicom,eay131_tumor_annotations,eay131,OK,1,1
1.3.6.1.4.1.14519.5.2.1.215216125519237665501767735489888868607,highdicom / (null),highdicom,(null),psma_pet_ct_lesions,OK,1,1
1.3.6.1.4.1.14519.5.2.1.214671009199389222371349016678261057384,highdicom / (null),highdicom,(null),psma_pet_ct_lesions,OK,1,1
1.2.826.0.1.3680043.8.498.69789059395955792854323958847289727301,highdicom / eay131_tumor_annotations,highdicom,eay131_tumor_annotations,eay131,OK,1,1
1.2.276.0.7230010.3.1.3.3426864066.2352.1345225981.34,not identifiable from index / qiba_volct_1b,not identifiable from index,qiba_volct_1b,rider_lung_ct,OK,1,1
1.2.826.0.1.3680043.8.498.40240227316874110789046069070242426198,highdicom / eay131_tumor_annotations,highdicom,eay131_tumor_annotations,eay131,OK,1,1
1.2.276.0.7230010.3.1.3.1231426215.888.1345738528.452,not identifiable from index / qiba_volct_1b,not identifiable from index,qiba_volct_1b,rider_lung_ct,OK,1,1
1.2.826.0.1.3680043.8.498.27690074950241248994692021833720389425,highdicom / eay131_tumor_annotations,highdicom,eay131_tumor_annotations,eay131,OK,1,1
1.3.6.1.4.1.14519.5.2.1.7695.4164.172393671922861353437595447045,not identifiable from index / (null),not identifiable from index,(null),acrin_6698,OK,1,1
1.3.6.1.4.1.14519.5.2.1.7695.4164.177535643414958355099391016342,not identifiable from index / (null),not identifiable from index,(null),acrin_6698,OK,1,1
1.3.6.1.4.1.14519.5.2.1.7695.4164.147195243158140794074967776817,not identifiable from index / (null),not identifiable from index,(null),acrin_6698,OK,1,1
1.3.6.1.4.1.14519.5.2.1.7695.4164.169897083070891742869652160780,not identifiable from index / (null),not identifiable from index,(null),acrin_6698,OK,1,1
1.2.826.0.1.3680043.10.511.3.62926120696112521472890923250681083,not identifiable from index / tcga_sbu_til_maps,not identifiable from index,tcga_sbu_til_maps,tcga_prad,OK,1,1
1.2.276.0.7230010.3.1.3.481037312.352059.1761251180.236471,dcmqi / nlstseg,dcmqi,nlstseg,nlst,OK,1,1
1.2.276.0.7230010.3.1.3.481037312.49397.1761240938.562448,dcmqi / nlstseg,dcmqi,nlstseg,nlst,OK,1,1
1.2.276.0.7230010.3.1.3.481037312.333283.1761250553.699026,dcmqi / nlstseg,dcmqi,nlstseg,nlst,OK,1,1
1.2.276.0.7230010.3.1.3.481037312.313491.1761249879.21589,dcmqi / nlstseg,dcmqi,nlstseg,nlst,OK,1,1
1.2.276.0.7230010.3.1.3.481037312.77160.1761241873.787791,dcmqi / nlstseg,dcmqi,nlstseg,nlst,OK,1,1
1.2.276.0.7230010.3.1.3.481037312.196698.1761245839.465614,dcmqi / nlstseg,dcmqi,nlstseg,nlst,OK,1,1
1.2.276.0.7230010.3.1.3.481037312.45477.1761240811.659715,dcmqi / nlstseg,dcmqi,nlstseg,nlst,OK,1,1
1.2.276.0.7230010.3.1.3.481037312.247232.1761247561.963328,dcmqi / nlstseg,dcmqi,nlstseg,nlst,OK,1,1
1.2.276.0.7230010.3.1.3.481037312.43515.1761240745.620470,dcmqi / nlstseg,dcmqi,nlstseg,nlst,OK,1,1
1.2.276.0.7230010.3.1.3.481037312.92874.1761242379.81741,dcmqi / nlstseg,dcmqi,nlstseg,nlst,OK,1,1
1.2.276.0.7230010.3.1.3.481037312.304533.1761249561.959847,dcmqi / nlstseg,dcmqi,nlstseg,nlst,OK,1,1
1.2.276.0.7230010.3.1.3.481037312.178864.1761245244.457984,dcmqi / nlstseg,dcmqi,nlstseg,nlst,OK,1,1
1.2.276.0.7230010.3.1.3.481037312.209630.1761246286.655169,dcmqi / nlstseg,dcmqi,nlstseg,nlst,OK,1,1
1.2.276.0.7230010.3.1.3.481037312.166934.1761244842.94699,dcmqi / nlstseg,dcmqi,nlstseg,nlst,OK,1,1
1.2.276.0.7230010.3.1.3.481037312.356026.1761251317.281423,dcmqi / nlstseg,dcmqi,nlstseg,nlst,OK,1,1
1.2.276.0.7230010.3.1.3.481037312.481487.1761256338.99597,dcmqi / nlstseg,dcmqi,nlstseg,nlst,OK,1,1
1.2.276.0.7230010.3.1.3.481037312.17094.1761239924.773591,dcmqi / nlstseg,dcmqi,nlstseg,nlst,OK,1,1
1.2.276.0.7230010.3.1.3.481037312.117590.1761243211.25677,dcmqi / nlstseg,dcmqi,nlstseg,nlst,OK,1,1
1.2.276.0.7230010.3.1.3.481037312.332310.1761250523.577505,dcmqi / nlstseg,dcmqi,nlstseg,nlst,OK,1,1
1.2.276.0.7230010.3.1.3.481037312.35666.1761240501.934573,dcmqi / nlstseg,dcmqi,nlstseg,nlst,OK,1,1
1.2.276.0.7230010.3.1.3.481037312.75181.1761241807.657042,dcmqi / nlstseg,dcmqi,nlstseg,nlst,OK,1,1
1.2.276.0.7230010.3.1.3.481037312.42537.1761240716.91853,dcmqi / nlstseg,dcmqi,nlstseg,nlst,OK,1,1
1.2.276.0.7230010.3.1.3.481037312.312498.1761249847.441768,dcmqi / nlstseg,dcmqi,nlstseg,nlst,OK,1,1
1.2.276.0.7230010.3.1.3.481037312.249251.1761247636.809463,dcmqi / nlstseg,dcmqi,nlstseg,nlst,OK,1,1
1.2.276.0.7230010.3.1.3.481037312.277457.1761248597.602128,dcmqi / nlstseg,dcmqi,nlstseg,nlst,OK,1,1
1.2.276.0.7230010.3.1.3.481037312.354041.1761251250.671772,dcmqi / nlstseg,dcmqi,nlstseg,nlst,OK,1,1
1.2.276.0.7230010.3.1.3.481037312.336223.1761250647.856138,dcmqi / nlstseg,dcmqi,nlstseg,nlst,OK,1,1
1.2.276.0.7230010.3.1.3.481037312.263220.1761248118.578099,dcmqi / nlstseg,dcmqi,nlstseg,nlst,OK,1,1
1.2.276.0.7230010.3.1.3.481037312.585780.1761260797.498137,dcmqi / nlstseg,dcmqi,nlstseg,nlst,OK,1,1
1.2.276.0.7230010.3.1.3.0.48910.1553334029.257066,dcmqi / dicom_lidc_idri_nodules,dcmqi,dicom_lidc_idri_nodules,lidc_idri,OK,1,1
1.2.276.0.7230010.3.1.3.481037312.357019.1761251349.694540,dcmqi / nlstseg,dcmqi,nlstseg,nlst,OK,1,1
1.2.276.0.7230010.3.1.3.481037312.500784.1761257107.523328,dcmqi / nlstseg,dcmqi,nlstseg,nlst,OK,1,1
1.2.276.0.7230010.3.1.3.0.21653.1553304649.577365,dcmqi / dicom_lidc_idri_nodules,dcmqi,dicom_lidc_idri_nodules,lidc_idri,OK,1,1
1.2.276.0.7230010.3.1.3.0.61170.1553347557.453784,dcmqi / dicom_lidc_idri_nodules,dcmqi,dicom_lidc_idri_nodules,lidc_idri,OK,1,1
1.2.276.0.7230010.3.1.3.481037312.540699.1761258929.807788,dcmqi / nlstseg,dcmqi,nlstseg,nlst,OK,1,1
1.2.276.0.7230010.3.1.3.481037312.377939.1761252094.385910,dcmqi / nlstseg,dcmqi,nlstseg,nlst,OK,1,1
1.2.276.0.7230010.3.1.3.481037312.541725.1761258971.607885,dcmqi / nlstseg,dcmqi,nlstseg,nlst,OK,1,1
1.2.276.0.7230010.3.1.3.0.32459.1553316213.643704,dcmqi / dicom_lidc_idri_nodules,dcmqi,dicom_lidc_idri_nodules,lidc_idri,OK,1,1
1.2.276.0.7230010.3.1.3.0.51739.1553337146.741362,dcmqi / dicom_lidc_idri_nodules,dcmqi,dicom_lidc_idri_nodules,lidc_idri,OK,1,1
1.2.276.0.7230010.3.1.3.0.31316.1553315008.338572,dcmqi / dicom_lidc_idri_nodules,dcmqi,dicom_lidc_idri_nodules,lidc_idri,OK,1,1
1.2.276.0.7230010.3.1.3.0.38636.1553322813.921122,dcmqi / dicom_lidc_idri_nodules,dcmqi,dicom_lidc_idri_nodules,lidc_idri,OK,1,1
1.2.276.0.7230010.3.1.3.0.61990.1553348405.937075,dcmqi / dicom_lidc_idri_nodules,dcmqi,dicom_lidc_idri_nodules,lidc_idri,OK,1,1
1.2.276.0.7230010.3.1.3.481037312.572534.1761260266.79141,dcmqi / nlstseg,dcmqi,nlstseg,nlst,OK,1,1
1.2.276.0.7230010.3.1.3.0.53452.1553338961.958941,dcmqi / dicom_lidc_idri_nodules,dcmqi,dicom_lidc_idri_nodules,lidc_idri,OK,1,1
1.2.276.0.7230010.3.1.3.0.42911.1553327355.692571,dcmqi / dicom_lidc_idri_nodules,dcmqi,dicom_lidc_idri_nodules,lidc_idri,OK,1,1
1.2.276.0.7230010.3.1.3.481037312.487665.1761256600.5492,dcmqi / nlstseg,dcmqi,nlstseg,nlst,OK,1,1
1.2.276.0.7230010.3.1.3.0.2937.1553287385.460574,dcmqi / dicom_lidc_idri_nodules,dcmqi,dicom_lidc_idri_nodules,lidc_idri,OK,1,1
1.2.276.0.7230010.3.1.3.0.36535.1553320756.193394,dcmqi / dicom_lidc_idri_nodules,dcmqi,dicom_lidc_idri_nodules,lidc_idri,OK,1,1
1.2.276.0.7230010.3.1.3.0.39153.1553323337.989089,dcmqi / dicom_lidc_idri_nodules,dcmqi,dicom_lidc_idri_nodules,lidc_idri,OK,1,1
1.2.276.0.7230010.3.1.3.0.39179.1553323351.837763,dcmqi / dicom_lidc_idri_nodules,dcmqi,dicom_lidc_idri_nodules,lidc_idri,OK,1,1
1.2.276.0.7230010.3.1.3.0.4738.1553289171.778105,dcmqi / dicom_lidc_idri_nodules,dcmqi,dicom_lidc_idri_nodules,lidc_idri,OK,1,1
1.2.276.0.7230010.3.1.3.0.3050.1553287499.711161,dcmqi / dicom_lidc_idri_nodules,dcmqi,dicom_lidc_idri_nodules,lidc_idri,OK,1,1
1.2.276.0.7230010.3.1.3.0.32508.1553316308.925453,dcmqi / dicom_lidc_idri_nodules,dcmqi,dicom_lidc_idri_nodules,lidc_idri,OK,1,1
1.2.276.0.7230010.3.1.3.0.32853.1553316705.886909,dcmqi / dicom_lidc_idri_nodules,dcmqi,dicom_lidc_idri_nodules,lidc_idri,OK,1,1
1.2.276.0.7230010.3.1.3.0.43644.1553328191.748241,dcmqi / dicom_lidc_idri_nodules,dcmqi,dicom_lidc_idri_nodules,lidc_idri,OK,1,1
1.2.276.0.7230010.3.1.3.0.10930.1553294147.151364,dcmqi / dicom_lidc_idri_nodules,dcmqi,dicom_lidc_idri_nodules,lidc_idri,OK,1,1
1.2.276.0.7230010.3.1.3.0.11832.1553294798.93848,dcmqi / dicom_lidc_idri_nodules,dcmqi,dicom_lidc_idri_nodules,lidc_idri,OK,1,1
1.2.276.0.7230010.3.1.3.0.36538.1553320761.102995,dcmqi / dicom_lidc_idri_nodules,dcmqi,dicom_lidc_idri_nodules,lidc_idri,OK,1,1
1.2.276.0.7230010.3.1.3.0.96808.1553285240.163809,dcmqi / dicom_lidc_idri_nodules,dcmqi,dicom_lidc_idri_nodules,lidc_idri,OK,1,1
1.2.276.0.7230010.3.1.3.481037312.431630.1761254368.753118,dcmqi / nlstseg,dcmqi,nlstseg,nlst,OK,1,1
1.2.276.0.7230010.3.1.3.0.11308.1553294345.180023,dcmqi / dicom_lidc_idri_nodules,dcmqi,dicom_lidc_idri_nodules,lidc_idri,OK,1,1
1.2.276.0.7230010.3.1.3.0.65332.1553352081.61032,dcmqi / dicom_lidc_idri_nodules,dcmqi,dicom_lidc_idri_nodules,lidc_idri,OK,1,1
1.2.276.0.7230010.3.1.3.0.18155.1553300885.523381,dcmqi / dicom_lidc_idri_nodules,dcmqi,dicom_lidc_idri_nodules,lidc_idri,OK,1,1
1.2.276.0.7230010.3.1.3.0.13606.1553296430.521721,dcmqi / dicom_lidc_idri_nodules,dcmqi,dicom_lidc_idri_nodules,lidc_idri,OK,1,1
1.2.276.0.7230010.3.1.3.481037312.493782.1761256850.970676,dcmqi / nlstseg,dcmqi,nlstseg,nlst,OK,1,1
1.2.276.0.7230010.3.1.3.0.16237.1553298897.182697,dcmqi / dicom_lidc_idri_nodules,dcmqi,dicom_lidc_idri_nodules,lidc_idri,OK,1,1
1.2.276.0.7230010.3.1.3.0.41817.1553326177.793059,dcmqi / dicom_lidc_idri_nodules,dcmqi,dicom_lidc_idri_nodules,lidc_idri,OK,1,1
1.2.276.0.7230010.3.1.3.0.51943.1553337357.69109,dcmqi / dicom_lidc_idri_nodules,dcmqi,dicom_lidc_idri_nodules,lidc_idri,OK,1,1
1.2.276.0.7230010.3.1.3.0.54052.1553339684.608077,dcmqi / dicom_lidc_idri_nodules,dcmqi,dicom_lidc_idri_nodules,lidc_idri,OK,1,1
1.2.276.0.7230010.3.1.3.0.13713.1553296549.109116,dcmqi / dicom_lidc_idri_nodules,dcmqi,dicom_lidc_idri_nodules,lidc_idri,OK,1,1
1.2.276.0.7230010.3.1.3.0.19705.1553302620.950087,dcmqi / dicom_lidc_idri_nodules,dcmqi,dicom_lidc_idri_nodules,lidc_idri,OK,1,1
1.2.826.0.1.3680043.8.498.11482679975243713037732207406179988038,highdicom / eay131_tumor_annotations,highdicom,eay131_tumor_annotations,eay131,OK,1,1
1.2.826.0.1.3680043.10.511.3.59021174648856526287149268221812251,not identifiable from index / tcga_sbu_til_maps,not identifiable from index,tcga_sbu_til_maps,tcga_blca,OK,1,1
1.3.6.1.4.1.14519.5.2.1.179866441302784766677028439663532559191,dcmqi / (null),dcmqi,(null),mediastinal_lymph_node_seg,OK,1,1
1.3.6.1.4.1.14519.5.2.1.7695.1700.132485299865495153243077014933,not identifiable from index / (null),not identifiable from index,(null),ispy1,OK,1,1
1.3.6.1.4.1.14519.5.2.1.303983797986799127110197380920824324071,dcmqi / (null),dcmqi,(null),mediastinal_lymph_node_seg,OK,1,1
1.3.6.1.4.1.14519.5.2.1.149064946927649307928302782797180973339,dcmqi / (null),dcmqi,(null),mediastinal_lymph_node_seg,OK,1,1
1.3.6.1.4.1.14519.5.2.1.83184419357430429511072280524425365826,dcmqi / (null),dcmqi,(null),mediastinal_lymph_node_seg,OK,1,1
1.3.6.1.4.1.14519.5.2.1.333293206448709942675827299033807188384,dcmqi / (null),dcmqi,(null),mediastinal_lymph_node_seg,OK,1,1
1.3.6.1.4.1.14519.5.2.1.7695.1700.868255140387802683807207805075,not identifiable from index / (null),not identifiable from index,(null),ispy1,OK,1,1
1.3.6.1.4.1.14519.5.2.1.30451682501463768202592741067085527026,pydicom-seg / (null),pydicom-seg,(null),rider_lung_ct,OK,1,1
1.3.6.1.4.1.14519.5.2.1.325204418344433548886623063980115060141,pydicom-seg / (null),pydicom-seg,(null),rider_lung_ct,OK,1,1
1.3.6.1.4.1.14519.5.2.1.96605436859471555474100333821692746523,pydicom-seg / (null),pydicom-seg,(null),rider_lung_ct,OK,1,1
1.3.6.1.4.1.14519.5.2.1.191411966957701362764140257338947388222,pydicom-seg / (null),pydicom-seg,(null),rider_lung_ct,OK,1,1
1.3.6.1.4.1.14519.5.2.1.314323492551430814512933034519529135822,pydicom-seg / (null),pydicom-seg,(null),rider_lung_ct,OK,1,1
1.3.6.1.4.1.14519.5.2.1.319649486041018845030847891381335720781,pydicom-seg / (null),pydicom-seg,(null),rider_lung_ct,OK,1,1
1.3.6.1.4.1.14519.5.2.1.4334.1501.850271654720304148983936668666,QIICR Reporting via 3D Slicer / (null),QIICR Reporting via 3D Slicer,(null),nsclc_radiogenomics,OK,1,1
1.2.826.0.1.3680043.8.498.10300978706744684348415219573275354564,highdicom / eay131_tumor_annotations,highdicom,eay131_tumor_annotations,eay131,OK,1,1
1.2.826.0.1.3680043.8.498.11163701925288400764289191782048759813,highdicom / eay131_tumor_annotations,highdicom,eay131_tumor_annotations,eay131,OK,1,1
1.2.826.0.1.3680043.8.498.10082504238208419270366288685690716640,highdicom / eay131_tumor_annotations,highdicom,eay131_tumor_annotations,eay131,OK,1,1
1.2.276.0.7230010.3.1.3.17436516.2131088.1720639856.366775,dcmqi / bamf_aimi_annotations,dcmqi,bamf_aimi_annotations,acrin_nsclc_fdg_pet,OK,1,1
1.3.6.1.4.1.14519.5.2.1.235193918221144498922420218371494249657,dcmqi / (null),dcmqi,(null),duke_breast_cancer_mri,OK,1,1
1.3.6.1.4.1.14519.5.2.1.339223146880143647409859094365038798950,dcmqi / (null),dcmqi,(null),duke_breast_cancer_mri,OK,1,1
1.2.276.0.7230010.3.1.3.17436516.886278.1691079474.886640,dcmqi / bamf_aimi_annotations,dcmqi,bamf_aimi_annotations,prostatex,OK,1,1
1.3.6.1.4.1.14519.5.2.1.41472967761214272936108599242278455152,dcmqi / (null),dcmqi,(null),duke_breast_cancer_mri,OK,1,1
1.3.6.1.4.1.14519.5.2.1.76649721495927698501631592201069907144,dcmqi / (null),dcmqi,(null),duke_breast_cancer_mri,OK,1,1
1.3.6.1.4.1.14519.5.2.1.301117737101406075079682080888469772653,dcmqi / (null),dcmqi,(null),duke_breast_cancer_mri,OK,1,1
1.3.6.1.4.1.14519.5.2.1.153964117909073537214671565422880395239,dcmqi / (null),dcmqi,(null),duke_breast_cancer_mri,OK,1,1
1.3.6.1.4.1.14519.5.2.1.212753531422459260778888501265625696961,dcmqi / (null),dcmqi,(null),duke_breast_cancer_mri,OK,1,1
1.3.6.1.4.1.14519.5.2.1.47335273764825110557090955729054471348,dcmqi / (null),dcmqi,(null),duke_breast_cancer_mri,OK,1,1
1.3.6.1.4.1.14519.5.2.1.233866725786854336570989024814410993876,dcmqi / (null),dcmqi,(null),duke_breast_cancer_mri,OK,1,1
1.3.6.1.4.1.14519.5.2.1.329597938095410751468938494355625058318,dcmqi / (null),dcmqi,(null),duke_breast_cancer_mri,OK,1,1
1.3.6.1.4.1.14519.5.2.1.26126670354903000461756188017411531662,dcmqi / (null),dcmqi,(null),duke_breast_cancer_mri,OK,1,1
1.3.6.1.4.1.14519.5.2.1.288822112253021049201124328522873410902,dcmqi / (null),dcmqi,(null),duke_breast_cancer_mri,OK,1,1
1.3.6.1.4.1.14519.5.2.1.247880437608839260696081957799607950794,dcmqi / (null),dcmqi,(null),duke_breast_cancer_mri,OK,1,1
1.3.6.1.4.1.14519.5.2.1.228072738669277429962285037569973284440,dcmqi / (null),dcmqi,(null),duke_breast_cancer_mri,OK,1,1
1.3.6.1.4.1.14519.5.2.1.28262514539524387146348342288184611840,dcmqi / (null),dcmqi,(null),duke_breast_cancer_mri,OK,1,1
1.3.6.1.4.1.14519.5.2.1.261916123080110682858649978633836588611,dcmqi / (null),dcmqi,(null),duke_breast_cancer_mri,OK,1,1
1.3.6.1.4.1.14519.5.2.1.279285434093657606820857621436991764256,dcmqi / (null),dcmqi,(null),duke_breast_cancer_mri,OK,1,1
1.2.826.0.1.3680043.10.511.3.34306271295757910458266436631748166,not identifiable from index / tcga_sbu_til_maps,not identifiable from index,tcga_sbu_til_maps,tcga_skcm,OK,1,1
1.2.276.0.7230010.3.1.3.1231426215.1056.1345550854.204,not identifiable from index / qiba_volct_1b,not identifiable from index,qiba_volct_1b,rider_lung_ct,OK,1,1
1.2.826.0.1.3680043.8.498.70129995755987027765816206789288445138,highdicom / eay131_tumor_annotations,highdicom,eay131_tumor_annotations,eay131,OK,1,1
1.2.826.0.1.3680043.10.511.3.6477271750480557795005454432671544,not identifiable from index / tcga_sbu_til_maps,not identifiable from index,tcga_sbu_til_maps,tcga_lihc,OK,1,1
1.2.826.0.1.3680043.8.498.75722823402529124380372366077453305256,highdicom / eay131_tumor_annotations,highdicom,eay131_tumor_annotations,eay131,OK,1,1
1.2.826.0.1.3680043.8.498.15928051187719153139823308135262608475,highdicom / eay131_tumor_annotations,highdicom,eay131_tumor_annotations,eay131,OK,1,1
1.3.6.1.4.1.14519.5.2.1.135451081317324097240974089491418172888,highdicom / (null),highdicom,(null),psma_pet_ct_lesions,OK,1,1
1.2.826.0.1.3680043.10.511.3.96317334174631624103159909062400070,not identifiable from index / tcga_sbu_til_maps,not identifiable from index,tcga_sbu_til_maps,tcga_thym,OK,1,1
1.2.826.0.1.3680043.8.498.12165536569968312843711944945237966875,highdicom / eay131_tumor_annotations,highdicom,eay131_tumor_annotations,eay131,OK,1,1
1.2.826.0.1.3680043.10.511.3.11591411954195876428573060407897060,not identifiable from index / tcga_sbu_til_maps,not identifiable from index,tcga_sbu_til_maps,tcga_luad,OK,1,1
1.2.826.0.1.3680043.8.498.74986753036497030786902963230494357803,highdicom / eay131_tumor_annotations,highdicom,eay131_tumor_annotations,eay131,OK,1,1
1.2.826.0.1.3680043.8.498.50717841538468416542737023322477036262,highdicom / eay131_tumor_annotations,highdicom,eay131_tumor_annotations,eay131,OK,1,1
1.2.826.0.1.3680043.10.511.3.86493393157165280739258917934937897,not identifiable from index / tcga_sbu_til_maps,not identifiable from index,tcga_sbu_til_maps,tcga_brca,OK,1,1
1.2.276.0.7230010.3.1.3.1031255639.1360.1345985956.119,not identifiable from index / qiba_volct_1b,not identifiable from index,qiba_volct_1b,rider_pilot,OK,1,1
1.2.826.0.1.3680043.10.511.3.41593444430534277742979963363959446,not identifiable from index / tcga_sbu_til_maps,not identifiable from index,tcga_sbu_til_maps,tcga_luad,OK,1,1
1.2.826.0.1.3680043.10.511.3.56630289664119395792879850197075504,not identifiable from index / tcga_sbu_til_maps,not identifiable from index,tcga_sbu_til_maps,tcga_lusc,OK,1,1
1.2.276.0.7230010.3.1.3.17436516.2166415.1720640436.410435,dcmqi / bamf_aimi_annotations,dcmqi,bamf_aimi_annotations,acrin_nsclc_fdg_pet,OK,1,1
1.2.826.0.1.3680043.8.498.69030095424211440781646487056271307348,highdicom / eay131_tumor_annotations,highdicom,eay131_tumor_annotations,eay131,OK,1,1
1.2.826.0.1.3680043.8.498.56941019236089035972649833626324456618,highdicom / eay131_tumor_annotations,highdicom,eay131_tumor_annotations,eay131,OK,1,1
1.2.826.0.1.3680043.10.511.3.19342200763313451383901654090661165,not identifiable from index / tcga_sbu_til_maps,not identifiable from index,tcga_sbu_til_maps,tcga_brca,OK,1,1
1.2.276.0.7230010.3.1.3.17436516.757801.1722971678.230590,dcmqi / bamf_aimi_annotations,dcmqi,bamf_aimi_annotations,upenn_gbm,OK,1,1
1.2.276.0.7230010.3.1.3.296485376.151.1698114276.333745,dcmqi / bamf_aimi_annotations,dcmqi,bamf_aimi_annotations,prostate_mri_us_biopsy,OK,1,1
1.2.276.0.7230010.3.1.3.296485376.151.1698108301.721313,dcmqi / bamf_aimi_annotations,dcmqi,bamf_aimi_annotations,prostate_mri_us_biopsy,OK,1,1
1.2.276.0.7230010.3.1.3.296485376.151.1698107929.388747,dcmqi / bamf_aimi_annotations,dcmqi,bamf_aimi_annotations,prostate_mri_us_biopsy,OK,1,1
1.2.276.0.7230010.3.1.3.296485376.151.1698095081.853421,dcmqi / bamf_aimi_annotations,dcmqi,bamf_aimi_annotations,prostate_mri_us_biopsy,OK,1,1
1.2.276.0.7230010.3.1.3.17436516.3926658.1714918243.475396,dcmqi / bamf_aimi_annotations,dcmqi,bamf_aimi_annotations,prostate_mri_us_biopsy,OK,1,1
1.2.826.0.1.3680043.8.498.94287276238077134418299939644682329254,highdicom / eay131_tumor_annotations,highdicom,eay131_tumor_annotations,eay131,OK,1,1
1.2.826.0.1.3680043.8.498.12699799599196080169789104659545934179,highdicom / eay131_tumor_annotations,highdicom,eay131_tumor_annotations,eay131,OK,1,1
1.3.6.1.4.1.14519.5.2.1.112036668220569029362745365570971415440,highdicom / (null),highdicom,(null),psma_pet_ct_lesions,OK,1,1
1.2.826.0.1.3680043.10.511.3.24832935894561769483529060427109505,not identifiable from index / tcga_sbu_til_maps,not identifiable from index,tcga_sbu_til_maps,tcga_coad,OK,1,1
1.2.826.0.1.3680043.10.511.3.40510596169338662635640208794983314,not identifiable from index / tcga_sbu_til_maps,not identifiable from index,tcga_sbu_til_maps,tcga_brca,OK,1,1
1.2.826.0.1.3680043.10.511.3.38669797863722503020375474451243731,not identifiable from index / tcga_sbu_til_maps,not identifiable from index,tcga_sbu_til_maps,tcga_acc,OK,1,1
1.2.826.0.1.3680043.8.498.63273044836650353674330325119167213196,highdicom / eay131_tumor_annotations,highdicom,eay131_tumor_annotations,eay131,OK,1,1
1.2.826.0.1.3680043.8.498.43433652228046895812874809280289481088,highdicom / eay131_tumor_annotations,highdicom,eay131_tumor_annotations,eay131,OK,1,1
1.2.826.0.1.3680043.8.498.10730494222822147113964548061924583686,highdicom / eay131_tumor_annotations,highdicom,eay131_tumor_annotations,eay131,OK,1,1
1.2.826.0.1.3680043.10.511.3.85588614824336696234483669413125427,not identifiable from index / tcga_sbu_til_maps,not identifiable from index,tcga_sbu_til_maps,tcga_hnsc,OK,1,1
1.3.6.1.4.1.14519.5.2.1.338006000544265458092241395761338215214,highdicom / (null),highdicom,(null),psma_pet_ct_lesions,OK,1,1
1.2.276.0.7230010.3.1.3.17436516.2957404.1720649479.543233,dcmqi / bamf_aimi_annotations,dcmqi,bamf_aimi_annotations,nsclc_radiogenomics,OK,1,1
1.2.276.0.7230010.3.1.3.1231426215.2400.1345736435.544,not identifiable from index / qiba_volct_1b,not identifiable from index,qiba_volct_1b,rider_lung_ct,OK,1,1
1.2.276.0.7230010.3.1.3.4148549909.2324.1344864090.289,not identifiable from index / qiba_volct_1b,not identifiable from index,qiba_volct_1b,rider_lung_ct,OK,1,1
1.2.826.0.1.3680043.8.498.40297185231324435064047889206430234458,highdicom / eay131_tumor_annotations,highdicom,eay131_tumor_annotations,eay131,OK,1,1
1.2.276.0.7230010.3.1.3.17436516.2185270.1720640792.353221,dcmqi / bamf_aimi_annotations,dcmqi,bamf_aimi_annotations,acrin_nsclc_fdg_pet,OK,1,1
1.2.826.0.1.3680043.10.511.3.25638131543395547676295896119385998,not identifiable from index / tcga_sbu_til_maps,not identifiable from index,tcga_sbu_til_maps,tcga_sarc,OK,1,1
1.2.826.0.1.3680043.8.498.29141720569590568856498917173859852278,highdicom / eay131_tumor_annotations,highdicom,eay131_tumor_annotations,eay131,OK,1,1
1.2.826.0.1.3680043.10.511.3.56520886821276358195302165737239850,not identifiable from index / tcga_sbu_til_maps,not identifiable from index,tcga_sbu_til_maps,tcga_thym,OK,1,1
1.2.826.0.1.3680043.8.498.15989481558143132932276013825630807345,highdicom / eay131_tumor_annotations,highdicom,eay131_tumor_annotations,eay131,OK,1,1
1.2.826.0.1.3680043.10.511.3.78328057388802204123611666309380673,not identifiable from index / tcga_sbu_til_maps,not identifiable from index,tcga_sbu_til_maps,tcga_cesc,OK,1,1
1.2.826.0.1.3680043.8.498.62912346536500689565973347730097222204,highdicom / eay131_tumor_annotations,highdicom,eay131_tumor_annotations,eay131,OK,1,1
1.2.826.0.1.3680043.8.498.52060009505175935692968999122731357161,highdicom / eay131_tumor_annotations,highdicom,eay131_tumor_annotations,eay131,OK,1,1
1.2.276.0.7230010.3.1.3.17436516.2714329.1720647852.820057,dcmqi / bamf_aimi_annotations,dcmqi,bamf_aimi_annotations,nsclc_radiogenomics,OK,1,1
1.2.276.0.7230010.3.1.3.1231426215.1108.1345549816.459,not identifiable from index / qiba_volct_1b,not identifiable from index,qiba_volct_1b,rider_lung_ct,OK,1,1
1.2.826.0.1.3680043.8.498.16970560416398526980692145185486433968,highdicom / eay131_tumor_annotations,highdicom,eay131_tumor_annotations,eay131,OK,1,1
1.2.826.0.1.3680043.8.498.48772379690350875355902164113950838550,highdicom / eay131_tumor_annotations,highdicom,eay131_tumor_annotations,eay131,OK,1,1
1.2.826.0.1.3680043.8.498.63070318498097926611241773419955785217,highdicom / eay131_tumor_annotations,highdicom,eay131_tumor_annotations,eay131,OK,1,1
1.2.826.0.1.3680043.8.498.87122252888436168809267085201699204106,highdicom / eay131_tumor_annotations,highdicom,eay131_tumor_annotations,eay131,OK,1,1
1.2.276.0.7230010.3.1.3.1031255639.2200.1345988515.204,not identifiable from index / qiba_volct_1b,not identifiable from index,qiba_volct_1b,rider_lung_ct,OK,1,1
1.2.276.0.7230010.3.1.3.1231426215.2484.1345555845.289,not identifiable from index / qiba_volct_1b,not identifiable from index,qiba_volct_1b,rider_lung_ct,OK,1,1
1.2.276.0.7230010.3.1.3.309938702.2016.1345115305.241,not identifiable from index / qiba_volct_1b,not identifiable from index,qiba_volct_1b,rider_lung_ct,OK,1,1
1.2.826.0.1.3680043.8.498.96669159181096755977670323950779080577,highdicom / eay131_tumor_annotations,highdicom,eay131_tumor_annotations,eay131,OK,1,1
1.2.826.0.1.3680043.8.498.22325784905212722739321886636513151597,highdicom / eay131_tumor_annotations,highdicom,eay131_tumor_annotations,eay131,OK,1,1
1.3.6.1.4.1.14519.5.2.1.85033656070314896230833909827359797381,highdicom / (null),highdicom,(null),psma_pet_ct_lesions,OK,1,1
1.2.826.0.1.3680043.10.511.3.46165497227093537624329725776348293,not identifiable from index / tcga_sbu_til_maps,not identifiable from index,tcga_sbu_til_maps,tcga_ucec,OK,1,1
1.2.276.0.7230010.3.1.3.1231426215.1972.1345562251.197,not identifiable from index / qiba_volct_1b,not identifiable from index,qiba_volct_1b,rider_lung_ct,OK,1,1
1.3.6.1.4.1.14519.5.2.1.7695.4164.256218448142507189772667050324,not identifiable from index / (null),not identifiable from index,(null),acrin_6698,OK,1,1
1.3.6.1.4.1.14519.5.2.1.7695.4164.132289774157858095921656579401,not identifiable from index / (null),not identifiable from index,(null),acrin_6698,OK,1,1
1.2.826.0.1.3680043.8.498.69316358836159735231726047829533228004,highdicom / eay131_tumor_annotations,highdicom,eay131_tumor_annotations,eay131,OK,1,1
1.2.276.0.7230010.3.1.3.17436516.2105092.1720639451.838256,dcmqi / bamf_aimi_annotations,dcmqi,bamf_aimi_annotations,acrin_nsclc_fdg_pet,OK,1,1
1.2.276.0.7230010.3.1.3.17436516.268332.1696966578.342577,dcmqi / bamf_aimi_annotations,dcmqi,bamf_aimi_annotations,qin_breast,OK,1,1
1.2.826.0.1.3680043.8.498.13338481475027853912967558247184781169,highdicom / eay131_tumor_annotations,highdicom,eay131_tumor_annotations,eay131,OK,1,1
1.2.826.0.1.3680043.10.511.3.67013059116538810666333905648317266,not identifiable from index / tcga_sbu_til_maps,not identifiable from index,tcga_sbu_til_maps,tcga_paad,OK,1,1
1.2.276.0.7230010.3.1.3.309938702.2016.1345115164.156,not identifiable from index / qiba_volct_1b,not identifiable from index,qiba_volct_1b,rider_lung_ct,OK,1,1
1.2.826.0.1.3680043.8.498.33085824940831137380989891130214849245,highdicom / eay131_tumor_annotations,highdicom,eay131_tumor_annotations,eay131,OK,1,1
1.2.826.0.1.3680043.10.511.3.36202290593830170661630313015483445,not identifiable from index / tcga_sbu_til_maps,not identifiable from index,tcga_sbu_til_maps,tcga_blca,OK,1,1
1.2.276.0.7230010.3.1.3.17436516.906467.1691079616.455314,dcmqi / bamf_aimi_annotations,dcmqi,bamf_aimi_annotations,prostatex,OK,1,1
1.2.276.0.7230010.3.1.3.17436516.907466.1691079622.243427,dcmqi / bamf_aimi_annotations,dcmqi,bamf_aimi_annotations,prostatex,OK,1,1
1.2.276.0.7230010.3.1.3.17436516.888967.1691079493.569648,dcmqi / bamf_aimi_annotations,dcmqi,bamf_aimi_annotations,prostatex,OK,1,1
1.2.276.0.7230010.3.1.3.17436516.885324.1691079468.970904,dcmqi / bamf_aimi_annotations,dcmqi,bamf_aimi_annotations,prostatex,OK,1,1
1.2.276.0.7230010.3.1.3.17436516.879217.1691079428.317874,dcmqi / bamf_aimi_annotations,dcmqi,bamf_aimi_annotations,prostatex,OK,1,1
1.2.826.0.1.3680043.8.498.91656818684362483174656963969581150088,highdicom / eay131_tumor_annotations,highdicom,eay131_tumor_annotations,eay131,OK,1,1
1.2.826.0.1.3680043.10.511.3.68919847116440695123249292787181143,not identifiable from index / tcga_sbu_til_maps,not identifiable from index,tcga_sbu_til_maps,tcga_kirc,OK,1,1
1.2.826.0.1.3680043.8.498.12311558364014439565416572106881562415,highdicom / eay131_tumor_annotations,highdicom,eay131_tumor_annotations,eay131,OK,1,1
1.2.826.0.1.3680043.10.511.3.64727741689728338103024652077864754,not identifiable from index / tcga_sbu_til_maps,not identifiable from index,tcga_sbu_til_maps,tcga_blca,OK,1,1
1.2.276.0.7230010.3.1.3.481037312.517504.1761257859.692389,dcmqi / nlstseg,dcmqi,nlstseg,nlst,OK,1,1
1.2.276.0.7230010.3.1.3.296485376.151.1698112077.924691,dcmqi / bamf_aimi_annotations,dcmqi,bamf_aimi_annotations,prostate_mri_us_biopsy,OK,1,1
1.2.276.0.7230010.3.1.3.17436516.2955125.1720649449.402478,dcmqi / bamf_aimi_annotations,dcmqi,bamf_aimi_annotations,nsclc_radiogenomics,OK,1,1
1.2.276.0.7230010.3.1.3.296485376.151.1698106944.67415,dcmqi / bamf_aimi_annotations,dcmqi,bamf_aimi_annotations,prostate_mri_us_biopsy,OK,1,1
1.2.276.0.7230010.3.1.3.296485376.151.1698107213.973882,dcmqi / bamf_aimi_annotations,dcmqi,bamf_aimi_annotations,prostate_mri_us_biopsy,OK,1,1
1.3.6.1.4.1.14519.5.2.1.298183878158119919115838109709415526394,highdicom / (null),highdicom,(null),psma_pet_ct_lesions,OK,1,1
1.3.6.1.4.1.14519.5.2.1.15385664647493759511683106504365717145,highdicom / (null),highdicom,(null),psma_pet_ct_lesions,OK,1,1
1.2.826.0.1.3680043.10.511.3.39728925974905965521296889969367208,not identifiable from index / tcga_sbu_til_maps,not identifiable from index,tcga_sbu_til_maps,tcga_brca,OK,1,1
1.3.6.1.4.1.14519.5.2.1.167144891856868702698303575753851811533,highdicom / (null),highdicom,(null),psma_pet_ct_lesions,OK,1,1
1.3.6.1.4.1.14519.5.2.1.2535033952401510922883117102818042919,highdicom / (null),highdicom,(null),psma_pet_ct_lesions,OK,1,1
1.3.6.1.4.1.14519.5.2.1.152842355704993092468893860726599903070,highdicom / (null),highdicom,(null),psma_pet_ct_lesions,OK,1,1
1.2.276.0.7230010.3.1.3.3496549722.3396.1316111080.632,not identifiable from index / (null),not identifiable from index,(null),qiba_ct_1c,OK,1,1
1.2.826.0.1.3680043.8.498.12396424544203389244647977397718117540,highdicom / eay131_tumor_annotations,highdicom,eay131_tumor_annotations,eay131,OK,1,1
1.2.276.0.7230010.3.1.3.17436516.2324571.1693014401.301231,dcmqi / bamf_aimi_annotations,dcmqi,bamf_aimi_annotations,tcga_kirc,OK,1,1
1.2.276.0.7230010.3.1.3.481037312.368876.1761251747.428888,dcmqi / nlstseg,dcmqi,nlstseg,nlst,OK,1,1
1.2.276.0.7230010.3.1.3.481037312.125374.1761243448.604143,dcmqi / nlstseg,dcmqi,nlstseg,nlst,OK,1,1
1.2.276.0.7230010.3.1.3.481037312.220531.1761246649.844320,dcmqi / nlstseg,dcmqi,nlstseg,nlst,OK,1,1
1.2.276.0.7230010.3.1.3.481037312.360960.1761251477.637507,dcmqi / nlstseg,dcmqi,nlstseg,nlst,OK,1,1
1.2.276.0.7230010.3.1.3.481037312.367884.1761251712.456287,dcmqi / nlstseg,dcmqi,nlstseg,nlst,OK,1,1
1.2.276.0.7230010.3.1.3.481037312.64328.1761241448.683917,dcmqi / nlstseg,dcmqi,nlstseg,nlst,OK,1,1
1.2.276.0.7230010.3.1.3.481037312.366873.1761251675.68387,dcmqi / nlstseg,dcmqi,nlstseg,nlst,OK,1,1
1.2.276.0.7230010.3.1.3.481037312.10206.1761239712.35663,dcmqi / nlstseg,dcmqi,nlstseg,nlst,OK,1,1
1.2.276.0.7230010.3.1.3.481037312.197676.1761245869.525555,dcmqi / nlstseg,dcmqi,nlstseg,nlst,OK,1,1
1.2.276.0.7230010.3.1.3.481037312.337205.1761250681.287233,dcmqi / nlstseg,dcmqi,nlstseg,nlst,OK,1,1
1.2.276.0.7230010.3.1.3.481037312.22988.1761240113.336866,dcmqi / nlstseg,dcmqi,nlstseg,nlst,OK,1,1
1.2.276.0.7230010.3.1.3.481037312.47429.1761240874.297825,dcmqi / nlstseg,dcmqi,nlstseg,nlst,OK,1,1
1.2.276.0.7230010.3.1.3.481037312.135356.1761243803.842278,dcmqi / nlstseg,dcmqi,nlstseg,nlst,OK,1,1
1.2.276.0.7230010.3.1.3.481037312.293539.1761249170.716103,dcmqi / nlstseg,dcmqi,nlstseg,nlst,OK,1,1
1.2.276.0.7230010.3.1.3.481037312.163016.1761244714.678614,dcmqi / nlstseg,dcmqi,nlstseg,nlst,OK,1,1
1.2.276.0.7230010.3.1.3.481037312.563354.1761259887.812829,dcmqi / nlstseg,dcmqi,nlstseg,nlst,OK,1,1
1.2.276.0.7230010.3.1.3.481037312.18082.1761239958.549766,dcmqi / nlstseg,dcmqi,nlstseg,nlst,OK,1,1
1.2.276.0.7230010.3.1.3.481037312.28800.1761240284.48185,dcmqi / nlstseg,dcmqi,nlstseg,nlst,OK,1,1
1.2.276.0.7230010.3.1.3.481037312.82086.1761242037.207915,dcmqi / nlstseg,dcmqi,nlstseg,nlst,OK,1,1
1.2.276.0.7230010.3.1.3.481037312.84021.1761242096.71812,dcmqi / nlstseg,dcmqi,nlstseg,nlst,OK,1,1
1.2.276.0.7230010.3.1.3.481037312.70158.1761241630.817371,dcmqi / nlstseg,dcmqi,nlstseg,nlst,OK,1,1
1.2.276.0.7230010.3.1.3.481037312.302573.1761249498.699980,dcmqi / nlstseg,dcmqi,nlstseg,nlst,OK,1,1
1.2.276.0.7230010.3.1.3.481037312.476401.1761256139.949243,dcmqi / nlstseg,dcmqi,nlstseg,nlst,OK,1,1
1.2.276.0.7230010.3.1.3.481037312.264203.1761248151.233783,dcmqi / nlstseg,dcmqi,nlstseg,nlst,OK,1,1
1.2.276.0.7230010.3.1.3.481037312.298505.1761249350.322808,dcmqi / nlstseg,dcmqi,nlstseg,nlst,OK,1,1
1.2.826.0.1.3680043.8.498.68722207492733004581420826752698670549,highdicom / eay131_tumor_annotations,highdicom,eay131_tumor_annotations,eay131,OK,1,1
1.2.276.0.7230010.3.1.3.481037312.566380.1761260001.593106,dcmqi / nlstseg,dcmqi,nlstseg,nlst,OK,1,1
1.2.276.0.7230010.3.1.3.481037312.496773.1761256960.738939,dcmqi / nlstseg,dcmqi,nlstseg,nlst,OK,1,1
1.2.276.0.7230010.3.1.3.0.53504.1553339016.267521,dcmqi / dicom_lidc_idri_nodules,dcmqi,dicom_lidc_idri_nodules,lidc_idri,OK,1,1
1.2.276.0.7230010.3.1.3.481037312.486627.1761256552.324519,dcmqi / nlstseg,dcmqi,nlstseg,nlst,OK,1,1
1.2.276.0.7230010.3.1.3.481037312.604419.1761261582.245773,dcmqi / nlstseg,dcmqi,nlstseg,nlst,OK,1,1
1.2.276.0.7230010.3.1.3.0.2043.1553286709.528886,dcmqi / dicom_lidc_idri_nodules,dcmqi,dicom_lidc_idri_nodules,lidc_idri,OK,1,1
1.2.276.0.7230010.3.1.3.0.57923.1553343968.944207,dcmqi / dicom_lidc_idri_nodules,dcmqi,dicom_lidc_idri_nodules,lidc_idri,OK,1,1
1.2.276.0.7230010.3.1.3.481037312.470355.1761255902.971530,dcmqi / nlstseg,dcmqi,nlstseg,nlst,OK,1,1
1.2.276.0.7230010.3.1.3.0.39517.1553323729.610639,dcmqi / dicom_lidc_idri_nodules,dcmqi,dicom_lidc_idri_nodules,lidc_idri,OK,1,1
1.2.276.0.7230010.3.1.3.0.38855.1553322972.165168,dcmqi / dicom_lidc_idri_nodules,dcmqi,dicom_lidc_idri_nodules,lidc_idri,OK,1,1
1.2.276.0.7230010.3.1.3.0.64757.1553351441.472501,dcmqi / dicom_lidc_idri_nodules,dcmqi,dicom_lidc_idri_nodules,lidc_idri,OK,1,1
1.2.276.0.7230010.3.1.3.0.41529.1553325961.62743,dcmqi / dicom_lidc_idri_nodules,dcmqi,dicom_lidc_idri_nodules,lidc_idri,OK,1,1
1.2.276.0.7230010.3.1.3.0.53044.1553338582.384875,dcmqi / dicom_lidc_idri_nodules,dcmqi,dicom_lidc_idri_nodules,lidc_idri,OK,1,1
1.2.276.0.7230010.3.1.3.0.63375.1553349962.991523,dcmqi / dicom_lidc_idri_nodules,dcmqi,dicom_lidc_idri_nodules,lidc_idri,OK,1,1
1.2.276.0.7230010.3.1.3.481037312.396381.1761252835.834539,dcmqi / nlstseg,dcmqi,nlstseg,nlst,OK,1,1
1.2.276.0.7230010.3.1.3.481037312.456024.1761255337.214468,dcmqi / nlstseg,dcmqi,nlstseg,nlst,OK,1,1
1.2.276.0.7230010.3.1.3.0.2449.1553286986.724840,dcmqi / dicom_lidc_idri_nodules,dcmqi,dicom_lidc_idri_nodules,lidc_idri,OK,1,1
1.2.276.0.7230010.3.1.3.0.6793.1553290921.320179,dcmqi / dicom_lidc_idri_nodules,dcmqi,dicom_lidc_idri_nodules,lidc_idri,OK,1,1
1.2.276.0.7230010.3.1.3.0.13593.1553296414.63567,dcmqi / dicom_lidc_idri_nodules,dcmqi,dicom_lidc_idri_nodules,lidc_idri,OK,1,1
1.2.276.0.7230010.3.1.3.0.4283.1553288667.452721,dcmqi / dicom_lidc_idri_nodules,dcmqi,dicom_lidc_idri_nodules,lidc_idri,OK,1,1
1.2.276.0.7230010.3.1.3.481037312.589101.1761260960.163881,dcmqi / nlstseg,dcmqi,nlstseg,nlst,OK,1,1
1.2.276.0.7230010.3.1.3.0.27339.1553310633.421141,dcmqi / dicom_lidc_idri_nodules,dcmqi,dicom_lidc_idri_nodules,lidc_idri,OK,1,1
1.2.276.0.7230010.3.1.3.0.19025.1553301926.27427,dcmqi / dicom_lidc_idri_nodules,dcmqi,dicom_lidc_idri_nodules,lidc_idri,OK,1,1
1.2.276.0.7230010.3.1.3.0.47279.1553332275.264702,dcmqi / dicom_lidc_idri_nodules,dcmqi,dicom_lidc_idri_nodules,lidc_idri,OK,1,1
1.2.276.0.7230010.3.1.3.0.15890.1553298619.11228,dcmqi / dicom_lidc_idri_nodules,dcmqi,dicom_lidc_idri_nodules,lidc_idri,OK,1,1
1.2.276.0.7230010.3.1.3.0.29304.1553312796.932041,dcmqi / dicom_lidc_idri_nodules,dcmqi,dicom_lidc_idri_nodules,lidc_idri,OK,1,1
1.2.276.0.7230010.3.1.3.0.31428.1553315124.326123,dcmqi / dicom_lidc_idri_nodules,dcmqi,dicom_lidc_idri_nodules,lidc_idri,OK,1,1
1.2.276.0.7230010.3.1.3.0.14694.1553297509.629941,dcmqi / dicom_lidc_idri_nodules,dcmqi,dicom_lidc_idri_nodules,lidc_idri,OK,1,1
1.2.276.0.7230010.3.1.3.481037312.282437.1761248772.161318,dcmqi / nlstseg,dcmqi,nlstseg,nlst,OK,1,1
1.3.6.1.4.1.14519.5.2.1.323270369129605991899400644955038805842,dcmqi / (null),dcmqi,(null),mediastinal_lymph_node_seg,OK,1,1
1.3.6.1.4.1.14519.5.2.1.294835918353311918828811050411246600950,dcmqi / (null),dcmqi,(null),mediastinal_lymph_node_seg,OK,1,1
1.3.6.1.4.1.14519.5.2.1.299287545563447431297212546195517156906,pydicom-seg / (null),pydicom-seg,(null),rider_lung_ct,OK,1,1
1.3.6.1.4.1.14519.5.2.1.97689200044586081952862240730396190224,pydicom-seg / (null),pydicom-seg,(null),rider_lung_ct,OK,1,1
1.2.276.0.7230010.3.1.3.1565948079.3044.1345142285.72,not identifiable from index / qiba_volct_1b,not identifiable from index,qiba_volct_1b,rider_lung_ct,OK,1,1
1.2.826.0.1.3680043.10.511.3.63382518950364290192927553776484600,not identifiable from index / tcga_sbu_til_maps,not identifiable from index,tcga_sbu_til_maps,tcga_coad,OK,1,1
1.2.826.0.1.3680043.10.511.3.82580222996866932308255836274637267,not identifiable from index / tcga_sbu_til_maps,not identifiable from index,tcga_sbu_til_maps,tcga_coad,OK,1,1
1.2.276.0.7230010.3.1.3.4148549909.2324.1344864090.282,not identifiable from index / qiba_volct_1b,not identifiable from index,qiba_volct_1b,rider_lung_ct,OK,1,1
1.2.276.0.7230010.3.1.3.17436516.2841010.1720648635.774702,dcmqi / bamf_aimi_annotations,dcmqi,bamf_aimi_annotations,nsclc_radiogenomics,OK,1,1
1.2.826.0.1.3680043.10.511.3.17507002599614511983041488511495683,not identifiable from index / tcga_sbu_til_maps,not identifiable from index,tcga_sbu_til_maps,tcga_prad,OK,1,1
1.2.276.0.7230010.3.1.3.3496549722.3320.1316195055.252,not identifiable from index / (null),not identifiable from index,(null),qiba_ct_1c,OK,1,1
1.2.276.0.7230010.3.1.3.1231426215.888.1345738128.289,not identifiable from index / qiba_volct_1b,not identifiable from index,qiba_volct_1b,rider_lung_ct,OK,1,1
1.2.826.0.1.3680043.10.511.3.68399222263599657125100652343378949,not identifiable from index / tcga_sbu_til_maps,not identifiable from index,tcga_sbu_til_maps,tcga_acc,OK,1,1
1.2.826.0.1.3680043.8.498.83431702987895924327662070788864049736,highdicom / eay131_tumor_annotations,highdicom,eay131_tumor_annotations,eay131,OK,1,1
1.3.6.1.4.1.14519.5.2.1.205369053117497715304033584685321627519,highdicom / (null),highdicom,(null),psma_pet_ct_lesions,OK,1,1
1.2.826.0.1.3680043.10.511.3.6487679525299584642764951065053018,not identifiable from index / tcga_sbu_til_maps,not identifiable from index,tcga_sbu_til_maps,tcga_esca,OK,1,1
1.2.276.0.7230010.3.1.3.17436516.647410.1722971075.405730,dcmqi / bamf_aimi_annotations,dcmqi,bamf_aimi_annotations,upenn_gbm,OK,1,1
1.2.276.0.7230010.3.1.3.17436516.279413.1696966605.525978,dcmqi / bamf_aimi_annotations,dcmqi,bamf_aimi_annotations,qin_breast,OK,1,1
1.2.826.0.1.3680043.8.498.88918459940538136189682682576352228971,highdicom / eay131_tumor_annotations,highdicom,eay131_tumor_annotations,eay131,OK,1,1
1.2.276.0.7230010.3.1.3.17436516.749615.1722971635.112257,dcmqi / bamf_aimi_annotations,dcmqi,bamf_aimi_annotations,upenn_gbm,OK,1,1
1.3.6.1.4.1.14519.5.2.1.262026628263276776154770889022244510135,highdicom / (null),highdicom,(null),psma_pet_ct_lesions,OK,1,1
1.3.6.1.4.1.14519.5.2.1.141553087586498926829702752220983906368,highdicom / (null),highdicom,(null),psma_pet_ct_lesions,OK,1,1
1.3.6.1.4.1.14519.5.2.1.1423817620421619537567137599138321619,highdicom / (null),highdicom,(null),psma_pet_ct_lesions,OK,1,1
1.2.276.0.7230010.3.1.3.3426864066.2352.1345226329.204,not identifiable from index / qiba_volct_1b,not identifiable from index,qiba_volct_1b,rider_lung_ct,OK,1,1
1.2.826.0.1.3680043.8.498.12143385404741069991613461184588593580,highdicom / eay131_tumor_annotations,highdicom,eay131_tumor_annotations,eay131,OK,1,1
1.2.276.0.7230010.3.1.3.17436516.270872.1696966585.204092,dcmqi / bamf_aimi_annotations,dcmqi,bamf_aimi_annotations,qin_breast,OK,1,1
1.2.826.0.1.3680043.10.511.3.5965606430930460894376251883260955,not identifiable from index / tcga_sbu_til_maps,not identifiable from index,tcga_sbu_til_maps,tcga_kirc,OK,1,1
1.2.276.0.7230010.3.1.3.1031255639.1400.1345987762.459,not identifiable from index / qiba_volct_1b,not identifiable from index,qiba_volct_1b,rider_lung_ct,OK,1,1
1.2.826.0.1.3680043.10.511.3.37339079123174655958661578087745056,not identifiable from index / tcga_sbu_til_maps,not identifiable from index,tcga_sbu_til_maps,tcga_blca,OK,1,1
1.2.826.0.1.3680043.10.511.3.74850962583418057402874829031232623,not identifiable from index / tcga_sbu_til_maps,not identifiable from index,tcga_sbu_til_maps,tcga_ucec,OK,1,1
1.2.826.0.1.3680043.10.511.3.7953482801910063323855747404116482,not identifiable from index / tcga_sbu_til_maps,not identifiable from index,tcga_sbu_til_maps,tcga_coad,OK,1,1
1.2.276.0.7230010.3.1.3.17436516.2745095.1720648035.45469,dcmqi / bamf_aimi_annotations,dcmqi,bamf_aimi_annotations,nsclc_radiogenomics,OK,1,1
1.2.276.0.7230010.3.1.3.17436516.587095.1722970757.926723,dcmqi / bamf_aimi_annotations,dcmqi,bamf_aimi_annotations,upenn_gbm,OK,1,1
1.2.276.0.7230010.3.1.3.17436516.597492.1722970807.981556,dcmqi / bamf_aimi_annotations,dcmqi,bamf_aimi_annotations,upenn_gbm,OK,1,1
1.3.6.1.4.1.14519.5.2.1.200679380868036664853497430503863814110,highdicom / (null),highdicom,(null),psma_pet_ct_lesions,OK,1,1
1.2.276.0.7230010.3.1.3.17436516.2911043.1720649098.200049,dcmqi / bamf_aimi_annotations,dcmqi,bamf_aimi_annotations,tcga_lusc,OK,1,1
1.2.826.0.1.3680043.8.498.12371904003750606065100727472332292925,highdicom / eay131_tumor_annotations,highdicom,eay131_tumor_annotations,eay131,OK,1,1
1.2.826.0.1.3680043.10.511.3.12839106452852055405227218610228641,not identifiable from index / tcga_sbu_til_maps,not identifiable from index,tcga_sbu_til_maps,tcga_ov,OK,1,1
1.3.6.1.4.1.14519.5.2.1.65023921322528483604523083365165622398,highdicom / (null),highdicom,(null),psma_pet_ct_lesions,OK,1,1
1.3.6.1.4.1.14519.5.2.1.235192628987476319143946147748236686369,highdicom / (null),highdicom,(null),psma_pet_ct_lesions,OK,1,1
1.2.276.0.7230010.3.1.3.17436516.2888050.1720648912.505767,dcmqi / bamf_aimi_annotations,dcmqi,bamf_aimi_annotations,rider_lung_pet_ct,OK,1,1
1.2.276.0.7230010.3.1.3.1031255639.1400.1345987116.119,not identifiable from index / qiba_volct_1b,not identifiable from index,qiba_volct_1b,rider_lung_ct,OK,1,1
1.3.6.1.4.1.14519.5.2.1.157433114155994994979172997752870907402,highdicom / (null),highdicom,(null),psma_pet_ct_lesions,OK,1,1
1.2.826.0.1.3680043.10.511.3.30223094961001918844380539441074708,not identifiable from index / tcga_sbu_til_maps,not identifiable from index,tcga_sbu_til_maps,tcga_brca,OK,1,1
1.2.276.0.7230010.3.1.3.1565948079.3044.1345142285.65,not identifiable from index / qiba_volct_1b,not identifiable from index,qiba_volct_1b,rider_lung_ct,OK,1,1
1.2.276.0.7230010.3.1.3.3426864066.2352.1345226329.197,not identifiable from index / qiba_volct_1b,not identifiable from index,qiba_volct_1b,rider_lung_ct,OK,1,1
1.2.826.0.1.3680043.8.498.73422033684186967716024642902817706514,highdicom / eay131_tumor_annotations,highdicom,eay131_tumor_annotations,eay131,OK,1,1
1.2.826.0.1.3680043.8.498.67805764120246219003758847396618900004,highdicom / eay131_tumor_annotations,highdicom,eay131_tumor_annotations,eay131,OK,1,1
1.2.276.0.7230010.3.1.3.1231426215.1548.1345733446.119,not identifiable from index / qiba_volct_1b,not identifiable from index,qiba_volct_1b,rider_lung_ct,OK,1,1
1.2.826.0.1.3680043.10.511.3.46554341064615248881245922329295047,not identifiable from index / tcga_sbu_til_maps,not identifiable from index,tcga_sbu_til_maps,tcga_brca,OK,1,1
1.2.276.0.7230010.3.1.3.17436516.881770.1691079445.197442,dcmqi / bamf_aimi_annotations,dcmqi,bamf_aimi_annotations,prostatex,OK,1,1
1.2.276.0.7230010.3.1.3.296485376.152.1698097955.198927,dcmqi / bamf_aimi_annotations,dcmqi,bamf_aimi_annotations,prostate_mri_us_biopsy,OK,1,1
1.2.276.0.7230010.3.1.3.296485376.151.1698101577.648915,dcmqi / bamf_aimi_annotations,dcmqi,bamf_aimi_annotations,prostate_mri_us_biopsy,OK,1,1
1.2.276.0.7230010.3.1.3.296485376.151.1698113176.153974,dcmqi / bamf_aimi_annotations,dcmqi,bamf_aimi_annotations,prostate_mri_us_biopsy,OK,1,1
1.2.276.0.7230010.3.1.3.17436516.3947859.1714918276.466748,dcmqi / bamf_aimi_annotations,dcmqi,bamf_aimi_annotations,prostate_mri_us_biopsy,OK,1,1
1.2.826.0.1.3680043.10.511.3.91631684902086921331843644591810831,not identifiable from index / tcga_sbu_til_maps,not identifiable from index,tcga_sbu_til_maps,tcga_sarc,OK,1,1
1.2.826.0.1.3680043.10.511.3.65504976575346479249356440019187995,not identifiable from index / tcga_sbu_til_maps,not identifiable from index,tcga_sbu_til_maps,tcga_lihc,OK,1,1
1.2.276.0.7230010.3.1.3.3496549722.3444.1315591973.559,not identifiable from index / (null),not identifiable from index,(null),qiba_ct_1c,OK,1,1
1.3.6.1.4.1.14519.5.2.1.30840023671150948782146841350473204764,highdicom / (null),highdicom,(null),psma_pet_ct_lesions,OK,1,1
1.2.826.0.1.3680043.8.498.15838292631994229101736923785620224255,highdicom / eay131_tumor_annotations,highdicom,eay131_tumor_annotations,eay131,OK,1,1
1.2.826.0.1.3680043.8.498.38711045906123392541466836434723791750,highdicom / eay131_tumor_annotations,highdicom,eay131_tumor_annotations,eay131,OK,1,1
1.2.826.0.1.3680043.8.498.10173895590238628822584904668448633495,highdicom / eay131_tumor_annotations,highdicom,eay131_tumor_annotations,eay131,OK,1,1
1.2.276.0.7230010.3.1.3.17436516.2826454.1720648521.533225,dcmqi / bamf_aimi_annotations,dcmqi,bamf_aimi_annotations,nsclc_radiogenomics,OK,1,1
1.3.6.1.4.1.14519.5.2.1.247291161002705586574892736360631351617,highdicom / (null),highdicom,(null),psma_pet_ct_lesions,OK,1,1
1.2.276.0.7230010.3.1.3.4148549909.2120.1344861903.544,not identifiable from index / qiba_volct_1b,not identifiable from index,qiba_volct_1b,rider_lung_ct,OK,1,1
1.2.826.0.1.3680043.10.511.3.18520114154098111818085249833818915,not identifiable from index / tcga_sbu_til_maps,not identifiable from index,tcga_sbu_til_maps,tcga_ucec,OK,1,1
1.2.826.0.1.3680043.10.511.3.35473013962495587905210856524829900,not identifiable from index / tcga_sbu_til_maps,not identifiable from index,tcga_sbu_til_maps,tcga_hnsc,OK,1,1
1.2.826.0.1.3680043.8.498.61900899044407244808896180094715062826,highdicom / eay131_tumor_annotations,highdicom,eay131_tumor_annotations,eay131,OK,1,1
1.2.826.0.1.3680043.8.498.97645893338658010445804782326099828889,highdicom / eay131_tumor_annotations,highdicom,eay131_tumor_annotations,eay131,OK,1,1
1.2.276.0.7230010.3.1.3.1231426215.2400.1345735825.204,not identifiable from index / qiba_volct_1b,not identifiable from index,qiba_volct_1b,rider_lung_ct,OK,1,1
1.2.276.0.7230010.3.1.3.1231426215.2348.1345553711.34,not identifiable from index / qiba_volct_1b,not identifiable from index,qiba_volct_1b,rider_lung_ct,OK,1,1
1.2.276.0.7230010.3.1.3.309938702.1056.1345120439.112,not identifiable from index / qiba_volct_1b,not identifiable from index,qiba_volct_1b,rider_pilot,OK,1,1
1.2.826.0.1.3680043.8.498.16539999835853558799412423695298041998,highdicom / eay131_tumor_annotations,highdicom,eay131_tumor_annotations,eay131,OK,1,1
1.2.826.0.1.3680043.8.498.13092199783215339574227249691331492826,highdicom / eay131_tumor_annotations,highdicom,eay131_tumor_annotations,eay131,OK,1,1
1.2.826.0.1.3680043.8.498.30213225103767489508524549976310434949,highdicom / eay131_tumor_annotations,highdicom,eay131_tumor_annotations,eay131,OK,1,1
1.2.276.0.7230010.3.1.3.17436516.908493.1722972449.888581,dcmqi / bamf_aimi_annotations,dcmqi,bamf_aimi_annotations,upenn_gbm,OK,1,1
1.2.826.0.1.3680043.8.498.41115867292010507929019872684507243287,highdicom / eay131_tumor_annotations,highdicom,eay131_tumor_annotations,eay131,OK,1,1
1.3.6.1.4.1.14519.5.2.1.297962624522957703283071024524534984256,highdicom / (null),highdicom,(null),psma_pet_ct_lesions,OK,1,1
1.2.826.0.1.3680043.8.498.42746721425580121526673019753489288131,highdicom / eay131_tumor_annotations,highdicom,eay131_tumor_annotations,eay131,OK,1,1
1.2.826.0.1.3680043.8.498.12985292207536044289754970549827203642,highdicom / eay131_tumor_annotations,highdicom,eay131_tumor_annotations,eay131,OK,1,1
1.2.826.0.1.3680043.8.498.28183321746869704016500971218062317727,highdicom / eay131_tumor_annotations,highdicom,eay131_tumor_annotations,eay131,OK,1,1
1.2.826.0.1.3680043.8.498.29595947581543251134113891851612422833,highdicom / eay131_tumor_annotations,highdicom,eay131_tumor_annotations,eay131,OK,1,1
1.2.276.0.7230010.3.1.3.17436516.314545.1696966712.58827,dcmqi / bamf_aimi_annotations,dcmqi,bamf_aimi_annotations,qin_breast,OK,1,1
1.2.276.0.7230010.3.1.3.3426864066.1628.1345223534.326,not identifiable from index / qiba_volct_1b,not identifiable from index,qiba_volct_1b,rider_lung_ct,OK,1,1
1.3.6.1.4.1.14519.5.2.1.272523784623875976561255778438723089885,highdicom / (null),highdicom,(null),psma_pet_ct_lesions,OK,1,1
1.2.276.0.7230010.3.1.3.17436516.777543.1722971784.373204,dcmqi / bamf_aimi_annotations,dcmqi,bamf_aimi_annotations,upenn_gbm,OK,1,1
1.2.826.0.1.3680043.10.511.3.84496459793733004403710449798546880,not identifiable from index / tcga_sbu_til_maps,not identifiable from index,tcga_sbu_til_maps,tcga_ov,OK,1,1
1.2.826.0.1.3680043.10.511.3.34664491591637682748209022107413306,not identifiable from index / tcga_sbu_til_maps,not identifiable from index,tcga_sbu_til_maps,tcga_thym,OK,1,1
1.2.826.0.1.3680043.10.511.3.25018150317595241591642575245228778,not identifiable from index / tcga_sbu_til_maps,not identifiable from index,tcga_sbu_til_maps,tcga_acc,OK,1,1
1.3.6.1.4.1.14519.5.2.1.25876796322900443388542929215981399464,highdicom / (null),highdicom,(null),psma_pet_ct_lesions,OK,1,1
1.3.6.1.4.1.14519.5.2.1.234228232058359227626977602721543212356,highdicom / (null),highdicom,(null),psma_pet_ct_lesions,OK,1,1
1.3.6.1.4.1.14519.5.2.1.91553202230220112909797170363299170638,highdicom / (null),highdicom,(null),psma_pet_ct_lesions,OK,1,1
1.2.276.0.7230010.3.1.3.17436516.308546.1696966696.390853,dcmqi / bamf_aimi_annotations,dcmqi,bamf_aimi_annotations,qin_breast,OK,1,1
1.3.6.1.4.1.14519.5.2.1.236498222749099602816883585587809048430,highdicom / (null),highdicom,(null),psma_pet_ct_lesions,OK,1,1
1.3.6.1.4.1.14519.5.2.1.200025691723631324741911180652947193235,highdicom / (null),highdicom,(null),psma_pet_ct_lesions,OK,1,1
1.2.276.0.7230010.3.1.3.1231426215.2484.1345555845.282,not identifiable from index / qiba_volct_1b,not identifiable from index,qiba_volct_1b,rider_lung_ct,OK,1,1
1.2.276.0.7230010.3.1.3.309938702.2016.1345115305.234,not identifiable from index / qiba_volct_1b,not identifiable from index,qiba_volct_1b,rider_lung_ct,OK,1,1
1.2.826.0.1.3680043.8.498.17435191868568494831870995467308200532,highdicom / eay131_tumor_annotations,highdicom,eay131_tumor_annotations,eay131,OK,1,1
1.2.826.0.1.3680043.8.498.11252950736324162324593103208680989476,highdicom / eay131_tumor_annotations,highdicom,eay131_tumor_annotations,eay131,OK,1,1
1.2.826.0.1.3680043.8.498.12987655139885854205649810048406755441,highdicom / eay131_tumor_annotations,highdicom,eay131_tumor_annotations,eay131,OK,1,1
1.2.826.0.1.3680043.10.511.3.71911861331646967835663617875856977,not identifiable from index / tcga_sbu_til_maps,not identifiable from index,tcga_sbu_til_maps,tcga_ucec,OK,1,1
1.2.276.0.7230010.3.1.3.17436516.318278.1696966717.680149,dcmqi / bamf_aimi_annotations,dcmqi,bamf_aimi_annotations,qin_breast,OK,1,1
1.2.276.0.7230010.3.1.3.1231426215.2484.1345555478.119,not identifiable from index / qiba_volct_1b,not identifiable from index,qiba_volct_1b,rider_lung_ct,OK,1,1
1.2.826.0.1.3680043.8.498.10472798729524120060589577194035585055,highdicom / eay131_tumor_annotations,highdicom,eay131_tumor_annotations,eay131,OK,1,1
1.2.826.0.1.3680043.8.498.43838167298997042662137098488343842128,highdicom / eay131_tumor_annotations,highdicom,eay131_tumor_annotations,eay131,OK,1,1
1.2.826.0.1.3680043.8.498.86756162517154622383974844538422744068,highdicom / eay131_tumor_annotations,highdicom,eay131_tumor_annotations,eay131,OK,1,1
1.2.276.0.7230010.3.1.3.17436516.824399.1722972025.392698,dcmqi / bamf_aimi_annotations,dcmqi,bamf_aimi_annotations,upenn_gbm,OK,1,1
1.2.826.0.1.3680043.8.498.59202213021586086261567692645775790873,highdicom / eay131_tumor_annotations,highdicom,eay131_tumor_annotations,eay131,OK,1,1
1.2.276.0.7230010.3.1.3.4148549909.2120.1344860912.197,not identifiable from index / qiba_volct_1b,not identifiable from index,qiba_volct_1b,rider_pilot,OK,1,1
1.3.6.1.4.1.14519.5.2.1.154285339798782080038997595283873565015,highdicom / (null),highdicom,(null),psma_pet_ct_lesions,OK,1,1
1.3.6.1.4.1.14519.5.2.1.7695.4164.302592103136949778165537918546,not identifiable from index / (null),not identifiable from index,(null),acrin_6698,OK,1,1
1.3.6.1.4.1.14519.5.2.1.7695.4164.210711582818754575983408222134,not identifiable from index / (null),not identifiable from index,(null),acrin_6698,OK,1,1
1.3.6.1.4.1.14519.5.2.1.7695.4164.144217545141816656954421085399,not identifiable from index / (null),not identifiable from index,(null),acrin_6698,OK,1,1
1.3.6.1.4.1.14519.5.2.1.7695.4164.488117861606517240503001608397,not identifiable from index / (null),not identifiable from index,(null),acrin_6698,OK,1,1
1.3.6.1.4.1.14519.5.2.1.7695.4164.925921777756626837380736309433,not identifiable from index / (null),not identifiable from index,(null),acrin_6698,OK,1,1
1.3.6.1.4.1.14519.5.2.1.7695.4164.309161300324471037260299663374,not identifiable from index / (null),not identifiable from index,(null),acrin_6698,OK,1,1
1.3.6.1.4.1.14519.5.2.1.7695.4164.893159231319753406359450226409,not identifiable from index / (null),not identifiable from index,(null),acrin_6698,OK,1,1
1.3.6.1.4.1.14519.5.2.1.7695.4164.337853979690571082851044839845,not identifiable from index / (null),not identifiable from index,(null),acrin_6698,OK,1,1
1.3.6.1.4.1.14519.5.2.1.7695.4164.646275585347621487181496258819,not identifiable from index / (null),not identifiable from index,(null),acrin_6698,OK,1,1
1.3.6.1.4.1.14519.5.2.1.7695.1700.135313022770615365842564482941,not identifiable from index / (null),not identifiable from index,(null),ispy1,OK,1,1
1.2.276.0.7230010.3.1.3.1231426215.888.1345738128.282,not identifiable from index / qiba_volct_1b,not identifiable from index,qiba_volct_1b,rider_lung_ct,OK,1,1
1.2.276.0.7230010.3.1.3.296485376.151.1698102786.590580,dcmqi / bamf_aimi_annotations,dcmqi,bamf_aimi_annotations,prostate_mri_us_biopsy,OK,1,1
1.2.276.0.7230010.3.1.3.296485376.151.1698099099.950084,dcmqi / bamf_aimi_annotations,dcmqi,bamf_aimi_annotations,prostate_mri_us_biopsy,OK,1,1
1.2.276.0.7230010.3.1.3.296485376.151.1698107158.436841,dcmqi / bamf_aimi_annotations,dcmqi,bamf_aimi_annotations,prostate_mri_us_biopsy,OK,1,1
1.2.276.0.7230010.3.1.3.296485376.151.1698095242.338694,dcmqi / bamf_aimi_annotations,dcmqi,bamf_aimi_annotations,prostate_mri_us_biopsy,OK,1,1
1.2.276.0.7230010.3.1.3.296485376.151.1698109122.425607,dcmqi / bamf_aimi_annotations,dcmqi,bamf_aimi_annotations,prostate_mri_us_biopsy,OK,1,1
1.2.826.0.1.3680043.8.498.99796709159491069706715108734051840946,highdicom / eay131_tumor_annotations,highdicom,eay131_tumor_annotations,eay131,OK,1,1
1.2.276.0.7230010.3.1.3.17436516.3964174.1714504724.737614,dcmqi / bamf_aimi_annotations,dcmqi,bamf_aimi_annotations,hcc_tace_seg,OK,1,1
1.2.276.0.7230010.3.1.3.481037312.159088.1761244584.982631,dcmqi / nlstseg,dcmqi,nlstseg,nlst,OK,1,1
1.2.276.0.7230010.3.1.3.481037312.98758.1761242568.186053,dcmqi / nlstseg,dcmqi,nlstseg,nlst,OK,1,1
1.2.276.0.7230010.3.1.3.481037312.33715.1761240440.360798,dcmqi / nlstseg,dcmqi,nlstseg,nlst,OK,1,1
1.2.276.0.7230010.3.1.3.481037312.60330.1761241315.740566,dcmqi / nlstseg,dcmqi,nlstseg,nlst,OK,1,1
1.2.276.0.7230010.3.1.3.481037312.347115.1761251014.88975,dcmqi / nlstseg,dcmqi,nlstseg,nlst,OK,1,1
1.2.276.0.7230010.3.1.3.481037312.257255.1761247912.551953,dcmqi / nlstseg,dcmqi,nlstseg,nlst,OK,1,1
1.2.276.0.7230010.3.1.3.481037312.176901.1761245182.824421,dcmqi / nlstseg,dcmqi,nlstseg,nlst,OK,1,1
1.2.276.0.7230010.3.1.3.481037312.306521.1761249630.829637,dcmqi / nlstseg,dcmqi,nlstseg,nlst,OK,1,1
1.2.276.0.7230010.3.1.3.481037312.107747.1761242886.518265,dcmqi / nlstseg,dcmqi,nlstseg,nlst,OK,1,1
1.2.276.0.7230010.3.1.3.481037312.12152.1761239768.814988,dcmqi / nlstseg,dcmqi,nlstseg,nlst,OK,1,1
1.2.276.0.7230010.3.1.3.481037312.294542.1761249208.568865,dcmqi / nlstseg,dcmqi,nlstseg,nlst,OK,1,1
1.2.276.0.7230010.3.1.3.17436516.880974.1691079439.568718,dcmqi / bamf_aimi_annotations,dcmqi,bamf_aimi_annotations,prostatex,OK,1,1
1.2.276.0.7230010.3.1.3.481037312.203556.1761246057.38705,dcmqi / nlstseg,dcmqi,nlstseg,nlst,OK,1,1
1.2.276.0.7230010.3.1.3.481037312.289624.1761249045.493809,dcmqi / nlstseg,dcmqi,nlstseg,nlst,OK,1,1
1.2.276.0.7230010.3.1.3.481037312.326355.1761250312.160291,dcmqi / nlstseg,dcmqi,nlstseg,nlst,OK,1,1
1.2.276.0.7230010.3.1.3.481037312.605435.1761261623.365424,dcmqi / nlstseg,dcmqi,nlstseg,nlst,OK,1,1
1.2.276.0.7230010.3.1.3.481037312.519514.1761257937.290434,dcmqi / nlstseg,dcmqi,nlstseg,nlst,OK,1,1
1.2.276.0.7230010.3.1.3.481037312.425472.1761254119.670986,dcmqi / nlstseg,dcmqi,nlstseg,nlst,OK,1,1
1.2.276.0.7230010.3.1.3.481037312.569445.1761260130.908179,dcmqi / nlstseg,dcmqi,nlstseg,nlst,OK,1,1
1.2.276.0.7230010.3.1.3.0.22687.1553305684.581438,dcmqi / dicom_lidc_idri_nodules,dcmqi,dicom_lidc_idri_nodules,lidc_idri,OK,1,1
1.2.276.0.7230010.3.1.3.0.53700.1553339231.200931,dcmqi / dicom_lidc_idri_nodules,dcmqi,dicom_lidc_idri_nodules,lidc_idri,OK,1,1
1.2.276.0.7230010.3.1.3.0.57109.1553343061.232181,dcmqi / dicom_lidc_idri_nodules,dcmqi,dicom_lidc_idri_nodules,lidc_idri,OK,1,1
1.2.276.0.7230010.3.1.3.0.44887.1553329533.547987,dcmqi / dicom_lidc_idri_nodules,dcmqi,dicom_lidc_idri_nodules,lidc_idri,OK,1,1
1.2.276.0.7230010.3.1.3.0.58578.1553344696.289284,dcmqi / dicom_lidc_idri_nodules,dcmqi,dicom_lidc_idri_nodules,lidc_idri,OK,1,1
1.2.276.0.7230010.3.1.3.481037312.584769.1761260758.931703,dcmqi / nlstseg,dcmqi,nlstseg,nlst,OK,1,1
1.2.276.0.7230010.3.1.3.0.59960.1553346234.575615,dcmqi / dicom_lidc_idri_nodules,dcmqi,dicom_lidc_idri_nodules,lidc_idri,OK,1,1
1.2.276.0.7230010.3.1.3.0.46658.1553331556.630544,dcmqi / dicom_lidc_idri_nodules,dcmqi,dicom_lidc_idri_nodules,lidc_idri,OK,1,1
1.2.276.0.7230010.3.1.3.0.59967.1553346261.844206,dcmqi / dicom_lidc_idri_nodules,dcmqi,dicom_lidc_idri_nodules,lidc_idri,OK,1,1
1.2.276.0.7230010.3.1.3.0.3348.1553287782.934344,dcmqi / dicom_lidc_idri_nodules,dcmqi,dicom_lidc_idri_nodules,lidc_idri,OK,1,1
1.2.276.0.7230010.3.1.3.0.9809.1553293090.578815,dcmqi / dicom_lidc_idri_nodules,dcmqi,dicom_lidc_idri_nodules,lidc_idri,OK,1,1
1.2.276.0.7230010.3.1.3.481037312.406752.1761253290.158273,dcmqi / nlstseg,dcmqi,nlstseg,nlst,OK,1,1
1.2.276.0.7230010.3.1.3.481037312.451993.1761255186.600219,dcmqi / nlstseg,dcmqi,nlstseg,nlst,OK,1,1
1.2.276.0.7230010.3.1.3.0.66138.1553352991.544593,dcmqi / dicom_lidc_idri_nodules,dcmqi,dicom_lidc_idri_nodules,lidc_idri,OK,1,1
1.2.276.0.7230010.3.1.3.481037312.498787.1761257038.531531,dcmqi / nlstseg,dcmqi,nlstseg,nlst,OK,1,1
1.2.276.0.7230010.3.1.3.0.19027.1553301931.402833,dcmqi / dicom_lidc_idri_nodules,dcmqi,dicom_lidc_idri_nodules,lidc_idri,OK,1,1
1.2.276.0.7230010.3.1.3.0.14256.1553297034.811260,dcmqi / dicom_lidc_idri_nodules,dcmqi,dicom_lidc_idri_nodules,lidc_idri,OK,1,1
1.2.276.0.7230010.3.1.3.0.32610.1553316393.174588,dcmqi / dicom_lidc_idri_nodules,dcmqi,dicom_lidc_idri_nodules,lidc_idri,OK,1,1
1.3.6.1.4.1.14519.5.2.1.181085842409625918431219006099483373540,highdicom / (null),highdicom,(null),psma_pet_ct_lesions,OK,1,1
1.3.6.1.4.1.14519.5.2.1.156953975731823429128675687910828119742,highdicom / (null),highdicom,(null),psma_pet_ct_lesions,OK,1,1
1.3.6.1.4.1.14519.5.2.1.99872412329508924264062661443620656851,dcmqi / (null),dcmqi,(null),mediastinal_lymph_node_seg,OK,1,1
1.3.6.1.4.1.14519.5.2.1.101831353203600396886688280392698969512,pydicom-seg / (null),pydicom-seg,(null),rider_lung_ct,OK,1,1
1.3.6.1.4.1.14519.5.2.1.130414857230894689971287210169096556164,pydicom-seg / (null),pydicom-seg,(null),rider_lung_ct,OK,1,1
1.3.6.1.4.1.14519.5.2.1.73037531039238381123711490020959944293,pydicom-seg / (null),pydicom-seg,(null),rider_lung_ct,OK,1,1
1.3.6.1.4.1.14519.5.2.1.167790204161794041232120406860092784306,pydicom-seg / (null),pydicom-seg,(null),rider_lung_ct,OK,1,1
1.3.6.1.4.1.14519.5.2.1.289542739155054188569588794088194871028,pydicom-seg / (null),pydicom-seg,(null),rider_lung_ct,OK,1,1
1.2.826.0.1.3680043.8.498.10785789794935484876106087837590470456,highdicom / eay131_tumor_annotations,highdicom,eay131_tumor_annotations,eay131,OK,1,1
1.2.276.0.7230010.3.1.3.0.42983.1698536728.212277,dcmqi / prostate_mri_us_biopsy_dicom_annotations,dcmqi,prostate_mri_us_biopsy_dicom_annotations,prostate_mri_us_biopsy,OK,1,1
1.2.276.0.7230010.3.1.3.0.40792.1698535072.447086,dcmqi / prostate_mri_us_biopsy_dicom_annotations,dcmqi,prostate_mri_us_biopsy_dicom_annotations,prostate_mri_us_biopsy,OK,1,1
1.2.276.0.7230010.3.1.3.0.41233.1698535269.689343,dcmqi / prostate_mri_us_biopsy_dicom_annotations,dcmqi,prostate_mri_us_biopsy_dicom_annotations,prostate_mri_us_biopsy,OK,1,1
1.2.826.0.1.3680043.8.498.10271340352085082114213213401395539258,highdicom / eay131_tumor_annotations,highdicom,eay131_tumor_annotations,eay131,OK,1,1
1.2.826.0.1.3680043.8.498.67094373395576574277070074021090461352,highdicom / eay131_tumor_annotations,highdicom,eay131_tumor_annotations,eay131,OK,1,1
1.2.826.0.1.3680043.10.511.3.99199283199857515507326374535665408,not identifiable from index / tcga_sbu_til_maps,not identifiable from index,tcga_sbu_til_maps,tcga_luad,OK,1,1
1.2.826.0.1.3680043.10.511.3.8968693707940379304702077708923168,not identifiable from index / tcga_sbu_til_maps,not identifiable from index,tcga_sbu_til_maps,tcga_kirc,OK,1,1
1.2.826.0.1.3680043.8.498.37654806083405932990921758689907955331,highdicom / eay131_tumor_annotations,highdicom,eay131_tumor_annotations,eay131,OK,1,1
1.3.6.1.4.1.14519.5.2.1.85121925990688792819605526912436769672,highdicom / (null),highdicom,(null),psma_pet_ct_lesions,OK,1,1
1.2.276.0.7230010.3.1.3.17436516.697226.1722971348.942720,dcmqi / bamf_aimi_annotations,dcmqi,bamf_aimi_annotations,upenn_gbm,OK,1,1
1.3.6.1.4.1.14519.5.2.1.287937129872617494761109189190536261221,highdicom / (null),highdicom,(null),psma_pet_ct_lesions,OK,1,1
1.2.826.0.1.3680043.8.498.99550431802698417554295012231760912224,highdicom / eay131_tumor_annotations,highdicom,eay131_tumor_annotations,eay131,OK,1,1
1.2.826.0.1.3680043.10.511.3.87192777878726358750178951619152239,not identifiable from index / tcga_sbu_til_maps,not identifiable from index,tcga_sbu_til_maps,tcga_brca,OK,1,1
1.2.276.0.7230010.3.1.3.1031255639.2200.1345988515.197,not identifiable from index / qiba_volct_1b,not identifiable from index,qiba_volct_1b,rider_lung_ct,OK,1,1
1.3.6.1.4.1.14519.5.2.1.78207806101075113929786541178477023924,highdicom / (null),highdicom,(null),psma_pet_ct_lesions,OK,1,1
1.3.6.1.4.1.14519.5.2.1.85740514879545994625518760917868126049,highdicom / (null),highdicom,(null),psma_pet_ct_lesions,OK,1,1
1.2.276.0.7230010.3.1.3.17436516.769900.1722971744.866084,dcmqi / bamf_aimi_annotations,dcmqi,bamf_aimi_annotations,upenn_gbm,OK,1,1
1.2.276.0.7230010.3.1.3.17436516.930657.1722972573.955554,dcmqi / bamf_aimi_annotations,dcmqi,bamf_aimi_annotations,upenn_gbm,OK,1,1
1.2.276.0.7230010.3.1.3.17436516.833958.1722972070.170545,dcmqi / bamf_aimi_annotations,dcmqi,bamf_aimi_annotations,upenn_gbm,OK,1,1
1.2.276.0.7230010.3.1.3.17436516.646495.1722971069.249864,dcmqi / bamf_aimi_annotations,dcmqi,bamf_aimi_annotations,upenn_gbm,OK,1,1
1.2.276.0.7230010.3.1.3.17436516.624949.1722970955.427981,dcmqi / bamf_aimi_annotations,dcmqi,bamf_aimi_annotations,upenn_gbm,OK,1,1
1.3.6.1.4.1.14519.5.2.1.161627568334111474229958234397287099198,highdicom / (null),highdicom,(null),psma_pet_ct_lesions,OK,1,1
1.2.826.0.1.3680043.8.498.12441607259209617899720351415460259435,highdicom / eay131_tumor_annotations,highdicom,eay131_tumor_annotations,eay131,OK,1,1
1.2.276.0.7230010.3.1.3.0.42565.1698536543.200821,dcmqi / prostate_mri_us_biopsy_dicom_annotations,dcmqi,prostate_mri_us_biopsy_dicom_annotations,prostate_mri_us_biopsy,OK,1,1
1.2.276.0.7230010.3.1.3.0.40608.1698534984.563968,dcmqi / prostate_mri_us_biopsy_dicom_annotations,dcmqi,prostate_mri_us_biopsy_dicom_annotations,prostate_mri_us_biopsy,OK,1,1
1.2.826.0.1.3680043.8.498.54718423649029925404299649755346157733,highdicom / eay131_tumor_annotations,highdicom,eay131_tumor_annotations,eay131,OK,1,1
1.2.826.0.1.3680043.10.511.3.55900041111247368575928958814346019,not identifiable from index / tcga_sbu_til_maps,not identifiable from index,tcga_sbu_til_maps,tcga_blca,OK,1,1
1.2.276.0.7230010.3.1.3.296485376.151.1698109813.422967,dcmqi / bamf_aimi_annotations,dcmqi,bamf_aimi_annotations,prostate_mri_us_biopsy,OK,1,1
1.2.276.0.7230010.3.1.3.296485376.151.1698095836.520968,dcmqi / bamf_aimi_annotations,dcmqi,bamf_aimi_annotations,prostate_mri_us_biopsy,OK,1,1
1.2.276.0.7230010.3.1.3.296485376.151.1698103052.719892,dcmqi / bamf_aimi_annotations,dcmqi,bamf_aimi_annotations,prostate_mri_us_biopsy,OK,1,1
1.2.276.0.7230010.3.1.3.296485376.151.1698108961.914725,dcmqi / bamf_aimi_annotations,dcmqi,bamf_aimi_annotations,prostate_mri_us_biopsy,OK,1,1
1.2.276.0.7230010.3.1.3.296485376.151.1698108159.358168,dcmqi / bamf_aimi_annotations,dcmqi,bamf_aimi_annotations,prostate_mri_us_biopsy,OK,1,1
1.2.276.0.7230010.3.1.3.17436516.778189.1722971788.207,dcmqi / bamf_aimi_annotations,dcmqi,bamf_aimi_annotations,upenn_gbm,OK,1,1
1.2.826.0.1.3680043.8.498.17440391208866361547942675882336124338,highdicom / eay131_tumor_annotations,highdicom,eay131_tumor_annotations,eay131,OK,1,1
1.2.826.0.1.3680043.8.498.54654323681588809218113165889513476581,highdicom / eay131_tumor_annotations,highdicom,eay131_tumor_annotations,eay131,OK,1,1
1.2.826.0.1.3680043.8.498.74055971942853930801764070562369941016,highdicom / eay131_tumor_annotations,highdicom,eay131_tumor_annotations,eay131,OK,1,1
1.3.6.1.4.1.14519.5.2.1.228968035228068470321649639564581837282,highdicom / (null),highdicom,(null),psma_pet_ct_lesions,OK,1,1
1.2.276.0.7230010.3.1.3.17436516.869966.1691079367.229729,dcmqi / bamf_aimi_annotations,dcmqi,bamf_aimi_annotations,prostatex,OK,1,1
1.2.276.0.7230010.3.1.3.17436516.2161488.1720640322.340741,dcmqi / bamf_aimi_annotations,dcmqi,bamf_aimi_annotations,acrin_nsclc_fdg_pet,OK,1,1
1.2.826.0.1.3680043.10.511.3.12667630593730124803316701062508978,not identifiable from index / tcga_sbu_til_maps,not identifiable from index,tcga_sbu_til_maps,tcga_blca,OK,1,1
1.2.826.0.1.3680043.8.498.46632977654720697374136777927630242842,highdicom / eay131_tumor_annotations,highdicom,eay131_tumor_annotations,eay131,OK,1,1
1.2.826.0.1.3680043.10.511.3.93565112770469970230393597245984885,not identifiable from index / tcga_sbu_til_maps,not identifiable from index,tcga_sbu_til_maps,tcga_acc,OK,1,1
1.2.826.0.1.3680043.8.498.37427238133819401728785405087091918505,highdicom / eay131_tumor_annotations,highdicom,eay131_tumor_annotations,eay131,OK,1,1
1.2.826.0.1.3680043.8.498.52928471230996499781081388702456684912,highdicom / eay131_tumor_annotations,highdicom,eay131_tumor_annotations,eay131,OK,1,1
1.3.6.1.4.1.14519.5.2.1.297035493409751565194918229768206006826,highdicom / (null),highdicom,(null),psma_pet_ct_lesions,OK,1,1
1.2.826.0.1.3680043.8.498.10100827419508847741904305268831518107,highdicom / eay131_tumor_annotations,highdicom,eay131_tumor_annotations,eay131,OK,1,1
1.2.826.0.1.3680043.8.498.46972337679966725634909154978279288015,highdicom / eay131_tumor_annotations,highdicom,eay131_tumor_annotations,eay131,OK,1,1
1.2.276.0.7230010.3.1.3.17436516.643474.1722971051.118170,dcmqi / bamf_aimi_annotations,dcmqi,bamf_aimi_annotations,upenn_gbm,OK,1,1
1.2.276.0.7230010.3.1.3.17436516.781940.1722971808.442539,dcmqi / bamf_aimi_annotations,dcmqi,bamf_aimi_annotations,upenn_gbm,OK,1,1
1.2.276.0.7230010.3.1.3.17436516.643086.1722971048.690,dcmqi / bamf_aimi_annotations,dcmqi,bamf_aimi_annotations,upenn_gbm,OK,1,1
1.2.826.0.1.3680043.8.498.43324073125034298797469581929305445665,highdicom / eay131_tumor_annotations,highdicom,eay131_tumor_annotations,eay131,OK,1,1
1.2.826.0.1.3680043.8.498.12968099935655921250579378900872067632,highdicom / eay131_tumor_annotations,highdicom,eay131_tumor_annotations,eay131,OK,1,1
1.3.6.1.4.1.14519.5.2.1.107527587822442767169986222222762855766,highdicom / (null),highdicom,(null),psma_pet_ct_lesions,OK,1,1
1.3.6.1.4.1.14519.5.2.1.248389663606752967010182476655896406782,highdicom / (null),highdicom,(null),psma_pet_ct_lesions,OK,1,1
1.2.276.0.7230010.3.1.3.17436516.2157023.1720640247.336300,dcmqi / bamf_aimi_annotations,dcmqi,bamf_aimi_annotations,acrin_nsclc_fdg_pet,OK,1,1
1.2.276.0.7230010.3.1.3.0.39919.1698534719.15235,dcmqi / prostate_mri_us_biopsy_dicom_annotations,dcmqi,prostate_mri_us_biopsy_dicom_annotations,prostate_mri_us_biopsy,OK,1,1
1.2.826.0.1.3680043.8.498.12117425533578968279482105654026546532,highdicom / eay131_tumor_annotations,highdicom,eay131_tumor_annotations,eay131,OK,1,1
1.2.826.0.1.3680043.10.511.3.96580876309762718582959390485658901,not identifiable from index / tcga_sbu_til_maps,not identifiable from index,tcga_sbu_til_maps,tcga_brca,OK,1,1
1.2.276.0.7230010.3.1.3.4148549909.1376.1344857916.119,not identifiable from index / qiba_volct_1b,not identifiable from index,qiba_volct_1b,rider_lung_ct,OK,1,1
1.2.276.0.7230010.3.1.3.4148549909.1376.1344857916.112,not identifiable from index / qiba_volct_1b,not identifiable from index,qiba_volct_1b,rider_lung_ct,OK,1,1
1.2.276.0.7230010.3.1.3.481037312.465117.1761255680.238868,dcmqi / nlstseg,dcmqi,nlstseg,nlst,OK,1,1
1.2.826.0.1.3680043.8.498.12316777119380786245290239774144658216,highdicom / eay131_tumor_annotations,highdicom,eay131_tumor_annotations,eay131,OK,1,1
1.2.826.0.1.3680043.8.498.13394869478767910322428760484919190166,highdicom / eay131_tumor_annotations,highdicom,eay131_tumor_annotations,eay131,OK,1,1
1.2.826.0.1.3680043.10.511.3.38824793755364879125392956454352748,not identifiable from index / tcga_sbu_til_maps,not identifiable from index,tcga_sbu_til_maps,tcga_blca,OK,1,1
1.2.826.0.1.3680043.8.498.75716360626676108385589406865912585178,highdicom / eay131_tumor_annotations,highdicom,eay131_tumor_annotations,eay131,OK,1,1
1.2.826.0.1.3680043.8.498.39158990056540114900489078100249898448,highdicom / eay131_tumor_annotations,highdicom,eay131_tumor_annotations,eay131,OK,1,1
1.3.6.1.4.1.14519.5.2.1.151017184234289397235450054647913732512,highdicom / (null),highdicom,(null),psma_pet_ct_lesions,OK,1,1
1.2.276.0.7230010.3.1.3.17436516.898261.1722972392.935078,dcmqi / bamf_aimi_annotations,dcmqi,bamf_aimi_annotations,upenn_gbm,OK,1,1
1.3.6.1.4.1.14519.5.2.1.7695.4164.753016286832101709359207637041,not identifiable from index / (null),not identifiable from index,(null),acrin_6698,OK,1,1
1.2.276.0.7230010.3.1.3.481037312.134382.1761243773.4044,dcmqi / nlstseg,dcmqi,nlstseg,nlst,OK,1,1
1.2.276.0.7230010.3.1.3.481037312.142184.1761244017.709236,dcmqi / nlstseg,dcmqi,nlstseg,nlst,OK,1,1
1.2.276.0.7230010.3.1.3.481037312.362919.1761251542.561350,dcmqi / nlstseg,dcmqi,nlstseg,nlst,OK,1,1
1.2.276.0.7230010.3.1.3.481037312.215550.1761246478.866886,dcmqi / nlstseg,dcmqi,nlstseg,nlst,OK,1,1
1.2.276.0.7230010.3.1.3.481037312.199623.1761245931.320839,dcmqi / nlstseg,dcmqi,nlstseg,nlst,OK,1,1
1.2.276.0.7230010.3.1.3.481037312.234319.1761247106.542794,dcmqi / nlstseg,dcmqi,nlstseg,nlst,OK,1,1
1.2.276.0.7230010.3.1.3.481037312.435687.1761254533.516515,dcmqi / nlstseg,dcmqi,nlstseg,nlst,OK,1,1
1.2.276.0.7230010.3.1.3.481037312.73207.1761241746.433112,dcmqi / nlstseg,dcmqi,nlstseg,nlst,OK,1,1
1.2.276.0.7230010.3.1.3.481037312.71132.1761241663.36629,dcmqi / nlstseg,dcmqi,nlstseg,nlst,OK,1,1
1.2.276.0.7230010.3.1.3.481037312.558297.1761259688.275431,dcmqi / nlstseg,dcmqi,nlstseg,nlst,OK,1,1
1.2.276.0.7230010.3.1.3.481037312.59331.1761241280.254464,dcmqi / nlstseg,dcmqi,nlstseg,nlst,OK,1,1
1.2.276.0.7230010.3.1.3.481037312.147191.1761244193.456251,dcmqi / nlstseg,dcmqi,nlstseg,nlst,OK,1,1
1.2.276.0.7230010.3.1.3.481037312.99745.1761242601.125071,dcmqi / nlstseg,dcmqi,nlstseg,nlst,OK,1,1
1.2.276.0.7230010.3.1.3.481037312.58359.1761241249.800972,dcmqi / nlstseg,dcmqi,nlstseg,nlst,OK,1,1
1.2.826.0.1.3680043.8.498.36767054892251545223856720031730953307,highdicom / eay131_tumor_annotations,highdicom,eay131_tumor_annotations,eay131,OK,1,1
1.2.276.0.7230010.3.1.3.481037312.535255.1761258645.100267,dcmqi / nlstseg,dcmqi,nlstseg,nlst,OK,1,1
1.2.276.0.7230010.3.1.3.481037312.545890.1761259156.605106,dcmqi / nlstseg,dcmqi,nlstseg,nlst,OK,1,1
1.2.276.0.7230010.3.1.3.481037312.472393.1761255988.596370,dcmqi / nlstseg,dcmqi,nlstseg,nlst,OK,1,1
1.2.276.0.7230010.3.1.3.0.39942.1553324115.82437,dcmqi / dicom_lidc_idri_nodules,dcmqi,dicom_lidc_idri_nodules,lidc_idri,OK,1,1
1.2.276.0.7230010.3.1.3.481037312.539676.1761258886.689852,dcmqi / nlstseg,dcmqi,nlstseg,nlst,OK,1,1
1.2.276.0.7230010.3.1.3.0.42218.1553326578.7583,dcmqi / dicom_lidc_idri_nodules,dcmqi,dicom_lidc_idri_nodules,lidc_idri,OK,1,1
1.2.276.0.7230010.3.1.3.0.64470.1553351162.163248,dcmqi / dicom_lidc_idri_nodules,dcmqi,dicom_lidc_idri_nodules,lidc_idri,OK,1,1
1.2.276.0.7230010.3.1.3.0.68212.1553355282.791214,dcmqi / dicom_lidc_idri_nodules,dcmqi,dicom_lidc_idri_nodules,lidc_idri,OK,1,1
1.2.276.0.7230010.3.1.3.0.33996.1553317956.145285,dcmqi / dicom_lidc_idri_nodules,dcmqi,dicom_lidc_idri_nodules,lidc_idri,OK,1,1
1.2.276.0.7230010.3.1.3.481037312.399559.1761252990.92272,dcmqi / nlstseg,dcmqi,nlstseg,nlst,OK,1,1
1.2.276.0.7230010.3.1.3.0.22438.1674506732.698419,dcmqi / (null),dcmqi,(null),ct_lymph_nodes,OK,1,1
1.2.276.0.7230010.3.1.3.481037312.438694.1761254643.674303,dcmqi / nlstseg,dcmqi,nlstseg,nlst,OK,1,1
1.2.276.0.7230010.3.1.3.0.34321.1553318228.933723,dcmqi / dicom_lidc_idri_nodules,dcmqi,dicom_lidc_idri_nodules,lidc_idri,OK,1,1
1.2.276.0.7230010.3.1.3.481037312.448789.1761255032.327913,dcmqi / nlstseg,dcmqi,nlstseg,nlst,OK,1,1
1.2.276.0.7230010.3.1.3.0.68497.1553355657.691192,dcmqi / dicom_lidc_idri_nodules,dcmqi,dicom_lidc_idri_nodules,lidc_idri,OK,1,1
1.2.276.0.7230010.3.1.3.481037312.546904.1761259196.211089,dcmqi / nlstseg,dcmqi,nlstseg,nlst,OK,1,1
1.2.276.0.7230010.3.1.3.481037312.246231.1761247525.685442,dcmqi / nlstseg,dcmqi,nlstseg,nlst,OK,1,1
1.3.6.1.4.1.14519.5.2.1.314294430037007634393524377664876907896,dcmqi / (null),dcmqi,(null),mediastinal_lymph_node_seg,OK,1,1
1.3.6.1.4.1.14519.5.2.1.282893794749646652959844576272548004181,dcmqi / (null),dcmqi,(null),mediastinal_lymph_node_seg,OK,1,1
1.3.6.1.4.1.14519.5.2.1.91068090895547305364894217195919992600,dcmqi / (null),dcmqi,(null),mediastinal_lymph_node_seg,OK,1,1
1.3.6.1.4.1.14519.5.2.1.328976846156488734803132431059413680276,dcmqi / (null),dcmqi,(null),mediastinal_lymph_node_seg,OK,1,1
1.3.6.1.4.1.14519.5.2.1.260896933707618316686320270171652961484,dcmqi / (null),dcmqi,(null),mediastinal_lymph_node_seg,OK,1,1
1.3.6.1.4.1.14519.5.2.1.9847815564476284901819432969602627930,dcmqi / (null),dcmqi,(null),mediastinal_lymph_node_seg,OK,1,1
1.2.276.0.7230010.3.1.3.296485376.151.1698098115.554785,dcmqi / bamf_aimi_annotations,dcmqi,bamf_aimi_annotations,prostate_mri_us_biopsy,OK,1,1
1.2.276.0.7230010.3.1.3.481037312.15064.1761239855.715479,dcmqi / nlstseg,dcmqi,nlstseg,nlst,OK,1,1
1.2.276.0.7230010.3.1.3.296485376.151.1698114517.818665,dcmqi / bamf_aimi_annotations,dcmqi,bamf_aimi_annotations,prostate_mri_us_biopsy,OK,1,1
1.2.276.0.7230010.3.1.3.296485376.151.1698108748.414046,dcmqi / bamf_aimi_annotations,dcmqi,bamf_aimi_annotations,prostate_mri_us_biopsy,OK,1,1
1.2.276.0.7230010.3.1.3.296485376.151.1698111972.106594,dcmqi / bamf_aimi_annotations,dcmqi,bamf_aimi_annotations,prostate_mri_us_biopsy,OK,1,1
1.3.6.1.4.1.14519.5.2.1.235127757866771270384709189564440508286,pydicom-seg / (null),pydicom-seg,(null),rider_lung_ct,OK,1,1
1.3.6.1.4.1.14519.5.2.1.94103555888378942881312546037865731964,pydicom-seg / (null),pydicom-seg,(null),rider_lung_ct,OK,1,1
1.3.6.1.4.1.14519.5.2.1.126779259947834201653017893785353060730,pydicom-seg / (null),pydicom-seg,(null),rider_lung_ct,OK,1,1
1.3.6.1.4.1.14519.5.2.1.19359142025335084192180718518576565460,pydicom-seg / (null),pydicom-seg,(null),rider_lung_ct,OK,1,1
1.2.276.0.7230010.3.1.3.17436516.2372727.1720643463.951499,dcmqi / bamf_aimi_annotations,dcmqi,bamf_aimi_annotations,acrin_nsclc_fdg_pet,OK,1,1
1.2.276.0.7230010.3.1.3.481037312.174783.1761245090.996045,dcmqi / nlstseg,dcmqi,nlstseg,nlst,OK,1,1
1.2.276.0.7230010.3.1.3.17436516.870641.1691079371.736722,dcmqi / bamf_aimi_annotations,dcmqi,bamf_aimi_annotations,prostatex,OK,1,1
1.2.276.0.7230010.3.1.3.17436516.904749.1691079606.78307,dcmqi / bamf_aimi_annotations,dcmqi,bamf_aimi_annotations,prostatex,OK,1,1
1.2.826.0.1.3680043.10.511.3.47826599103796428025284386528793908,not identifiable from index / tcga_sbu_til_maps,not identifiable from index,tcga_sbu_til_maps,tcga_lusc,OK,1,1
1.2.826.0.1.3680043.8.498.77112142001021509156993515163468825631,highdicom / eay131_tumor_annotations,highdicom,eay131_tumor_annotations,eay131,OK,1,1
1.2.276.0.7230010.3.1.3.1031255639.2200.1345988955.459,not identifiable from index / qiba_volct_1b,not identifiable from index,qiba_volct_1b,rider_lung_ct,OK,1,1
1.2.276.0.7230010.3.1.3.17436516.2129990.1720639845.877378,dcmqi / bamf_aimi_annotations,dcmqi,bamf_aimi_annotations,acrin_nsclc_fdg_pet,OK,1,1
1.2.826.0.1.3680043.10.511.3.80547870350570189749204615539923055,not identifiable from index / tcga_sbu_til_maps,not identifiable from index,tcga_sbu_til_maps,tcga_lihc,OK,1,1
1.2.826.0.1.3680043.10.511.3.82399430435469914480023304845716259,not identifiable from index / tcga_sbu_til_maps,not identifiable from index,tcga_sbu_til_maps,tcga_skcm,OK,1,1
1.2.826.0.1.3680043.8.498.77641159880610313908844958322114278826,highdicom / eay131_tumor_annotations,highdicom,eay131_tumor_annotations,eay131,OK,1,1
1.3.6.1.4.1.14519.5.2.1.66575479252760380257884125998367383849,highdicom / (null),highdicom,(null),psma_pet_ct_lesions,OK,1,1
1.2.826.0.1.3680043.8.498.12791348444667536864146415199187354357,highdicom / eay131_tumor_annotations,highdicom,eay131_tumor_annotations,eay131,OK,1,1
1.2.826.0.1.3680043.8.498.50586469626178930725836918076864145323,highdicom / eay131_tumor_annotations,highdicom,eay131_tumor_annotations,eay131,OK,1,1
1.2.276.0.7230010.3.1.3.17436516.890708.1691079506.498359,dcmqi / bamf_aimi_annotations,dcmqi,bamf_aimi_annotations,prostatex,OK,1,1
1.2.276.0.7230010.3.1.3.1031255639.1360.1345986431.367,not identifiable from index / qiba_volct_1b,not identifiable from index,qiba_volct_1b,rider_lung_ct,OK,1,1
1.2.826.0.1.3680043.8.498.10604745797242494137221028183678383737,highdicom / eay131_tumor_annotations,highdicom,eay131_tumor_annotations,eay131,OK,1,1
1.2.826.0.1.3680043.8.498.10298941345368793257234583286460283724,highdicom / eay131_tumor_annotations,highdicom,eay131_tumor_annotations,eay131,OK,1,1
1.2.276.0.7230010.3.1.3.296485376.151.1698104155.420490,dcmqi / bamf_aimi_annotations,dcmqi,bamf_aimi_annotations,prostate_mri_us_biopsy,OK,1,1
1.2.276.0.7230010.3.1.3.296485376.151.1698097050.719114,dcmqi / bamf_aimi_annotations,dcmqi,bamf_aimi_annotations,prostate_mri_us_biopsy,OK,1,1
1.2.276.0.7230010.3.1.3.296485376.151.1698097077.173068,dcmqi / bamf_aimi_annotations,dcmqi,bamf_aimi_annotations,prostate_mri_us_biopsy,OK,1,1
1.2.276.0.7230010.3.1.3.296485376.151.1698108909.49472,dcmqi / bamf_aimi_annotations,dcmqi,bamf_aimi_annotations,prostate_mri_us_biopsy,OK,1,1
1.2.276.0.7230010.3.1.3.296485376.151.1698110079.975110,dcmqi / bamf_aimi_annotations,dcmqi,bamf_aimi_annotations,prostate_mri_us_biopsy,OK,1,1
1.2.276.0.7230010.3.1.3.296485376.151.1698094463.452940,dcmqi / bamf_aimi_annotations,dcmqi,bamf_aimi_annotations,prostate_mri_us_biopsy,OK,1,1
1.2.826.0.1.3680043.8.498.12365590814785195843995639955034420026,highdicom / eay131_tumor_annotations,highdicom,eay131_tumor_annotations,eay131,OK,1,1
1.2.276.0.7230010.3.1.3.17436516.3941300.1714918266.317145,dcmqi / bamf_aimi_annotations,dcmqi,bamf_aimi_annotations,prostate_mri_us_biopsy,OK,1,1
1.3.6.1.4.1.14519.5.2.1.111020444375072043290555755676465906788,highdicom / (null),highdicom,(null),psma_pet_ct_lesions,OK,1,1
1.3.6.1.4.1.14519.5.2.1.133004991355842711004604314123550901175,highdicom / (null),highdicom,(null),psma_pet_ct_lesions,OK,1,1
1.3.6.1.4.1.14519.5.2.1.88858931538080929615344353887286067255,highdicom / (null),highdicom,(null),psma_pet_ct_lesions,OK,1,1
1.2.826.0.1.3680043.8.498.25869042635253187031033482395772008676,highdicom / eay131_tumor_annotations,highdicom,eay131_tumor_annotations,eay131,OK,1,1
1.2.826.0.1.3680043.8.498.12233038191211048071709005989451159224,highdicom / eay131_tumor_annotations,highdicom,eay131_tumor_annotations,eay131,OK,1,1
1.2.276.0.7230010.3.1.3.17436516.2140373.1720639963.780631,dcmqi / bamf_aimi_annotations,dcmqi,bamf_aimi_annotations,acrin_nsclc_fdg_pet,OK,1,1
1.2.276.0.7230010.3.1.3.17436516.853179.1722972142.782055,dcmqi / bamf_aimi_annotations,dcmqi,bamf_aimi_annotations,upenn_gbm,OK,1,1
1.2.276.0.7230010.3.1.3.1565948079.2848.1345143794.80,not identifiable from index / qiba_volct_1b,not identifiable from index,qiba_volct_1b,rider_lung_ct,OK,1,1
1.3.6.1.4.1.14519.5.2.1.7695.4164.128197071361997488390844041174,not identifiable from index / (null),not identifiable from index,(null),acrin_6698,OK,1,1
1.3.6.1.4.1.14519.5.2.1.7695.4164.226604025056392837574363132545,not identifiable from index / (null),not identifiable from index,(null),acrin_6698,OK,1,1
1.3.6.1.4.1.14519.5.2.1.7695.4164.257953496134312867030846885224,not identifiable from index / (null),not identifiable from index,(null),acrin_6698,OK,1,1
1.2.826.0.1.3680043.8.498.11424089269180811680662299937153338078,highdicom / eay131_tumor_annotations,highdicom,eay131_tumor_annotations,eay131,OK,1,1
1.3.6.1.4.1.14519.5.2.1.7695.4164.110192081424874190681962950270,not identifiable from index / (null),not identifiable from index,(null),acrin_6698,OK,1,1
1.2.826.0.1.3680043.8.498.12198049574821941732804763659975276415,highdicom / eay131_tumor_annotations,highdicom,eay131_tumor_annotations,eay131,OK,1,1
1.2.276.0.7230010.3.1.3.1231426215.1428.1345546849.235,not identifiable from index / qiba_volct_1b,not identifiable from index,qiba_volct_1b,rider_pilot,OK,1,1
1.2.826.0.1.3680043.8.498.11331673680314832941672154001730970254,highdicom / eay131_tumor_annotations,highdicom,eay131_tumor_annotations,eay131,OK,1,1
1.3.6.1.4.1.14519.5.2.1.123055592247993761022413303948833522648,highdicom / (null),highdicom,(null),psma_pet_ct_lesions,OK,1,1
1.2.276.0.7230010.3.1.3.17436516.783621.1722971817.297673,dcmqi / bamf_aimi_annotations,dcmqi,bamf_aimi_annotations,upenn_gbm,OK,1,1
1.2.276.0.7230010.3.1.3.481037312.309541.1761249746.991687,dcmqi / nlstseg,dcmqi,nlstseg,nlst,OK,1,1
1.2.276.0.7230010.3.1.3.481037312.54432.1761241125.240485,dcmqi / nlstseg,dcmqi,nlstseg,nlst,OK,1,1
1.2.276.0.7230010.3.1.3.481037312.296540.1761249283.999416,dcmqi / nlstseg,dcmqi,nlstseg,nlst,OK,1,1
1.2.276.0.7230010.3.1.3.481037312.276452.1761248565.932992,dcmqi / nlstseg,dcmqi,nlstseg,nlst,OK,1,1
1.2.276.0.7230010.3.1.3.481037312.265177.1761248183.227739,dcmqi / nlstseg,dcmqi,nlstseg,nlst,OK,1,1
1.2.276.0.7230010.3.1.3.481037312.207656.1761246220.156730,dcmqi / nlstseg,dcmqi,nlstseg,nlst,OK,1,1
1.2.276.0.7230010.3.1.3.481037312.14098.1761239827.122174,dcmqi / nlstseg,dcmqi,nlstseg,nlst,OK,1,1
1.2.276.0.7230010.3.1.3.481037312.488684.1761256642.112898,dcmqi / nlstseg,dcmqi,nlstseg,nlst,OK,1,1
1.2.276.0.7230010.3.1.3.481037312.189834.1761245622.388986,dcmqi / nlstseg,dcmqi,nlstseg,nlst,OK,1,1
1.2.276.0.7230010.3.1.3.481037312.27846.1761240257.682614,dcmqi / nlstseg,dcmqi,nlstseg,nlst,OK,1,1
1.2.276.0.7230010.3.1.3.481037312.112669.1761243048.167869,dcmqi / nlstseg,dcmqi,nlstseg,nlst,OK,1,1
1.3.6.1.4.1.14519.5.2.1.7695.1700.161412263597254681432081187611,not identifiable from index / (null),not identifiable from index,(null),ispy1,OK,1,1
1.2.276.0.7230010.3.1.3.481037312.376856.1761252036.267620,dcmqi / nlstseg,dcmqi,nlstseg,nlst,OK,1,1
1.2.276.0.7230010.3.1.3.481037312.482467.1761256369.792989,dcmqi / nlstseg,dcmqi,nlstseg,nlst,OK,1,1
1.2.276.0.7230010.3.1.3.0.35854.1553319962.99053,dcmqi / dicom_lidc_idri_nodules,dcmqi,dicom_lidc_idri_nodules,lidc_idri,OK,1,1
1.2.276.0.7230010.3.1.3.481037312.151129.1761244316.66769,dcmqi / nlstseg,dcmqi,nlstseg,nlst,OK,1,1
1.2.276.0.7230010.3.1.3.481037312.555163.1761259545.855222,dcmqi / nlstseg,dcmqi,nlstseg,nlst,OK,1,1
1.2.276.0.7230010.3.1.3.481037312.410799.1761253450.475470,dcmqi / nlstseg,dcmqi,nlstseg,nlst,OK,1,1
1.2.276.0.7230010.3.1.3.481037312.603417.1761261543.756936,dcmqi / nlstseg,dcmqi,nlstseg,nlst,OK,1,1
1.2.276.0.7230010.3.1.3.0.51887.1553337280.380130,dcmqi / dicom_lidc_idri_nodules,dcmqi,dicom_lidc_idri_nodules,lidc_idri,OK,1,1
1.2.276.0.7230010.3.1.3.0.23905.1553307074.570047,dcmqi / dicom_lidc_idri_nodules,dcmqi,dicom_lidc_idri_nodules,lidc_idri,OK,1,1
1.2.276.0.7230010.3.1.3.0.40251.1553324474.318805,dcmqi / dicom_lidc_idri_nodules,dcmqi,dicom_lidc_idri_nodules,lidc_idri,OK,1,1
1.2.276.0.7230010.3.1.3.0.18299.1553301072.870977,dcmqi / dicom_lidc_idri_nodules,dcmqi,dicom_lidc_idri_nodules,lidc_idri,OK,1,1
1.2.276.0.7230010.3.1.3.0.14742.1553297537.595071,dcmqi / dicom_lidc_idri_nodules,dcmqi,dicom_lidc_idri_nodules,lidc_idri,OK,1,1
1.2.276.0.7230010.3.1.3.481037312.188811.1761245584.20391,dcmqi / nlstseg,dcmqi,nlstseg,nlst,OK,1,1
1.2.826.0.1.3680043.8.498.65154473442138064250185962580732877187,highdicom / eay131_tumor_annotations,highdicom,eay131_tumor_annotations,eay131,OK,1,1
1.2.276.0.7230010.3.1.3.481037312.145100.1761244108.953823,dcmqi / nlstseg,dcmqi,nlstseg,nlst,OK,1,1
1.2.276.0.7230010.3.1.3.481037312.44487.1761240776.946290,dcmqi / nlstseg,dcmqi,nlstseg,nlst,OK,1,1
1.3.6.1.4.1.14519.5.2.1.4334.1501.506664860945200196289903165327,not identifiable from index / (null),not identifiable from index,(null),nsclc_radiogenomics,OK,1,1
1.3.6.1.4.1.14519.5.2.1.81446300011398062446454222868302892841,dcmqi / (null),dcmqi,(null),mediastinal_lymph_node_seg,OK,1,1
1.3.6.1.4.1.14519.5.2.1.15703014421029414689840597638772105576,dcmqi / (null),dcmqi,(null),mediastinal_lymph_node_seg,OK,1,1
1.3.6.1.4.1.14519.5.2.1.51550108033219337667199048851012458153,dcmqi / (null),dcmqi,(null),mediastinal_lymph_node_seg,OK,1,1
1.3.6.1.4.1.14519.5.2.1.261208262838114351288771486712349498348,dcmqi / (null),dcmqi,(null),mediastinal_lymph_node_seg,OK,1,1
1.3.6.1.4.1.14519.5.2.1.310467473788949043085529045334666917943,dcmqi / (null),dcmqi,(null),mediastinal_lymph_node_seg,OK,1,1
1.3.6.1.4.1.14519.5.2.1.157136282541301726638164459491813818252,dcmqi / (null),dcmqi,(null),mediastinal_lymph_node_seg,OK,1,1
1.2.826.0.1.3680043.8.498.10299696607367479575786940335147683502,highdicom / eay131_tumor_annotations,highdicom,eay131_tumor_annotations,eay131,OK,1,1
1.3.6.1.4.1.14519.5.2.1.5371240710004471140473670341930386626,pydicom-seg / (null),pydicom-seg,(null),rider_lung_ct,OK,1,1
1.3.6.1.4.1.14519.5.2.1.134384310664302493163416271029240983225,pydicom-seg / (null),pydicom-seg,(null),rider_lung_ct,OK,1,1
1.3.6.1.4.1.14519.5.2.1.207867025650265412323501038360447828768,pydicom-seg / (null),pydicom-seg,(null),rider_lung_ct,OK,1,1
1.3.6.1.4.1.14519.5.2.1.156626292971770178069917323958277602738,pydicom-seg / (null),pydicom-seg,(null),rider_lung_ct,OK,1,1
1.2.276.0.7230010.3.1.3.17436516.884128.1722972309.160400,dcmqi / bamf_aimi_annotations,dcmqi,bamf_aimi_annotations,upenn_gbm,OK,1,1
1.2.826.0.1.3680043.8.498.59682285832783400682597244453645482814,highdicom / eay131_tumor_annotations,highdicom,eay131_tumor_annotations,eay131,OK,1,1
1.2.826.0.1.3680043.10.511.3.89564464490122611869634384801172471,not identifiable from index / tcga_sbu_til_maps,not identifiable from index,tcga_sbu_til_maps,tcga_ucec,OK,1,1
1.2.276.0.7230010.3.1.3.0.40862.1698535098.251087,dcmqi / prostate_mri_us_biopsy_dicom_annotations,dcmqi,prostate_mri_us_biopsy_dicom_annotations,prostate_mri_us_biopsy,OK,1,1
1.2.276.0.7230010.3.1.3.0.39946.1698534730.348822,dcmqi / prostate_mri_us_biopsy_dicom_annotations,dcmqi,prostate_mri_us_biopsy_dicom_annotations,prostate_mri_us_biopsy,OK,1,1
1.2.276.0.7230010.3.1.3.0.40213.1698534806.117018,dcmqi / prostate_mri_us_biopsy_dicom_annotations,dcmqi,prostate_mri_us_biopsy_dicom_annotations,prostate_mri_us_biopsy,OK,1,1
1.2.276.0.7230010.3.1.3.296485376.151.1698112477.533540,dcmqi / bamf_aimi_annotations,dcmqi,bamf_aimi_annotations,prostate_mri_us_biopsy,OK,1,1
1.2.276.0.7230010.3.1.3.296485376.151.1698111361.555167,dcmqi / bamf_aimi_annotations,dcmqi,bamf_aimi_annotations,prostate_mri_us_biopsy,OK,1,1
1.2.276.0.7230010.3.1.3.4148549909.2120.1344861903.537,not identifiable from index / qiba_volct_1b,not identifiable from index,qiba_volct_1b,rider_lung_ct,OK,1,1
1.3.6.1.4.1.14519.5.2.1.45698840283436648514929115458362115637,highdicom / (null),highdicom,(null),psma_pet_ct_lesions,OK,1,1
1.3.6.1.4.1.14519.5.2.1.48846489867217545490276777231877319638,highdicom / (null),highdicom,(null),psma_pet_ct_lesions,OK,1,1
1.2.826.0.1.3680043.10.511.3.16047697448031793593174465521349383,not identifiable from index / tcga_sbu_til_maps,not identifiable from index,tcga_sbu_til_maps,tcga_blca,OK,1,1
1.2.826.0.1.3680043.10.511.3.44953716329479227522812776412373134,not identifiable from index / tcga_sbu_til_maps,not identifiable from index,tcga_sbu_til_maps,tcga_paad,OK,1,1
1.2.276.0.7230010.3.1.3.17436516.633497.1722970998.170104,dcmqi / bamf_aimi_annotations,dcmqi,bamf_aimi_annotations,upenn_gbm,OK,1,1
1.2.826.0.1.3680043.8.498.89800955653941802411781425271276377866,highdicom / eay131_tumor_annotations,highdicom,eay131_tumor_annotations,eay131,OK,1,1
1.2.276.0.7230010.3.1.3.17436516.309079.1696966698.134963,dcmqi / bamf_aimi_annotations,dcmqi,bamf_aimi_annotations,qin_breast,OK,1,1
1.2.826.0.1.3680043.10.511.3.72897681484134032402885690023082046,not identifiable from index / tcga_sbu_til_maps,not identifiable from index,tcga_sbu_til_maps,tcga_thym,OK,1,1
1.2.826.0.1.3680043.8.498.82643146192132914177599433752585427209,highdicom / eay131_tumor_annotations,highdicom,eay131_tumor_annotations,eay131,OK,1,1
1.2.826.0.1.3680043.8.498.13022393763112670774968530691835982773,highdicom / eay131_tumor_annotations,highdicom,eay131_tumor_annotations,eay131,OK,1,1
1.2.276.0.7230010.3.1.3.1031255639.2200.1345988955.452,not identifiable from index / qiba_volct_1b,not identifiable from index,qiba_volct_1b,rider_lung_ct,OK,1,1
1.2.276.0.7230010.3.1.3.17436516.3938089.1714918261.249615,dcmqi / bamf_aimi_annotations,dcmqi,bamf_aimi_annotations,prostate_mri_us_biopsy,OK,1,1
1.3.6.1.4.1.14519.5.2.1.295983303830047250347964700650778924440,highdicom / (null),highdicom,(null),psma_pet_ct_lesions,OK,1,1
1.2.276.0.7230010.3.1.3.17436516.2151381.1720640127.301220,dcmqi / bamf_aimi_annotations,dcmqi,bamf_aimi_annotations,acrin_nsclc_fdg_pet,OK,1,1
1.2.826.0.1.3680043.8.498.88690413932159967954155406584243451108,highdicom / eay131_tumor_annotations,highdicom,eay131_tumor_annotations,eay131,OK,1,1
1.2.276.0.7230010.3.1.3.0.43641.1698536945.122136,dcmqi / prostate_mri_us_biopsy_dicom_annotations,dcmqi,prostate_mri_us_biopsy_dicom_annotations,prostate_mri_us_biopsy,OK,1,1
1.2.276.0.7230010.3.1.3.0.44907.1698537186.687770,dcmqi / prostate_mri_us_biopsy_dicom_annotations,dcmqi,prostate_mri_us_biopsy_dicom_annotations,prostate_mri_us_biopsy,OK,1,1
1.2.826.0.1.3680043.8.498.11525509443214057202145707880007621214,highdicom / eay131_tumor_annotations,highdicom,eay131_tumor_annotations,eay131,OK,1,1
1.2.276.0.7230010.3.1.3.17436516.693050.1722971324.869134,dcmqi / bamf_aimi_annotations,dcmqi,bamf_aimi_annotations,upenn_gbm,OK,1,1
1.2.276.0.7230010.3.1.3.17436516.772745.1722971760.412863,dcmqi / bamf_aimi_annotations,dcmqi,bamf_aimi_annotations,upenn_gbm,OK,1,1
1.2.276.0.7230010.3.1.3.17436516.619250.1722970920.960222,dcmqi / bamf_aimi_annotations,dcmqi,bamf_aimi_annotations,upenn_gbm,OK,1,1
1.2.276.0.7230010.3.1.3.17436516.790740.1722971852.38007,dcmqi / bamf_aimi_annotations,dcmqi,bamf_aimi_annotations,upenn_gbm,OK,1,1
1.2.826.0.1.3680043.8.498.52871106725079011629484806660349144918,highdicom / eay131_tumor_annotations,highdicom,eay131_tumor_annotations,eay131,OK,1,1
1.2.276.0.7230010.3.1.3.1231426215.2484.1345555478.112,not identifiable from index / qiba_volct_1b,not identifiable from index,qiba_volct_1b,rider_lung_ct,OK,1,1
1.2.276.0.7230010.3.1.3.296485376.151.1698103158.965058,dcmqi / bamf_aimi_annotations,dcmqi,bamf_aimi_annotations,prostate_mri_us_biopsy,OK,1,1
1.2.276.0.7230010.3.1.3.296485376.151.1698098621.284735,dcmqi / bamf_aimi_annotations,dcmqi,bamf_aimi_annotations,prostate_mri_us_biopsy,OK,1,1
1.2.276.0.7230010.3.1.3.0.40343.1698534869.690683,dcmqi / prostate_mri_us_biopsy_dicom_annotations,dcmqi,prostate_mri_us_biopsy_dicom_annotations,prostate_mri_us_biopsy,OK,1,1
1.2.276.0.7230010.3.1.3.296485376.151.1698107543.859540,dcmqi / bamf_aimi_annotations,dcmqi,bamf_aimi_annotations,prostate_mri_us_biopsy,OK,1,1
1.2.826.0.1.3680043.8.498.11452300977757768397023593309672513155,highdicom / eay131_tumor_annotations,highdicom,eay131_tumor_annotations,eay131,OK,1,1
1.2.826.0.1.3680043.8.498.14370716716896518331535247507411923610,highdicom / eay131_tumor_annotations,highdicom,eay131_tumor_annotations,eay131,OK,1,1
1.2.826.0.1.3680043.8.498.59174901144531218116643427347901957442,highdicom / eay131_tumor_annotations,highdicom,eay131_tumor_annotations,eay131,OK,1,1
1.2.826.0.1.3680043.10.511.3.43118858757425621210248647390662418,not identifiable from index / tcga_sbu_til_maps,not identifiable from index,tcga_sbu_til_maps,tcga_ov,OK,1,1
1.2.826.0.1.3680043.8.498.11329765297824255690056729838114340572,highdicom / eay131_tumor_annotations,highdicom,eay131_tumor_annotations,eay131,OK,1,1
1.2.276.0.7230010.3.1.3.17436516.917763.1691079689.423077,dcmqi / bamf_aimi_annotations,dcmqi,bamf_aimi_annotations,prostatex,OK,1,1
1.2.276.0.7230010.3.1.3.17436516.909822.1691079636.413283,dcmqi / bamf_aimi_annotations,dcmqi,bamf_aimi_annotations,prostatex,OK,1,1
1.2.826.0.1.3680043.8.498.10469993119121661314979972981469598705,highdicom / eay131_tumor_annotations,highdicom,eay131_tumor_annotations,eay131,OK,1,1
1.2.826.0.1.3680043.8.498.77227702961870161444319480611457667382,highdicom / eay131_tumor_annotations,highdicom,eay131_tumor_annotations,eay131,OK,1,1
1.2.826.0.1.3680043.10.511.3.95881832648750921435355974037618357,not identifiable from index / tcga_sbu_til_maps,not identifiable from index,tcga_sbu_til_maps,tcga_blca,OK,1,1
1.2.276.0.7230010.3.1.3.17436516.885433.1722972317.17535,dcmqi / bamf_aimi_annotations,dcmqi,bamf_aimi_annotations,upenn_gbm,OK,1,1
1.3.6.1.4.1.14519.5.2.1.316737125222628279481421202041243692876,highdicom / (null),highdicom,(null),psma_pet_ct_lesions,OK,1,1
1.3.6.1.4.1.14519.5.2.1.57629470665311976456176553725168845419,highdicom / (null),highdicom,(null),psma_pet_ct_lesions,OK,1,1
1.2.826.0.1.3680043.8.498.34720705887293522540503366758081250840,highdicom / eay131_tumor_annotations,highdicom,eay131_tumor_annotations,eay131,OK,1,1
1.2.826.0.1.3680043.8.498.46571095382476650741564636618367242380,highdicom / eay131_tumor_annotations,highdicom,eay131_tumor_annotations,eay131,OK,1,1
1.3.6.1.4.1.14519.5.2.1.330654114167138473782195741628099098468,highdicom / (null),highdicom,(null),psma_pet_ct_lesions,OK,1,1
1.2.276.0.7230010.3.1.3.17436516.922217.1722972523.50011,dcmqi / bamf_aimi_annotations,dcmqi,bamf_aimi_annotations,upenn_gbm,OK,1,1
1.3.6.1.4.1.14519.5.2.1.156481031810968954069110172646253902863,highdicom / (null),highdicom,(null),psma_pet_ct_lesions,OK,1,1
1.2.276.0.7230010.3.1.3.17436516.918209.1722972502.719373,dcmqi / bamf_aimi_annotations,dcmqi,bamf_aimi_annotations,upenn_gbm,OK,1,1
1.2.826.0.1.3680043.8.498.89065190084792060633497012142690736177,highdicom / eay131_tumor_annotations,highdicom,eay131_tumor_annotations,eay131,OK,1,1
1.2.276.0.7230010.3.1.3.481037312.180846.1761245314.291285,dcmqi / nlstseg,dcmqi,nlstseg,nlst,OK,1,1
1.2.276.0.7230010.3.1.3.481037312.38592.1761240591.317714,dcmqi / nlstseg,dcmqi,nlstseg,nlst,OK,1,1
1.2.276.0.7230010.3.1.3.481037312.184820.1761245449.685383,dcmqi / nlstseg,dcmqi,nlstseg,nlst,OK,1,1
1.2.276.0.7230010.3.1.3.481037312.515405.1761257759.550629,dcmqi / nlstseg,dcmqi,nlstseg,nlst,OK,1,1
1.2.276.0.7230010.3.1.3.481037312.173802.1761245059.137565,dcmqi / nlstseg,dcmqi,nlstseg,nlst,OK,1,1
1.2.276.0.7230010.3.1.3.481037312.502861.1761257195.50640,dcmqi / nlstseg,dcmqi,nlstseg,nlst,OK,1,1
1.2.826.0.1.3680043.8.498.92182099859775386784846511087931759643,highdicom / eay131_tumor_annotations,highdicom,eay131_tumor_annotations,eay131,OK,1,1
1.2.276.0.7230010.3.1.3.481037312.51458.1761241023.856034,dcmqi / nlstseg,dcmqi,nlstseg,nlst,OK,1,1
1.2.276.0.7230010.3.1.3.481037312.551997.1761259395.733804,dcmqi / nlstseg,dcmqi,nlstseg,nlst,OK,1,1
1.2.276.0.7230010.3.1.3.481037312.570471.1761260175.203266,dcmqi / nlstseg,dcmqi,nlstseg,nlst,OK,1,1
1.2.276.0.7230010.3.1.3.481037312.480462.1761256298.270236,dcmqi / nlstseg,dcmqi,nlstseg,nlst,OK,1,1
1.2.276.0.7230010.3.1.3.481037312.416106.1761253707.70453,dcmqi / nlstseg,dcmqi,nlstseg,nlst,OK,1,1
1.2.276.0.7230010.3.1.3.481037312.447793.1761254996.90245,dcmqi / nlstseg,dcmqi,nlstseg,nlst,OK,1,1
1.2.276.0.7230010.3.1.3.481037312.598157.1761261307.129851,dcmqi / nlstseg,dcmqi,nlstseg,nlst,OK,1,1
1.2.276.0.7230010.3.1.3.0.34367.1553318253.783040,dcmqi / dicom_lidc_idri_nodules,dcmqi,dicom_lidc_idri_nodules,lidc_idri,OK,1,1
1.2.276.0.7230010.3.1.3.0.26923.1553310228.861303,dcmqi / dicom_lidc_idri_nodules,dcmqi,dicom_lidc_idri_nodules,lidc_idri,OK,1,1
1.2.276.0.7230010.3.1.3.17436516.2348102.1693014548.674193,dcmqi / bamf_aimi_annotations,dcmqi,bamf_aimi_annotations,tcga_kirc,OK,1,1
1.3.6.1.4.1.14519.5.2.1.4334.1501.476990039931604624534123588542,not identifiable from index / (null),not identifiable from index,(null),nsclc_radiogenomics,OK,1,1
1.3.6.1.4.1.14519.5.2.1.109908905043449787169506511735981654056,dcmqi / (null),dcmqi,(null),mediastinal_lymph_node_seg,OK,1,1
1.3.6.1.4.1.14519.5.2.1.131710158064862378560904674166983854322,dcmqi / (null),dcmqi,(null),mediastinal_lymph_node_seg,OK,1,1
1.2.826.0.1.3680043.8.498.25119800498406020850525784200347106413,highdicom / eay131_tumor_annotations,highdicom,eay131_tumor_annotations,eay131,OK,1,1
1.3.6.1.4.1.14519.5.2.1.198745544896283615889139610223096020467,dcmqi / (null),dcmqi,(null),mediastinal_lymph_node_seg,OK,1,1
1.3.6.1.4.1.14519.5.2.1.163049917922107344533861522152505356983,dcmqi / (null),dcmqi,(null),mediastinal_lymph_node_seg,OK,1,1
1.3.6.1.4.1.14519.5.2.1.33605492022330700106327625384322031759,dcmqi / (null),dcmqi,(null),mediastinal_lymph_node_seg,OK,1,1
1.3.6.1.4.1.14519.5.2.1.89555461918525631527058968144930115080,dcmqi / (null),dcmqi,(null),mediastinal_lymph_node_seg,OK,1,1
1.3.6.1.4.1.14519.5.2.1.87221379076428047449173612309952436934,dcmqi / (null),dcmqi,(null),mediastinal_lymph_node_seg,OK,1,1
1.3.6.1.4.1.14519.5.2.1.270221605272118125474664686676194144537,pydicom-seg / (null),pydicom-seg,(null),rider_lung_ct,OK,1,1
1.3.6.1.4.1.14519.5.2.1.8786801867588136576168499797231776018,pydicom-seg / (null),pydicom-seg,(null),rider_lung_ct,OK,1,1
1.3.6.1.4.1.14519.5.2.1.168076354810863640912284854798943533225,pydicom-seg / (null),pydicom-seg,(null),rider_lung_ct,OK,1,1
1.3.6.1.4.1.14519.5.2.1.4748100544523389612450507568600858559,pydicom-seg / (null),pydicom-seg,(null),rider_lung_ct,OK,1,1
1.3.6.1.4.1.14519.5.2.1.251089168057778419200869806196532184775,pydicom-seg / (null),pydicom-seg,(null),rider_lung_ct,OK,1,1
1.3.6.1.4.1.14519.5.2.1.146936099626439670625040748480548200760,pydicom-seg / (null),pydicom-seg,(null),rider_lung_ct,OK,1,1
1.2.826.0.1.3680043.8.498.10445491838456982325923649127551923274,highdicom / eay131_tumor_annotations,highdicom,eay131_tumor_annotations,eay131,OK,1,1
1.2.826.0.1.3680043.10.511.3.11955534627787071562791110295937301,not identifiable from index / tcga_sbu_til_maps,not identifiable from index,tcga_sbu_til_maps,tcga_esca,OK,1,1
1.3.6.1.4.1.14519.5.2.1.256347973356119490783793109817481857576,dcmqi / (null),dcmqi,(null),remind,OK,1,1
1.2.826.0.1.3680043.8.498.12268513886860070062314167064989725089,highdicom / eay131_tumor_annotations,highdicom,eay131_tumor_annotations,eay131,OK,1,1
1.2.826.0.1.3680043.10.511.3.15056278197048266312382728490272772,not identifiable from index / tcga_sbu_til_maps,not identifiable from index,tcga_sbu_til_maps,tcga_kirc,OK,1,1
1.2.276.0.7230010.3.1.3.17436516.604861.1722970845.279912,dcmqi / bamf_aimi_annotations,dcmqi,bamf_aimi_annotations,upenn_gbm,OK,1,1
1.2.276.0.7230010.3.1.3.17436516.680673.1722971248.718660,dcmqi / bamf_aimi_annotations,dcmqi,bamf_aimi_annotations,upenn_gbm,OK,1,1
1.2.826.0.1.3680043.10.511.3.48729681475789179558608402228761074,not identifiable from index / tcga_sbu_til_maps,not identifiable from index,tcga_sbu_til_maps,tcga_coad,OK,1,1
1.2.276.0.7230010.3.1.3.17436516.579176.1722970721.467351,dcmqi / bamf_aimi_annotations,dcmqi,bamf_aimi_annotations,upenn_gbm,OK,1,1
1.2.276.0.7230010.3.1.3.17436516.850331.1722972125.791009,dcmqi / bamf_aimi_annotations,dcmqi,bamf_aimi_annotations,upenn_gbm,OK,1,1
1.3.6.1.4.1.14519.5.2.1.94473657387538546443140143875482010948,highdicom / (null),highdicom,(null),psma_pet_ct_lesions,OK,1,1
1.2.826.0.1.3680043.8.498.12219221962987403027787970837189431263,highdicom / eay131_tumor_annotations,highdicom,eay131_tumor_annotations,eay131,OK,1,1
1.2.826.0.1.3680043.8.498.39084590585749999172975060850358697121,highdicom / eay131_tumor_annotations,highdicom,eay131_tumor_annotations,eay131,OK,1,1
1.3.6.1.4.1.14519.5.2.1.47530119709869538065986836463609443001,highdicom / (null),highdicom,(null),psma_pet_ct_lesions,OK,1,1
1.2.276.0.7230010.3.1.3.3426864066.1628.1345223534.319,not identifiable from index / qiba_volct_1b,not identifiable from index,qiba_volct_1b,rider_lung_ct,OK,1,1
1.2.826.0.1.3680043.8.498.10763408467942971988099585777509044695,highdicom / eay131_tumor_annotations,highdicom,eay131_tumor_annotations,eay131,OK,1,1
1.2.276.0.7230010.3.1.3.17436516.627342.1722970968.836617,dcmqi / bamf_aimi_annotations,dcmqi,bamf_aimi_annotations,upenn_gbm,OK,1,1
1.2.826.0.1.3680043.8.498.68097142231015334470733298496188291689,highdicom / eay131_tumor_annotations,highdicom,eay131_tumor_annotations,eay131,OK,1,1
1.2.826.0.1.3680043.8.498.10044526818456455286472588129396183946,highdicom / eay131_tumor_annotations,highdicom,eay131_tumor_annotations,eay131,OK,1,1
1.2.276.0.7230010.3.1.3.17436516.3929355.1714918247.537802,dcmqi / bamf_aimi_annotations,dcmqi,bamf_aimi_annotations,prostate_mri_us_biopsy,OK,1,1
1.3.6.1.4.1.14519.5.2.1.31047262073707544797718045188649251040,highdicom / (null),highdicom,(null),psma_pet_ct_lesions,OK,1,1
1.3.6.1.4.1.14519.5.2.1.277695190774298426598123436776515039620,highdicom / (null),highdicom,(null),psma_pet_ct_lesions,OK,1,1
1.2.826.0.1.3680043.8.498.45877193838375513480269831280334804368,highdicom / eay131_tumor_annotations,highdicom,eay131_tumor_annotations,eay131,OK,1,1
1.2.276.0.7230010.3.1.3.17436516.798887.1722971894.71436,dcmqi / bamf_aimi_annotations,dcmqi,bamf_aimi_annotations,upenn_gbm,OK,1,1
1.2.276.0.7230010.3.1.3.17436516.678846.1722971238.179001,dcmqi / bamf_aimi_annotations,dcmqi,bamf_aimi_annotations,upenn_gbm,OK,1,1
1.2.826.0.1.3680043.8.498.37257212924864205013277928646408256853,highdicom / eay131_tumor_annotations,highdicom,eay131_tumor_annotations,eay131,OK,1,1
1.2.276.0.7230010.3.1.3.17436516.854994.1722972148.322751,dcmqi / bamf_aimi_annotations,dcmqi,bamf_aimi_annotations,upenn_gbm,OK,1,1
1.3.6.1.4.1.14519.5.2.1.110896162214539257782469250737226662123,highdicom / (null),highdicom,(null),psma_pet_ct_lesions,OK,1,1
1.3.6.1.4.1.14519.5.2.1.145270833348688265052395897757412016486,highdicom / (null),highdicom,(null),psma_pet_ct_lesions,OK,1,1
1.3.6.1.4.1.14519.5.2.1.92014464645159520256500200182011880809,highdicom / (null),highdicom,(null),psma_pet_ct_lesions,OK,1,1
1.2.276.0.7230010.3.1.3.17436516.881305.1722972295.695745,dcmqi / bamf_aimi_annotations,dcmqi,bamf_aimi_annotations,upenn_gbm,OK,1,1
1.2.826.0.1.3680043.8.498.86459748872677968512755823276397038811,highdicom / eay131_tumor_annotations,highdicom,eay131_tumor_annotations,eay131,OK,1,1
1.3.6.1.4.1.14519.5.2.1.95294866978363189358384284932524552594,highdicom / (null),highdicom,(null),psma_pet_ct_lesions,OK,1,1
1.2.826.0.1.3680043.8.498.12020931917479002151894861222498238842,highdicom / eay131_tumor_annotations,highdicom,eay131_tumor_annotations,eay131,OK,1,1
1.2.826.0.1.3680043.8.498.10547167598241833887063212557327306509,highdicom / eay131_tumor_annotations,highdicom,eay131_tumor_annotations,eay131,OK,1,1
1.3.6.1.4.1.14519.5.2.1.20643289466075794858522185065537915691,highdicom / (null),highdicom,(null),psma_pet_ct_lesions,OK,1,1
1.2.276.0.7230010.3.1.3.17436516.2347490.1720643245.710100,dcmqi / bamf_aimi_annotations,dcmqi,bamf_aimi_annotations,acrin_nsclc_fdg_pet,OK,1,1
1.2.826.0.1.3680043.8.498.21888143085662968358233077845475592302,highdicom / eay131_tumor_annotations,highdicom,eay131_tumor_annotations,eay131,OK,1,1
1.3.6.1.4.1.14519.5.2.1.254660077384688504228823454047519866226,highdicom / (null),highdicom,(null),psma_pet_ct_lesions,OK,1,1
1.2.276.0.7230010.3.1.3.1231426215.2584.1345553306.537,not identifiable from index / qiba_volct_1b,not identifiable from index,qiba_volct_1b,rider_lung_ct,OK,1,1
1.2.276.0.7230010.3.1.3.1231426215.1548.1345733446.112,not identifiable from index / qiba_volct_1b,not identifiable from index,qiba_volct_1b,rider_lung_ct,OK,1,1
1.3.6.1.4.1.14519.5.2.1.112765558231055348070086746778770587166,highdicom / (null),highdicom,(null),psma_pet_ct_lesions,OK,1,1
1.2.276.0.7230010.3.1.3.481037312.186834.1761245517.866085,dcmqi / nlstseg,dcmqi,nlstseg,nlst,OK,1,1
1.2.276.0.7230010.3.1.3.481037312.272157.1761248426.229680,dcmqi / nlstseg,dcmqi,nlstseg,nlst,OK,1,1
1.2.276.0.7230010.3.1.3.481037312.164948.1761244771.593039,dcmqi / nlstseg,dcmqi,nlstseg,nlst,OK,1,1
1.2.276.0.7230010.3.1.3.481037312.63339.1761241416.474126,dcmqi / nlstseg,dcmqi,nlstseg,nlst,OK,1,1
1.2.276.0.7230010.3.1.3.481037312.236278.1761247169.414346,dcmqi / nlstseg,dcmqi,nlstseg,nlst,OK,1,1
1.2.276.0.7230010.3.1.3.481037312.564345.1761259922.455033,dcmqi / nlstseg,dcmqi,nlstseg,nlst,OK,1,1
1.2.276.0.7230010.3.1.3.481037312.341219.1761250824.176698,dcmqi / nlstseg,dcmqi,nlstseg,nlst,OK,1,1
1.2.276.0.7230010.3.1.3.481037312.156074.1761244483.37220,dcmqi / nlstseg,dcmqi,nlstseg,nlst,OK,1,1
1.2.276.0.7230010.3.1.3.481037312.104796.1761242792.484891,dcmqi / nlstseg,dcmqi,nlstseg,nlst,OK,1,1
1.2.276.0.7230010.3.1.3.17436516.889375.1691079497.262292,dcmqi / bamf_aimi_annotations,dcmqi,bamf_aimi_annotations,prostatex,OK,1,1
1.2.276.0.7230010.3.1.3.481037312.594167.1761261160.532090,dcmqi / nlstseg,dcmqi,nlstseg,nlst,OK,1,1
1.2.276.0.7230010.3.1.3.0.30476.1553314129.467219,dcmqi / dicom_lidc_idri_nodules,dcmqi,dicom_lidc_idri_nodules,lidc_idri,OK,1,1
1.2.276.0.7230010.3.1.3.0.25920.1553309132.508547,dcmqi / dicom_lidc_idri_nodules,dcmqi,dicom_lidc_idri_nodules,lidc_idri,OK,1,1
1.2.276.0.7230010.3.1.3.0.34752.1553318777.147682,dcmqi / dicom_lidc_idri_nodules,dcmqi,dicom_lidc_idri_nodules,lidc_idri,OK,1,1
1.2.276.0.7230010.3.1.3.0.42969.1553327424.593592,dcmqi / dicom_lidc_idri_nodules,dcmqi,dicom_lidc_idri_nodules,lidc_idri,OK,1,1
1.2.276.0.7230010.3.1.3.0.66093.1553352956.650913,dcmqi / dicom_lidc_idri_nodules,dcmqi,dicom_lidc_idri_nodules,lidc_idri,OK,1,1
1.2.276.0.7230010.3.1.3.0.38282.1553322403.638509,dcmqi / dicom_lidc_idri_nodules,dcmqi,dicom_lidc_idri_nodules,lidc_idri,OK,1,1
1.2.276.0.7230010.3.1.3.0.89826.1553284376.450777,dcmqi / dicom_lidc_idri_nodules,dcmqi,dicom_lidc_idri_nodules,lidc_idri,OK,1,1
1.3.6.1.4.1.14519.5.2.1.150055312037308197160032433092865148374,dcmqi / (null),dcmqi,(null),mediastinal_lymph_node_seg,OK,1,1
1.3.6.1.4.1.14519.5.2.1.268130607836501927231561614116121008794,pydicom-seg / (null),pydicom-seg,(null),rider_lung_ct,OK,1,1
1.3.6.1.4.1.14519.5.2.1.332819669976451774335623642332633584405,pydicom-seg / (null),pydicom-seg,(null),rider_lung_ct,OK,1,1
1.3.6.1.4.1.14519.5.2.1.319851304453229943240767870055138101780,pydicom-seg / (null),pydicom-seg,(null),rider_lung_ct,OK,1,1
1.2.826.0.1.3680043.8.498.57922927497063913196738541084201489398,highdicom / eay131_tumor_annotations,highdicom,eay131_tumor_annotations,eay131,OK,1,1
1.2.276.0.7230010.3.1.3.0.44786.1698537133.934146,dcmqi / prostate_mri_us_biopsy_dicom_annotations,dcmqi,prostate_mri_us_biopsy_dicom_annotations,prostate_mri_us_biopsy,OK,1,1
1.2.276.0.7230010.3.1.3.3286681592.2284.1344865936.289,not identifiable from index / qiba_volct_1b,not identifiable from index,qiba_volct_1b,rider_lung_ct,OK,1,1
1.2.276.0.7230010.3.1.3.17436516.631421.1722970985.409743,dcmqi / bamf_aimi_annotations,dcmqi,bamf_aimi_annotations,upenn_gbm,OK,1,1
1.3.6.1.4.1.14519.5.2.1.174603591615346343367323820172135214532,highdicom / (null),highdicom,(null),psma_pet_ct_lesions,OK,1,1
1.2.826.0.1.3680043.8.498.12565039911286142243936694872724425152,highdicom / eay131_tumor_annotations,highdicom,eay131_tumor_annotations,eay131,OK,1,1
1.2.276.0.7230010.3.1.3.17436516.686103.1722971281.877961,dcmqi / bamf_aimi_annotations,dcmqi,bamf_aimi_annotations,upenn_gbm,OK,1,1
1.2.276.0.7230010.3.1.3.296485376.151.1698103505.599543,dcmqi / bamf_aimi_annotations,dcmqi,bamf_aimi_annotations,prostate_mri_us_biopsy,OK,1,1
1.3.6.1.4.1.14519.5.2.1.101738016064261585586178866636707577657,highdicom / (null),highdicom,(null),psma_pet_ct_lesions,OK,1,1
1.3.6.1.4.1.14519.5.2.1.283783767455699616899450073145594096875,highdicom / (null),highdicom,(null),psma_pet_ct_lesions,OK,1,1
1.2.276.0.7230010.3.1.3.4148549909.2120.1344861277.374,not identifiable from index / qiba_volct_1b,not identifiable from index,qiba_volct_1b,rider_lung_ct,OK,1,1
1.2.826.0.1.3680043.8.498.13295817610517436031074424764926121593,highdicom / eay131_tumor_annotations,highdicom,eay131_tumor_annotations,eay131,OK,1,1
1.2.276.0.7230010.3.1.3.17436516.919631.1722972511.846980,dcmqi / bamf_aimi_annotations,dcmqi,bamf_aimi_annotations,upenn_gbm,OK,1,1
1.3.6.1.4.1.14519.5.2.1.208793611466022614696829997803911438070,highdicom / (null),highdicom,(null),psma_pet_ct_lesions,OK,1,1
1.2.826.0.1.3680043.8.498.10928140892385770094482750662066366949,highdicom / eay131_tumor_annotations,highdicom,eay131_tumor_annotations,eay131,OK,1,1
1.2.826.0.1.3680043.8.498.97843460583984487456737127131326262710,highdicom / eay131_tumor_annotations,highdicom,eay131_tumor_annotations,eay131,OK,1,1
1.2.826.0.1.3680043.8.498.10801372110839206559811207530228337827,highdicom / eay131_tumor_annotations,highdicom,eay131_tumor_annotations,eay131,OK,1,1
1.2.826.0.1.3680043.8.498.13064338488198383063114894079524627230,highdicom / eay131_tumor_annotations,highdicom,eay131_tumor_annotations,eay131,OK,1,1
1.3.6.1.4.1.14519.5.2.1.119774093224408396500606039228843952499,highdicom / (null),highdicom,(null),psma_pet_ct_lesions,OK,1,1
1.3.6.1.4.1.14519.5.2.1.319412606460164519068094622053553660523,highdicom / (null),highdicom,(null),psma_pet_ct_lesions,OK,1,1
1.3.6.1.4.1.14519.5.2.1.85873062368000652709549474375103102278,highdicom / (null),highdicom,(null),psma_pet_ct_lesions,OK,1,1
1.2.276.0.7230010.3.1.3.0.42735.1698536614.761947,dcmqi / prostate_mri_us_biopsy_dicom_annotations,dcmqi,prostate_mri_us_biopsy_dicom_annotations,prostate_mri_us_biopsy,OK,1,1
1.2.276.0.7230010.3.1.3.0.40863.1698535098.763288,dcmqi / prostate_mri_us_biopsy_dicom_annotations,dcmqi,prostate_mri_us_biopsy_dicom_annotations,prostate_mri_us_biopsy,OK,1,1
1.2.826.0.1.3680043.8.498.11375627949019131493757926294272871181,highdicom / eay131_tumor_annotations,highdicom,eay131_tumor_annotations,eay131,OK,1,1
1.2.276.0.7230010.3.1.3.1231426215.1108.1345548836.27,not identifiable from index / qiba_volct_1b,not identifiable from index,qiba_volct_1b,rider_lung_ct,OK,1,1
1.2.826.0.1.3680043.8.498.50351124293960165039984997050719680215,highdicom / eay131_tumor_annotations,highdicom,eay131_tumor_annotations,eay131,OK,1,1
1.2.826.0.1.3680043.8.498.20034837138521598304561865187218364348,highdicom / eay131_tumor_annotations,highdicom,eay131_tumor_annotations,eay131,OK,1,1
1.2.826.0.1.3680043.8.498.10949714988043160248807977203334170045,highdicom / eay131_tumor_annotations,highdicom,eay131_tumor_annotations,eay131,OK,1,1
1.2.826.0.1.3680043.8.498.10692592807351749487158039653510110404,highdicom / eay131_tumor_annotations,highdicom,eay131_tumor_annotations,eay131,OK,1,1
1.2.826.0.1.3680043.8.498.11945539518278751538996390241779152628,highdicom / eay131_tumor_annotations,highdicom,eay131_tumor_annotations,eay131,OK,1,1
1.2.276.0.7230010.3.1.3.1231426215.888.1345737965.204,not identifiable from index / qiba_volct_1b,not identifiable from index,qiba_volct_1b,rider_lung_ct,OK,1,1
1.2.276.0.7230010.3.1.3.0.23802.1674507715.612124,dcmqi / (null),dcmqi,(null),ct_lymph_nodes,OK,1,1
1.2.276.0.7230010.3.1.3.481037312.25887.1761240196.568029,dcmqi / nlstseg,dcmqi,nlstseg,nlst,OK,1,1
1.2.276.0.7230010.3.1.3.481037312.211633.1761246354.186367,dcmqi / nlstseg,dcmqi,nlstseg,nlst,OK,1,1
1.3.6.1.4.1.14519.5.2.1.163611720530856776152856788570877243379,highdicom / (null),highdicom,(null),psma_pet_ct_lesions,OK,1,1
1.2.276.0.7230010.3.1.3.481037312.8266.1761239652.619303,dcmqi / nlstseg,dcmqi,nlstseg,nlst,OK,1,1
1.2.276.0.7230010.3.1.3.0.21539.1674506166.821146,dcmqi / (null),dcmqi,(null),ct_lymph_nodes,OK,1,1
1.2.276.0.7230010.3.1.3.481037312.150159.1761244286.106171,dcmqi / nlstseg,dcmqi,nlstseg,nlst,OK,1,1
1.2.276.0.7230010.3.1.3.481037312.327343.1761250346.509923,dcmqi / nlstseg,dcmqi,nlstseg,nlst,OK,1,1
1.2.276.0.7230010.3.1.3.481037312.307517.1761249667.145492,dcmqi / nlstseg,dcmqi,nlstseg,nlst,OK,1,1
1.2.276.0.7230010.3.1.3.0.32363.1553316127.31545,dcmqi / dicom_lidc_idri_nodules,dcmqi,dicom_lidc_idri_nodules,lidc_idri,OK,1,1
1.2.826.0.1.3680043.8.498.15564724180306427970529670178504697287,highdicom / eay131_tumor_annotations,highdicom,eay131_tumor_annotations,eay131,OK,1,1
1.2.276.0.7230010.3.1.3.0.20230.1553303156.563202,dcmqi / dicom_lidc_idri_nodules,dcmqi,dicom_lidc_idri_nodules,lidc_idri,OK,1,1
1.2.276.0.7230010.3.1.3.0.58942.1553345149.376157,dcmqi / dicom_lidc_idri_nodules,dcmqi,dicom_lidc_idri_nodules,lidc_idri,OK,1,1
1.2.276.0.7230010.3.1.3.0.59281.1553345569.458552,dcmqi / dicom_lidc_idri_nodules,dcmqi,dicom_lidc_idri_nodules,lidc_idri,OK,1,1
1.2.276.0.7230010.3.1.3.0.60216.1553346576.650103,dcmqi / dicom_lidc_idri_nodules,dcmqi,dicom_lidc_idri_nodules,lidc_idri,OK,1,1
1.2.276.0.7230010.3.1.3.0.32767.1553316597.480500,dcmqi / dicom_lidc_idri_nodules,dcmqi,dicom_lidc_idri_nodules,lidc_idri,OK,1,1
1.2.276.0.7230010.3.1.3.481037312.103713.1761242740.28514,dcmqi / nlstseg,dcmqi,nlstseg,nlst,OK,1,1
1.3.6.1.4.1.14519.5.2.1.184063281139745724800362854130795539177,dcmqi / (null),dcmqi,(null),mediastinal_lymph_node_seg,OK,1,1
1.3.6.1.4.1.14519.5.2.1.118524136048901352676220206276358573121,dcmqi / (null),dcmqi,(null),mediastinal_lymph_node_seg,OK,1,1
1.3.6.1.4.1.14519.5.2.1.240998186658945317513110588746744172793,dcmqi / (null),dcmqi,(null),mediastinal_lymph_node_seg,OK,1,1
1.3.6.1.4.1.14519.5.2.1.163486971965901553202190889405816007383,pydicom-seg / (null),pydicom-seg,(null),rider_lung_ct,OK,1,1
1.2.276.0.7230010.3.1.3.17436516.799664.1722971899.2434,dcmqi / bamf_aimi_annotations,dcmqi,bamf_aimi_annotations,upenn_gbm,OK,1,1
1.3.6.1.4.1.14519.5.2.1.96943300668235408241101974843810555026,highdicom / (null),highdicom,(null),psma_pet_ct_lesions,OK,1,1
1.2.276.0.7230010.3.1.3.1231426215.1548.1345733586.197,not identifiable from index / qiba_volct_1b,not identifiable from index,qiba_volct_1b,rider_lung_ct,OK,1,1
1.2.826.0.1.3680043.8.498.11639034696748442555436693431766683594,highdicom / eay131_tumor_annotations,highdicom,eay131_tumor_annotations,eay131,OK,1,1
1.2.276.0.7230010.3.1.3.17436516.2628898.1720647232.124860,dcmqi / bamf_aimi_annotations,dcmqi,bamf_aimi_annotations,acrin_nsclc_fdg_pet,OK,1,1
1.2.826.0.1.3680043.8.498.78513287777454392262174449142264353637,highdicom / eay131_tumor_annotations,highdicom,eay131_tumor_annotations,eay131,OK,1,1
1.2.276.0.7230010.3.1.3.17436516.861346.1722972186.7216,dcmqi / bamf_aimi_annotations,dcmqi,bamf_aimi_annotations,upenn_gbm,OK,1,1
1.2.826.0.1.3680043.8.498.26798609576251628979263937561673907422,highdicom / eay131_tumor_annotations,highdicom,eay131_tumor_annotations,eay131,OK,1,1
1.2.826.0.1.3680043.8.498.94087133931529569882592922202127619079,highdicom / eay131_tumor_annotations,highdicom,eay131_tumor_annotations,eay131,OK,1,1
1.2.276.0.7230010.3.1.3.3496549722.2052.1315786250.101,not identifiable from index / (null),not identifiable from index,(null),qiba_ct_1c,OK,1,1
1.2.276.0.7230010.3.1.3.1231426215.1548.1345733586.204,not identifiable from index / qiba_volct_1b,not identifiable from index,qiba_volct_1b,rider_lung_ct,OK,1,1
1.2.276.0.7230010.3.1.3.17436516.2835257.1720648599.871462,dcmqi / bamf_aimi_annotations,dcmqi,bamf_aimi_annotations,nsclc_radiogenomics,OK,1,1
1.2.276.0.7230010.3.1.3.1231426215.1428.1345547908.490,not identifiable from index / qiba_volct_1b,not identifiable from index,qiba_volct_1b,rider_lung_ct,OK,1,1
1.3.6.1.4.1.14519.5.2.1.84087029198873914633252140810217499593,highdicom / (null),highdicom,(null),psma_pet_ct_lesions,OK,1,1
1.2.826.0.1.3680043.8.498.64139563839876830225018660654773848835,highdicom / eay131_tumor_annotations,highdicom,eay131_tumor_annotations,eay131,OK,1,1
1.2.826.0.1.3680043.8.498.13076924726980406157130415302163932082,highdicom / eay131_tumor_annotations,highdicom,eay131_tumor_annotations,eay131,OK,1,1
1.2.276.0.7230010.3.1.3.1231426215.1108.1345549611.367,not identifiable from index / qiba_volct_1b,not identifiable from index,qiba_volct_1b,rider_lung_ct,OK,1,1
1.2.276.0.7230010.3.1.3.17436516.2352245.1720643310.401576,dcmqi / bamf_aimi_annotations,dcmqi,bamf_aimi_annotations,acrin_nsclc_fdg_pet,OK,1,1
1.2.276.0.7230010.3.1.3.17436516.2830377.1720648562.338004,dcmqi / bamf_aimi_annotations,dcmqi,bamf_aimi_annotations,nsclc_radiogenomics,OK,1,1
1.2.826.0.1.3680043.8.498.13380792657623623621711128337267415532,highdicom / eay131_tumor_annotations,highdicom,eay131_tumor_annotations,eay131,OK,1,1
1.3.6.1.4.1.14519.5.2.1.170092261270305739109714835448540202865,highdicom / (null),highdicom,(null),psma_pet_ct_lesions,OK,1,1
1.3.6.1.4.1.14519.5.2.1.51517369542658751964334682151602967470,highdicom / (null),highdicom,(null),psma_pet_ct_lesions,OK,1,1
1.3.6.1.4.1.14519.5.2.1.7695.4164.322624095577957932077177972932,not identifiable from index / (null),not identifiable from index,(null),acrin_6698,OK,1,1
1.3.6.1.4.1.14519.5.2.1.7695.4164.324344943398384538784999966472,not identifiable from index / (null),not identifiable from index,(null),acrin_6698,OK,1,1
1.3.6.1.4.1.14519.5.2.1.7695.4164.619181030718109280629749432871,not identifiable from index / (null),not identifiable from index,(null),acrin_6698,OK,1,1
1.2.826.0.1.3680043.8.498.11981049236249995641764317530076169176,highdicom / eay131_tumor_annotations,highdicom,eay131_tumor_annotations,eay131,OK,1,1
1.2.276.0.7230010.3.1.3.17436516.803812.1722971919.255665,dcmqi / bamf_aimi_annotations,dcmqi,bamf_aimi_annotations,upenn_gbm,OK,1,1
1.3.6.1.4.1.14519.5.2.1.7695.1700.298301235065193967288089396809,not identifiable from index / (null),not identifiable from index,(null),ispy1,OK,1,1
1.2.276.0.7230010.3.1.3.481037312.110718.1761242986.25404,dcmqi / nlstseg,dcmqi,nlstseg,nlst,OK,1,1
1.2.276.0.7230010.3.1.3.481037312.84992.1761242126.145486,dcmqi / nlstseg,dcmqi,nlstseg,nlst,OK,1,1
1.2.276.0.7230010.3.1.3.481037312.177879.1761245213.631562,dcmqi / nlstseg,dcmqi,nlstseg,nlst,OK,1,1
1.2.276.0.7230010.3.1.3.481037312.331292.1761250483.507992,dcmqi / nlstseg,dcmqi,nlstseg,nlst,OK,1,1
1.2.826.0.1.3680043.8.498.35137436997877861680493549468377362665,highdicom / eay131_tumor_annotations,highdicom,eay131_tumor_annotations,eay131,OK,1,1
1.2.276.0.7230010.3.1.3.481037312.522544.1761258053.404908,dcmqi / nlstseg,dcmqi,nlstseg,nlst,OK,1,1
1.2.276.0.7230010.3.1.3.481037312.255290.1761247846.805392,dcmqi / nlstseg,dcmqi,nlstseg,nlst,OK,1,1
1.2.276.0.7230010.3.1.3.481037312.432653.1761254412.336823,dcmqi / nlstseg,dcmqi,nlstseg,nlst,OK,1,1
1.2.276.0.7230010.3.1.3.481037312.79124.1761241939.843166,dcmqi / nlstseg,dcmqi,nlstseg,nlst,OK,1,1
1.2.276.0.7230010.3.1.3.0.32365.1553316135.359987,dcmqi / dicom_lidc_idri_nodules,dcmqi,dicom_lidc_idri_nodules,lidc_idri,OK,1,1
1.2.276.0.7230010.3.1.3.0.27898.1553311295.427169,dcmqi / dicom_lidc_idri_nodules,dcmqi,dicom_lidc_idri_nodules,lidc_idri,OK,1,1
1.2.276.0.7230010.3.1.3.0.53102.1553338663.274926,dcmqi / dicom_lidc_idri_nodules,dcmqi,dicom_lidc_idri_nodules,lidc_idri,OK,1,1
1.2.276.0.7230010.3.1.3.0.39291.1553323472.914112,dcmqi / dicom_lidc_idri_nodules,dcmqi,dicom_lidc_idri_nodules,lidc_idri,OK,1,1
1.2.276.0.7230010.3.1.3.0.59285.1553345581.619891,dcmqi / dicom_lidc_idri_nodules,dcmqi,dicom_lidc_idri_nodules,lidc_idri,OK,1,1
1.3.6.1.4.1.14519.5.2.1.329609179725323816622718204253770784556,dcmqi / (null),dcmqi,(null),mediastinal_lymph_node_seg,OK,1,1
1.3.6.1.4.1.14519.5.2.1.18535537247699193729624260720472690608,highdicom / (null),highdicom,(null),psma_pet_ct_lesions,OK,1,1
1.3.6.1.4.1.14519.5.2.1.80791599090288374277677132535423303583,dcmqi / (null),dcmqi,(null),mediastinal_lymph_node_seg,OK,1,1
1.3.6.1.4.1.14519.5.2.1.212764093757992470904893719436765958816,dcmqi / (null),dcmqi,(null),mediastinal_lymph_node_seg,OK,1,1
1.2.276.0.7230010.3.1.3.481037312.61318.1761241344.986616,dcmqi / nlstseg,dcmqi,nlstseg,nlst,OK,1,1
1.3.6.1.4.1.14519.5.2.1.331472778753732687309043379680120872309,pydicom-seg / (null),pydicom-seg,(null),rider_lung_ct,OK,1,1
1.3.6.1.4.1.14519.5.2.1.184581269333344502550563917408770605346,pydicom-seg / (null),pydicom-seg,(null),rider_lung_ct,OK,1,1
1.2.826.0.1.3680043.8.498.79503541943954565084200214456050086730,highdicom / eay131_tumor_annotations,highdicom,eay131_tumor_annotations,eay131,OK,1,1
1.2.826.0.1.3680043.8.498.91711297281634985563875570227600107282,highdicom / eay131_tumor_annotations,highdicom,eay131_tumor_annotations,eay131,OK,1,1
1.2.276.0.7230010.3.1.3.17436516.693826.1722971329.682707,dcmqi / bamf_aimi_annotations,dcmqi,bamf_aimi_annotations,upenn_gbm,OK,1,1
1.2.276.0.7230010.3.1.3.17436516.764511.1722971714.466152,dcmqi / bamf_aimi_annotations,dcmqi,bamf_aimi_annotations,upenn_gbm,OK,1,1
1.2.826.0.1.3680043.8.498.83616640022978955147741711073044532663,highdicom / eay131_tumor_annotations,highdicom,eay131_tumor_annotations,eay131,OK,1,1
1.3.6.1.4.1.14519.5.2.1.147333934097075954211186940587436972647,highdicom / (null),highdicom,(null),psma_pet_ct_lesions,OK,1,1
1.2.276.0.7230010.3.1.3.17436516.658869.1722971132.286894,dcmqi / bamf_aimi_annotations,dcmqi,bamf_aimi_annotations,upenn_gbm,OK,1,1
1.2.276.0.7230010.3.1.3.1231426215.1472.1345739694.452,not identifiable from index / qiba_volct_1b,not identifiable from index,qiba_volct_1b,rider_lung_ct,OK,1,1
1.2.276.0.7230010.3.1.3.505801377.2780.1345914389.27,not identifiable from index / qiba_volct_1b,not identifiable from index,qiba_volct_1b,rider_lung_ct,OK,1,1
1.3.6.1.4.1.14519.5.2.1.178931537086157117776675683132771085262,highdicom / (null),highdicom,(null),psma_pet_ct_lesions,OK,1,1
1.3.6.1.4.1.14519.5.2.1.65476378024951069202827264916924103826,highdicom / (null),highdicom,(null),psma_pet_ct_lesions,OK,1,1
1.3.6.1.4.1.14519.5.2.1.13300047521607018651305750622589243293,highdicom / (null),highdicom,(null),psma_pet_ct_lesions,OK,1,1
1.2.826.0.1.3680043.8.498.64310150387120513923773835145616135429,highdicom / eay131_tumor_annotations,highdicom,eay131_tumor_annotations,eay131,OK,1,1
1.2.276.0.7230010.3.1.3.17436516.608872.1722970864.675176,dcmqi / bamf_aimi_annotations,dcmqi,bamf_aimi_annotations,upenn_gbm,OK,1,1
1.2.276.0.7230010.3.1.3.17436516.636501.1722971014.700688,dcmqi / bamf_aimi_annotations,dcmqi,bamf_aimi_annotations,upenn_gbm,OK,1,1
1.2.826.0.1.3680043.8.498.48843769484422843096838259248181792933,highdicom / eay131_tumor_annotations,highdicom,eay131_tumor_annotations,eay131,OK,1,1
1.2.276.0.7230010.3.1.3.1031255639.1400.1345987116.112,not identifiable from index / qiba_volct_1b,not identifiable from index,qiba_volct_1b,rider_lung_ct,OK,1,1
1.3.6.1.4.1.14519.5.2.1.290381023120073279310814786244672492970,highdicom / (null),highdicom,(null),psma_pet_ct_lesions,OK,1,1
1.2.276.0.7230010.3.1.3.309938702.2428.1345118530.27,not identifiable from index / qiba_volct_1b,not identifiable from index,qiba_volct_1b,rider_lung_ct,OK,1,1
1.2.276.0.7230010.3.1.3.505801377.2044.1345985076.282,not identifiable from index / qiba_volct_1b,not identifiable from index,qiba_volct_1b,rider_lung_ct,OK,1,1
1.3.6.1.4.1.14519.5.2.1.140658478217993787129653183625192119532,highdicom / (null),highdicom,(null),psma_pet_ct_lesions,OK,1,1
1.3.6.1.4.1.14519.5.2.1.144769272813351762661276354612609509450,highdicom / (null),highdicom,(null),psma_pet_ct_lesions,OK,1,1
1.3.6.1.4.1.14519.5.2.1.275270960487979664118593865853250444200,highdicom / (null),highdicom,(null),psma_pet_ct_lesions,OK,1,1
1.2.826.0.1.3680043.8.498.65859537182689265198415192552590514663,highdicom / eay131_tumor_annotations,highdicom,eay131_tumor_annotations,eay131,OK,1,1
1.2.826.0.1.3680043.8.498.76486258408981192537274609912871139522,highdicom / eay131_tumor_annotations,highdicom,eay131_tumor_annotations,eay131,OK,1,1
1.2.276.0.7230010.3.1.3.481037312.108713.1761242915.930270,dcmqi / nlstseg,dcmqi,nlstseg,nlst,OK,1,1
1.2.276.0.7230010.3.1.3.481037312.275469.1761248532.171891,dcmqi / nlstseg,dcmqi,nlstseg,nlst,OK,1,1
1.2.276.0.7230010.3.1.3.481037312.94836.1761242440.98749,dcmqi / nlstseg,dcmqi,nlstseg,nlst,OK,1,1
1.2.276.0.7230010.3.1.3.481037312.531073.1761258454.708448,dcmqi / nlstseg,dcmqi,nlstseg,nlst,OK,1,1
1.2.276.0.7230010.3.1.3.481037312.401551.1761253060.577864,dcmqi / nlstseg,dcmqi,nlstseg,nlst,OK,1,1
1.2.276.0.7230010.3.1.3.481037312.526630.1761258217.755096,dcmqi / nlstseg,dcmqi,nlstseg,nlst,OK,1,1
1.2.276.0.7230010.3.1.3.481037312.491784.1761256776.635609,dcmqi / nlstseg,dcmqi,nlstseg,nlst,OK,1,1
1.2.276.0.7230010.3.1.3.0.42171.1553326543.435534,dcmqi / dicom_lidc_idri_nodules,dcmqi,dicom_lidc_idri_nodules,lidc_idri,OK,1,1
1.2.276.0.7230010.3.1.3.481037312.420241.1761253888.162179,dcmqi / nlstseg,dcmqi,nlstseg,nlst,OK,1,1
1.2.276.0.7230010.3.1.3.0.35182.1553319186.851619,dcmqi / dicom_lidc_idri_nodules,dcmqi,dicom_lidc_idri_nodules,lidc_idri,OK,1,1
1.2.276.0.7230010.3.1.3.0.49642.1553334810.520882,dcmqi / dicom_lidc_idri_nodules,dcmqi,dicom_lidc_idri_nodules,lidc_idri,OK,1,1
1.2.276.0.7230010.3.1.3.0.23309.1553306381.165299,dcmqi / dicom_lidc_idri_nodules,dcmqi,dicom_lidc_idri_nodules,lidc_idri,OK,1,1
1.2.276.0.7230010.3.1.3.0.41517.1553325929.239846,dcmqi / dicom_lidc_idri_nodules,dcmqi,dicom_lidc_idri_nodules,lidc_idri,OK,1,1
1.3.6.1.4.1.14519.5.2.1.184499846787533974271699916035919849369,highdicom / (null),highdicom,(null),psma_pet_ct_lesions,OK,1,1
1.2.276.0.7230010.3.1.3.481037312.248211.1761247595.73081,dcmqi / nlstseg,dcmqi,nlstseg,nlst,OK,1,1
1.2.276.0.7230010.3.1.3.481037312.501786.1761257142.293638,dcmqi / nlstseg,dcmqi,nlstseg,nlst,OK,1,1
1.3.6.1.4.1.14519.5.2.1.171551411929473147028769021271404435234,dcmqi / (null),dcmqi,(null),mediastinal_lymph_node_seg,OK,1,1
1.3.6.1.4.1.14519.5.2.1.76117374247308726680787423203451050234,pydicom-seg / (null),pydicom-seg,(null),rider_lung_ct,OK,1,1
1.3.6.1.4.1.14519.5.2.1.73104935526866644898489225584108748560,pydicom-seg / (null),pydicom-seg,(null),rider_lung_ct,OK,1,1
1.3.6.1.4.1.14519.5.2.1.40071895503052571636401888595876724814,pydicom-seg / (null),pydicom-seg,(null),rider_lung_ct,OK,1,1
1.3.6.1.4.1.14519.5.2.1.3776546994928216408824454727025510173,highdicom / (null),highdicom,(null),psma_pet_ct_lesions,OK,1,1
1.3.6.1.4.1.14519.5.2.1.88979390875673228352700069036865260419,highdicom / (null),highdicom,(null),psma_pet_ct_lesions,OK,1,1
1.2.826.0.1.3680043.8.498.10998101595286063731437517638486162092,highdicom / eay131_tumor_annotations,highdicom,eay131_tumor_annotations,eay131,OK,1,1
1.2.826.0.1.3680043.8.498.23844600888509356855190130157696619887,highdicom / eay131_tumor_annotations,highdicom,eay131_tumor_annotations,eay131,OK,1,1
1.2.826.0.1.3680043.8.498.36392737416099631305951642932133684841,highdicom / eay131_tumor_annotations,highdicom,eay131_tumor_annotations,eay131,OK,1,1
1.2.826.0.1.3680043.8.498.12603321473842139572771064989181487470,highdicom / eay131_tumor_annotations,highdicom,eay131_tumor_annotations,eay131,OK,1,1
1.3.6.1.4.1.14519.5.2.1.7695.4164.194706415925742144304760492838,not identifiable from index / (null),not identifiable from index,(null),acrin_6698,OK,1,1
1.2.276.0.7230010.3.1.3.17436516.866276.1722972213.336063,dcmqi / bamf_aimi_annotations,dcmqi,bamf_aimi_annotations,upenn_gbm,OK,1,1
1.3.6.1.4.1.14519.5.2.1.327571240647977680049324124867957235906,highdicom / (null),highdicom,(null),psma_pet_ct_lesions,OK,1,1
1.2.826.0.1.3680043.8.498.41105619382427291017682599274166704749,highdicom / eay131_tumor_annotations,highdicom,eay131_tumor_annotations,eay131,OK,1,1
1.2.826.0.1.3680043.8.498.33607593937507601254451084471032990968,highdicom / eay131_tumor_annotations,highdicom,eay131_tumor_annotations,eay131,OK,1,1
1.2.276.0.7230010.3.1.3.1231426215.1472.1345739525.367,not identifiable from index / qiba_volct_1b,not identifiable from index,qiba_volct_1b,rider_lung_ct,OK,1,1
1.2.826.0.1.3680043.8.498.40742687722133851821450033625203261554,highdicom / eay131_tumor_annotations,highdicom,eay131_tumor_annotations,eay131,OK,1,1
1.2.826.0.1.3680043.8.498.33086458613391809587387680311091645443,highdicom / eay131_tumor_annotations,highdicom,eay131_tumor_annotations,eay131,OK,1,1
1.2.826.0.1.3680043.8.498.58744536817295425209431249333840467036,highdicom / eay131_tumor_annotations,highdicom,eay131_tumor_annotations,eay131,OK,1,1
1.2.276.0.7230010.3.1.3.3286681592.2284.1344865936.282,not identifiable from index / qiba_volct_1b,not identifiable from index,qiba_volct_1b,rider_lung_ct,OK,1,1
1.2.826.0.1.3680043.8.498.67230412729777072246103765091530958035,highdicom / eay131_tumor_annotations,highdicom,eay131_tumor_annotations,eay131,OK,1,1
1.3.6.1.4.1.14519.5.2.1.323175149672454899991498433023235574340,highdicom / (null),highdicom,(null),psma_pet_ct_lesions,OK,1,1
1.3.6.1.4.1.14519.5.2.1.7695.4164.345462483635367788777789825838,not identifiable from index / (null),not identifiable from index,(null),acrin_6698,OK,1,1
1.3.6.1.4.1.14519.5.2.1.184558284359423286833606594580264583159,highdicom / (null),highdicom,(null),psma_pet_ct_lesions,OK,1,1
1.2.276.0.7230010.3.1.3.0.43241.1698536798.142678,dcmqi / prostate_mri_us_biopsy_dicom_annotations,dcmqi,prostate_mri_us_biopsy_dicom_annotations,prostate_mri_us_biopsy,OK,1,1
1.2.276.0.7230010.3.1.3.0.41283.1698535291.24908,dcmqi / prostate_mri_us_biopsy_dicom_annotations,dcmqi,prostate_mri_us_biopsy_dicom_annotations,prostate_mri_us_biopsy,OK,1,1
1.2.276.0.7230010.3.1.3.0.44250.1698536987.724917,dcmqi / prostate_mri_us_biopsy_dicom_annotations,dcmqi,prostate_mri_us_biopsy_dicom_annotations,prostate_mri_us_biopsy,OK,1,1
1.2.276.0.7230010.3.1.3.0.40499.1698534940.688803,dcmqi / prostate_mri_us_biopsy_dicom_annotations,dcmqi,prostate_mri_us_biopsy_dicom_annotations,prostate_mri_us_biopsy,OK,1,1
1.2.276.0.7230010.3.1.3.0.40463.1698534923.358350,dcmqi / prostate_mri_us_biopsy_dicom_annotations,dcmqi,prostate_mri_us_biopsy_dicom_annotations,prostate_mri_us_biopsy,OK,1,1
1.2.276.0.7230010.3.1.3.0.39752.1698534648.297441,dcmqi / prostate_mri_us_biopsy_dicom_annotations,dcmqi,prostate_mri_us_biopsy_dicom_annotations,prostate_mri_us_biopsy,OK,1,1
1.2.276.0.7230010.3.1.3.0.40467.1698534925.369855,dcmqi / prostate_mri_us_biopsy_dicom_annotations,dcmqi,prostate_mri_us_biopsy_dicom_annotations,prostate_mri_us_biopsy,OK,1,1
1.2.276.0.7230010.3.1.3.0.45084.1698537264.594727,dcmqi / prostate_mri_us_biopsy_dicom_annotations,dcmqi,prostate_mri_us_biopsy_dicom_annotations,prostate_mri_us_biopsy,OK,1,1
1.2.276.0.7230010.3.1.3.0.40311.1698534855.426937,dcmqi / prostate_mri_us_biopsy_dicom_annotations,dcmqi,prostate_mri_us_biopsy_dicom_annotations,prostate_mri_us_biopsy,OK,1,1
1.2.276.0.7230010.3.1.3.0.44746.1698537117.609203,dcmqi / prostate_mri_us_biopsy_dicom_annotations,dcmqi,prostate_mri_us_biopsy_dicom_annotations,prostate_mri_us_biopsy,OK,1,1
1.2.276.0.7230010.3.1.3.0.41197.1698535252.400303,dcmqi / prostate_mri_us_biopsy_dicom_annotations,dcmqi,prostate_mri_us_biopsy_dicom_annotations,prostate_mri_us_biopsy,OK,1,1
1.2.276.0.7230010.3.1.3.0.45314.1698537350.675020,dcmqi / prostate_mri_us_biopsy_dicom_annotations,dcmqi,prostate_mri_us_biopsy_dicom_annotations,prostate_mri_us_biopsy,OK,1,1
1.2.276.0.7230010.3.1.3.0.39798.1698534667.213947,dcmqi / prostate_mri_us_biopsy_dicom_annotations,dcmqi,prostate_mri_us_biopsy_dicom_annotations,prostate_mri_us_biopsy,OK,1,1
1.2.276.0.7230010.3.1.3.0.41314.1698535307.522051,dcmqi / prostate_mri_us_biopsy_dicom_annotations,dcmqi,prostate_mri_us_biopsy_dicom_annotations,prostate_mri_us_biopsy,OK,1,1
1.2.276.0.7230010.3.1.3.0.45576.1698537465.456816,dcmqi / prostate_mri_us_biopsy_dicom_annotations,dcmqi,prostate_mri_us_biopsy_dicom_annotations,prostate_mri_us_biopsy,OK,1,1
1.2.276.0.7230010.3.1.3.0.44808.1698537143.169223,dcmqi / prostate_mri_us_biopsy_dicom_annotations,dcmqi,prostate_mri_us_biopsy_dicom_annotations,prostate_mri_us_biopsy,OK,1,1
1.2.276.0.7230010.3.1.3.0.39930.1698534721.785940,dcmqi / prostate_mri_us_biopsy_dicom_annotations,dcmqi,prostate_mri_us_biopsy_dicom_annotations,prostate_mri_us_biopsy,OK,1,1
1.2.276.0.7230010.3.1.3.0.41294.1698535299.391667,dcmqi / prostate_mri_us_biopsy_dicom_annotations,dcmqi,prostate_mri_us_biopsy_dicom_annotations,prostate_mri_us_biopsy,OK,1,1
1.2.276.0.7230010.3.1.3.0.39936.1698534724.925704,dcmqi / prostate_mri_us_biopsy_dicom_annotations,dcmqi,prostate_mri_us_biopsy_dicom_annotations,prostate_mri_us_biopsy,OK,1,1
1.2.276.0.7230010.3.1.3.0.45382.1698537380.203415,dcmqi / prostate_mri_us_biopsy_dicom_annotations,dcmqi,prostate_mri_us_biopsy_dicom_annotations,prostate_mri_us_biopsy,OK,1,1
1.2.276.0.7230010.3.1.3.0.44968.1698537214.182900,dcmqi / prostate_mri_us_biopsy_dicom_annotations,dcmqi,prostate_mri_us_biopsy_dicom_annotations,prostate_mri_us_biopsy,OK,1,1
1.2.276.0.7230010.3.1.3.0.39758.1698534651.432318,dcmqi / prostate_mri_us_biopsy_dicom_annotations,dcmqi,prostate_mri_us_biopsy_dicom_annotations,prostate_mri_us_biopsy,OK,1,1
1.2.276.0.7230010.3.1.3.0.44846.1698537164.483666,dcmqi / prostate_mri_us_biopsy_dicom_annotations,dcmqi,prostate_mri_us_biopsy_dicom_annotations,prostate_mri_us_biopsy,OK,1,1
1.2.276.0.7230010.3.1.3.0.41117.1698535217.751056,dcmqi / prostate_mri_us_biopsy_dicom_annotations,dcmqi,prostate_mri_us_biopsy_dicom_annotations,prostate_mri_us_biopsy,OK,1,1
1.2.276.0.7230010.3.1.3.0.40558.1698534961.345983,dcmqi / prostate_mri_us_biopsy_dicom_annotations,dcmqi,prostate_mri_us_biopsy_dicom_annotations,prostate_mri_us_biopsy,OK,1,1
1.2.276.0.7230010.3.1.3.0.45035.1698537246.176365,dcmqi / prostate_mri_us_biopsy_dicom_annotations,dcmqi,prostate_mri_us_biopsy_dicom_annotations,prostate_mri_us_biopsy,OK,1,1
1.2.276.0.7230010.3.1.3.0.39770.1698534657.926708,dcmqi / prostate_mri_us_biopsy_dicom_annotations,dcmqi,prostate_mri_us_biopsy_dicom_annotations,prostate_mri_us_biopsy,OK,1,1
1.2.276.0.7230010.3.1.3.0.40198.1698534797.687389,dcmqi / prostate_mri_us_biopsy_dicom_annotations,dcmqi,prostate_mri_us_biopsy_dicom_annotations,prostate_mri_us_biopsy,OK,1,1
1.2.276.0.7230010.3.1.3.0.40942.1698535136.865234,dcmqi / prostate_mri_us_biopsy_dicom_annotations,dcmqi,prostate_mri_us_biopsy_dicom_annotations,prostate_mri_us_biopsy,OK,1,1
1.2.276.0.7230010.3.1.3.0.39935.1698534724.288671,dcmqi / prostate_mri_us_biopsy_dicom_annotations,dcmqi,prostate_mri_us_biopsy_dicom_annotations,prostate_mri_us_biopsy,OK,1,1
1.2.276.0.7230010.3.1.3.0.41003.1698535164.923545,dcmqi / prostate_mri_us_biopsy_dicom_annotations,dcmqi,prostate_mri_us_biopsy_dicom_annotations,prostate_mri_us_biopsy,OK,1,1
1.2.276.0.7230010.3.1.3.0.42564.1698536542.620405,dcmqi / prostate_mri_us_biopsy_dicom_annotations,dcmqi,prostate_mri_us_biopsy_dicom_annotations,prostate_mri_us_biopsy,OK,1,1
1.2.276.0.7230010.3.1.3.0.44951.1698537210.173991,dcmqi / prostate_mri_us_biopsy_dicom_annotations,dcmqi,prostate_mri_us_biopsy_dicom_annotations,prostate_mri_us_biopsy,OK,1,1
1.2.276.0.7230010.3.1.3.0.45295.1698537343.926578,dcmqi / prostate_mri_us_biopsy_dicom_annotations,dcmqi,prostate_mri_us_biopsy_dicom_annotations,prostate_mri_us_biopsy,OK,1,1
1.2.276.0.7230010.3.1.3.0.41092.1698535206.531730,dcmqi / prostate_mri_us_biopsy_dicom_annotations,dcmqi,prostate_mri_us_biopsy_dicom_annotations,prostate_mri_us_biopsy,OK,1,1
1.2.276.0.7230010.3.1.3.0.43251.1698536805.101357,dcmqi / prostate_mri_us_biopsy_dicom_annotations,dcmqi,prostate_mri_us_biopsy_dicom_annotations,prostate_mri_us_biopsy,OK,1,1
1.2.276.0.7230010.3.1.3.0.43278.1698536818.312696,dcmqi / prostate_mri_us_biopsy_dicom_annotations,dcmqi,prostate_mri_us_biopsy_dicom_annotations,prostate_mri_us_biopsy,OK,1,1
1.2.276.0.7230010.3.1.3.0.44911.1698537189.929615,dcmqi / prostate_mri_us_biopsy_dicom_annotations,dcmqi,prostate_mri_us_biopsy_dicom_annotations,prostate_mri_us_biopsy,OK,1,1
1.2.276.0.7230010.3.1.3.0.43479.1698536901.133121,dcmqi / prostate_mri_us_biopsy_dicom_annotations,dcmqi,prostate_mri_us_biopsy_dicom_annotations,prostate_mri_us_biopsy,OK,1,1
1.2.276.0.7230010.3.1.3.0.40705.1698535032.97404,dcmqi / prostate_mri_us_biopsy_dicom_annotations,dcmqi,prostate_mri_us_biopsy_dicom_annotations,prostate_mri_us_biopsy,OK,1,1
1.2.276.0.7230010.3.1.3.0.44222.1698536975.220366,dcmqi / prostate_mri_us_biopsy_dicom_annotations,dcmqi,prostate_mri_us_biopsy_dicom_annotations,prostate_mri_us_biopsy,OK,1,1
1.2.276.0.7230010.3.1.3.0.44812.1698537145.817717,dcmqi / prostate_mri_us_biopsy_dicom_annotations,dcmqi,prostate_mri_us_biopsy_dicom_annotations,prostate_mri_us_biopsy,OK,1,1
1.2.276.0.7230010.3.1.3.0.43242.1698536798.738793,dcmqi / prostate_mri_us_biopsy_dicom_annotations,dcmqi,prostate_mri_us_biopsy_dicom_annotations,prostate_mri_us_biopsy,OK,1,1
1.2.276.0.7230010.3.1.3.0.43422.1698536874.920344,dcmqi / prostate_mri_us_biopsy_dicom_annotations,dcmqi,prostate_mri_us_biopsy_dicom_annotations,prostate_mri_us_biopsy,OK,1,1
1.2.276.0.7230010.3.1.3.0.40426.1698534906.312318,dcmqi / prostate_mri_us_biopsy_dicom_annotations,dcmqi,prostate_mri_us_biopsy_dicom_annotations,prostate_mri_us_biopsy,OK,1,1
1.2.276.0.7230010.3.1.3.0.41087.1698535203.263434,dcmqi / prostate_mri_us_biopsy_dicom_annotations,dcmqi,prostate_mri_us_biopsy_dicom_annotations,prostate_mri_us_biopsy,OK,1,1
1.2.276.0.7230010.3.1.3.0.40299.1698534848.316990,dcmqi / prostate_mri_us_biopsy_dicom_annotations,dcmqi,prostate_mri_us_biopsy_dicom_annotations,prostate_mri_us_biopsy,OK,1,1
1.2.276.0.7230010.3.1.3.0.40693.1698535024.701786,dcmqi / prostate_mri_us_biopsy_dicom_annotations,dcmqi,prostate_mri_us_biopsy_dicom_annotations,prostate_mri_us_biopsy,OK,1,1
1.2.276.0.7230010.3.1.3.0.43383.1698536859.596318,dcmqi / prostate_mri_us_biopsy_dicom_annotations,dcmqi,prostate_mri_us_biopsy_dicom_annotations,prostate_mri_us_biopsy,OK,1,1
1.2.276.0.7230010.3.1.3.0.40836.1698535088.536071,dcmqi / prostate_mri_us_biopsy_dicom_annotations,dcmqi,prostate_mri_us_biopsy_dicom_annotations,prostate_mri_us_biopsy,OK,1,1
1.2.276.0.7230010.3.1.3.0.40336.1698534865.92699,dcmqi / prostate_mri_us_biopsy_dicom_annotations,dcmqi,prostate_mri_us_biopsy_dicom_annotations,prostate_mri_us_biopsy,OK,1,1
1.2.276.0.7230010.3.1.3.0.39759.1698534652.83499,dcmqi / prostate_mri_us_biopsy_dicom_annotations,dcmqi,prostate_mri_us_biopsy_dicom_annotations,prostate_mri_us_biopsy,OK,1,1
1.2.276.0.7230010.3.1.3.0.40239.1698534817.65292,dcmqi / prostate_mri_us_biopsy_dicom_annotations,dcmqi,prostate_mri_us_biopsy_dicom_annotations,prostate_mri_us_biopsy,OK,1,1
1.2.276.0.7230010.3.1.3.0.41089.1698535204.624903,dcmqi / prostate_mri_us_biopsy_dicom_annotations,dcmqi,prostate_mri_us_biopsy_dicom_annotations,prostate_mri_us_biopsy,OK,1,1
1.2.276.0.7230010.3.1.3.0.42657.1698536578.824232,dcmqi / prostate_mri_us_biopsy_dicom_annotations,dcmqi,prostate_mri_us_biopsy_dicom_annotations,prostate_mri_us_biopsy,OK,1,1
1.2.276.0.7230010.3.1.3.0.43830.1698536949.633757,dcmqi / prostate_mri_us_biopsy_dicom_annotations,dcmqi,prostate_mri_us_biopsy_dicom_annotations,prostate_mri_us_biopsy,OK,1,1
1.2.276.0.7230010.3.1.3.0.45451.1698537407.926932,dcmqi / prostate_mri_us_biopsy_dicom_annotations,dcmqi,prostate_mri_us_biopsy_dicom_annotations,prostate_mri_us_biopsy,OK,1,1
1.2.276.0.7230010.3.1.3.0.40978.1698535153.202755,dcmqi / prostate_mri_us_biopsy_dicom_annotations,dcmqi,prostate_mri_us_biopsy_dicom_annotations,prostate_mri_us_biopsy,OK,1,1
1.2.276.0.7230010.3.1.3.0.42658.1698536579.543022,dcmqi / prostate_mri_us_biopsy_dicom_annotations,dcmqi,prostate_mri_us_biopsy_dicom_annotations,prostate_mri_us_biopsy,OK,1,1
1.2.276.0.7230010.3.1.3.0.43031.1698536753.947674,dcmqi / prostate_mri_us_biopsy_dicom_annotations,dcmqi,prostate_mri_us_biopsy_dicom_annotations,prostate_mri_us_biopsy,OK,1,1
1.2.276.0.7230010.3.1.3.0.44669.1698537104.136630,dcmqi / prostate_mri_us_biopsy_dicom_annotations,dcmqi,prostate_mri_us_biopsy_dicom_annotations,prostate_mri_us_biopsy,OK,1,1
1.2.276.0.7230010.3.1.3.0.42703.1698536598.888213,dcmqi / prostate_mri_us_biopsy_dicom_annotations,dcmqi,prostate_mri_us_biopsy_dicom_annotations,prostate_mri_us_biopsy,OK,1,1
1.2.276.0.7230010.3.1.3.0.43460.1698536893.46029,dcmqi / prostate_mri_us_biopsy_dicom_annotations,dcmqi,prostate_mri_us_biopsy_dicom_annotations,prostate_mri_us_biopsy,OK,1,1
1.2.276.0.7230010.3.1.3.0.43589.1698536929.106152,dcmqi / prostate_mri_us_biopsy_dicom_annotations,dcmqi,prostate_mri_us_biopsy_dicom_annotations,prostate_mri_us_biopsy,OK,1,1
1.2.276.0.7230010.3.1.3.0.44410.1698537008.968659,dcmqi / prostate_mri_us_biopsy_dicom_annotations,dcmqi,prostate_mri_us_biopsy_dicom_annotations,prostate_mri_us_biopsy,OK,1,1
1.2.276.0.7230010.3.1.3.0.44810.1698537144.477978,dcmqi / prostate_mri_us_biopsy_dicom_annotations,dcmqi,prostate_mri_us_biopsy_dicom_annotations,prostate_mri_us_biopsy,OK,1,1
1.2.276.0.7230010.3.1.3.0.45182.1698537297.235432,dcmqi / prostate_mri_us_biopsy_dicom_annotations,dcmqi,prostate_mri_us_biopsy_dicom_annotations,prostate_mri_us_biopsy,OK,1,1
1.2.276.0.7230010.3.1.3.0.42787.1698536637.161544,dcmqi / prostate_mri_us_biopsy_dicom_annotations,dcmqi,prostate_mri_us_biopsy_dicom_annotations,prostate_mri_us_biopsy,OK,1,1
1.2.276.0.7230010.3.1.3.0.44687.1698537107.208347,dcmqi / prostate_mri_us_biopsy_dicom_annotations,dcmqi,prostate_mri_us_biopsy_dicom_annotations,prostate_mri_us_biopsy,OK,1,1
1.2.276.0.7230010.3.1.3.0.45029.1698537242.779423,dcmqi / prostate_mri_us_biopsy_dicom_annotations,dcmqi,prostate_mri_us_biopsy_dicom_annotations,prostate_mri_us_biopsy,OK,1,1
1.2.276.0.7230010.3.1.3.0.45513.1698537433.41811,dcmqi / prostate_mri_us_biopsy_dicom_annotations,dcmqi,prostate_mri_us_biopsy_dicom_annotations,prostate_mri_us_biopsy,OK,1,1
1.2.276.0.7230010.3.1.3.0.45205.1698537307.68287,dcmqi / prostate_mri_us_biopsy_dicom_annotations,dcmqi,prostate_mri_us_biopsy_dicom_annotations,prostate_mri_us_biopsy,OK,1,1
1.2.276.0.7230010.3.1.3.0.45209.1698537309.91923,dcmqi / prostate_mri_us_biopsy_dicom_annotations,dcmqi,prostate_mri_us_biopsy_dicom_annotations,prostate_mri_us_biopsy,OK,1,1
1.2.276.0.7230010.3.1.3.0.40147.1698534777.729321,dcmqi / prostate_mri_us_biopsy_dicom_annotations,dcmqi,prostate_mri_us_biopsy_dicom_annotations,prostate_mri_us_biopsy,OK,1,1
1.2.276.0.7230010.3.1.3.0.40246.1698534821.568409,dcmqi / prostate_mri_us_biopsy_dicom_annotations,dcmqi,prostate_mri_us_biopsy_dicom_annotations,prostate_mri_us_biopsy,OK,1,1
1.2.276.0.7230010.3.1.3.0.40487.1698534933.699563,dcmqi / prostate_mri_us_biopsy_dicom_annotations,dcmqi,prostate_mri_us_biopsy_dicom_annotations,prostate_mri_us_biopsy,OK,1,1
1.2.276.0.7230010.3.1.3.0.40539.1698534954.906635,dcmqi / prostate_mri_us_biopsy_dicom_annotations,dcmqi,prostate_mri_us_biopsy_dicom_annotations,prostate_mri_us_biopsy,OK,1,1
1.2.276.0.7230010.3.1.3.0.43375.1698536858.254596,dcmqi / prostate_mri_us_biopsy_dicom_annotations,dcmqi,prostate_mri_us_biopsy_dicom_annotations,prostate_mri_us_biopsy,OK,1,1
1.2.276.0.7230010.3.1.3.0.43455.1698536889.919766,dcmqi / prostate_mri_us_biopsy_dicom_annotations,dcmqi,prostate_mri_us_biopsy_dicom_annotations,prostate_mri_us_biopsy,OK,1,1
1.2.276.0.7230010.3.1.3.0.43473.1698536896.340701,dcmqi / prostate_mri_us_biopsy_dicom_annotations,dcmqi,prostate_mri_us_biopsy_dicom_annotations,prostate_mri_us_biopsy,OK,1,1
1.2.276.0.7230010.3.1.3.0.40396.1698534892.326166,dcmqi / prostate_mri_us_biopsy_dicom_annotations,dcmqi,prostate_mri_us_biopsy_dicom_annotations,prostate_mri_us_biopsy,OK,1,1
1.2.276.0.7230010.3.1.3.0.40422.1698534903.670856,dcmqi / prostate_mri_us_biopsy_dicom_annotations,dcmqi,prostate_mri_us_biopsy_dicom_annotations,prostate_mri_us_biopsy,OK,1,1
1.2.276.0.7230010.3.1.3.0.40893.1698535112.539636,dcmqi / prostate_mri_us_biopsy_dicom_annotations,dcmqi,prostate_mri_us_biopsy_dicom_annotations,prostate_mri_us_biopsy,OK,1,1
1.2.276.0.7230010.3.1.3.0.39845.1698534685.885408,dcmqi / prostate_mri_us_biopsy_dicom_annotations,dcmqi,prostate_mri_us_biopsy_dicom_annotations,prostate_mri_us_biopsy,OK,1,1
1.2.276.0.7230010.3.1.3.0.40572.1698534970.30691,dcmqi / prostate_mri_us_biopsy_dicom_annotations,dcmqi,prostate_mri_us_biopsy_dicom_annotations,prostate_mri_us_biopsy,OK,1,1
1.2.276.0.7230010.3.1.3.0.43158.1698536782.975819,dcmqi / prostate_mri_us_biopsy_dicom_annotations,dcmqi,prostate_mri_us_biopsy_dicom_annotations,prostate_mri_us_biopsy,OK,1,1
1.2.276.0.7230010.3.1.3.0.40454.1698534917.949757,dcmqi / prostate_mri_us_biopsy_dicom_annotations,dcmqi,prostate_mri_us_biopsy_dicom_annotations,prostate_mri_us_biopsy,OK,1,1
1.2.276.0.7230010.3.1.3.0.40674.1698535017.482401,dcmqi / prostate_mri_us_biopsy_dicom_annotations,dcmqi,prostate_mri_us_biopsy_dicom_annotations,prostate_mri_us_biopsy,OK,1,1
1.2.276.0.7230010.3.1.3.0.43315.1698536833.683102,dcmqi / prostate_mri_us_biopsy_dicom_annotations,dcmqi,prostate_mri_us_biopsy_dicom_annotations,prostate_mri_us_biopsy,OK,1,1
1.2.276.0.7230010.3.1.3.0.44226.1698536978.3913,dcmqi / prostate_mri_us_biopsy_dicom_annotations,dcmqi,prostate_mri_us_biopsy_dicom_annotations,prostate_mri_us_biopsy,OK,1,1
1.2.276.0.7230010.3.1.3.0.40002.1698534757.351814,dcmqi / prostate_mri_us_biopsy_dicom_annotations,dcmqi,prostate_mri_us_biopsy_dicom_annotations,prostate_mri_us_biopsy,OK,1,1
1.2.276.0.7230010.3.1.3.0.41191.1698535248.532795,dcmqi / prostate_mri_us_biopsy_dicom_annotations,dcmqi,prostate_mri_us_biopsy_dicom_annotations,prostate_mri_us_biopsy,OK,1,1
1.2.276.0.7230010.3.1.3.0.41365.1698535330.124371,dcmqi / prostate_mri_us_biopsy_dicom_annotations,dcmqi,prostate_mri_us_biopsy_dicom_annotations,prostate_mri_us_biopsy,OK,1,1
1.2.276.0.7230010.3.1.3.0.43261.1698536806.353616,dcmqi / prostate_mri_us_biopsy_dicom_annotations,dcmqi,prostate_mri_us_biopsy_dicom_annotations,prostate_mri_us_biopsy,OK,1,1
1.2.276.0.7230010.3.1.3.0.44979.1698537221.555765,dcmqi / prostate_mri_us_biopsy_dicom_annotations,dcmqi,prostate_mri_us_biopsy_dicom_annotations,prostate_mri_us_biopsy,OK,1,1
1.2.276.0.7230010.3.1.3.0.44997.1698537227.979052,dcmqi / prostate_mri_us_biopsy_dicom_annotations,dcmqi,prostate_mri_us_biopsy_dicom_annotations,prostate_mri_us_biopsy,OK,1,1
1.2.276.0.7230010.3.1.3.0.43049.1698536761.81697,dcmqi / prostate_mri_us_biopsy_dicom_annotations,dcmqi,prostate_mri_us_biopsy_dicom_annotations,prostate_mri_us_biopsy,OK,1,1
1.2.276.0.7230010.3.1.3.0.43246.1698536801.947472,dcmqi / prostate_mri_us_biopsy_dicom_annotations,dcmqi,prostate_mri_us_biopsy_dicom_annotations,prostate_mri_us_biopsy,OK,1,1
1.2.276.0.7230010.3.1.3.0.44454.1698537030.487104,dcmqi / prostate_mri_us_biopsy_dicom_annotations,dcmqi,prostate_mri_us_biopsy_dicom_annotations,prostate_mri_us_biopsy,OK,1,1
1.2.276.0.7230010.3.1.3.0.44507.1698537052.668195,dcmqi / prostate_mri_us_biopsy_dicom_annotations,dcmqi,prostate_mri_us_biopsy_dicom_annotations,prostate_mri_us_biopsy,OK,1,1
1.2.276.0.7230010.3.1.3.0.45027.1698537241.211371,dcmqi / prostate_mri_us_biopsy_dicom_annotations,dcmqi,prostate_mri_us_biopsy_dicom_annotations,prostate_mri_us_biopsy,OK,1,1
1.2.276.0.7230010.3.1.3.0.40332.1698534862.501436,dcmqi / prostate_mri_us_biopsy_dicom_annotations,dcmqi,prostate_mri_us_biopsy_dicom_annotations,prostate_mri_us_biopsy,OK,1,1
1.2.276.0.7230010.3.1.3.0.39756.1698534650.166548,dcmqi / prostate_mri_us_biopsy_dicom_annotations,dcmqi,prostate_mri_us_biopsy_dicom_annotations,prostate_mri_us_biopsy,OK,1,1
1.2.276.0.7230010.3.1.3.0.41159.1698535237.126695,dcmqi / prostate_mri_us_biopsy_dicom_annotations,dcmqi,prostate_mri_us_biopsy_dicom_annotations,prostate_mri_us_biopsy,OK,1,1
1.2.276.0.7230010.3.1.3.0.44860.1698537167.810514,dcmqi / prostate_mri_us_biopsy_dicom_annotations,dcmqi,prostate_mri_us_biopsy_dicom_annotations,prostate_mri_us_biopsy,OK,1,1
1.2.276.0.7230010.3.1.3.0.45393.1698537387.833905,dcmqi / prostate_mri_us_biopsy_dicom_annotations,dcmqi,prostate_mri_us_biopsy_dicom_annotations,prostate_mri_us_biopsy,OK,1,1
1.2.276.0.7230010.3.1.3.0.40393.1698534890.972705,dcmqi / prostate_mri_us_biopsy_dicom_annotations,dcmqi,prostate_mri_us_biopsy_dicom_annotations,prostate_mri_us_biopsy,OK,1,1
1.2.276.0.7230010.3.1.3.0.44915.1698537192.521126,dcmqi / prostate_mri_us_biopsy_dicom_annotations,dcmqi,prostate_mri_us_biopsy_dicom_annotations,prostate_mri_us_biopsy,OK,1,1
1.2.276.0.7230010.3.1.3.0.45204.1698537306.428157,dcmqi / prostate_mri_us_biopsy_dicom_annotations,dcmqi,prostate_mri_us_biopsy_dicom_annotations,prostate_mri_us_biopsy,OK,1,1
1.2.276.0.7230010.3.1.3.0.40250.1698534824.971515,dcmqi / prostate_mri_us_biopsy_dicom_annotations,dcmqi,prostate_mri_us_biopsy_dicom_annotations,prostate_mri_us_biopsy,OK,1,1
1.2.276.0.7230010.3.1.3.0.40268.1698534830.989896,dcmqi / prostate_mri_us_biopsy_dicom_annotations,dcmqi,prostate_mri_us_biopsy_dicom_annotations,prostate_mri_us_biopsy,OK,1,1
1.2.276.0.7230010.3.1.3.0.43611.1698536937.680569,dcmqi / prostate_mri_us_biopsy_dicom_annotations,dcmqi,prostate_mri_us_biopsy_dicom_annotations,prostate_mri_us_biopsy,OK,1,1
1.2.276.0.7230010.3.1.3.0.40456.1698534919.349288,dcmqi / prostate_mri_us_biopsy_dicom_annotations,dcmqi,prostate_mri_us_biopsy_dicom_annotations,prostate_mri_us_biopsy,OK,1,1
1.2.276.0.7230010.3.1.3.0.40698.1698535027.993029,dcmqi / prostate_mri_us_biopsy_dicom_annotations,dcmqi,prostate_mri_us_biopsy_dicom_annotations,prostate_mri_us_biopsy,OK,1,1
1.2.276.0.7230010.3.1.3.0.43069.1698536769.58482,dcmqi / prostate_mri_us_biopsy_dicom_annotations,dcmqi,prostate_mri_us_biopsy_dicom_annotations,prostate_mri_us_biopsy,OK,1,1
1.2.276.0.7230010.3.1.3.0.43348.1698536848.296171,dcmqi / prostate_mri_us_biopsy_dicom_annotations,dcmqi,prostate_mri_us_biopsy_dicom_annotations,prostate_mri_us_biopsy,OK,1,1
1.2.276.0.7230010.3.1.3.0.44999.1698537229.302696,dcmqi / prostate_mri_us_biopsy_dicom_annotations,dcmqi,prostate_mri_us_biopsy_dicom_annotations,prostate_mri_us_biopsy,OK,1,1
1.2.276.0.7230010.3.1.3.0.40178.1698534790.578099,dcmqi / prostate_mri_us_biopsy_dicom_annotations,dcmqi,prostate_mri_us_biopsy_dicom_annotations,prostate_mri_us_biopsy,OK,1,1
1.2.276.0.7230010.3.1.3.0.40646.1698535004.922461,dcmqi / prostate_mri_us_biopsy_dicom_annotations,dcmqi,prostate_mri_us_biopsy_dicom_annotations,prostate_mri_us_biopsy,OK,1,1
1.2.276.0.7230010.3.1.3.0.43307.1698536829.25322,dcmqi / prostate_mri_us_biopsy_dicom_annotations,dcmqi,prostate_mri_us_biopsy_dicom_annotations,prostate_mri_us_biopsy,OK,1,1
1.2.276.0.7230010.3.1.3.0.43411.1698536870.354835,dcmqi / prostate_mri_us_biopsy_dicom_annotations,dcmqi,prostate_mri_us_biopsy_dicom_annotations,prostate_mri_us_biopsy,OK,1,1
1.2.276.0.7230010.3.1.3.0.45589.1698537469.912863,dcmqi / prostate_mri_us_biopsy_dicom_annotations,dcmqi,prostate_mri_us_biopsy_dicom_annotations,prostate_mri_us_biopsy,OK,1,1
1.2.276.0.7230010.3.1.3.0.41027.1698535174.589082,dcmqi / prostate_mri_us_biopsy_dicom_annotations,dcmqi,prostate_mri_us_biopsy_dicom_annotations,prostate_mri_us_biopsy,OK,1,1
1.2.276.0.7230010.3.1.3.0.43039.1698536759.439453,dcmqi / prostate_mri_us_biopsy_dicom_annotations,dcmqi,prostate_mri_us_biopsy_dicom_annotations,prostate_mri_us_biopsy,OK,1,1
1.2.276.0.7230010.3.1.3.0.43320.1698536835.744865,dcmqi / prostate_mri_us_biopsy_dicom_annotations,dcmqi,prostate_mri_us_biopsy_dicom_annotations,prostate_mri_us_biopsy,OK,1,1
1.2.276.0.7230010.3.1.3.0.44831.1698537154.637198,dcmqi / prostate_mri_us_biopsy_dicom_annotations,dcmqi,prostate_mri_us_biopsy_dicom_annotations,prostate_mri_us_biopsy,OK,1,1
1.2.276.0.7230010.3.1.3.0.45309.1698537347.856459,dcmqi / prostate_mri_us_biopsy_dicom_annotations,dcmqi,prostate_mri_us_biopsy_dicom_annotations,prostate_mri_us_biopsy,OK,1,1
1.2.276.0.7230010.3.1.3.0.41135.1698535228.974519,dcmqi / prostate_mri_us_biopsy_dicom_annotations,dcmqi,prostate_mri_us_biopsy_dicom_annotations,prostate_mri_us_biopsy,OK,1,1
1.2.276.0.7230010.3.1.3.0.45358.1698537369.947336,dcmqi / prostate_mri_us_biopsy_dicom_annotations,dcmqi,prostate_mri_us_biopsy_dicom_annotations,prostate_mri_us_biopsy,OK,1,1
1.2.276.0.7230010.3.1.3.0.40878.1698535108.478727,dcmqi / prostate_mri_us_biopsy_dicom_annotations,dcmqi,prostate_mri_us_biopsy_dicom_annotations,prostate_mri_us_biopsy,OK,1,1
1.2.276.0.7230010.3.1.3.0.41236.1698535271.477334,dcmqi / prostate_mri_us_biopsy_dicom_annotations,dcmqi,prostate_mri_us_biopsy_dicom_annotations,prostate_mri_us_biopsy,OK,1,1
1.2.276.0.7230010.3.1.3.0.42701.1698536597.511648,dcmqi / prostate_mri_us_biopsy_dicom_annotations,dcmqi,prostate_mri_us_biopsy_dicom_annotations,prostate_mri_us_biopsy,OK,1,1
1.2.276.0.7230010.3.1.3.0.43547.1698536919.785238,dcmqi / prostate_mri_us_biopsy_dicom_annotations,dcmqi,prostate_mri_us_biopsy_dicom_annotations,prostate_mri_us_biopsy,OK,1,1
1.2.276.0.7230010.3.1.3.0.45407.1698537391.628937,dcmqi / prostate_mri_us_biopsy_dicom_annotations,dcmqi,prostate_mri_us_biopsy_dicom_annotations,prostate_mri_us_biopsy,OK,1,1
1.2.276.0.7230010.3.1.3.0.42686.1698536592.355547,dcmqi / prostate_mri_us_biopsy_dicom_annotations,dcmqi,prostate_mri_us_biopsy_dicom_annotations,prostate_mri_us_biopsy,OK,1,1
1.2.276.0.7230010.3.1.3.0.44448.1698537027.76634,dcmqi / prostate_mri_us_biopsy_dicom_annotations,dcmqi,prostate_mri_us_biopsy_dicom_annotations,prostate_mri_us_biopsy,OK,1,1
1.2.276.0.7230010.3.1.3.0.45091.1698537269.362232,dcmqi / prostate_mri_us_biopsy_dicom_annotations,dcmqi,prostate_mri_us_biopsy_dicom_annotations,prostate_mri_us_biopsy,OK,1,1
1.2.276.0.7230010.3.1.3.0.40260.1698534826.116337,dcmqi / prostate_mri_us_biopsy_dicom_annotations,dcmqi,prostate_mri_us_biopsy_dicom_annotations,prostate_mri_us_biopsy,OK,1,1
1.2.276.0.7230010.3.1.3.0.40570.1698534968.736795,dcmqi / prostate_mri_us_biopsy_dicom_annotations,dcmqi,prostate_mri_us_biopsy_dicom_annotations,prostate_mri_us_biopsy,OK,1,1
1.2.276.0.7230010.3.1.3.0.41006.1698535166.883176,dcmqi / prostate_mri_us_biopsy_dicom_annotations,dcmqi,prostate_mri_us_biopsy_dicom_annotations,prostate_mri_us_biopsy,OK,1,1
1.2.276.0.7230010.3.1.3.0.41292.1698535298.72390,dcmqi / prostate_mri_us_biopsy_dicom_annotations,dcmqi,prostate_mri_us_biopsy_dicom_annotations,prostate_mri_us_biopsy,OK,1,1
1.2.276.0.7230010.3.1.3.0.44765.1698537121.89551,dcmqi / prostate_mri_us_biopsy_dicom_annotations,dcmqi,prostate_mri_us_biopsy_dicom_annotations,prostate_mri_us_biopsy,OK,1,1
1.2.276.0.7230010.3.1.3.0.39788.1698534663.740839,dcmqi / prostate_mri_us_biopsy_dicom_annotations,dcmqi,prostate_mri_us_biopsy_dicom_annotations,prostate_mri_us_biopsy,OK,1,1
1.2.276.0.7230010.3.1.3.0.40443.1698534915.672274,dcmqi / prostate_mri_us_biopsy_dicom_annotations,dcmqi,prostate_mri_us_biopsy_dicom_annotations,prostate_mri_us_biopsy,OK,1,1
1.2.276.0.7230010.3.1.3.0.42783.1698536635.711403,dcmqi / prostate_mri_us_biopsy_dicom_annotations,dcmqi,prostate_mri_us_biopsy_dicom_annotations,prostate_mri_us_biopsy,OK,1,1
1.2.276.0.7230010.3.1.3.0.42907.1698536691.282873,dcmqi / prostate_mri_us_biopsy_dicom_annotations,dcmqi,prostate_mri_us_biopsy_dicom_annotations,prostate_mri_us_biopsy,OK,1,1
1.2.276.0.7230010.3.1.3.0.40579.1698534974.693305,dcmqi / prostate_mri_us_biopsy_dicom_annotations,dcmqi,prostate_mri_us_biopsy_dicom_annotations,prostate_mri_us_biopsy,OK,1,1
1.2.276.0.7230010.3.1.3.0.40969.1698535146.369639,dcmqi / prostate_mri_us_biopsy_dicom_annotations,dcmqi,prostate_mri_us_biopsy_dicom_annotations,prostate_mri_us_biopsy,OK,1,1
1.2.276.0.7230010.3.1.3.0.40321.1698534856.766651,dcmqi / prostate_mri_us_biopsy_dicom_annotations,dcmqi,prostate_mri_us_biopsy_dicom_annotations,prostate_mri_us_biopsy,OK,1,1
1.2.276.0.7230010.3.1.3.0.41269.1698535287.756012,dcmqi / prostate_mri_us_biopsy_dicom_annotations,dcmqi,prostate_mri_us_biopsy_dicom_annotations,prostate_mri_us_biopsy,OK,1,1
1.2.276.0.7230010.3.1.3.0.44653.1698537090.934300,dcmqi / prostate_mri_us_biopsy_dicom_annotations,dcmqi,prostate_mri_us_biopsy_dicom_annotations,prostate_mri_us_biopsy,OK,1,1
1.2.276.0.7230010.3.1.3.0.44780.1698537130.126327,dcmqi / prostate_mri_us_biopsy_dicom_annotations,dcmqi,prostate_mri_us_biopsy_dicom_annotations,prostate_mri_us_biopsy,OK,1,1
1.2.276.0.7230010.3.1.3.0.45246.1698537325.335831,dcmqi / prostate_mri_us_biopsy_dicom_annotations,dcmqi,prostate_mri_us_biopsy_dicom_annotations,prostate_mri_us_biopsy,OK,1,1
1.2.276.0.7230010.3.1.3.0.40996.1698535159.521158,dcmqi / prostate_mri_us_biopsy_dicom_annotations,dcmqi,prostate_mri_us_biopsy_dicom_annotations,prostate_mri_us_biopsy,OK,1,1
1.2.276.0.7230010.3.1.3.0.45148.1698537285.362217,dcmqi / prostate_mri_us_biopsy_dicom_annotations,dcmqi,prostate_mri_us_biopsy_dicom_annotations,prostate_mri_us_biopsy,OK,1,1
1.2.276.0.7230010.3.1.3.0.45353.1698537367.93242,dcmqi / prostate_mri_us_biopsy_dicom_annotations,dcmqi,prostate_mri_us_biopsy_dicom_annotations,prostate_mri_us_biopsy,OK,1,1
1.2.276.0.7230010.3.1.3.0.40270.1698534831.641918,dcmqi / prostate_mri_us_biopsy_dicom_annotations,dcmqi,prostate_mri_us_biopsy_dicom_annotations,prostate_mri_us_biopsy,OK,1,1
1.2.276.0.7230010.3.1.3.0.42502.1698536515.485691,dcmqi / prostate_mri_us_biopsy_dicom_annotations,dcmqi,prostate_mri_us_biopsy_dicom_annotations,prostate_mri_us_biopsy,OK,1,1
1.2.276.0.7230010.3.1.3.0.42819.1698536651.498381,dcmqi / prostate_mri_us_biopsy_dicom_annotations,dcmqi,prostate_mri_us_biopsy_dicom_annotations,prostate_mri_us_biopsy,OK,1,1
1.2.276.0.7230010.3.1.3.0.43071.1698536770.432616,dcmqi / prostate_mri_us_biopsy_dicom_annotations,dcmqi,prostate_mri_us_biopsy_dicom_annotations,prostate_mri_us_biopsy,OK,1,1
1.2.276.0.7230010.3.1.3.0.44904.1698537184.875852,dcmqi / prostate_mri_us_biopsy_dicom_annotations,dcmqi,prostate_mri_us_biopsy_dicom_annotations,prostate_mri_us_biopsy,OK,1,1
1.2.276.0.7230010.3.1.3.0.39800.1698534667.885441,dcmqi / prostate_mri_us_biopsy_dicom_annotations,dcmqi,prostate_mri_us_biopsy_dicom_annotations,prostate_mri_us_biopsy,OK,1,1
1.2.276.0.7230010.3.1.3.0.43303.1698536827.95809,dcmqi / prostate_mri_us_biopsy_dicom_annotations,dcmqi,prostate_mri_us_biopsy_dicom_annotations,prostate_mri_us_biopsy,OK,1,1
1.2.276.0.7230010.3.1.3.0.43487.1698536905.593792,dcmqi / prostate_mri_us_biopsy_dicom_annotations,dcmqi,prostate_mri_us_biopsy_dicom_annotations,prostate_mri_us_biopsy,OK,1,1
1.2.276.0.7230010.3.1.3.0.40303.1698534850.968136,dcmqi / prostate_mri_us_biopsy_dicom_annotations,dcmqi,prostate_mri_us_biopsy_dicom_annotations,prostate_mri_us_biopsy,OK,1,1
1.2.276.0.7230010.3.1.3.0.43092.1698536777.754918,dcmqi / prostate_mri_us_biopsy_dicom_annotations,dcmqi,prostate_mri_us_biopsy_dicom_annotations,prostate_mri_us_biopsy,OK,1,1
1.2.276.0.7230010.3.1.3.0.44293.1698536997.327345,dcmqi / prostate_mri_us_biopsy_dicom_annotations,dcmqi,prostate_mri_us_biopsy_dicom_annotations,prostate_mri_us_biopsy,OK,1,1
1.2.276.0.7230010.3.1.3.0.39975.1698534744.620992,dcmqi / prostate_mri_us_biopsy_dicom_annotations,dcmqi,prostate_mri_us_biopsy_dicom_annotations,prostate_mri_us_biopsy,OK,1,1
1.2.276.0.7230010.3.1.3.0.41020.1698535170.862240,dcmqi / prostate_mri_us_biopsy_dicom_annotations,dcmqi,prostate_mri_us_biopsy_dicom_annotations,prostate_mri_us_biopsy,OK,1,1
1.2.276.0.7230010.3.1.3.0.41231.1698535268.475323,dcmqi / prostate_mri_us_biopsy_dicom_annotations,dcmqi,prostate_mri_us_biopsy_dicom_annotations,prostate_mri_us_biopsy,OK,1,1
1.2.276.0.7230010.3.1.3.0.42890.1698536685.518212,dcmqi / prostate_mri_us_biopsy_dicom_annotations,dcmqi,prostate_mri_us_biopsy_dicom_annotations,prostate_mri_us_biopsy,OK,1,1
1.2.276.0.7230010.3.1.3.0.41320.1698535311.550350,dcmqi / prostate_mri_us_biopsy_dicom_annotations,dcmqi,prostate_mri_us_biopsy_dicom_annotations,prostate_mri_us_biopsy,OK,1,1
1.2.276.0.7230010.3.1.3.0.43298.1698536823.695788,dcmqi / prostate_mri_us_biopsy_dicom_annotations,dcmqi,prostate_mri_us_biopsy_dicom_annotations,prostate_mri_us_biopsy,OK,1,1
1.2.276.0.7230010.3.1.3.0.44945.1698537206.300193,dcmqi / prostate_mri_us_biopsy_dicom_annotations,dcmqi,prostate_mri_us_biopsy_dicom_annotations,prostate_mri_us_biopsy,OK,1,1
1.2.276.0.7230010.3.1.3.0.40010.1698534762.535511,dcmqi / prostate_mri_us_biopsy_dicom_annotations,dcmqi,prostate_mri_us_biopsy_dicom_annotations,prostate_mri_us_biopsy,OK,1,1
1.2.276.0.7230010.3.1.3.0.40891.1698535111.240107,dcmqi / prostate_mri_us_biopsy_dicom_annotations,dcmqi,prostate_mri_us_biopsy_dicom_annotations,prostate_mri_us_biopsy,OK,1,1
1.2.276.0.7230010.3.1.3.0.40975.1698535151.864749,dcmqi / prostate_mri_us_biopsy_dicom_annotations,dcmqi,prostate_mri_us_biopsy_dicom_annotations,prostate_mri_us_biopsy,OK,1,1
1.2.276.0.7230010.3.1.3.0.40991.1698535156.424934,dcmqi / prostate_mri_us_biopsy_dicom_annotations,dcmqi,prostate_mri_us_biopsy_dicom_annotations,prostate_mri_us_biopsy,OK,1,1
1.2.276.0.7230010.3.1.3.0.41356.1698535323.442672,dcmqi / prostate_mri_us_biopsy_dicom_annotations,dcmqi,prostate_mri_us_biopsy_dicom_annotations,prostate_mri_us_biopsy,OK,1,1
1.2.276.0.7230010.3.1.3.0.44984.1698537225.17910,dcmqi / prostate_mri_us_biopsy_dicom_annotations,dcmqi,prostate_mri_us_biopsy_dicom_annotations,prostate_mri_us_biopsy,OK,1,1
1.2.276.0.7230010.3.1.3.0.45474.1698537413.734304,dcmqi / prostate_mri_us_biopsy_dicom_annotations,dcmqi,prostate_mri_us_biopsy_dicom_annotations,prostate_mri_us_biopsy,OK,1,1
1.2.276.0.7230010.3.1.3.0.40338.1698534866.414844,dcmqi / prostate_mri_us_biopsy_dicom_annotations,dcmqi,prostate_mri_us_biopsy_dicom_annotations,prostate_mri_us_biopsy,OK,1,1
1.2.276.0.7230010.3.1.3.0.45060.1698537256.503030,dcmqi / prostate_mri_us_biopsy_dicom_annotations,dcmqi,prostate_mri_us_biopsy_dicom_annotations,prostate_mri_us_biopsy,OK,1,1
1.2.276.0.7230010.3.1.3.0.39992.1698534751.141723,dcmqi / prostate_mri_us_biopsy_dicom_annotations,dcmqi,prostate_mri_us_biopsy_dicom_annotations,prostate_mri_us_biopsy,OK,1,1
1.2.276.0.7230010.3.1.3.0.40234.1698534814.491163,dcmqi / prostate_mri_us_biopsy_dicom_annotations,dcmqi,prostate_mri_us_biopsy_dicom_annotations,prostate_mri_us_biopsy,OK,1,1
1.2.276.0.7230010.3.1.3.0.41138.1698535230.277931,dcmqi / prostate_mri_us_biopsy_dicom_annotations,dcmqi,prostate_mri_us_biopsy_dicom_annotations,prostate_mri_us_biopsy,OK,1,1
1.2.276.0.7230010.3.1.3.0.43481.1698536902.459172,dcmqi / prostate_mri_us_biopsy_dicom_annotations,dcmqi,prostate_mri_us_biopsy_dicom_annotations,prostate_mri_us_biopsy,OK,1,1
1.2.276.0.7230010.3.1.3.0.44909.1698537187.891333,dcmqi / prostate_mri_us_biopsy_dicom_annotations,dcmqi,prostate_mri_us_biopsy_dicom_annotations,prostate_mri_us_biopsy,OK,1,1
1.2.276.0.7230010.3.1.3.0.43007.1698536740.869210,dcmqi / prostate_mri_us_biopsy_dicom_annotations,dcmqi,prostate_mri_us_biopsy_dicom_annotations,prostate_mri_us_biopsy,OK,1,1
1.2.276.0.7230010.3.1.3.0.45311.1698537349.250111,dcmqi / prostate_mri_us_biopsy_dicom_annotations,dcmqi,prostate_mri_us_biopsy_dicom_annotations,prostate_mri_us_biopsy,OK,1,1
1.2.276.0.7230010.3.1.3.0.40337.1698534865.759300,dcmqi / prostate_mri_us_biopsy_dicom_annotations,dcmqi,prostate_mri_us_biopsy_dicom_annotations,prostate_mri_us_biopsy,OK,1,1
1.2.276.0.7230010.3.1.3.0.40706.1698535032.770878,dcmqi / prostate_mri_us_biopsy_dicom_annotations,dcmqi,prostate_mri_us_biopsy_dicom_annotations,prostate_mri_us_biopsy,OK,1,1
1.2.276.0.7230010.3.1.3.0.40976.1698535152.521411,dcmqi / prostate_mri_us_biopsy_dicom_annotations,dcmqi,prostate_mri_us_biopsy_dicom_annotations,prostate_mri_us_biopsy,OK,1,1
1.2.276.0.7230010.3.1.3.0.43493.1698536909.418893,dcmqi / prostate_mri_us_biopsy_dicom_annotations,dcmqi,prostate_mri_us_biopsy_dicom_annotations,prostate_mri_us_biopsy,OK,1,1
1.2.276.0.7230010.3.1.3.0.45439.1698537405.753188,dcmqi / prostate_mri_us_biopsy_dicom_annotations,dcmqi,prostate_mri_us_biopsy_dicom_annotations,prostate_mri_us_biopsy,OK,1,1
1.2.276.0.7230010.3.1.3.0.42573.1698536546.720419,dcmqi / prostate_mri_us_biopsy_dicom_annotations,dcmqi,prostate_mri_us_biopsy_dicom_annotations,prostate_mri_us_biopsy,OK,1,1
1.2.276.0.7230010.3.1.3.0.43465.1698536895.721379,dcmqi / prostate_mri_us_biopsy_dicom_annotations,dcmqi,prostate_mri_us_biopsy_dicom_annotations,prostate_mri_us_biopsy,OK,1,1
1.2.276.0.7230010.3.1.3.0.44664.1698537101.54153,dcmqi / prostate_mri_us_biopsy_dicom_annotations,dcmqi,prostate_mri_us_biopsy_dicom_annotations,prostate_mri_us_biopsy,OK,1,1
1.2.276.0.7230010.3.1.3.0.44916.1698537193.174519,dcmqi / prostate_mri_us_biopsy_dicom_annotations,dcmqi,prostate_mri_us_biopsy_dicom_annotations,prostate_mri_us_biopsy,OK,1,1
1.2.276.0.7230010.3.1.3.0.45013.1698537237.134251,dcmqi / prostate_mri_us_biopsy_dicom_annotations,dcmqi,prostate_mri_us_biopsy_dicom_annotations,prostate_mri_us_biopsy,OK,1,1
1.2.276.0.7230010.3.1.3.0.42822.1698536653.488720,dcmqi / prostate_mri_us_biopsy_dicom_annotations,dcmqi,prostate_mri_us_biopsy_dicom_annotations,prostate_mri_us_biopsy,OK,1,1
1.2.276.0.7230010.3.1.3.0.43013.1698536745.570702,dcmqi / prostate_mri_us_biopsy_dicom_annotations,dcmqi,prostate_mri_us_biopsy_dicom_annotations,prostate_mri_us_biopsy,OK,1,1
1.2.276.0.7230010.3.1.3.0.39774.1698534660.532766,dcmqi / prostate_mri_us_biopsy_dicom_annotations,dcmqi,prostate_mri_us_biopsy_dicom_annotations,prostate_mri_us_biopsy,OK,1,1
1.2.276.0.7230010.3.1.3.0.39842.1698534683.986861,dcmqi / prostate_mri_us_biopsy_dicom_annotations,dcmqi,prostate_mri_us_biopsy_dicom_annotations,prostate_mri_us_biopsy,OK,1,1
1.2.276.0.7230010.3.1.3.0.40169.1698534786.112305,dcmqi / prostate_mri_us_biopsy_dicom_annotations,dcmqi,prostate_mri_us_biopsy_dicom_annotations,prostate_mri_us_biopsy,OK,1,1
1.2.276.0.7230010.3.1.3.0.40629.1698534992.695269,dcmqi / prostate_mri_us_biopsy_dicom_annotations,dcmqi,prostate_mri_us_biopsy_dicom_annotations,prostate_mri_us_biopsy,OK,1,1
1.2.276.0.7230010.3.1.3.0.41363.1698535328.84747,dcmqi / prostate_mri_us_biopsy_dicom_annotations,dcmqi,prostate_mri_us_biopsy_dicom_annotations,prostate_mri_us_biopsy,OK,1,1
1.2.276.0.7230010.3.1.3.0.43094.1698536779.409443,dcmqi / prostate_mri_us_biopsy_dicom_annotations,dcmqi,prostate_mri_us_biopsy_dicom_annotations,prostate_mri_us_biopsy,OK,1,1
1.2.276.0.7230010.3.1.3.0.40593.1698534976.780135,dcmqi / prostate_mri_us_biopsy_dicom_annotations,dcmqi,prostate_mri_us_biopsy_dicom_annotations,prostate_mri_us_biopsy,OK,1,1
1.2.276.0.7230010.3.1.3.0.44280.1698536995.992570,dcmqi / prostate_mri_us_biopsy_dicom_annotations,dcmqi,prostate_mri_us_biopsy_dicom_annotations,prostate_mri_us_biopsy,OK,1,1
1.2.276.0.7230010.3.1.3.0.44858.1698537166.490739,dcmqi / prostate_mri_us_biopsy_dicom_annotations,dcmqi,prostate_mri_us_biopsy_dicom_annotations,prostate_mri_us_biopsy,OK,1,1
1.2.276.0.7230010.3.1.3.0.40427.1698534906.954382,dcmqi / prostate_mri_us_biopsy_dicom_annotations,dcmqi,prostate_mri_us_biopsy_dicom_annotations,prostate_mri_us_biopsy,OK,1,1
1.2.276.0.7230010.3.1.3.0.44608.1698537072.512717,dcmqi / prostate_mri_us_biopsy_dicom_annotations,dcmqi,prostate_mri_us_biopsy_dicom_annotations,prostate_mri_us_biopsy,OK,1,1
1.2.276.0.7230010.3.1.3.0.45074.1698537259.309701,dcmqi / prostate_mri_us_biopsy_dicom_annotations,dcmqi,prostate_mri_us_biopsy_dicom_annotations,prostate_mri_us_biopsy,OK,1,1
1.2.276.0.7230010.3.1.3.0.39869.1698534695.871731,dcmqi / prostate_mri_us_biopsy_dicom_annotations,dcmqi,prostate_mri_us_biopsy_dicom_annotations,prostate_mri_us_biopsy,OK,1,1
1.2.276.0.7230010.3.1.3.0.40322.1698534857.384762,dcmqi / prostate_mri_us_biopsy_dicom_annotations,dcmqi,prostate_mri_us_biopsy_dicom_annotations,prostate_mri_us_biopsy,OK,1,1
1.2.276.0.7230010.3.1.3.0.40728.1698535042.447194,dcmqi / prostate_mri_us_biopsy_dicom_annotations,dcmqi,prostate_mri_us_biopsy_dicom_annotations,prostate_mri_us_biopsy,OK,1,1
1.2.276.0.7230010.3.1.3.0.40968.1698535145.706766,dcmqi / prostate_mri_us_biopsy_dicom_annotations,dcmqi,prostate_mri_us_biopsy_dicom_annotations,prostate_mri_us_biopsy,OK,1,1
1.2.276.0.7230010.3.1.3.0.40981.1698535155.166468,dcmqi / prostate_mri_us_biopsy_dicom_annotations,dcmqi,prostate_mri_us_biopsy_dicom_annotations,prostate_mri_us_biopsy,OK,1,1
1.2.276.0.7230010.3.1.3.0.40950.1698535138.962016,dcmqi / prostate_mri_us_biopsy_dicom_annotations,dcmqi,prostate_mri_us_biopsy_dicom_annotations,prostate_mri_us_biopsy,OK,1,1
1.2.276.0.7230010.3.1.3.0.41196.1698535251.765994,dcmqi / prostate_mri_us_biopsy_dicom_annotations,dcmqi,prostate_mri_us_biopsy_dicom_annotations,prostate_mri_us_biopsy,OK,1,1
1.2.276.0.7230010.3.1.3.0.42767.1698536629.894034,dcmqi / prostate_mri_us_biopsy_dicom_annotations,dcmqi,prostate_mri_us_biopsy_dicom_annotations,prostate_mri_us_biopsy,OK,1,1
1.2.276.0.7230010.3.1.3.0.42949.1698536710.537719,dcmqi / prostate_mri_us_biopsy_dicom_annotations,dcmqi,prostate_mri_us_biopsy_dicom_annotations,prostate_mri_us_biopsy,OK,1,1
1.2.276.0.7230010.3.1.3.0.44981.1698537222.906931,dcmqi / prostate_mri_us_biopsy_dicom_annotations,dcmqi,prostate_mri_us_biopsy_dicom_annotations,prostate_mri_us_biopsy,OK,1,1
1.2.276.0.7230010.3.1.3.0.41241.1698535275.469594,dcmqi / prostate_mri_us_biopsy_dicom_annotations,dcmqi,prostate_mri_us_biopsy_dicom_annotations,prostate_mri_us_biopsy,OK,1,1
1.2.276.0.7230010.3.1.3.0.39900.1698534711.823266,dcmqi / prostate_mri_us_biopsy_dicom_annotations,dcmqi,prostate_mri_us_biopsy_dicom_annotations,prostate_mri_us_biopsy,OK,1,1
1.2.276.0.7230010.3.1.3.0.42985.1698536729.523394,dcmqi / prostate_mri_us_biopsy_dicom_annotations,dcmqi,prostate_mri_us_biopsy_dicom_annotations,prostate_mri_us_biopsy,OK,1,1
1.2.276.0.7230010.3.1.3.0.45541.1698537446.765299,dcmqi / prostate_mri_us_biopsy_dicom_annotations,dcmqi,prostate_mri_us_biopsy_dicom_annotations,prostate_mri_us_biopsy,OK,1,1
1.2.276.0.7230010.3.1.3.0.40265.1698534829.267086,dcmqi / prostate_mri_us_biopsy_dicom_annotations,dcmqi,prostate_mri_us_biopsy_dicom_annotations,prostate_mri_us_biopsy,OK,1,1
1.2.276.0.7230010.3.1.3.0.40334.1698534863.801142,dcmqi / prostate_mri_us_biopsy_dicom_annotations,dcmqi,prostate_mri_us_biopsy_dicom_annotations,prostate_mri_us_biopsy,OK,1,1
1.2.276.0.7230010.3.1.3.0.40403.1698534896.857324,dcmqi / prostate_mri_us_biopsy_dicom_annotations,dcmqi,prostate_mri_us_biopsy_dicom_annotations,prostate_mri_us_biopsy,OK,1,1
1.2.276.0.7230010.3.1.3.0.41238.1698535273.551893,dcmqi / prostate_mri_us_biopsy_dicom_annotations,dcmqi,prostate_mri_us_biopsy_dicom_annotations,prostate_mri_us_biopsy,OK,1,1
1.2.276.0.7230010.3.1.3.0.43316.1698536834.352447,dcmqi / prostate_mri_us_biopsy_dicom_annotations,dcmqi,prostate_mri_us_biopsy_dicom_annotations,prostate_mri_us_biopsy,OK,1,1
1.2.276.0.7230010.3.1.3.0.41118.1698535218.445440,dcmqi / prostate_mri_us_biopsy_dicom_annotations,dcmqi,prostate_mri_us_biopsy_dicom_annotations,prostate_mri_us_biopsy,OK,1,1
1.2.276.0.7230010.3.1.3.0.42939.1698536705.434402,dcmqi / prostate_mri_us_biopsy_dicom_annotations,dcmqi,prostate_mri_us_biopsy_dicom_annotations,prostate_mri_us_biopsy,OK,1,1
1.2.276.0.7230010.3.1.3.0.44666.1698537102.169364,dcmqi / prostate_mri_us_biopsy_dicom_annotations,dcmqi,prostate_mri_us_biopsy_dicom_annotations,prostate_mri_us_biopsy,OK,1,1
1.2.276.0.7230010.3.1.3.0.39846.1698534686.534342,dcmqi / prostate_mri_us_biopsy_dicom_annotations,dcmqi,prostate_mri_us_biopsy_dicom_annotations,prostate_mri_us_biopsy,OK,1,1
1.2.276.0.7230010.3.1.3.0.40527.1698534947.354329,dcmqi / prostate_mri_us_biopsy_dicom_annotations,dcmqi,prostate_mri_us_biopsy_dicom_annotations,prostate_mri_us_biopsy,OK,1,1
1.2.276.0.7230010.3.1.3.0.43596.1698536932.915031,dcmqi / prostate_mri_us_biopsy_dicom_annotations,dcmqi,prostate_mri_us_biopsy_dicom_annotations,prostate_mri_us_biopsy,OK,1,1
1.2.276.0.7230010.3.1.3.0.45244.1698537323.792491,dcmqi / prostate_mri_us_biopsy_dicom_annotations,dcmqi,prostate_mri_us_biopsy_dicom_annotations,prostate_mri_us_biopsy,OK,1,1
1.2.276.0.7230010.3.1.3.0.45397.1698537390.455687,dcmqi / prostate_mri_us_biopsy_dicom_annotations,dcmqi,prostate_mri_us_biopsy_dicom_annotations,prostate_mri_us_biopsy,OK,1,1
1.2.276.0.7230010.3.1.3.0.39763.1698534654.713969,dcmqi / prostate_mri_us_biopsy_dicom_annotations,dcmqi,prostate_mri_us_biopsy_dicom_annotations,prostate_mri_us_biopsy,OK,1,1
1.2.276.0.7230010.3.1.3.0.42569.1698536544.535513,dcmqi / prostate_mri_us_biopsy_dicom_annotations,dcmqi,prostate_mri_us_biopsy_dicom_annotations,prostate_mri_us_biopsy,OK,1,1
1.2.276.0.7230010.3.1.3.0.45416.1698537396.611842,dcmqi / prostate_mri_us_biopsy_dicom_annotations,dcmqi,prostate_mri_us_biopsy_dicom_annotations,prostate_mri_us_biopsy,OK,1,1
1.2.276.0.7230010.3.1.3.0.45515.1698537434.431010,dcmqi / prostate_mri_us_biopsy_dicom_annotations,dcmqi,prostate_mri_us_biopsy_dicom_annotations,prostate_mri_us_biopsy,OK,1,1
1.2.276.0.7230010.3.1.3.0.45535.1698537443.482345,dcmqi / prostate_mri_us_biopsy_dicom_annotations,dcmqi,prostate_mri_us_biopsy_dicom_annotations,prostate_mri_us_biopsy,OK,1,1
1.2.276.0.7230010.3.1.3.0.40566.1698534966.500264,dcmqi / prostate_mri_us_biopsy_dicom_annotations,dcmqi,prostate_mri_us_biopsy_dicom_annotations,prostate_mri_us_biopsy,OK,1,1
1.2.276.0.7230010.3.1.3.0.40837.1698535089.168969,dcmqi / prostate_mri_us_biopsy_dicom_annotations,dcmqi,prostate_mri_us_biopsy_dicom_annotations,prostate_mri_us_biopsy,OK,1,1
1.2.276.0.7230010.3.1.3.0.42836.1698536658.91424,dcmqi / prostate_mri_us_biopsy_dicom_annotations,dcmqi,prostate_mri_us_biopsy_dicom_annotations,prostate_mri_us_biopsy,OK,1,1
1.2.276.0.7230010.3.1.3.0.45512.1698537432.393400,dcmqi / prostate_mri_us_biopsy_dicom_annotations,dcmqi,prostate_mri_us_biopsy_dicom_annotations,prostate_mri_us_biopsy,OK,1,1
1.2.276.0.7230010.3.1.3.0.40496.1698534939.376591,dcmqi / prostate_mri_us_biopsy_dicom_annotations,dcmqi,prostate_mri_us_biopsy_dicom_annotations,prostate_mri_us_biopsy,OK,1,1
1.2.276.0.7230010.3.1.3.0.40767.1698535062.146774,dcmqi / prostate_mri_us_biopsy_dicom_annotations,dcmqi,prostate_mri_us_biopsy_dicom_annotations,prostate_mri_us_biopsy,OK,1,1
1.2.276.0.7230010.3.1.3.0.44193.1698536969.170293,dcmqi / prostate_mri_us_biopsy_dicom_annotations,dcmqi,prostate_mri_us_biopsy_dicom_annotations,prostate_mri_us_biopsy,OK,1,1
1.2.276.0.7230010.3.1.3.0.45508.1698537429.733525,dcmqi / prostate_mri_us_biopsy_dicom_annotations,dcmqi,prostate_mri_us_biopsy_dicom_annotations,prostate_mri_us_biopsy,OK,1,1
1.2.276.0.7230010.3.1.3.0.39872.1698534698.208751,dcmqi / prostate_mri_us_biopsy_dicom_annotations,dcmqi,prostate_mri_us_biopsy_dicom_annotations,prostate_mri_us_biopsy,OK,1,1
1.2.276.0.7230010.3.1.3.0.40356.1698534872.816039,dcmqi / prostate_mri_us_biopsy_dicom_annotations,dcmqi,prostate_mri_us_biopsy_dicom_annotations,prostate_mri_us_biopsy,OK,1,1
1.2.276.0.7230010.3.1.3.0.40491.1698534936.488892,dcmqi / prostate_mri_us_biopsy_dicom_annotations,dcmqi,prostate_mri_us_biopsy_dicom_annotations,prostate_mri_us_biopsy,OK,1,1
1.2.276.0.7230010.3.1.3.0.40734.1698535045.842987,dcmqi / prostate_mri_us_biopsy_dicom_annotations,dcmqi,prostate_mri_us_biopsy_dicom_annotations,prostate_mri_us_biopsy,OK,1,1
1.2.276.0.7230010.3.1.3.0.42716.1698536607.915971,dcmqi / prostate_mri_us_biopsy_dicom_annotations,dcmqi,prostate_mri_us_biopsy_dicom_annotations,prostate_mri_us_biopsy,OK,1,1
1.2.276.0.7230010.3.1.3.0.43555.1698536921.860131,dcmqi / prostate_mri_us_biopsy_dicom_annotations,dcmqi,prostate_mri_us_biopsy_dicom_annotations,prostate_mri_us_biopsy,OK,1,1
1.2.276.0.7230010.3.1.3.0.45343.1698537360.919141,dcmqi / prostate_mri_us_biopsy_dicom_annotations,dcmqi,prostate_mri_us_biopsy_dicom_annotations,prostate_mri_us_biopsy,OK,1,1
1.2.276.0.7230010.3.1.3.0.45558.1698537453.288741,dcmqi / prostate_mri_us_biopsy_dicom_annotations,dcmqi,prostate_mri_us_biopsy_dicom_annotations,prostate_mri_us_biopsy,OK,1,1
1.2.276.0.7230010.3.1.3.0.40138.1698534771.748189,dcmqi / prostate_mri_us_biopsy_dicom_annotations,dcmqi,prostate_mri_us_biopsy_dicom_annotations,prostate_mri_us_biopsy,OK,1,1
1.2.276.0.7230010.3.1.3.0.40310.1698534854.731764,dcmqi / prostate_mri_us_biopsy_dicom_annotations,dcmqi,prostate_mri_us_biopsy_dicom_annotations,prostate_mri_us_biopsy,OK,1,1
1.2.276.0.7230010.3.1.3.0.44501.1698537048.806363,dcmqi / prostate_mri_us_biopsy_dicom_annotations,dcmqi,prostate_mri_us_biopsy_dicom_annotations,prostate_mri_us_biopsy,OK,1,1
1.2.276.0.7230010.3.1.3.0.40488.1698534934.365443,dcmqi / prostate_mri_us_biopsy_dicom_annotations,dcmqi,prostate_mri_us_biopsy_dicom_annotations,prostate_mri_us_biopsy,OK,1,1
1.2.276.0.7230010.3.1.3.0.44813.1698537146.449501,dcmqi / prostate_mri_us_biopsy_dicom_annotations,dcmqi,prostate_mri_us_biopsy_dicom_annotations,prostate_mri_us_biopsy,OK,1,1
1.2.276.0.7230010.3.1.3.0.44908.1698537187.251384,dcmqi / prostate_mri_us_biopsy_dicom_annotations,dcmqi,prostate_mri_us_biopsy_dicom_annotations,prostate_mri_us_biopsy,OK,1,1
1.2.276.0.7230010.3.1.3.0.41000.1698535162.192711,dcmqi / prostate_mri_us_biopsy_dicom_annotations,dcmqi,prostate_mri_us_biopsy_dicom_annotations,prostate_mri_us_biopsy,OK,1,1
1.2.276.0.7230010.3.1.3.0.43447.1698536885.388069,dcmqi / prostate_mri_us_biopsy_dicom_annotations,dcmqi,prostate_mri_us_biopsy_dicom_annotations,prostate_mri_us_biopsy,OK,1,1
1.2.276.0.7230010.3.1.3.0.40529.1698534948.683988,dcmqi / prostate_mri_us_biopsy_dicom_annotations,dcmqi,prostate_mri_us_biopsy_dicom_annotations,prostate_mri_us_biopsy,OK,1,1
1.2.276.0.7230010.3.1.3.0.44720.1698537112.881467,dcmqi / prostate_mri_us_biopsy_dicom_annotations,dcmqi,prostate_mri_us_biopsy_dicom_annotations,prostate_mri_us_biopsy,OK,1,1
1.2.276.0.7230010.3.1.3.0.45505.1698537428.418443,dcmqi / prostate_mri_us_biopsy_dicom_annotations,dcmqi,prostate_mri_us_biopsy_dicom_annotations,prostate_mri_us_biopsy,OK,1,1
1.2.276.0.7230010.3.1.3.0.41360.1698535326.174544,dcmqi / prostate_mri_us_biopsy_dicom_annotations,dcmqi,prostate_mri_us_biopsy_dicom_annotations,prostate_mri_us_biopsy,OK,1,1
1.2.276.0.7230010.3.1.3.0.40770.1698535063.477846,dcmqi / prostate_mri_us_biopsy_dicom_annotations,dcmqi,prostate_mri_us_biopsy_dicom_annotations,prostate_mri_us_biopsy,OK,1,1
1.2.276.0.7230010.3.1.3.0.41130.1698535225.820472,dcmqi / prostate_mri_us_biopsy_dicom_annotations,dcmqi,prostate_mri_us_biopsy_dicom_annotations,prostate_mri_us_biopsy,OK,1,1
1.2.276.0.7230010.3.1.3.0.41137.1698535229.644706,dcmqi / prostate_mri_us_biopsy_dicom_annotations,dcmqi,prostate_mri_us_biopsy_dicom_annotations,prostate_mri_us_biopsy,OK,1,1
1.2.276.0.7230010.3.1.3.0.42718.1698536609.450197,dcmqi / prostate_mri_us_biopsy_dicom_annotations,dcmqi,prostate_mri_us_biopsy_dicom_annotations,prostate_mri_us_biopsy,OK,1,1
1.2.276.0.7230010.3.1.3.0.43492.1698536908.744857,dcmqi / prostate_mri_us_biopsy_dicom_annotations,dcmqi,prostate_mri_us_biopsy_dicom_annotations,prostate_mri_us_biopsy,OK,1,1
1.2.276.0.7230010.3.1.3.0.40690.1698535022.782782,dcmqi / prostate_mri_us_biopsy_dicom_annotations,dcmqi,prostate_mri_us_biopsy_dicom_annotations,prostate_mri_us_biopsy,OK,1,1
1.2.276.0.7230010.3.1.3.0.41028.1698535175.246603,dcmqi / prostate_mri_us_biopsy_dicom_annotations,dcmqi,prostate_mri_us_biopsy_dicom_annotations,prostate_mri_us_biopsy,OK,1,1
1.2.276.0.7230010.3.1.3.0.40353.1698534870.869817,dcmqi / prostate_mri_us_biopsy_dicom_annotations,dcmqi,prostate_mri_us_biopsy_dicom_annotations,prostate_mri_us_biopsy,OK,1,1
1.2.276.0.7230010.3.1.3.0.40611.1698534985.753242,dcmqi / prostate_mri_us_biopsy_dicom_annotations,dcmqi,prostate_mri_us_biopsy_dicom_annotations,prostate_mri_us_biopsy,OK,1,1
1.2.276.0.7230010.3.1.3.0.40540.1698534955.584694,dcmqi / prostate_mri_us_biopsy_dicom_annotations,dcmqi,prostate_mri_us_biopsy_dicom_annotations,prostate_mri_us_biopsy,OK,1,1
1.2.276.0.7230010.3.1.3.0.42790.1698536640.256814,dcmqi / prostate_mri_us_biopsy_dicom_annotations,dcmqi,prostate_mri_us_biopsy_dicom_annotations,prostate_mri_us_biopsy,OK,1,1
1.2.276.0.7230010.3.1.3.0.45464.1698537410.875829,dcmqi / prostate_mri_us_biopsy_dicom_annotations,dcmqi,prostate_mri_us_biopsy_dicom_annotations,prostate_mri_us_biopsy,OK,1,1
1.2.276.0.7230010.3.1.3.0.40135.1698534769.604632,dcmqi / prostate_mri_us_biopsy_dicom_annotations,dcmqi,prostate_mri_us_biopsy_dicom_annotations,prostate_mri_us_biopsy,OK,1,1
1.2.276.0.7230010.3.1.3.0.41158.1698535236.440908,dcmqi / prostate_mri_us_biopsy_dicom_annotations,dcmqi,prostate_mri_us_biopsy_dicom_annotations,prostate_mri_us_biopsy,OK,1,1
1.2.276.0.7230010.3.1.3.0.42804.1698536643.806811,dcmqi / prostate_mri_us_biopsy_dicom_annotations,dcmqi,prostate_mri_us_biopsy_dicom_annotations,prostate_mri_us_biopsy,OK,1,1
1.2.276.0.7230010.3.1.3.0.44768.1698537122.511625,dcmqi / prostate_mri_us_biopsy_dicom_annotations,dcmqi,prostate_mri_us_biopsy_dicom_annotations,prostate_mri_us_biopsy,OK,1,1
1.2.276.0.7230010.3.1.3.0.40672.1698535016.124058,dcmqi / prostate_mri_us_biopsy_dicom_annotations,dcmqi,prostate_mri_us_biopsy_dicom_annotations,prostate_mri_us_biopsy,OK,1,1
1.2.276.0.7230010.3.1.3.0.40470.1698534927.352615,dcmqi / prostate_mri_us_biopsy_dicom_annotations,dcmqi,prostate_mri_us_biopsy_dicom_annotations,prostate_mri_us_biopsy,OK,1,1
1.2.276.0.7230010.3.1.3.0.40894.1698535113.158851,dcmqi / prostate_mri_us_biopsy_dicom_annotations,dcmqi,prostate_mri_us_biopsy_dicom_annotations,prostate_mri_us_biopsy,OK,1,1
1.2.276.0.7230010.3.1.3.0.41096.1698535209.165110,dcmqi / prostate_mri_us_biopsy_dicom_annotations,dcmqi,prostate_mri_us_biopsy_dicom_annotations,prostate_mri_us_biopsy,OK,1,1
1.2.276.0.7230010.3.1.3.0.45533.1698537442.150022,dcmqi / prostate_mri_us_biopsy_dicom_annotations,dcmqi,prostate_mri_us_biopsy_dicom_annotations,prostate_mri_us_biopsy,OK,1,1
1.2.276.0.7230010.3.1.3.0.40966.1698535144.381788,dcmqi / prostate_mri_us_biopsy_dicom_annotations,dcmqi,prostate_mri_us_biopsy_dicom_annotations,prostate_mri_us_biopsy,OK,1,1
1.2.276.0.7230010.3.1.3.0.44228.1698536979.435837,dcmqi / prostate_mri_us_biopsy_dicom_annotations,dcmqi,prostate_mri_us_biopsy_dicom_annotations,prostate_mri_us_biopsy,OK,1,1
1.2.276.0.7230010.3.1.3.0.44484.1698537042.999903,dcmqi / prostate_mri_us_biopsy_dicom_annotations,dcmqi,prostate_mri_us_biopsy_dicom_annotations,prostate_mri_us_biopsy,OK,1,1
1.2.276.0.7230010.3.1.3.0.44781.1698537130.783444,dcmqi / prostate_mri_us_biopsy_dicom_annotations,dcmqi,prostate_mri_us_biopsy_dicom_annotations,prostate_mri_us_biopsy,OK,1,1
1.2.276.0.7230010.3.1.3.0.40659.1698535008.178636,dcmqi / prostate_mri_us_biopsy_dicom_annotations,dcmqi,prostate_mri_us_biopsy_dicom_annotations,prostate_mri_us_biopsy,OK,1,1
1.2.276.0.7230010.3.1.3.0.42967.1698536717.217350,dcmqi / prostate_mri_us_biopsy_dicom_annotations,dcmqi,prostate_mri_us_biopsy_dicom_annotations,prostate_mri_us_biopsy,OK,1,1
1.2.276.0.7230010.3.1.3.0.43541.1698536918.473259,dcmqi / prostate_mri_us_biopsy_dicom_annotations,dcmqi,prostate_mri_us_biopsy_dicom_annotations,prostate_mri_us_biopsy,OK,1,1
1.2.276.0.7230010.3.1.3.0.39771.1698534658.576044,dcmqi / prostate_mri_us_biopsy_dicom_annotations,dcmqi,prostate_mri_us_biopsy_dicom_annotations,prostate_mri_us_biopsy,OK,1,1
1.2.276.0.7230010.3.1.3.0.40354.1698534871.523567,dcmqi / prostate_mri_us_biopsy_dicom_annotations,dcmqi,prostate_mri_us_biopsy_dicom_annotations,prostate_mri_us_biopsy,OK,1,1
1.2.276.0.7230010.3.1.3.0.40531.1698534950.108482,dcmqi / prostate_mri_us_biopsy_dicom_annotations,dcmqi,prostate_mri_us_biopsy_dicom_annotations,prostate_mri_us_biopsy,OK,1,1
1.2.276.0.7230010.3.1.3.0.41232.1698535269.140862,dcmqi / prostate_mri_us_biopsy_dicom_annotations,dcmqi,prostate_mri_us_biopsy_dicom_annotations,prostate_mri_us_biopsy,OK,1,1
1.2.276.0.7230010.3.1.3.0.45532.1698537441.424601,dcmqi / prostate_mri_us_biopsy_dicom_annotations,dcmqi,prostate_mri_us_biopsy_dicom_annotations,prostate_mri_us_biopsy,OK,1,1
1.2.276.0.7230010.3.1.3.0.40807.1698535077.837392,dcmqi / prostate_mri_us_biopsy_dicom_annotations,dcmqi,prostate_mri_us_biopsy_dicom_annotations,prostate_mri_us_biopsy,OK,1,1
1.2.276.0.7230010.3.1.3.0.44941.1698537203.663027,dcmqi / prostate_mri_us_biopsy_dicom_annotations,dcmqi,prostate_mri_us_biopsy_dicom_annotations,prostate_mri_us_biopsy,OK,1,1
1.2.276.0.7230010.3.1.3.0.39899.1698534711.182110,dcmqi / prostate_mri_us_biopsy_dicom_annotations,dcmqi,prostate_mri_us_biopsy_dicom_annotations,prostate_mri_us_biopsy,OK,1,1
1.2.276.0.7230010.3.1.3.0.44842.1698537161.814012,dcmqi / prostate_mri_us_biopsy_dicom_annotations,dcmqi,prostate_mri_us_biopsy_dicom_annotations,prostate_mri_us_biopsy,OK,1,1
1.2.276.0.7230010.3.1.3.0.44509.1698537053.935077,dcmqi / prostate_mri_us_biopsy_dicom_annotations,dcmqi,prostate_mri_us_biopsy_dicom_annotations,prostate_mri_us_biopsy,OK,1,1
1.2.276.0.7230010.3.1.3.0.45162.1698537289.70557,dcmqi / prostate_mri_us_biopsy_dicom_annotations,dcmqi,prostate_mri_us_biopsy_dicom_annotations,prostate_mri_us_biopsy,OK,1,1
1.2.276.0.7230010.3.1.3.0.39918.1698534718.432772,dcmqi / prostate_mri_us_biopsy_dicom_annotations,dcmqi,prostate_mri_us_biopsy_dicom_annotations,prostate_mri_us_biopsy,OK,1,1
1.2.276.0.7230010.3.1.3.0.45453.1698537408.683354,dcmqi / prostate_mri_us_biopsy_dicom_annotations,dcmqi,prostate_mri_us_biopsy_dicom_annotations,prostate_mri_us_biopsy,OK,1,1
1.2.276.0.7230010.3.1.3.0.44792.1698537135.824189,dcmqi / prostate_mri_us_biopsy_dicom_annotations,dcmqi,prostate_mri_us_biopsy_dicom_annotations,prostate_mri_us_biopsy,OK,1,1
1.2.276.0.7230010.3.1.3.0.41004.1698535165.572325,dcmqi / prostate_mri_us_biopsy_dicom_annotations,dcmqi,prostate_mri_us_biopsy_dicom_annotations,prostate_mri_us_biopsy,OK,1,1
1.2.276.0.7230010.3.1.3.0.43205.1698536787.214721,dcmqi / prostate_mri_us_biopsy_dicom_annotations,dcmqi,prostate_mri_us_biopsy_dicom_annotations,prostate_mri_us_biopsy,OK,1,1
1.2.276.0.7230010.3.1.3.0.39861.1698534691.216971,dcmqi / prostate_mri_us_biopsy_dicom_annotations,dcmqi,prostate_mri_us_biopsy_dicom_annotations,prostate_mri_us_biopsy,OK,1,1
1.2.276.0.7230010.3.1.3.0.40406.1698534899.52114,dcmqi / prostate_mri_us_biopsy_dicom_annotations,dcmqi,prostate_mri_us_biopsy_dicom_annotations,prostate_mri_us_biopsy,OK,1,1
1.2.276.0.7230010.3.1.3.0.45345.1698537363.69560,dcmqi / prostate_mri_us_biopsy_dicom_annotations,dcmqi,prostate_mri_us_biopsy_dicom_annotations,prostate_mri_us_biopsy,OK,1,1
1.2.276.0.7230010.3.1.3.0.40263.1698534827.949448,dcmqi / prostate_mri_us_biopsy_dicom_annotations,dcmqi,prostate_mri_us_biopsy_dicom_annotations,prostate_mri_us_biopsy,OK,1,1
1.2.276.0.7230010.3.1.3.0.40761.1698535058.854353,dcmqi / prostate_mri_us_biopsy_dicom_annotations,dcmqi,prostate_mri_us_biopsy_dicom_annotations,prostate_mri_us_biopsy,OK,1,1
1.2.276.0.7230010.3.1.3.0.41340.1698535318.944303,dcmqi / prostate_mri_us_biopsy_dicom_annotations,dcmqi,prostate_mri_us_biopsy_dicom_annotations,prostate_mri_us_biopsy,OK,1,1
1.2.276.0.7230010.3.1.3.0.41202.1698535255.771266,dcmqi / prostate_mri_us_biopsy_dicom_annotations,dcmqi,prostate_mri_us_biopsy_dicom_annotations,prostate_mri_us_biopsy,OK,1,1
1.2.276.0.7230010.3.1.3.0.39848.1698534687.879293,dcmqi / prostate_mri_us_biopsy_dicom_annotations,dcmqi,prostate_mri_us_biopsy_dicom_annotations,prostate_mri_us_biopsy,OK,1,1
1.2.276.0.7230010.3.1.3.17436516.2661623.1720647456.425561,dcmqi / bamf_aimi_annotations,dcmqi,bamf_aimi_annotations,anti_pd_1_lung,OK,1,1
1.2.276.0.7230010.3.1.3.0.40290.1698534841.229187,dcmqi / prostate_mri_us_biopsy_dicom_annotations,dcmqi,prostate_mri_us_biopsy_dicom_annotations,prostate_mri_us_biopsy,OK,1,1
1.3.6.1.4.1.14519.5.2.1.7695.1700.735025786531133342924380056933,not identifiable from index / (null),not identifiable from index,(null),ispy1,OK,1,1
1.2.276.0.7230010.3.1.3.481037312.551010.1761259361.164878,dcmqi / nlstseg,dcmqi,nlstseg,nlst,OK,1,1
1.2.276.0.7230010.3.1.3.481037312.392358.1761252690.970751,dcmqi / nlstseg,dcmqi,nlstseg,nlst,OK,1,1
1.2.276.0.7230010.3.1.3.481037312.419242.1761253850.989356,dcmqi / nlstseg,dcmqi,nlstseg,nlst,OK,1,1
1.2.276.0.7230010.3.1.3.481037312.137302.1761243864.977850,dcmqi / nlstseg,dcmqi,nlstseg,nlst,OK,1,1
1.2.276.0.7230010.3.1.3.481037312.543846.1761259070.501217,dcmqi / nlstseg,dcmqi,nlstseg,nlst,OK,1,1
1.2.276.0.7230010.3.1.3.481037312.413953.1761253596.355931,dcmqi / nlstseg,dcmqi,nlstseg,nlst,OK,1,1
1.2.276.0.7230010.3.1.3.481037312.516481.1761257815.997681,dcmqi / nlstseg,dcmqi,nlstseg,nlst,OK,1,1
1.2.276.0.7230010.3.1.3.481037312.450986.1761255148.543014,dcmqi / nlstseg,dcmqi,nlstseg,nlst,OK,1,1
1.2.276.0.7230010.3.1.3.481037312.57348.1761241213.260147,dcmqi / nlstseg,dcmqi,nlstseg,nlst,OK,1,1
1.2.276.0.7230010.3.1.3.0.4960.1553289360.577398,dcmqi / dicom_lidc_idri_nodules,dcmqi,dicom_lidc_idri_nodules,lidc_idri,OK,1,1
1.2.276.0.7230010.3.1.3.0.5015.1553289368.436243,dcmqi / dicom_lidc_idri_nodules,dcmqi,dicom_lidc_idri_nodules,lidc_idri,OK,1,1
1.2.276.0.7230010.3.1.3.0.36489.1553320701.210402,dcmqi / dicom_lidc_idri_nodules,dcmqi,dicom_lidc_idri_nodules,lidc_idri,OK,1,1
1.2.276.0.7230010.3.1.3.0.19864.1553302804.163416,dcmqi / dicom_lidc_idri_nodules,dcmqi,dicom_lidc_idri_nodules,lidc_idri,OK,1,1
1.2.276.0.7230010.3.1.3.1231426215.1472.1345739375.289,not identifiable from index / qiba_volct_1b,not identifiable from index,qiba_volct_1b,rider_lung_ct,OK,1,1
1.3.6.1.4.1.14519.5.2.1.200590919292936325795383054398708944616,dcmqi / (null),dcmqi,(null),mediastinal_lymph_node_seg,OK,1,1
1.3.6.1.4.1.14519.5.2.1.16289826099972819484879989905327279085,pydicom-seg / (null),pydicom-seg,(null),rider_lung_ct,OK,1,1
1.3.6.1.4.1.14519.5.2.1.55961548731448082817130329370292838255,pydicom-seg / (null),pydicom-seg,(null),rider_lung_ct,OK,1,1
1.3.6.1.4.1.14519.5.2.1.283426552436404807065494715881129892504,pydicom-seg / (null),pydicom-seg,(null),rider_lung_ct,OK,1,1
1.3.6.1.4.1.14519.5.2.1.245399214156355702928722341769985379679,pydicom-seg / (null),pydicom-seg,(null),rider_lung_ct,OK,1,1
1.2.826.0.1.3680043.8.498.38321839716021386805914069743227482305,highdicom / eay131_tumor_annotations,highdicom,eay131_tumor_annotations,eay131,OK,1,1
1.2.276.0.7230010.3.1.3.17436516.894378.1722972372.705112,dcmqi / bamf_aimi_annotations,dcmqi,bamf_aimi_annotations,upenn_gbm,OK,1,1
1.3.6.1.4.1.14519.5.2.1.274853299120167661141906760095907706788,highdicom / (null),highdicom,(null),psma_pet_ct_lesions,OK,1,1
1.3.6.1.4.1.14519.5.2.1.126278274443598837399185292385906872510,highdicom / (null),highdicom,(null),psma_pet_ct_lesions,OK,1,1
1.2.826.0.1.3680043.8.498.10431658101867300710216330490231011182,highdicom / eay131_tumor_annotations,highdicom,eay131_tumor_annotations,eay131,OK,1,1
1.2.826.0.1.3680043.8.498.12171457067760014361243151172187083792,highdicom / eay131_tumor_annotations,highdicom,eay131_tumor_annotations,eay131,OK,1,1
1.2.826.0.1.3680043.8.498.97204034992590322923638150078466327807,highdicom / eay131_tumor_annotations,highdicom,eay131_tumor_annotations,eay131,OK,1,1
1.2.276.0.7230010.3.1.3.505801377.2044.1345985400.452,not identifiable from index / qiba_volct_1b,not identifiable from index,qiba_volct_1b,rider_lung_ct,OK,1,1
1.2.826.0.1.3680043.8.498.24187174828240256720857511270326130921,highdicom / eay131_tumor_annotations,highdicom,eay131_tumor_annotations,eay131,OK,1,1
1.3.6.1.4.1.14519.5.2.1.242060891114428861516686922562666969355,highdicom / (null),highdicom,(null),psma_pet_ct_lesions,OK,1,1
1.3.6.1.4.1.14519.5.2.1.15293497041223803206918209052543255399,highdicom / (null),highdicom,(null),psma_pet_ct_lesions,OK,1,1
1.3.6.1.4.1.14519.5.2.1.319436893549123979996013457163649784524,highdicom / (null),highdicom,(null),psma_pet_ct_lesions,OK,1,1
1.3.6.1.4.1.14519.5.2.1.66334750743405483095419526356506794552,dcmqi / (null),dcmqi,(null),remind,OK,1,1
1.2.826.0.1.3680043.8.498.11881137831156614990222145748544493535,highdicom / eay131_tumor_annotations,highdicom,eay131_tumor_annotations,eay131,OK,1,1
1.2.276.0.7230010.3.1.3.17436516.726925.1722971501.599724,dcmqi / bamf_aimi_annotations,dcmqi,bamf_aimi_annotations,upenn_gbm,OK,1,1
1.2.826.0.1.3680043.8.498.71288902019636693034211041920873841020,highdicom / eay131_tumor_annotations,highdicom,eay131_tumor_annotations,eay131,OK,1,1
1.2.276.0.7230010.3.1.3.1565948079.2848.1345145334.112,not identifiable from index / qiba_volct_1b,not identifiable from index,qiba_volct_1b,rider_lung_ct,OK,1,1
1.2.276.0.7230010.3.1.3.1231426215.1108.1345548836.34,not identifiable from index / qiba_volct_1b,not identifiable from index,qiba_volct_1b,rider_lung_ct,OK,1,1
1.2.826.0.1.3680043.8.498.36999684881390282927048425297330784956,highdicom / eay131_tumor_annotations,highdicom,eay131_tumor_annotations,eay131,OK,1,1
1.2.276.0.7230010.3.1.3.4148549909.2120.1344860912.204,not identifiable from index / qiba_volct_1b,not identifiable from index,qiba_volct_1b,rider_pilot,OK,1,1
1.2.276.0.7230010.3.1.3.1426846371.19516.1513205131.665,dcmqi / (null),dcmqi,(null),qin_prostate_repeatability,OK,1,1
1.2.276.0.7230010.3.1.3.1426846371.6596.1513205116.412,dcmqi / (null),dcmqi,(null),qin_prostate_repeatability,OK,1,1
1.2.276.0.7230010.3.1.3.1426846371.7464.1513205135.936,dcmqi / (null),dcmqi,(null),qin_prostate_repeatability,OK,1,1
1.2.826.0.1.3680043.8.498.18393087811365542085020873307397122232,highdicom / eay131_tumor_annotations,highdicom,eay131_tumor_annotations,eay131,OK,1,1
1.2.276.0.7230010.3.1.3.4148549909.1376.1344859611.537,not identifiable from index / qiba_volct_1b,not identifiable from index,qiba_volct_1b,rider_lung_ct,OK,1,1
1.2.276.0.7230010.3.1.3.0.40398.1698534893.639933,dcmqi / prostate_mri_us_biopsy_dicom_annotations,dcmqi,prostate_mri_us_biopsy_dicom_annotations,prostate_mri_us_biopsy,OK,1,1
1.2.276.0.7230010.3.1.3.0.39870.1698534696.534070,dcmqi / prostate_mri_us_biopsy_dicom_annotations,dcmqi,prostate_mri_us_biopsy_dicom_annotations,prostate_mri_us_biopsy,OK,1,1
1.2.276.0.7230010.3.1.3.0.43302.1698536826.418989,dcmqi / prostate_mri_us_biopsy_dicom_annotations,dcmqi,prostate_mri_us_biopsy_dicom_annotations,prostate_mri_us_biopsy,OK,1,1
1.2.276.0.7230010.3.1.3.0.45257.1698537328.874484,dcmqi / prostate_mri_us_biopsy_dicom_annotations,dcmqi,prostate_mri_us_biopsy_dicom_annotations,prostate_mri_us_biopsy,OK,1,1
1.2.276.0.7230010.3.1.3.0.41383.1698535336.805511,dcmqi / prostate_mri_us_biopsy_dicom_annotations,dcmqi,prostate_mri_us_biopsy_dicom_annotations,prostate_mri_us_biopsy,OK,1,1
1.2.276.0.7230010.3.1.3.0.42753.1698536625.400693,dcmqi / prostate_mri_us_biopsy_dicom_annotations,dcmqi,prostate_mri_us_biopsy_dicom_annotations,prostate_mri_us_biopsy,OK,1,1
1.2.276.0.7230010.3.1.3.481037312.13127.1761239797.548325,dcmqi / nlstseg,dcmqi,nlstseg,nlst,OK,1,1
1.2.276.0.7230010.3.1.3.0.42912.1698536696.223520,dcmqi / prostate_mri_us_biopsy_dicom_annotations,dcmqi,prostate_mri_us_biopsy_dicom_annotations,prostate_mri_us_biopsy,OK,1,1
1.2.276.0.7230010.3.1.3.0.40399.1698534894.302173,dcmqi / prostate_mri_us_biopsy_dicom_annotations,dcmqi,prostate_mri_us_biopsy_dicom_annotations,prostate_mri_us_biopsy,OK,1,1
1.2.276.0.7230010.3.1.3.0.45478.1698537416.543695,dcmqi / prostate_mri_us_biopsy_dicom_annotations,dcmqi,prostate_mri_us_biopsy_dicom_annotations,prostate_mri_us_biopsy,OK,1,1
1.2.276.0.7230010.3.1.3.0.42915.1698536698.628898,dcmqi / prostate_mri_us_biopsy_dicom_annotations,dcmqi,prostate_mri_us_biopsy_dicom_annotations,prostate_mri_us_biopsy,OK,1,1
1.2.276.0.7230010.3.1.3.481037312.365861.1761251635.504641,dcmqi / nlstseg,dcmqi,nlstseg,nlst,OK,1,1
1.2.276.0.7230010.3.1.3.481037312.359963.1761251445.951290,dcmqi / nlstseg,dcmqi,nlstseg,nlst,OK,1,1
1.2.826.0.1.3680043.8.498.11604781140566372071130093632933147897,highdicom / eay131_tumor_annotations,highdicom,eay131_tumor_annotations,eay131,OK,1,1
1.2.276.0.7230010.3.1.3.481037312.474387.1761256061.621873,dcmqi / nlstseg,dcmqi,nlstseg,nlst,OK,1,1
1.2.276.0.7230010.3.1.3.481037312.393398.1761252733.232552,dcmqi / nlstseg,dcmqi,nlstseg,nlst,OK,1,1
1.2.276.0.7230010.3.1.3.0.9953.1553293262.771133,dcmqi / dicom_lidc_idri_nodules,dcmqi,dicom_lidc_idri_nodules,lidc_idri,OK,1,1
1.2.276.0.7230010.3.1.3.0.66242.1553353146.32140,dcmqi / dicom_lidc_idri_nodules,dcmqi,dicom_lidc_idri_nodules,lidc_idri,OK,1,1
1.2.276.0.7230010.3.1.3.0.34140.1553318047.913684,dcmqi / dicom_lidc_idri_nodules,dcmqi,dicom_lidc_idri_nodules,lidc_idri,OK,1,1
1.2.276.0.7230010.3.1.3.0.18810.1553301715.588614,dcmqi / dicom_lidc_idri_nodules,dcmqi,dicom_lidc_idri_nodules,lidc_idri,OK,1,1
1.2.276.0.7230010.3.1.3.0.34142.1553318054.310174,dcmqi / dicom_lidc_idri_nodules,dcmqi,dicom_lidc_idri_nodules,lidc_idri,OK,1,1
1.2.276.0.7230010.3.1.3.0.59240.1553345522.504220,dcmqi / dicom_lidc_idri_nodules,dcmqi,dicom_lidc_idri_nodules,lidc_idri,OK,1,1
1.2.276.0.7230010.3.1.3.481037312.121463.1761243325.934011,dcmqi / nlstseg,dcmqi,nlstseg,nlst,OK,1,1
1.2.276.0.7230010.3.1.3.481037312.403570.1761253140.47133,dcmqi / nlstseg,dcmqi,nlstseg,nlst,OK,1,1
1.3.6.1.4.1.14519.5.2.1.193942397543757556702016754244953025015,dcmqi / (null),dcmqi,(null),mediastinal_lymph_node_seg,OK,1,1
1.3.6.1.4.1.14519.5.2.1.204664535025974601383924918703877600273,dcmqi / (null),dcmqi,(null),mediastinal_lymph_node_seg,OK,1,1
1.3.6.1.4.1.14519.5.2.1.78787584138834763104009670383456153285,dcmqi / (null),dcmqi,(null),mediastinal_lymph_node_seg,OK,1,1
1.3.6.1.4.1.14519.5.2.1.25867278011787798013763996963244730818,pydicom-seg / (null),pydicom-seg,(null),rider_lung_ct,OK,1,1
1.3.6.1.4.1.14519.5.2.1.331229551517377112586670238454843593402,highdicom / (null),highdicom,(null),psma_pet_ct_lesions,OK,1,1
1.2.826.0.1.3680043.8.498.92974366989182190613548385034117394784,highdicom / eay131_tumor_annotations,highdicom,eay131_tumor_annotations,eay131,OK,1,1
1.2.276.0.7230010.3.1.3.17436516.591989.1722970781.243295,dcmqi / bamf_aimi_annotations,dcmqi,bamf_aimi_annotations,upenn_gbm,OK,1,1
1.2.276.0.7230010.3.1.3.1031255639.896.1345989320.27,not identifiable from index / qiba_volct_1b,not identifiable from index,qiba_volct_1b,rider_lung_ct,OK,1,1
1.2.826.0.1.3680043.8.498.60454259074118234288214478535144561786,highdicom / eay131_tumor_annotations,highdicom,eay131_tumor_annotations,eay131,OK,1,1
1.2.276.0.7230010.3.1.3.1231426215.2940.1345569957.197,not identifiable from index / qiba_volct_1b,not identifiable from index,qiba_volct_1b,rider_lung_ct,OK,1,1
1.3.6.1.4.1.14519.5.2.1.117497968242526699899385281714730029066,highdicom / (null),highdicom,(null),psma_pet_ct_lesions,OK,1,1
1.3.6.1.4.1.14519.5.2.1.213771917052185049420578513239584395823,highdicom / (null),highdicom,(null),psma_pet_ct_lesions,OK,1,1
1.2.276.0.7230010.3.1.3.17436516.749101.1722971634.71999,dcmqi / bamf_aimi_annotations,dcmqi,bamf_aimi_annotations,upenn_gbm,OK,1,1
1.3.6.1.4.1.14519.5.2.1.12435761918900060773484879088972761452,highdicom / (null),highdicom,(null),psma_pet_ct_lesions,OK,1,1
1.3.6.1.4.1.14519.5.2.1.7695.4164.171084545043654553960137181031,not identifiable from index / (null),not identifiable from index,(null),acrin_6698,OK,1,1
1.3.6.1.4.1.14519.5.2.1.7695.4164.214114086045068321542681247999,not identifiable from index / (null),not identifiable from index,(null),acrin_6698,OK,1,1
1.2.826.0.1.3680043.8.498.45908658180982057796363278215695715662,highdicom / eay131_tumor_annotations,highdicom,eay131_tumor_annotations,eay131,OK,1,1
1.2.276.0.7230010.3.1.3.1031255639.896.1345990202.629,not identifiable from index / qiba_volct_1b,not identifiable from index,qiba_volct_1b,rider_lung_ct,OK,1,1
1.2.826.0.1.3680043.8.498.78824037904196508619488361316305930592,highdicom / eay131_tumor_annotations,highdicom,eay131_tumor_annotations,eay131,OK,1,1
1.2.276.0.7230010.3.1.3.1031255639.2932.1345990668.242,not identifiable from index / qiba_volct_1b,not identifiable from index,qiba_volct_1b,rider_lung_ct,OK,1,1
1.2.276.0.7230010.3.1.3.1231426215.1472.1345739525.374,not identifiable from index / qiba_volct_1b,not identifiable from index,qiba_volct_1b,rider_lung_ct,OK,1,1
1.3.6.1.4.1.14519.5.2.1.236953200372055145313163186234706214455,highdicom / (null),highdicom,(null),psma_pet_ct_lesions,OK,1,1
1.2.276.0.7230010.3.1.3.0.23726.1674507659.337251,dcmqi / (null),dcmqi,(null),ct_lymph_nodes,OK,1,1
1.2.276.0.7230010.3.1.3.481037312.138283.1761243897.66440,dcmqi / nlstseg,dcmqi,nlstseg,nlst,OK,1,1
1.2.276.0.7230010.3.1.3.481037312.342201.1761250857.965569,dcmqi / nlstseg,dcmqi,nlstseg,nlst,OK,1,1
1.2.276.0.7230010.3.1.3.481037312.208635.1761246252.652363,dcmqi / nlstseg,dcmqi,nlstseg,nlst,OK,1,1
1.2.276.0.7230010.3.1.3.481037312.239215.1761247266.322820,dcmqi / nlstseg,dcmqi,nlstseg,nlst,OK,1,1
1.2.276.0.7230010.3.1.3.481037312.167907.1761244872.615661,dcmqi / nlstseg,dcmqi,nlstseg,nlst,OK,1,1
1.2.276.0.7230010.3.1.3.481037312.91883.1761242347.498512,dcmqi / nlstseg,dcmqi,nlstseg,nlst,OK,1,1
1.2.276.0.7230010.3.1.3.481037312.529999.1761258402.307143,dcmqi / nlstseg,dcmqi,nlstseg,nlst,OK,1,1
1.2.276.0.7230010.3.1.3.481037312.534207.1761258596.209635,dcmqi / nlstseg,dcmqi,nlstseg,nlst,OK,1,1
1.2.276.0.7230010.3.1.3.481037312.611859.1761261942.793961,dcmqi / nlstseg,dcmqi,nlstseg,nlst,OK,1,1
1.2.276.0.7230010.3.1.3.481037312.483461.1761256406.59282,dcmqi / nlstseg,dcmqi,nlstseg,nlst,OK,1,1
1.2.276.0.7230010.3.1.3.0.58856.1553345025.338307,dcmqi / dicom_lidc_idri_nodules,dcmqi,dicom_lidc_idri_nodules,lidc_idri,OK,1,1
1.3.6.1.4.1.14519.5.2.1.292691108529661992275629217939359942791,dcmqi / (null),dcmqi,(null),mediastinal_lymph_node_seg,OK,1,1
1.2.826.0.1.3680043.8.498.93228633773245135187164109287195264376,highdicom / eay131_tumor_annotations,highdicom,eay131_tumor_annotations,eay131,OK,1,1
1.2.276.0.7230010.3.1.3.505801377.2780.1345914389.34,not identifiable from index / qiba_volct_1b,not identifiable from index,qiba_volct_1b,rider_lung_ct,OK,1,1
1.2.276.0.7230010.3.1.3.17436516.895542.1722972378.663743,dcmqi / bamf_aimi_annotations,dcmqi,bamf_aimi_annotations,upenn_gbm,OK,1,1
1.2.276.0.7230010.3.1.3.1231426215.2940.1345569957.204,not identifiable from index / qiba_volct_1b,not identifiable from index,qiba_volct_1b,rider_lung_ct,OK,1,1
1.3.6.1.4.1.14519.5.2.1.178774295276996965782881842133308096704,highdicom / (null),highdicom,(null),psma_pet_ct_lesions,OK,1,1
1.2.276.0.7230010.3.1.3.1231426215.1972.1345739935.27,not identifiable from index / qiba_volct_1b,not identifiable from index,qiba_volct_1b,rider_lung_ct,OK,1,1
1.2.276.0.7230010.3.1.3.17436516.618331.1722970915.861804,dcmqi / bamf_aimi_annotations,dcmqi,bamf_aimi_annotations,upenn_gbm,OK,1,1
1.2.276.0.7230010.3.1.3.17436516.872238.1722972245.965799,dcmqi / bamf_aimi_annotations,dcmqi,bamf_aimi_annotations,upenn_gbm,OK,1,1
1.2.826.0.1.3680043.8.498.13000918586689548551949021983960328443,highdicom / eay131_tumor_annotations,highdicom,eay131_tumor_annotations,eay131,OK,1,1
1.2.276.0.7230010.3.1.3.505801377.400.1345913549.156,not identifiable from index / qiba_volct_1b,not identifiable from index,qiba_volct_1b,rider_lung_ct,OK,1,1
1.2.826.0.1.3680043.8.498.62019761195600587414638426601139058687,highdicom / eay131_tumor_annotations,highdicom,eay131_tumor_annotations,eay131,OK,1,1
1.2.276.0.7230010.3.1.3.17436516.2131652.1720639867.501525,dcmqi / bamf_aimi_annotations,dcmqi,bamf_aimi_annotations,acrin_nsclc_fdg_pet,OK,1,1
1.2.276.0.7230010.3.1.3.1031255639.2932.1345990668.235,not identifiable from index / qiba_volct_1b,not identifiable from index,qiba_volct_1b,rider_lung_ct,OK,1,1
1.2.826.0.1.3680043.8.498.96123637627733678235999170518459906599,highdicom / eay131_tumor_annotations,highdicom,eay131_tumor_annotations,eay131,OK,1,1
1.3.6.1.4.1.14519.5.2.1.104818734348965057842092751256661586240,highdicom / (null),highdicom,(null),psma_pet_ct_lesions,OK,1,1
1.2.826.0.1.3680043.8.498.10607011923331680314427897034275549131,highdicom / eay131_tumor_annotations,highdicom,eay131_tumor_annotations,eay131,OK,1,1
1.2.276.0.7230010.3.1.3.1426846371.5460.1513205208.218,dcmqi / (null),dcmqi,(null),qin_prostate_repeatability,OK,1,1
1.2.276.0.7230010.3.1.3.1426846371.12016.1513205145.257,dcmqi / (null),dcmqi,(null),qin_prostate_repeatability,OK,1,1
1.2.276.0.7230010.3.1.3.481037312.158051.1761244545.392822,dcmqi / nlstseg,dcmqi,nlstseg,nlst,OK,1,1
1.2.276.0.7230010.3.1.3.0.22261.1674506601.9928,dcmqi / (null),dcmqi,(null),ct_lymph_nodes,OK,1,1
1.2.276.0.7230010.3.1.3.481037312.66254.1761241505.520894,dcmqi / nlstseg,dcmqi,nlstseg,nlst,OK,1,1
1.2.276.0.7230010.3.1.3.481037312.250254.1761247667.52923,dcmqi / nlstseg,dcmqi,nlstseg,nlst,OK,1,1
1.2.276.0.7230010.3.1.3.481037312.407757.1761253328.369429,dcmqi / nlstseg,dcmqi,nlstseg,nlst,OK,1,1
1.2.276.0.7230010.3.1.3.0.39916.1698534717.147420,dcmqi / prostate_mri_us_biopsy_dicom_annotations,dcmqi,prostate_mri_us_biopsy_dicom_annotations,prostate_mri_us_biopsy,OK,1,1
1.2.276.0.7230010.3.1.3.481037312.475386.1761256098.581197,dcmqi / nlstseg,dcmqi,nlstseg,nlst,OK,1,1
1.2.276.0.7230010.3.1.3.0.64014.1553350646.86815,dcmqi / dicom_lidc_idri_nodules,dcmqi,dicom_lidc_idri_nodules,lidc_idri,OK,1,1
1.3.6.1.4.1.14519.5.2.1.4334.1501.633171473408195110174342247965,QIICR Reporting via 3D Slicer / (null),QIICR Reporting via 3D Slicer,(null),nsclc_radiogenomics,OK,1,1
1.2.276.0.7230010.3.1.3.0.61076.1553347475.679738,dcmqi / dicom_lidc_idri_nodules,dcmqi,dicom_lidc_idri_nodules,lidc_idri,OK,1,1
1.3.6.1.4.1.14519.5.2.1.4334.1501.447360532902265301128125836727,QIICR Reporting via 3D Slicer / (null),QIICR Reporting via 3D Slicer,(null),nsclc_radiogenomics,OK,1,1
1.3.6.1.4.1.14519.5.2.1.138920915606176282565300923595798216914,highdicom / (null),highdicom,(null),psma_pet_ct_lesions,OK,1,1
1.2.276.0.7230010.3.1.3.481037312.484473.1761256446.302041,dcmqi / nlstseg,dcmqi,nlstseg,nlst,OK,1,1
1.3.6.1.4.1.14519.5.2.1.217420681089702999450771738444434505700,pydicom-seg / (null),pydicom-seg,(null),rider_lung_ct,OK,1,1
1.3.6.1.4.1.14519.5.2.1.290599163656897366289300090186105203786,pydicom-seg / (null),pydicom-seg,(null),rider_lung_ct,OK,1,1
1.2.826.0.1.3680043.8.498.81968827398240847904702071360148561750,highdicom / eay131_tumor_annotations,highdicom,eay131_tumor_annotations,eay131,OK,1,1
1.3.6.1.4.1.14519.5.2.1.96855636604975778787108033848424087060,highdicom / (null),highdicom,(null),psma_pet_ct_lesions,OK,1,1
1.2.276.0.7230010.3.1.3.0.43345.1698536846.830707,dcmqi / prostate_mri_us_biopsy_dicom_annotations,dcmqi,prostate_mri_us_biopsy_dicom_annotations,prostate_mri_us_biopsy,OK,1,1
1.3.6.1.4.1.14519.5.2.1.241932214692736146324409041112411571041,highdicom / (null),highdicom,(null),psma_pet_ct_lesions,OK,1,1
1.3.6.1.4.1.14519.5.2.1.35079642874878084934214717034461660119,highdicom / (null),highdicom,(null),psma_pet_ct_lesions,OK,1,1
1.2.276.0.7230010.3.1.3.309938702.2428.1345118530.34,not identifiable from index / qiba_volct_1b,not identifiable from index,qiba_volct_1b,rider_lung_ct,OK,1,1
1.3.6.1.4.1.14519.5.2.1.231056008230397641657449821889993960381,dcmqi / (null),dcmqi,(null),remind,OK,1,1
1.3.6.1.4.1.14519.5.2.1.301061809160863255215137061665387053522,highdicom / (null),highdicom,(null),psma_pet_ct_lesions,OK,1,1
1.3.6.1.4.1.14519.5.2.1.323430600334965398564905229868713374269,highdicom / (null),highdicom,(null),psma_pet_ct_lesions,OK,1,1
1.2.276.0.7230010.3.1.3.4148549909.2120.1344861094.289,not identifiable from index / qiba_volct_1b,not identifiable from index,qiba_volct_1b,rider_lung_ct,OK,1,1
1.3.6.1.4.1.14519.5.2.1.7695.4164.254967838494883921283337363730,not identifiable from index / (null),not identifiable from index,(null),acrin_6698,OK,1,1
1.2.826.0.1.3680043.8.498.10909519096451973454999448353400881803,highdicom / eay131_tumor_annotations,highdicom,eay131_tumor_annotations,eay131,OK,1,1
1.2.276.0.7230010.3.1.3.17436516.279542.1696966608.523235,dcmqi / bamf_aimi_annotations,dcmqi,bamf_aimi_annotations,tcga_lihc,OK,1,1
1.3.6.1.4.1.14519.5.2.1.7695.1700.274654384714949771869022486174,not identifiable from index / (null),not identifiable from index,(null),ispy1,OK,1,1
1.2.276.0.7230010.3.1.3.1231426215.1972.1345739935.34,not identifiable from index / qiba_volct_1b,not identifiable from index,qiba_volct_1b,rider_lung_ct,OK,1,1
1.2.276.0.7230010.3.1.3.0.23039.1674507174.253059,dcmqi / (null),dcmqi,(null),ct_lymph_nodes,OK,1,1
1.2.276.0.7230010.3.1.3.481037312.371855.1761251851.360355,dcmqi / nlstseg,dcmqi,nlstseg,nlst,OK,1,1
1.2.276.0.7230010.3.1.3.0.45087.1698537266.612814,dcmqi / prostate_mri_us_biopsy_dicom_annotations,dcmqi,prostate_mri_us_biopsy_dicom_annotations,prostate_mri_us_biopsy,OK,1,1
1.2.276.0.7230010.3.1.3.481037312.397393.1761252876.517148,dcmqi / nlstseg,dcmqi,nlstseg,nlst,OK,1,1
1.2.276.0.7230010.3.1.3.0.4508.1553288914.884524,dcmqi / dicom_lidc_idri_nodules,dcmqi,dicom_lidc_idri_nodules,lidc_idri,OK,1,1
1.2.276.0.7230010.3.1.3.481037312.412859.1761253540.733014,dcmqi / nlstseg,dcmqi,nlstseg,nlst,OK,1,1
1.3.6.1.4.1.14519.5.2.1.59849007231801805897977043132052347855,dcmqi / (null),dcmqi,(null),mediastinal_lymph_node_seg,OK,1,1
1.3.6.1.4.1.14519.5.2.1.150295612437123398807392579280690753215,dcmqi / (null),dcmqi,(null),mediastinal_lymph_node_seg,OK,1,1
1.3.6.1.4.1.14519.5.2.1.239326874540171757996643556054275884838,pydicom-seg / (null),pydicom-seg,(null),rider_lung_ct,OK,1,1
1.3.6.1.4.1.14519.5.2.1.35170604059985729277805685226386846879,pydicom-seg / (null),pydicom-seg,(null),rider_lung_ct,OK,1,1
1.2.276.0.7230010.3.1.3.4148549909.2324.1344862578.112,not identifiable from index / qiba_volct_1b,not identifiable from index,qiba_volct_1b,rider_lung_ct,OK,1,1
1.3.6.1.4.1.14519.5.2.1.170984485304070527262284057255523539173,highdicom / (null),highdicom,(null),psma_pet_ct_lesions,OK,1,1
1.2.826.0.1.3680043.8.498.11924060227948465083653594376975644512,highdicom / eay131_tumor_annotations,highdicom,eay131_tumor_annotations,eay131,OK,1,1
1.2.276.0.7230010.3.1.3.17436516.888423.1722972335.250413,dcmqi / bamf_aimi_annotations,dcmqi,bamf_aimi_annotations,upenn_gbm,OK,1,1
1.2.826.0.1.3680043.8.498.18264725708595817540847800390448412964,highdicom / eay131_tumor_annotations,highdicom,eay131_tumor_annotations,eay131,OK,1,1
1.3.6.1.4.1.14519.5.2.1.102568021526197764072357561606053216768,highdicom / (null),highdicom,(null),psma_pet_ct_lesions,OK,1,1
1.2.276.0.7230010.3.1.3.3426864066.612.1345230625.367,not identifiable from index / qiba_volct_1b,not identifiable from index,qiba_volct_1b,rider_lung_ct,OK,1,1
1.2.826.0.1.3680043.8.498.93431559756902634475230935282324612512,highdicom / eay131_tumor_annotations,highdicom,eay131_tumor_annotations,eay131,OK,1,1
1.2.276.0.7230010.3.1.3.1231426215.1472.1345739201.204,not identifiable from index / qiba_volct_1b,not identifiable from index,qiba_volct_1b,rider_lung_ct,OK,1,1
1.2.276.0.7230010.3.1.3.505801377.400.1345913549.149,not identifiable from index / qiba_volct_1b,not identifiable from index,qiba_volct_1b,rider_lung_ct,OK,1,1
1.2.826.0.1.3680043.8.498.56472625772090415801120856062829165137,highdicom / eay131_tumor_annotations,highdicom,eay131_tumor_annotations,eay131,OK,1,1
1.2.826.0.1.3680043.8.498.10399911580291858678949125327637156420,highdicom / eay131_tumor_annotations,highdicom,eay131_tumor_annotations,eay131,OK,1,1
1.3.6.1.4.1.14519.5.2.1.120674767717933274220524486786886089518,highdicom / (null),highdicom,(null),psma_pet_ct_lesions,OK,1,1
1.2.826.0.1.3680043.8.498.25708874361016505171942747996418757971,highdicom / eay131_tumor_annotations,highdicom,eay131_tumor_annotations,eay131,OK,1,1
1.2.826.0.1.3680043.8.498.11602398921537342285342357612806362376,highdicom / eay131_tumor_annotations,highdicom,eay131_tumor_annotations,eay131,OK,1,1
1.3.6.1.4.1.14519.5.2.1.102843666577452274288378277901728950676,highdicom / (null),highdicom,(null),psma_pet_ct_lesions,OK,1,1
1.3.6.1.4.1.14519.5.2.1.280910862907936312016459092907090923708,highdicom / (null),highdicom,(null),psma_pet_ct_lesions,OK,1,1
1.2.276.0.7230010.3.1.3.481037312.305511.1761249594.414208,dcmqi / nlstseg,dcmqi,nlstseg,nlst,OK,1,1
1.2.276.0.7230010.3.1.3.481037312.324371.1761250250.593972,dcmqi / nlstseg,dcmqi,nlstseg,nlst,OK,1,1
1.2.276.0.7230010.3.1.3.1231426215.1972.1345740841.452,not identifiable from index / qiba_volct_1b,not identifiable from index,qiba_volct_1b,rider_lung_ct,OK,1,1
1.2.276.0.7230010.3.1.3.481037312.382037.1761252260.149523,dcmqi / nlstseg,dcmqi,nlstseg,nlst,OK,1,1
1.2.276.0.7230010.3.1.3.481037312.171859.1761244998.698640,dcmqi / nlstseg,dcmqi,nlstseg,nlst,OK,1,1
1.2.276.0.7230010.3.1.3.481037312.427511.1761254203.265373,dcmqi / nlstseg,dcmqi,nlstseg,nlst,OK,1,1
1.2.276.0.7230010.3.1.3.481037312.439702.1761254679.274639,dcmqi / nlstseg,dcmqi,nlstseg,nlst,OK,1,1
1.2.276.0.7230010.3.1.3.0.65834.1553352613.213517,dcmqi / dicom_lidc_idri_nodules,dcmqi,dicom_lidc_idri_nodules,lidc_idri,OK,1,1
1.2.276.0.7230010.3.1.3.0.65520.1553352309.454943,dcmqi / dicom_lidc_idri_nodules,dcmqi,dicom_lidc_idri_nodules,lidc_idri,OK,1,1
1.2.276.0.7230010.3.1.3.481037312.556159.1761259582.890662,dcmqi / nlstseg,dcmqi,nlstseg,nlst,OK,1,1
1.3.6.1.4.1.14519.5.2.1.8200827439618843856315418646885350075,dcmqi / (null),dcmqi,(null),mediastinal_lymph_node_seg,OK,1,1
1.3.6.1.4.1.14519.5.2.1.13094104517567930575788422046295847616,highdicom / (null),highdicom,(null),psma_pet_ct_lesions,OK,1,1
1.3.6.1.4.1.14519.5.2.1.186735611281932902044818654960277874666,dcmqi / (null),dcmqi,(null),mediastinal_lymph_node_seg,OK,1,1
1.2.276.0.7230010.3.1.3.481037312.449795.1761255071.723854,dcmqi / nlstseg,dcmqi,nlstseg,nlst,OK,1,1
1.3.6.1.4.1.14519.5.2.1.84865449573242411288569360770939440356,pydicom-seg / (null),pydicom-seg,(null),rider_lung_ct,OK,1,1
1.3.6.1.4.1.14519.5.2.1.275643620257529029418312900370845548776,pydicom-seg / (null),pydicom-seg,(null),rider_lung_ct,OK,1,1
1.3.6.1.4.1.14519.5.2.1.179259074280050177900029360019268048797,highdicom / (null),highdicom,(null),psma_pet_ct_lesions,OK,1,1
1.2.276.0.7230010.3.1.3.1426846371.16056.1513205118.345,dcmqi / (null),dcmqi,(null),qin_prostate_repeatability,OK,1,1
1.2.826.0.1.3680043.8.498.42939286942092049656327802759422843280,highdicom / eay131_tumor_annotations,highdicom,eay131_tumor_annotations,eay131,OK,1,1
1.3.6.1.4.1.14519.5.2.1.321329220558975117555256085707921276070,highdicom / (null),highdicom,(null),psma_pet_ct_lesions,OK,1,1
1.3.6.1.4.1.14519.5.2.1.226649542020631439926696994791101971653,highdicom / (null),highdicom,(null),psma_pet_ct_lesions,OK,1,1
1.2.276.0.7230010.3.1.3.0.43060.1698536763.987744,dcmqi / prostate_mri_us_biopsy_dicom_annotations,dcmqi,prostate_mri_us_biopsy_dicom_annotations,prostate_mri_us_biopsy,OK,1,1
1.2.276.0.7230010.3.1.3.309938702.1056.1345120590.197,not identifiable from index / qiba_volct_1b,not identifiable from index,qiba_volct_1b,rider_lung_ct,OK,1,1
1.3.6.1.4.1.14519.5.2.1.190104256319766466784212834777953268173,highdicom / (null),highdicom,(null),psma_pet_ct_lesions,OK,1,1
1.3.6.1.4.1.14519.5.2.1.82275875196784994782937099108391891151,highdicom / (null),highdicom,(null),psma_pet_ct_lesions,OK,1,1
1.3.6.1.4.1.14519.5.2.1.78037523072634872904671718047025697884,highdicom / (null),highdicom,(null),psma_pet_ct_lesions,OK,1,1
1.2.276.0.7230010.3.1.3.17436516.924805.1722972539.545998,dcmqi / bamf_aimi_annotations,dcmqi,bamf_aimi_annotations,upenn_gbm,OK,1,1
1.2.826.0.1.3680043.8.498.41987253013176856659404446143616128609,highdicom / eay131_tumor_annotations,highdicom,eay131_tumor_annotations,eay131,OK,1,1
1.2.276.0.7230010.3.1.3.17436516.780646.1722971802.98247,dcmqi / bamf_aimi_annotations,dcmqi,bamf_aimi_annotations,upenn_gbm,OK,1,1
1.3.6.1.4.1.14519.5.2.1.246960022080376545139038182658381960051,highdicom / (null),highdicom,(null),psma_pet_ct_lesions,OK,1,1
1.3.6.1.4.1.14519.5.2.1.73889049691850959424594841964199936544,highdicom / (null),highdicom,(null),psma_pet_ct_lesions,OK,1,1
1.3.6.1.4.1.14519.5.2.1.253260987937009030463190520838974491756,highdicom / (null),highdicom,(null),psma_pet_ct_lesions,OK,1,1
1.3.6.1.4.1.14519.5.2.1.313387925878122261529958409706290128783,highdicom / (null),highdicom,(null),psma_pet_ct_lesions,OK,1,1
1.2.276.0.7230010.3.1.3.0.42817.1698536649.975456,dcmqi / prostate_mri_us_biopsy_dicom_annotations,dcmqi,prostate_mri_us_biopsy_dicom_annotations,prostate_mri_us_biopsy,OK,1,1
1.2.276.0.7230010.3.1.3.0.45538.1698537444.720733,dcmqi / prostate_mri_us_biopsy_dicom_annotations,dcmqi,prostate_mri_us_biopsy_dicom_annotations,prostate_mri_us_biopsy,OK,1,1
1.2.826.0.1.3680043.8.498.13155075752716829945849914857566225883,highdicom / eay131_tumor_annotations,highdicom,eay131_tumor_annotations,eay131,OK,1,1
1.2.826.0.1.3680043.8.498.67107708328663408944158921634062561606,highdicom / eay131_tumor_annotations,highdicom,eay131_tumor_annotations,eay131,OK,1,1
1.3.6.1.4.1.14519.5.2.1.7695.2311.126381666966628387607806553345,not identifiable from index / (null),not identifiable from index,(null),breast_mri_nact_pilot,OK,1,1
1.3.6.1.4.1.14519.5.2.1.7695.2311.171500061613682677412969803675,not identifiable from index / (null),not identifiable from index,(null),breast_mri_nact_pilot,OK,1,1
1.2.276.0.7230010.3.1.3.17436516.621975.1722970938.389269,dcmqi / bamf_aimi_annotations,dcmqi,bamf_aimi_annotations,upenn_gbm,OK,1,1
1.2.276.0.7230010.3.1.3.0.39816.1698534674.311105,dcmqi / prostate_mri_us_biopsy_dicom_annotations,dcmqi,prostate_mri_us_biopsy_dicom_annotations,prostate_mri_us_biopsy,OK,1,1
1.3.6.1.4.1.14519.5.2.1.38480194840359570639116343845977732555,highdicom / (null),highdicom,(null),psma_pet_ct_lesions,OK,1,1
1.2.276.0.7230010.3.1.3.17436516.2444916.1693015325.946961,dcmqi / bamf_aimi_annotations,dcmqi,bamf_aimi_annotations,tcga_kirc,OK,1,1
1.2.276.0.7230010.3.1.3.481037312.391299.1761252647.101514,dcmqi / nlstseg,dcmqi,nlstseg,nlst,OK,1,1
1.2.276.0.7230010.3.1.3.17436516.2355881.1720643331.110323,dcmqi / bamf_aimi_annotations,dcmqi,bamf_aimi_annotations,lung_pet_ct_dx,OK,1,1
1.2.276.0.7230010.3.1.3.481037312.224465.1761246781.355183,dcmqi / nlstseg,dcmqi,nlstseg,nlst,OK,1,1
1.3.6.1.4.1.14519.5.2.1.309314740402615074401826200000200419780,highdicom / (null),highdicom,(null),psma_pet_ct_lesions,OK,1,1
1.2.276.0.7230010.3.1.3.481037312.214563.1761246448.334053,dcmqi / nlstseg,dcmqi,nlstseg,nlst,OK,1,1
1.2.276.0.7230010.3.1.3.481037312.547955.1761259243.127965,dcmqi / nlstseg,dcmqi,nlstseg,nlst,OK,1,1
1.2.276.0.7230010.3.1.3.481037312.578627.1761260508.747717,dcmqi / nlstseg,dcmqi,nlstseg,nlst,OK,1,1
1.2.276.0.7230010.3.1.3.0.41387.1698535339.438381,dcmqi / prostate_mri_us_biopsy_dicom_annotations,dcmqi,prostate_mri_us_biopsy_dicom_annotations,prostate_mri_us_biopsy,OK,1,1
1.2.276.0.7230010.3.1.3.0.69363.1553356536.524343,dcmqi / dicom_lidc_idri_nodules,dcmqi,dicom_lidc_idri_nodules,lidc_idri,OK,1,1
1.2.276.0.7230010.3.1.3.0.46840.1553331764.914208,dcmqi / dicom_lidc_idri_nodules,dcmqi,dicom_lidc_idri_nodules,lidc_idri,OK,1,1
1.3.6.1.4.1.14519.5.2.1.4334.1501.381968244486540572970084815833,QIICR Reporting via 3D Slicer / (null),QIICR Reporting via 3D Slicer,(null),nsclc_radiogenomics,OK,1,1
1.3.6.1.4.1.14519.5.2.1.250806132853378146206871906604520829876,dcmqi / (null),dcmqi,(null),mediastinal_lymph_node_seg,OK,1,1
1.2.276.0.7230010.3.1.3.481037312.508083.1761257422.20355,dcmqi / nlstseg,dcmqi,nlstseg,nlst,OK,1,1
1.2.826.0.1.3680043.8.498.20217250321601159013914952976697949778,highdicom / eay131_tumor_annotations,highdicom,eay131_tumor_annotations,eay131,OK,1,1
1.3.6.1.4.1.14519.5.2.1.49974451863363067363414050285756945570,pydicom-seg / (null),pydicom-seg,(null),rider_lung_ct,OK,1,1
1.3.6.1.4.1.14519.5.2.1.190879780300754759066384997299399114184,pydicom-seg / (null),pydicom-seg,(null),rider_lung_ct,OK,1,1
1.2.276.0.7230010.3.1.3.17436516.800827.1722971904.161122,dcmqi / bamf_aimi_annotations,dcmqi,bamf_aimi_annotations,upenn_gbm,OK,1,1
1.3.6.1.4.1.14519.5.2.1.94328647212785322710272415146999408893,highdicom / (null),highdicom,(null),psma_pet_ct_lesions,OK,1,1
1.2.276.0.7230010.3.1.3.17436516.737807.1722971561.509664,dcmqi / bamf_aimi_annotations,dcmqi,bamf_aimi_annotations,upenn_gbm,OK,1,1
1.2.826.0.1.3680043.8.498.25168357910463035062940221077481392205,highdicom / eay131_tumor_annotations,highdicom,eay131_tumor_annotations,eay131,OK,1,1
1.2.276.0.7230010.3.1.3.17436516.767314.1722971731.109190,dcmqi / bamf_aimi_annotations,dcmqi,bamf_aimi_annotations,upenn_gbm,OK,1,1
1.2.276.0.7230010.3.1.3.17436516.750802.1722971641.190774,dcmqi / bamf_aimi_annotations,dcmqi,bamf_aimi_annotations,upenn_gbm,OK,1,1
1.2.826.0.1.3680043.8.498.10927044866408289086954517360937997750,highdicom / eay131_tumor_annotations,highdicom,eay131_tumor_annotations,eay131,OK,1,1
1.2.276.0.7230010.3.1.3.17436516.676264.1722971224.654884,dcmqi / bamf_aimi_annotations,dcmqi,bamf_aimi_annotations,upenn_gbm,OK,1,1
1.3.6.1.4.1.14519.5.2.1.200528003902379142056525517985800922214,highdicom / (null),highdicom,(null),psma_pet_ct_lesions,OK,1,1
1.3.6.1.4.1.14519.5.2.1.295707458138225476131163369777195193614,highdicom / (null),highdicom,(null),psma_pet_ct_lesions,OK,1,1
1.2.276.0.7230010.3.1.3.17436516.929220.1722972562.737589,dcmqi / bamf_aimi_annotations,dcmqi,bamf_aimi_annotations,upenn_gbm,OK,1,1
1.3.6.1.4.1.14519.5.2.1.215728514156617908216266753188932939175,highdicom / (null),highdicom,(null),psma_pet_ct_lesions,OK,1,1
1.2.826.0.1.3680043.8.498.10856626790388988722097395744297496726,highdicom / eay131_tumor_annotations,highdicom,eay131_tumor_annotations,eay131,OK,1,1
1.2.826.0.1.3680043.8.498.12236359959924277489735498023453592211,highdicom / eay131_tumor_annotations,highdicom,eay131_tumor_annotations,eay131,OK,1,1
1.2.826.0.1.3680043.8.498.56255817322377798657782247839380601050,highdicom / eay131_tumor_annotations,highdicom,eay131_tumor_annotations,eay131,OK,1,1
1.2.826.0.1.3680043.8.498.61863554444625111959494400280571435847,highdicom / eay131_tumor_annotations,highdicom,eay131_tumor_annotations,eay131,OK,1,1
1.2.826.0.1.3680043.8.498.16995405193356735397604734418818307416,highdicom / eay131_tumor_annotations,highdicom,eay131_tumor_annotations,eay131,OK,1,1
1.2.826.0.1.3680043.8.498.83015601369844635898507055197495144444,highdicom / eay131_tumor_annotations,highdicom,eay131_tumor_annotations,eay131,OK,1,1
1.2.276.0.7230010.3.1.3.3426864066.612.1345229759.27,not identifiable from index / qiba_volct_1b,not identifiable from index,qiba_volct_1b,rider_lung_ct,OK,1,1
1.3.6.1.4.1.14519.5.2.1.56459016652567159327560004813548990434,highdicom / (null),highdicom,(null),psma_pet_ct_lesions,OK,1,1
1.3.6.1.4.1.14519.5.2.1.169744126075200499280035611348635589616,highdicom / (null),highdicom,(null),psma_pet_ct_lesions,OK,1,1
1.2.826.0.1.3680043.8.498.92023524581832129333689847562291649896,highdicom / eay131_tumor_annotations,highdicom,eay131_tumor_annotations,eay131,OK,1,1
1.2.276.0.7230010.3.1.3.17436516.826089.1722972030.919377,dcmqi / bamf_aimi_annotations,dcmqi,bamf_aimi_annotations,upenn_gbm,OK,1,1
1.3.6.1.4.1.14519.5.2.1.225516390630136856717945528599734272569,highdicom / (null),highdicom,(null),psma_pet_ct_lesions,OK,1,1
1.2.276.0.7230010.3.1.3.0.23624.1674507565.458488,dcmqi / (null),dcmqi,(null),ct_lymph_nodes,OK,1,1
1.3.6.1.4.1.14519.5.2.1.296799144903830406440598379181811006827,highdicom / (null),highdicom,(null),psma_pet_ct_lesions,OK,1,1
1.2.276.0.7230010.3.1.3.481037312.76168.1761241839.137734,dcmqi / nlstseg,dcmqi,nlstseg,nlst,OK,1,1
1.2.276.0.7230010.3.1.3.481037312.554055.1761259485.461004,dcmqi / nlstseg,dcmqi,nlstseg,nlst,OK,1,1
1.3.6.1.4.1.14519.5.2.1.12156935484467574466965161847402087693,dcmqi / (null),dcmqi,(null),mediastinal_lymph_node_seg,OK,1,1
1.3.6.1.4.1.14519.5.2.1.120160225452004479785508687496622425566,dcmqi / (null),dcmqi,(null),mediastinal_lymph_node_seg,OK,1,1
1.3.6.1.4.1.14519.5.2.1.65754073185522276198614055607023974777,pydicom-seg / (null),pydicom-seg,(null),rider_lung_ct,OK,1,1
1.2.276.0.7230010.3.1.3.17436516.733275.1722971536.579483,dcmqi / bamf_aimi_annotations,dcmqi,bamf_aimi_annotations,upenn_gbm,OK,1,1
1.2.276.0.7230010.3.1.3.17436516.669380.1722971186.339085,dcmqi / bamf_aimi_annotations,dcmqi,bamf_aimi_annotations,upenn_gbm,OK,1,1
1.3.6.1.4.1.14519.5.2.1.42370402323095596255530431665344243431,highdicom / (null),highdicom,(null),psma_pet_ct_lesions,OK,1,1
1.3.6.1.4.1.14519.5.2.1.170117740385194197035412591686961696563,highdicom / (null),highdicom,(null),psma_pet_ct_lesions,OK,1,1
1.2.276.0.7230010.3.1.3.17436516.328497.1696966767.123797,dcmqi / bamf_aimi_annotations,dcmqi,bamf_aimi_annotations,tcga_lihc,OK,1,1
1.2.276.0.7230010.3.1.3.1031255639.2132.1345991176.34,not identifiable from index / qiba_volct_1b,not identifiable from index,qiba_volct_1b,rider_lung_ct,OK,1,1
1.2.276.0.7230010.3.1.3.17436516.782585.1722971810.737541,dcmqi / bamf_aimi_annotations,dcmqi,bamf_aimi_annotations,upenn_gbm,OK,1,1
1.2.276.0.7230010.3.1.3.1031255639.2132.1345991176.27,not identifiable from index / qiba_volct_1b,not identifiable from index,qiba_volct_1b,rider_lung_ct,OK,1,1
1.2.826.0.1.3680043.8.498.50920169796966145916334223193757328508,highdicom / eay131_tumor_annotations,highdicom,eay131_tumor_annotations,eay131,OK,1,1
1.2.826.0.1.3680043.8.498.45400327557989692774504233140322542925,highdicom / eay131_tumor_annotations,highdicom,eay131_tumor_annotations,eay131,OK,1,1
1.3.6.1.4.1.14519.5.2.1.3876725540178561153961167985870615835,highdicom / (null),highdicom,(null),psma_pet_ct_lesions,OK,1,1
1.3.6.1.4.1.14519.5.2.1.190041100914746729474839158140690806736,highdicom / (null),highdicom,(null),psma_pet_ct_lesions,OK,1,1
1.2.276.0.7230010.3.1.3.1231426215.2940.1345570721.282,not identifiable from index / qiba_volct_1b,not identifiable from index,qiba_volct_1b,rider_lung_ct,OK,1,1
1.2.276.0.7230010.3.1.3.17436516.725245.1722971493.361410,dcmqi / bamf_aimi_annotations,dcmqi,bamf_aimi_annotations,upenn_gbm,OK,1,1
1.2.276.0.7230010.3.1.3.1231426215.1972.1345740841.459,not identifiable from index / qiba_volct_1b,not identifiable from index,qiba_volct_1b,rider_lung_ct,OK,1,1
1.2.276.0.7230010.3.1.3.1231426215.2940.1345570721.289,not identifiable from index / qiba_volct_1b,not identifiable from index,qiba_volct_1b,rider_lung_ct,OK,1,1
1.3.6.1.4.1.14519.5.2.1.199774097592575199745228698270810314223,dcmqi / (null),dcmqi,(null),remind,OK,1,1
1.3.6.1.4.1.14519.5.2.1.74660405317565214454032425862752972416,highdicom / (null),highdicom,(null),psma_pet_ct_lesions,OK,1,1
1.3.6.1.4.1.14519.5.2.1.7695.1700.583005959202483159861571169012,not identifiable from index / (null),not identifiable from index,(null),ispy1,OK,1,1
1.2.276.0.7230010.3.1.3.17436516.907200.1722972444.160325,dcmqi / bamf_aimi_annotations,dcmqi,bamf_aimi_annotations,upenn_gbm,OK,1,1
1.2.276.0.7230010.3.1.3.481037312.400552.1761253023.869330,dcmqi / nlstseg,dcmqi,nlstseg,nlst,OK,1,1
1.2.276.0.7230010.3.1.3.481037312.144125.1761244076.823373,dcmqi / nlstseg,dcmqi,nlstseg,nlst,OK,1,1
1.2.276.0.7230010.3.1.3.481037312.318463.1761250053.959972,dcmqi / nlstseg,dcmqi,nlstseg,nlst,OK,1,1
1.2.276.0.7230010.3.1.3.481037312.562355.1761259850.527276,dcmqi / nlstseg,dcmqi,nlstseg,nlst,OK,1,1
1.2.276.0.7230010.3.1.3.0.41198.1698535253.88226,dcmqi / prostate_mri_us_biopsy_dicom_annotations,dcmqi,prostate_mri_us_biopsy_dicom_annotations,prostate_mri_us_biopsy,OK,1,1
1.2.276.0.7230010.3.1.3.0.41357.1698535324.77087,dcmqi / prostate_mri_us_biopsy_dicom_annotations,dcmqi,prostate_mri_us_biopsy_dicom_annotations,prostate_mri_us_biopsy,OK,1,1
1.2.276.0.7230010.3.1.3.0.40771.1698535064.130794,dcmqi / prostate_mri_us_biopsy_dicom_annotations,dcmqi,prostate_mri_us_biopsy_dicom_annotations,prostate_mri_us_biopsy,OK,1,1
1.2.276.0.7230010.3.1.3.0.97548.1553285339.795359,dcmqi / dicom_lidc_idri_nodules,dcmqi,dicom_lidc_idri_nodules,lidc_idri,OK,1,1
1.3.6.1.4.1.14519.5.2.1.18271987513768226537362262000845498842,dcmqi / (null),dcmqi,(null),mediastinal_lymph_node_seg,OK,1,1
1.2.276.0.7230010.3.1.3.481037312.506965.1761257363.479546,dcmqi / nlstseg,dcmqi,nlstseg,nlst,OK,1,1
1.3.6.1.4.1.14519.5.2.1.102284633624583097932631381209993071293,pydicom-seg / (null),pydicom-seg,(null),rider_lung_ct,OK,1,1
1.2.276.0.7230010.3.1.3.309938702.1056.1345120144.34,not identifiable from index / qiba_volct_1b,not identifiable from index,qiba_volct_1b,rider_lung_ct,OK,1,1
1.2.826.0.1.3680043.8.498.46377097066839967467503738767706654611,highdicom / eay131_tumor_annotations,highdicom,eay131_tumor_annotations,eay131,OK,1,1
1.2.276.0.7230010.3.1.3.1231426215.1972.1345562054.119,not identifiable from index / qiba_volct_1b,not identifiable from index,qiba_volct_1b,rider_lung_ct,OK,1,1
1.3.6.1.4.1.14519.5.2.1.325370960829675471727882721916995612575,highdicom / (null),highdicom,(null),psma_pet_ct_lesions,OK,1,1
1.2.276.0.7230010.3.1.3.17436516.776638.1722971779.803201,dcmqi / bamf_aimi_annotations,dcmqi,bamf_aimi_annotations,upenn_gbm,OK,1,1
1.2.276.0.7230010.3.1.3.17436516.874955.1722972260.621677,dcmqi / bamf_aimi_annotations,dcmqi,bamf_aimi_annotations,upenn_gbm,OK,1,1
1.2.826.0.1.3680043.8.498.27057214413290189770054287891889727212,highdicom / eay131_tumor_annotations,highdicom,eay131_tumor_annotations,eay131,OK,1,1
1.2.276.0.7230010.3.1.3.3426864066.612.1345229759.34,not identifiable from index / qiba_volct_1b,not identifiable from index,qiba_volct_1b,rider_lung_ct,OK,1,1
1.2.276.0.7230010.3.1.3.1231426215.2400.1345736292.452,not identifiable from index / qiba_volct_1b,not identifiable from index,qiba_volct_1b,rider_lung_ct,OK,1,1
1.3.6.1.4.1.14519.5.2.1.7695.4164.197935705864255073412256526155,not identifiable from index / (null),not identifiable from index,(null),acrin_6698,OK,1,1
1.2.826.0.1.3680043.8.498.76972169838300727230259402426128532225,highdicom / eay131_tumor_annotations,highdicom,eay131_tumor_annotations,eay131,OK,1,1
1.2.276.0.7230010.3.1.3.0.47951.1553332962.500197,dcmqi / dicom_lidc_idri_nodules,dcmqi,dicom_lidc_idri_nodules,lidc_idri,OK,1,1
1.2.826.0.1.3680043.8.498.11704742982445627056567713602914145291,highdicom / eay131_tumor_annotations,highdicom,eay131_tumor_annotations,eay131,OK,1,1
1.3.6.1.4.1.14519.5.2.1.236648615144228732958998640753064689959,dcmqi / (null),dcmqi,(null),mediastinal_lymph_node_seg,OK,1,1
1.3.6.1.4.1.14519.5.2.1.269273660244939604544656094322892227679,dcmqi / (null),dcmqi,(null),remind,OK,1,1
1.2.826.0.1.3680043.8.498.10607311899812155209544568859951947909,highdicom / eay131_tumor_annotations,highdicom,eay131_tumor_annotations,eay131,OK,1,1
1.2.276.0.7230010.3.1.3.505801377.3020.1345983305.497,not identifiable from index / qiba_volct_1b,not identifiable from index,qiba_volct_1b,rider_lung_ct,OK,1,1
1.2.276.0.7230010.3.1.3.17436516.648174.1722971078.76610,dcmqi / bamf_aimi_annotations,dcmqi,bamf_aimi_annotations,upenn_gbm,OK,1,1
1.3.6.1.4.1.14519.5.2.1.104188087181325213054216035856535840804,highdicom / (null),highdicom,(null),psma_pet_ct_lesions,OK,1,1
1.3.6.1.4.1.14519.5.2.1.170748154621704655859261589777362519452,highdicom / (null),highdicom,(null),psma_pet_ct_lesions,OK,1,1
1.3.6.1.4.1.14519.5.2.1.35572611276496218420731410337345995367,highdicom / (null),highdicom,(null),psma_pet_ct_lesions,OK,1,1
1.3.6.1.4.1.14519.5.2.1.20781529019441030742209044872974010435,highdicom / (null),highdicom,(null),psma_pet_ct_lesions,OK,1,1
1.2.276.0.7230010.3.1.3.3426864066.1284.1345228640.27,not identifiable from index / qiba_volct_1b,not identifiable from index,qiba_volct_1b,rider_lung_ct,OK,1,1
1.3.6.1.4.1.14519.5.2.1.7695.4164.184048226228291566332115136261,not identifiable from index / (null),not identifiable from index,(null),acrin_6698,OK,1,1
1.2.276.0.7230010.3.1.3.17436516.648040.1722971077.220060,dcmqi / bamf_aimi_annotations,dcmqi,bamf_aimi_annotations,upenn_gbm,OK,1,1
1.3.6.1.4.1.14519.5.2.1.281312463957095277818295420437881292469,highdicom / (null),highdicom,(null),psma_pet_ct_lesions,OK,1,1
1.3.6.1.4.1.14519.5.2.1.7695.1700.264849037841969435408791841825,not identifiable from index / (null),not identifiable from index,(null),ispy1,OK,1,1
1.2.826.0.1.3680043.8.498.26197216379632870681048781270170936263,highdicom / eay131_tumor_annotations,highdicom,eay131_tumor_annotations,eay131,OK,1,1
1.2.826.0.1.3680043.8.498.45523331383709706130307922974153583512,highdicom / eay131_tumor_annotations,highdicom,eay131_tumor_annotations,eay131,OK,1,1
1.2.276.0.7230010.3.1.3.17436516.917821.1722972501.277822,dcmqi / bamf_aimi_annotations,dcmqi,bamf_aimi_annotations,upenn_gbm,OK,1,1
1.2.276.0.7230010.3.1.3.481037312.114624.1761243110.498367,dcmqi / nlstseg,dcmqi,nlstseg,nlst,OK,1,1
1.2.276.0.7230010.3.1.3.481037312.559317.1761259730.417811,dcmqi / nlstseg,dcmqi,nlstseg,nlst,OK,1,1
1.2.276.0.7230010.3.1.3.481037312.473399.1761256027.200189,dcmqi / nlstseg,dcmqi,nlstseg,nlst,OK,1,1
1.2.276.0.7230010.3.1.3.0.64522.1553351224.153332,dcmqi / dicom_lidc_idri_nodules,dcmqi,dicom_lidc_idri_nodules,lidc_idri,OK,1,1
1.3.6.1.4.1.14519.5.2.1.87036702127889886185844035713616670608,dcmqi / (null),dcmqi,(null),mediastinal_lymph_node_seg,OK,1,1
1.3.6.1.4.1.14519.5.2.1.68333842533194589790171941030169482587,dcmqi / (null),dcmqi,(null),mediastinal_lymph_node_seg,OK,1,1
1.3.6.1.4.1.14519.5.2.1.246475477208607920604236734716613807401,pydicom-seg / (null),pydicom-seg,(null),rider_lung_ct,OK,1,1
1.2.276.0.7230010.3.1.3.1031255639.2932.1345990858.327,not identifiable from index / qiba_volct_1b,not identifiable from index,qiba_volct_1b,rider_lung_ct,OK,1,1
1.2.276.0.7230010.3.1.3.17436516.638326.1722971021.964401,dcmqi / bamf_aimi_annotations,dcmqi,bamf_aimi_annotations,upenn_gbm,OK,1,1
1.2.276.0.7230010.3.1.3.17436516.923381.1722972529.714238,dcmqi / bamf_aimi_annotations,dcmqi,bamf_aimi_annotations,upenn_gbm,OK,1,1
1.3.6.1.4.1.14519.5.2.1.62808876086718531657940778359801566283,highdicom / (null),highdicom,(null),psma_pet_ct_lesions,OK,1,1
1.2.826.0.1.3680043.8.498.56525441785414708684792721436681597808,highdicom / eay131_tumor_annotations,highdicom,eay131_tumor_annotations,eay131,OK,1,1
1.2.276.0.7230010.3.1.3.17436516.800051.1722971900.525870,dcmqi / bamf_aimi_annotations,dcmqi,bamf_aimi_annotations,upenn_gbm,OK,1,1
1.2.276.0.7230010.3.1.3.17436516.709098.1722971426.266452,dcmqi / bamf_aimi_annotations,dcmqi,bamf_aimi_annotations,upenn_gbm,OK,1,1
1.2.276.0.7230010.3.1.3.309938702.2016.1345115855.411,not identifiable from index / qiba_volct_1b,not identifiable from index,qiba_volct_1b,rider_lung_ct,OK,1,1
1.2.276.0.7230010.3.1.3.4148549909.1376.1344859612.544,not identifiable from index / qiba_volct_1b,not identifiable from index,qiba_volct_1b,rider_lung_ct,OK,1,1
1.2.276.0.7230010.3.1.3.17436516.688583.1722971300.116489,dcmqi / bamf_aimi_annotations,dcmqi,bamf_aimi_annotations,upenn_gbm,OK,1,1
1.2.276.0.7230010.3.1.3.17436516.884258.1722972309.770084,dcmqi / bamf_aimi_annotations,dcmqi,bamf_aimi_annotations,upenn_gbm,OK,1,1
1.2.826.0.1.3680043.8.498.32856100514190700149235605820227905564,highdicom / eay131_tumor_annotations,highdicom,eay131_tumor_annotations,eay131,OK,1,1
1.2.276.0.7230010.3.1.3.17436516.704514.1722971399.211794,dcmqi / bamf_aimi_annotations,dcmqi,bamf_aimi_annotations,upenn_gbm,OK,1,1
1.2.276.0.7230010.3.1.3.0.21212.1674505974.211813,dcmqi / (null),dcmqi,(null),ct_lymph_nodes,OK,1,1
1.2.276.0.7230010.3.1.3.17436516.638193.1722971021.360193,dcmqi / bamf_aimi_annotations,dcmqi,bamf_aimi_annotations,upenn_gbm,OK,1,1
1.2.276.0.7230010.3.1.3.481037312.571512.1761260223.661883,dcmqi / nlstseg,dcmqi,nlstseg,nlst,OK,1,1
1.2.276.0.7230010.3.1.3.481037312.297522.1761249317.467837,dcmqi / nlstseg,dcmqi,nlstseg,nlst,OK,1,1
1.2.276.0.7230010.3.1.3.481037312.387194.1761252477.355746,dcmqi / nlstseg,dcmqi,nlstseg,nlst,OK,1,1
1.3.6.1.4.1.14519.5.2.1.146648368912879662343173084010890764469,dcmqi / (null),dcmqi,(null),mediastinal_lymph_node_seg,OK,1,1
1.2.276.0.7230010.3.1.3.1031255639.896.1345990202.622,not identifiable from index / qiba_volct_1b,not identifiable from index,qiba_volct_1b,rider_lung_ct,OK,1,1
1.2.826.0.1.3680043.8.498.35873667863160421828894839697996554779,highdicom / eay131_tumor_annotations,highdicom,eay131_tumor_annotations,eay131,OK,1,1
1.2.276.0.7230010.3.1.3.17436516.704384.1722971398.405124,dcmqi / bamf_aimi_annotations,dcmqi,bamf_aimi_annotations,upenn_gbm,OK,1,1
1.2.276.0.7230010.3.1.3.1231426215.2400.1345736292.459,not identifiable from index / qiba_volct_1b,not identifiable from index,qiba_volct_1b,rider_lung_ct,OK,1,1
1.2.826.0.1.3680043.8.498.10573151748972155123574064559465222427,highdicom / eay131_tumor_annotations,highdicom,eay131_tumor_annotations,eay131,OK,1,1
1.2.826.0.1.3680043.8.498.25997145767652798488540352656709756606,highdicom / eay131_tumor_annotations,highdicom,eay131_tumor_annotations,eay131,OK,1,1
1.2.826.0.1.3680043.8.498.12425574414261246141797653940266705718,highdicom / eay131_tumor_annotations,highdicom,eay131_tumor_annotations,eay131,OK,1,1
1.2.826.0.1.3680043.8.498.40445917084256036603608452399248481645,highdicom / eay131_tumor_annotations,highdicom,eay131_tumor_annotations,eay131,OK,1,1
1.2.276.0.7230010.3.1.3.481037312.429538.1761254281.277005,dcmqi / nlstseg,dcmqi,nlstseg,nlst,OK,1,1
1.2.276.0.7230010.3.1.3.481037312.161060.1761244652.354667,dcmqi / nlstseg,dcmqi,nlstseg,nlst,OK,1,1
1.2.276.0.7230010.3.1.3.0.22634.1674506841.570106,dcmqi / (null),dcmqi,(null),ct_lymph_nodes,OK,1,1
1.2.276.0.7230010.3.1.3.0.40489.1698534935.48619,dcmqi / prostate_mri_us_biopsy_dicom_annotations,dcmqi,prostate_mri_us_biopsy_dicom_annotations,prostate_mri_us_biopsy,OK,1,1
1.2.276.0.7230010.3.1.3.481037312.503890.1761257239.296156,dcmqi / nlstseg,dcmqi,nlstseg,nlst,OK,1,1
1.2.276.0.7230010.3.1.3.0.41389.1698535340.861614,dcmqi / prostate_mri_us_biopsy_dicom_annotations,dcmqi,prostate_mri_us_biopsy_dicom_annotations,prostate_mri_us_biopsy,OK,1,1
1.2.276.0.7230010.3.1.3.0.44453.1698537029.641507,dcmqi / prostate_mri_us_biopsy_dicom_annotations,dcmqi,prostate_mri_us_biopsy_dicom_annotations,prostate_mri_us_biopsy,OK,1,1
1.2.276.0.7230010.3.1.3.481037312.90862.1761242309.647345,dcmqi / nlstseg,dcmqi,nlstseg,nlst,OK,1,1
1.2.276.0.7230010.3.1.3.481037312.443773.1761254848.208040,dcmqi / nlstseg,dcmqi,nlstseg,nlst,OK,1,1
1.3.6.1.4.1.14519.5.2.1.11670309210309180955289078349835278827,dcmqi / (null),dcmqi,(null),mediastinal_lymph_node_seg,OK,1,1
1.3.6.1.4.1.14519.5.2.1.7085677189840201802819170982888926815,dcmqi / (null),dcmqi,(null),mediastinal_lymph_node_seg,OK,1,1
1.2.276.0.7230010.3.1.3.481037312.251231.1761247698.512195,dcmqi / nlstseg,dcmqi,nlstseg,nlst,OK,1,1
1.2.276.0.7230010.3.1.3.481037312.286437.1761248912.614137,dcmqi / nlstseg,dcmqi,nlstseg,nlst,OK,1,1
1.2.276.0.7230010.3.1.3.17436516.808082.1722971944.86391,dcmqi / bamf_aimi_annotations,dcmqi,bamf_aimi_annotations,upenn_gbm,OK,1,1
1.2.276.0.7230010.3.1.3.17436516.2273886.1720642468.679165,dcmqi / bamf_aimi_annotations,dcmqi,bamf_aimi_annotations,acrin_nsclc_fdg_pet,OK,1,1
1.2.826.0.1.3680043.8.498.46021823759625732721318110778624552346,highdicom / eay131_tumor_annotations,highdicom,eay131_tumor_annotations,eay131,OK,1,1
1.2.276.0.7230010.3.1.3.309938702.2016.1345115855.404,not identifiable from index / qiba_volct_1b,not identifiable from index,qiba_volct_1b,rider_lung_ct,OK,1,1
1.2.276.0.7230010.3.1.3.17436516.772226.1722971757.217065,dcmqi / bamf_aimi_annotations,dcmqi,bamf_aimi_annotations,upenn_gbm,OK,1,1
1.2.276.0.7230010.3.1.3.481037312.283472.1761248813.316714,dcmqi / nlstseg,dcmqi,nlstseg,nlst,OK,1,1
1.2.276.0.7230010.3.1.3.481037312.591092.1761261033.516955,dcmqi / nlstseg,dcmqi,nlstseg,nlst,OK,1,1
1.2.276.0.7230010.3.1.3.481037312.461053.1761255528.774019,dcmqi / nlstseg,dcmqi,nlstseg,nlst,OK,1,1
1.3.6.1.4.1.14519.5.2.1.2356207615399911315465250019758618558,pydicom-seg / (null),pydicom-seg,(null),rider_lung_ct,OK,1,1
1.2.276.0.7230010.3.1.3.3426864066.1284.1345228640.34,not identifiable from index / qiba_volct_1b,not identifiable from index,qiba_volct_1b,rider_lung_ct,OK,1,1
1.2.826.0.1.3680043.8.498.49746088085762924041938389914408518135,highdicom / eay131_tumor_annotations,highdicom,eay131_tumor_annotations,eay131,OK,1,1
1.2.826.0.1.3680043.8.498.40208656117585147357954411436808919492,highdicom / eay131_tumor_annotations,highdicom,eay131_tumor_annotations,eay131,OK,1,1
1.2.276.0.7230010.3.1.3.17436516.880662.1722972292.742818,dcmqi / bamf_aimi_annotations,dcmqi,bamf_aimi_annotations,upenn_gbm,OK,1,1
1.2.276.0.7230010.3.1.3.1231426215.1472.1345739201.197,not identifiable from index / qiba_volct_1b,not identifiable from index,qiba_volct_1b,rider_lung_ct,OK,1,1
1.2.276.0.7230010.3.1.3.17436516.685454.1722971277.193494,dcmqi / bamf_aimi_annotations,dcmqi,bamf_aimi_annotations,upenn_gbm,OK,1,1
1.3.6.1.4.1.14519.5.2.1.261509400146740526027284792687389067007,highdicom / (null),highdicom,(null),psma_pet_ct_lesions,OK,1,1
1.2.276.0.7230010.3.1.3.17436516.2456078.1693015400.169243,dcmqi / bamf_aimi_annotations,dcmqi,bamf_aimi_annotations,tcga_kirc,OK,1,1
1.2.276.0.7230010.3.1.3.0.22057.1674506464.645437,dcmqi / (null),dcmqi,(null),ct_lymph_nodes,OK,1,1
1.2.276.0.7230010.3.1.3.481037312.72143.1761241702.132275,dcmqi / nlstseg,dcmqi,nlstseg,nlst,OK,1,1
1.2.276.0.7230010.3.1.3.481037312.206596.1761246175.118273,dcmqi / nlstseg,dcmqi,nlstseg,nlst,OK,1,1
1.2.276.0.7230010.3.1.3.481037312.610744.1761261880.748307,dcmqi / nlstseg,dcmqi,nlstseg,nlst,OK,1,1
1.2.276.0.7230010.3.1.3.0.22718.1674506898.326574,dcmqi / (null),dcmqi,(null),ct_lymph_nodes,OK,1,1
1.3.6.1.4.1.14519.5.2.1.148353916847329220766046753782863677759,pydicom-seg / (null),pydicom-seg,(null),rider_lung_ct,OK,1,1
1.3.6.1.4.1.14519.5.2.1.44017053535833665107695336556184825250,highdicom / (null),highdicom,(null),psma_pet_ct_lesions,OK,1,1
1.2.826.0.1.3680043.8.498.10121135480893436799406668215488803363,highdicom / eay131_tumor_annotations,highdicom,eay131_tumor_annotations,eay131,OK,1,1
1.2.276.0.7230010.3.1.3.17436516.806010.1722971931.399062,dcmqi / bamf_aimi_annotations,dcmqi,bamf_aimi_annotations,upenn_gbm,OK,1,1
1.3.6.1.4.1.14519.5.2.1.87266594539421065768197084570694799086,highdicom / (null),highdicom,(null),psma_pet_ct_lesions,OK,1,1
1.2.276.0.7230010.3.1.3.1070885483.1464.1599120490.671,dcmqi / prostatex_seg_zones,dcmqi,prostatex_seg_zones,prostatex,OK,1,1
1.2.276.0.7230010.3.1.3.1070885483.13420.1599120471.919,dcmqi / prostatex_seg_zones,dcmqi,prostatex_seg_zones,prostatex,OK,1,1
1.2.276.0.7230010.3.1.3.1070885483.15820.1599120480.944,dcmqi / prostatex_seg_zones,dcmqi,prostatex_seg_zones,prostatex,OK,1,1
1.2.276.0.7230010.3.1.3.1070885483.19712.1599120462.655,dcmqi / prostatex_seg_zones,dcmqi,prostatex_seg_zones,prostatex,OK,1,1
1.3.6.1.4.1.14519.5.2.1.16898723953091642086864735132714299454,highdicom / (null),highdicom,(null),psma_pet_ct_lesions,OK,1,1
1.3.6.1.4.1.14519.5.2.1.115744436382312114868615154784571515437,highdicom / (null),highdicom,(null),psma_pet_ct_lesions,OK,1,1
1.3.6.1.4.1.14519.5.2.1.174092681754680826661333519325083751558,highdicom / (null),highdicom,(null),psma_pet_ct_lesions,OK,1,1
1.2.276.0.7230010.3.1.3.17436516.882885.1722972303.927444,dcmqi / bamf_aimi_annotations,dcmqi,bamf_aimi_annotations,upenn_gbm,OK,1,1
1.2.276.0.7230010.3.1.3.17436516.2413425.1693015119.109869,dcmqi / bamf_aimi_annotations,dcmqi,bamf_aimi_annotations,tcga_kirc,OK,1,1
1.3.6.1.4.1.14519.5.2.1.338385002624542627236641597863909438945,highdicom / (null),highdicom,(null),psma_pet_ct_lesions,OK,1,1
1.3.6.1.4.1.14519.5.2.1.45463942928194855278884371454936762305,dcmqi / (null),dcmqi,(null),mediastinal_lymph_node_seg,OK,1,1
1.2.276.0.7230010.3.1.3.17436516.746967.1722971620.909327,dcmqi / bamf_aimi_annotations,dcmqi,bamf_aimi_annotations,upenn_gbm,OK,1,1
1.2.276.0.7230010.3.1.3.17436516.692532.1722971321.825265,dcmqi / bamf_aimi_annotations,dcmqi,bamf_aimi_annotations,upenn_gbm,OK,1,1
1.3.6.1.4.1.14519.5.2.1.312429733645166575973720305050994573977,highdicom / (null),highdicom,(null),psma_pet_ct_lesions,OK,1,1
1.2.826.0.1.3680043.8.498.51043821681278733549284597933203762046,highdicom / eay131_tumor_annotations,highdicom,eay131_tumor_annotations,eay131,OK,1,1
1.2.826.0.1.3680043.8.498.30546644307558475637805312517039157516,highdicom / eay131_tumor_annotations,highdicom,eay131_tumor_annotations,eay131,OK,1,1
1.2.826.0.1.3680043.8.498.11537550933709957901932405265730413312,highdicom / eay131_tumor_annotations,highdicom,eay131_tumor_annotations,eay131,OK,1,1
1.2.276.0.7230010.3.1.3.17436516.2679047.1720647602.697045,dcmqi / bamf_aimi_annotations,dcmqi,bamf_aimi_annotations,lung_pet_ct_dx,OK,1,1
1.2.276.0.7230010.3.1.3.17436516.693309.1722971326.32853,dcmqi / bamf_aimi_annotations,dcmqi,bamf_aimi_annotations,upenn_gbm,OK,1,1
1.3.6.1.4.1.14519.5.2.1.65444735312001351672240070159761339817,highdicom / (null),highdicom,(null),psma_pet_ct_lesions,OK,1,1
1.3.6.1.4.1.14519.5.2.1.199132385506925728846547429968504761464,highdicom / (null),highdicom,(null),psma_pet_ct_lesions,OK,1,1
1.2.276.0.7230010.3.1.3.17436516.727571.1722971505.201067,dcmqi / bamf_aimi_annotations,dcmqi,bamf_aimi_annotations,upenn_gbm,OK,1,1
1.2.276.0.7230010.3.1.3.17436516.316085.1696966716.227772,dcmqi / bamf_aimi_annotations,dcmqi,bamf_aimi_annotations,tcga_lihc,OK,1,1
1.2.276.0.7230010.3.1.3.481037312.308539.1761249710.845852,dcmqi / nlstseg,dcmqi,nlstseg,nlst,OK,1,1
1.3.6.1.4.1.14519.5.2.1.304332303700766103885449885684011373729,dcmqi / (null),dcmqi,(null),mediastinal_lymph_node_seg,OK,1,1
1.3.6.1.4.1.14519.5.2.1.122572544543777145792560423467192656792,dcmqi / (null),dcmqi,(null),mediastinal_lymph_node_seg,OK,1,1
1.3.6.1.4.1.14519.5.2.1.209753807195731773161416258135031572665,dcmqi / (null),dcmqi,(null),mediastinal_lymph_node_seg,OK,1,1
1.3.6.1.4.1.14519.5.2.1.303878447282686540509348084721082045332,pydicom-seg / (null),pydicom-seg,(null),rider_lung_ct,OK,1,1
1.2.826.0.1.3680043.8.498.20859779329415199355009268236941904637,highdicom / eay131_tumor_annotations,highdicom,eay131_tumor_annotations,eay131,OK,1,1
1.3.6.1.4.1.14519.5.2.1.165909657476383109337637449603232789405,highdicom / (null),highdicom,(null),psma_pet_ct_lesions,OK,1,1
1.2.276.0.7230010.3.1.3.17436516.878422.1722972279.140759,dcmqi / bamf_aimi_annotations,dcmqi,bamf_aimi_annotations,upenn_gbm,OK,1,1
1.3.6.1.4.1.14519.5.2.1.307351363672375263772320110814807236398,dcmqi / (null),dcmqi,(null),remind,OK,1,1
1.2.276.0.7230010.3.1.3.17436516.778318.1722971789.476540,dcmqi / bamf_aimi_annotations,dcmqi,bamf_aimi_annotations,upenn_gbm,OK,1,1
1.3.6.1.4.1.14519.5.2.1.157949064222463358790348335227976113573,highdicom / (null),highdicom,(null),psma_pet_ct_lesions,OK,1,1
1.2.276.0.7230010.3.1.3.481037312.592115.1761261076.551976,dcmqi / nlstseg,dcmqi,nlstseg,nlst,OK,1,1
1.3.6.1.4.1.14519.5.2.1.185792705378260397698736293414099399945,dcmqi / (null),dcmqi,(null),mediastinal_lymph_node_seg,OK,1,1
1.3.6.1.4.1.14519.5.2.1.190272842655454615219058629183403765398,highdicom / (null),highdicom,(null),psma_pet_ct_lesions,OK,1,1
1.3.6.1.4.1.14519.5.2.1.109364475016845804267310058901906462792,highdicom / (null),highdicom,(null),psma_pet_ct_lesions,OK,1,1
1.2.276.0.7230010.3.1.3.17436516.894636.1722972374.211354,dcmqi / bamf_aimi_annotations,dcmqi,bamf_aimi_annotations,upenn_gbm,OK,1,1
1.2.826.0.1.3680043.8.498.90893330139417616170068483917001398867,highdicom / eay131_tumor_annotations,highdicom,eay131_tumor_annotations,eay131,OK,1,1
1.2.826.0.1.3680043.8.498.40940775369393866640589712291202848254,highdicom / eay131_tumor_annotations,highdicom,eay131_tumor_annotations,eay131,OK,1,1
1.2.826.0.1.3680043.8.498.20450193989606834763563933170411914285,highdicom / eay131_tumor_annotations,highdicom,eay131_tumor_annotations,eay131,OK,1,1
1.2.276.0.7230010.3.1.3.1070885483.5284.1599120488.285,dcmqi / prostatex_seg_zones,dcmqi,prostatex_seg_zones,prostatex,OK,1,1
1.2.276.0.7230010.3.1.3.1070885483.6040.1599120478.356,dcmqi / prostatex_seg_zones,dcmqi,prostatex_seg_zones,prostatex,OK,1,1
1.2.276.0.7230010.3.1.3.1070885483.21924.1599120476.370,dcmqi / prostatex_seg_zones,dcmqi,prostatex_seg_zones,prostatex,OK,1,1
1.2.276.0.7230010.3.1.3.1070885483.13840.1599120337.894,dcmqi / prostatex_seg_zones,dcmqi,prostatex_seg_zones,prostatex,OK,1,1
1.2.276.0.7230010.3.1.3.1070885483.17620.1599120485.959,dcmqi / prostatex_seg_zones,dcmqi,prostatex_seg_zones,prostatex,OK,1,1
1.3.6.1.4.1.14519.5.2.1.85497009276345292277162135859585812391,highdicom / (null),highdicom,(null),psma_pet_ct_lesions,OK,1,1
1.3.6.1.4.1.14519.5.2.1.7695.1700.468728041589061459801960431476,not identifiable from index / (null),not identifiable from index,(null),ispy1,OK,1,1
1.2.276.0.7230010.3.1.3.0.21316.1674506034.327235,dcmqi / (null),dcmqi,(null),ct_lymph_nodes,OK,1,1
1.2.276.0.7230010.3.1.3.481037312.41505.1761240675.226396,dcmqi / nlstseg,dcmqi,nlstseg,nlst,OK,1,1
1.3.6.1.4.1.14519.5.2.1.75335602682678152666485010808662607310,highdicom / (null),highdicom,(null),psma_pet_ct_lesions,OK,1,1
1.2.276.0.7230010.3.1.3.0.44111.1698536961.764278,dcmqi / prostate_mri_us_biopsy_dicom_annotations,dcmqi,prostate_mri_us_biopsy_dicom_annotations,prostate_mri_us_biopsy,OK,1,1
1.3.6.1.4.1.14519.5.2.1.266483048580845028696734333646054942437,dcmqi / (null),dcmqi,(null),mediastinal_lymph_node_seg,OK,1,1
1.3.6.1.4.1.14519.5.2.1.228675682328455750028002337388962604406,dcmqi / (null),dcmqi,(null),mediastinal_lymph_node_seg,OK,1,1
1.2.276.0.7230010.3.1.3.1031255639.2932.1345990858.320,not identifiable from index / qiba_volct_1b,not identifiable from index,qiba_volct_1b,rider_lung_ct,OK,1,1
1.2.276.0.7230010.3.1.3.17436516.649327.1722971082.583800,dcmqi / bamf_aimi_annotations,dcmqi,bamf_aimi_annotations,upenn_gbm,OK,1,1
1.2.276.0.7230010.3.1.3.17436516.920277.1722972515.251022,dcmqi / bamf_aimi_annotations,dcmqi,bamf_aimi_annotations,upenn_gbm,OK,1,1
1.2.826.0.1.3680043.8.498.74348720816803043108377010721853409723,highdicom / eay131_tumor_annotations,highdicom,eay131_tumor_annotations,eay131,OK,1,1
1.2.276.0.7230010.3.1.3.17436516.762442.1722971701.877359,dcmqi / bamf_aimi_annotations,dcmqi,bamf_aimi_annotations,upenn_gbm,OK,1,1
1.3.6.1.4.1.14519.5.2.1.207698795715630180045965732951667834334,highdicom / (null),highdicom,(null),psma_pet_ct_lesions,OK,1,1
1.2.276.0.7230010.3.1.3.481037312.411805.1761253489.340160,dcmqi / nlstseg,dcmqi,nlstseg,nlst,OK,1,1
1.3.6.1.4.1.14519.5.2.1.4334.1501.164652517232158382337156295388,QIICR Reporting via 3D Slicer / (null),QIICR Reporting via 3D Slicer,(null),nsclc_radiogenomics,OK,1,1
1.3.6.1.4.1.14519.5.2.1.277355383072005019886354419545069216246,dcmqi / (null),dcmqi,(null),mediastinal_lymph_node_seg,OK,1,1
1.3.6.1.4.1.14519.5.2.1.120854272628474338033306786768376255950,pydicom-seg / (null),pydicom-seg,(null),rider_lung_ct,OK,1,1
1.3.6.1.4.1.14519.5.2.1.206053727307235758515471764632075564850,highdicom / (null),highdicom,(null),psma_pet_ct_lesions,OK,1,1
1.3.6.1.4.1.14519.5.2.1.143330604313471306338871607821684974918,highdicom / (null),highdicom,(null),psma_pet_ct_lesions,OK,1,1
1.3.6.1.4.1.14519.5.2.1.94441574219660347471121663918011609551,highdicom / (null),highdicom,(null),psma_pet_ct_lesions,OK,1,1
1.3.6.1.4.1.14519.5.2.1.234848060255356239508396995683575693071,highdicom / (null),highdicom,(null),psma_pet_ct_lesions,OK,1,1
1.2.276.0.7230010.3.1.3.17436516.674928.1722971216.193576,dcmqi / bamf_aimi_annotations,dcmqi,bamf_aimi_annotations,upenn_gbm,OK,1,1
1.3.6.1.4.1.14519.5.2.1.7695.1700.218810225451298628533384806212,not identifiable from index / (null),not identifiable from index,(null),ispy1,OK,1,1
1.3.6.1.4.1.14519.5.2.1.7695.1700.217665441408963208064360647281,not identifiable from index / (null),not identifiable from index,(null),ispy1,OK,1,1
1.3.6.1.4.1.14519.5.2.1.7695.2311.127213335959709316813027105830,not identifiable from index / (null),not identifiable from index,(null),breast_mri_nact_pilot,OK,1,1
1.2.276.0.7230010.3.1.3.17436516.758658.1722971681.905339,dcmqi / bamf_aimi_annotations,dcmqi,bamf_aimi_annotations,upenn_gbm,OK,1,1
1.2.276.0.7230010.3.1.3.0.23008.1674507146.338103,dcmqi / (null),dcmqi,(null),ct_lymph_nodes,OK,1,1
1.2.276.0.7230010.3.1.3.481037312.527652.1761258261.536012,dcmqi / nlstseg,dcmqi,nlstseg,nlst,OK,1,1
1.2.276.0.7230010.3.1.3.0.22822.1674506990.792563,dcmqi / (null),dcmqi,(null),ct_lymph_nodes,OK,1,1
1.2.276.0.7230010.3.1.3.0.40485.1698534932.99011,dcmqi / prostate_mri_us_biopsy_dicom_annotations,dcmqi,prostate_mri_us_biopsy_dicom_annotations,prostate_mri_us_biopsy,OK,1,1
1.2.276.0.7230010.3.1.3.17436516.683773.1722971263.336546,dcmqi / bamf_aimi_annotations,dcmqi,bamf_aimi_annotations,upenn_gbm,OK,1,1
1.2.276.0.7230010.3.1.3.1070885483.6284.1599221908.467,dcmqi / prostatex_seg_hires,dcmqi,prostatex_seg_hires,prostatex,OK,1,1
1.2.276.0.7230010.3.1.3.17436516.799404.1722971897.87713,dcmqi / bamf_aimi_annotations,dcmqi,bamf_aimi_annotations,upenn_gbm,OK,1,1
1.2.276.0.7230010.3.1.3.17436516.851369.1722972132.840571,dcmqi / bamf_aimi_annotations,dcmqi,bamf_aimi_annotations,upenn_gbm,OK,1,1
1.3.6.1.4.1.14519.5.2.1.276164093415204600644642152557260134204,dcmqi / (null),dcmqi,(null),remind,OK,1,1
1.2.276.0.7230010.3.1.3.1070885483.9524.1599120483.637,dcmqi / prostatex_seg_zones,dcmqi,prostatex_seg_zones,prostatex,OK,1,1
1.2.276.0.7230010.3.1.3.1070885483.2320.1599120379.332,dcmqi / prostatex_seg_zones,dcmqi,prostatex_seg_zones,prostatex,OK,1,1
1.2.276.0.7230010.3.1.3.1070885483.12896.1599120470.107,dcmqi / prostatex_seg_zones,dcmqi,prostatex_seg_zones,prostatex,OK,1,1
1.2.276.0.7230010.3.1.3.1070885483.16828.1599120468.297,dcmqi / prostatex_seg_zones,dcmqi,prostatex_seg_zones,prostatex,OK,1,1
1.2.276.0.7230010.3.1.3.1070885483.12920.1599120464.288,dcmqi / prostatex_seg_zones,dcmqi,prostatex_seg_zones,prostatex,OK,1,1
1.2.276.0.7230010.3.1.3.481037312.50377.1761240970.757093,dcmqi / nlstseg,dcmqi,nlstseg,nlst,OK,1,1
1.3.6.1.4.1.14519.5.2.1.103457651648767156198283822196420383119,dcmqi / (null),dcmqi,(null),mediastinal_lymph_node_seg,OK,1,1
1.2.276.0.7230010.3.1.3.17436516.572497.1722970685.762994,dcmqi / bamf_aimi_annotations,dcmqi,bamf_aimi_annotations,upenn_gbm,OK,1,1
1.3.6.1.4.1.14519.5.2.1.223677670975871805828847133007845984868,pydicom-seg / (null),pydicom-seg,(null),rider_lung_ct,OK,1,1
1.2.276.0.7230010.3.1.3.17436516.576907.1722970708.830681,dcmqi / bamf_aimi_annotations,dcmqi,bamf_aimi_annotations,upenn_gbm,OK,1,1
1.2.826.0.1.3680043.8.498.50043138393879207964655097198071554767,highdicom / eay131_tumor_annotations,highdicom,eay131_tumor_annotations,eay131,OK,1,1
1.2.276.0.7230010.3.1.3.17436516.926757.1722972548.144198,dcmqi / bamf_aimi_annotations,dcmqi,bamf_aimi_annotations,upenn_gbm,OK,1,1
1.2.826.0.1.3680043.8.498.73201427760509967558309132279982960562,highdicom / eay131_tumor_annotations,highdicom,eay131_tumor_annotations,eay131,OK,1,1
1.2.276.0.7230010.3.1.3.17436516.699792.1722971361.454322,dcmqi / bamf_aimi_annotations,dcmqi,bamf_aimi_annotations,upenn_gbm,OK,1,1
1.3.6.1.4.1.14519.5.2.1.301940291412110901865697194652540160454,highdicom / (null),highdicom,(null),psma_pet_ct_lesions,OK,1,1
1.3.6.1.4.1.14519.5.2.1.14693931426772688575201153253322984587,highdicom / (null),highdicom,(null),psma_pet_ct_lesions,OK,1,1
1.2.276.0.7230010.3.1.3.17436516.872886.1722972248.765389,dcmqi / bamf_aimi_annotations,dcmqi,bamf_aimi_annotations,upenn_gbm,OK,1,1
1.2.276.0.7230010.3.1.3.0.23018.1674507155.6289,dcmqi / (null),dcmqi,(null),ct_lymph_nodes,OK,1,1
1.3.6.1.4.1.14519.5.2.1.283461378755727923709152412077183676346,highdicom / (null),highdicom,(null),psma_pet_ct_lesions,OK,1,1
1.3.6.1.4.1.14519.5.2.1.9719874122815978549732494935921575357,highdicom / (null),highdicom,(null),psma_pet_ct_lesions,OK,1,1
1.3.6.1.4.1.14519.5.2.1.298484923666222907126591306090776466752,highdicom / (null),highdicom,(null),psma_pet_ct_lesions,OK,1,1
1.2.276.0.7230010.3.1.3.17436516.3903522.1714504369.402712,dcmqi / bamf_aimi_annotations,dcmqi,bamf_aimi_annotations,colorectal_liver_metastases,OK,1,1
1.3.6.1.4.1.14519.5.2.1.326568702736705605766105674460851760568,dcmqi / (null),dcmqi,(null),mediastinal_lymph_node_seg,OK,1,1
1.3.6.1.4.1.14519.5.2.1.223117172425629468437285950878846335287,dcmqi / (null),dcmqi,(null),mediastinal_lymph_node_seg,OK,1,1
1.3.6.1.4.1.14519.5.2.1.323755395765148001597244071913474607493,pydicom-seg / (null),pydicom-seg,(null),rider_lung_ct,OK,1,1
1.3.6.1.4.1.14519.5.2.1.328234636807103743177765065573295900482,highdicom / (null),highdicom,(null),psma_pet_ct_lesions,OK,1,1
1.3.6.1.4.1.14519.5.2.1.104491433599525038530095235747992628681,highdicom / (null),highdicom,(null),psma_pet_ct_lesions,OK,1,1
1.2.276.0.7230010.3.1.3.17436516.784139.1722971820.470791,dcmqi / bamf_aimi_annotations,dcmqi,bamf_aimi_annotations,upenn_gbm,OK,1,1
1.3.6.1.4.1.14519.5.2.1.74904732907348122358283422187478170858,highdicom / (null),highdicom,(null),psma_pet_ct_lesions,OK,1,1
1.3.6.1.4.1.14519.5.2.1.7695.1700.204337217106360683415598014976,not identifiable from index / (null),not identifiable from index,(null),ispy1,OK,1,1
1.3.6.1.4.1.14519.5.2.1.7695.1700.134303023404186980575198214261,not identifiable from index / (null),not identifiable from index,(null),ispy1,OK,1,1
1.3.6.1.4.1.14519.5.2.1.7695.2311.116688957919337637360497788215,not identifiable from index / (null),not identifiable from index,(null),breast_mri_nact_pilot,OK,1,1
1.2.276.0.7230010.3.1.3.481037312.509129.1761257466.530963,dcmqi / nlstseg,dcmqi,nlstseg,nlst,OK,1,1
1.3.6.1.4.1.14519.5.2.1.100134668186725182291971805416839931005,dcmqi / (null),dcmqi,(null),mediastinal_lymph_node_seg,OK,1,1
1.3.6.1.4.1.14519.5.2.1.107157247012663572481472622217511803220,pydicom-seg / (null),pydicom-seg,(null),rider_lung_ct,OK,1,1
1.3.6.1.4.1.14519.5.2.1.300944701944677885085264611693749233904,pydicom-seg / (null),pydicom-seg,(null),rider_lung_ct,OK,1,1
1.2.276.0.7230010.3.1.3.1070885483.7128.1599120493.23,dcmqi / prostatex_seg_zones,dcmqi,prostatex_seg_zones,prostatex,OK,1,1
1.2.276.0.7230010.3.1.3.17436516.880323.1722972291.6293,dcmqi / bamf_aimi_annotations,dcmqi,bamf_aimi_annotations,upenn_gbm,OK,1,1
1.3.6.1.4.1.14519.5.2.1.49009032149253139243237188516080839168,highdicom / (null),highdicom,(null),psma_pet_ct_lesions,OK,1,1
1.2.276.0.7230010.3.1.3.3426864066.1284.1345228838.119,not identifiable from index / qiba_volct_1b,not identifiable from index,qiba_volct_1b,rider_lung_ct,OK,1,1
1.2.826.0.1.3680043.8.498.95646340087125599918103017261485528686,highdicom / eay131_tumor_annotations,highdicom,eay131_tumor_annotations,eay131,OK,1,1
1.2.276.0.7230010.3.1.3.481037312.81109.1761242006.66158,dcmqi / nlstseg,dcmqi,nlstseg,nlst,OK,1,1
1.2.276.0.7230010.3.1.3.481037312.423309.1761254012.138186,dcmqi / nlstseg,dcmqi,nlstseg,nlst,OK,1,1
1.3.6.1.4.1.14519.5.2.1.173389125795609654000094159850034671609,dcmqi / (null),dcmqi,(null),mediastinal_lymph_node_seg,OK,1,1
1.3.6.1.4.1.14519.5.2.1.9998692703799879192899510797255614615,pydicom-seg / (null),pydicom-seg,(null),rider_lung_ct,OK,1,1
1.2.276.0.7230010.3.1.3.1070885483.7992.1599221866.575,dcmqi / prostatex_seg_hires,dcmqi,prostatex_seg_hires,prostatex,OK,1,1
1.2.276.0.7230010.3.1.3.1070885483.5396.1599221858.335,dcmqi / prostatex_seg_hires,dcmqi,prostatex_seg_hires,prostatex,OK,1,1
1.2.276.0.7230010.3.1.3.1070885483.5672.1599221794.52,dcmqi / prostatex_seg_hires,dcmqi,prostatex_seg_hires,prostatex,OK,1,1
1.2.276.0.7230010.3.1.3.1070885483.22584.1599221783.667,dcmqi / prostatex_seg_hires,dcmqi,prostatex_seg_hires,prostatex,OK,1,1
1.2.276.0.7230010.3.1.3.1070885483.24236.1599221913.873,dcmqi / prostatex_seg_hires,dcmqi,prostatex_seg_hires,prostatex,OK,1,1
1.2.276.0.7230010.3.1.3.1070885483.27560.1599221927.547,dcmqi / prostatex_seg_hires,dcmqi,prostatex_seg_hires,prostatex,OK,1,1
1.2.276.0.7230010.3.1.3.1070885483.23924.1599221812.620,dcmqi / prostatex_seg_hires,dcmqi,prostatex_seg_hires,prostatex,OK,1,1
1.2.276.0.7230010.3.1.3.1070885483.24928.1599221874.342,dcmqi / prostatex_seg_hires,dcmqi,prostatex_seg_hires,prostatex,OK,1,1
1.2.276.0.7230010.3.1.3.1070885483.21792.1599221788.891,dcmqi / prostatex_seg_hires,dcmqi,prostatex_seg_hires,prostatex,OK,1,1
1.2.276.0.7230010.3.1.3.1070885483.22008.1599221849.372,dcmqi / prostatex_seg_hires,dcmqi,prostatex_seg_hires,prostatex,OK,1,1
1.3.6.1.4.1.14519.5.2.1.7695.2311.285943480165591460805497766445,not identifiable from index / (null),not identifiable from index,(null),breast_mri_nact_pilot,OK,1,1
1.3.6.1.4.1.14519.5.2.1.7695.2311.126761416620769316328658684202,not identifiable from index / (null),not identifiable from index,(null),breast_mri_nact_pilot,OK,1,1
1.3.6.1.4.1.14519.5.2.1.270809190955436027274787797969218488223,highdicom / (null),highdicom,(null),psma_pet_ct_lesions,OK,1,1
1.3.6.1.4.1.14519.5.2.1.7695.2311.319042242217936027663639594870,not identifiable from index / (null),not identifiable from index,(null),breast_mri_nact_pilot,OK,1,1
1.2.276.0.7230010.3.1.3.1070885483.16324.1599221796.636,dcmqi / prostatex_seg_hires,dcmqi,prostatex_seg_hires,prostatex,OK,1,1
1.2.276.0.7230010.3.1.3.17436516.3955127.1714504677.692456,dcmqi / bamf_aimi_annotations,dcmqi,bamf_aimi_annotations,hcc_tace_seg,OK,1,1
1.2.276.0.7230010.3.1.3.481037312.479427.1761256256.542815,dcmqi / nlstseg,dcmqi,nlstseg,nlst,OK,1,1
1.2.276.0.7230010.3.1.3.481037312.242241.1761247381.307037,dcmqi / nlstseg,dcmqi,nlstseg,nlst,OK,1,1
1.3.6.1.4.1.14519.5.2.1.266250613065299521832326294953205248068,dcmqi / (null),dcmqi,(null),mediastinal_lymph_node_seg,OK,1,1
1.2.826.0.1.3680043.8.498.87431477734697809935613156274671008179,highdicom / eay131_tumor_annotations,highdicom,eay131_tumor_annotations,eay131,OK,1,1
1.3.6.1.4.1.14519.5.2.1.23522361997522921846349935764654630876,highdicom / (null),highdicom,(null),psma_pet_ct_lesions,OK,1,1
1.3.6.1.4.1.14519.5.2.1.1594768134877103143505346699324807382,highdicom / (null),highdicom,(null),psma_pet_ct_lesions,OK,1,1
1.2.276.0.7230010.3.1.3.1070885483.2532.1599120456.615,dcmqi / prostatex_seg_zones,dcmqi,prostatex_seg_zones,prostatex,OK,1,1
1.2.276.0.7230010.3.1.3.1070885483.3176.1599120350.479,dcmqi / prostatex_seg_zones,dcmqi,prostatex_seg_zones,prostatex,OK,1,1
1.2.276.0.7230010.3.1.3.1070885483.5112.1599120314.232,dcmqi / prostatex_seg_zones,dcmqi,prostatex_seg_zones,prostatex,OK,1,1
1.2.276.0.7230010.3.1.3.1070885483.7336.1599120400.55,dcmqi / prostatex_seg_zones,dcmqi,prostatex_seg_zones,prostatex,OK,1,1
1.2.276.0.7230010.3.1.3.1070885483.10416.1599120517.70,dcmqi / prostatex_seg_zones,dcmqi,prostatex_seg_zones,prostatex,OK,1,1
1.2.276.0.7230010.3.1.3.1070885483.1336.1599120514.900,dcmqi / prostatex_seg_zones,dcmqi,prostatex_seg_zones,prostatex,OK,1,1
1.2.276.0.7230010.3.1.3.1070885483.14704.1599120461.80,dcmqi / prostatex_seg_zones,dcmqi,prostatex_seg_zones,prostatex,OK,1,1
1.2.276.0.7230010.3.1.3.1070885483.6176.1599120381.374,dcmqi / prostatex_seg_zones,dcmqi,prostatex_seg_zones,prostatex,OK,1,1
1.2.276.0.7230010.3.1.3.1070885483.7160.1599120335.483,dcmqi / prostatex_seg_zones,dcmqi,prostatex_seg_zones,prostatex,OK,1,1
1.2.276.0.7230010.3.1.3.1070885483.912.1599120328.506,dcmqi / prostatex_seg_zones,dcmqi,prostatex_seg_zones,prostatex,OK,1,1
1.2.276.0.7230010.3.1.3.1070885483.12140.1599120525.915,dcmqi / prostatex_seg_zones,dcmqi,prostatex_seg_zones,prostatex,OK,1,1
1.2.276.0.7230010.3.1.3.1070885483.15820.1599120440.693,dcmqi / prostatex_seg_zones,dcmqi,prostatex_seg_zones,prostatex,OK,1,1
1.2.276.0.7230010.3.1.3.1070885483.16732.1599120495.579,dcmqi / prostatex_seg_zones,dcmqi,prostatex_seg_zones,prostatex,OK,1,1
1.2.276.0.7230010.3.1.3.1070885483.18100.1599120442.883,dcmqi / prostatex_seg_zones,dcmqi,prostatex_seg_zones,prostatex,OK,1,1
1.2.276.0.7230010.3.1.3.1070885483.13052.1599120449.546,dcmqi / prostatex_seg_zones,dcmqi,prostatex_seg_zones,prostatex,OK,1,1
1.2.276.0.7230010.3.1.3.1070885483.15128.1599120361.120,dcmqi / prostatex_seg_zones,dcmqi,prostatex_seg_zones,prostatex,OK,1,1
1.2.276.0.7230010.3.1.3.1070885483.16452.1599120433.544,dcmqi / prostatex_seg_zones,dcmqi,prostatex_seg_zones,prostatex,OK,1,1
1.2.276.0.7230010.3.1.3.1070885483.21296.1599120316.340,dcmqi / prostatex_seg_zones,dcmqi,prostatex_seg_zones,prostatex,OK,1,1
1.2.276.0.7230010.3.1.3.1070885483.21448.1599120383.955,dcmqi / prostatex_seg_zones,dcmqi,prostatex_seg_zones,prostatex,OK,1,1
1.2.276.0.7230010.3.1.3.1070885483.16388.1599120333.186,dcmqi / prostatex_seg_zones,dcmqi,prostatex_seg_zones,prostatex,OK,1,1
1.2.276.0.7230010.3.1.3.1070885483.18932.1599120435.821,dcmqi / prostatex_seg_zones,dcmqi,prostatex_seg_zones,prostatex,OK,1,1
1.2.276.0.7230010.3.1.3.1070885483.19776.1599120506.152,dcmqi / prostatex_seg_zones,dcmqi,prostatex_seg_zones,prostatex,OK,1,1
1.2.276.0.7230010.3.1.3.1070885483.10568.1599120370.555,dcmqi / prostatex_seg_zones,dcmqi,prostatex_seg_zones,prostatex,OK,1,1
1.2.276.0.7230010.3.1.3.1070885483.11096.1599120418.119,dcmqi / prostatex_seg_zones,dcmqi,prostatex_seg_zones,prostatex,OK,1,1
1.2.276.0.7230010.3.1.3.1070885483.11164.1599120354.595,dcmqi / prostatex_seg_zones,dcmqi,prostatex_seg_zones,prostatex,OK,1,1
1.2.276.0.7230010.3.1.3.1070885483.11412.1599120519.271,dcmqi / prostatex_seg_zones,dcmqi,prostatex_seg_zones,prostatex,OK,1,1
1.2.276.0.7230010.3.1.3.1070885483.14808.1599120342.113,dcmqi / prostatex_seg_zones,dcmqi,prostatex_seg_zones,prostatex,OK,1,1
1.2.276.0.7230010.3.1.3.1070885483.17072.1599120427.231,dcmqi / prostatex_seg_zones,dcmqi,prostatex_seg_zones,prostatex,OK,1,1
1.2.276.0.7230010.3.1.3.1070885483.17204.1599120454.433,dcmqi / prostatex_seg_zones,dcmqi,prostatex_seg_zones,prostatex,OK,1,1
1.2.276.0.7230010.3.1.3.1070885483.17360.1599120368.210,dcmqi / prostatex_seg_zones,dcmqi,prostatex_seg_zones,prostatex,OK,1,1
1.2.276.0.7230010.3.1.3.1070885483.17568.1599120356.677,dcmqi / prostatex_seg_zones,dcmqi,prostatex_seg_zones,prostatex,OK,1,1
1.2.276.0.7230010.3.1.3.1070885483.19268.1599120510.586,dcmqi / prostatex_seg_zones,dcmqi,prostatex_seg_zones,prostatex,OK,1,1
1.2.276.0.7230010.3.1.3.1070885483.20424.1599120326.327,dcmqi / prostatex_seg_zones,dcmqi,prostatex_seg_zones,prostatex,OK,1,1
1.2.276.0.7230010.3.1.3.1070885483.20916.1599120346.305,dcmqi / prostatex_seg_zones,dcmqi,prostatex_seg_zones,prostatex,OK,1,1
1.2.276.0.7230010.3.1.3.1070885483.22068.1599120363.260,dcmqi / prostatex_seg_zones,dcmqi,prostatex_seg_zones,prostatex,OK,1,1
1.2.276.0.7230010.3.1.3.1070885483.12296.1599120521.556,dcmqi / prostatex_seg_zones,dcmqi,prostatex_seg_zones,prostatex,OK,1,1
1.2.276.0.7230010.3.1.3.1070885483.15960.1599120307.701,dcmqi / prostatex_seg_zones,dcmqi,prostatex_seg_zones,prostatex,OK,1,1
1.2.276.0.7230010.3.1.3.1231426215.2348.1345554092.204,not identifiable from index / qiba_volct_1b,not identifiable from index,qiba_volct_1b,rider_lung_ct,OK,1,1
1.2.276.0.7230010.3.1.3.1070885483.15904.1599221892.237,dcmqi / prostatex_seg_hires,dcmqi,prostatex_seg_hires,prostatex,OK,1,1
1.3.6.1.4.1.14519.5.2.1.7695.1700.252003284651289427918318882846,not identifiable from index / (null),not identifiable from index,(null),ispy1,OK,1,1
1.2.276.0.7230010.3.1.3.1070885483.5296.1599221903.189,dcmqi / prostatex_seg_hires,dcmqi,prostatex_seg_hires,prostatex,OK,1,1
1.2.276.0.7230010.3.1.3.1070885483.22380.1599221887.327,dcmqi / prostatex_seg_hires,dcmqi,prostatex_seg_hires,prostatex,OK,1,1
1.2.826.0.1.3680043.8.498.11001228505487725864378696542905576573,highdicom / eay131_tumor_annotations,highdicom,eay131_tumor_annotations,eay131,OK,1,1
1.3.6.1.4.1.14519.5.2.1.72384125046025354152563969005377209934,highdicom / (null),highdicom,(null),psma_pet_ct_lesions,OK,1,1
1.2.276.0.7230010.3.1.3.4148549909.2324.1344864401.452,not identifiable from index / qiba_volct_1b,not identifiable from index,qiba_volct_1b,rider_lung_ct,OK,1,1
1.2.276.0.7230010.3.1.3.1031255639.2200.1345988389.119,not identifiable from index / qiba_volct_1b,not identifiable from index,qiba_volct_1b,rider_lung_ct,OK,1,1
1.2.826.0.1.3680043.8.498.16230848334028133400748979258902779769,highdicom / eay131_tumor_annotations,highdicom,eay131_tumor_annotations,eay131,OK,1,1
1.2.276.0.7230010.3.1.3.3426864066.1284.1345228838.112,not identifiable from index / qiba_volct_1b,not identifiable from index,qiba_volct_1b,rider_lung_ct,OK,1,1
1.2.276.0.7230010.3.1.3.17436516.3906427.1714504384.992094,dcmqi / bamf_aimi_annotations,dcmqi,bamf_aimi_annotations,colorectal_liver_metastases,OK,1,1
1.2.276.0.7230010.3.1.3.17436516.3904706.1714504375.329428,dcmqi / bamf_aimi_annotations,dcmqi,bamf_aimi_annotations,colorectal_liver_metastases,OK,1,1
1.2.276.0.7230010.3.1.3.481037312.160063.1761244615.986606,dcmqi / nlstseg,dcmqi,nlstseg,nlst,OK,1,1
1.3.6.1.4.1.14519.5.2.1.108528152115914484752716972211605559634,dcmqi / (null),dcmqi,(null),mediastinal_lymph_node_seg,OK,1,1
1.3.6.1.4.1.14519.5.2.1.6101212711425679366913659366170775827,highdicom / (null),highdicom,(null),psma_pet_ct_lesions,OK,1,1
1.2.826.0.1.3680043.8.498.70008460435539722011847695475468965903,highdicom / eay131_tumor_annotations,highdicom,eay131_tumor_annotations,eay131,OK,1,1
1.2.276.0.7230010.3.1.3.1070885483.22052.1599221835.360,dcmqi / prostatex_seg_hires,dcmqi,prostatex_seg_hires,prostatex,OK,1,1
1.2.276.0.7230010.3.1.3.1070885483.5584.1599221824.60,dcmqi / prostatex_seg_hires,dcmqi,prostatex_seg_hires,prostatex,OK,1,1
1.2.276.0.7230010.3.1.3.1070885483.16948.1599221869.130,dcmqi / prostatex_seg_hires,dcmqi,prostatex_seg_hires,prostatex,OK,1,1
1.2.276.0.7230010.3.1.3.1070885483.15416.1599221846.853,dcmqi / prostatex_seg_hires,dcmqi,prostatex_seg_hires,prostatex,OK,1,1
1.2.276.0.7230010.3.1.3.1070885483.27624.1599221764.667,dcmqi / prostatex_seg_hires,dcmqi,prostatex_seg_hires,prostatex,OK,1,1
1.2.276.0.7230010.3.1.3.1070885483.4824.1599120512.766,dcmqi / prostatex_seg_zones,dcmqi,prostatex_seg_zones,prostatex,OK,1,1
1.3.6.1.4.1.14519.5.2.1.7695.1700.284381602035723040501599697250,not identifiable from index / (null),not identifiable from index,(null),ispy1,OK,1,1
1.2.276.0.7230010.3.1.3.1070885483.27528.1599221841.604,dcmqi / prostatex_seg_hires,dcmqi,prostatex_seg_hires,prostatex,OK,1,1
1.2.276.0.7230010.3.1.3.481037312.53682.1718923513.464858,dcmqi / pancreas_ct_seg,dcmqi,pancreas_ct_seg,pancreas_ct,OK,1,1
1.2.276.0.7230010.3.1.3.1070885483.21512.1599221877.6,dcmqi / prostatex_seg_hires,dcmqi,prostatex_seg_hires,prostatex,OK,1,1
1.2.276.0.7230010.3.1.3.1070885483.3400.1599221844.204,dcmqi / prostatex_seg_hires,dcmqi,prostatex_seg_hires,prostatex,OK,1,1
1.2.276.0.7230010.3.1.3.1070885483.25300.1599221882.469,dcmqi / prostatex_seg_hires,dcmqi,prostatex_seg_hires,prostatex,OK,1,1
1.2.276.0.7230010.3.1.3.1070885483.24608.1599221781.105,dcmqi / prostatex_seg_hires,dcmqi,prostatex_seg_hires,prostatex,OK,1,1
1.2.276.0.7230010.3.1.3.1070885483.21116.1599221807.124,dcmqi / prostatex_seg_hires,dcmqi,prostatex_seg_hires,prostatex,OK,1,1
1.2.276.0.7230010.3.1.3.1070885483.24588.1599221871.775,dcmqi / prostatex_seg_hires,dcmqi,prostatex_seg_hires,prostatex,OK,1,1
1.3.6.1.4.1.14519.5.2.1.196653903608341168898497617402343602463,highdicom / (null),highdicom,(null),psma_pet_ct_lesions,OK,1,1
1.2.276.0.7230010.3.1.3.3426864066.2352.1345226905.374,not identifiable from index / qiba_volct_1b,not identifiable from index,qiba_volct_1b,rider_pilot,OK,1,1
1.2.276.0.7230010.3.1.3.481037312.140246.1761243957.850029,dcmqi / nlstseg,dcmqi,nlstseg,nlst,OK,1,1
1.2.276.0.7230010.3.1.3.481037312.175886.1761245142.31921,dcmqi / nlstseg,dcmqi,nlstseg,nlst,OK,1,1
1.2.276.0.7230010.3.1.3.481037312.608545.1761261763.463500,dcmqi / nlstseg,dcmqi,nlstseg,nlst,OK,1,1
1.3.6.1.4.1.14519.5.2.1.77469666327102542094125521245300091255,pydicom-seg / (null),pydicom-seg,(null),rider_lung_ct,OK,1,1
1.3.6.1.4.1.14519.5.2.1.63409678145309380964567053079469659708,pydicom-seg / (null),pydicom-seg,(null),rider_lung_ct,OK,1,1
1.3.6.1.4.1.14519.5.2.1.288988379329165510370255420577266959390,highdicom / (null),highdicom,(null),psma_pet_ct_lesions,OK,1,1
1.2.276.0.7230010.3.1.3.0.22891.1674507059.763115,dcmqi / (null),dcmqi,(null),ct_lymph_nodes,OK,1,1
1.2.276.0.7230010.3.1.3.17436516.2254793.1720642113.610777,dcmqi / bamf_aimi_annotations,dcmqi,bamf_aimi_annotations,tcga_luad,OK,1,1
1.3.6.1.4.1.14519.5.2.1.4334.1501.169579014175788342089774342901,not identifiable from index / (null),not identifiable from index,(null),nsclc_radiogenomics,OK,1,1
1.2.276.0.7230010.3.1.3.17436516.746060.1722971615.476772,dcmqi / bamf_aimi_annotations,dcmqi,bamf_aimi_annotations,upenn_gbm,OK,1,1
1.2.276.0.7230010.3.1.3.1070885483.17416.1599221911.141,dcmqi / prostatex_seg_hires,dcmqi,prostatex_seg_hires,prostatex,OK,1,1
1.3.6.1.4.1.14519.5.2.1.7695.4164.890097737830638506991802330134,not identifiable from index / (null),not identifiable from index,(null),acrin_6698,OK,1,1
1.3.6.1.4.1.14519.5.2.1.7695.4164.222989408764961130390003245762,not identifiable from index / (null),not identifiable from index,(null),acrin_6698,OK,1,1
1.2.276.0.7230010.3.1.3.4148549909.2324.1344864401.459,not identifiable from index / qiba_volct_1b,not identifiable from index,qiba_volct_1b,rider_lung_ct,OK,1,1
1.2.276.0.7230010.3.1.3.3426864066.1628.1345223816.411,not identifiable from index / qiba_volct_1b,not identifiable from index,qiba_volct_1b,rider_lung_ct,OK,1,1
1.3.6.1.4.1.14519.5.2.1.178250686561189873137184817954459934509,highdicom / (null),highdicom,(null),psma_pet_ct_lesions,OK,1,1
1.2.276.0.7230010.3.1.3.1070885483.26880.1599221801.878,dcmqi / prostatex_seg_hires,dcmqi,prostatex_seg_hires,prostatex,OK,1,1
1.3.6.1.4.1.14519.5.2.1.7695.2311.325771300357074054381956324234,not identifiable from index / (null),not identifiable from index,(null),breast_mri_nact_pilot,OK,1,1
1.2.276.0.7230010.3.1.3.1070885483.21844.1599120375.46,dcmqi / prostatex_seg_zones,dcmqi,prostatex_seg_zones,prostatex,OK,1,1
1.2.276.0.7230010.3.1.3.1070885483.4436.1599120445.96,dcmqi / prostatex_seg_zones,dcmqi,prostatex_seg_zones,prostatex,OK,1,1
1.2.276.0.7230010.3.1.3.1070885483.4620.1599120339.956,dcmqi / prostatex_seg_zones,dcmqi,prostatex_seg_zones,prostatex,OK,1,1
1.2.276.0.7230010.3.1.3.1070885483.6920.1599120312.126,dcmqi / prostatex_seg_zones,dcmqi,prostatex_seg_zones,prostatex,OK,1,1
1.2.276.0.7230010.3.1.3.1070885483.5076.1599120323.507,dcmqi / prostatex_seg_zones,dcmqi,prostatex_seg_zones,prostatex,OK,1,1
1.2.276.0.7230010.3.1.3.1070885483.5392.1599120348.405,dcmqi / prostatex_seg_zones,dcmqi,prostatex_seg_zones,prostatex,OK,1,1
1.2.276.0.7230010.3.1.3.1070885483.5236.1599120411.630,dcmqi / prostatex_seg_zones,dcmqi,prostatex_seg_zones,prostatex,OK,1,1
1.2.276.0.7230010.3.1.3.1070885483.6112.1599120420.266,dcmqi / prostatex_seg_zones,dcmqi,prostatex_seg_zones,prostatex,OK,1,1
1.2.276.0.7230010.3.1.3.1070885483.9380.1599120395.493,dcmqi / prostatex_seg_zones,dcmqi,prostatex_seg_zones,prostatex,OK,1,1
1.2.276.0.7230010.3.1.3.1070885483.9448.1599120466.591,dcmqi / prostatex_seg_zones,dcmqi,prostatex_seg_zones,prostatex,OK,1,1
1.2.276.0.7230010.3.1.3.1070885483.9676.1599120528.425,dcmqi / prostatex_seg_zones,dcmqi,prostatex_seg_zones,prostatex,OK,1,1
1.2.276.0.7230010.3.1.3.1070885483.6428.1599120415.914,dcmqi / prostatex_seg_zones,dcmqi,prostatex_seg_zones,prostatex,OK,1,1
1.2.276.0.7230010.3.1.3.1070885483.6964.1599120386.605,dcmqi / prostatex_seg_zones,dcmqi,prostatex_seg_zones,prostatex,OK,1,1
1.2.276.0.7230010.3.1.3.1070885483.11772.1599120451.860,dcmqi / prostatex_seg_zones,dcmqi,prostatex_seg_zones,prostatex,OK,1,1
1.2.276.0.7230010.3.1.3.1070885483.17204.1599120404.399,dcmqi / prostatex_seg_zones,dcmqi,prostatex_seg_zones,prostatex,OK,1,1
1.2.276.0.7230010.3.1.3.1070885483.17936.1599120397.969,dcmqi / prostatex_seg_zones,dcmqi,prostatex_seg_zones,prostatex,OK,1,1
1.2.276.0.7230010.3.1.3.1070885483.19680.1599120458.973,dcmqi / prostatex_seg_zones,dcmqi,prostatex_seg_zones,prostatex,OK,1,1
1.2.276.0.7230010.3.1.3.1070885483.19980.1599120409.507,dcmqi / prostatex_seg_zones,dcmqi,prostatex_seg_zones,prostatex,OK,1,1
1.2.276.0.7230010.3.1.3.1070885483.11124.1599120422.471,dcmqi / prostatex_seg_zones,dcmqi,prostatex_seg_zones,prostatex,OK,1,1
1.2.276.0.7230010.3.1.3.1070885483.12904.1599120438.423,dcmqi / prostatex_seg_zones,dcmqi,prostatex_seg_zones,prostatex,OK,1,1
1.2.276.0.7230010.3.1.3.1070885483.14176.1599120447.314,dcmqi / prostatex_seg_zones,dcmqi,prostatex_seg_zones,prostatex,OK,1,1
1.2.276.0.7230010.3.1.3.1070885483.15088.1599120352.564,dcmqi / prostatex_seg_zones,dcmqi,prostatex_seg_zones,prostatex,OK,1,1
1.2.276.0.7230010.3.1.3.1070885483.15232.1599120318.513,dcmqi / prostatex_seg_zones,dcmqi,prostatex_seg_zones,prostatex,OK,1,1
1.2.276.0.7230010.3.1.3.1070885483.16388.1599120372.705,dcmqi / prostatex_seg_zones,dcmqi,prostatex_seg_zones,prostatex,OK,1,1
1.2.276.0.7230010.3.1.3.1070885483.17064.1599120406.570,dcmqi / prostatex_seg_zones,dcmqi,prostatex_seg_zones,prostatex,OK,1,1
1.2.276.0.7230010.3.1.3.1070885483.17576.1599120321.141,dcmqi / prostatex_seg_zones,dcmqi,prostatex_seg_zones,prostatex,OK,1,1
1.2.276.0.7230010.3.1.3.1070885483.21680.1599120413.766,dcmqi / prostatex_seg_zones,dcmqi,prostatex_seg_zones,prostatex,OK,1,1
1.2.276.0.7230010.3.1.3.1070885483.15820.1599120523.749,dcmqi / prostatex_seg_zones,dcmqi,prostatex_seg_zones,prostatex,OK,1,1
1.2.276.0.7230010.3.1.3.1070885483.22256.1599120377.273,dcmqi / prostatex_seg_zones,dcmqi,prostatex_seg_zones,prostatex,OK,1,1
1.2.276.0.7230010.3.1.3.17436516.3921866.1714504472.782016,dcmqi / bamf_aimi_annotations,dcmqi,bamf_aimi_annotations,colorectal_liver_metastases,OK,1,1
1.2.276.0.7230010.3.1.3.17436516.2204179.1720641142.925201,dcmqi / bamf_aimi_annotations,dcmqi,bamf_aimi_annotations,lung_pet_ct_dx,OK,1,1
1.2.826.0.1.3680043.8.498.10945355064379009982064704341951405350,highdicom / eay131_tumor_annotations,highdicom,eay131_tumor_annotations,eay131,OK,1,1
1.3.6.1.4.1.14519.5.2.1.97603158383728835821950718949359488043,highdicom / (null),highdicom,(null),psma_pet_ct_lesions,OK,1,1
1.3.6.1.4.1.14519.5.2.1.131372598537521738834927330497348723572,highdicom / (null),highdicom,(null),psma_pet_ct_lesions,OK,1,1
1.2.276.0.7230010.3.1.3.1070885483.24632.1599221916.651,dcmqi / prostatex_seg_hires,dcmqi,prostatex_seg_hires,prostatex,OK,1,1
1.2.276.0.7230010.3.1.3.1070885483.16948.1599221799.294,dcmqi / prostatex_seg_hires,dcmqi,prostatex_seg_hires,prostatex,OK,1,1
1.3.6.1.4.1.14519.5.2.1.110558569365314146676161844005722606054,highdicom / (null),highdicom,(null),psma_pet_ct_lesions,OK,1,1
1.3.6.1.4.1.14519.5.2.1.7695.1700.134140414524969321346386422304,not identifiable from index / (null),not identifiable from index,(null),ispy1,OK,1,1
1.3.6.1.4.1.14519.5.2.1.7695.1700.260733451241643763585676762992,not identifiable from index / (null),not identifiable from index,(null),ispy1,OK,1,1
1.3.6.1.4.1.14519.5.2.1.7695.2311.331224268771313923631490543965,not identifiable from index / (null),not identifiable from index,(null),breast_mri_nact_pilot,OK,1,1
1.2.276.0.7230010.3.1.3.1070885483.25552.1599221897.694,dcmqi / prostatex_seg_hires,dcmqi,prostatex_seg_hires,prostatex,OK,1,1
1.2.276.0.7230010.3.1.3.1070885483.23100.1599221818.605,dcmqi / prostatex_seg_hires,dcmqi,prostatex_seg_hires,prostatex,OK,1,1
1.3.6.1.4.1.14519.5.2.1.79626114316978089613976999420648804233,pydicom-seg / (null),pydicom-seg,(null),rider_lung_ct,OK,1,1
1.2.826.0.1.3680043.8.498.10762564342727507860250934782075421936,highdicom / eay131_tumor_annotations,highdicom,eay131_tumor_annotations,eay131,OK,1,1
1.3.6.1.4.1.14519.5.2.1.207041568613392724149746655466475639047,highdicom / (null),highdicom,(null),psma_pet_ct_lesions,OK,1,1
1.2.276.0.7230010.3.1.3.309938702.2796.1345119675.156,not identifiable from index / qiba_volct_1b,not identifiable from index,qiba_volct_1b,rider_lung_ct,OK,1,1
1.3.6.1.4.1.14519.5.2.1.78144077320775619172984477891561000656,highdicom / (null),highdicom,(null),psma_pet_ct_lesions,OK,1,1
1.3.6.1.4.1.14519.5.2.1.185965152484082261082482956256623468933,dcmqi / (null),dcmqi,(null),mediastinal_lymph_node_seg,OK,1,1
1.3.6.1.4.1.14519.5.2.1.9281579372185148334000575698051309156,highdicom / (null),highdicom,(null),psma_pet_ct_lesions,OK,1,1
1.3.6.1.4.1.14519.5.2.1.302951960208951920773885754604255123694,highdicom / (null),highdicom,(null),psma_pet_ct_lesions,OK,1,1
1.3.6.1.4.1.14519.5.2.1.62389875161639701741389633120136342772,highdicom / (null),highdicom,(null),psma_pet_ct_lesions,OK,1,1
1.3.6.1.4.1.14519.5.2.1.42744246825975813109025621810801548150,highdicom / (null),highdicom,(null),psma_pet_ct_lesions,OK,1,1
1.2.276.0.7230010.3.1.3.481037312.53634.1718923503.992212,dcmqi / pancreas_ct_seg,dcmqi,pancreas_ct_seg,pancreas_ct,OK,1,1
1.2.826.0.1.3680043.8.498.27989624719836813603659362411538277119,highdicom / eay131_tumor_annotations,highdicom,eay131_tumor_annotations,eay131,OK,1,1
1.3.6.1.4.1.14519.5.2.1.315422329605164606365244527621631845653,dcmqi / (null),dcmqi,(null),mediastinal_lymph_node_seg,OK,1,1
1.2.826.0.1.3680043.8.498.11970781451133163193432779479919882655,highdicom / eay131_tumor_annotations,highdicom,eay131_tumor_annotations,eay131,OK,1,1
1.2.276.0.7230010.3.1.3.1070885483.1452.1599120508.439,dcmqi / prostatex_seg_zones,dcmqi,prostatex_seg_zones,prostatex,OK,1,1
1.2.276.0.7230010.3.1.3.1070885483.8452.1599120388.862,dcmqi / prostatex_seg_zones,dcmqi,prostatex_seg_zones,prostatex,OK,1,1
1.2.276.0.7230010.3.1.3.1070885483.2264.1599120309.894,dcmqi / prostatex_seg_zones,dcmqi,prostatex_seg_zones,prostatex,OK,1,1
1.2.276.0.7230010.3.1.3.1070885483.8584.1599120344.224,dcmqi / prostatex_seg_zones,dcmqi,prostatex_seg_zones,prostatex,OK,1,1
1.2.276.0.7230010.3.1.3.1070885483.8632.1599120424.889,dcmqi / prostatex_seg_zones,dcmqi,prostatex_seg_zones,prostatex,OK,1,1
1.2.276.0.7230010.3.1.3.1070885483.13380.1599120474.641,dcmqi / prostatex_seg_zones,dcmqi,prostatex_seg_zones,prostatex,OK,1,1
1.2.276.0.7230010.3.1.3.1070885483.3248.1599120365.1000,dcmqi / prostatex_seg_zones,dcmqi,prostatex_seg_zones,prostatex,OK,1,1
1.2.276.0.7230010.3.1.3.1070885483.14608.1599120498.600,dcmqi / prostatex_seg_zones,dcmqi,prostatex_seg_zones,prostatex,OK,1,1
1.2.276.0.7230010.3.1.3.1070885483.14704.1599120503.850,dcmqi / prostatex_seg_zones,dcmqi,prostatex_seg_zones,prostatex,OK,1,1
1.2.276.0.7230010.3.1.3.1070885483.16164.1599120391.118,dcmqi / prostatex_seg_zones,dcmqi,prostatex_seg_zones,prostatex,OK,1,1
1.2.276.0.7230010.3.1.3.1070885483.17800.1599120501.234,dcmqi / prostatex_seg_zones,dcmqi,prostatex_seg_zones,prostatex,OK,1,1
1.2.276.0.7230010.3.1.3.1070885483.18544.1599120402.242,dcmqi / prostatex_seg_zones,dcmqi,prostatex_seg_zones,prostatex,OK,1,1
1.2.276.0.7230010.3.1.3.1070885483.12356.1599120358.938,dcmqi / prostatex_seg_zones,dcmqi,prostatex_seg_zones,prostatex,OK,1,1
1.3.6.1.4.1.14519.5.2.1.277117459392831800917339017836197380118,highdicom / (null),highdicom,(null),psma_pet_ct_lesions,OK,1,1
1.3.6.1.4.1.14519.5.2.1.248082050749840253123224366810507321613,highdicom / (null),highdicom,(null),psma_pet_ct_lesions,OK,1,1
1.3.6.1.4.1.14519.5.2.1.311316835091805203485472199601384706407,highdicom / (null),highdicom,(null),psma_pet_ct_lesions,OK,1,1
1.3.6.1.4.1.14519.5.2.1.256996784068531156072921255435125452568,highdicom / (null),highdicom,(null),psma_pet_ct_lesions,OK,1,1
1.3.6.1.4.1.14519.5.2.1.7695.2311.186237058868558368626677123987,not identifiable from index / (null),not identifiable from index,(null),breast_mri_nact_pilot,OK,1,1
1.3.6.1.4.1.14519.5.2.1.7695.2311.294646208028414299504808539119,not identifiable from index / (null),not identifiable from index,(null),breast_mri_nact_pilot,OK,1,1
1.3.6.1.4.1.14519.5.2.1.109321226511430582902841454546034813825,highdicom / (null),highdicom,(null),psma_pet_ct_lesions,OK,1,1
1.3.6.1.4.1.14519.5.2.1.7695.1700.619518319807050579831623668188,not identifiable from index / (null),not identifiable from index,(null),ispy1,OK,1,1
1.3.6.1.4.1.14519.5.2.1.7695.1700.538771434209322175904387792305,not identifiable from index / (null),not identifiable from index,(null),ispy1,OK,1,1
1.3.6.1.4.1.14519.5.2.1.34457156183966651047431526980311434400,highdicom / (null),highdicom,(null),psma_pet_ct_lesions,OK,1,1
1.2.276.0.7230010.3.1.3.1231426215.2092.1345742013.282,not identifiable from index / qiba_volct_1b,not identifiable from index,qiba_volct_1b,rider_pilot,OK,1,1
1.3.6.1.4.1.14519.5.2.1.120011918024398932182026853469631150066,highdicom / (null),highdicom,(null),psma_pet_ct_lesions,OK,1,1
1.3.6.1.4.1.14519.5.2.1.53725995586004180102971073422246125919,highdicom / (null),highdicom,(null),psma_pet_ct_lesions,OK,1,1
1.2.276.0.7230010.3.1.3.1070885483.18968.1599120330.889,dcmqi / prostatex_seg_zones,dcmqi,prostatex_seg_zones,prostatex,OK,1,1
1.3.6.1.4.1.14519.5.2.1.73529310398257050243208493350246891990,highdicom / (null),highdicom,(null),psma_pet_ct_lesions,OK,1,1
1.3.6.1.4.1.14519.5.2.1.227107640632396530269368323938880857185,highdicom / (null),highdicom,(null),psma_pet_ct_lesions,OK,1,1
1.2.276.0.7230010.3.1.3.481037312.378971.1761252136.861626,dcmqi / nlstseg,dcmqi,nlstseg,nlst,OK,1,1
1.3.6.1.4.1.14519.5.2.1.7695.1700.132958502099911125003611421074,not identifiable from index / (null),not identifiable from index,(null),ispy1,OK,1,1
1.3.6.1.4.1.14519.5.2.1.7695.2311.174202126559584388329401382567,not identifiable from index / (null),not identifiable from index,(null),breast_mri_nact_pilot,OK,1,1
1.3.6.1.4.1.14519.5.2.1.59644554272431301618780245463705724870,highdicom / (null),highdicom,(null),psma_pet_ct_lesions,OK,1,1
1.3.6.1.4.1.14519.5.2.1.9203.8273.312240329280765683872520951399,dcmqi / (null),dcmqi,(null),colorectal_liver_metastases,OK,1,1
1.3.6.1.4.1.14519.5.2.1.104420005964646752197264579008677493434,highdicom / (null),highdicom,(null),psma_pet_ct_lesions,OK,1,1
1.3.6.1.4.1.14519.5.2.1.43083035427024218921642058110481456241,highdicom / (null),highdicom,(null),psma_pet_ct_lesions,OK,1,1
1.3.6.1.4.1.14519.5.2.1.187633489003914768980794643455406392149,highdicom / (null),highdicom,(null),psma_pet_ct_lesions,OK,1,1
1.2.276.0.7230010.3.1.3.1565948079.2848.1345145112.34,not identifiable from index / qiba_volct_1b,not identifiable from index,qiba_volct_1b,rider_lung_ct,OK,1,1
1.3.6.1.4.1.14519.5.2.1.233189897267204738190356669354372555131,highdicom / (null),highdicom,(null),psma_pet_ct_lesions,OK,1,1
1.3.6.1.4.1.14519.5.2.1.15622901030066561738127599136089227839,highdicom / (null),highdicom,(null),psma_pet_ct_lesions,OK,1,1
1.2.276.0.7230010.3.1.3.1231426215.2940.1345571146.374,not identifiable from index / qiba_volct_1b,not identifiable from index,qiba_volct_1b,rider_lung_ct,OK,1,1
1.2.276.0.7230010.3.1.3.1231426215.1972.1345556740.34,not identifiable from index / qiba_volct_1b,not identifiable from index,qiba_volct_1b,rider_pilot,OK,1,1
1.2.276.0.7230010.3.1.3.1070885483.13840.1599120393.374,dcmqi / prostatex_seg_zones,dcmqi,prostatex_seg_zones,prostatex,OK,1,1
1.2.276.0.7230010.3.1.3.481037312.415022.1761253647.929341,dcmqi / nlstseg,dcmqi,nlstseg,nlst,OK,1,1
1.3.6.1.4.1.14519.5.2.1.243118783789941836630406287760254080241,dcmqi / (null),dcmqi,(null),mediastinal_lymph_node_seg,OK,1,1
1.2.826.0.1.3680043.10.511.3.81639414512878611453482126393001683,not identifiable from index / rms_mutation_prediction_expert_annotations,not identifiable from index,rms_mutation_prediction_expert_annotations,rms_mutation_prediction,OK,2,2
1.3.6.1.4.1.14519.5.2.1.7695.2311.192666396003900090374363678728,not identifiable from index / (null),not identifiable from index,(null),breast_mri_nact_pilot,OK,1,1
1.3.6.1.4.1.14519.5.2.1.7695.1700.165490632111916895030436281387,not identifiable from index / (null),not identifiable from index,(null),ispy1,OK,1,1
1.3.6.1.4.1.14519.5.2.1.7695.1700.115667556592464307150628273874,not identifiable from index / (null),not identifiable from index,(null),ispy1,OK,1,1
1.3.6.1.4.1.14519.5.2.1.142588868861596554349665096785483167100,highdicom / (null),highdicom,(null),psma_pet_ct_lesions,OK,1,1
1.2.276.0.7230010.3.1.3.0.22708.1674506888.691080,dcmqi / (null),dcmqi,(null),ct_lymph_nodes,OK,1,1
1.2.826.0.1.3680043.8.498.40029464038751926996530846215147094399,highdicom / eay131_tumor_annotations,highdicom,eay131_tumor_annotations,eay131,OK,1,1
1.2.276.0.7230010.3.1.3.1231426215.2348.1345554092.197,not identifiable from index / qiba_volct_1b,not identifiable from index,qiba_volct_1b,rider_lung_ct,OK,1,1
1.2.276.0.7230010.3.1.3.1070885483.26088.1599221900.380,dcmqi / prostatex_seg_hires,dcmqi,prostatex_seg_hires,prostatex,OK,1,1
1.2.826.0.1.3680043.8.498.97880920824718192842185282304087105513,highdicom / eay131_tumor_annotations,highdicom,eay131_tumor_annotations,eay131,OK,1,1
1.2.276.0.7230010.3.1.3.309938702.2016.1345116539.659,not identifiable from index / qiba_volct_1b,not identifiable from index,qiba_volct_1b,rider_pilot,OK,1,1
1.3.6.1.4.1.14519.5.2.1.259178117290796590054099551690803180412,dcmqi / (null),dcmqi,(null),mediastinal_lymph_node_seg,OK,1,1
1.3.6.1.4.1.14519.5.2.1.154181401693091683471927716655393024803,highdicom / (null),highdicom,(null),psma_pet_ct_lesions,OK,1,1
1.2.826.0.1.3680043.8.498.11397888223245019806990127207097139876,highdicom / eay131_tumor_annotations,highdicom,eay131_tumor_annotations,eay131,OK,1,1
1.3.6.1.4.1.14519.5.2.1.7695.1700.692874732697164482384608113825,not identifiable from index / (null),not identifiable from index,(null),ispy1,OK,1,1
1.3.6.1.4.1.14519.5.2.1.7695.1700.203274505765917083766388230675,not identifiable from index / (null),not identifiable from index,(null),ispy1,OK,1,1
1.3.6.1.4.1.14519.5.2.1.7695.1700.186145699369242783758664167909,not identifiable from index / (null),not identifiable from index,(null),ispy1,OK,1,1
1.2.276.0.7230010.3.1.3.17436516.3933300.1714504536.866256,dcmqi / bamf_aimi_annotations,dcmqi,bamf_aimi_annotations,colorectal_liver_metastases,OK,1,1
1.2.276.0.7230010.3.1.3.17436516.3929185.1714504515.339576,dcmqi / bamf_aimi_annotations,dcmqi,bamf_aimi_annotations,colorectal_liver_metastases,OK,1,1
1.2.276.0.7230010.3.1.3.17436516.2374307.1720643470.253415,dcmqi / bamf_aimi_annotations,dcmqi,bamf_aimi_annotations,lung_pet_ct_dx,OK,1,1
1.2.276.0.7230010.3.1.3.17436516.254858.1696966547.671504,dcmqi / bamf_aimi_annotations,dcmqi,bamf_aimi_annotations,tcga_lihc,OK,1,1
1.2.276.0.7230010.3.1.3.0.42486.1698536510.157682,dcmqi / prostate_mri_us_biopsy_dicom_annotations,dcmqi,prostate_mri_us_biopsy_dicom_annotations,prostate_mri_us_biopsy,OK,1,1
1.2.276.0.7230010.3.1.3.0.40137.1698534770.381411,dcmqi / prostate_mri_us_biopsy_dicom_annotations,dcmqi,prostate_mri_us_biopsy_dicom_annotations,prostate_mri_us_biopsy,OK,1,1
1.2.276.0.7230010.3.1.3.0.42643.1698536570.244461,dcmqi / prostate_mri_us_biopsy_dicom_annotations,dcmqi,prostate_mri_us_biopsy_dicom_annotations,prostate_mri_us_biopsy,OK,1,1
1.2.276.0.7230010.3.1.3.0.44910.1698537188.652385,dcmqi / prostate_mri_us_biopsy_dicom_annotations,dcmqi,prostate_mri_us_biopsy_dicom_annotations,prostate_mri_us_biopsy,OK,1,1
1.2.276.0.7230010.3.1.3.0.45344.1698537361.713298,dcmqi / prostate_mri_us_biopsy_dicom_annotations,dcmqi,prostate_mri_us_biopsy_dicom_annotations,prostate_mri_us_biopsy,OK,1,1
1.2.276.0.7230010.3.1.3.0.40644.1698535002.808823,dcmqi / prostate_mri_us_biopsy_dicom_annotations,dcmqi,prostate_mri_us_biopsy_dicom_annotations,prostate_mri_us_biopsy,OK,1,1
1.2.276.0.7230010.3.1.3.0.42482.1698536506.239957,dcmqi / prostate_mri_us_biopsy_dicom_annotations,dcmqi,prostate_mri_us_biopsy_dicom_annotations,prostate_mri_us_biopsy,OK,1,1
1.2.276.0.7230010.3.1.3.0.40899.1698535116.502195,dcmqi / prostate_mri_us_biopsy_dicom_annotations,dcmqi,prostate_mri_us_biopsy_dicom_annotations,prostate_mri_us_biopsy,OK,1,1
1.2.276.0.7230010.3.1.3.0.44207.1698536970.615148,dcmqi / prostate_mri_us_biopsy_dicom_annotations,dcmqi,prostate_mri_us_biopsy_dicom_annotations,prostate_mri_us_biopsy,OK,1,1
1.2.276.0.7230010.3.1.3.0.41399.1698535347.746959,dcmqi / prostate_mri_us_biopsy_dicom_annotations,dcmqi,prostate_mri_us_biopsy_dicom_annotations,prostate_mri_us_biopsy,OK,1,1
1.2.276.0.7230010.3.1.3.0.40273.1698534833.711655,dcmqi / prostate_mri_us_biopsy_dicom_annotations,dcmqi,prostate_mri_us_biopsy_dicom_annotations,prostate_mri_us_biopsy,OK,1,1
1.2.276.0.7230010.3.1.3.0.42715.1698536606.549272,dcmqi / prostate_mri_us_biopsy_dicom_annotations,dcmqi,prostate_mri_us_biopsy_dicom_annotations,prostate_mri_us_biopsy,OK,1,1
1.3.6.1.4.1.14519.5.2.1.196929288822604419011620852254188047390,dcmqi / (null),dcmqi,(null),mediastinal_lymph_node_seg,OK,1,1
1.2.276.0.7230010.3.1.3.0.41367.1698535331.576863,dcmqi / prostate_mri_us_biopsy_dicom_annotations,dcmqi,prostate_mri_us_biopsy_dicom_annotations,prostate_mri_us_biopsy,OK,1,1
1.2.276.0.7230010.3.1.3.0.44080.1698536956.143048,dcmqi / prostate_mri_us_biopsy_dicom_annotations,dcmqi,prostate_mri_us_biopsy_dicom_annotations,prostate_mri_us_biopsy,OK,1,1
1.2.276.0.7230010.3.1.3.0.41161.1698535238.592870,dcmqi / prostate_mri_us_biopsy_dicom_annotations,dcmqi,prostate_mri_us_biopsy_dicom_annotations,prostate_mri_us_biopsy,OK,1,1
1.2.276.0.7230010.3.1.3.0.45366.1698537374.842579,dcmqi / prostate_mri_us_biopsy_dicom_annotations,dcmqi,prostate_mri_us_biopsy_dicom_annotations,prostate_mri_us_biopsy,OK,1,1
1.3.6.1.4.1.14519.5.2.1.329670818683375560776812850219320053353,highdicom / (null),highdicom,(null),psma_pet_ct_lesions,OK,1,1
1.2.826.0.1.3680043.8.498.10990741573650395492777002647610416617,highdicom / eay131_tumor_annotations,highdicom,eay131_tumor_annotations,eay131,OK,1,1
1.3.6.1.4.1.14519.5.2.1.188073827922144028981330163209024385450,highdicom / (null),highdicom,(null),psma_pet_ct_lesions,OK,1,1
1.2.276.0.7230010.3.1.3.4148549909.2120.1344860170.34,not identifiable from index / qiba_volct_1b,not identifiable from index,qiba_volct_1b,rider_lung_ct,OK,1,1
1.2.276.0.7230010.3.1.3.1031255639.2476.1345992646.204,not identifiable from index / qiba_volct_1b,not identifiable from index,qiba_volct_1b,rider_pilot,OK,1,1
1.3.6.1.4.1.14519.5.2.1.804820388465010451901313992011437033,highdicom / (null),highdicom,(null),psma_pet_ct_lesions,OK,1,1
1.3.6.1.4.1.14519.5.2.1.182632510998633933623502454072615881455,highdicom / (null),highdicom,(null),psma_pet_ct_lesions,OK,1,1
1.2.276.0.7230010.3.1.3.17436516.2638965.1720647274.463844,dcmqi / bamf_aimi_annotations,dcmqi,bamf_aimi_annotations,lung_pet_ct_dx,OK,1,1
1.2.276.0.7230010.3.1.3.17436516.323765.1696966740.780229,dcmqi / bamf_aimi_annotations,dcmqi,bamf_aimi_annotations,tcga_lihc,OK,1,1
1.3.6.1.4.1.14519.5.2.1.198915484763935903320046170055017368105,highdicom / (null),highdicom,(null),psma_pet_ct_lesions,OK,1,1
1.3.6.1.4.1.14519.5.2.1.212143887641430464981296193377455961428,highdicom / (null),highdicom,(null),psma_pet_ct_lesions,OK,1,1
1.2.276.0.7230010.3.1.3.1070885483.1780.1599221905.866,dcmqi / prostatex_seg_hires,dcmqi,prostatex_seg_hires,prostatex,OK,1,1
1.3.6.1.4.1.14519.5.2.1.7695.1700.334195369805738609061462877655,not identifiable from index / (null),not identifiable from index,(null),ispy1,OK,1,1
1.3.6.1.4.1.14519.5.2.1.286372178780891527834300983626544956800,dcmqi / (null),dcmqi,(null),remind,OK,1,1
1.2.276.0.7230010.3.1.3.17436516.2385176.1693014884.276841,dcmqi / bamf_aimi_annotations,dcmqi,bamf_aimi_annotations,tcga_kirc,OK,1,1
1.2.276.0.7230010.3.1.3.1031255639.1400.1345987597.367,not identifiable from index / qiba_volct_1b,not identifiable from index,qiba_volct_1b,rider_pilot,OK,1,1
1.3.6.1.4.1.14519.5.2.1.70479447899987659458272774174025517156,highdicom / (null),highdicom,(null),psma_pet_ct_lesions,OK,1,1
1.2.826.0.1.3680043.8.498.43542340746687190812345909663884757945,highdicom / eay131_tumor_annotations,highdicom,eay131_tumor_annotations,eay131,OK,1,1
1.2.826.0.1.3680043.8.498.85512237063626130878471235845447751096,highdicom / eay131_tumor_annotations,highdicom,eay131_tumor_annotations,eay131,OK,1,1
1.2.276.0.7230010.3.1.3.17436516.3975305.1714504785.204239,dcmqi / bamf_aimi_annotations,dcmqi,bamf_aimi_annotations,hcc_tace_seg,OK,1,1
1.2.276.0.7230010.3.1.3.1070885483.5464.1599221860.888,dcmqi / prostatex_seg_hires,dcmqi,prostatex_seg_hires,prostatex,OK,1,1
1.2.276.0.7230010.3.1.3.1070885483.5464.1599221791.439,dcmqi / prostatex_seg_hires,dcmqi,prostatex_seg_hires,prostatex,OK,1,1
1.2.276.0.7230010.3.1.3.1070885483.5808.1599221885.265,dcmqi / prostatex_seg_hires,dcmqi,prostatex_seg_hires,prostatex,OK,1,1
1.2.276.0.7230010.3.1.3.1070885483.23788.1599221829.820,dcmqi / prostatex_seg_hires,dcmqi,prostatex_seg_hires,prostatex,OK,1,1
1.2.276.0.7230010.3.1.3.1070885483.25044.1599221924.876,dcmqi / prostatex_seg_hires,dcmqi,prostatex_seg_hires,prostatex,OK,1,1
1.3.6.1.4.1.14519.5.2.1.7695.1700.276154644130008521417704322516,not identifiable from index / (null),not identifiable from index,(null),ispy1,OK,1,1
1.3.6.1.4.1.14519.5.2.1.326986221668379639205010091480790703743,highdicom / (null),highdicom,(null),psma_pet_ct_lesions,OK,1,1
1.3.6.1.4.1.14519.5.2.1.7695.1700.513555378996856671713863823165,not identifiable from index / (null),not identifiable from index,(null),ispy1,OK,1,1
1.2.276.0.7230010.3.1.3.1070885483.24644.1599221922.113,dcmqi / prostatex_seg_hires,dcmqi,prostatex_seg_hires,prostatex,OK,1,1
1.3.6.1.4.1.14519.5.2.1.7695.1700.323844179343423805114382241122,not identifiable from index / (null),not identifiable from index,(null),ispy1,OK,1,1
1.2.276.0.7230010.3.1.3.1070885483.8220.1599221770.50,dcmqi / prostatex_seg_hires,dcmqi,prostatex_seg_hires,prostatex,OK,1,1
1.2.276.0.7230010.3.1.3.1070885483.14224.1599221879.641,dcmqi / prostatex_seg_hires,dcmqi,prostatex_seg_hires,prostatex,OK,1,1
1.2.276.0.7230010.3.1.3.1070885483.16240.1599221761.962,dcmqi / prostatex_seg_hires,dcmqi,prostatex_seg_hires,prostatex,OK,1,1
1.2.276.0.7230010.3.1.3.1070885483.24736.1599221778.322,dcmqi / prostatex_seg_hires,dcmqi,prostatex_seg_hires,prostatex,OK,1,1
1.2.276.0.7230010.3.1.3.1070885483.26756.1599221804.455,dcmqi / prostatex_seg_hires,dcmqi,prostatex_seg_hires,prostatex,OK,1,1
1.3.6.1.4.1.14519.5.2.1.299524587342952470543757366239697561760,highdicom / (null),highdicom,(null),psma_pet_ct_lesions,OK,1,1
1.3.6.1.4.1.14519.5.2.1.254517017072374376956080357544478407512,highdicom / (null),highdicom,(null),psma_pet_ct_lesions,OK,1,1
1.3.6.1.4.1.14519.5.2.1.176867881247414474275163379937128852421,highdicom / (null),highdicom,(null),psma_pet_ct_lesions,OK,1,1
1.2.276.0.7230010.3.1.3.309938702.2796.1345119675.149,not identifiable from index / qiba_volct_1b,not identifiable from index,qiba_volct_1b,rider_lung_ct,OK,1,1
1.2.276.0.7230010.3.1.3.481037312.53253.1718923431.474079,dcmqi / pancreas_ct_seg,dcmqi,pancreas_ct_seg,pancreas_ct,OK,1,1
1.3.6.1.4.1.14519.5.2.1.149767658957880888031619430498366295361,highdicom / (null),highdicom,(null),psma_pet_ct_lesions,OK,1,1
1.2.826.0.1.3680043.10.511.3.25300727088905197494868158262574278,not identifiable from index / rms_mutation_prediction_expert_annotations,not identifiable from index,rms_mutation_prediction_expert_annotations,rms_mutation_prediction,OK,2,2
1.3.6.1.4.1.14519.5.2.1.337926392125886201892711469949877467103,highdicom / (null),highdicom,(null),psma_pet_ct_lesions,OK,1,1
1.3.6.1.4.1.14519.5.2.1.138634434613623293375315550390393484308,highdicom / (null),highdicom,(null),psma_pet_ct_lesions,OK,1,1
1.3.6.1.4.1.14519.5.2.1.132364131631994618167806673858586634016,highdicom / (null),highdicom,(null),psma_pet_ct_lesions,OK,1,1
1.2.276.0.7230010.3.1.3.481037312.53405.1718923460.650075,dcmqi / pancreas_ct_seg,dcmqi,pancreas_ct_seg,pancreas_ct,OK,1,1
1.2.276.0.7230010.3.1.3.481037312.53829.1718923539.738195,dcmqi / pancreas_ct_seg,dcmqi,pancreas_ct_seg,pancreas_ct,OK,1,1
1.3.6.1.4.1.14519.5.2.1.252481703062859560788381545741841588749,highdicom / (null),highdicom,(null),psma_pet_ct_lesions,OK,1,1
1.3.6.1.4.1.14519.5.2.1.9203.8273.103814453703777099454683574846,dcmqi / (null),dcmqi,(null),colorectal_liver_metastases,OK,1,1
1.2.276.0.7230010.3.1.3.0.24790.1674507872.849180,dcmqi / (null),dcmqi,(null),ct_lymph_nodes,OK,1,1
1.2.276.0.7230010.3.1.3.17436516.3980383.1714504816.412306,dcmqi / bamf_aimi_annotations,dcmqi,bamf_aimi_annotations,hcc_tace_seg,OK,1,1
1.2.276.0.7230010.3.1.3.17436516.3980512.1714504817.178081,dcmqi / bamf_aimi_annotations,dcmqi,bamf_aimi_annotations,hcc_tace_seg,OK,1,1
1.3.6.1.4.1.14519.5.2.1.252907585023291301753986807653852162982,highdicom / (null),highdicom,(null),psma_pet_ct_lesions,OK,1,1
1.3.6.1.4.1.14519.5.2.1.296218743955775700084327270829623358293,highdicom / (null),highdicom,(null),psma_pet_ct_lesions,OK,1,1
1.2.276.0.7230010.3.1.3.1070885483.8668.1599221919.430,dcmqi / prostatex_seg_hires,dcmqi,prostatex_seg_hires,prostatex,OK,1,1
1.3.6.1.4.1.14519.5.2.1.164346665263686600014854776201995720457,highdicom / (null),highdicom,(null),psma_pet_ct_lesions,OK,1,1
1.3.6.1.4.1.14519.5.2.1.24124056605130151704918590993148153349,highdicom / (null),highdicom,(null),psma_pet_ct_lesions,OK,1,1
1.3.6.1.4.1.14519.5.2.1.193229631801025394442097398708023830019,highdicom / (null),highdicom,(null),psma_pet_ct_lesions,OK,1,1
1.2.276.0.7230010.3.1.3.4148549909.2120.1344860170.27,not identifiable from index / qiba_volct_1b,not identifiable from index,qiba_volct_1b,rider_lung_ct,OK,1,1
1.3.6.1.4.1.14519.5.2.1.7695.1700.164387646279588159080326161419,not identifiable from index / (null),not identifiable from index,(null),ispy1,OK,1,1
1.3.6.1.4.1.14519.5.2.1.7695.1700.309140295298139174528619577949,not identifiable from index / (null),not identifiable from index,(null),ispy1,OK,1,1
1.2.826.0.1.3680043.8.498.15701304771916661881376899971470771272,highdicom / eay131_tumor_annotations,highdicom,eay131_tumor_annotations,eay131,OK,1,1
1.3.6.1.4.1.14519.5.2.1.22509787565125403063832022509564453556,highdicom / (null),highdicom,(null),psma_pet_ct_lesions,OK,1,1
1.2.276.0.7230010.3.1.3.481037312.53715.1718923518.882785,dcmqi / pancreas_ct_seg,dcmqi,pancreas_ct_seg,pancreas_ct,OK,1,1
1.2.276.0.7230010.3.1.3.481037312.53737.1718923522.313390,dcmqi / pancreas_ct_seg,dcmqi,pancreas_ct_seg,pancreas_ct,OK,1,1
1.3.6.1.4.1.14519.5.2.1.7695.1700.887053554332494645866571253061,not identifiable from index / (null),not identifiable from index,(null),ispy1,OK,1,1
1.3.6.1.4.1.14519.5.2.1.7695.1700.259069045249535381284088950008,not identifiable from index / (null),not identifiable from index,(null),ispy1,OK,1,1
1.3.6.1.4.1.14519.5.2.1.67887232997029659630493311420740400911,highdicom / (null),highdicom,(null),psma_pet_ct_lesions,OK,1,1
1.3.6.1.4.1.14519.5.2.1.318970146166445097130020068533797719619,highdicom / (null),highdicom,(null),psma_pet_ct_lesions,OK,1,1
1.2.276.0.7230010.3.1.3.1070885483.4220.1599221894.379,dcmqi / prostatex_seg_hires,dcmqi,prostatex_seg_hires,prostatex,OK,1,1
1.3.6.1.4.1.14519.5.2.1.199438485800267643320038351459489792809,highdicom / (null),highdicom,(null),psma_pet_ct_lesions,OK,1,1
1.2.276.0.7230010.3.1.3.1231426215.1972.1345556740.27,not identifiable from index / qiba_volct_1b,not identifiable from index,qiba_volct_1b,rider_pilot,OK,1,1
1.2.276.0.7230010.3.1.3.481037312.53394.1718923458.885271,dcmqi / pancreas_ct_seg,dcmqi,pancreas_ct_seg,pancreas_ct,OK,1,1
1.3.6.1.4.1.14519.5.2.1.212427273476877728855532964945386421313,highdicom / (null),highdicom,(null),psma_pet_ct_lesions,OK,1,1
1.3.6.1.4.1.14519.5.2.1.440549807266844095228098039719,QIICR Reporting via 3D Slicer / (null),QIICR Reporting via 3D Slicer,(null),nsclc_radiogenomics,OK,1,1
1.2.276.0.7230010.3.1.3.505801377.2044.1345983847.27,not identifiable from index / qiba_volct_1b,not identifiable from index,qiba_volct_1b,rider_lung_ct,OK,1,1
1.3.6.1.4.1.14519.5.2.1.7695.1700.106739215985594343508257738194,not identifiable from index / (null),not identifiable from index,(null),ispy1,OK,1,1
1.2.826.0.1.3680043.8.498.34503940793969213911113281828278179809,highdicom / eay131_tumor_annotations,highdicom,eay131_tumor_annotations,eay131,OK,1,1
1.2.276.0.7230010.3.1.3.1231426215.1104.1345734316.34,not identifiable from index / qiba_volct_1b,not identifiable from index,qiba_volct_1b,rider_lung_ct,OK,1,1
1.3.6.1.4.1.14519.5.2.1.87504296911153463114707783201448661751,dcmqi / (null),dcmqi,(null),remind,OK,1,1
1.2.276.0.7230010.3.1.3.481037312.53542.1718923486.102502,dcmqi / pancreas_ct_seg,dcmqi,pancreas_ct_seg,pancreas_ct,OK,1,1
1.3.6.1.4.1.14519.5.2.1.278311415741055164152367571204662810711,highdicom / (null),highdicom,(null),psma_pet_ct_lesions,OK,1,1
1.3.6.1.4.1.14519.5.2.1.7695.1700.223058685896999783742895260982,not identifiable from index / (null),not identifiable from index,(null),ispy1,OK,1,1
1.3.6.1.4.1.14519.5.2.1.7695.1700.152929440580445891014636195509,not identifiable from index / (null),not identifiable from index,(null),ispy1,OK,1,1
1.2.276.0.7230010.3.1.3.1070885483.17604.1599221827.76,dcmqi / prostatex_seg_hires,dcmqi,prostatex_seg_hires,prostatex,OK,1,1
1.2.276.0.7230010.3.1.3.1070885483.23772.1599221809.995,dcmqi / prostatex_seg_hires,dcmqi,prostatex_seg_hires,prostatex,OK,1,1
1.2.276.0.7230010.3.1.3.1070885483.26120.1599221759.302,dcmqi / prostatex_seg_hires,dcmqi,prostatex_seg_hires,prostatex,OK,1,1
1.2.276.0.7230010.3.1.3.1070885483.16016.1599221851.990,dcmqi / prostatex_seg_hires,dcmqi,prostatex_seg_hires,prostatex,OK,1,1
1.2.276.0.7230010.3.1.3.1070885483.25220.1599221863.968,dcmqi / prostatex_seg_hires,dcmqi,prostatex_seg_hires,prostatex,OK,1,1
1.2.276.0.7230010.3.1.3.1070885483.26444.1599221837.990,dcmqi / prostatex_seg_hires,dcmqi,prostatex_seg_hires,prostatex,OK,1,1
1.2.276.0.7230010.3.1.3.1070885483.27140.1599221767.245,dcmqi / prostatex_seg_hires,dcmqi,prostatex_seg_hires,prostatex,OK,1,1
1.2.276.0.7230010.3.1.3.1070885483.24056.1599221815.833,dcmqi / prostatex_seg_hires,dcmqi,prostatex_seg_hires,prostatex,OK,1,1
1.2.276.0.7230010.3.1.3.17436516.351136.1696966878.301192,dcmqi / bamf_aimi_annotations,dcmqi,bamf_aimi_annotations,tcga_lihc,OK,1,1
1.3.6.1.4.1.14519.5.2.1.100277110812669905110264860647353714925,highdicom / (null),highdicom,(null),psma_pet_ct_lesions,OK,1,1
1.2.276.0.7230010.3.1.3.1231426215.1056.1345551618.459,not identifiable from index / qiba_volct_1b,not identifiable from index,qiba_volct_1b,rider_lung_ct,OK,1,1
1.3.6.1.4.1.14519.5.2.1.25935434664955526157882856949072240176,highdicom / (null),highdicom,(null),psma_pet_ct_lesions,OK,1,1
1.2.276.0.7230010.3.1.3.1070885483.9460.1599221773.50,dcmqi / prostatex_seg_hires,dcmqi,prostatex_seg_hires,prostatex,OK,1,1
1.2.276.0.7230010.3.1.3.1070885483.23580.1599221890.67,dcmqi / prostatex_seg_hires,dcmqi,prostatex_seg_hires,prostatex,OK,1,1
1.2.276.0.7230010.3.1.3.1070885483.24532.1599221775.720,dcmqi / prostatex_seg_hires,dcmqi,prostatex_seg_hires,prostatex,OK,1,1
1.2.276.0.7230010.3.1.3.1070885483.24012.1599221786.269,dcmqi / prostatex_seg_hires,dcmqi,prostatex_seg_hires,prostatex,OK,1,1
1.2.276.0.7230010.3.1.3.1070885483.25100.1599221930.643,dcmqi / prostatex_seg_hires,dcmqi,prostatex_seg_hires,prostatex,OK,1,1
1.2.276.0.7230010.3.1.3.481037312.53490.1718923476.775590,dcmqi / pancreas_ct_seg,dcmqi,pancreas_ct_seg,pancreas_ct,OK,1,1
1.2.276.0.7230010.3.1.3.481037312.53527.1718923483.913862,dcmqi / pancreas_ct_seg,dcmqi,pancreas_ct_seg,pancreas_ct,OK,1,1
1.3.6.1.4.1.14519.5.2.1.7695.1700.279896866599169207821795562665,not identifiable from index / (null),not identifiable from index,(null),ispy1,OK,1,1
1.2.276.0.7230010.3.1.3.0.21581.1674506208.255003,dcmqi / (null),dcmqi,(null),ct_lymph_nodes,OK,1,1
1.3.6.1.4.1.14519.5.2.1.207631509620651327806882429280918814102,highdicom / (null),highdicom,(null),psma_pet_ct_lesions,OK,1,1
1.3.6.1.4.1.14519.5.2.1.173818706641668687103983810995861793310,highdicom / (null),highdicom,(null),psma_pet_ct_lesions,OK,1,1
1.3.6.1.4.1.14519.5.2.1.204023999528797116116101474352990980181,highdicom / (null),highdicom,(null),psma_pet_ct_lesions,OK,1,1
1.3.6.1.4.1.14519.5.2.1.292998474611713044361800365833822902303,highdicom / (null),highdicom,(null),psma_pet_ct_lesions,OK,1,1
1.3.6.1.4.1.14519.5.2.1.93549259704648063927557526155616867379,highdicom / (null),highdicom,(null),psma_pet_ct_lesions,OK,1,1
1.3.6.1.4.1.14519.5.2.1.96571704258219732158409002826483407559,highdicom / (null),highdicom,(null),psma_pet_ct_lesions,OK,1,1
1.3.6.1.4.1.14519.5.2.1.322723501966206994826973412517921072551,highdicom / (null),highdicom,(null),psma_pet_ct_lesions,OK,1,1
1.3.6.1.4.1.14519.5.2.1.316793729784463732154148006148456463739,highdicom / (null),highdicom,(null),psma_pet_ct_lesions,OK,1,1
1.3.6.1.4.1.14519.5.2.1.168629072944357555481311998676371549589,highdicom / (null),highdicom,(null),psma_pet_ct_lesions,OK,1,1
1.3.6.1.4.1.14519.5.2.1.70485301732492129675689242452005329738,highdicom / (null),highdicom,(null),psma_pet_ct_lesions,OK,1,1
1.3.6.1.4.1.14519.5.2.1.57814516274522372103824378366153227083,highdicom / (null),highdicom,(null),psma_pet_ct_lesions,OK,1,1
1.3.6.1.4.1.14519.5.2.1.135962652162886097220630921887475223026,highdicom / (null),highdicom,(null),psma_pet_ct_lesions,OK,1,1
1.3.6.1.4.1.14519.5.2.1.233644070329387976671134611841524508357,highdicom / (null),highdicom,(null),psma_pet_ct_lesions,OK,1,1
1.3.6.1.4.1.14519.5.2.1.188385508786403403896319305169015968916,highdicom / (null),highdicom,(null),psma_pet_ct_lesions,OK,1,1
1.3.6.1.4.1.14519.5.2.1.146866596780512577041167879104289318453,highdicom / (null),highdicom,(null),psma_pet_ct_lesions,OK,1,1
1.3.6.1.4.1.14519.5.2.1.308167567447658906212265630146584481067,highdicom / (null),highdicom,(null),psma_pet_ct_lesions,OK,1,1
1.3.6.1.4.1.14519.5.2.1.283720394117429172626174998054217012720,highdicom / (null),highdicom,(null),psma_pet_ct_lesions,OK,1,1
1.3.6.1.4.1.14519.5.2.1.216539779837814458366301629776088661541,highdicom / (null),highdicom,(null),psma_pet_ct_lesions,OK,1,1
1.3.6.1.4.1.14519.5.2.1.320400053451239837320866335935288465579,highdicom / (null),highdicom,(null),psma_pet_ct_lesions,OK,1,1
1.2.276.0.7230010.3.1.3.1231426215.1056.1345551618.452,not identifiable from index / qiba_volct_1b,not identifiable from index,qiba_volct_1b,rider_lung_ct,OK,1,1
1.3.6.1.4.1.14519.5.2.1.7695.1700.173724116439549834161035167193,not identifiable from index / (null),not identifiable from index,(null),ispy1,OK,1,1
1.3.6.1.4.1.14519.5.2.1.7695.2311.163577175774917314575707247017,not identifiable from index / (null),not identifiable from index,(null),breast_mri_nact_pilot,OK,1,1
1.3.6.1.4.1.14519.5.2.1.168564448379138281858016786849141437415,highdicom / (null),highdicom,(null),psma_pet_ct_lesions,OK,1,1
1.3.6.1.4.1.14519.5.2.1.7695.2311.164402535706147379873954512861,not identifiable from index / (null),not identifiable from index,(null),breast_mri_nact_pilot,OK,1,1
1.3.6.1.4.1.14519.5.2.1.7695.2311.222498792211319953408521618165,not identifiable from index / (null),not identifiable from index,(null),breast_mri_nact_pilot,OK,1,1
1.3.6.1.4.1.14519.5.2.1.215744293122525246135111706004947021012,highdicom / (null),highdicom,(null),psma_pet_ct_lesions,OK,1,1
1.3.6.1.4.1.14519.5.2.1.4334.1501.256108924396203554835256785900,QIICR Reporting via 3D Slicer / (null),QIICR Reporting via 3D Slicer,(null),nsclc_radiogenomics,OK,1,1
1.2.276.0.7230010.3.1.3.481037312.53840.1718923542.114928,dcmqi / pancreas_ct_seg,dcmqi,pancreas_ct_seg,pancreas_ct,OK,1,1
1.2.276.0.7230010.3.1.3.481037312.53161.1718923414.445887,dcmqi / pancreas_ct_seg,dcmqi,pancreas_ct_seg,pancreas_ct,OK,1,1
1.2.276.0.7230010.3.1.3.481037312.53516.1718923481.606461,dcmqi / pancreas_ct_seg,dcmqi,pancreas_ct_seg,pancreas_ct,OK,1,1
1.3.6.1.4.1.14519.5.2.1.317924428056711038101474734314578985857,highdicom / (null),highdicom,(null),psma_pet_ct_lesions,OK,1,1
1.3.6.1.4.1.14519.5.2.1.76791931346553355390771609054588105831,dcmqi / (null),dcmqi,(null),remind,OK,1,1
1.3.6.1.4.1.14519.5.2.1.209987592768545946021157365452327830833,highdicom / (null),highdicom,(null),psma_pet_ct_lesions,OK,1,1
1.3.6.1.4.1.14519.5.2.1.301946942371859688063564426630667635429,highdicom / (null),highdicom,(null),psma_pet_ct_lesions,OK,1,1
1.3.6.1.4.1.14519.5.2.1.334872568491809617245381762882583504357,highdicom / (null),highdicom,(null),psma_pet_ct_lesions,OK,1,1
1.3.6.1.4.1.14519.5.2.1.171527318845518040189457466324527141508,highdicom / (null),highdicom,(null),psma_pet_ct_lesions,OK,1,1
1.2.276.0.7230010.3.1.3.505801377.2044.1345983847.34,not identifiable from index / qiba_volct_1b,not identifiable from index,qiba_volct_1b,rider_lung_ct,OK,1,1
1.3.6.1.4.1.14519.5.2.1.60928924824288588473714722822010173015,highdicom / (null),highdicom,(null),psma_pet_ct_lesions,OK,1,1
1.2.276.0.7230010.3.1.3.481037312.53910.1718923555.54375,dcmqi / pancreas_ct_seg,dcmqi,pancreas_ct_seg,pancreas_ct,OK,1,1
1.3.6.1.4.1.14519.5.2.1.33845772645042809538698546601960283508,highdicom / (null),highdicom,(null),psma_pet_ct_lesions,OK,1,1
1.2.826.0.1.3680043.8.498.94980115594082020397147509853675870583,highdicom / eay131_tumor_annotations,highdicom,eay131_tumor_annotations,eay131,OK,1,1
1.2.276.0.7230010.3.1.3.481037312.53154.1718923412.676278,dcmqi / pancreas_ct_seg,dcmqi,pancreas_ct_seg,pancreas_ct,OK,1,1
1.2.276.0.7230010.3.1.3.481037312.53353.1718923451.163285,dcmqi / pancreas_ct_seg,dcmqi,pancreas_ct_seg,pancreas_ct,OK,1,1
1.3.6.1.4.1.14519.5.2.1.266338589508327050927252272635445251696,dcmqi / (null),dcmqi,(null),remind,OK,1,1
1.2.276.0.7230010.3.1.3.1031255639.2200.1345988389.112,not identifiable from index / qiba_volct_1b,not identifiable from index,qiba_volct_1b,rider_lung_ct,OK,1,1
1.2.276.0.7230010.3.1.3.17436516.3923262.1714504482.57577,dcmqi / bamf_aimi_annotations,dcmqi,bamf_aimi_annotations,colorectal_liver_metastases,OK,1,1
1.2.276.0.7230010.3.1.3.481037312.53803.1718923535.226670,dcmqi / pancreas_ct_seg,dcmqi,pancreas_ct_seg,pancreas_ct,OK,1,1
1.2.276.0.7230010.3.1.3.481037312.54009.1718923573.443913,dcmqi / pancreas_ct_seg,dcmqi,pancreas_ct_seg,pancreas_ct,OK,1,1
1.2.826.0.1.3680043.8.498.25030985083120627653424261491833289605,highdicom / eay131_tumor_annotations,highdicom,eay131_tumor_annotations,eay131,OK,1,1
1.2.276.0.7230010.3.1.3.309938702.2016.1345116539.666,not identifiable from index / qiba_volct_1b,not identifiable from index,qiba_volct_1b,rider_pilot,OK,1,1
1.3.6.1.4.1.14519.5.2.1.307840925567886075030750461302345384002,highdicom / (null),highdicom,(null),psma_pet_ct_lesions,OK,1,1
1.2.276.0.7230010.3.1.3.481037312.53619.1718923501.290879,dcmqi / pancreas_ct_seg,dcmqi,pancreas_ct_seg,pancreas_ct,OK,1,1
1.2.276.0.7230010.3.1.3.481037312.53290.1718923437.859303,dcmqi / pancreas_ct_seg,dcmqi,pancreas_ct_seg,pancreas_ct,OK,1,1
1.2.276.0.7230010.3.1.3.481037312.53442.1718923466.994250,dcmqi / pancreas_ct_seg,dcmqi,pancreas_ct_seg,pancreas_ct,OK,1,1
1.2.276.0.7230010.3.1.3.1070885483.5008.1599221756.491,dcmqi / prostatex_seg_hires,dcmqi,prostatex_seg_hires,prostatex,OK,1,1
1.2.276.0.7230010.3.1.3.1070885483.26076.1599221832.601,dcmqi / prostatex_seg_hires,dcmqi,prostatex_seg_hires,prostatex,OK,1,1
1.2.276.0.7230010.3.1.3.0.23312.1674507378.902691,dcmqi / (null),dcmqi,(null),ct_lymph_nodes,OK,1,1
1.3.6.1.4.1.14519.5.2.1.337702049602434084002484196238581306780,pydicom-seg / (null),pydicom-seg,(null),ct_phantom4radiomics,OK,1,1
1.3.6.1.4.1.14519.5.2.1.124937811368018345839049832062451131406,pydicom-seg / (null),pydicom-seg,(null),ct_phantom4radiomics,OK,1,1
1.3.6.1.4.1.14519.5.2.1.182504558292226969270426547204809650882,pydicom-seg / (null),pydicom-seg,(null),ct_phantom4radiomics,OK,1,1
1.3.6.1.4.1.14519.5.2.1.92664758714195603703239653259625482699,pydicom-seg / (null),pydicom-seg,(null),ct_phantom4radiomics,OK,1,1
1.3.6.1.4.1.14519.5.2.1.225940298980716425822959578227173177202,pydicom-seg / (null),pydicom-seg,(null),ct_phantom4radiomics,OK,1,1
1.3.6.1.4.1.14519.5.2.1.320099627298629464999374292422422377829,pydicom-seg / (null),pydicom-seg,(null),ct_phantom4radiomics,OK,1,1
1.3.6.1.4.1.14519.5.2.1.264505618652668388161950111450390275155,pydicom-seg / (null),pydicom-seg,(null),ct_phantom4radiomics,OK,1,1
1.3.6.1.4.1.14519.5.2.1.318391659972822818125168470900075586035,pydicom-seg / (null),pydicom-seg,(null),ct_phantom4radiomics,OK,1,1
1.3.6.1.4.1.14519.5.2.1.254727831030418414155961336396034196819,pydicom-seg / (null),pydicom-seg,(null),ct_phantom4radiomics,OK,1,1
1.3.6.1.4.1.14519.5.2.1.122809724055806802462735860730329159469,pydicom-seg / (null),pydicom-seg,(null),ct_phantom4radiomics,OK,1,1
1.3.6.1.4.1.14519.5.2.1.292636869348586794145552930259630470585,pydicom-seg / (null),pydicom-seg,(null),ct_phantom4radiomics,OK,1,1
1.3.6.1.4.1.14519.5.2.1.243072292132509689345901500155155942399,pydicom-seg / (null),pydicom-seg,(null),ct_phantom4radiomics,OK,1,1
1.3.6.1.4.1.14519.5.2.1.4334.1501.250206840054406420588762175334,QIICR Reporting via 3D Slicer / (null),QIICR Reporting via 3D Slicer,(null),nsclc_radiogenomics,OK,1,1
1.3.6.1.4.1.14519.5.2.1.227363458204910998804876000258442537687,dcmqi / (null),dcmqi,(null),remind,OK,1,1
1.2.276.0.7230010.3.1.3.1070885483.4648.1599221821.338,dcmqi / prostatex_seg_hires,dcmqi,prostatex_seg_hires,prostatex,OK,1,1
1.2.276.0.7230010.3.1.3.1070885483.8088.1599221854.809,dcmqi / prostatex_seg_hires,dcmqi,prostatex_seg_hires,prostatex,OK,1,1
1.3.6.1.4.1.14519.5.2.1.25273108457192822061112078985013811524,dcmqi / (null),dcmqi,(null),remind,OK,1,1
1.3.6.1.4.1.14519.5.2.1.51941581213760015205444651698648093281,highdicom / (null),highdicom,(null),psma_pet_ct_lesions,OK,1,1
1.3.6.1.4.1.14519.5.2.1.7695.1700.307404638782894247977515416962,not identifiable from index / (null),not identifiable from index,(null),ispy1,OK,1,1
1.2.276.0.7230010.3.1.3.481037312.53301.1718923440.164859,dcmqi / pancreas_ct_seg,dcmqi,pancreas_ct_seg,pancreas_ct,OK,1,1
1.2.276.0.7230010.3.1.3.481037312.53608.1718923498.689766,dcmqi / pancreas_ct_seg,dcmqi,pancreas_ct_seg,pancreas_ct,OK,1,1
1.2.276.0.7230010.3.1.3.481037312.53888.1718923550.463797,dcmqi / pancreas_ct_seg,dcmqi,pancreas_ct_seg,pancreas_ct,OK,1,1
1.2.276.0.7230010.3.1.3.481037312.53947.1718923561.881501,dcmqi / pancreas_ct_seg,dcmqi,pancreas_ct_seg,pancreas_ct,OK,1,1
1.3.6.1.4.1.14519.5.2.1.7695.1700.196421846917534732418492324513,not identifiable from index / (null),not identifiable from index,(null),ispy1,OK,1,1
1.3.6.1.4.1.14519.5.2.1.7695.1700.556309300332357381572956051321,not identifiable from index / (null),not identifiable from index,(null),ispy1,OK,1,1
1.3.6.1.4.1.14519.5.2.1.234917986563193714228732301885726058815,pydicom-seg / (null),pydicom-seg,(null),ct_phantom4radiomics,OK,1,1
1.3.6.1.4.1.14519.5.2.1.253021551368825098253885021062889419467,dcmqi / (null),dcmqi,(null),remind,OK,1,1
1.2.276.0.7230010.3.1.3.17436516.675346.1722971219.137080,dcmqi / bamf_aimi_annotations,dcmqi,bamf_aimi_annotations,upenn_gbm,OK,1,1
1.3.6.1.4.1.14519.5.2.1.152918282608023325934551073068547011884,highdicom / (null),highdicom,(null),psma_pet_ct_lesions,OK,1,1
1.2.276.0.7230010.3.1.3.481037312.53770.1718923529.4815,dcmqi / pancreas_ct_seg,dcmqi,pancreas_ct_seg,pancreas_ct,OK,1,1
1.2.276.0.7230010.3.1.3.481037312.53312.1718923442.276812,dcmqi / pancreas_ct_seg,dcmqi,pancreas_ct_seg,pancreas_ct,OK,1,1
1.2.276.0.7230010.3.1.3.17436516.3943813.1714504608.279901,dcmqi / bamf_aimi_annotations,dcmqi,bamf_aimi_annotations,hcc_tace_seg,OK,1,1
1.2.826.0.1.3680043.8.498.20653372898039490097439072755740075869,highdicom / eay131_tumor_annotations,highdicom,eay131_tumor_annotations,eay131,OK,1,1
1.3.6.1.4.1.14519.5.2.1.7695.1700.260502264995751940831513388453,not identifiable from index / (null),not identifiable from index,(null),ispy1,OK,1,1
1.3.6.1.4.1.14519.5.2.1.7695.1700.195500270910644669561653646865,not identifiable from index / (null),not identifiable from index,(null),ispy1,OK,1,1
1.2.276.0.7230010.3.1.3.481037312.53781.1718923530.438048,dcmqi / pancreas_ct_seg,dcmqi,pancreas_ct_seg,pancreas_ct,OK,1,1
1.2.276.0.7230010.3.1.3.481037312.53279.1718923435.884280,dcmqi / pancreas_ct_seg,dcmqi,pancreas_ct_seg,pancreas_ct,OK,1,1
1.2.276.0.7230010.3.1.3.481037312.53327.1718923445.542300,dcmqi / pancreas_ct_seg,dcmqi,pancreas_ct_seg,pancreas_ct,OK,1,1
1.2.276.0.7230010.3.1.3.481037312.53671.1718923510.499066,dcmqi / pancreas_ct_seg,dcmqi,pancreas_ct_seg,pancreas_ct,OK,1,1
1.2.276.0.7230010.3.1.3.481037312.53958.1718923563.923242,dcmqi / pancreas_ct_seg,dcmqi,pancreas_ct_seg,pancreas_ct,OK,1,1
1.2.276.0.7230010.3.1.3.481037312.53427.1718923464.531691,dcmqi / pancreas_ct_seg,dcmqi,pancreas_ct_seg,pancreas_ct,OK,1,1
1.2.276.0.7230010.3.1.3.1231426215.2940.1345571146.367,not identifiable from index / qiba_volct_1b,not identifiable from index,qiba_volct_1b,rider_lung_ct,OK,1,1
1.3.6.1.4.1.14519.5.2.1.9203.8273.242746826567835948452471613698,dcmqi / (null),dcmqi,(null),colorectal_liver_metastases,OK,1,1
1.2.276.0.7230010.3.1.3.481037312.53697.1718923515.365975,dcmqi / pancreas_ct_seg,dcmqi,pancreas_ct_seg,pancreas_ct,OK,1,1
1.2.276.0.7230010.3.1.3.481037312.53877.1718923548.605288,dcmqi / pancreas_ct_seg,dcmqi,pancreas_ct_seg,pancreas_ct,OK,1,1
1.2.276.0.7230010.3.1.3.481037312.53969.1718923566.266122,dcmqi / pancreas_ct_seg,dcmqi,pancreas_ct_seg,pancreas_ct,OK,1,1
1.3.6.1.4.1.14519.5.2.1.52281943671147846829392391901727659707,highdicom / (null),highdicom,(null),psma_pet_ct_lesions,OK,1,1
1.3.6.1.4.1.14519.5.2.1.134072024075761678905629834545192049893,highdicom / (null),highdicom,(null),psma_pet_ct_lesions,OK,1,1
1.3.6.1.4.1.14519.5.2.1.234383176607142587239708702093306886106,highdicom / (null),highdicom,(null),psma_pet_ct_lesions,OK,1,1
1.3.6.1.4.1.14519.5.2.1.67268268741808111614714791411734540032,highdicom / (null),highdicom,(null),psma_pet_ct_lesions,OK,1,1
1.2.276.0.7230010.3.1.3.17436516.3934212.1714504542.903302,dcmqi / bamf_aimi_annotations,dcmqi,bamf_aimi_annotations,colorectal_liver_metastases,OK,1,1
1.2.276.0.7230010.3.1.3.481037312.53991.1718923569.993550,dcmqi / pancreas_ct_seg,dcmqi,pancreas_ct_seg,pancreas_ct,OK,1,1
1.2.276.0.7230010.3.1.3.481037312.54065.1718923584.272462,dcmqi / pancreas_ct_seg,dcmqi,pancreas_ct_seg,pancreas_ct,OK,1,1
1.2.276.0.7230010.3.1.3.481037312.54076.1718923586.393715,dcmqi / pancreas_ct_seg,dcmqi,pancreas_ct_seg,pancreas_ct,OK,1,1
1.3.6.1.4.1.14519.5.2.1.9203.8273.173324183138629234104904608832,dcmqi / (null),dcmqi,(null),colorectal_liver_metastases,OK,1,1
1.2.276.0.7230010.3.1.3.481037312.53726.1718923520.749776,dcmqi / pancreas_ct_seg,dcmqi,pancreas_ct_seg,pancreas_ct,OK,1,1
1.2.276.0.7230010.3.1.3.481037312.53220.1718923424.845589,dcmqi / pancreas_ct_seg,dcmqi,pancreas_ct_seg,pancreas_ct,OK,1,1
1.2.276.0.7230010.3.1.3.481037312.53660.1718923508.474547,dcmqi / pancreas_ct_seg,dcmqi,pancreas_ct_seg,pancreas_ct,OK,1,1
1.2.276.0.7230010.3.1.3.481037312.53231.1718923426.715634,dcmqi / pancreas_ct_seg,dcmqi,pancreas_ct_seg,pancreas_ct,OK,1,1
1.2.276.0.7230010.3.1.3.481037312.54054.1718923582.354428,dcmqi / pancreas_ct_seg,dcmqi,pancreas_ct_seg,pancreas_ct,OK,1,1
1.3.6.1.4.1.14519.5.2.1.7695.1700.159230776874370461544102675590,not identifiable from index / (null),not identifiable from index,(null),ispy1,OK,1,1
1.3.6.1.4.1.14519.5.2.1.7695.1700.821052885309640333983261061087,not identifiable from index / (null),not identifiable from index,(null),ispy1,OK,1,1
1.3.6.1.4.1.14519.5.2.1.7695.1700.114967890823100176378329073375,not identifiable from index / (null),not identifiable from index,(null),ispy1,OK,1,1
1.3.6.1.4.1.14519.5.2.1.7695.2311.106531152410275680975031376504,not identifiable from index / (null),not identifiable from index,(null),breast_mri_nact_pilot,OK,1,1
1.2.276.0.7230010.3.1.3.1426846371.9904.1513205204.604,dcmqi / (null),dcmqi,(null),qin_prostate_repeatability,OK,1,1
1.3.6.1.4.1.14519.5.2.1.88417879764408676918025701944445854539,dcmqi / (null),dcmqi,(null),remind,OK,1,1
1.2.276.0.7230010.3.1.3.481037312.53209.1718923422.983734,dcmqi / pancreas_ct_seg,dcmqi,pancreas_ct_seg,pancreas_ct,OK,1,1
1.2.276.0.7230010.3.1.3.481037312.54002.1718923571.585250,dcmqi / pancreas_ct_seg,dcmqi,pancreas_ct_seg,pancreas_ct,OK,1,1
1.2.276.0.7230010.3.1.3.17436516.2153448.1720640152.357909,dcmqi / bamf_aimi_annotations,dcmqi,bamf_aimi_annotations,rider_lung_pet_ct,OK,1,1
1.2.276.0.7230010.3.1.3.481037312.53980.1718923567.889201,dcmqi / pancreas_ct_seg,dcmqi,pancreas_ct_seg,pancreas_ct,OK,1,1
1.3.6.1.4.1.14519.5.2.1.7695.2311.254776179961014891590494182306,not identifiable from index / (null),not identifiable from index,(null),breast_mri_nact_pilot,OK,1,1
1.3.6.1.4.1.14519.5.2.1.7695.1700.388968717829638657586293481478,not identifiable from index / (null),not identifiable from index,(null),ispy1,OK,1,1
1.2.276.0.7230010.3.1.3.481037312.53501.1718923479.148268,dcmqi / pancreas_ct_seg,dcmqi,pancreas_ct_seg,pancreas_ct,OK,1,1
1.2.276.0.7230010.3.1.3.481037312.53368.1718923453.568391,dcmqi / pancreas_ct_seg,dcmqi,pancreas_ct_seg,pancreas_ct,OK,1,1
1.2.276.0.7230010.3.1.3.17436516.2638030.1720647267.845661,dcmqi / bamf_aimi_annotations,dcmqi,bamf_aimi_annotations,lung_pet_ct_dx,OK,1,1
1.3.6.1.4.1.14519.5.2.1.7695.1700.103550087900561527701117953758,not identifiable from index / (null),not identifiable from index,(null),ispy1,OK,1,1
1.2.276.0.7230010.3.1.3.481037312.53456.1718923470.63031,dcmqi / pancreas_ct_seg,dcmqi,pancreas_ct_seg,pancreas_ct,OK,1,1
1.2.276.0.7230010.3.1.3.481037312.53139.1718923410.641133,dcmqi / pancreas_ct_seg,dcmqi,pancreas_ct_seg,pancreas_ct,OK,1,1
1.2.826.0.1.3680043.8.498.94508605843628682138594331919058125673,highdicom / eay131_tumor_annotations,highdicom,eay131_tumor_annotations,eay131,OK,1,1
1.2.826.0.1.3680043.8.498.72628664024960399311432091718459408381,highdicom / eay131_tumor_annotations,highdicom,eay131_tumor_annotations,eay131,OK,1,1
1.2.276.0.7230010.3.1.3.481037312.53560.1718923490.129264,dcmqi / pancreas_ct_seg,dcmqi,pancreas_ct_seg,pancreas_ct,OK,1,1
1.2.276.0.7230010.3.1.3.481037312.54024.1718923575.506819,dcmqi / pancreas_ct_seg,dcmqi,pancreas_ct_seg,pancreas_ct,OK,1,1
1.2.276.0.7230010.3.1.3.481037312.53479.1718923474.918843,dcmqi / pancreas_ct_seg,dcmqi,pancreas_ct_seg,pancreas_ct,OK,1,1
1.2.276.0.7230010.3.1.3.481037312.53818.1718923537.678137,dcmqi / pancreas_ct_seg,dcmqi,pancreas_ct_seg,pancreas_ct,OK,1,1
1.3.6.1.4.1.14519.5.2.1.7695.1700.359326049824382627304644976433,not identifiable from index / (null),not identifiable from index,(null),ispy1,OK,1,1
1.2.276.0.7230010.3.1.3.481037312.53862.1718923546.195806,dcmqi / pancreas_ct_seg,dcmqi,pancreas_ct_seg,pancreas_ct,OK,1,1
1.2.826.0.1.3680043.8.498.76154598932994955213481131403460113138,highdicom / eay131_tumor_annotations,highdicom,eay131_tumor_annotations,eay131,OK,1,1
1.3.6.1.4.1.14519.5.2.1.7695.1700.212218242283106983063139647426,not identifiable from index / (null),not identifiable from index,(null),ispy1,OK,1,1
1.2.826.0.1.3680043.8.498.27709429501092268500956184886109179578,highdicom / eay131_tumor_annotations,highdicom,eay131_tumor_annotations,eay131,OK,1,1
1.3.6.1.4.1.14519.5.2.1.103890023072135677410635656634730774960,dcmqi / (null),dcmqi,(null),adrenal_acc_ki67_seg,OK,1,1
1.3.6.1.4.1.14519.5.2.1.125692088684110370665050214189059311514,dcmqi / (null),dcmqi,(null),adrenal_acc_ki67_seg,OK,1,1
1.3.6.1.4.1.14519.5.2.1.40526015557512908544035684586976113639,dcmqi / (null),dcmqi,(null),adrenal_acc_ki67_seg,OK,1,1
1.2.276.0.7230010.3.1.3.481037312.53198.1718923421.236409,dcmqi / pancreas_ct_seg,dcmqi,pancreas_ct_seg,pancreas_ct,OK,1,1
1.2.276.0.7230010.3.1.3.481037312.53788.1718923532.845668,dcmqi / pancreas_ct_seg,dcmqi,pancreas_ct_seg,pancreas_ct,OK,1,1
1.3.6.1.4.1.14519.5.2.1.74211467862901806198586347594470705712,dcmqi / (null),dcmqi,(null),remind,OK,1,1
1.2.276.0.7230010.3.1.3.481037312.53549.1718923488.84377,dcmqi / pancreas_ct_seg,dcmqi,pancreas_ct_seg,pancreas_ct,OK,1,1
1.2.276.0.7230010.3.1.3.481037312.53855.1718923544.483096,dcmqi / pancreas_ct_seg,dcmqi,pancreas_ct_seg,pancreas_ct,OK,1,1
1.2.276.0.7230010.3.1.3.17436516.3962358.1714504715.149633,dcmqi / bamf_aimi_annotations,dcmqi,bamf_aimi_annotations,hcc_tace_seg,OK,1,1
1.2.276.0.7230010.3.1.3.17436516.3978137.1714504801.481616,dcmqi / bamf_aimi_annotations,dcmqi,bamf_aimi_annotations,hcc_tace_seg,OK,1,1
1.2.276.0.7230010.3.1.3.17436516.270325.1696966583.190452,dcmqi / bamf_aimi_annotations,dcmqi,bamf_aimi_annotations,tcga_lihc,OK,1,1
1.2.276.0.7230010.3.1.3.481037312.53268.1718923433.953609,dcmqi / pancreas_ct_seg,dcmqi,pancreas_ct_seg,pancreas_ct,OK,1,1
1.2.276.0.7230010.3.1.3.481037312.53172.1718923416.454152,dcmqi / pancreas_ct_seg,dcmqi,pancreas_ct_seg,pancreas_ct,OK,1,1
1.2.276.0.7230010.3.1.3.481037312.53748.1718923524.673441,dcmqi / pancreas_ct_seg,dcmqi,pancreas_ct_seg,pancreas_ct,OK,1,1
1.2.276.0.7230010.3.1.3.1070885483.24432.1599221753.549,dcmqi / prostatex_seg_hires,dcmqi,prostatex_seg_hires,prostatex,OK,1,1
1.3.6.1.4.1.14519.5.2.1.7695.1700.297919410496281708542059559363,not identifiable from index / (null),not identifiable from index,(null),ispy1,OK,1,1
1.2.276.0.7230010.3.1.3.17436516.661601.1722971145.432541,dcmqi / bamf_aimi_annotations,dcmqi,bamf_aimi_annotations,upenn_gbm,OK,1,1
1.2.276.0.7230010.3.1.3.17436516.263888.1696966568.245634,dcmqi / bamf_aimi_annotations,dcmqi,bamf_aimi_annotations,tcga_lihc,OK,1,1
1.2.276.0.7230010.3.1.3.17436516.321632.1696966724.394224,dcmqi / bamf_aimi_annotations,dcmqi,bamf_aimi_annotations,qin_breast,OK,1,1
1.2.276.0.7230010.3.1.3.481037312.53238.1718923428.567884,dcmqi / pancreas_ct_seg,dcmqi,pancreas_ct_seg,pancreas_ct,OK,1,1
1.2.276.0.7230010.3.1.3.481037312.53936.1718923559.973344,dcmqi / pancreas_ct_seg,dcmqi,pancreas_ct_seg,pancreas_ct,OK,1,1
1.3.6.1.4.1.14519.5.2.1.7695.1700.236535396984493408534094150891,not identifiable from index / (null),not identifiable from index,(null),ispy1,OK,1,1
1.3.6.1.4.1.14519.5.2.1.7695.1700.313209975406137459192930336379,not identifiable from index / (null),not identifiable from index,(null),ispy1,OK,1,1
1.2.276.0.7230010.3.1.3.0.75325.1588584803.575980,not identifiable from index / (null),not identifiable from index,(null),c4kc_kits,OK,1,1
1.2.276.0.7230010.3.1.3.481037312.567390.1761260041.786396,dcmqi / nlstseg,dcmqi,nlstseg,nlst,OK,1,1
1.2.276.0.7230010.3.1.3.481037312.536296.1761258692.354718,dcmqi / nlstseg,dcmqi,nlstseg,nlst,OK,1,1
1.2.276.0.7230010.3.1.3.481037312.602215.1761261464.194676,dcmqi / nlstseg,dcmqi,nlstseg,nlst,OK,1,1
1.3.6.1.4.1.14519.5.2.1.7695.1700.184479178164091893356003153009,not identifiable from index / (null),not identifiable from index,(null),ispy1,OK,1,1
1.2.276.0.7230010.3.1.3.1031255639.896.1345989674.282,not identifiable from index / qiba_volct_1b,not identifiable from index,qiba_volct_1b,rider_lung_ct,OK,1,1
1.2.276.0.7230010.3.1.3.481037312.53704.1718923517.277201,dcmqi / pancreas_ct_seg,dcmqi,pancreas_ct_seg,pancreas_ct,OK,1,1
1.2.276.0.7230010.3.1.3.17436516.3196868.1720667567.432921,dcmqi / bamf_aimi_annotations,dcmqi,bamf_aimi_annotations,nlst,OK,1,1
1.3.6.1.4.1.14519.5.2.1.7695.1700.256614893541660207544679704566,not identifiable from index / (null),not identifiable from index,(null),ispy1,OK,1,1
1.3.6.1.4.1.14519.5.2.1.118620149698639857549405068325913464574,dcmqi / (null),dcmqi,(null),remind,OK,1,1
1.3.6.1.4.1.14519.5.2.1.7695.2311.290715656341101443377916527823,not identifiable from index / (null),not identifiable from index,(null),breast_mri_nact_pilot,OK,1,1
1.3.6.1.4.1.14519.5.2.1.7695.1700.227596352227371111971614138207,not identifiable from index / (null),not identifiable from index,(null),ispy1,OK,1,1
1.2.276.0.7230010.3.1.3.17436516.3840219.1720464915.278606,dcmqi / bamf_aimi_annotations,dcmqi,bamf_aimi_annotations,cptac_ccrcc,OK,1,1
1.2.276.0.7230010.3.1.3.17436516.4007623.1714504997.208896,dcmqi / bamf_aimi_annotations,dcmqi,bamf_aimi_annotations,hcc_tace_seg,OK,1,1
1.2.276.0.7230010.3.1.3.0.12158.1415315114.303388,QIICR Reporting via 3D Slicer / qin_lungct_seg,QIICR Reporting via 3D Slicer,qin_lungct_seg,qin_lung_ct,OK,1,1
1.2.276.0.7230010.3.1.3.0.12186.1415315139.757904,QIICR Reporting via 3D Slicer / qin_lungct_seg,QIICR Reporting via 3D Slicer,qin_lungct_seg,qin_lung_ct,OK,1,1
1.2.276.0.7230010.3.1.3.0.12212.1415315156.136151,QIICR Reporting via 3D Slicer / qin_lungct_seg,QIICR Reporting via 3D Slicer,qin_lungct_seg,qin_lung_ct,OK,1,1
1.2.276.0.7230010.3.1.3.0.12235.1415315172.997841,QIICR Reporting via 3D Slicer / qin_lungct_seg,QIICR Reporting via 3D Slicer,qin_lungct_seg,qin_lung_ct,OK,1,1
1.2.276.0.7230010.3.1.3.0.12256.1415315189.280575,QIICR Reporting via 3D Slicer / qin_lungct_seg,QIICR Reporting via 3D Slicer,qin_lungct_seg,qin_lung_ct,OK,1,1
1.2.276.0.7230010.3.1.3.0.12278.1415315207.840712,QIICR Reporting via 3D Slicer / qin_lungct_seg,QIICR Reporting via 3D Slicer,qin_lungct_seg,qin_lung_ct,OK,1,1
1.2.276.0.7230010.3.1.3.0.12301.1415315228.953072,QIICR Reporting via 3D Slicer / qin_lungct_seg,QIICR Reporting via 3D Slicer,qin_lungct_seg,qin_lung_ct,OK,1,1
1.2.276.0.7230010.3.1.3.0.12325.1415315244.987161,QIICR Reporting via 3D Slicer / qin_lungct_seg,QIICR Reporting via 3D Slicer,qin_lungct_seg,qin_lung_ct,OK,1,1
1.2.276.0.7230010.3.1.3.0.12346.1415315273.655167,QIICR Reporting via 3D Slicer / qin_lungct_seg,QIICR Reporting via 3D Slicer,qin_lungct_seg,qin_lung_ct,OK,1,1
1.3.6.1.4.1.14519.5.2.1.7695.1700.202441345318207365746733959832,not identifiable from index / (null),not identifiable from index,(null),ispy1,OK,1,1
1.3.6.1.4.1.14519.5.2.1.7695.1700.140604162440424643705768999782,not identifiable from index / (null),not identifiable from index,(null),ispy1,OK,1,1
1.2.276.0.7230010.3.1.3.481037312.53571.1718923492.13519,dcmqi / pancreas_ct_seg,dcmqi,pancreas_ct_seg,pancreas_ct,OK,1,1
1.2.276.0.7230010.3.1.3.481037312.53586.1718923494.81503,dcmqi / pancreas_ct_seg,dcmqi,pancreas_ct_seg,pancreas_ct,OK,1,1
1.2.276.0.7230010.3.1.3.0.12392.1415315318.39702,QIICR Reporting via 3D Slicer / qin_lungct_seg,QIICR Reporting via 3D Slicer,qin_lungct_seg,qin_lung_ct,OK,1,1
1.2.276.0.7230010.3.1.3.0.12369.1415315298.868004,QIICR Reporting via 3D Slicer / qin_lungct_seg,QIICR Reporting via 3D Slicer,qin_lungct_seg,qin_lung_ct,OK,1,1
1.2.276.0.7230010.3.1.3.0.12416.1415315344.221771,QIICR Reporting via 3D Slicer / qin_lungct_seg,QIICR Reporting via 3D Slicer,qin_lungct_seg,qin_lung_ct,OK,1,1
1.2.276.0.7230010.3.1.3.0.12445.1415315372.871258,QIICR Reporting via 3D Slicer / qin_lungct_seg,QIICR Reporting via 3D Slicer,qin_lungct_seg,qin_lung_ct,OK,1,1
1.2.276.0.7230010.3.1.3.0.12469.1415315390.427772,QIICR Reporting via 3D Slicer / qin_lungct_seg,QIICR Reporting via 3D Slicer,qin_lungct_seg,qin_lung_ct,OK,1,1
1.2.276.0.7230010.3.1.3.0.12492.1415315409.240468,QIICR Reporting via 3D Slicer / qin_lungct_seg,QIICR Reporting via 3D Slicer,qin_lungct_seg,qin_lung_ct,OK,1,1
1.2.276.0.7230010.3.1.3.0.12515.1415315437.767778,QIICR Reporting via 3D Slicer / qin_lungct_seg,QIICR Reporting via 3D Slicer,qin_lungct_seg,qin_lung_ct,OK,1,1
1.2.276.0.7230010.3.1.3.0.12538.1415315454.420669,QIICR Reporting via 3D Slicer / qin_lungct_seg,QIICR Reporting via 3D Slicer,qin_lungct_seg,qin_lung_ct,OK,1,1
1.2.276.0.7230010.3.1.3.0.12566.1415315470.906815,QIICR Reporting via 3D Slicer / qin_lungct_seg,QIICR Reporting via 3D Slicer,qin_lungct_seg,qin_lung_ct,OK,1,1
1.2.276.0.7230010.3.1.3.481037312.53416.1718923462.147295,dcmqi / pancreas_ct_seg,dcmqi,pancreas_ct_seg,pancreas_ct,OK,1,1
1.2.276.0.7230010.3.1.3.481037312.53899.1718923552.923967,dcmqi / pancreas_ct_seg,dcmqi,pancreas_ct_seg,pancreas_ct,OK,1,1
1.3.6.1.4.1.14519.5.2.1.7695.1700.474790128690622912084309977336,not identifiable from index / (null),not identifiable from index,(null),ispy1,OK,1,1
1.2.276.0.7230010.3.1.3.17436516.3207088.1720667679.539369,dcmqi / bamf_aimi_annotations,dcmqi,bamf_aimi_annotations,nlst,OK,1,1
1.2.276.0.7230010.3.1.3.2323910823.25312.1597259471.482,dcmqi / (null),dcmqi,(null),nsclc_radiomics,OK,1,1
1.2.276.0.7230010.3.1.3.481037312.53759.1718923527.52515,dcmqi / pancreas_ct_seg,dcmqi,pancreas_ct_seg,pancreas_ct,OK,1,1
1.2.276.0.7230010.3.1.3.481037312.53342.1718923448.331363,dcmqi / pancreas_ct_seg,dcmqi,pancreas_ct_seg,pancreas_ct,OK,1,1
1.3.6.1.4.1.14519.5.2.1.9203.8273.316904645187669258453257479692,dcmqi / (null),dcmqi,(null),colorectal_liver_metastases,OK,1,1
1.2.276.0.7230010.3.1.3.0.11273.1415314264.119823,QIICR Reporting via 3D Slicer / qin_lungct_seg,QIICR Reporting via 3D Slicer,qin_lungct_seg,qin_lung_ct,OK,1,1
1.2.276.0.7230010.3.1.3.0.11303.1415314280.413802,QIICR Reporting via 3D Slicer / qin_lungct_seg,QIICR Reporting via 3D Slicer,qin_lungct_seg,qin_lung_ct,OK,1,1
1.2.276.0.7230010.3.1.3.0.11324.1415314296.790216,QIICR Reporting via 3D Slicer / qin_lungct_seg,QIICR Reporting via 3D Slicer,qin_lungct_seg,qin_lung_ct,OK,1,1
1.2.276.0.7230010.3.1.3.0.11345.1415314313.310193,QIICR Reporting via 3D Slicer / qin_lungct_seg,QIICR Reporting via 3D Slicer,qin_lungct_seg,qin_lung_ct,OK,1,1
1.2.276.0.7230010.3.1.3.0.11367.1415314329.586022,QIICR Reporting via 3D Slicer / qin_lungct_seg,QIICR Reporting via 3D Slicer,qin_lungct_seg,qin_lung_ct,OK,1,1
1.2.276.0.7230010.3.1.3.0.11389.1415314346.112759,QIICR Reporting via 3D Slicer / qin_lungct_seg,QIICR Reporting via 3D Slicer,qin_lungct_seg,qin_lung_ct,OK,1,1
1.2.276.0.7230010.3.1.3.0.11411.1415314362.739985,QIICR Reporting via 3D Slicer / qin_lungct_seg,QIICR Reporting via 3D Slicer,qin_lungct_seg,qin_lung_ct,OK,1,1
1.2.276.0.7230010.3.1.3.0.11436.1415314392.362533,QIICR Reporting via 3D Slicer / qin_lungct_seg,QIICR Reporting via 3D Slicer,qin_lungct_seg,qin_lung_ct,OK,1,1
1.2.276.0.7230010.3.1.3.0.11461.1415314408.590393,QIICR Reporting via 3D Slicer / qin_lungct_seg,QIICR Reporting via 3D Slicer,qin_lungct_seg,qin_lung_ct,OK,1,1
1.3.6.1.4.1.14519.5.2.1.7695.2311.271419483039658592083538149934,not identifiable from index / (null),not identifiable from index,(null),breast_mri_nact_pilot,OK,1,1
1.3.6.1.4.1.14519.5.2.1.7695.1700.241604973025227019338436962808,not identifiable from index / (null),not identifiable from index,(null),ispy1,OK,1,1
1.3.6.1.4.1.14519.5.2.1.7695.1700.120349588190436989702443698923,not identifiable from index / (null),not identifiable from index,(null),ispy1,OK,1,1
1.3.6.1.4.1.14519.5.2.1.7695.2311.318370439125800646695746055634,not identifiable from index / (null),not identifiable from index,(null),breast_mri_nact_pilot,OK,1,1
1.2.276.0.7230010.3.1.3.0.11924.1415314858.460,QIICR Reporting via 3D Slicer / qin_lungct_seg,QIICR Reporting via 3D Slicer,qin_lungct_seg,qin_lung_ct,OK,1,1
1.2.276.0.7230010.3.1.3.0.11740.1415314673.825314,QIICR Reporting via 3D Slicer / qin_lungct_seg,QIICR Reporting via 3D Slicer,qin_lungct_seg,qin_lung_ct,OK,1,1
1.2.276.0.7230010.3.1.3.0.11764.1415314703.391937,QIICR Reporting via 3D Slicer / qin_lungct_seg,QIICR Reporting via 3D Slicer,qin_lungct_seg,qin_lung_ct,OK,1,1
1.2.276.0.7230010.3.1.3.0.11785.1415314732.536466,QIICR Reporting via 3D Slicer / qin_lungct_seg,QIICR Reporting via 3D Slicer,qin_lungct_seg,qin_lung_ct,OK,1,1
1.2.276.0.7230010.3.1.3.0.11811.1415314761.964741,QIICR Reporting via 3D Slicer / qin_lungct_seg,QIICR Reporting via 3D Slicer,qin_lungct_seg,qin_lung_ct,OK,1,1
1.2.276.0.7230010.3.1.3.0.11832.1415314778.533651,QIICR Reporting via 3D Slicer / qin_lungct_seg,QIICR Reporting via 3D Slicer,qin_lungct_seg,qin_lung_ct,OK,1,1
1.2.276.0.7230010.3.1.3.0.11854.1415314803.558985,QIICR Reporting via 3D Slicer / qin_lungct_seg,QIICR Reporting via 3D Slicer,qin_lungct_seg,qin_lung_ct,OK,1,1
1.2.276.0.7230010.3.1.3.0.11880.1415314821.506006,QIICR Reporting via 3D Slicer / qin_lungct_seg,QIICR Reporting via 3D Slicer,qin_lungct_seg,qin_lung_ct,OK,1,1
1.2.276.0.7230010.3.1.3.0.11902.1415314838.390805,QIICR Reporting via 3D Slicer / qin_lungct_seg,QIICR Reporting via 3D Slicer,qin_lungct_seg,qin_lung_ct,OK,1,1
1.2.276.0.7230010.3.1.3.17436516.4006538.1714504988.494733,dcmqi / bamf_aimi_annotations,dcmqi,bamf_aimi_annotations,hcc_tace_seg,OK,1,1
1.3.6.1.4.1.14519.5.2.1.7695.2311.821971243405844425952714571897,not identifiable from index / (null),not identifiable from index,(null),breast_mri_nact_pilot,OK,1,1
1.3.6.1.4.1.14519.5.2.1.7695.1700.154069422525208194212953382809,not identifiable from index / (null),not identifiable from index,(null),ispy1,OK,1,1
1.3.6.1.4.1.14519.5.2.1.7695.1700.156151042932623619742823192322,not identifiable from index / (null),not identifiable from index,(null),ispy1,OK,1,1
1.3.6.1.4.1.14519.5.2.1.7695.1700.266201465423139423513619395008,not identifiable from index / (null),not identifiable from index,(null),ispy1,OK,1,1
1.2.276.0.7230010.3.1.3.481037312.53921.1718923557.472357,dcmqi / pancreas_ct_seg,dcmqi,pancreas_ct_seg,pancreas_ct,OK,1,1
1.3.6.1.4.1.14519.5.2.1.4334.1501.127264693790237012737408747324,QIICR Reporting via 3D Slicer / (null),QIICR Reporting via 3D Slicer,(null),nsclc_radiogenomics,OK,1,1
1.2.276.0.7230010.3.1.3.0.11533.1415314442.128968,QIICR Reporting via 3D Slicer / qin_lungct_seg,QIICR Reporting via 3D Slicer,qin_lungct_seg,qin_lung_ct,OK,1,1
1.2.276.0.7230010.3.1.3.0.11557.1415314473.956189,QIICR Reporting via 3D Slicer / qin_lungct_seg,QIICR Reporting via 3D Slicer,qin_lungct_seg,qin_lung_ct,OK,1,1
1.2.276.0.7230010.3.1.3.0.11579.1415314490.398530,QIICR Reporting via 3D Slicer / qin_lungct_seg,QIICR Reporting via 3D Slicer,qin_lungct_seg,qin_lung_ct,OK,1,1
1.2.276.0.7230010.3.1.3.0.11605.1415314519.781969,QIICR Reporting via 3D Slicer / qin_lungct_seg,QIICR Reporting via 3D Slicer,qin_lungct_seg,qin_lung_ct,OK,1,1
1.2.276.0.7230010.3.1.3.0.11628.1415314548.266682,QIICR Reporting via 3D Slicer / qin_lungct_seg,QIICR Reporting via 3D Slicer,qin_lungct_seg,qin_lung_ct,OK,1,1
1.2.276.0.7230010.3.1.3.0.11649.1415314564.809184,QIICR Reporting via 3D Slicer / qin_lungct_seg,QIICR Reporting via 3D Slicer,qin_lungct_seg,qin_lung_ct,OK,1,1
1.2.276.0.7230010.3.1.3.0.11674.1415314594.379340,QIICR Reporting via 3D Slicer / qin_lungct_seg,QIICR Reporting via 3D Slicer,qin_lungct_seg,qin_lung_ct,OK,1,1
1.2.276.0.7230010.3.1.3.0.11697.1415314611.138311,QIICR Reporting via 3D Slicer / qin_lungct_seg,QIICR Reporting via 3D Slicer,qin_lungct_seg,qin_lung_ct,OK,1,1
1.2.276.0.7230010.3.1.3.0.11719.1415314640.377971,QIICR Reporting via 3D Slicer / qin_lungct_seg,QIICR Reporting via 3D Slicer,qin_lungct_seg,qin_lung_ct,OK,1,1
1.2.276.0.7230010.3.1.3.17436516.3174689.1720667323.588398,dcmqi / bamf_aimi_annotations,dcmqi,bamf_aimi_annotations,nlst,OK,1,1
1.2.276.0.7230010.3.1.3.17436516.326778.1696966762.796604,dcmqi / bamf_aimi_annotations,dcmqi,bamf_aimi_annotations,tcga_lihc,OK,1,1
1.2.276.0.7230010.3.1.3.481037312.53597.1718923496.57061,dcmqi / pancreas_ct_seg,dcmqi,pancreas_ct_seg,pancreas_ct,OK,1,1
1.3.6.1.4.1.14519.5.2.1.9203.8273.171629450462112986617480664756,dcmqi / (null),dcmqi,(null),colorectal_liver_metastases,OK,1,1
1.2.276.0.7230010.3.1.3.0.27634.1427924773.535713,QIICR Reporting via 3D Slicer / qin_lungct_seg,QIICR Reporting via 3D Slicer,qin_lungct_seg,qin_lung_ct,OK,1,1
1.2.276.0.7230010.3.1.3.0.27655.1427924794.376624,QIICR Reporting via 3D Slicer / qin_lungct_seg,QIICR Reporting via 3D Slicer,qin_lungct_seg,qin_lung_ct,OK,1,1
1.2.276.0.7230010.3.1.3.0.27681.1427924838.899306,QIICR Reporting via 3D Slicer / qin_lungct_seg,QIICR Reporting via 3D Slicer,qin_lungct_seg,qin_lung_ct,OK,1,1
1.2.276.0.7230010.3.1.3.0.12872.1415315749.26145,QIICR Reporting via 3D Slicer / qin_lungct_seg,QIICR Reporting via 3D Slicer,qin_lungct_seg,qin_lung_ct,OK,1,1
1.2.276.0.7230010.3.1.3.0.12895.1415315765.668432,QIICR Reporting via 3D Slicer / qin_lungct_seg,QIICR Reporting via 3D Slicer,qin_lungct_seg,qin_lung_ct,OK,1,1
1.2.276.0.7230010.3.1.3.0.12921.1415315782.521178,QIICR Reporting via 3D Slicer / qin_lungct_seg,QIICR Reporting via 3D Slicer,qin_lungct_seg,qin_lung_ct,OK,1,1
1.2.276.0.7230010.3.1.3.0.12944.1415315798.955926,QIICR Reporting via 3D Slicer / qin_lungct_seg,QIICR Reporting via 3D Slicer,qin_lungct_seg,qin_lung_ct,OK,1,1
1.2.276.0.7230010.3.1.3.0.12966.1415315828.225166,QIICR Reporting via 3D Slicer / qin_lungct_seg,QIICR Reporting via 3D Slicer,qin_lungct_seg,qin_lung_ct,OK,1,1
1.2.276.0.7230010.3.1.3.0.12988.1415315844.619273,QIICR Reporting via 3D Slicer / qin_lungct_seg,QIICR Reporting via 3D Slicer,qin_lungct_seg,qin_lung_ct,OK,1,1
1.3.6.1.4.1.14519.5.2.1.7695.2311.321333473656461359470518689568,not identifiable from index / (null),not identifiable from index,(null),breast_mri_nact_pilot,OK,1,1
1.3.6.1.4.1.14519.5.2.1.7695.2311.154864183424233393961935187133,not identifiable from index / (null),not identifiable from index,(null),breast_mri_nact_pilot,OK,1,1
1.3.6.1.4.1.14519.5.2.1.7695.1700.329562560656338910617153237930,not identifiable from index / (null),not identifiable from index,(null),ispy1,OK,1,1
1.2.276.0.7230010.3.1.3.481037312.53472.1718923473.72184,dcmqi / pancreas_ct_seg,dcmqi,pancreas_ct_seg,pancreas_ct,OK,1,1
1.2.276.0.7230010.3.1.3.17436516.705032.1722971401.655192,dcmqi / bamf_aimi_annotations,dcmqi,bamf_aimi_annotations,upenn_gbm,OK,1,1
1.3.6.1.4.1.14519.5.2.1.9203.8273.567094586815855294130310714314,dcmqi / (null),dcmqi,(null),colorectal_liver_metastases,OK,1,1
1.2.276.0.7230010.3.1.3.481037312.53187.1718923418.848041,dcmqi / pancreas_ct_seg,dcmqi,pancreas_ct_seg,pancreas_ct,OK,1,1
1.3.6.1.4.1.14519.5.2.1.4334.1501.183695468208989997548864990532,QIICR Reporting via 3D Slicer / (null),QIICR Reporting via 3D Slicer,(null),nsclc_radiogenomics,OK,1,1
1.3.6.1.4.1.14519.5.2.1.7695.1700.216350886470653069710652310800,not identifiable from index / (null),not identifiable from index,(null),ispy1,OK,1,1
1.2.276.0.7230010.3.1.3.17436516.3989663.1714504874.252032,dcmqi / bamf_aimi_annotations,dcmqi,bamf_aimi_annotations,hcc_tace_seg,OK,1,1
1.2.276.0.7230010.3.1.3.1565948079.2848.1345143866.173,not identifiable from index / qiba_volct_1b,not identifiable from index,qiba_volct_1b,rider_lung_ct,OK,1,1
1.2.276.0.7230010.3.1.3.1031255639.896.1345989674.289,not identifiable from index / qiba_volct_1b,not identifiable from index,qiba_volct_1b,rider_lung_ct,OK,1,1
1.2.276.0.7230010.3.1.3.17436516.2980226.1720649693.625847,dcmqi / bamf_aimi_annotations,dcmqi,bamf_aimi_annotations,anti_pd_1_lung,OK,1,1
1.2.276.0.7230010.3.1.3.3286681592.2284.1344865159.27,not identifiable from index / qiba_volct_1b,not identifiable from index,qiba_volct_1b,rider_lung_ct,OK,1,1
1.3.6.1.4.1.14519.5.2.1.7695.2311.253323627295118568783046226010,not identifiable from index / (null),not identifiable from index,(null),breast_mri_nact_pilot,OK,1,1
1.2.276.0.7230010.3.1.3.1070885483.1372.1599120430.404,dcmqi / prostatex_seg_zones,dcmqi,prostatex_seg_zones,prostatex,OK,1,1
1.3.6.1.4.1.14519.5.2.1.7695.1700.167962156218609743108451665126,not identifiable from index / (null),not identifiable from index,(null),ispy1,OK,1,1
1.2.276.0.7230010.3.1.3.0.12615.1415315535.10496,QIICR Reporting via 3D Slicer / qin_lungct_seg,QIICR Reporting via 3D Slicer,qin_lungct_seg,qin_lung_ct,OK,1,1
1.2.276.0.7230010.3.1.3.0.12591.1415315505.148370,QIICR Reporting via 3D Slicer / qin_lungct_seg,QIICR Reporting via 3D Slicer,qin_lungct_seg,qin_lung_ct,OK,1,1
1.2.276.0.7230010.3.1.3.0.12637.1415315552.666511,QIICR Reporting via 3D Slicer / qin_lungct_seg,QIICR Reporting via 3D Slicer,qin_lungct_seg,qin_lung_ct,OK,1,1
1.2.276.0.7230010.3.1.3.0.12708.1415315577.451018,QIICR Reporting via 3D Slicer / qin_lungct_seg,QIICR Reporting via 3D Slicer,qin_lungct_seg,qin_lung_ct,OK,1,1
1.2.276.0.7230010.3.1.3.0.12734.1415315600.691274,QIICR Reporting via 3D Slicer / qin_lungct_seg,QIICR Reporting via 3D Slicer,qin_lungct_seg,qin_lung_ct,OK,1,1
1.2.276.0.7230010.3.1.3.0.12757.1415315629.547878,QIICR Reporting via 3D Slicer / qin_lungct_seg,QIICR Reporting via 3D Slicer,qin_lungct_seg,qin_lung_ct,OK,1,1
1.2.276.0.7230010.3.1.3.0.12780.1415315653.762106,QIICR Reporting via 3D Slicer / qin_lungct_seg,QIICR Reporting via 3D Slicer,qin_lungct_seg,qin_lung_ct,OK,1,1
1.2.276.0.7230010.3.1.3.0.12802.1415315670.640491,QIICR Reporting via 3D Slicer / qin_lungct_seg,QIICR Reporting via 3D Slicer,qin_lungct_seg,qin_lung_ct,OK,1,1
1.2.276.0.7230010.3.1.3.0.12824.1415315699.661550,QIICR Reporting via 3D Slicer / qin_lungct_seg,QIICR Reporting via 3D Slicer,qin_lungct_seg,qin_lung_ct,OK,1,1
1.2.276.0.7230010.3.1.3.2323910823.22124.1597259694.845,dcmqi / (null),dcmqi,(null),nsclc_radiomics,OK,1,1
1.3.6.1.4.1.14519.5.2.1.4334.1501.354326535727109329351973410848,QIICR Reporting via 3D Slicer / (null),QIICR Reporting via 3D Slicer,(null),nsclc_radiogenomics,OK,1,1
1.3.6.1.4.1.14519.5.2.1.4334.1501.677314703986158619631599317345,QIICR Reporting via 3D Slicer / (null),QIICR Reporting via 3D Slicer,(null),nsclc_radiogenomics,OK,1,1
1.3.6.1.4.1.14519.5.2.1.9203.8273.267380483006500150452569110505,dcmqi / (null),dcmqi,(null),colorectal_liver_metastases,OK,1,1
1.3.6.1.4.1.14519.5.2.1.9203.8273.311855723064893953342617805967,dcmqi / (null),dcmqi,(null),colorectal_liver_metastases,OK,1,1
1.2.276.0.7230010.3.1.3.17436516.3095842.1720666480.960283,dcmqi / bamf_aimi_annotations,dcmqi,bamf_aimi_annotations,nlst,OK,1,1
1.3.6.1.4.1.14519.5.2.1.7695.2311.539257345415723283627415084676,not identifiable from index / (null),not identifiable from index,(null),breast_mri_nact_pilot,OK,1,1
1.3.6.1.4.1.14519.5.2.1.7695.2311.562092529779243666192930123509,not identifiable from index / (null),not identifiable from index,(null),breast_mri_nact_pilot,OK,1,1
1.3.6.1.4.1.14519.5.2.1.7695.2311.239423300019643084550276209143,not identifiable from index / (null),not identifiable from index,(null),breast_mri_nact_pilot,OK,1,1
1.3.6.1.4.1.14519.5.2.1.7695.1700.287058916248448832236379592675,not identifiable from index / (null),not identifiable from index,(null),ispy1,OK,1,1
1.3.6.1.4.1.14519.5.2.1.7695.2311.240212466598424886787966658861,not identifiable from index / (null),not identifiable from index,(null),breast_mri_nact_pilot,OK,1,1
1.3.6.1.4.1.14519.5.2.1.7695.1700.131300046372630291112800036229,not identifiable from index / (null),not identifiable from index,(null),ispy1,OK,1,1
1.3.6.1.4.1.14519.5.2.1.7695.2311.160698861461155664641744798929,not identifiable from index / (null),not identifiable from index,(null),breast_mri_nact_pilot,OK,1,1
1.3.6.1.4.1.14519.5.2.1.7695.1700.124201236307915529587079138363,not identifiable from index / (null),not identifiable from index,(null),ispy1,OK,1,1
1.3.6.1.4.1.14519.5.2.1.291527321689531768764238433145962879742,dcmqi / (null),dcmqi,(null),advanced_mri_breast_lesions,OK,1,1
1.3.6.1.4.1.14519.5.2.1.139038455282329539427067541967285158022,dcmqi / (null),dcmqi,(null),advanced_mri_breast_lesions,OK,1,1
1.3.6.1.4.1.14519.5.2.1.88076632186506612093978784950832216506,dcmqi / (null),dcmqi,(null),advanced_mri_breast_lesions,OK,1,1
1.3.6.1.4.1.14519.5.2.1.243629162274494143945677119614480328902,dcmqi / (null),dcmqi,(null),advanced_mri_breast_lesions,OK,1,1
1.3.6.1.4.1.14519.5.2.1.166035337966467280273228624174614251172,dcmqi / (null),dcmqi,(null),advanced_mri_breast_lesions,OK,1,1
1.3.6.1.4.1.14519.5.2.1.105237239646939851377032687222464377826,dcmqi / (null),dcmqi,(null),advanced_mri_breast_lesions,OK,1,1
1.3.6.1.4.1.14519.5.2.1.14800441435872398211090655120570979770,dcmqi / (null),dcmqi,(null),advanced_mri_breast_lesions,OK,1,1
1.3.6.1.4.1.14519.5.2.1.245293124604853449532373502752043317032,dcmqi / (null),dcmqi,(null),advanced_mri_breast_lesions,OK,1,1
1.3.6.1.4.1.14519.5.2.1.52496800755609068145649112538760182983,dcmqi / (null),dcmqi,(null),advanced_mri_breast_lesions,OK,1,1
1.3.6.1.4.1.14519.5.2.1.215023391497949605826290823272046429079,dcmqi / (null),dcmqi,(null),advanced_mri_breast_lesions,OK,1,1
1.3.6.1.4.1.14519.5.2.1.210649346905947022908997565518486073182,dcmqi / (null),dcmqi,(null),advanced_mri_breast_lesions,OK,1,1
1.3.6.1.4.1.14519.5.2.1.58053544038403905065771273870507331894,dcmqi / (null),dcmqi,(null),advanced_mri_breast_lesions,OK,1,1
1.3.6.1.4.1.14519.5.2.1.113372841978556365477907727344428633618,dcmqi / (null),dcmqi,(null),advanced_mri_breast_lesions,OK,1,1
1.3.6.1.4.1.14519.5.2.1.7695.2311.971676956011424866796840257106,not identifiable from index / (null),not identifiable from index,(null),breast_mri_nact_pilot,OK,1,1
1.3.6.1.4.1.14519.5.2.1.7695.1700.187179481994531458049056920041,not identifiable from index / (null),not identifiable from index,(null),ispy1,OK,1,1
1.2.276.0.7230010.3.1.3.481037312.53649.1718923506.377007,dcmqi / pancreas_ct_seg,dcmqi,pancreas_ct_seg,pancreas_ct,OK,1,1
1.3.6.1.4.1.14519.5.2.1.7695.1700.159528453570537472398541641079,not identifiable from index / (null),not identifiable from index,(null),ispy1,OK,1,1
1.2.276.0.7230010.3.1.3.17436516.350010.1696966873.487493,dcmqi / bamf_aimi_annotations,dcmqi,bamf_aimi_annotations,tcga_lihc,OK,1,1
1.3.6.1.4.1.14519.5.2.1.19153983781963970011665580891471126501,not identifiable from index / (null),not identifiable from index,(null),ispy2,OK,1,1
1.3.6.1.4.1.14519.5.2.1.7695.1700.158556232800056271904958256824,not identifiable from index / (null),not identifiable from index,(null),ispy1,OK,1,1
1.3.6.1.4.1.14519.5.2.1.7695.1700.135512458274264623491880668383,not identifiable from index / (null),not identifiable from index,(null),ispy1,OK,1,1
1.3.6.1.4.1.14519.5.2.1.9203.8273.219195651091192636662269601791,dcmqi / (null),dcmqi,(null),colorectal_liver_metastases,OK,1,1
1.2.276.0.7230010.3.1.3.17436516.4003563.1714504964.726183,dcmqi / bamf_aimi_annotations,dcmqi,bamf_aimi_annotations,hcc_tace_seg,OK,1,1
1.3.6.1.4.1.14519.5.2.1.4334.1501.236934125133932841296284122243,QIICR Reporting via 3D Slicer / (null),QIICR Reporting via 3D Slicer,(null),nsclc_radiogenomics,OK,1,1
1.3.6.1.4.1.14519.5.2.1.4334.1501.155704685896645017516151761879,QIICR Reporting via 3D Slicer / (null),QIICR Reporting via 3D Slicer,(null),nsclc_radiogenomics,OK,1,1
1.2.276.0.7230010.3.1.3.0.11948.1415314892.417932,QIICR Reporting via 3D Slicer / qin_lungct_seg,QIICR Reporting via 3D Slicer,qin_lungct_seg,qin_lung_ct,OK,1,1
1.2.276.0.7230010.3.1.3.0.11970.1415314923.676592,QIICR Reporting via 3D Slicer / qin_lungct_seg,QIICR Reporting via 3D Slicer,qin_lungct_seg,qin_lung_ct,OK,1,1
1.2.276.0.7230010.3.1.3.0.11993.1415314941.526737,QIICR Reporting via 3D Slicer / qin_lungct_seg,QIICR Reporting via 3D Slicer,qin_lungct_seg,qin_lung_ct,OK,1,1
1.2.276.0.7230010.3.1.3.0.12016.1415314960.375346,QIICR Reporting via 3D Slicer / qin_lungct_seg,QIICR Reporting via 3D Slicer,qin_lungct_seg,qin_lung_ct,OK,1,1
1.2.276.0.7230010.3.1.3.0.12038.1415314989.918016,QIICR Reporting via 3D Slicer / qin_lungct_seg,QIICR Reporting via 3D Slicer,qin_lungct_seg,qin_lung_ct,OK,1,1
1.2.276.0.7230010.3.1.3.0.12061.1415315019.930016,QIICR Reporting via 3D Slicer / qin_lungct_seg,QIICR Reporting via 3D Slicer,qin_lungct_seg,qin_lung_ct,OK,1,1
1.2.276.0.7230010.3.1.3.0.12089.1415315049.748635,QIICR Reporting via 3D Slicer / qin_lungct_seg,QIICR Reporting via 3D Slicer,qin_lungct_seg,qin_lung_ct,OK,1,1
1.2.276.0.7230010.3.1.3.0.12113.1415315067.282722,QIICR Reporting via 3D Slicer / qin_lungct_seg,QIICR Reporting via 3D Slicer,qin_lungct_seg,qin_lung_ct,OK,1,1
1.2.276.0.7230010.3.1.3.0.12135.1415315084.763860,QIICR Reporting via 3D Slicer / qin_lungct_seg,QIICR Reporting via 3D Slicer,qin_lungct_seg,qin_lung_ct,OK,1,1
1.3.6.1.4.1.14519.5.2.1.198332199433623977690288588574380603026,highdicom / (null),highdicom,(null),psma_pet_ct_lesions,OK,1,1
1.2.276.0.7230010.3.1.3.481037312.53379.1718923455.456162,dcmqi / pancreas_ct_seg,dcmqi,pancreas_ct_seg,pancreas_ct,OK,1,1
1.3.6.1.4.1.14519.5.2.1.7695.1700.261571085127926269865520078761,not identifiable from index / (null),not identifiable from index,(null),ispy1,OK,1,1
1.2.826.0.1.3680043.8.498.11019960926242997653666838621514436584,pydicom-seg / (null),pydicom-seg,(null),ct4harmonization_multicentric,OK,1,1
1.2.826.0.1.3680043.8.498.76221367257270101811843816240985580112,pydicom-seg / (null),pydicom-seg,(null),ct4harmonization_multicentric,OK,1,1
1.2.826.0.1.3680043.8.498.97761695526344751014757663635252166245,pydicom-seg / (null),pydicom-seg,(null),ct4harmonization_multicentric,OK,1,1
1.2.826.0.1.3680043.8.498.11491016765571964284959166140137535865,pydicom-seg / (null),pydicom-seg,(null),ct4harmonization_multicentric,OK,1,1
1.2.276.0.7230010.3.1.3.1231426215.2348.1345553949.119,not identifiable from index / qiba_volct_1b,not identifiable from index,qiba_volct_1b,rider_lung_ct,OK,1,1
1.2.276.0.7230010.3.1.3.17436516.3888503.1720465062.9699,dcmqi / bamf_aimi_annotations,dcmqi,bamf_aimi_annotations,cptac_ccrcc,OK,1,1
1.3.6.1.4.1.14519.5.2.1.105029969274799527980417341655370084824,not identifiable from index / (null),not identifiable from index,(null),ispy2,OK,1,1
1.3.6.1.4.1.14519.5.2.1.246368947105482328467302826298574394431,not identifiable from index / (null),not identifiable from index,(null),ispy2,OK,1,1
1.3.6.1.4.1.14519.5.2.1.195231351160065994863218142601022490617,not identifiable from index / (null),not identifiable from index,(null),ispy2,OK,1,1
1.3.6.1.4.1.14519.5.2.1.270981162097405331625933420773869851247,not identifiable from index / (null),not identifiable from index,(null),ispy2,OK,1,1
1.3.6.1.4.1.14519.5.2.1.236514373515674209289375325809063839663,not identifiable from index / (null),not identifiable from index,(null),ispy2,OK,1,1
1.3.6.1.4.1.14519.5.2.1.97528119187504365204205654894777602515,not identifiable from index / (null),not identifiable from index,(null),ispy2,OK,1,1
1.3.6.1.4.1.14519.5.2.1.165764742650928179433207464936649421974,not identifiable from index / (null),not identifiable from index,(null),ispy2,OK,1,1
1.3.6.1.4.1.14519.5.2.1.263895528021296297310555597944459204318,not identifiable from index / (null),not identifiable from index,(null),ispy2,OK,1,1
1.3.6.1.4.1.14519.5.2.1.7695.4164.262932624304891466141375585786,not identifiable from index / (null),not identifiable from index,(null),acrin_6698,OK,1,1
1.3.6.1.4.1.14519.5.2.1.7695.4164.329614959753496741110913041241,not identifiable from index / (null),not identifiable from index,(null),acrin_6698,OK,1,1
1.3.6.1.4.1.14519.5.2.1.52072457610900927288897745809052240161,not identifiable from index / (null),not identifiable from index,(null),ispy2,OK,1,1
1.3.6.1.4.1.14519.5.2.1.251674492980167728983816340755766251470,not identifiable from index / (null),not identifiable from index,(null),ispy2,OK,1,1
1.3.6.1.4.1.14519.5.2.1.189368516523699020201418620590078076851,not identifiable from index / (null),not identifiable from index,(null),ispy2,OK,1,1
1.3.6.1.4.1.14519.5.2.1.20057884358227956504882458853686163964,not identifiable from index / (null),not identifiable from index,(null),ispy2,OK,1,1
1.3.6.1.4.1.14519.5.2.1.29037746930371755957729221842583640289,not identifiable from index / (null),not identifiable from index,(null),ispy2,OK,1,1
1.3.6.1.4.1.14519.5.2.1.9203.8273.194997843904437717268925843684,dcmqi / (null),dcmqi,(null),colorectal_liver_metastases,OK,1,1
1.3.6.1.4.1.14519.5.2.1.9203.8273.338128024247819616876552749248,dcmqi / (null),dcmqi,(null),colorectal_liver_metastases,OK,1,1
1.2.826.0.1.3680043.8.498.14526715910255151142216617398184442439,pydicom-seg / (null),pydicom-seg,(null),ct4harmonization_multicentric,OK,1,1
1.2.826.0.1.3680043.8.498.14798694209653341827243694825166696407,pydicom-seg / (null),pydicom-seg,(null),ct4harmonization_multicentric,OK,1,1
1.2.826.0.1.3680043.8.498.10101957666755822069537142635884430652,pydicom-seg / (null),pydicom-seg,(null),ct4harmonization_multicentric,OK,1,1
1.2.826.0.1.3680043.8.498.23195320046984261228938371572676235206,pydicom-seg / (null),pydicom-seg,(null),ct4harmonization_multicentric,OK,1,1
1.2.826.0.1.3680043.8.498.71740608808803685353057115883919704519,pydicom-seg / (null),pydicom-seg,(null),ct4harmonization_multicentric,OK,1,1
1.2.826.0.1.3680043.8.498.81987787354376246006299029191164890959,pydicom-seg / (null),pydicom-seg,(null),ct4harmonization_multicentric,OK,1,1
1.2.826.0.1.3680043.8.498.96657701398010516699715938668237333310,pydicom-seg / (null),pydicom-seg,(null),ct4harmonization_multicentric,OK,1,1
1.2.826.0.1.3680043.8.498.32150566886670120077475177885351999217,pydicom-seg / (null),pydicom-seg,(null),ct4harmonization_multicentric,OK,1,1
1.2.826.0.1.3680043.8.498.42738327813994936337251988425899359754,pydicom-seg / (null),pydicom-seg,(null),ct4harmonization_multicentric,OK,1,1
1.2.826.0.1.3680043.8.498.47184230473658937031432419241322674346,pydicom-seg / (null),pydicom-seg,(null),ct4harmonization_multicentric,OK,1,1
1.2.826.0.1.3680043.8.498.60154899869886811390934573480173304202,pydicom-seg / (null),pydicom-seg,(null),ct4harmonization_multicentric,OK,1,1
1.2.826.0.1.3680043.8.498.65803989338242717686090322085945394346,pydicom-seg / (null),pydicom-seg,(null),ct4harmonization_multicentric,OK,1,1
1.2.826.0.1.3680043.8.498.74117756767117822537426930256374253076,pydicom-seg / (null),pydicom-seg,(null),ct4harmonization_multicentric,OK,1,1
1.2.826.0.1.3680043.8.498.89869115812519052688247322562580164714,pydicom-seg / (null),pydicom-seg,(null),ct4harmonization_multicentric,OK,1,1
1.2.826.0.1.3680043.8.498.41573139729180472009828943917784830707,pydicom-seg / (null),pydicom-seg,(null),ct4harmonization_multicentric,OK,1,1
1.2.826.0.1.3680043.8.498.78460392893411317224520817776443600009,pydicom-seg / (null),pydicom-seg,(null),ct4harmonization_multicentric,OK,1,1
1.2.276.0.7230010.3.1.3.3286681592.2284.1344865159.34,not identifiable from index / qiba_volct_1b,not identifiable from index,qiba_volct_1b,rider_lung_ct,OK,1,1
1.3.6.1.4.1.14519.5.2.1.7695.1700.677873255235255375301302207637,not identifiable from index / (null),not identifiable from index,(null),ispy1,OK,1,1
1.3.6.1.4.1.14519.5.2.1.7695.1700.205658645440989031103187824960,not identifiable from index / (null),not identifiable from index,(null),ispy1,OK,1,1
1.3.6.1.4.1.14519.5.2.1.7695.1700.542300174944645030620982293837,not identifiable from index / (null),not identifiable from index,(null),ispy1,OK,1,1
1.2.826.0.1.3680043.10.511.3.10559590220062688169815686657254929,not identifiable from index / rms_mutation_prediction_expert_annotations,not identifiable from index,rms_mutation_prediction_expert_annotations,rms_mutation_prediction,OK,2,2
1.3.6.1.4.1.14519.5.2.1.4334.1501.223365470935387458468691878564,QIICR Reporting via 3D Slicer / (null),QIICR Reporting via 3D Slicer,(null),nsclc_radiogenomics,OK,1,1
1.3.6.1.4.1.14519.5.2.1.7695.1700.291811149248149463095065017542,not identifiable from index / (null),not identifiable from index,(null),ispy1,OK,1,1
1.3.6.1.4.1.14519.5.2.1.7695.1700.321953208878575827595668586539,not identifiable from index / (null),not identifiable from index,(null),ispy1,OK,1,1
1.2.826.0.1.3680043.8.498.72778067852260757953669205908274138712,pydicom-seg / (null),pydicom-seg,(null),ct4harmonization_multicentric,OK,1,1
1.2.826.0.1.3680043.8.498.10120889795614457260375164142395277743,pydicom-seg / (null),pydicom-seg,(null),ct4harmonization_multicentric,OK,1,1
1.2.826.0.1.3680043.8.498.20588989672070664796712255953218657767,pydicom-seg / (null),pydicom-seg,(null),ct4harmonization_multicentric,OK,1,1
1.2.826.0.1.3680043.8.498.20425530485759344400794889713795196297,pydicom-seg / (null),pydicom-seg,(null),ct4harmonization_multicentric,OK,1,1
1.2.826.0.1.3680043.8.498.52515700073394179441789968372666278913,pydicom-seg / (null),pydicom-seg,(null),ct4harmonization_multicentric,OK,1,1
1.2.826.0.1.3680043.8.498.64212439169188252582526699489946493630,pydicom-seg / (null),pydicom-seg,(null),ct4harmonization_multicentric,OK,1,1
1.2.826.0.1.3680043.8.498.51548251339193478488042744912288168707,pydicom-seg / (null),pydicom-seg,(null),ct4harmonization_multicentric,OK,1,1
1.2.826.0.1.3680043.8.498.58672188292125745374664137526543187433,pydicom-seg / (null),pydicom-seg,(null),ct4harmonization_multicentric,OK,1,1
1.2.826.0.1.3680043.8.498.77410954483254306510786028892005910876,pydicom-seg / (null),pydicom-seg,(null),ct4harmonization_multicentric,OK,1,1
1.2.826.0.1.3680043.8.498.33879508022258975728680408130632892900,pydicom-seg / (null),pydicom-seg,(null),ct4harmonization_multicentric,OK,1,1
1.2.826.0.1.3680043.8.498.87769152440359868205511404631407577232,pydicom-seg / (null),pydicom-seg,(null),ct4harmonization_multicentric,OK,1,1
1.2.826.0.1.3680043.8.498.11459879970901323583060210897421147753,pydicom-seg / (null),pydicom-seg,(null),ct4harmonization_multicentric,OK,1,1
1.2.826.0.1.3680043.8.498.12959993383341262932699102389303697436,pydicom-seg / (null),pydicom-seg,(null),ct4harmonization_multicentric,OK,1,1
1.2.826.0.1.3680043.8.498.30609331629052318628399032927601728212,pydicom-seg / (null),pydicom-seg,(null),ct4harmonization_multicentric,OK,1,1
1.2.826.0.1.3680043.8.498.11700692645222821417390923234103546716,pydicom-seg / (null),pydicom-seg,(null),ct4harmonization_multicentric,OK,1,1
1.2.826.0.1.3680043.8.498.36061942174240823495317600863280929657,pydicom-seg / (null),pydicom-seg,(null),ct4harmonization_multicentric,OK,1,1
1.2.826.0.1.3680043.8.498.56260246954407544679985471781637217843,pydicom-seg / (null),pydicom-seg,(null),ct4harmonization_multicentric,OK,1,1
1.2.826.0.1.3680043.8.498.67024803815586285333254002436314961731,pydicom-seg / (null),pydicom-seg,(null),ct4harmonization_multicentric,OK,1,1
1.2.826.0.1.3680043.8.498.73107451898826914432144283444691442846,pydicom-seg / (null),pydicom-seg,(null),ct4harmonization_multicentric,OK,1,1
1.2.826.0.1.3680043.8.498.10219250065286518247230353042435184086,pydicom-seg / (null),pydicom-seg,(null),ct4harmonization_multicentric,OK,1,1
1.2.826.0.1.3680043.8.498.77724011422260963157568003786844565232,pydicom-seg / (null),pydicom-seg,(null),ct4harmonization_multicentric,OK,1,1
1.2.276.0.7230010.3.1.3.17436516.3108656.1720666612.227105,dcmqi / bamf_aimi_annotations,dcmqi,bamf_aimi_annotations,nlst,OK,1,1
1.3.6.1.4.1.14519.5.2.1.4334.1501.251615934692892343411565055745,QIICR Reporting via 3D Slicer / (null),QIICR Reporting via 3D Slicer,(null),nsclc_radiogenomics,OK,1,1
1.3.6.1.4.1.14519.5.2.1.4334.1501.197913670036255193896317641193,QIICR Reporting via 3D Slicer / (null),QIICR Reporting via 3D Slicer,(null),nsclc_radiogenomics,OK,1,1
1.2.826.0.1.3680043.8.498.10632662817792987138739481334781662806,pydicom-seg / (null),pydicom-seg,(null),ct4harmonization_multicentric,OK,1,1
1.2.826.0.1.3680043.8.498.23197230595779991112154722079200954671,pydicom-seg / (null),pydicom-seg,(null),ct4harmonization_multicentric,OK,1,1
1.2.826.0.1.3680043.8.498.16687137850461908272399908671463751273,pydicom-seg / (null),pydicom-seg,(null),ct4harmonization_multicentric,OK,1,1
1.2.826.0.1.3680043.8.498.10879786546727718679881736927946787289,pydicom-seg / (null),pydicom-seg,(null),ct4harmonization_multicentric,OK,1,1
1.2.276.0.7230010.3.1.3.0.22649.1674506851.761926,dcmqi / (null),dcmqi,(null),ct_lymph_nodes,OK,1,1
1.2.826.0.1.3680043.8.498.10122110901737487090170840770917854750,pydicom-seg / (null),pydicom-seg,(null),ct4harmonization_multicentric,OK,1,1
1.2.826.0.1.3680043.8.498.22340590061899674263705611239138164528,pydicom-seg / (null),pydicom-seg,(null),ct4harmonization_multicentric,OK,1,1
1.2.826.0.1.3680043.8.498.86355833198873367910440120814712023580,pydicom-seg / (null),pydicom-seg,(null),ct4harmonization_multicentric,OK,1,1
1.2.826.0.1.3680043.8.498.11928972504427489369860157468370925308,pydicom-seg / (null),pydicom-seg,(null),ct4harmonization_multicentric,OK,1,1
1.2.826.0.1.3680043.8.498.32551025689752047473508655882659252882,pydicom-seg / (null),pydicom-seg,(null),ct4harmonization_multicentric,OK,1,1
1.2.826.0.1.3680043.8.498.59155048259049974539122532713978856969,pydicom-seg / (null),pydicom-seg,(null),ct4harmonization_multicentric,OK,1,1
1.2.826.0.1.3680043.8.498.65245098520818690303797812914379545874,pydicom-seg / (null),pydicom-seg,(null),ct4harmonization_multicentric,OK,1,1
1.2.826.0.1.3680043.8.498.28091549367462571415124904158824450004,pydicom-seg / (null),pydicom-seg,(null),ct4harmonization_multicentric,OK,1,1
1.2.826.0.1.3680043.8.498.98041978148676422764958761706492325210,pydicom-seg / (null),pydicom-seg,(null),ct4harmonization_multicentric,OK,1,1
1.2.826.0.1.3680043.8.498.11549001654358751466150272241382040393,pydicom-seg / (null),pydicom-seg,(null),ct4harmonization_multicentric,OK,1,1
1.2.826.0.1.3680043.8.498.10310367846256915624668748812068322337,pydicom-seg / (null),pydicom-seg,(null),ct4harmonization_multicentric,OK,1,1
1.2.826.0.1.3680043.8.498.46387313623181463204080970327798438830,pydicom-seg / (null),pydicom-seg,(null),ct4harmonization_multicentric,OK,1,1
1.2.826.0.1.3680043.8.498.12263152778723253488452909333268945381,pydicom-seg / (null),pydicom-seg,(null),ct4harmonization_multicentric,OK,1,1
1.2.826.0.1.3680043.8.498.14189261637638670893319834139231415698,pydicom-seg / (null),pydicom-seg,(null),ct4harmonization_multicentric,OK,1,1
1.2.826.0.1.3680043.8.498.74966513391883695469620536071651723657,pydicom-seg / (null),pydicom-seg,(null),ct4harmonization_multicentric,OK,1,1
1.2.826.0.1.3680043.8.498.95014011501572072731229515565727232061,pydicom-seg / (null),pydicom-seg,(null),ct4harmonization_multicentric,OK,1,1
1.2.826.0.1.3680043.8.498.12690274858171905181049833960781473384,pydicom-seg / (null),pydicom-seg,(null),ct4harmonization_multicentric,OK,1,1
1.2.826.0.1.3680043.8.498.10713899644307584249522076447333017519,pydicom-seg / (null),pydicom-seg,(null),ct4harmonization_multicentric,OK,1,1
1.2.826.0.1.3680043.8.498.51067903532285406651840837785797251356,pydicom-seg / (null),pydicom-seg,(null),ct4harmonization_multicentric,OK,1,1
1.2.826.0.1.3680043.8.498.55567617550421212224221933125106246660,pydicom-seg / (null),pydicom-seg,(null),ct4harmonization_multicentric,OK,1,1
1.2.826.0.1.3680043.8.498.81205660136713042624200710190031047318,pydicom-seg / (null),pydicom-seg,(null),ct4harmonization_multicentric,OK,1,1
1.2.826.0.1.3680043.8.498.11274823670001270138653055776626171433,pydicom-seg / (null),pydicom-seg,(null),ct4harmonization_multicentric,OK,1,1
1.2.826.0.1.3680043.8.498.12513223605295469582005868890867271760,pydicom-seg / (null),pydicom-seg,(null),ct4harmonization_multicentric,OK,1,1
1.2.826.0.1.3680043.8.498.21731485979147747315857391063018495073,pydicom-seg / (null),pydicom-seg,(null),ct4harmonization_multicentric,OK,1,1
1.2.826.0.1.3680043.8.498.25664145363773269474870610993183570496,pydicom-seg / (null),pydicom-seg,(null),ct4harmonization_multicentric,OK,1,1
1.2.826.0.1.3680043.8.498.29173665737537871691142092748023022531,pydicom-seg / (null),pydicom-seg,(null),ct4harmonization_multicentric,OK,1,1
1.2.826.0.1.3680043.8.498.11338139725127905764339823188119020505,pydicom-seg / (null),pydicom-seg,(null),ct4harmonization_multicentric,OK,1,1
1.2.826.0.1.3680043.8.498.20125124737027819049022297001503941406,pydicom-seg / (null),pydicom-seg,(null),ct4harmonization_multicentric,OK,1,1
1.2.826.0.1.3680043.8.498.30400939582697559557041468726912359519,pydicom-seg / (null),pydicom-seg,(null),ct4harmonization_multicentric,OK,1,1
1.2.826.0.1.3680043.8.498.61171806340460601760216106731499640365,pydicom-seg / (null),pydicom-seg,(null),ct4harmonization_multicentric,OK,1,1
1.2.826.0.1.3680043.8.498.11437569477955347501759281648561331392,pydicom-seg / (null),pydicom-seg,(null),ct4harmonization_multicentric,OK,1,1
1.2.826.0.1.3680043.8.498.48908783178968850174892672356634986239,pydicom-seg / (null),pydicom-seg,(null),ct4harmonization_multicentric,OK,1,1
1.2.276.0.7230010.3.1.3.0.26655.1427919632.692116,QIICR Reporting via 3D Slicer / qin_lungct_seg,QIICR Reporting via 3D Slicer,qin_lungct_seg,qin_lung_ct,OK,1,1
1.2.276.0.7230010.3.1.3.0.26680.1427919659.772120,QIICR Reporting via 3D Slicer / qin_lungct_seg,QIICR Reporting via 3D Slicer,qin_lungct_seg,qin_lung_ct,OK,1,1
1.2.276.0.7230010.3.1.3.0.26703.1427919686.825713,QIICR Reporting via 3D Slicer / qin_lungct_seg,QIICR Reporting via 3D Slicer,qin_lungct_seg,qin_lung_ct,OK,1,1
1.2.276.0.7230010.3.1.3.0.10926.1415313934.845816,QIICR Reporting via 3D Slicer / qin_lungct_seg,QIICR Reporting via 3D Slicer,qin_lungct_seg,qin_lung_ct,OK,1,1
1.2.276.0.7230010.3.1.3.0.10953.1415313952.202264,QIICR Reporting via 3D Slicer / qin_lungct_seg,QIICR Reporting via 3D Slicer,qin_lungct_seg,qin_lung_ct,OK,1,1
1.2.276.0.7230010.3.1.3.0.10975.1415313969.658041,QIICR Reporting via 3D Slicer / qin_lungct_seg,QIICR Reporting via 3D Slicer,qin_lungct_seg,qin_lung_ct,OK,1,1
1.2.276.0.7230010.3.1.3.0.10998.1415313986.834357,QIICR Reporting via 3D Slicer / qin_lungct_seg,QIICR Reporting via 3D Slicer,qin_lungct_seg,qin_lung_ct,OK,1,1
1.2.276.0.7230010.3.1.3.0.11020.1415314004.305238,QIICR Reporting via 3D Slicer / qin_lungct_seg,QIICR Reporting via 3D Slicer,qin_lungct_seg,qin_lung_ct,OK,1,1
1.2.276.0.7230010.3.1.3.0.11044.1415314021.713578,QIICR Reporting via 3D Slicer / qin_lungct_seg,QIICR Reporting via 3D Slicer,qin_lungct_seg,qin_lung_ct,OK,1,1
1.2.276.0.7230010.3.1.3.1231426215.2348.1345553949.112,not identifiable from index / qiba_volct_1b,not identifiable from index,qiba_volct_1b,rider_lung_ct,OK,1,1
1.3.6.1.4.1.14519.5.2.1.315260292297422093099914639927257679090,not identifiable from index / (null),not identifiable from index,(null),ispy2,OK,1,1
1.3.6.1.4.1.14519.5.2.1.319625295675024044130359265300704638125,not identifiable from index / (null),not identifiable from index,(null),ispy2,OK,1,1
1.3.6.1.4.1.14519.5.2.1.264272146917017210509444441631017729628,not identifiable from index / (null),not identifiable from index,(null),ispy2,OK,1,1
1.3.6.1.4.1.14519.5.2.1.246531316835393553557766154734804714297,not identifiable from index / (null),not identifiable from index,(null),ispy2,OK,1,1
1.3.6.1.4.1.14519.5.2.1.227026714546681273720726386883995423600,not identifiable from index / (null),not identifiable from index,(null),ispy2,OK,1,1
1.3.6.1.4.1.14519.5.2.1.217569276942347049678381482719453264551,not identifiable from index / (null),not identifiable from index,(null),ispy2,OK,1,1
1.3.6.1.4.1.14519.5.2.1.57727041607497218194393744200906155019,not identifiable from index / (null),not identifiable from index,(null),ispy2,OK,1,1
1.3.6.1.4.1.14519.5.2.1.19425182839298891680079340255003235649,not identifiable from index / (null),not identifiable from index,(null),ispy2,OK,1,1
1.3.6.1.4.1.14519.5.2.1.43608312004341435671908589770869209189,not identifiable from index / (null),not identifiable from index,(null),ispy2,OK,1,1
1.3.6.1.4.1.14519.5.2.1.185614089614217483623516311410177017819,not identifiable from index / (null),not identifiable from index,(null),ispy2,OK,1,1
1.3.6.1.4.1.14519.5.2.1.107592706132811822529881917476129277727,not identifiable from index / (null),not identifiable from index,(null),ispy2,OK,1,1
1.3.6.1.4.1.14519.5.2.1.9203.8273.749610834265874391675407030298,dcmqi / (null),dcmqi,(null),colorectal_liver_metastases,OK,1,1
1.3.6.1.4.1.14519.5.2.1.7695.1700.119995275983330130667699990224,not identifiable from index / (null),not identifiable from index,(null),ispy1,OK,1,1
1.3.6.1.4.1.14519.5.2.1.7695.1700.376399757378638732838840211424,not identifiable from index / (null),not identifiable from index,(null),ispy1,OK,1,1
1.3.6.1.4.1.14519.5.2.1.7695.1700.188532925743546764673124711792,not identifiable from index / (null),not identifiable from index,(null),ispy1,OK,1,1
1.2.276.0.7230010.3.1.3.2323910823.10724.1597258611.781,dcmqi / (null),dcmqi,(null),nsclc_radiomics,OK,1,1
1.3.6.1.4.1.14519.5.2.1.9203.8273.748073174232968867750701801189,dcmqi / (null),dcmqi,(null),colorectal_liver_metastases,OK,1,1
1.2.276.0.7230010.3.1.3.17436516.3989794.1714504875.379766,dcmqi / bamf_aimi_annotations,dcmqi,bamf_aimi_annotations,hcc_tace_seg,OK,1,1
1.2.826.0.1.3680043.10.511.3.43278766163738468631905402438246809,not identifiable from index / rms_mutation_prediction_expert_annotations,not identifiable from index,rms_mutation_prediction_expert_annotations,rms_mutation_prediction,OK,2,2
1.3.6.1.4.1.14519.5.2.1.7695.1700.278631285873536824568216525040,not identifiable from index / (null),not identifiable from index,(null),ispy1,OK,1,1
1.3.6.1.4.1.14519.5.2.1.4334.1501.122223435654911489534194180367,QIICR Reporting via 3D Slicer / (null),QIICR Reporting via 3D Slicer,(null),nsclc_radiogenomics,OK,1,1
1.3.6.1.4.1.14519.5.2.1.7695.1700.265726366345826996542766650277,not identifiable from index / (null),not identifiable from index,(null),ispy1,OK,1,1
1.3.6.1.4.1.14519.5.2.1.7695.1700.269030245489404694734639784611,not identifiable from index / (null),not identifiable from index,(null),ispy1,OK,1,1
1.2.276.0.7230010.3.1.3.1231426215.2848.1345737207.282,not identifiable from index / qiba_volct_1b,not identifiable from index,qiba_volct_1b,rider_lung_ct,OK,1,1
1.2.276.0.7230010.3.1.3.1565948079.2848.1345143866.166,not identifiable from index / qiba_volct_1b,not identifiable from index,qiba_volct_1b,rider_lung_ct,OK,1,1
1.2.276.0.7230010.3.1.3.17436516.4000253.1714504945.723681,dcmqi / bamf_aimi_annotations,dcmqi,bamf_aimi_annotations,hcc_tace_seg,OK,1,1
1.3.6.1.4.1.14519.5.2.1.9203.8273.319158398072130680768196255296,dcmqi / (null),dcmqi,(null),colorectal_liver_metastases,OK,1,1
1.2.276.0.7230010.3.1.3.505801377.2044.1345984523.204,not identifiable from index / qiba_volct_1b,not identifiable from index,qiba_volct_1b,rider_lung_ct,OK,1,1
1.2.276.0.7230010.3.1.3.17436516.2353523.1693014594.584761,dcmqi / bamf_aimi_annotations,dcmqi,bamf_aimi_annotations,tcga_kirc,OK,1,1
1.3.6.1.4.1.14519.5.2.1.106186842211907076607596294047291433041,not identifiable from index / (null),not identifiable from index,(null),ispy2,OK,1,1
1.2.826.0.1.3680043.10.511.3.19373559010483799123919103901524849,not identifiable from index / rms_mutation_prediction_expert_annotations,not identifiable from index,rms_mutation_prediction_expert_annotations,rms_mutation_prediction,OK,2,2
1.2.276.0.7230010.3.1.3.17436516.3280521.1720668649.644233,dcmqi / bamf_aimi_annotations,dcmqi,bamf_aimi_annotations,qin_lung_ct,OK,1,1
1.2.276.0.7230010.3.1.3.17436516.3906686.1714504386.997673,dcmqi / bamf_aimi_annotations,dcmqi,bamf_aimi_annotations,colorectal_liver_metastases,OK,1,1
1.2.276.0.7230010.3.1.3.1231426215.1104.1345735104.374,not identifiable from index / qiba_volct_1b,not identifiable from index,qiba_volct_1b,rider_lung_ct,OK,1,1
1.3.6.1.4.1.14519.5.2.1.54932274117607312762080201867243048402,not identifiable from index / (null),not identifiable from index,(null),ispy2,OK,1,1
1.3.6.1.4.1.14519.5.2.1.287723819086223416494168769632949520687,not identifiable from index / (null),not identifiable from index,(null),ispy2,OK,1,1
1.3.6.1.4.1.14519.5.2.1.7695.4164.489672859561955622813092778868,not identifiable from index / (null),not identifiable from index,(null),acrin_6698,OK,1,1
1.3.6.1.4.1.14519.5.2.1.25846583902143721369275697335607212627,not identifiable from index / (null),not identifiable from index,(null),ispy2,OK,1,1
1.3.6.1.4.1.14519.5.2.1.7695.4164.101563824325567865724119784299,not identifiable from index / (null),not identifiable from index,(null),acrin_6698,OK,1,1
1.3.6.1.4.1.14519.5.2.1.278201363869119896510093288579034171089,not identifiable from index / (null),not identifiable from index,(null),ispy2,OK,1,1
1.3.6.1.4.1.14519.5.2.1.155280438088326315018287335671830758244,not identifiable from index / (null),not identifiable from index,(null),ispy2,OK,1,1
1.3.6.1.4.1.14519.5.2.1.7695.4164.189142529201468384342515718137,not identifiable from index / (null),not identifiable from index,(null),acrin_6698,OK,1,1
1.3.6.1.4.1.14519.5.2.1.7695.4164.132867757795813801051638556862,not identifiable from index / (null),not identifiable from index,(null),acrin_6698,OK,1,1
1.3.6.1.4.1.14519.5.2.1.46247770556473915116481881203930956466,not identifiable from index / (null),not identifiable from index,(null),ispy2,OK,1,1
1.3.6.1.4.1.14519.5.2.1.7695.4164.300874853049792750747288443454,not identifiable from index / (null),not identifiable from index,(null),acrin_6698,OK,1,1
1.3.6.1.4.1.14519.5.2.1.7695.4164.200410060750024493610857640451,not identifiable from index / (null),not identifiable from index,(null),acrin_6698,OK,1,1
1.3.6.1.4.1.14519.5.2.1.7695.4164.175527079782201340062908662195,not identifiable from index / (null),not identifiable from index,(null),acrin_6698,OK,1,1
1.3.6.1.4.1.14519.5.2.1.7695.4164.115157099016886252623621133152,not identifiable from index / (null),not identifiable from index,(null),acrin_6698,OK,1,1
1.3.6.1.4.1.14519.5.2.1.7695.4164.137961662297724417873892562035,not identifiable from index / (null),not identifiable from index,(null),acrin_6698,OK,1,1
1.3.6.1.4.1.14519.5.2.1.7695.4164.502811575897948390673978959007,not identifiable from index / (null),not identifiable from index,(null),acrin_6698,OK,1,1
1.2.276.0.7230010.3.1.3.17436516.2743814.1720648029.696627,dcmqi / bamf_aimi_annotations,dcmqi,bamf_aimi_annotations,nsclc_radiogenomics,OK,1,1
1.2.276.0.7230010.3.1.3.1426846371.20172.1513205161.560,dcmqi / (null),dcmqi,(null),qin_prostate_repeatability,OK,1,1
1.2.276.0.7230010.3.1.3.481037312.54035.1718923579.252028,dcmqi / pancreas_ct_seg,dcmqi,pancreas_ct_seg,pancreas_ct,OK,1,1
1.2.276.0.7230010.3.1.3.1231426215.2152.1345731988.150,not identifiable from index / qiba_volct_1b,not identifiable from index,qiba_volct_1b,rider_lung_ct,OK,1,1
1.3.6.1.4.1.14519.5.2.1.9203.8273.789340268544861619686323665622,dcmqi / (null),dcmqi,(null),colorectal_liver_metastases,OK,1,1
1.2.276.0.7230010.3.1.3.17436516.3215724.1720667777.107274,dcmqi / bamf_aimi_annotations,dcmqi,bamf_aimi_annotations,nlst,OK,1,1
1.2.276.0.7230010.3.1.3.17436516.3118229.1720666715.149406,dcmqi / bamf_aimi_annotations,dcmqi,bamf_aimi_annotations,nlst,OK,1,1
1.3.6.1.4.1.14519.5.2.1.107172253612176487647310290195580402306,dcmqi / (null),dcmqi,(null),adrenal_acc_ki67_seg,OK,1,1
1.2.276.0.7230010.3.1.3.0.11068.1415314060.494984,QIICR Reporting via 3D Slicer / qin_lungct_seg,QIICR Reporting via 3D Slicer,qin_lungct_seg,qin_lung_ct,OK,1,1
1.2.276.0.7230010.3.1.3.0.11090.1415314090.247233,QIICR Reporting via 3D Slicer / qin_lungct_seg,QIICR Reporting via 3D Slicer,qin_lungct_seg,qin_lung_ct,OK,1,1
1.2.276.0.7230010.3.1.3.0.11113.1415314108.629954,QIICR Reporting via 3D Slicer / qin_lungct_seg,QIICR Reporting via 3D Slicer,qin_lungct_seg,qin_lung_ct,OK,1,1
1.2.276.0.7230010.3.1.3.0.11136.1415314127.447979,QIICR Reporting via 3D Slicer / qin_lungct_seg,QIICR Reporting via 3D Slicer,qin_lungct_seg,qin_lung_ct,OK,1,1
1.2.276.0.7230010.3.1.3.0.11163.1415314146.771753,QIICR Reporting via 3D Slicer / qin_lungct_seg,QIICR Reporting via 3D Slicer,qin_lungct_seg,qin_lung_ct,OK,1,1
1.2.276.0.7230010.3.1.3.0.11185.1415314165.811769,QIICR Reporting via 3D Slicer / qin_lungct_seg,QIICR Reporting via 3D Slicer,qin_lungct_seg,qin_lung_ct,OK,1,1
1.2.276.0.7230010.3.1.3.0.11207.1415314184.314874,QIICR Reporting via 3D Slicer / qin_lungct_seg,QIICR Reporting via 3D Slicer,qin_lungct_seg,qin_lung_ct,OK,1,1
1.2.276.0.7230010.3.1.3.0.11229.1415314213.682100,QIICR Reporting via 3D Slicer / qin_lungct_seg,QIICR Reporting via 3D Slicer,qin_lungct_seg,qin_lung_ct,OK,1,1
1.2.276.0.7230010.3.1.3.0.11250.1415314232.286719,QIICR Reporting via 3D Slicer / qin_lungct_seg,QIICR Reporting via 3D Slicer,qin_lungct_seg,qin_lung_ct,OK,1,1
1.2.276.0.7230010.3.1.3.505801377.2044.1345984523.197,not identifiable from index / qiba_volct_1b,not identifiable from index,qiba_volct_1b,rider_lung_ct,OK,1,1
1.2.276.0.7230010.3.1.3.1565948079.2912.1345147521.197,not identifiable from index / qiba_volct_1b,not identifiable from index,qiba_volct_1b,rider_lung_ct,OK,1,1
1.2.276.0.7230010.3.1.3.17436516.3193146.1720667525.665556,dcmqi / bamf_aimi_annotations,dcmqi,bamf_aimi_annotations,nlst,OK,1,1
1.3.6.1.4.1.14519.5.2.1.207800385755019839797960072183025897837,dcmqi / (null),dcmqi,(null),remind,OK,1,1
1.2.826.0.1.3680043.8.498.11180038195056667251673522455962055350,pydicom-seg / (null),pydicom-seg,(null),ct4harmonization_multicentric,OK,1,1
1.2.826.0.1.3680043.8.498.87730669769133365594770386179442131018,pydicom-seg / (null),pydicom-seg,(null),ct4harmonization_multicentric,OK,1,1
1.2.826.0.1.3680043.8.498.10560300915385435878133496924767902041,pydicom-seg / (null),pydicom-seg,(null),ct4harmonization_multicentric,OK,1,1
1.2.826.0.1.3680043.8.498.13196403346451376712459546371651589261,pydicom-seg / (null),pydicom-seg,(null),ct4harmonization_multicentric,OK,1,1
1.2.826.0.1.3680043.8.498.28598480294100154839178164014288021466,pydicom-seg / (null),pydicom-seg,(null),ct4harmonization_multicentric,OK,1,1
1.2.826.0.1.3680043.8.498.35399459120783419809123016127445918599,pydicom-seg / (null),pydicom-seg,(null),ct4harmonization_multicentric,OK,1,1
1.2.826.0.1.3680043.8.498.66724351871487759632331851685053624793,pydicom-seg / (null),pydicom-seg,(null),ct4harmonization_multicentric,OK,1,1
1.2.826.0.1.3680043.8.498.76123893465105845950582461015936811573,pydicom-seg / (null),pydicom-seg,(null),ct4harmonization_multicentric,OK,1,1
1.2.826.0.1.3680043.8.498.83788638783696614759992739491435764635,pydicom-seg / (null),pydicom-seg,(null),ct4harmonization_multicentric,OK,1,1
1.3.6.1.4.1.14519.5.2.1.64501629768584331832194736990616244731,pydicom-seg / (null),pydicom-seg,(null),ct_phantom4radiomics,OK,1,1
1.3.6.1.4.1.14519.5.2.1.204162152099534885371676004846671760570,pydicom-seg / (null),pydicom-seg,(null),ct_phantom4radiomics,OK,1,1
1.3.6.1.4.1.14519.5.2.1.252089643421454376732516679007205971971,pydicom-seg / (null),pydicom-seg,(null),ct_phantom4radiomics,OK,1,1
1.3.6.1.4.1.14519.5.2.1.149432688385907756248352723734810372475,pydicom-seg / (null),pydicom-seg,(null),ct_phantom4radiomics,OK,1,1
1.3.6.1.4.1.14519.5.2.1.106981918836992287898293230589596612195,pydicom-seg / (null),pydicom-seg,(null),ct_phantom4radiomics,OK,1,1
1.3.6.1.4.1.14519.5.2.1.287689120065699998117836377993933101916,pydicom-seg / (null),pydicom-seg,(null),ct_phantom4radiomics,OK,1,1
1.3.6.1.4.1.14519.5.2.1.260410476577776359097976556713139601828,pydicom-seg / (null),pydicom-seg,(null),ct_phantom4radiomics,OK,1,1
1.3.6.1.4.1.14519.5.2.1.276827135021750791477897523011455259249,pydicom-seg / (null),pydicom-seg,(null),ct_phantom4radiomics,OK,1,1
1.3.6.1.4.1.14519.5.2.1.86046665562824749153517382073807649514,pydicom-seg / (null),pydicom-seg,(null),ct_phantom4radiomics,OK,1,1
1.3.6.1.4.1.14519.5.2.1.225088570223820461515160127689180790593,pydicom-seg / (null),pydicom-seg,(null),ct_phantom4radiomics,OK,1,1
1.3.6.1.4.1.14519.5.2.1.133907299307128321235916476346920089668,pydicom-seg / (null),pydicom-seg,(null),ct_phantom4radiomics,OK,1,1
1.3.6.1.4.1.14519.5.2.1.188044472992728937847272580453033802235,pydicom-seg / (null),pydicom-seg,(null),ct_phantom4radiomics,OK,1,1
1.3.6.1.4.1.14519.5.2.1.62555323146633470826822784033770488550,pydicom-seg / (null),pydicom-seg,(null),ct_phantom4radiomics,OK,1,1
1.3.6.1.4.1.14519.5.2.1.44931583425394976907991473721154464304,pydicom-seg / (null),pydicom-seg,(null),ct_phantom4radiomics,OK,1,1
1.3.6.1.4.1.14519.5.2.1.77039810634938498035021385025247908111,pydicom-seg / (null),pydicom-seg,(null),ct_phantom4radiomics,OK,1,1
1.3.6.1.4.1.14519.5.2.1.6477496285570451840450486092415466204,pydicom-seg / (null),pydicom-seg,(null),ct_phantom4radiomics,OK,1,1
1.3.6.1.4.1.14519.5.2.1.35825795123510770413510182953194377680,pydicom-seg / (null),pydicom-seg,(null),ct_phantom4radiomics,OK,1,1
1.3.6.1.4.1.14519.5.2.1.324776849939752685886397579419968226655,pydicom-seg / (null),pydicom-seg,(null),ct_phantom4radiomics,OK,1,1
1.3.6.1.4.1.14519.5.2.1.35333815864671092178170655647008618147,pydicom-seg / (null),pydicom-seg,(null),ct_phantom4radiomics,OK,1,1
1.3.6.1.4.1.14519.5.2.1.4334.1501.255242772539556242435680746141,QIICR Reporting via 3D Slicer / (null),QIICR Reporting via 3D Slicer,(null),nsclc_radiogenomics,OK,1,1
1.2.826.0.1.3680043.8.498.70255425333855861292397686526818669042,pydicom-seg / (null),pydicom-seg,(null),ct4harmonization_multicentric,OK,1,1
1.2.826.0.1.3680043.8.498.76330626252584003762622243422407770090,pydicom-seg / (null),pydicom-seg,(null),ct4harmonization_multicentric,OK,1,1
1.2.826.0.1.3680043.8.498.83639059107227242318268036240063489167,pydicom-seg / (null),pydicom-seg,(null),ct4harmonization_multicentric,OK,1,1
1.2.826.0.1.3680043.8.498.56065290138755519099554203876616590958,pydicom-seg / (null),pydicom-seg,(null),ct4harmonization_multicentric,OK,1,1
1.2.826.0.1.3680043.8.498.12411359959825141066926321817312549316,pydicom-seg / (null),pydicom-seg,(null),ct4harmonization_multicentric,OK,1,1
1.2.826.0.1.3680043.8.498.12812689872402670323954305856839402025,pydicom-seg / (null),pydicom-seg,(null),ct4harmonization_multicentric,OK,1,1
1.2.826.0.1.3680043.8.498.13011685897020399909442868476879135571,pydicom-seg / (null),pydicom-seg,(null),ct4harmonization_multicentric,OK,1,1
1.2.826.0.1.3680043.8.498.73858207595662132067260761435070496522,pydicom-seg / (null),pydicom-seg,(null),ct4harmonization_multicentric,OK,1,1
1.2.826.0.1.3680043.8.498.60300236540732645044560003609847294040,pydicom-seg / (null),pydicom-seg,(null),ct4harmonization_multicentric,OK,1,1
1.2.826.0.1.3680043.8.498.19350841204732417934085371346093837830,pydicom-seg / (null),pydicom-seg,(null),ct4harmonization_multicentric,OK,1,1
1.2.826.0.1.3680043.8.498.72469070995401129102487904690065247250,pydicom-seg / (null),pydicom-seg,(null),ct4harmonization_multicentric,OK,1,1
1.2.826.0.1.3680043.8.498.12044637927531562483005932073705078507,pydicom-seg / (null),pydicom-seg,(null),ct4harmonization_multicentric,OK,1,1
1.2.826.0.1.3680043.8.498.66011185371071312604830776700712291736,pydicom-seg / (null),pydicom-seg,(null),ct4harmonization_multicentric,OK,1,1
1.2.826.0.1.3680043.8.498.66843661669627271974698463128607272144,pydicom-seg / (null),pydicom-seg,(null),ct4harmonization_multicentric,OK,1,1
1.2.826.0.1.3680043.8.498.72303638428709421203701275548782034469,pydicom-seg / (null),pydicom-seg,(null),ct4harmonization_multicentric,OK,1,1
1.2.826.0.1.3680043.8.498.13118464381593100738950975769256669603,pydicom-seg / (null),pydicom-seg,(null),ct4harmonization_multicentric,OK,1,1
1.2.826.0.1.3680043.8.498.34511200768450996486535706631014779328,pydicom-seg / (null),pydicom-seg,(null),ct4harmonization_multicentric,OK,1,1
1.2.826.0.1.3680043.8.498.68077615847990412374782626029013895206,pydicom-seg / (null),pydicom-seg,(null),ct4harmonization_multicentric,OK,1,1
1.2.826.0.1.3680043.8.498.73241864295650509869392700572634211614,pydicom-seg / (null),pydicom-seg,(null),ct4harmonization_multicentric,OK,1,1
1.2.826.0.1.3680043.8.498.56443923247317552297442163556196755139,pydicom-seg / (null),pydicom-seg,(null),ct4harmonization_multicentric,OK,1,1
1.2.826.0.1.3680043.8.498.76981840556518827485132997379939296737,pydicom-seg / (null),pydicom-seg,(null),ct4harmonization_multicentric,OK,1,1
1.2.826.0.1.3680043.8.498.10580087291610528841575669297949115821,pydicom-seg / (null),pydicom-seg,(null),ct4harmonization_multicentric,OK,1,1
1.3.6.1.4.1.14519.5.2.1.252524860171606997591159366486235197277,pydicom-seg / (null),pydicom-seg,(null),ct_phantom4radiomics,OK,1,1
1.3.6.1.4.1.14519.5.2.1.150122855598144114401868400091205365011,pydicom-seg / (null),pydicom-seg,(null),ct_phantom4radiomics,OK,1,1
1.3.6.1.4.1.14519.5.2.1.218306065466603942185774491707652728529,pydicom-seg / (null),pydicom-seg,(null),ct_phantom4radiomics,OK,1,1
1.3.6.1.4.1.14519.5.2.1.59899191664087405934846290343669156945,pydicom-seg / (null),pydicom-seg,(null),ct_phantom4radiomics,OK,1,1
1.2.276.0.7230010.3.1.3.17436516.3199273.1720667592.438635,dcmqi / bamf_aimi_annotations,dcmqi,bamf_aimi_annotations,nlst,OK,1,1
1.2.826.0.1.3680043.8.498.64621921654521837330489920064242074178,pydicom-seg / (null),pydicom-seg,(null),ct4harmonization_multicentric,OK,1,1
1.2.826.0.1.3680043.8.498.10896610191683237667266699787707667849,pydicom-seg / (null),pydicom-seg,(null),ct4harmonization_multicentric,OK,1,1
1.2.826.0.1.3680043.8.498.22875884698650172499930684640924931909,pydicom-seg / (null),pydicom-seg,(null),ct4harmonization_multicentric,OK,1,1
1.2.826.0.1.3680043.8.498.29299666745181601077146114300889137078,pydicom-seg / (null),pydicom-seg,(null),ct4harmonization_multicentric,OK,1,1
1.2.826.0.1.3680043.8.498.30354582653905671415381974335890469242,pydicom-seg / (null),pydicom-seg,(null),ct4harmonization_multicentric,OK,1,1
1.2.826.0.1.3680043.8.498.36267894659042515163852084100861526915,pydicom-seg / (null),pydicom-seg,(null),ct4harmonization_multicentric,OK,1,1
1.2.826.0.1.3680043.8.498.47528933614870559252170642754249317248,pydicom-seg / (null),pydicom-seg,(null),ct4harmonization_multicentric,OK,1,1
1.2.826.0.1.3680043.8.498.47639709770478493821524913218482155174,pydicom-seg / (null),pydicom-seg,(null),ct4harmonization_multicentric,OK,1,1
1.2.826.0.1.3680043.8.498.53201298248538713334198881083985132290,pydicom-seg / (null),pydicom-seg,(null),ct4harmonization_multicentric,OK,1,1
1.2.826.0.1.3680043.8.498.53500351142915771285613980175098171711,pydicom-seg / (null),pydicom-seg,(null),ct4harmonization_multicentric,OK,1,1
1.2.826.0.1.3680043.8.498.87837166487192929037317868069937250198,pydicom-seg / (null),pydicom-seg,(null),ct4harmonization_multicentric,OK,1,1
1.2.826.0.1.3680043.8.498.25546873446354599793032910658742385027,pydicom-seg / (null),pydicom-seg,(null),ct4harmonization_multicentric,OK,1,1
1.2.826.0.1.3680043.8.498.39525271462512193681641760700768284818,pydicom-seg / (null),pydicom-seg,(null),ct4harmonization_multicentric,OK,1,1
1.2.826.0.1.3680043.8.498.45505805134050409599661058919322163260,pydicom-seg / (null),pydicom-seg,(null),ct4harmonization_multicentric,OK,1,1
1.2.826.0.1.3680043.8.498.15120949387684535813415686993601490266,pydicom-seg / (null),pydicom-seg,(null),ct4harmonization_multicentric,OK,1,1
1.2.826.0.1.3680043.8.498.46531889155308593071390795368272779723,pydicom-seg / (null),pydicom-seg,(null),ct4harmonization_multicentric,OK,1,1
1.2.826.0.1.3680043.8.498.67168723010855619393313300327048751031,pydicom-seg / (null),pydicom-seg,(null),ct4harmonization_multicentric,OK,1,1
1.2.826.0.1.3680043.8.498.90851094654322104306492638528702782249,pydicom-seg / (null),pydicom-seg,(null),ct4harmonization_multicentric,OK,1,1
1.2.826.0.1.3680043.8.498.27961536839244479357315571754132156779,pydicom-seg / (null),pydicom-seg,(null),ct4harmonization_multicentric,OK,1,1
1.2.826.0.1.3680043.8.498.51846018248718696574939491453268613721,pydicom-seg / (null),pydicom-seg,(null),ct4harmonization_multicentric,OK,1,1
1.2.826.0.1.3680043.8.498.61172034842740753448473320024679090521,pydicom-seg / (null),pydicom-seg,(null),ct4harmonization_multicentric,OK,1,1
1.2.826.0.1.3680043.8.498.10008694034300612680616409132213068867,pydicom-seg / (null),pydicom-seg,(null),ct4harmonization_multicentric,OK,1,1
1.2.826.0.1.3680043.8.498.11537582709174589745808484660265408486,pydicom-seg / (null),pydicom-seg,(null),ct4harmonization_multicentric,OK,1,1
1.2.826.0.1.3680043.8.498.21486656612614926009319899675046324599,pydicom-seg / (null),pydicom-seg,(null),ct4harmonization_multicentric,OK,1,1
1.2.826.0.1.3680043.8.498.77698181172913069152532859304606035459,pydicom-seg / (null),pydicom-seg,(null),ct4harmonization_multicentric,OK,1,1
1.2.826.0.1.3680043.8.498.24076189067528181040249866276097704530,pydicom-seg / (null),pydicom-seg,(null),ct4harmonization_multicentric,OK,1,1
1.2.826.0.1.3680043.8.498.10545494742827411844890735504407259052,pydicom-seg / (null),pydicom-seg,(null),ct4harmonization_multicentric,OK,1,1
1.2.826.0.1.3680043.8.498.12285156073038065724236781259182521344,pydicom-seg / (null),pydicom-seg,(null),ct4harmonization_multicentric,OK,1,1
1.2.826.0.1.3680043.8.498.13401270967475360078429165143824072072,pydicom-seg / (null),pydicom-seg,(null),ct4harmonization_multicentric,OK,1,1
1.2.826.0.1.3680043.8.498.17893376279089941098196465338879161792,pydicom-seg / (null),pydicom-seg,(null),ct4harmonization_multicentric,OK,1,1
1.2.826.0.1.3680043.8.498.23610098585413447899254880067485909527,pydicom-seg / (null),pydicom-seg,(null),ct4harmonization_multicentric,OK,1,1
1.2.826.0.1.3680043.8.498.41548918946949867958485702691224883013,pydicom-seg / (null),pydicom-seg,(null),ct4harmonization_multicentric,OK,1,1
1.2.826.0.1.3680043.8.498.63823536947284521121434252018755313905,pydicom-seg / (null),pydicom-seg,(null),ct4harmonization_multicentric,OK,1,1
1.2.826.0.1.3680043.8.498.69063652963145726658789648608697812932,pydicom-seg / (null),pydicom-seg,(null),ct4harmonization_multicentric,OK,1,1
1.2.826.0.1.3680043.8.498.70026348649480640414451151163193291758,pydicom-seg / (null),pydicom-seg,(null),ct4harmonization_multicentric,OK,1,1
1.2.826.0.1.3680043.8.498.92900039162960750251417390906692459970,pydicom-seg / (null),pydicom-seg,(null),ct4harmonization_multicentric,OK,1,1
1.2.826.0.1.3680043.8.498.67548888257174101736251542201988732597,pydicom-seg / (null),pydicom-seg,(null),ct4harmonization_multicentric,OK,1,1
1.2.826.0.1.3680043.8.498.71147915528059222232176961408350203566,pydicom-seg / (null),pydicom-seg,(null),ct4harmonization_multicentric,OK,1,1
1.2.826.0.1.3680043.8.498.64968742950576390064248146477780159391,pydicom-seg / (null),pydicom-seg,(null),ct4harmonization_multicentric,OK,1,1
1.2.826.0.1.3680043.8.498.10736559249611933927286316567871363664,pydicom-seg / (null),pydicom-seg,(null),ct4harmonization_multicentric,OK,1,1
1.2.826.0.1.3680043.8.498.96640516214319738145630032840147195149,pydicom-seg / (null),pydicom-seg,(null),ct4harmonization_multicentric,OK,1,1
1.2.826.0.1.3680043.8.498.10865797144431841881042824620679198239,pydicom-seg / (null),pydicom-seg,(null),ct4harmonization_multicentric,OK,1,1
1.2.826.0.1.3680043.8.498.46346649112932141494836662093447623437,pydicom-seg / (null),pydicom-seg,(null),ct4harmonization_multicentric,OK,1,1
1.2.826.0.1.3680043.8.498.51684773940242226310717374995173924801,pydicom-seg / (null),pydicom-seg,(null),ct4harmonization_multicentric,OK,1,1
1.2.826.0.1.3680043.8.498.22290651463966282223369048535708173232,pydicom-seg / (null),pydicom-seg,(null),ct4harmonization_multicentric,OK,1,1
1.2.826.0.1.3680043.8.498.50060743153081674232745884512500113517,pydicom-seg / (null),pydicom-seg,(null),ct4harmonization_multicentric,OK,1,1
1.2.826.0.1.3680043.8.498.87790732436550728928902343031207456453,pydicom-seg / (null),pydicom-seg,(null),ct4harmonization_multicentric,OK,1,1
1.2.826.0.1.3680043.8.498.12402081781960928308717391446377510473,pydicom-seg / (null),pydicom-seg,(null),ct4harmonization_multicentric,OK,1,1
1.2.826.0.1.3680043.8.498.47483746991248052218597413676249511625,pydicom-seg / (null),pydicom-seg,(null),ct4harmonization_multicentric,OK,1,1
1.2.826.0.1.3680043.8.498.63434814143561156109898964291486372437,pydicom-seg / (null),pydicom-seg,(null),ct4harmonization_multicentric,OK,1,1
1.2.826.0.1.3680043.8.498.10468719732764597451258793650651598191,pydicom-seg / (null),pydicom-seg,(null),ct4harmonization_multicentric,OK,1,1
1.2.826.0.1.3680043.8.498.48426576228240025129183296498939517179,pydicom-seg / (null),pydicom-seg,(null),ct4harmonization_multicentric,OK,1,1
1.2.826.0.1.3680043.8.498.66779295174697018868769622814078345574,pydicom-seg / (null),pydicom-seg,(null),ct4harmonization_multicentric,OK,1,1
1.2.826.0.1.3680043.8.498.81325352551612931106968208590687176223,pydicom-seg / (null),pydicom-seg,(null),ct4harmonization_multicentric,OK,1,1
1.2.826.0.1.3680043.8.498.36968096616555143690596214195630487829,pydicom-seg / (null),pydicom-seg,(null),ct4harmonization_multicentric,OK,1,1
1.2.826.0.1.3680043.8.498.45836953322724629815757600800188409117,pydicom-seg / (null),pydicom-seg,(null),ct4harmonization_multicentric,OK,1,1
1.2.826.0.1.3680043.8.498.77101707960708283488592561062501388422,pydicom-seg / (null),pydicom-seg,(null),ct4harmonization_multicentric,OK,1,1
1.2.826.0.1.3680043.8.498.79724427184390696567087893081202658649,pydicom-seg / (null),pydicom-seg,(null),ct4harmonization_multicentric,OK,1,1
1.2.826.0.1.3680043.8.498.79965563149062376937437418995972180578,pydicom-seg / (null),pydicom-seg,(null),ct4harmonization_multicentric,OK,1,1
1.2.826.0.1.3680043.8.498.88995905171431657482723143472334500032,pydicom-seg / (null),pydicom-seg,(null),ct4harmonization_multicentric,OK,1,1
1.2.276.0.7230010.3.1.3.17436516.2437602.1693015274.539101,dcmqi / bamf_aimi_annotations,dcmqi,bamf_aimi_annotations,tcga_kirc,OK,1,1
1.2.826.0.1.3680043.8.498.12507726508932934357369545444775084477,pydicom-seg / (null),pydicom-seg,(null),ct4harmonization_multicentric,OK,1,1
1.2.826.0.1.3680043.8.498.39478839868410626091633454528991500875,pydicom-seg / (null),pydicom-seg,(null),ct4harmonization_multicentric,OK,1,1
1.2.826.0.1.3680043.8.498.64929563032513715812656681703596800016,pydicom-seg / (null),pydicom-seg,(null),ct4harmonization_multicentric,OK,1,1
1.2.826.0.1.3680043.8.498.10849531447673127626330947408252085543,pydicom-seg / (null),pydicom-seg,(null),ct4harmonization_multicentric,OK,1,1
1.2.826.0.1.3680043.8.498.60747886794542922179656259445260107185,pydicom-seg / (null),pydicom-seg,(null),ct4harmonization_multicentric,OK,1,1
1.2.826.0.1.3680043.8.498.68026898081131519904248490527677679163,pydicom-seg / (null),pydicom-seg,(null),ct4harmonization_multicentric,OK,1,1
1.2.826.0.1.3680043.8.498.98450355258345232047618708618787337752,pydicom-seg / (null),pydicom-seg,(null),ct4harmonization_multicentric,OK,1,1
1.2.826.0.1.3680043.8.498.11073672648073706579974056262402436428,pydicom-seg / (null),pydicom-seg,(null),ct4harmonization_multicentric,OK,1,1
1.2.826.0.1.3680043.8.498.11444278583788662446604046280692369637,pydicom-seg / (null),pydicom-seg,(null),ct4harmonization_multicentric,OK,1,1
1.2.826.0.1.3680043.8.498.13314022421209720567535699994347774286,pydicom-seg / (null),pydicom-seg,(null),ct4harmonization_multicentric,OK,1,1
1.2.826.0.1.3680043.8.498.33518633984948635549432389880161481085,pydicom-seg / (null),pydicom-seg,(null),ct4harmonization_multicentric,OK,1,1
1.2.826.0.1.3680043.8.498.50238953755745532342254963674777821507,pydicom-seg / (null),pydicom-seg,(null),ct4harmonization_multicentric,OK,1,1
1.2.826.0.1.3680043.8.498.70659643572089308841614515079159738490,pydicom-seg / (null),pydicom-seg,(null),ct4harmonization_multicentric,OK,1,1
1.2.826.0.1.3680043.8.498.77202404763763601009058597578493371013,pydicom-seg / (null),pydicom-seg,(null),ct4harmonization_multicentric,OK,1,1
1.2.826.0.1.3680043.8.498.80341874633502290243518790295458618945,pydicom-seg / (null),pydicom-seg,(null),ct4harmonization_multicentric,OK,1,1
1.2.826.0.1.3680043.8.498.80920517280823443765059282266408211646,pydicom-seg / (null),pydicom-seg,(null),ct4harmonization_multicentric,OK,1,1
1.2.826.0.1.3680043.8.498.93342832096661900139959509327872103043,pydicom-seg / (null),pydicom-seg,(null),ct4harmonization_multicentric,OK,1,1
1.2.826.0.1.3680043.8.498.11272764172568266890188755600903098182,pydicom-seg / (null),pydicom-seg,(null),ct4harmonization_multicentric,OK,1,1
1.2.826.0.1.3680043.8.498.38667195372044363559824512955018461209,pydicom-seg / (null),pydicom-seg,(null),ct4harmonization_multicentric,OK,1,1
1.2.826.0.1.3680043.8.498.48092089597120168046452623536047045717,pydicom-seg / (null),pydicom-seg,(null),ct4harmonization_multicentric,OK,1,1
1.2.826.0.1.3680043.8.498.48458149843669213582831156939500231086,pydicom-seg / (null),pydicom-seg,(null),ct4harmonization_multicentric,OK,1,1
1.2.826.0.1.3680043.8.498.49598115335542869787347786232648476653,pydicom-seg / (null),pydicom-seg,(null),ct4harmonization_multicentric,OK,1,1
1.2.826.0.1.3680043.8.498.12197804907191085534066489485810142675,pydicom-seg / (null),pydicom-seg,(null),ct4harmonization_multicentric,OK,1,1
1.2.826.0.1.3680043.8.498.78658541913806787673612739508293655428,pydicom-seg / (null),pydicom-seg,(null),ct4harmonization_multicentric,OK,1,1
1.2.826.0.1.3680043.8.498.13336172960848637953461008756519915479,pydicom-seg / (null),pydicom-seg,(null),ct4harmonization_multicentric,OK,1,1
1.2.826.0.1.3680043.8.498.60021640810614439357509646661131677441,pydicom-seg / (null),pydicom-seg,(null),ct4harmonization_multicentric,OK,1,1
1.2.826.0.1.3680043.8.498.45556559724508446374721701725609756942,pydicom-seg / (null),pydicom-seg,(null),ct4harmonization_multicentric,OK,1,1
1.2.826.0.1.3680043.8.498.48777038388604212165982377791068057046,pydicom-seg / (null),pydicom-seg,(null),ct4harmonization_multicentric,OK,1,1
1.2.826.0.1.3680043.8.498.51304998540563909066122698101317672680,pydicom-seg / (null),pydicom-seg,(null),ct4harmonization_multicentric,OK,1,1
1.2.826.0.1.3680043.8.498.86800215066053345165052214553006369076,pydicom-seg / (null),pydicom-seg,(null),ct4harmonization_multicentric,OK,1,1
1.2.826.0.1.3680043.8.498.10970657046955200556663812941793401976,pydicom-seg / (null),pydicom-seg,(null),ct4harmonization_multicentric,OK,1,1
1.2.826.0.1.3680043.8.498.41363224366071441655803759970372692697,pydicom-seg / (null),pydicom-seg,(null),ct4harmonization_multicentric,OK,1,1
1.2.826.0.1.3680043.8.498.79618187779845518003371865835614658558,pydicom-seg / (null),pydicom-seg,(null),ct4harmonization_multicentric,OK,1,1
1.2.826.0.1.3680043.8.498.20769693175052471782905388736247590869,pydicom-seg / (null),pydicom-seg,(null),ct4harmonization_multicentric,OK,1,1
1.2.826.0.1.3680043.8.498.48949524050406215392775629357893721336,pydicom-seg / (null),pydicom-seg,(null),ct4harmonization_multicentric,OK,1,1
1.2.826.0.1.3680043.8.498.71170255000147504682022874762027551714,pydicom-seg / (null),pydicom-seg,(null),ct4harmonization_multicentric,OK,1,1
1.2.826.0.1.3680043.8.498.90568051282133911859468324701980343694,pydicom-seg / (null),pydicom-seg,(null),ct4harmonization_multicentric,OK,1,1
1.2.826.0.1.3680043.8.498.11440827159256985747211459249421243748,pydicom-seg / (null),pydicom-seg,(null),ct4harmonization_multicentric,OK,1,1
1.2.826.0.1.3680043.8.498.11166088352466407596966600549020391489,pydicom-seg / (null),pydicom-seg,(null),ct4harmonization_multicentric,OK,1,1
1.2.826.0.1.3680043.8.498.11690178532400468155908981405767763559,pydicom-seg / (null),pydicom-seg,(null),ct4harmonization_multicentric,OK,1,1
1.2.826.0.1.3680043.8.498.12049709404546825825070909021885830514,pydicom-seg / (null),pydicom-seg,(null),ct4harmonization_multicentric,OK,1,1
1.2.826.0.1.3680043.8.498.12545404469788030432451440122597627039,pydicom-seg / (null),pydicom-seg,(null),ct4harmonization_multicentric,OK,1,1
1.2.826.0.1.3680043.8.498.39757840082387550855923775218472330715,pydicom-seg / (null),pydicom-seg,(null),ct4harmonization_multicentric,OK,1,1
1.2.826.0.1.3680043.8.498.39845459132015324902040050096713657027,pydicom-seg / (null),pydicom-seg,(null),ct4harmonization_multicentric,OK,1,1
1.2.826.0.1.3680043.8.498.61576567982544870712365489018958219079,pydicom-seg / (null),pydicom-seg,(null),ct4harmonization_multicentric,OK,1,1
1.2.276.0.7230010.3.1.3.17436516.3113776.1720666667.664311,dcmqi / bamf_aimi_annotations,dcmqi,bamf_aimi_annotations,nlst,OK,1,1
1.2.826.0.1.3680043.8.498.85033190902421502668038084518212737821,pydicom-seg / (null),pydicom-seg,(null),ct4harmonization_multicentric,OK,1,1
1.2.826.0.1.3680043.8.498.14894413365774443204433973981175390889,pydicom-seg / (null),pydicom-seg,(null),ct4harmonization_multicentric,OK,1,1
1.2.826.0.1.3680043.8.498.47974751945833772902370499360964527768,pydicom-seg / (null),pydicom-seg,(null),ct4harmonization_multicentric,OK,1,1
1.2.826.0.1.3680043.8.498.96751779476497659685557472335850581784,pydicom-seg / (null),pydicom-seg,(null),ct4harmonization_multicentric,OK,1,1
1.2.826.0.1.3680043.8.498.10575901576218363645339938321454579299,pydicom-seg / (null),pydicom-seg,(null),ct4harmonization_multicentric,OK,1,1
1.2.826.0.1.3680043.8.498.10932789550268059179194712064349619841,pydicom-seg / (null),pydicom-seg,(null),ct4harmonization_multicentric,OK,1,1
1.2.826.0.1.3680043.8.498.12403078647465669986985065487636937721,pydicom-seg / (null),pydicom-seg,(null),ct4harmonization_multicentric,OK,1,1
1.2.826.0.1.3680043.8.498.11788445957433546892700646927972898814,pydicom-seg / (null),pydicom-seg,(null),ct4harmonization_multicentric,OK,1,1
1.2.826.0.1.3680043.8.498.20929380027163281833390154788805124979,pydicom-seg / (null),pydicom-seg,(null),ct4harmonization_multicentric,OK,1,1
1.2.826.0.1.3680043.8.498.77280788511070093330328952325429914385,pydicom-seg / (null),pydicom-seg,(null),ct4harmonization_multicentric,OK,1,1
1.2.826.0.1.3680043.8.498.31960029629167228328269841852054531771,pydicom-seg / (null),pydicom-seg,(null),ct4harmonization_multicentric,OK,1,1
1.2.826.0.1.3680043.8.498.38503767480197199674293625972852022312,pydicom-seg / (null),pydicom-seg,(null),ct4harmonization_multicentric,OK,1,1
1.2.826.0.1.3680043.8.498.52663928434020671687132896598513975351,pydicom-seg / (null),pydicom-seg,(null),ct4harmonization_multicentric,OK,1,1
1.2.826.0.1.3680043.8.498.66871776055585597344091971971115990729,pydicom-seg / (null),pydicom-seg,(null),ct4harmonization_multicentric,OK,1,1
1.2.826.0.1.3680043.8.498.90984731796820550785234398954512019415,pydicom-seg / (null),pydicom-seg,(null),ct4harmonization_multicentric,OK,1,1
1.3.6.1.4.1.14519.5.2.1.53790817363001338753728943888966827342,not identifiable from index / (null),not identifiable from index,(null),ispy2,OK,1,1
1.3.6.1.4.1.14519.5.2.1.47135309520167505493352264644207017406,not identifiable from index / (null),not identifiable from index,(null),ispy2,OK,1,1
1.3.6.1.4.1.14519.5.2.1.152655726083154442785729190933535801847,not identifiable from index / (null),not identifiable from index,(null),ispy2,OK,1,1
1.3.6.1.4.1.14519.5.2.1.306123129097914398203998518056540100693,not identifiable from index / (null),not identifiable from index,(null),ispy2,OK,1,1
1.3.6.1.4.1.14519.5.2.1.274591066673630639872925134336038583773,not identifiable from index / (null),not identifiable from index,(null),ispy2,OK,1,1
1.3.6.1.4.1.14519.5.2.1.48457040057945983361303129482209180569,not identifiable from index / (null),not identifiable from index,(null),ispy2,OK,1,1
1.3.6.1.4.1.14519.5.2.1.130860128176517390168686050052633622403,not identifiable from index / (null),not identifiable from index,(null),ispy2,OK,1,1
1.3.6.1.4.1.14519.5.2.1.155592482720248707766136811503060077660,not identifiable from index / (null),not identifiable from index,(null),ispy2,OK,1,1
1.3.6.1.4.1.14519.5.2.1.233505838129685042606630876315757005815,not identifiable from index / (null),not identifiable from index,(null),ispy2,OK,1,1
1.3.6.1.4.1.14519.5.2.1.321251450547626060359274751812607934892,not identifiable from index / (null),not identifiable from index,(null),ispy2,OK,1,1
1.3.6.1.4.1.14519.5.2.1.175909029436551770521071706950397985157,not identifiable from index / (null),not identifiable from index,(null),ispy2,OK,1,1
1.3.6.1.4.1.14519.5.2.1.216638571857020934412539768806872857371,not identifiable from index / (null),not identifiable from index,(null),ispy2,OK,1,1
1.3.6.1.4.1.14519.5.2.1.83165407040580237424733039016715291086,not identifiable from index / (null),not identifiable from index,(null),ispy2,OK,1,1
1.3.6.1.4.1.14519.5.2.1.240779417600369635669574233279014773818,not identifiable from index / (null),not identifiable from index,(null),ispy2,OK,1,1
1.3.6.1.4.1.14519.5.2.1.7695.4164.252327972022887121629425681738,not identifiable from index / (null),not identifiable from index,(null),acrin_6698,OK,1,1
1.3.6.1.4.1.14519.5.2.1.200245975758739051725673622472444244117,not identifiable from index / (null),not identifiable from index,(null),ispy2,OK,1,1
1.3.6.1.4.1.14519.5.2.1.86445367831302177843407534589043963134,not identifiable from index / (null),not identifiable from index,(null),ispy2,OK,1,1
1.3.6.1.4.1.14519.5.2.1.41601138038463169958537215752616534150,not identifiable from index / (null),not identifiable from index,(null),ispy2,OK,1,1
1.3.6.1.4.1.14519.5.2.1.243123942278118916093973127224479201066,not identifiable from index / (null),not identifiable from index,(null),ispy2,OK,1,1
1.3.6.1.4.1.14519.5.2.1.89120830529093274588604617154099142003,not identifiable from index / (null),not identifiable from index,(null),ispy2,OK,1,1
1.3.6.1.4.1.14519.5.2.1.7695.4164.148922253357190769679854962110,not identifiable from index / (null),not identifiable from index,(null),acrin_6698,OK,1,1
1.3.6.1.4.1.14519.5.2.1.232963711885224881086610179938391014147,not identifiable from index / (null),not identifiable from index,(null),ispy2,OK,1,1
1.3.6.1.4.1.14519.5.2.1.295035909079857765189079939360321099445,not identifiable from index / (null),not identifiable from index,(null),ispy2,OK,1,1
1.3.6.1.4.1.14519.5.2.1.7695.4164.327984181013127632538294036784,not identifiable from index / (null),not identifiable from index,(null),acrin_6698,OK,1,1
1.3.6.1.4.1.14519.5.2.1.331613547286177207947710220062053739561,not identifiable from index / (null),not identifiable from index,(null),ispy2,OK,1,1
1.3.6.1.4.1.14519.5.2.1.7695.4164.261342846827461470090399430976,not identifiable from index / (null),not identifiable from index,(null),acrin_6698,OK,1,1
1.3.6.1.4.1.14519.5.2.1.7695.4164.157288523252168930519141275044,not identifiable from index / (null),not identifiable from index,(null),acrin_6698,OK,1,1
1.3.6.1.4.1.14519.5.2.1.136828139369842063389814123684840729364,not identifiable from index / (null),not identifiable from index,(null),ispy2,OK,1,1
1.3.6.1.4.1.14519.5.2.1.129733106354899797454217301594139586647,not identifiable from index / (null),not identifiable from index,(null),ispy2,OK,1,1
1.3.6.1.4.1.14519.5.2.1.7695.4164.321948493285121667812898649473,not identifiable from index / (null),not identifiable from index,(null),acrin_6698,OK,1,1
1.3.6.1.4.1.14519.5.2.1.7695.4164.203834674132292379064514147729,not identifiable from index / (null),not identifiable from index,(null),acrin_6698,OK,1,1
1.3.6.1.4.1.14519.5.2.1.7695.4164.263149726128342413096233951459,not identifiable from index / (null),not identifiable from index,(null),acrin_6698,OK,1,1
1.3.6.1.4.1.14519.5.2.1.7695.4164.174795479307299391301923643612,not identifiable from index / (null),not identifiable from index,(null),acrin_6698,OK,1,1
1.3.6.1.4.1.14519.5.2.1.7695.4164.294133383155227745997819916393,not identifiable from index / (null),not identifiable from index,(null),acrin_6698,OK,1,1
1.3.6.1.4.1.14519.5.2.1.7695.4164.211994674456934199710628764039,not identifiable from index / (null),not identifiable from index,(null),acrin_6698,OK,1,1
1.3.6.1.4.1.14519.5.2.1.1641219506233942709564147055818827871,not identifiable from index / (null),not identifiable from index,(null),ispy2,OK,1,1
1.3.6.1.4.1.14519.5.2.1.340006723486720606941010732623436373357,not identifiable from index / (null),not identifiable from index,(null),ispy2,OK,1,1
1.3.6.1.4.1.14519.5.2.1.7695.4164.133577591706081126938843717693,not identifiable from index / (null),not identifiable from index,(null),acrin_6698,OK,1,1
1.3.6.1.4.1.14519.5.2.1.242145474031559235987452325457911491027,not identifiable from index / (null),not identifiable from index,(null),ispy2,OK,1,1
1.3.6.1.4.1.14519.5.2.1.117056997337487549059517005090916440538,not identifiable from index / (null),not identifiable from index,(null),ispy2,OK,1,1
1.3.6.1.4.1.14519.5.2.1.7695.4164.168960400471098723833027819600,not identifiable from index / (null),not identifiable from index,(null),acrin_6698,OK,1,1
1.3.6.1.4.1.14519.5.2.1.181703123358120172255994442953429752132,not identifiable from index / (null),not identifiable from index,(null),ispy2,OK,1,1
1.3.6.1.4.1.14519.5.2.1.26574703004606805936274360434602450243,not identifiable from index / (null),not identifiable from index,(null),ispy2,OK,1,1
1.3.6.1.4.1.14519.5.2.1.76438194053862578006765455385898958755,not identifiable from index / (null),not identifiable from index,(null),ispy2,OK,1,1
1.3.6.1.4.1.14519.5.2.1.190346332937733105033532584921910057124,not identifiable from index / (null),not identifiable from index,(null),ispy2,OK,1,1
1.3.6.1.4.1.14519.5.2.1.125011845740347624472420181641840460863,not identifiable from index / (null),not identifiable from index,(null),ispy2,OK,1,1
1.3.6.1.4.1.14519.5.2.1.32969535664166804065010261161204805106,not identifiable from index / (null),not identifiable from index,(null),ispy2,OK,1,1
1.3.6.1.4.1.14519.5.2.1.311184463278205398803518945905777561396,not identifiable from index / (null),not identifiable from index,(null),ispy2,OK,1,1
1.3.6.1.4.1.14519.5.2.1.225777085572834589800582942308097349385,not identifiable from index / (null),not identifiable from index,(null),ispy2,OK,1,1
1.3.6.1.4.1.14519.5.2.1.76220438404079946361089066089887824476,not identifiable from index / (null),not identifiable from index,(null),ispy2,OK,1,1
1.3.6.1.4.1.14519.5.2.1.102231551287877641194914998224048608042,not identifiable from index / (null),not identifiable from index,(null),ispy2,OK,1,1
1.3.6.1.4.1.14519.5.2.1.210837107276722514608321550277263596168,not identifiable from index / (null),not identifiable from index,(null),ispy2,OK,1,1
1.3.6.1.4.1.14519.5.2.1.70448951899591924747868950082988003446,not identifiable from index / (null),not identifiable from index,(null),ispy2,OK,1,1
1.3.6.1.4.1.14519.5.2.1.7695.4164.281721721908576479881615634333,not identifiable from index / (null),not identifiable from index,(null),acrin_6698,OK,1,1
1.3.6.1.4.1.14519.5.2.1.308666526460147934823976882759847055887,not identifiable from index / (null),not identifiable from index,(null),ispy2,OK,1,1
1.3.6.1.4.1.14519.5.2.1.268357860111720422166974614346164649795,not identifiable from index / (null),not identifiable from index,(null),ispy2,OK,1,1
1.3.6.1.4.1.14519.5.2.1.226370507401506462522192096058150735133,dcmqi / (null),dcmqi,(null),remind,OK,1,1
1.2.826.0.1.3680043.8.498.51007040598312836958906011917600837911,pydicom-seg / (null),pydicom-seg,(null),ct4harmonization_multicentric,OK,1,1
1.2.826.0.1.3680043.8.498.11575315351231832873521813765524857655,pydicom-seg / (null),pydicom-seg,(null),ct4harmonization_multicentric,OK,1,1
1.2.826.0.1.3680043.8.498.90745062940929386071741200700080694680,pydicom-seg / (null),pydicom-seg,(null),ct4harmonization_multicentric,OK,1,1
1.2.826.0.1.3680043.8.498.10482689554791801310641265746632779352,pydicom-seg / (null),pydicom-seg,(null),ct4harmonization_multicentric,OK,1,1
1.2.826.0.1.3680043.8.498.26567054512781534307299759402940679073,pydicom-seg / (null),pydicom-seg,(null),ct4harmonization_multicentric,OK,1,1
1.2.826.0.1.3680043.8.498.59451360752320638471182244382633008774,pydicom-seg / (null),pydicom-seg,(null),ct4harmonization_multicentric,OK,1,1
1.2.826.0.1.3680043.8.498.79565888433303352817454238993672611758,pydicom-seg / (null),pydicom-seg,(null),ct4harmonization_multicentric,OK,1,1
1.2.826.0.1.3680043.8.498.97000765276477916223054554618153872342,pydicom-seg / (null),pydicom-seg,(null),ct4harmonization_multicentric,OK,1,1
1.2.826.0.1.3680043.8.498.10706564161013844215164035964115095476,pydicom-seg / (null),pydicom-seg,(null),ct4harmonization_multicentric,OK,1,1
1.2.826.0.1.3680043.8.498.11575166391111577830112084871424095034,pydicom-seg / (null),pydicom-seg,(null),ct4harmonization_multicentric,OK,1,1
1.2.826.0.1.3680043.8.498.12968820571708893080385268386106180473,pydicom-seg / (null),pydicom-seg,(null),ct4harmonization_multicentric,OK,1,1
1.2.826.0.1.3680043.8.498.23494853878150460800698347628992710171,pydicom-seg / (null),pydicom-seg,(null),ct4harmonization_multicentric,OK,1,1
1.2.826.0.1.3680043.8.498.32262089874018721313425010014718341698,pydicom-seg / (null),pydicom-seg,(null),ct4harmonization_multicentric,OK,1,1
1.2.826.0.1.3680043.8.498.44299558177603239451082132976523346649,pydicom-seg / (null),pydicom-seg,(null),ct4harmonization_multicentric,OK,1,1
1.2.826.0.1.3680043.8.498.51945845430658547968550454078481905968,pydicom-seg / (null),pydicom-seg,(null),ct4harmonization_multicentric,OK,1,1
1.2.826.0.1.3680043.8.498.66225971251342467776257841159263318659,pydicom-seg / (null),pydicom-seg,(null),ct4harmonization_multicentric,OK,1,1
1.2.826.0.1.3680043.8.498.73050644785042210533284194295387497734,pydicom-seg / (null),pydicom-seg,(null),ct4harmonization_multicentric,OK,1,1
1.2.826.0.1.3680043.8.498.74871139313523353605513078622284994482,pydicom-seg / (null),pydicom-seg,(null),ct4harmonization_multicentric,OK,1,1
1.2.826.0.1.3680043.8.498.77917784769489135020344710255149982414,pydicom-seg / (null),pydicom-seg,(null),ct4harmonization_multicentric,OK,1,1
1.2.826.0.1.3680043.8.498.13135675687200943338405806617302787037,pydicom-seg / (null),pydicom-seg,(null),ct4harmonization_multicentric,OK,1,1
1.2.826.0.1.3680043.8.498.22385441869907773815817896818911717910,pydicom-seg / (null),pydicom-seg,(null),ct4harmonization_multicentric,OK,1,1
1.2.826.0.1.3680043.8.498.47283745201185276407538526395991036484,pydicom-seg / (null),pydicom-seg,(null),ct4harmonization_multicentric,OK,1,1
1.2.276.0.7230010.3.1.3.1231426215.1104.1345735104.367,not identifiable from index / qiba_volct_1b,not identifiable from index,qiba_volct_1b,rider_lung_ct,OK,1,1
1.2.826.0.1.3680043.8.498.53515730522433492296733698985370440795,pydicom-seg / (null),pydicom-seg,(null),ct4harmonization_multicentric,OK,1,1
1.2.826.0.1.3680043.8.498.63772825240050017302768516143145192792,pydicom-seg / (null),pydicom-seg,(null),ct4harmonization_multicentric,OK,1,1
1.2.276.0.7230010.3.1.3.17436516.3177870.1720667356.499463,dcmqi / bamf_aimi_annotations,dcmqi,bamf_aimi_annotations,nlst,OK,1,1
1.2.276.0.7230010.3.1.3.17436516.3179976.1720667383.511768,dcmqi / bamf_aimi_annotations,dcmqi,bamf_aimi_annotations,nlst,OK,1,1
1.2.276.0.7230010.3.1.3.4148549909.1376.1344858580.282,not identifiable from index / qiba_volct_1b,not identifiable from index,qiba_volct_1b,rider_lung_ct,OK,1,1
1.3.6.1.4.1.14519.5.2.1.159056021954237170442374108382437334753,dcmqi / (null),dcmqi,(null),remind,OK,1,1
1.2.276.0.7230010.3.1.3.0.16724.1415377251.40832,QIICR Reporting via 3D Slicer / qin_lungct_seg,QIICR Reporting via 3D Slicer,qin_lungct_seg,lidc_idri,OK,1,1
1.2.276.0.7230010.3.1.3.0.16528.1415377119.292873,QIICR Reporting via 3D Slicer / qin_lungct_seg,QIICR Reporting via 3D Slicer,qin_lungct_seg,lidc_idri,OK,1,1
1.2.276.0.7230010.3.1.3.0.16558.1415377137.848728,QIICR Reporting via 3D Slicer / qin_lungct_seg,QIICR Reporting via 3D Slicer,qin_lungct_seg,lidc_idri,OK,1,1
1.2.276.0.7230010.3.1.3.0.16582.1415377156.314000,QIICR Reporting via 3D Slicer / qin_lungct_seg,QIICR Reporting via 3D Slicer,qin_lungct_seg,lidc_idri,OK,1,1
1.2.276.0.7230010.3.1.3.0.16658.1415377185.663494,QIICR Reporting via 3D Slicer / qin_lungct_seg,QIICR Reporting via 3D Slicer,qin_lungct_seg,lidc_idri,OK,1,1
1.2.276.0.7230010.3.1.3.0.16680.1415377203.759950,QIICR Reporting via 3D Slicer / qin_lungct_seg,QIICR Reporting via 3D Slicer,qin_lungct_seg,lidc_idri,OK,1,1
1.2.276.0.7230010.3.1.3.0.16702.1415377221.993455,QIICR Reporting via 3D Slicer / qin_lungct_seg,QIICR Reporting via 3D Slicer,qin_lungct_seg,lidc_idri,OK,1,1
1.2.276.0.7230010.3.1.3.0.16747.1415377269.286940,QIICR Reporting via 3D Slicer / qin_lungct_seg,QIICR Reporting via 3D Slicer,qin_lungct_seg,lidc_idri,OK,1,1
1.2.276.0.7230010.3.1.3.0.16769.1415377298.390623,QIICR Reporting via 3D Slicer / qin_lungct_seg,QIICR Reporting via 3D Slicer,qin_lungct_seg,lidc_idri,OK,1,1
1.2.276.0.7230010.3.1.3.481034752.185383.1665651582.855151,dcmqi / nnu_net_bpr_annotations,dcmqi,nnu_net_bpr_annotations,nsclc_radiomics,OK,1,1
1.2.276.0.7230010.3.1.3.17436516.3190965.1720667498.271729,dcmqi / bamf_aimi_annotations,dcmqi,bamf_aimi_annotations,nlst,OK,1,1
1.2.276.0.7230010.3.1.3.17436516.3157295.1720667146.61741,dcmqi / bamf_aimi_annotations,dcmqi,bamf_aimi_annotations,nlst,OK,1,1
1.2.276.0.7230010.3.1.3.17436516.3091275.1720666435.4340,dcmqi / bamf_aimi_annotations,dcmqi,bamf_aimi_annotations,nlst,OK,1,1
1.2.276.0.7230010.3.1.3.17436516.3135369.1720666905.107824,dcmqi / bamf_aimi_annotations,dcmqi,bamf_aimi_annotations,nlst,OK,1,1
1.2.276.0.7230010.3.1.3.17436516.3064202.1720665134.326583,dcmqi / bamf_aimi_annotations,dcmqi,bamf_aimi_annotations,nlst,OK,1,1
1.2.276.0.7230010.3.1.3.17436516.3153827.1720667117.964455,dcmqi / bamf_aimi_annotations,dcmqi,bamf_aimi_annotations,nlst,OK,1,1
1.2.276.0.7230010.3.1.3.481034752.150067.1664365075.243129,dcmqi / nnu_net_bpr_annotations,dcmqi,nnu_net_bpr_annotations,nsclc_radiomics,OK,1,1
1.2.276.0.7230010.3.1.3.2323910823.19272.1597261035.532,dcmqi / (null),dcmqi,(null),nsclc_radiomics,OK,1,1
1.2.276.0.7230010.3.1.3.17436516.3897364.1714504336.982722,dcmqi / bamf_aimi_annotations,dcmqi,bamf_aimi_annotations,colorectal_liver_metastases,OK,1,1
1.2.276.0.7230010.3.1.3.17436516.3170883.1720667287.751225,dcmqi / bamf_aimi_annotations,dcmqi,bamf_aimi_annotations,nlst,OK,1,1
1.3.6.1.4.1.14519.5.2.1.199156692830555623532762358588586461966,dcmqi / (null),dcmqi,(null),remind,OK,1,1
1.2.276.0.7230010.3.1.3.0.22190.1674506557.288987,dcmqi / (null),dcmqi,(null),ct_lymph_nodes,OK,1,1
1.2.276.0.7230010.3.1.3.481034752.294177.1665693084.178731,dcmqi / nnu_net_bpr_annotations,dcmqi,nnu_net_bpr_annotations,nsclc_radiomics,OK,1,1
1.2.276.0.7230010.3.1.3.481034752.368323.1665705785.746145,dcmqi / nnu_net_bpr_annotations,dcmqi,nnu_net_bpr_annotations,nsclc_radiomics,OK,1,1
1.2.276.0.7230010.3.1.3.0.74528.1588583399.663155,not identifiable from index / (null),not identifiable from index,(null),c4kc_kits,OK,1,1
1.2.276.0.7230010.3.1.3.17436516.3172706.1720667305.563484,dcmqi / bamf_aimi_annotations,dcmqi,bamf_aimi_annotations,nlst,OK,1,1
1.2.276.0.7230010.3.1.3.17436516.3253639.1720668283.138948,dcmqi / bamf_aimi_annotations,dcmqi,bamf_aimi_annotations,nlst,OK,1,1
1.2.276.0.7230010.3.1.3.17436516.3179295.1720667374.394326,dcmqi / bamf_aimi_annotations,dcmqi,bamf_aimi_annotations,nlst,OK,1,1
1.2.276.0.7230010.3.1.3.481034752.446550.1665718989.117635,dcmqi / nnu_net_bpr_annotations,dcmqi,nnu_net_bpr_annotations,nsclc_radiomics,OK,1,1
1.3.6.1.4.1.14519.5.2.1.7695.1700.555586408597360489514005832777,not identifiable from index / (null),not identifiable from index,(null),ispy1,OK,1,1
1.2.276.0.7230010.3.1.3.481034752.31143.1666025609.984097,dcmqi / nnu_net_bpr_annotations,dcmqi,nnu_net_bpr_annotations,nsclc_radiomics,OK,1,1
1.2.276.0.7230010.3.1.3.0.76494.1588587248.819649,not identifiable from index / (null),not identifiable from index,(null),c4kc_kits,OK,1,1
1.2.276.0.7230010.3.1.3.4148549909.2316.1344857221.490,not identifiable from index / qiba_volct_1b,not identifiable from index,qiba_volct_1b,rider_lung_ct,OK,1,1
1.2.276.0.7230010.3.1.3.0.74674.1588583509.651852,not identifiable from index / (null),not identifiable from index,(null),c4kc_kits,OK,1,1
1.3.6.1.4.1.14519.5.2.1.9006113833327838096348709700269317903,not identifiable from index / (null),not identifiable from index,(null),ispy2,OK,1,1
1.2.276.0.7230010.3.1.3.481034752.60432.1666030745.215132,dcmqi / nnu_net_bpr_annotations,dcmqi,nnu_net_bpr_annotations,nsclc_radiomics,OK,1,1
1.2.276.0.7230010.3.1.3.17436516.3089451.1720666417.922057,dcmqi / bamf_aimi_annotations,dcmqi,bamf_aimi_annotations,nlst,OK,1,1
1.2.276.0.7230010.3.1.3.17436516.3952224.1714670139.956064,dcmqi / bamf_aimi_annotations,dcmqi,bamf_aimi_annotations,duke_breast_cancer_mri,OK,1,1
1.2.276.0.7230010.3.1.3.481034752.461462.1665721488.58589,dcmqi / nnu_net_bpr_annotations,dcmqi,nnu_net_bpr_annotations,nsclc_radiomics,OK,1,1
1.2.276.0.7230010.3.1.3.17436516.3270614.1720668512.874616,dcmqi / bamf_aimi_annotations,dcmqi,bamf_aimi_annotations,nlst,OK,1,1
1.2.276.0.7230010.3.1.3.1231426215.1108.1345549611.374,not identifiable from index / qiba_volct_1b,not identifiable from index,qiba_volct_1b,rider_lung_ct,OK,1,1
1.2.276.0.7230010.3.1.3.481034752.322053.1665697798.889757,dcmqi / nnu_net_bpr_annotations,dcmqi,nnu_net_bpr_annotations,nsclc_radiomics,OK,1,1
1.2.276.0.7230010.3.1.3.0.75356.1588584909.643451,not identifiable from index / (null),not identifiable from index,(null),c4kc_kits,OK,1,1
1.2.276.0.7230010.3.1.3.481034752.58395.1666030401.552946,dcmqi / nnu_net_bpr_annotations,dcmqi,nnu_net_bpr_annotations,nsclc_radiomics,OK,1,1
1.2.276.0.7230010.3.1.3.17436516.3201706.1720667621.547019,dcmqi / bamf_aimi_annotations,dcmqi,bamf_aimi_annotations,nlst,OK,1,1
1.2.276.0.7230010.3.1.3.481034752.354768.1665703605.41228,dcmqi / nnu_net_bpr_annotations,dcmqi,nnu_net_bpr_annotations,nsclc_radiomics,OK,1,1
1.2.276.0.7230010.3.1.3.481034752.104432.1665635122.705002,dcmqi / nnu_net_bpr_annotations,dcmqi,nnu_net_bpr_annotations,nsclc_radiomics,OK,1,1
1.2.276.0.7230010.3.1.3.481034752.26306.1664256387.941961,dcmqi / nnu_net_bpr_annotations,dcmqi,nnu_net_bpr_annotations,nsclc_radiomics,OK,1,1
1.2.276.0.7230010.3.1.3.481034752.20966.1666023880.336022,dcmqi / nnu_net_bpr_annotations,dcmqi,nnu_net_bpr_annotations,nsclc_radiomics,OK,1,1
1.2.276.0.7230010.3.1.3.481034752.23400.1665618387.70407,dcmqi / nnu_net_bpr_annotations,dcmqi,nnu_net_bpr_annotations,nsclc_radiomics,OK,1,1
1.2.276.0.7230010.3.1.3.481034752.251128.1665680918.123466,dcmqi / nnu_net_bpr_annotations,dcmqi,nnu_net_bpr_annotations,nsclc_radiomics,OK,1,1
1.2.826.0.1.3680043.10.511.3.55883360337127284557938291517207976,not identifiable from index / rms_mutation_prediction_expert_annotations,not identifiable from index,rms_mutation_prediction_expert_annotations,rms_mutation_prediction,OK,2,2
1.2.276.0.7230010.3.1.3.481034752.170857.1665648670.391897,dcmqi / nnu_net_bpr_annotations,dcmqi,nnu_net_bpr_annotations,nsclc_radiomics,OK,1,1
1.2.276.0.7230010.3.1.3.481034752.132120.1665640771.131594,dcmqi / nnu_net_bpr_annotations,dcmqi,nnu_net_bpr_annotations,nsclc_radiomics,OK,1,1
1.2.276.0.7230010.3.1.3.481034752.328857.1665699029.820835,dcmqi / nnu_net_bpr_annotations,dcmqi,nnu_net_bpr_annotations,nsclc_radiomics,OK,1,1
1.2.276.0.7230010.3.1.3.17436516.3087358.1720666394.867035,dcmqi / bamf_aimi_annotations,dcmqi,bamf_aimi_annotations,nlst,OK,1,1
1.2.276.0.7230010.3.1.3.481034752.228938.1664435994.450763,dcmqi / nnu_net_bpr_annotations,dcmqi,nnu_net_bpr_annotations,nsclc_radiomics,OK,1,1
1.2.276.0.7230010.3.1.3.481034752.31442.1663734843.829660,dcmqi / nnu_net_bpr_annotations,dcmqi,nnu_net_bpr_annotations,nsclc_radiomics,OK,1,1
1.2.276.0.7230010.3.1.3.481034752.24363.1666024477.694624,dcmqi / nnu_net_bpr_annotations,dcmqi,nnu_net_bpr_annotations,nsclc_radiomics,OK,1,1
1.2.276.0.7230010.3.1.3.17436516.3245727.1720668169.825447,dcmqi / bamf_aimi_annotations,dcmqi,bamf_aimi_annotations,nlst,OK,1,1
1.2.276.0.7230010.3.1.3.481034752.170169.1665648534.361880,dcmqi / nnu_net_bpr_annotations,dcmqi,nnu_net_bpr_annotations,nsclc_radiomics,OK,1,1
1.2.276.0.7230010.3.1.3.0.22918.1674507069.783574,dcmqi / (null),dcmqi,(null),ct_lymph_nodes,OK,1,1
1.3.6.1.4.1.14519.5.2.1.73596596540320548728893208684269675467,pydicom-seg / (null),pydicom-seg,(null),ct_phantom4radiomics,OK,1,1
1.3.6.1.4.1.14519.5.2.1.287588205905845060539798509720168224997,pydicom-seg / (null),pydicom-seg,(null),ct_phantom4radiomics,OK,1,1
1.3.6.1.4.1.14519.5.2.1.73224209434973972819694991346957659761,pydicom-seg / (null),pydicom-seg,(null),ct_phantom4radiomics,OK,1,1
1.3.6.1.4.1.14519.5.2.1.252806651285142740874674558947628646704,pydicom-seg / (null),pydicom-seg,(null),ct_phantom4radiomics,OK,1,1
1.3.6.1.4.1.14519.5.2.1.86925409613051899797839542870366818415,pydicom-seg / (null),pydicom-seg,(null),ct_phantom4radiomics,OK,1,1
1.2.276.0.7230010.3.1.3.481034752.46402.1664274784.882012,dcmqi / nnu_net_bpr_annotations,dcmqi,nnu_net_bpr_annotations,nsclc_radiomics,OK,1,1
1.2.276.0.7230010.3.1.3.17436516.3233113.1720668020.918153,dcmqi / bamf_aimi_annotations,dcmqi,bamf_aimi_annotations,nlst,OK,1,1
1.2.276.0.7230010.3.1.3.17436516.3959555.1714670233.664030,dcmqi / bamf_aimi_annotations,dcmqi,bamf_aimi_annotations,duke_breast_cancer_mri,OK,1,1
1.2.276.0.7230010.3.1.3.481034752.411194.1665713158.453275,dcmqi / nnu_net_bpr_annotations,dcmqi,nnu_net_bpr_annotations,nsclc_radiomics,OK,1,1
1.2.276.0.7230010.3.1.3.481034752.439739.1665717876.723860,dcmqi / nnu_net_bpr_annotations,dcmqi,nnu_net_bpr_annotations,nsclc_radiomics,OK,1,1
1.2.276.0.7230010.3.1.3.481034752.6645.1666021282.159765,dcmqi / nnu_net_bpr_annotations,dcmqi,nnu_net_bpr_annotations,nsclc_radiomics,OK,1,1
1.3.6.1.4.1.14519.5.2.1.1498431311238439192845006004199830651,pydicom-seg / (null),pydicom-seg,(null),ct_phantom4radiomics,OK,1,1
1.2.276.0.7230010.3.1.3.481034752.164765.1664378080.397141,dcmqi / nnu_net_bpr_annotations,dcmqi,nnu_net_bpr_annotations,nsclc_radiomics,OK,1,1
1.2.276.0.7230010.3.1.3.481034752.468301.1665722617.115707,dcmqi / nnu_net_bpr_annotations,dcmqi,nnu_net_bpr_annotations,nsclc_radiomics,OK,1,1
1.3.6.1.4.1.14519.5.2.1.305187891929951842809946922144734829539,pydicom-seg / (null),pydicom-seg,(null),ct_phantom4radiomics,OK,1,1
1.3.6.1.4.1.14519.5.2.1.317693242709848747026917653965218660245,pydicom-seg / (null),pydicom-seg,(null),ct_phantom4radiomics,OK,1,1
1.2.276.0.7230010.3.1.3.481034752.156269.1664370359.803320,dcmqi / nnu_net_bpr_annotations,dcmqi,nnu_net_bpr_annotations,nsclc_radiomics,OK,1,1
1.2.276.0.7230010.3.1.3.17436516.3910043.1714669528.591160,dcmqi / bamf_aimi_annotations,dcmqi,bamf_aimi_annotations,duke_breast_cancer_mri,OK,1,1
1.2.276.0.7230010.3.1.3.481034752.22996.1666024240.752876,dcmqi / nnu_net_bpr_annotations,dcmqi,nnu_net_bpr_annotations,nsclc_radiomics,OK,1,1
1.3.6.1.4.1.14519.5.2.1.315934934419186263017265885415171691262,pydicom-seg / (null),pydicom-seg,(null),ct_phantom4radiomics,OK,1,1
1.3.6.1.4.1.14519.5.2.1.307051177559680643137061788733941092825,pydicom-seg / (null),pydicom-seg,(null),ct_phantom4radiomics,OK,1,1
1.2.276.0.7230010.3.1.3.481034752.108313.1664329931.831910,dcmqi / nnu_net_bpr_annotations,dcmqi,nnu_net_bpr_annotations,nsclc_radiomics,OK,1,1
1.2.276.0.7230010.3.1.3.481034752.449258.1665719440.382482,dcmqi / nnu_net_bpr_annotations,dcmqi,nnu_net_bpr_annotations,nsclc_radiomics,OK,1,1
1.2.276.0.7230010.3.1.3.481034752.239346.1665678599.335036,dcmqi / nnu_net_bpr_annotations,dcmqi,nnu_net_bpr_annotations,nsclc_radiomics,OK,1,1
1.2.276.0.7230010.3.1.3.481034752.312536.1665696176.876038,dcmqi / nnu_net_bpr_annotations,dcmqi,nnu_net_bpr_annotations,nsclc_radiomics,OK,1,1
1.2.276.0.7230010.3.1.3.481034752.69151.1665627968.965556,dcmqi / nnu_net_bpr_annotations,dcmqi,nnu_net_bpr_annotations,nsclc_radiomics,OK,1,1
1.3.6.1.4.1.14519.5.2.1.138916523736098566427985532831764793983,pydicom-seg / (null),pydicom-seg,(null),ct_phantom4radiomics,OK,1,1
1.3.6.1.4.1.14519.5.2.1.83853672265119901262753992413533654736,pydicom-seg / (null),pydicom-seg,(null),ct_phantom4radiomics,OK,1,1
1.3.6.1.4.1.14519.5.2.1.17987636523546501663375809185673093197,pydicom-seg / (null),pydicom-seg,(null),ct_phantom4radiomics,OK,1,1
1.2.276.0.7230010.3.1.3.481034752.73973.1665628840.333126,dcmqi / nnu_net_bpr_annotations,dcmqi,nnu_net_bpr_annotations,nsclc_radiomics,OK,1,1
1.2.276.0.7230010.3.1.3.481034752.296209.1665693428.975174,dcmqi / nnu_net_bpr_annotations,dcmqi,nnu_net_bpr_annotations,nsclc_radiomics,OK,1,1
1.2.276.0.7230010.3.1.3.481034752.324779.1665698263.18087,dcmqi / nnu_net_bpr_annotations,dcmqi,nnu_net_bpr_annotations,nsclc_radiomics,OK,1,1
1.2.276.0.7230010.3.1.3.17436516.3185495.1720667451.920199,dcmqi / bamf_aimi_annotations,dcmqi,bamf_aimi_annotations,nlst,OK,1,1
1.2.276.0.7230010.3.1.3.481034752.38692.1661483871.340593,dcmqi / nnu_net_bpr_annotations,dcmqi,nnu_net_bpr_annotations,nlst,OK,1,1
1.2.276.0.7230010.3.1.3.481034752.34545.1666026179.214391,dcmqi / nnu_net_bpr_annotations,dcmqi,nnu_net_bpr_annotations,nsclc_radiomics,OK,1,1
1.2.276.0.7230010.3.1.3.481034752.84859.1666034906.210091,dcmqi / nnu_net_bpr_annotations,dcmqi,nnu_net_bpr_annotations,nsclc_radiomics,OK,1,1
1.2.276.0.7230010.3.1.3.481034752.371739.1665706389.477055,dcmqi / nnu_net_bpr_annotations,dcmqi,nnu_net_bpr_annotations,nsclc_radiomics,OK,1,1
1.2.276.0.7230010.3.1.3.481034752.27855.1664257712.303328,dcmqi / nnu_net_bpr_annotations,dcmqi,nnu_net_bpr_annotations,nsclc_radiomics,OK,1,1
1.2.276.0.7230010.3.1.3.481034752.415263.1665713799.950372,dcmqi / nnu_net_bpr_annotations,dcmqi,nnu_net_bpr_annotations,nsclc_radiomics,OK,1,1
1.2.276.0.7230010.3.1.3.481034752.388770.1665709399.118052,dcmqi / nnu_net_bpr_annotations,dcmqi,nnu_net_bpr_annotations,nsclc_radiomics,OK,1,1
1.2.276.0.7230010.3.1.3.481034752.145981.1665643634.23794,dcmqi / nnu_net_bpr_annotations,dcmqi,nnu_net_bpr_annotations,nsclc_radiomics,OK,1,1
1.2.276.0.7230010.3.1.3.481034752.76729.1665629375.989451,dcmqi / nnu_net_bpr_annotations,dcmqi,nnu_net_bpr_annotations,nsclc_radiomics,OK,1,1
1.2.276.0.7230010.3.1.3.481034752.82778.1664307370.155963,dcmqi / nnu_net_bpr_annotations,dcmqi,nnu_net_bpr_annotations,nsclc_radiomics,OK,1,1
1.2.276.0.7230010.3.1.3.481034752.17819.1664249251.626196,dcmqi / nnu_net_bpr_annotations,dcmqi,nnu_net_bpr_annotations,nsclc_radiomics,OK,1,1
1.3.6.1.4.1.14519.5.2.1.4334.1501.261975400711369336542586381832,QIICR Reporting via 3D Slicer / (null),QIICR Reporting via 3D Slicer,(null),nsclc_radiogenomics,OK,1,1
1.2.276.0.7230010.3.1.3.481034752.246277.1665680001.927278,dcmqi / nnu_net_bpr_annotations,dcmqi,nnu_net_bpr_annotations,nsclc_radiomics,OK,1,1
1.2.276.0.7230010.3.1.3.481034752.167388.1665647981.990191,dcmqi / nnu_net_bpr_annotations,dcmqi,nnu_net_bpr_annotations,nsclc_radiomics,OK,1,1
1.2.276.0.7230010.3.1.3.481034752.67071.1665627533.643693,dcmqi / nnu_net_bpr_annotations,dcmqi,nnu_net_bpr_annotations,nsclc_radiomics,OK,1,1
1.2.276.0.7230010.3.1.3.17436516.3267203.1720668461.459011,dcmqi / bamf_aimi_annotations,dcmqi,bamf_aimi_annotations,nlst,OK,1,1
1.2.276.0.7230010.3.1.3.481034752.37106.1664265504.877048,dcmqi / nnu_net_bpr_annotations,dcmqi,nnu_net_bpr_annotations,nsclc_radiomics,OK,1,1
1.2.276.0.7230010.3.1.3.481034752.48137.1666028644.726736,dcmqi / nnu_net_bpr_annotations,dcmqi,nnu_net_bpr_annotations,nsclc_radiomics,OK,1,1
1.2.276.0.7230010.3.1.3.481034752.202688.1665655133.174561,dcmqi / nnu_net_bpr_annotations,dcmqi,nnu_net_bpr_annotations,nsclc_radiomics,OK,1,1
1.2.276.0.7230010.3.1.3.481034752.169425.1664381912.448205,dcmqi / nnu_net_bpr_annotations,dcmqi,nnu_net_bpr_annotations,nsclc_radiomics,OK,1,1
1.2.276.0.7230010.3.1.3.481034752.299603.1665693989.378626,dcmqi / nnu_net_bpr_annotations,dcmqi,nnu_net_bpr_annotations,nsclc_radiomics,OK,1,1
1.2.276.0.7230010.3.1.3.481034752.443808.1665718510.509132,dcmqi / nnu_net_bpr_annotations,dcmqi,nnu_net_bpr_annotations,nsclc_radiomics,OK,1,1
1.2.276.0.7230010.3.1.3.481034752.12117.1663718067.821350,dcmqi / nnu_net_bpr_annotations,dcmqi,nnu_net_bpr_annotations,nsclc_radiomics,OK,1,1
1.2.276.0.7230010.3.1.3.0.9253.1415311855.922564,QIICR Reporting via 3D Slicer / qin_lungct_seg,QIICR Reporting via 3D Slicer,qin_lungct_seg,rider_lung_ct,OK,1,1
1.2.276.0.7230010.3.1.3.0.9329.1415311877.182832,QIICR Reporting via 3D Slicer / qin_lungct_seg,QIICR Reporting via 3D Slicer,qin_lungct_seg,rider_lung_ct,OK,1,1
1.2.276.0.7230010.3.1.3.0.9351.1415311897.946635,QIICR Reporting via 3D Slicer / qin_lungct_seg,QIICR Reporting via 3D Slicer,qin_lungct_seg,rider_lung_ct,OK,1,1
1.2.276.0.7230010.3.1.3.0.9386.1415311923.417916,QIICR Reporting via 3D Slicer / qin_lungct_seg,QIICR Reporting via 3D Slicer,qin_lungct_seg,rider_lung_ct,OK,1,1
1.2.276.0.7230010.3.1.3.0.9423.1415311956.996584,QIICR Reporting via 3D Slicer / qin_lungct_seg,QIICR Reporting via 3D Slicer,qin_lungct_seg,rider_lung_ct,OK,1,1
1.2.276.0.7230010.3.1.3.0.9460.1415311989.619256,QIICR Reporting via 3D Slicer / qin_lungct_seg,QIICR Reporting via 3D Slicer,qin_lungct_seg,rider_lung_ct,OK,1,1
1.2.276.0.7230010.3.1.3.0.9498.1415312011.90383,QIICR Reporting via 3D Slicer / qin_lungct_seg,QIICR Reporting via 3D Slicer,qin_lungct_seg,rider_lung_ct,OK,1,1
1.2.276.0.7230010.3.1.3.0.9528.1415312032.632251,QIICR Reporting via 3D Slicer / qin_lungct_seg,QIICR Reporting via 3D Slicer,qin_lungct_seg,rider_lung_ct,OK,1,1
1.2.276.0.7230010.3.1.3.0.9558.1415312065.856510,QIICR Reporting via 3D Slicer / qin_lungct_seg,QIICR Reporting via 3D Slicer,qin_lungct_seg,rider_lung_ct,OK,1,1
1.2.276.0.7230010.3.1.3.481034752.27084.1666024960.232768,dcmqi / nnu_net_bpr_annotations,dcmqi,nnu_net_bpr_annotations,nsclc_radiomics,OK,1,1
1.2.276.0.7230010.3.1.3.481034752.283691.1665687347.594771,dcmqi / nnu_net_bpr_annotations,dcmqi,nnu_net_bpr_annotations,nsclc_radiomics,OK,1,1
1.2.276.0.7230010.3.1.3.481034752.414586.1665713686.294669,dcmqi / nnu_net_bpr_annotations,dcmqi,nnu_net_bpr_annotations,nsclc_radiomics,OK,1,1
1.2.276.0.7230010.3.1.3.481034752.15976.1663721361.197848,dcmqi / nnu_net_bpr_annotations,dcmqi,nnu_net_bpr_annotations,nsclc_radiomics,OK,1,1
1.2.276.0.7230010.3.1.3.481034752.47968.1664276384.150770,dcmqi / nnu_net_bpr_annotations,dcmqi,nnu_net_bpr_annotations,nsclc_radiomics,OK,1,1
1.2.276.0.7230010.3.1.3.17436516.3166737.1720667244.176508,dcmqi / bamf_aimi_annotations,dcmqi,bamf_aimi_annotations,nlst,OK,1,1
1.2.826.0.1.3680043.10.511.3.64592945642612886884034815907195586,not identifiable from index / rms_mutation_prediction_expert_annotations,not identifiable from index,rms_mutation_prediction_expert_annotations,rms_mutation_prediction,OK,2,2
1.3.6.1.4.1.14519.5.2.1.4334.1501.324672653812552595334515123018,QIICR Reporting via 3D Slicer / (null),QIICR Reporting via 3D Slicer,(null),nsclc_radiogenomics,OK,1,1
1.3.6.1.4.1.14519.5.2.1.22255807065789427416666164015537326318,not identifiable from index / (null),not identifiable from index,(null),ispy2,OK,1,1
1.2.276.0.7230010.3.1.3.481034752.10227.1665615703.307071,dcmqi / nnu_net_bpr_annotations,dcmqi,nnu_net_bpr_annotations,nsclc_radiomics,OK,1,1
1.2.276.0.7230010.3.1.3.481034752.65203.1666031639.478124,dcmqi / nnu_net_bpr_annotations,dcmqi,nnu_net_bpr_annotations,nsclc_radiomics,OK,1,1
1.2.276.0.7230010.3.1.3.481034752.179527.1664390955.524531,dcmqi / nnu_net_bpr_annotations,dcmqi,nnu_net_bpr_annotations,nsclc_radiomics,OK,1,1
1.2.276.0.7230010.3.1.3.481034752.448581.1665719334.279317,dcmqi / nnu_net_bpr_annotations,dcmqi,nnu_net_bpr_annotations,nsclc_radiomics,OK,1,1
1.2.276.0.7230010.3.1.3.481034752.175716.1665649693.354945,dcmqi / nnu_net_bpr_annotations,dcmqi,nnu_net_bpr_annotations,nsclc_radiomics,OK,1,1
1.2.276.0.7230010.3.1.3.481034752.342454.1665701408.949758,dcmqi / nnu_net_bpr_annotations,dcmqi,nnu_net_bpr_annotations,nsclc_radiomics,OK,1,1
1.2.276.0.7230010.3.1.3.17436516.3192877.1720667522.298798,dcmqi / bamf_aimi_annotations,dcmqi,bamf_aimi_annotations,nlst,OK,1,1
1.3.6.1.4.1.14519.5.2.1.4334.1501.237586400018764035218417222305,QIICR Reporting via 3D Slicer / (null),QIICR Reporting via 3D Slicer,(null),nsclc_radiogenomics,OK,1,1
1.3.6.1.4.1.14519.5.2.1.4334.1501.555219047706426687960872464083,QIICR Reporting via 3D Slicer / (null),QIICR Reporting via 3D Slicer,(null),nsclc_radiogenomics,OK,1,1
1.2.276.0.7230010.3.1.3.481034752.57029.1666030168.170581,dcmqi / nnu_net_bpr_annotations,dcmqi,nnu_net_bpr_annotations,nsclc_radiomics,OK,1,1
1.2.276.0.7230010.3.1.3.481034752.27550.1665619152.43739,dcmqi / nnu_net_bpr_annotations,dcmqi,nnu_net_bpr_annotations,nsclc_radiomics,OK,1,1
1.2.276.0.7230010.3.1.3.481034752.200609.1665654705.770484,dcmqi / nnu_net_bpr_annotations,dcmqi,nnu_net_bpr_annotations,nsclc_radiomics,OK,1,1
1.2.276.0.7230010.3.1.3.481034752.474987.1665723724.974094,dcmqi / nnu_net_bpr_annotations,dcmqi,nnu_net_bpr_annotations,nsclc_radiomics,OK,1,1
1.2.276.0.7230010.3.1.3.481034752.13685.1665616445.735876,dcmqi / nnu_net_bpr_annotations,dcmqi,nnu_net_bpr_annotations,nsclc_radiomics,OK,1,1
1.2.276.0.7230010.3.1.3.481034752.282309.1665687085.929182,dcmqi / nnu_net_bpr_annotations,dcmqi,nnu_net_bpr_annotations,nsclc_radiomics,OK,1,1
1.2.276.0.7230010.3.1.3.481034752.53847.1663754755.932274,dcmqi / nnu_net_bpr_annotations,dcmqi,nnu_net_bpr_annotations,nsclc_radiomics,OK,1,1
1.2.276.0.7230010.3.1.3.481034752.190230.1665652581.305455,dcmqi / nnu_net_bpr_annotations,dcmqi,nnu_net_bpr_annotations,nsclc_radiomics,OK,1,1
1.2.276.0.7230010.3.1.3.17436516.3141024.1720666966.341871,dcmqi / bamf_aimi_annotations,dcmqi,bamf_aimi_annotations,nlst,OK,1,1
1.2.276.0.7230010.3.1.3.481034752.47657.1663749296.455020,dcmqi / nnu_net_bpr_annotations,dcmqi,nnu_net_bpr_annotations,nsclc_radiomics,OK,1,1
1.2.276.0.7230010.3.1.3.17436516.3934775.1714669858.23739,dcmqi / bamf_aimi_annotations,dcmqi,bamf_aimi_annotations,duke_breast_cancer_mri,OK,1,1
1.2.276.0.7230010.3.1.3.481034752.313890.1665696384.44739,dcmqi / nnu_net_bpr_annotations,dcmqi,nnu_net_bpr_annotations,nsclc_radiomics,OK,1,1
1.2.276.0.7230010.3.1.3.481034752.301657.1665694349.465793,dcmqi / nnu_net_bpr_annotations,dcmqi,nnu_net_bpr_annotations,nsclc_radiomics,OK,1,1
1.2.276.0.7230010.3.1.3.481034752.128677.1665640088.44676,dcmqi / nnu_net_bpr_annotations,dcmqi,nnu_net_bpr_annotations,nsclc_radiomics,OK,1,1
1.2.276.0.7230010.3.1.3.481034752.341776.1665701287.204942,dcmqi / nnu_net_bpr_annotations,dcmqi,nnu_net_bpr_annotations,nsclc_radiomics,OK,1,1
1.2.276.0.7230010.3.1.3.481034752.23718.1663728103.742219,dcmqi / nnu_net_bpr_annotations,dcmqi,nnu_net_bpr_annotations,nsclc_radiomics,OK,1,1
1.2.276.0.7230010.3.1.3.17436516.3272119.1720668536.360444,dcmqi / bamf_aimi_annotations,dcmqi,bamf_aimi_annotations,nlst,OK,1,1
1.2.276.0.7230010.3.1.3.481034752.42790.1665622347.534589,dcmqi / nnu_net_bpr_annotations,dcmqi,nnu_net_bpr_annotations,nsclc_radiomics,OK,1,1
1.2.276.0.7230010.3.1.3.481034752.99597.1665634177.525847,dcmqi / nnu_net_bpr_annotations,dcmqi,nnu_net_bpr_annotations,nsclc_radiomics,OK,1,1
1.2.276.0.7230010.3.1.3.481034752.50754.1663751967.664955,dcmqi / nnu_net_bpr_annotations,dcmqi,nnu_net_bpr_annotations,nsclc_radiomics,OK,1,1
1.2.276.0.7230010.3.1.3.481034752.25257.1663729280.736998,dcmqi / nnu_net_bpr_annotations,dcmqi,nnu_net_bpr_annotations,nsclc_radiomics,OK,1,1
1.2.276.0.7230010.3.1.3.481034752.52299.1663753297.742013,dcmqi / nnu_net_bpr_annotations,dcmqi,nnu_net_bpr_annotations,nsclc_radiomics,OK,1,1
1.2.276.0.7230010.3.1.3.0.9018.1415311644.606747,QIICR Reporting via 3D Slicer / qin_lungct_seg,QIICR Reporting via 3D Slicer,qin_lungct_seg,rider_lung_ct,OK,1,1
1.2.276.0.7230010.3.1.3.0.9043.1415311665.484633,QIICR Reporting via 3D Slicer / qin_lungct_seg,QIICR Reporting via 3D Slicer,qin_lungct_seg,rider_lung_ct,OK,1,1
1.2.276.0.7230010.3.1.3.0.9080.1415311686.470448,QIICR Reporting via 3D Slicer / qin_lungct_seg,QIICR Reporting via 3D Slicer,qin_lungct_seg,rider_lung_ct,OK,1,1
1.2.276.0.7230010.3.1.3.0.9109.1415311709.113436,QIICR Reporting via 3D Slicer / qin_lungct_seg,QIICR Reporting via 3D Slicer,qin_lungct_seg,rider_lung_ct,OK,1,1
1.2.276.0.7230010.3.1.3.0.9133.1415311730.329921,QIICR Reporting via 3D Slicer / qin_lungct_seg,QIICR Reporting via 3D Slicer,qin_lungct_seg,rider_lung_ct,OK,1,1
1.2.276.0.7230010.3.1.3.0.9158.1415311751.366833,QIICR Reporting via 3D Slicer / qin_lungct_seg,QIICR Reporting via 3D Slicer,qin_lungct_seg,rider_lung_ct,OK,1,1
1.2.276.0.7230010.3.1.3.0.9180.1415311772.22305,QIICR Reporting via 3D Slicer / qin_lungct_seg,QIICR Reporting via 3D Slicer,qin_lungct_seg,rider_lung_ct,OK,1,1
1.2.276.0.7230010.3.1.3.0.9202.1415311794.945114,QIICR Reporting via 3D Slicer / qin_lungct_seg,QIICR Reporting via 3D Slicer,qin_lungct_seg,rider_lung_ct,OK,1,1
1.2.276.0.7230010.3.1.3.0.9231.1415311817.986520,QIICR Reporting via 3D Slicer / qin_lungct_seg,QIICR Reporting via 3D Slicer,qin_lungct_seg,rider_lung_ct,OK,1,1
1.2.826.0.1.3680043.10.511.3.61781739439866293170176226465194605,not identifiable from index / rms_mutation_prediction_expert_annotations,not identifiable from index,rms_mutation_prediction_expert_annotations,rms_mutation_prediction,OK,2,2
1.2.276.0.7230010.3.1.3.481034752.83507.1666034674.711761,dcmqi / nnu_net_bpr_annotations,dcmqi,nnu_net_bpr_annotations,nsclc_radiomics,OK,1,1
1.2.276.0.7230010.3.1.3.481034752.39998.1666027264.212968,dcmqi / nnu_net_bpr_annotations,dcmqi,nnu_net_bpr_annotations,nsclc_radiomics,OK,1,1
1.2.276.0.7230010.3.1.3.481034752.343822.1665701656.268115,dcmqi / nnu_net_bpr_annotations,dcmqi,nnu_net_bpr_annotations,nsclc_radiomics,OK,1,1
1.2.276.0.7230010.3.1.3.481034752.56658.1665625325.297262,dcmqi / nnu_net_bpr_annotations,dcmqi,nnu_net_bpr_annotations,nsclc_radiomics,OK,1,1
1.2.276.0.7230010.3.1.3.17436516.4001291.1714670775.335013,dcmqi / bamf_aimi_annotations,dcmqi,bamf_aimi_annotations,duke_breast_cancer_mri,OK,1,1
1.2.276.0.7230010.3.1.3.481034752.130734.1664348507.176027,dcmqi / nnu_net_bpr_annotations,dcmqi,nnu_net_bpr_annotations,nsclc_radiomics,OK,1,1
1.2.276.0.7230010.3.1.3.17436516.3179571.1720667377.994880,dcmqi / bamf_aimi_annotations,dcmqi,bamf_aimi_annotations,nlst,OK,1,1
1.2.276.0.7230010.3.1.3.481034752.241281.1664446639.993784,dcmqi / nnu_net_bpr_annotations,dcmqi,nnu_net_bpr_annotations,nsclc_radiomics,OK,1,1
1.2.276.0.7230010.3.1.3.481034752.89726.1664313188.37219,dcmqi / nnu_net_bpr_annotations,dcmqi,nnu_net_bpr_annotations,nsclc_radiomics,OK,1,1
1.3.6.1.4.1.14519.5.2.1.4334.1501.307928381417051713983091281305,QIICR Reporting via 3D Slicer / (null),QIICR Reporting via 3D Slicer,(null),nsclc_radiogenomics,OK,1,1
1.2.276.0.7230010.3.1.3.17436516.4023896.1714671013.388341,dcmqi / bamf_aimi_annotations,dcmqi,bamf_aimi_annotations,duke_breast_cancer_mri,OK,1,1
1.2.276.0.7230010.3.1.3.481034752.308452.1665695451.330209,dcmqi / nnu_net_bpr_annotations,dcmqi,nnu_net_bpr_annotations,nsclc_radiomics,OK,1,1
1.2.276.0.7230010.3.1.3.17436516.3209181.1720667700.474482,dcmqi / bamf_aimi_annotations,dcmqi,bamf_aimi_annotations,nlst,OK,1,1
1.3.6.1.4.1.14519.5.2.1.36161850817075530477780954274136942478,not identifiable from index / (null),not identifiable from index,(null),ispy2,OK,1,1
1.2.276.0.7230010.3.1.3.481034752.252517.1665681208.113726,dcmqi / nnu_net_bpr_annotations,dcmqi,nnu_net_bpr_annotations,nsclc_radiomics,OK,1,1
1.2.276.0.7230010.3.1.3.481034752.111412.1664332543.917926,dcmqi / nnu_net_bpr_annotations,dcmqi,nnu_net_bpr_annotations,nsclc_radiomics,OK,1,1
1.2.276.0.7230010.3.1.3.481034752.170196.1664382715.830797,dcmqi / nnu_net_bpr_annotations,dcmqi,nnu_net_bpr_annotations,nsclc_radiomics,OK,1,1
1.2.276.0.7230010.3.1.3.481034752.39929.1663742103.768022,dcmqi / nnu_net_bpr_annotations,dcmqi,nnu_net_bpr_annotations,nsclc_radiomics,OK,1,1
1.2.276.0.7230010.3.1.3.0.9880.1415312427.631080,QIICR Reporting via 3D Slicer / qin_lungct_seg,QIICR Reporting via 3D Slicer,qin_lungct_seg,rider_lung_ct,OK,1,1
1.2.276.0.7230010.3.1.3.0.9905.1415312448.684610,QIICR Reporting via 3D Slicer / qin_lungct_seg,QIICR Reporting via 3D Slicer,qin_lungct_seg,rider_lung_ct,OK,1,1
1.2.276.0.7230010.3.1.3.0.9929.1415312479.645704,QIICR Reporting via 3D Slicer / qin_lungct_seg,QIICR Reporting via 3D Slicer,qin_lungct_seg,rider_lung_ct,OK,1,1
1.2.276.0.7230010.3.1.3.0.9957.1415312500.559930,QIICR Reporting via 3D Slicer / qin_lungct_seg,QIICR Reporting via 3D Slicer,qin_lungct_seg,rider_lung_ct,OK,1,1
1.2.276.0.7230010.3.1.3.0.9981.1415312532.498595,QIICR Reporting via 3D Slicer / qin_lungct_seg,QIICR Reporting via 3D Slicer,qin_lungct_seg,rider_lung_ct,OK,1,1
1.2.276.0.7230010.3.1.3.0.10004.1415312566.611322,QIICR Reporting via 3D Slicer / qin_lungct_seg,QIICR Reporting via 3D Slicer,qin_lungct_seg,rider_lung_ct,OK,1,1
1.2.276.0.7230010.3.1.3.0.10032.1415312599.393113,QIICR Reporting via 3D Slicer / qin_lungct_seg,QIICR Reporting via 3D Slicer,qin_lungct_seg,rider_lung_ct,OK,1,1
1.2.276.0.7230010.3.1.3.0.10058.1415312633.415612,QIICR Reporting via 3D Slicer / qin_lungct_seg,QIICR Reporting via 3D Slicer,qin_lungct_seg,rider_lung_ct,OK,1,1
1.2.276.0.7230010.3.1.3.0.10080.1415312660.311965,QIICR Reporting via 3D Slicer / qin_lungct_seg,QIICR Reporting via 3D Slicer,qin_lungct_seg,rider_lung_ct,OK,1,1
1.3.6.1.4.1.14519.5.2.1.4334.1501.223949598253859840195358961073,QIICR Reporting via 3D Slicer / (null),QIICR Reporting via 3D Slicer,(null),nsclc_radiogenomics,OK,1,1
1.2.276.0.7230010.3.1.3.481034752.20573.1665617777.703354,dcmqi / nnu_net_bpr_annotations,dcmqi,nnu_net_bpr_annotations,nsclc_radiomics,OK,1,1
1.2.276.0.7230010.3.1.3.481034752.49506.1666028870.658132,dcmqi / nnu_net_bpr_annotations,dcmqi,nnu_net_bpr_annotations,nsclc_radiomics,OK,1,1
1.2.276.0.7230010.3.1.3.481034752.227392.1664434810.394909,dcmqi / nnu_net_bpr_annotations,dcmqi,nnu_net_bpr_annotations,nsclc_radiomics,OK,1,1
1.2.276.0.7230010.3.1.3.481034752.55701.1664283446.967205,dcmqi / nnu_net_bpr_annotations,dcmqi,nnu_net_bpr_annotations,nsclc_radiomics,OK,1,1
1.3.6.1.4.1.14519.5.2.1.4334.1501.219945395335428109716302116768,QIICR Reporting via 3D Slicer / (null),QIICR Reporting via 3D Slicer,(null),nsclc_radiogenomics,OK,1,1
1.2.276.0.7230010.3.1.3.481034752.409837.1665712928.360059,dcmqi / nnu_net_bpr_annotations,dcmqi,nnu_net_bpr_annotations,nsclc_radiomics,OK,1,1
1.2.276.0.7230010.3.1.3.481034752.358169.1665704163.748039,dcmqi / nnu_net_bpr_annotations,dcmqi,nnu_net_bpr_annotations,nsclc_radiomics,OK,1,1
1.2.276.0.7230010.3.1.3.481034752.300293.1665694108.399344,dcmqi / nnu_net_bpr_annotations,dcmqi,nnu_net_bpr_annotations,nsclc_radiomics,OK,1,1
1.2.276.0.7230010.3.1.3.481034752.71971.1666032717.457433,dcmqi / nnu_net_bpr_annotations,dcmqi,nnu_net_bpr_annotations,nsclc_radiomics,OK,1,1
1.2.276.0.7230010.3.1.3.481034752.6771.1665615031.88906,dcmqi / nnu_net_bpr_annotations,dcmqi,nnu_net_bpr_annotations,nsclc_radiomics,OK,1,1
1.2.276.0.7230010.3.1.3.481034752.347958.1665702407.474241,dcmqi / nnu_net_bpr_annotations,dcmqi,nnu_net_bpr_annotations,nsclc_radiomics,OK,1,1
1.2.276.0.7230010.3.1.3.17436516.2868332.1720648796.532464,dcmqi / bamf_aimi_annotations,dcmqi,bamf_aimi_annotations,nsclc_radiogenomics,OK,1,1
1.3.6.1.4.1.14519.5.2.1.4334.1501.228504506790391391125866821762,QIICR Reporting via 3D Slicer / (null),QIICR Reporting via 3D Slicer,(null),nsclc_radiogenomics,OK,1,1
1.3.6.1.4.1.14519.5.2.1.4334.1501.266098150095849522325413860478,QIICR Reporting via 3D Slicer / (null),QIICR Reporting via 3D Slicer,(null),nsclc_radiogenomics,OK,1,1
1.2.276.0.7230010.3.1.3.481034752.359521.1665704370.844105,dcmqi / nnu_net_bpr_annotations,dcmqi,nnu_net_bpr_annotations,nsclc_radiomics,OK,1,1
1.2.276.0.7230010.3.1.3.481034752.74683.1666033187.20319,dcmqi / nnu_net_bpr_annotations,dcmqi,nnu_net_bpr_annotations,nsclc_radiomics,OK,1,1
1.2.276.0.7230010.3.1.3.481034752.75353.1665629124.190583,dcmqi / nnu_net_bpr_annotations,dcmqi,nnu_net_bpr_annotations,nsclc_radiomics,OK,1,1
1.2.276.0.7230010.3.1.3.17436516.3127617.1720666810.436848,dcmqi / bamf_aimi_annotations,dcmqi,bamf_aimi_annotations,nlst,OK,1,1
1.2.276.0.7230010.3.1.3.481034752.170970.1664383382.909052,dcmqi / nnu_net_bpr_annotations,dcmqi,nnu_net_bpr_annotations,nsclc_radiomics,OK,1,1
1.2.276.0.7230010.3.1.3.481034752.96686.1664319159.444515,dcmqi / nnu_net_bpr_annotations,dcmqi,nnu_net_bpr_annotations,nsclc_radiomics,OK,1,1
1.2.276.0.7230010.3.1.3.481034752.10837.1664242695.147219,dcmqi / nnu_net_bpr_annotations,dcmqi,nnu_net_bpr_annotations,nsclc_radiomics,OK,1,1
1.2.276.0.7230010.3.1.3.481034752.317287.1665696964.868405,dcmqi / nnu_net_bpr_annotations,dcmqi,nnu_net_bpr_annotations,nsclc_radiomics,OK,1,1
1.2.276.0.7230010.3.1.3.481034752.49017.1665623646.369244,dcmqi / nnu_net_bpr_annotations,dcmqi,nnu_net_bpr_annotations,nsclc_radiomics,OK,1,1
1.2.276.0.7230010.3.1.3.481034752.238648.1665678454.919034,dcmqi / nnu_net_bpr_annotations,dcmqi,nnu_net_bpr_annotations,nsclc_radiomics,OK,1,1
1.2.276.0.7230010.3.1.3.481034752.222710.1665675164.475450,dcmqi / nnu_net_bpr_annotations,dcmqi,nnu_net_bpr_annotations,nsclc_radiomics,OK,1,1
1.2.276.0.7230010.3.1.3.481034752.160137.1664373963.444177,dcmqi / nnu_net_bpr_annotations,dcmqi,nnu_net_bpr_annotations,nsclc_radiomics,OK,1,1
1.2.276.0.7230010.3.1.3.481034752.112948.1664333863.85988,dcmqi / nnu_net_bpr_annotations,dcmqi,nnu_net_bpr_annotations,nsclc_radiomics,OK,1,1
1.2.276.0.7230010.3.1.3.481034752.165535.1664378744.449364,dcmqi / nnu_net_bpr_annotations,dcmqi,nnu_net_bpr_annotations,nsclc_radiomics,OK,1,1
1.2.276.0.7230010.3.1.3.481034752.148746.1665644244.933331,dcmqi / nnu_net_bpr_annotations,dcmqi,nnu_net_bpr_annotations,nsclc_radiomics,OK,1,1
1.2.276.0.7230010.3.1.3.481034752.15537.1666022833.900981,dcmqi / nnu_net_bpr_annotations,dcmqi,nnu_net_bpr_annotations,nsclc_radiomics,OK,1,1
1.2.276.0.7230010.3.1.3.481034752.85096.1664309220.436190,dcmqi / nnu_net_bpr_annotations,dcmqi,nnu_net_bpr_annotations,nsclc_radiomics,OK,1,1
1.3.6.1.4.1.14519.5.2.1.4334.1501.322166480053694803922836587023,QIICR Reporting via 3D Slicer / (null),QIICR Reporting via 3D Slicer,(null),nsclc_radiogenomics,OK,1,1
1.2.276.0.7230010.3.1.3.4148549909.2316.1344857221.497,not identifiable from index / qiba_volct_1b,not identifiable from index,qiba_volct_1b,rider_lung_ct,OK,1,1
1.2.276.0.7230010.3.1.3.481034752.464198.1665721923.541861,dcmqi / nnu_net_bpr_annotations,dcmqi,nnu_net_bpr_annotations,nsclc_radiomics,OK,1,1
1.2.276.0.7230010.3.1.3.481034752.54998.1666029826.384033,dcmqi / nnu_net_bpr_annotations,dcmqi,nnu_net_bpr_annotations,nsclc_radiomics,OK,1,1
1.2.276.0.7230010.3.1.3.481034752.438383.1665717661.174761,dcmqi / nnu_net_bpr_annotations,dcmqi,nnu_net_bpr_annotations,nsclc_radiomics,OK,1,1
1.2.276.0.7230010.3.1.3.17436516.3145494.1720667020.658143,dcmqi / bamf_aimi_annotations,dcmqi,bamf_aimi_annotations,nlst,OK,1,1
1.2.276.0.7230010.3.1.3.0.21475.1674506133.776088,dcmqi / (null),dcmqi,(null),ct_lymph_nodes,OK,1,1
1.2.276.0.7230010.3.1.3.481034752.171740.1664383910.484439,dcmqi / nnu_net_bpr_annotations,dcmqi,nnu_net_bpr_annotations,nsclc_radiomics,OK,1,1
1.2.276.0.7230010.3.1.3.481034752.590554.1661717112.132780,dcmqi / nnu_net_bpr_annotations,dcmqi,nnu_net_bpr_annotations,nlst,OK,1,1
1.2.276.0.7230010.3.1.3.481034752.85727.1665631162.852659,dcmqi / nnu_net_bpr_annotations,dcmqi,nnu_net_bpr_annotations,nsclc_radiomics,OK,1,1
1.2.276.0.7230010.3.1.3.481034752.244203.1665679614.50913,dcmqi / nnu_net_bpr_annotations,dcmqi,nnu_net_bpr_annotations,nsclc_radiomics,OK,1,1
1.2.276.0.7230010.3.1.3.481034752.59069.1666030515.453051,dcmqi / nnu_net_bpr_annotations,dcmqi,nnu_net_bpr_annotations,nsclc_radiomics,OK,1,1
1.2.276.0.7230010.3.1.3.481034752.46949.1665623232.702815,dcmqi / nnu_net_bpr_annotations,dcmqi,nnu_net_bpr_annotations,nsclc_radiomics,OK,1,1
1.2.826.0.1.3680043.10.511.3.45461996726882897491007227716916124,not identifiable from index / rms_mutation_prediction_expert_annotations,not identifiable from index,rms_mutation_prediction_expert_annotations,rms_mutation_prediction,OK,2,2
1.2.276.0.7230010.3.1.3.481034752.61884.1664288876.503026,dcmqi / nnu_net_bpr_annotations,dcmqi,nnu_net_bpr_annotations,nsclc_radiomics,OK,1,1
1.2.276.0.7230010.3.1.3.481034752.458074.1665720915.197549,dcmqi / nnu_net_bpr_annotations,dcmqi,nnu_net_bpr_annotations,nsclc_radiomics,OK,1,1
1.2.276.0.7230010.3.1.3.481034752.31834.1666025728.743930,dcmqi / nnu_net_bpr_annotations,dcmqi,nnu_net_bpr_annotations,nsclc_radiomics,OK,1,1
1.2.276.0.7230010.3.1.3.481034752.6722.1663712795.296987,dcmqi / nnu_net_bpr_annotations,dcmqi,nnu_net_bpr_annotations,nsclc_radiomics,OK,1,1
1.2.276.0.7230010.3.1.3.481034752.466254.1665722292.387718,dcmqi / nnu_net_bpr_annotations,dcmqi,nnu_net_bpr_annotations,nsclc_radiomics,OK,1,1
1.2.276.0.7230010.3.1.3.481034752.179174.1665650342.526185,dcmqi / nnu_net_bpr_annotations,dcmqi,nnu_net_bpr_annotations,nsclc_radiomics,OK,1,1
1.2.276.0.7230010.3.1.3.17436516.3935319.1714504550.475644,dcmqi / bamf_aimi_annotations,dcmqi,bamf_aimi_annotations,colorectal_liver_metastases,OK,1,1
1.2.276.0.7230010.3.1.3.481034752.23221.1664253877.445556,dcmqi / nnu_net_bpr_annotations,dcmqi,nnu_net_bpr_annotations,nsclc_radiomics,OK,1,1
1.2.276.0.7230010.3.1.3.481034752.624038.1661732371.614720,dcmqi / nnu_net_bpr_annotations,dcmqi,nnu_net_bpr_annotations,nlst,OK,1,1
1.2.276.0.7230010.3.1.3.481034752.19371.1664250710.172568,dcmqi / nnu_net_bpr_annotations,dcmqi,nnu_net_bpr_annotations,nsclc_radiomics,OK,1,1
1.3.6.1.4.1.14519.5.2.1.2006261698323804590290182626900410602,dcmqi / (null),dcmqi,(null),spinal_multiple_myeloma_seg,OK,1,1
1.2.276.0.7230010.3.1.3.481034752.416618.1665714021.556175,dcmqi / nnu_net_bpr_annotations,dcmqi,nnu_net_bpr_annotations,nsclc_radiomics,OK,1,1
1.2.276.0.7230010.3.1.3.17436516.4060784.1714671465.119530,dcmqi / bamf_aimi_annotations,dcmqi,bamf_aimi_annotations,duke_breast_cancer_mri,OK,1,1
1.2.276.0.7230010.3.1.3.481034752.481118.1665724753.105733,dcmqi / nnu_net_bpr_annotations,dcmqi,nnu_net_bpr_annotations,nsclc_radiomics,OK,1,1
1.2.276.0.7230010.3.1.3.481034752.275384.1665685689.381950,dcmqi / nnu_net_bpr_annotations,dcmqi,nnu_net_bpr_annotations,nsclc_radiomics,OK,1,1
1.2.276.0.7230010.3.1.3.481034752.199601.1664409619.266042,dcmqi / nnu_net_bpr_annotations,dcmqi,nnu_net_bpr_annotations,nsclc_radiomics,OK,1,1
1.2.276.0.7230010.3.1.3.481034752.136159.1664353017.314901,dcmqi / nnu_net_bpr_annotations,dcmqi,nnu_net_bpr_annotations,nsclc_radiomics,OK,1,1
1.2.276.0.7230010.3.1.3.481034752.4427.1663709618.25175,dcmqi / nnu_net_bpr_annotations,dcmqi,nnu_net_bpr_annotations,nsclc_radiomics,OK,1,1
1.2.276.0.7230010.3.1.3.0.8180.1415310847.593766,QIICR Reporting via 3D Slicer / qin_lungct_seg,QIICR Reporting via 3D Slicer,qin_lungct_seg,rider_lung_ct,OK,1,1
1.2.276.0.7230010.3.1.3.0.8207.1415310875.888278,QIICR Reporting via 3D Slicer / qin_lungct_seg,QIICR Reporting via 3D Slicer,qin_lungct_seg,rider_lung_ct,OK,1,1
1.2.276.0.7230010.3.1.3.0.8229.1415310904.705216,QIICR Reporting via 3D Slicer / qin_lungct_seg,QIICR Reporting via 3D Slicer,qin_lungct_seg,rider_lung_ct,OK,1,1
1.2.276.0.7230010.3.1.3.0.8257.1415310937.239787,QIICR Reporting via 3D Slicer / qin_lungct_seg,QIICR Reporting via 3D Slicer,qin_lungct_seg,rider_lung_ct,OK,1,1
1.2.276.0.7230010.3.1.3.0.8279.1415310969.742678,QIICR Reporting via 3D Slicer / qin_lungct_seg,QIICR Reporting via 3D Slicer,qin_lungct_seg,rider_lung_ct,OK,1,1
1.2.276.0.7230010.3.1.3.0.8302.1415311002.136804,QIICR Reporting via 3D Slicer / qin_lungct_seg,QIICR Reporting via 3D Slicer,qin_lungct_seg,rider_lung_ct,OK,1,1
1.2.276.0.7230010.3.1.3.0.8331.1415311023.603234,QIICR Reporting via 3D Slicer / qin_lungct_seg,QIICR Reporting via 3D Slicer,qin_lungct_seg,rider_lung_ct,OK,1,1
1.2.276.0.7230010.3.1.3.0.8363.1415311056.610053,QIICR Reporting via 3D Slicer / qin_lungct_seg,QIICR Reporting via 3D Slicer,qin_lungct_seg,rider_lung_ct,OK,1,1
1.2.276.0.7230010.3.1.3.0.8395.1415311088.560335,QIICR Reporting via 3D Slicer / qin_lungct_seg,QIICR Reporting via 3D Slicer,qin_lungct_seg,rider_lung_ct,OK,1,1
1.3.6.1.4.1.14519.5.2.1.7695.1700.118512227406976342191206323542,not identifiable from index / (null),not identifiable from index,(null),ispy1,OK,1,1
1.2.276.0.7230010.3.1.3.481034752.430201.1665716248.508795,dcmqi / nnu_net_bpr_annotations,dcmqi,nnu_net_bpr_annotations,nsclc_radiomics,OK,1,1
1.2.276.0.7230010.3.1.3.0.95003.1441388142.544126,QIICR Reporting via 3D Slicer / qin_lungct_seg,QIICR Reporting via 3D Slicer,qin_lungct_seg,lung_phantom,OK,1,1
1.2.276.0.7230010.3.1.3.0.95027.1441388189.267094,QIICR Reporting via 3D Slicer / qin_lungct_seg,QIICR Reporting via 3D Slicer,qin_lungct_seg,lung_phantom,OK,1,1
1.2.276.0.7230010.3.1.3.0.95052.1441388220.839236,QIICR Reporting via 3D Slicer / qin_lungct_seg,QIICR Reporting via 3D Slicer,qin_lungct_seg,lung_phantom,OK,1,1
1.2.276.0.7230010.3.1.3.0.21713.1437749624.694944,QIICR Reporting via 3D Slicer / qin_lungct_seg,QIICR Reporting via 3D Slicer,qin_lungct_seg,lung_phantom,OK,1,1
1.2.276.0.7230010.3.1.3.0.21734.1437749686.271681,QIICR Reporting via 3D Slicer / qin_lungct_seg,QIICR Reporting via 3D Slicer,qin_lungct_seg,lung_phantom,OK,1,1
1.2.276.0.7230010.3.1.3.0.21757.1437749726.319319,QIICR Reporting via 3D Slicer / qin_lungct_seg,QIICR Reporting via 3D Slicer,qin_lungct_seg,lung_phantom,OK,1,1
1.2.276.0.7230010.3.1.3.0.33074.1424692583.78137,QIICR Reporting via 3D Slicer / qin_lungct_seg,QIICR Reporting via 3D Slicer,qin_lungct_seg,lung_phantom,OK,1,1
1.2.276.0.7230010.3.1.3.0.33095.1424692614.67118,QIICR Reporting via 3D Slicer / qin_lungct_seg,QIICR Reporting via 3D Slicer,qin_lungct_seg,lung_phantom,OK,1,1
1.2.276.0.7230010.3.1.3.0.33155.1424692731.81470,QIICR Reporting via 3D Slicer / qin_lungct_seg,QIICR Reporting via 3D Slicer,qin_lungct_seg,lung_phantom,OK,1,1
1.2.276.0.7230010.3.1.3.0.33175.1424692763.93978,QIICR Reporting via 3D Slicer / qin_lungct_seg,QIICR Reporting via 3D Slicer,qin_lungct_seg,lung_phantom,OK,1,1
1.2.276.0.7230010.3.1.3.0.33494.1424693300.5451,QIICR Reporting via 3D Slicer / qin_lungct_seg,QIICR Reporting via 3D Slicer,qin_lungct_seg,lung_phantom,OK,1,1
1.2.276.0.7230010.3.1.3.0.33696.1424693639.83716,QIICR Reporting via 3D Slicer / qin_lungct_seg,QIICR Reporting via 3D Slicer,qin_lungct_seg,lung_phantom,OK,1,1
1.2.276.0.7230010.3.1.3.0.33929.1424694053.69084,QIICR Reporting via 3D Slicer / qin_lungct_seg,QIICR Reporting via 3D Slicer,qin_lungct_seg,lung_phantom,OK,1,1
1.2.276.0.7230010.3.1.3.0.34020.1424694191.49892,QIICR Reporting via 3D Slicer / qin_lungct_seg,QIICR Reporting via 3D Slicer,qin_lungct_seg,lung_phantom,OK,1,1
1.2.276.0.7230010.3.1.3.0.32342.1424660479.49332,QIICR Reporting via 3D Slicer / qin_lungct_seg,QIICR Reporting via 3D Slicer,qin_lungct_seg,lung_phantom,OK,1,1
1.2.276.0.7230010.3.1.3.0.32362.1424660512.59967,QIICR Reporting via 3D Slicer / qin_lungct_seg,QIICR Reporting via 3D Slicer,qin_lungct_seg,lung_phantom,OK,1,1
1.2.276.0.7230010.3.1.3.0.32443.1424660691.32617,QIICR Reporting via 3D Slicer / qin_lungct_seg,QIICR Reporting via 3D Slicer,qin_lungct_seg,lung_phantom,OK,1,1
1.2.276.0.7230010.3.1.3.0.32524.1424660837.21515,QIICR Reporting via 3D Slicer / qin_lungct_seg,QIICR Reporting via 3D Slicer,qin_lungct_seg,lung_phantom,OK,1,1
1.2.276.0.7230010.3.1.3.0.32115.1424660059.231627,QIICR Reporting via 3D Slicer / qin_lungct_seg,QIICR Reporting via 3D Slicer,qin_lungct_seg,lung_phantom,OK,1,1
1.2.276.0.7230010.3.1.3.0.32135.1424660095.998131,QIICR Reporting via 3D Slicer / qin_lungct_seg,QIICR Reporting via 3D Slicer,qin_lungct_seg,lung_phantom,OK,1,1
1.2.276.0.7230010.3.1.3.0.32156.1424660130.401591,QIICR Reporting via 3D Slicer / qin_lungct_seg,QIICR Reporting via 3D Slicer,qin_lungct_seg,lung_phantom,OK,1,1
1.2.276.0.7230010.3.1.3.0.32176.1424660182.690094,QIICR Reporting via 3D Slicer / qin_lungct_seg,QIICR Reporting via 3D Slicer,qin_lungct_seg,lung_phantom,OK,1,1
1.2.276.0.7230010.3.1.3.0.32196.1424660220.437603,QIICR Reporting via 3D Slicer / qin_lungct_seg,QIICR Reporting via 3D Slicer,qin_lungct_seg,lung_phantom,OK,1,1
1.2.276.0.7230010.3.1.3.0.32216.1424660259.669498,QIICR Reporting via 3D Slicer / qin_lungct_seg,QIICR Reporting via 3D Slicer,qin_lungct_seg,lung_phantom,OK,1,1
1.2.276.0.7230010.3.1.3.0.32961.1424692403.124392,QIICR Reporting via 3D Slicer / qin_lungct_seg,QIICR Reporting via 3D Slicer,qin_lungct_seg,lung_phantom,OK,1,1
1.2.276.0.7230010.3.1.3.0.32981.1424692434.488952,QIICR Reporting via 3D Slicer / qin_lungct_seg,QIICR Reporting via 3D Slicer,qin_lungct_seg,lung_phantom,OK,1,1
1.2.276.0.7230010.3.1.3.0.33001.1424692464.432782,QIICR Reporting via 3D Slicer / qin_lungct_seg,QIICR Reporting via 3D Slicer,qin_lungct_seg,lung_phantom,OK,1,1
1.2.276.0.7230010.3.1.3.0.33030.1424692503.452019,QIICR Reporting via 3D Slicer / qin_lungct_seg,QIICR Reporting via 3D Slicer,qin_lungct_seg,lung_phantom,OK,1,1
1.2.276.0.7230010.3.1.3.0.33054.1424692550.682606,QIICR Reporting via 3D Slicer / qin_lungct_seg,QIICR Reporting via 3D Slicer,qin_lungct_seg,lung_phantom,OK,1,1
1.2.276.0.7230010.3.1.3.0.33115.1424692659.681494,QIICR Reporting via 3D Slicer / qin_lungct_seg,QIICR Reporting via 3D Slicer,qin_lungct_seg,lung_phantom,OK,1,1
1.2.276.0.7230010.3.1.3.0.33135.1424692690.420125,QIICR Reporting via 3D Slicer / qin_lungct_seg,QIICR Reporting via 3D Slicer,qin_lungct_seg,lung_phantom,OK,1,1
1.2.276.0.7230010.3.1.3.0.33195.1424692800.140209,QIICR Reporting via 3D Slicer / qin_lungct_seg,QIICR Reporting via 3D Slicer,qin_lungct_seg,lung_phantom,OK,1,1
1.2.276.0.7230010.3.1.3.0.33218.1424692845.821555,QIICR Reporting via 3D Slicer / qin_lungct_seg,QIICR Reporting via 3D Slicer,qin_lungct_seg,lung_phantom,OK,1,1
1.2.276.0.7230010.3.1.3.0.33238.1424692877.855206,QIICR Reporting via 3D Slicer / qin_lungct_seg,QIICR Reporting via 3D Slicer,qin_lungct_seg,lung_phantom,OK,1,1
1.2.276.0.7230010.3.1.3.0.33258.1424692912.306174,QIICR Reporting via 3D Slicer / qin_lungct_seg,QIICR Reporting via 3D Slicer,qin_lungct_seg,lung_phantom,OK,1,1
1.2.276.0.7230010.3.1.3.0.33278.1424692943.731552,QIICR Reporting via 3D Slicer / qin_lungct_seg,QIICR Reporting via 3D Slicer,qin_lungct_seg,lung_phantom,OK,1,1
1.2.276.0.7230010.3.1.3.0.33300.1424692975.793680,QIICR Reporting via 3D Slicer / qin_lungct_seg,QIICR Reporting via 3D Slicer,qin_lungct_seg,lung_phantom,OK,1,1
1.2.276.0.7230010.3.1.3.0.33320.1424693022.227177,QIICR Reporting via 3D Slicer / qin_lungct_seg,QIICR Reporting via 3D Slicer,qin_lungct_seg,lung_phantom,OK,1,1
1.2.276.0.7230010.3.1.3.0.33367.1424693059.490243,QIICR Reporting via 3D Slicer / qin_lungct_seg,QIICR Reporting via 3D Slicer,qin_lungct_seg,lung_phantom,OK,1,1
1.2.276.0.7230010.3.1.3.0.33390.1424693108.534687,QIICR Reporting via 3D Slicer / qin_lungct_seg,QIICR Reporting via 3D Slicer,qin_lungct_seg,lung_phantom,OK,1,1
1.2.276.0.7230010.3.1.3.0.33413.1424693150.449270,QIICR Reporting via 3D Slicer / qin_lungct_seg,QIICR Reporting via 3D Slicer,qin_lungct_seg,lung_phantom,OK,1,1
1.2.276.0.7230010.3.1.3.0.33434.1424693180.944772,QIICR Reporting via 3D Slicer / qin_lungct_seg,QIICR Reporting via 3D Slicer,qin_lungct_seg,lung_phantom,OK,1,1
1.2.276.0.7230010.3.1.3.0.33454.1424693226.234087,QIICR Reporting via 3D Slicer / qin_lungct_seg,QIICR Reporting via 3D Slicer,qin_lungct_seg,lung_phantom,OK,1,1
1.2.276.0.7230010.3.1.3.0.33474.1424693267.139001,QIICR Reporting via 3D Slicer / qin_lungct_seg,QIICR Reporting via 3D Slicer,qin_lungct_seg,lung_phantom,OK,1,1
1.2.276.0.7230010.3.1.3.0.33514.1424693332.840704,QIICR Reporting via 3D Slicer / qin_lungct_seg,QIICR Reporting via 3D Slicer,qin_lungct_seg,lung_phantom,OK,1,1
1.2.276.0.7230010.3.1.3.0.33534.1424693364.161311,QIICR Reporting via 3D Slicer / qin_lungct_seg,QIICR Reporting via 3D Slicer,qin_lungct_seg,lung_phantom,OK,1,1
1.2.276.0.7230010.3.1.3.0.33554.1424693410.307122,QIICR Reporting via 3D Slicer / qin_lungct_seg,QIICR Reporting via 3D Slicer,qin_lungct_seg,lung_phantom,OK,1,1
1.2.276.0.7230010.3.1.3.0.33574.1424693453.857842,QIICR Reporting via 3D Slicer / qin_lungct_seg,QIICR Reporting via 3D Slicer,qin_lungct_seg,lung_phantom,OK,1,1
1.2.276.0.7230010.3.1.3.0.33594.1424693484.359510,QIICR Reporting via 3D Slicer / qin_lungct_seg,QIICR Reporting via 3D Slicer,qin_lungct_seg,lung_phantom,OK,1,1
1.2.276.0.7230010.3.1.3.0.33614.1424693515.394061,QIICR Reporting via 3D Slicer / qin_lungct_seg,QIICR Reporting via 3D Slicer,qin_lungct_seg,lung_phantom,OK,1,1
1.2.276.0.7230010.3.1.3.0.33634.1424693545.895085,QIICR Reporting via 3D Slicer / qin_lungct_seg,QIICR Reporting via 3D Slicer,qin_lungct_seg,lung_phantom,OK,1,1
1.2.276.0.7230010.3.1.3.0.33656.1424693576.940643,QIICR Reporting via 3D Slicer / qin_lungct_seg,QIICR Reporting via 3D Slicer,qin_lungct_seg,lung_phantom,OK,1,1
1.2.276.0.7230010.3.1.3.0.33676.1424693607.913924,QIICR Reporting via 3D Slicer / qin_lungct_seg,QIICR Reporting via 3D Slicer,qin_lungct_seg,lung_phantom,OK,1,1
1.2.276.0.7230010.3.1.3.0.33718.1424693671.455729,QIICR Reporting via 3D Slicer / qin_lungct_seg,QIICR Reporting via 3D Slicer,qin_lungct_seg,lung_phantom,OK,1,1
1.2.276.0.7230010.3.1.3.0.33739.1424693706.776221,QIICR Reporting via 3D Slicer / qin_lungct_seg,QIICR Reporting via 3D Slicer,qin_lungct_seg,lung_phantom,OK,1,1
1.2.276.0.7230010.3.1.3.0.33761.1424693748.691604,QIICR Reporting via 3D Slicer / qin_lungct_seg,QIICR Reporting via 3D Slicer,qin_lungct_seg,lung_phantom,OK,1,1
1.2.276.0.7230010.3.1.3.0.33785.1424693780.719180,QIICR Reporting via 3D Slicer / qin_lungct_seg,QIICR Reporting via 3D Slicer,qin_lungct_seg,lung_phantom,OK,1,1
1.2.276.0.7230010.3.1.3.0.33805.1424693813.955685,QIICR Reporting via 3D Slicer / qin_lungct_seg,QIICR Reporting via 3D Slicer,qin_lungct_seg,lung_phantom,OK,1,1
1.2.276.0.7230010.3.1.3.0.33825.1424693852.379867,QIICR Reporting via 3D Slicer / qin_lungct_seg,QIICR Reporting via 3D Slicer,qin_lungct_seg,lung_phantom,OK,1,1
1.2.276.0.7230010.3.1.3.0.33845.1424693899.363595,QIICR Reporting via 3D Slicer / qin_lungct_seg,QIICR Reporting via 3D Slicer,qin_lungct_seg,lung_phantom,OK,1,1
1.2.276.0.7230010.3.1.3.0.33867.1424693930.238171,QIICR Reporting via 3D Slicer / qin_lungct_seg,QIICR Reporting via 3D Slicer,qin_lungct_seg,lung_phantom,OK,1,1
1.2.276.0.7230010.3.1.3.0.33887.1424693972.289679,QIICR Reporting via 3D Slicer / qin_lungct_seg,QIICR Reporting via 3D Slicer,qin_lungct_seg,lung_phantom,OK,1,1
1.2.276.0.7230010.3.1.3.0.33909.1424694018.731110,QIICR Reporting via 3D Slicer / qin_lungct_seg,QIICR Reporting via 3D Slicer,qin_lungct_seg,lung_phantom,OK,1,1
1.2.276.0.7230010.3.1.3.0.33952.1424694084.417307,QIICR Reporting via 3D Slicer / qin_lungct_seg,QIICR Reporting via 3D Slicer,qin_lungct_seg,lung_phantom,OK,1,1
1.2.276.0.7230010.3.1.3.0.33977.1424694116.118989,QIICR Reporting via 3D Slicer / qin_lungct_seg,QIICR Reporting via 3D Slicer,qin_lungct_seg,lung_phantom,OK,1,1
1.2.276.0.7230010.3.1.3.0.33998.1424694147.469199,QIICR Reporting via 3D Slicer / qin_lungct_seg,QIICR Reporting via 3D Slicer,qin_lungct_seg,lung_phantom,OK,1,1
1.2.276.0.7230010.3.1.3.0.34040.1424694232.931888,QIICR Reporting via 3D Slicer / qin_lungct_seg,QIICR Reporting via 3D Slicer,qin_lungct_seg,lung_phantom,OK,1,1
1.2.276.0.7230010.3.1.3.0.34060.1424694264.193820,QIICR Reporting via 3D Slicer / qin_lungct_seg,QIICR Reporting via 3D Slicer,qin_lungct_seg,lung_phantom,OK,1,1
1.2.276.0.7230010.3.1.3.0.34080.1424694310.299097,QIICR Reporting via 3D Slicer / qin_lungct_seg,QIICR Reporting via 3D Slicer,qin_lungct_seg,lung_phantom,OK,1,1
1.2.276.0.7230010.3.1.3.0.34100.1424694357.206064,QIICR Reporting via 3D Slicer / qin_lungct_seg,QIICR Reporting via 3D Slicer,qin_lungct_seg,lung_phantom,OK,1,1
1.2.276.0.7230010.3.1.3.0.34120.1424694403.543341,QIICR Reporting via 3D Slicer / qin_lungct_seg,QIICR Reporting via 3D Slicer,qin_lungct_seg,lung_phantom,OK,1,1
1.2.276.0.7230010.3.1.3.0.34140.1424694437.896070,QIICR Reporting via 3D Slicer / qin_lungct_seg,QIICR Reporting via 3D Slicer,qin_lungct_seg,lung_phantom,OK,1,1
1.2.276.0.7230010.3.1.3.0.34160.1424694470.354273,QIICR Reporting via 3D Slicer / qin_lungct_seg,QIICR Reporting via 3D Slicer,qin_lungct_seg,lung_phantom,OK,1,1
1.2.276.0.7230010.3.1.3.0.34180.1424694502.380883,QIICR Reporting via 3D Slicer / qin_lungct_seg,QIICR Reporting via 3D Slicer,qin_lungct_seg,lung_phantom,OK,1,1
1.2.276.0.7230010.3.1.3.0.34200.1424694533.952438,QIICR Reporting via 3D Slicer / qin_lungct_seg,QIICR Reporting via 3D Slicer,qin_lungct_seg,lung_phantom,OK,1,1
1.2.276.0.7230010.3.1.3.0.34220.1424694565.324590,QIICR Reporting via 3D Slicer / qin_lungct_seg,QIICR Reporting via 3D Slicer,qin_lungct_seg,lung_phantom,OK,1,1
1.2.276.0.7230010.3.1.3.0.34240.1424694596.434564,QIICR Reporting via 3D Slicer / qin_lungct_seg,QIICR Reporting via 3D Slicer,qin_lungct_seg,lung_phantom,OK,1,1
1.2.276.0.7230010.3.1.3.0.34262.1424694627.796835,QIICR Reporting via 3D Slicer / qin_lungct_seg,QIICR Reporting via 3D Slicer,qin_lungct_seg,lung_phantom,OK,1,1
1.2.276.0.7230010.3.1.3.0.34283.1424694661.302284,QIICR Reporting via 3D Slicer / qin_lungct_seg,QIICR Reporting via 3D Slicer,qin_lungct_seg,lung_phantom,OK,1,1
1.2.276.0.7230010.3.1.3.0.34365.1424694800.882404,QIICR Reporting via 3D Slicer / qin_lungct_seg,QIICR Reporting via 3D Slicer,qin_lungct_seg,lung_phantom,OK,1,1
1.2.276.0.7230010.3.1.3.0.34385.1424694833.427424,QIICR Reporting via 3D Slicer / qin_lungct_seg,QIICR Reporting via 3D Slicer,qin_lungct_seg,lung_phantom,OK,1,1
1.2.276.0.7230010.3.1.3.0.34406.1424694865.116179,QIICR Reporting via 3D Slicer / qin_lungct_seg,QIICR Reporting via 3D Slicer,qin_lungct_seg,lung_phantom,OK,1,1
1.2.276.0.7230010.3.1.3.0.34426.1424694902.348254,QIICR Reporting via 3D Slicer / qin_lungct_seg,QIICR Reporting via 3D Slicer,qin_lungct_seg,lung_phantom,OK,1,1
1.2.276.0.7230010.3.1.3.0.34446.1424694949.776327,QIICR Reporting via 3D Slicer / qin_lungct_seg,QIICR Reporting via 3D Slicer,qin_lungct_seg,lung_phantom,OK,1,1
1.2.276.0.7230010.3.1.3.0.34466.1424694980.893134,QIICR Reporting via 3D Slicer / qin_lungct_seg,QIICR Reporting via 3D Slicer,qin_lungct_seg,lung_phantom,OK,1,1
1.2.276.0.7230010.3.1.3.0.32322.1424660446.720973,QIICR Reporting via 3D Slicer / qin_lungct_seg,QIICR Reporting via 3D Slicer,qin_lungct_seg,lung_phantom,OK,1,1
1.2.276.0.7230010.3.1.3.0.32382.1424660552.503189,QIICR Reporting via 3D Slicer / qin_lungct_seg,QIICR Reporting via 3D Slicer,qin_lungct_seg,lung_phantom,OK,1,1
1.2.276.0.7230010.3.1.3.0.32402.1424660604.562472,QIICR Reporting via 3D Slicer / qin_lungct_seg,QIICR Reporting via 3D Slicer,qin_lungct_seg,lung_phantom,OK,1,1
1.2.276.0.7230010.3.1.3.0.32423.1424660650.923422,QIICR Reporting via 3D Slicer / qin_lungct_seg,QIICR Reporting via 3D Slicer,qin_lungct_seg,lung_phantom,OK,1,1
1.2.276.0.7230010.3.1.3.0.32464.1424660724.400766,QIICR Reporting via 3D Slicer / qin_lungct_seg,QIICR Reporting via 3D Slicer,qin_lungct_seg,lung_phantom,OK,1,1
1.2.276.0.7230010.3.1.3.0.32484.1424660756.838781,QIICR Reporting via 3D Slicer / qin_lungct_seg,QIICR Reporting via 3D Slicer,qin_lungct_seg,lung_phantom,OK,1,1
1.2.276.0.7230010.3.1.3.0.32504.1424660797.273462,QIICR Reporting via 3D Slicer / qin_lungct_seg,QIICR Reporting via 3D Slicer,qin_lungct_seg,lung_phantom,OK,1,1
1.2.276.0.7230010.3.1.3.0.32544.1424660878.856551,QIICR Reporting via 3D Slicer / qin_lungct_seg,QIICR Reporting via 3D Slicer,qin_lungct_seg,lung_phantom,OK,1,1
1.2.276.0.7230010.3.1.3.0.32564.1424660919.866712,QIICR Reporting via 3D Slicer / qin_lungct_seg,QIICR Reporting via 3D Slicer,qin_lungct_seg,lung_phantom,OK,1,1
1.2.276.0.7230010.3.1.3.0.32584.1424660952.751958,QIICR Reporting via 3D Slicer / qin_lungct_seg,QIICR Reporting via 3D Slicer,qin_lungct_seg,lung_phantom,OK,1,1
1.2.276.0.7230010.3.1.3.0.32604.1424661001.369942,QIICR Reporting via 3D Slicer / qin_lungct_seg,QIICR Reporting via 3D Slicer,qin_lungct_seg,lung_phantom,OK,1,1
1.2.276.0.7230010.3.1.3.0.32627.1424667513.975217,QIICR Reporting via 3D Slicer / qin_lungct_seg,QIICR Reporting via 3D Slicer,qin_lungct_seg,lung_phantom,OK,1,1
1.2.276.0.7230010.3.1.3.0.32649.1424667545.918537,QIICR Reporting via 3D Slicer / qin_lungct_seg,QIICR Reporting via 3D Slicer,qin_lungct_seg,lung_phantom,OK,1,1
1.2.276.0.7230010.3.1.3.0.32669.1424671831.707479,QIICR Reporting via 3D Slicer / qin_lungct_seg,QIICR Reporting via 3D Slicer,qin_lungct_seg,lung_phantom,OK,1,1
1.2.276.0.7230010.3.1.3.0.32695.1424678354.554202,QIICR Reporting via 3D Slicer / qin_lungct_seg,QIICR Reporting via 3D Slicer,qin_lungct_seg,lung_phantom,OK,1,1
1.2.276.0.7230010.3.1.3.0.32718.1424678386.823192,QIICR Reporting via 3D Slicer / qin_lungct_seg,QIICR Reporting via 3D Slicer,qin_lungct_seg,lung_phantom,OK,1,1
1.2.276.0.7230010.3.1.3.0.32739.1424684894.783234,QIICR Reporting via 3D Slicer / qin_lungct_seg,QIICR Reporting via 3D Slicer,qin_lungct_seg,lung_phantom,OK,1,1
1.2.276.0.7230010.3.1.3.0.32766.1424691418.873582,QIICR Reporting via 3D Slicer / qin_lungct_seg,QIICR Reporting via 3D Slicer,qin_lungct_seg,lung_phantom,OK,1,1
1.2.276.0.7230010.3.1.3.0.32793.1424691453.461981,QIICR Reporting via 3D Slicer / qin_lungct_seg,QIICR Reporting via 3D Slicer,qin_lungct_seg,lung_phantom,OK,1,1
1.2.276.0.7230010.3.1.3.0.32815.1424692265.541921,QIICR Reporting via 3D Slicer / qin_lungct_seg,QIICR Reporting via 3D Slicer,qin_lungct_seg,lung_phantom,OK,1,1
1.2.276.0.7230010.3.1.3.0.32854.1424692304.205050,QIICR Reporting via 3D Slicer / qin_lungct_seg,QIICR Reporting via 3D Slicer,qin_lungct_seg,lung_phantom,OK,1,1
1.2.276.0.7230010.3.1.3.0.32876.1424692336.642912,QIICR Reporting via 3D Slicer / qin_lungct_seg,QIICR Reporting via 3D Slicer,qin_lungct_seg,lung_phantom,OK,1,1
1.2.276.0.7230010.3.1.3.0.32896.1424692369.660109,QIICR Reporting via 3D Slicer / qin_lungct_seg,QIICR Reporting via 3D Slicer,qin_lungct_seg,lung_phantom,OK,1,1
1.2.276.0.7230010.3.1.3.481034752.185699.1664397309.8015,dcmqi / nnu_net_bpr_annotations,dcmqi,nnu_net_bpr_annotations,nsclc_radiomics,OK,1,1
1.2.276.0.7230010.3.1.3.481034752.159367.1664373155.663422,dcmqi / nnu_net_bpr_annotations,dcmqi,nnu_net_bpr_annotations,nsclc_radiomics,OK,1,1
1.2.276.0.7230010.3.1.3.481034752.181257.1665650797.877099,dcmqi / nnu_net_bpr_annotations,dcmqi,nnu_net_bpr_annotations,nsclc_radiomics,OK,1,1
1.2.276.0.7230010.3.1.3.481034752.120358.1665638437.509612,dcmqi / nnu_net_bpr_annotations,dcmqi,nnu_net_bpr_annotations,nsclc_radiomics,OK,1,1
1.2.276.0.7230010.3.1.3.481034752.20173.1661476032.455701,dcmqi / nnu_net_bpr_annotations,dcmqi,nnu_net_bpr_annotations,nlst,OK,1,1
1.2.276.0.7230010.3.1.3.481034752.258264.1664460517.797127,dcmqi / nnu_net_bpr_annotations,dcmqi,nnu_net_bpr_annotations,nsclc_radiomics,OK,1,1
1.3.6.1.4.1.14519.5.2.1.49462289714884106360293056667326265564,dcmqi / (null),dcmqi,(null),advanced_mri_breast_lesions,OK,1,1
1.3.6.1.4.1.14519.5.2.1.1998036977917545091044513638128368853,dcmqi / (null),dcmqi,(null),advanced_mri_breast_lesions,OK,1,1
1.3.6.1.4.1.14519.5.2.1.119142004343187028794178459778369378149,dcmqi / (null),dcmqi,(null),advanced_mri_breast_lesions,OK,1,1
1.3.6.1.4.1.14519.5.2.1.289398221030395843045132858335876808179,dcmqi / (null),dcmqi,(null),advanced_mri_breast_lesions,OK,1,1
1.2.276.0.7230010.3.1.3.481034752.439061.1665717773.180366,dcmqi / nnu_net_bpr_annotations,dcmqi,nnu_net_bpr_annotations,nsclc_radiomics,OK,1,1
1.2.276.0.7230010.3.1.3.481034752.141796.1665642699.213083,dcmqi / nnu_net_bpr_annotations,dcmqi,nnu_net_bpr_annotations,nsclc_radiomics,OK,1,1
1.2.276.0.7230010.3.1.3.481034752.236574.1665678022.112849,dcmqi / nnu_net_bpr_annotations,dcmqi,nnu_net_bpr_annotations,nsclc_radiomics,OK,1,1
1.2.276.0.7230010.3.1.3.481034752.38634.1666027025.828889,dcmqi / nnu_net_bpr_annotations,dcmqi,nnu_net_bpr_annotations,nsclc_radiomics,OK,1,1
1.2.276.0.7230010.3.1.3.17436516.2287038.1720642610.325200,dcmqi / bamf_aimi_annotations,dcmqi,bamf_aimi_annotations,anti_pd_1_lung,OK,1,1
1.2.276.0.7230010.3.1.3.17436516.3097861.1720666500.628326,dcmqi / bamf_aimi_annotations,dcmqi,bamf_aimi_annotations,nlst,OK,1,1
1.2.276.0.7230010.3.1.3.481034752.101310.1664323107.381196,dcmqi / nnu_net_bpr_annotations,dcmqi,nnu_net_bpr_annotations,nsclc_radiomics,OK,1,1
1.2.276.0.7230010.3.1.3.481034752.217890.1661558592.995178,dcmqi / nnu_net_bpr_annotations,dcmqi,nnu_net_bpr_annotations,nlst,OK,1,1
1.2.276.0.7230010.3.1.3.481034752.144859.1661528548.670129,dcmqi / nnu_net_bpr_annotations,dcmqi,nnu_net_bpr_annotations,nlst,OK,1,1
1.2.276.0.7230010.3.1.3.481034752.244356.1664448856.849733,dcmqi / nnu_net_bpr_annotations,dcmqi,nnu_net_bpr_annotations,nsclc_radiomics,OK,1,1
1.2.276.0.7230010.3.1.3.481034752.73490.1664298819.414288,dcmqi / nnu_net_bpr_annotations,dcmqi,nnu_net_bpr_annotations,nsclc_radiomics,OK,1,1
1.3.6.1.4.1.14519.5.2.1.4334.1501.236062790672306523988107834307,QIICR Reporting via 3D Slicer / (null),QIICR Reporting via 3D Slicer,(null),nsclc_radiogenomics,OK,1,1
1.3.6.1.4.1.14519.5.2.1.9203.8273.580707436512189598251623773649,dcmqi / (null),dcmqi,(null),colorectal_liver_metastases,OK,1,1
1.2.276.0.7230010.3.1.3.481034752.71906.1665628474.939249,dcmqi / nnu_net_bpr_annotations,dcmqi,nnu_net_bpr_annotations,nsclc_radiomics,OK,1,1
1.2.276.0.7230010.3.1.3.481034752.23672.1666024358.231451,dcmqi / nnu_net_bpr_annotations,dcmqi,nnu_net_bpr_annotations,nsclc_radiomics,OK,1,1
1.2.276.0.7230010.3.1.3.481034752.279543.1665686532.199043,dcmqi / nnu_net_bpr_annotations,dcmqi,nnu_net_bpr_annotations,nsclc_radiomics,OK,1,1
1.2.276.0.7230010.3.1.3.481034752.119667.1665638285.707290,dcmqi / nnu_net_bpr_annotations,dcmqi,nnu_net_bpr_annotations,nsclc_radiomics,OK,1,1
1.2.276.0.7230010.3.1.3.481034752.62471.1666031141.725881,dcmqi / nnu_net_bpr_annotations,dcmqi,nnu_net_bpr_annotations,nsclc_radiomics,OK,1,1
1.2.276.0.7230010.3.1.3.481034752.58048.1665625626.442438,dcmqi / nnu_net_bpr_annotations,dcmqi,nnu_net_bpr_annotations,nsclc_radiomics,OK,1,1
1.2.276.0.7230010.3.1.3.481034752.84325.1664308694.250690,dcmqi / nnu_net_bpr_annotations,dcmqi,nnu_net_bpr_annotations,nsclc_radiomics,OK,1,1
1.2.276.0.7230010.3.1.3.17436516.3142591.1720666988.447712,dcmqi / bamf_aimi_annotations,dcmqi,bamf_aimi_annotations,nlst,OK,1,1
1.3.6.1.4.1.14519.5.2.1.4334.1501.226236565858406573094870786818,QIICR Reporting via 3D Slicer / (null),QIICR Reporting via 3D Slicer,(null),nsclc_radiogenomics,OK,1,1
1.3.6.1.4.1.14519.5.2.1.4334.1501.301553982777231053687170179705,QIICR Reporting via 3D Slicer / (null),QIICR Reporting via 3D Slicer,(null),nsclc_radiogenomics,OK,1,1
1.3.6.1.4.1.14519.5.2.1.4334.1501.164622915575604977336225755415,QIICR Reporting via 3D Slicer / (null),QIICR Reporting via 3D Slicer,(null),nsclc_radiogenomics,OK,1,1
1.3.6.1.4.1.14519.5.2.1.4334.1501.132997842525072015462745715101,QIICR Reporting via 3D Slicer / (null),QIICR Reporting via 3D Slicer,(null),nsclc_radiogenomics,OK,1,1
1.3.6.1.4.1.14519.5.2.1.4334.1501.292514809927539190627790380698,QIICR Reporting via 3D Slicer / (null),QIICR Reporting via 3D Slicer,(null),nsclc_radiogenomics,OK,1,1
1.3.6.1.4.1.14519.5.2.1.4334.1501.247334234483994199924837783138,QIICR Reporting via 3D Slicer / (null),QIICR Reporting via 3D Slicer,(null),nsclc_radiogenomics,OK,1,1
1.3.6.1.4.1.14519.5.2.1.324460708406654421416700157718514365502,not identifiable from index / (null),not identifiable from index,(null),ispy2,OK,1,1
1.2.276.0.7230010.3.1.3.481034752.171547.1665648806.532848,dcmqi / nnu_net_bpr_annotations,dcmqi,nnu_net_bpr_annotations,nsclc_radiomics,OK,1,1
1.2.276.0.7230010.3.1.3.481034752.73323.1666032961.435809,dcmqi / nnu_net_bpr_annotations,dcmqi,nnu_net_bpr_annotations,nsclc_radiomics,OK,1,1
1.2.276.0.7230010.3.1.3.481034752.177094.1665649945.348313,dcmqi / nnu_net_bpr_annotations,dcmqi,nnu_net_bpr_annotations,nsclc_radiomics,OK,1,1
1.2.276.0.7230010.3.1.3.481034752.162446.1664376096.134829,dcmqi / nnu_net_bpr_annotations,dcmqi,nnu_net_bpr_annotations,nsclc_radiomics,OK,1,1
1.2.276.0.7230010.3.1.3.0.10760.1415313529.57609,QIICR Reporting via 3D Slicer / qin_lungct_seg,QIICR Reporting via 3D Slicer,qin_lungct_seg,rider_lung_ct,OK,1,1
1.2.276.0.7230010.3.1.3.0.10591.1415313365.363224,QIICR Reporting via 3D Slicer / qin_lungct_seg,QIICR Reporting via 3D Slicer,qin_lungct_seg,rider_lung_ct,OK,1,1
1.2.276.0.7230010.3.1.3.0.10617.1415313388.103540,QIICR Reporting via 3D Slicer / qin_lungct_seg,QIICR Reporting via 3D Slicer,qin_lungct_seg,rider_lung_ct,OK,1,1
1.2.276.0.7230010.3.1.3.0.10641.1415313420.767964,QIICR Reporting via 3D Slicer / qin_lungct_seg,QIICR Reporting via 3D Slicer,qin_lungct_seg,rider_lung_ct,OK,1,1
1.2.276.0.7230010.3.1.3.0.10664.1415313442.539226,QIICR Reporting via 3D Slicer / qin_lungct_seg,QIICR Reporting via 3D Slicer,qin_lungct_seg,rider_lung_ct,OK,1,1
1.2.276.0.7230010.3.1.3.0.10686.1415313464.235197,QIICR Reporting via 3D Slicer / qin_lungct_seg,QIICR Reporting via 3D Slicer,qin_lungct_seg,rider_lung_ct,OK,1,1
1.2.276.0.7230010.3.1.3.0.10710.1415313485.857265,QIICR Reporting via 3D Slicer / qin_lungct_seg,QIICR Reporting via 3D Slicer,qin_lungct_seg,rider_lung_ct,OK,1,1
1.2.276.0.7230010.3.1.3.0.10735.1415313507.510046,QIICR Reporting via 3D Slicer / qin_lungct_seg,QIICR Reporting via 3D Slicer,qin_lungct_seg,rider_lung_ct,OK,1,1
1.2.276.0.7230010.3.1.3.0.10783.1415313561.714862,QIICR Reporting via 3D Slicer / qin_lungct_seg,QIICR Reporting via 3D Slicer,qin_lungct_seg,rider_lung_ct,OK,1,1
1.3.6.1.4.1.14519.5.2.1.4334.1501.328946303281999692590050921584,QIICR Reporting via 3D Slicer / (null),QIICR Reporting via 3D Slicer,(null),nsclc_radiogenomics,OK,1,1
1.3.6.1.4.1.14519.5.2.1.4334.1501.284039221596543648464863426378,QIICR Reporting via 3D Slicer / (null),QIICR Reporting via 3D Slicer,(null),nsclc_radiogenomics,OK,1,1
1.2.276.0.7230010.3.1.3.481034752.315246.1665696620.908719,dcmqi / nnu_net_bpr_annotations,dcmqi,nnu_net_bpr_annotations,nsclc_radiomics,OK,1,1
1.2.276.0.7230010.3.1.3.481034752.253207.1665681350.265992,dcmqi / nnu_net_bpr_annotations,dcmqi,nnu_net_bpr_annotations,nsclc_radiomics,OK,1,1
1.2.276.0.7230010.3.1.3.481034752.88957.1664312527.960947,dcmqi / nnu_net_bpr_annotations,dcmqi,nnu_net_bpr_annotations,nsclc_radiomics,OK,1,1
1.3.6.1.4.1.14519.5.2.1.4334.1501.823432736069981885282672389159,QIICR Reporting via 3D Slicer / (null),QIICR Reporting via 3D Slicer,(null),nsclc_radiogenomics,OK,1,1
1.2.276.0.7230010.3.1.3.481034752.66539.1664292861.520694,dcmqi / nnu_net_bpr_annotations,dcmqi,nnu_net_bpr_annotations,nsclc_radiomics,OK,1,1
1.3.6.1.4.1.14519.5.2.1.4334.1501.259457819093469698789835138511,QIICR Reporting via 3D Slicer / (null),QIICR Reporting via 3D Slicer,(null),nsclc_radiogenomics,OK,1,1
1.3.6.1.4.1.14519.5.2.1.4334.1501.142853031813998654275885617348,QIICR Reporting via 3D Slicer / (null),QIICR Reporting via 3D Slicer,(null),nsclc_radiogenomics,OK,1,1
1.2.276.0.7230010.3.1.3.481034752.271232.1665684923.46072,dcmqi / nnu_net_bpr_annotations,dcmqi,nnu_net_bpr_annotations,nsclc_radiomics,OK,1,1
1.2.276.0.7230010.3.1.3.481034752.212979.1665672946.170008,dcmqi / nnu_net_bpr_annotations,dcmqi,nnu_net_bpr_annotations,nsclc_radiomics,OK,1,1
1.2.276.0.7230010.3.1.3.481034752.7670.1661470695.414181,dcmqi / nnu_net_bpr_annotations,dcmqi,nnu_net_bpr_annotations,nlst,OK,1,1
1.2.276.0.7230010.3.1.3.17436516.3267339.1720668463.459451,dcmqi / bamf_aimi_annotations,dcmqi,bamf_aimi_annotations,nlst,OK,1,1
1.3.6.1.4.1.14519.5.2.1.4334.1501.206087519999988039587427204953,QIICR Reporting via 3D Slicer / (null),QIICR Reporting via 3D Slicer,(null),nsclc_radiogenomics,OK,1,1
1.3.6.1.4.1.14519.5.2.1.4334.1501.188390605745620048862917115581,QIICR Reporting via 3D Slicer / (null),QIICR Reporting via 3D Slicer,(null),nsclc_radiogenomics,OK,1,1
1.3.6.1.4.1.14519.5.2.1.4334.1501.148164935225759554966798430982,QIICR Reporting via 3D Slicer / (null),QIICR Reporting via 3D Slicer,(null),nsclc_radiogenomics,OK,1,1
1.3.6.1.4.1.14519.5.2.1.9203.8273.336263263039990888583467107447,dcmqi / (null),dcmqi,(null),colorectal_liver_metastases,OK,1,1
1.2.276.0.7230010.3.1.3.481034752.179778.1661542562.670654,dcmqi / nnu_net_bpr_annotations,dcmqi,nnu_net_bpr_annotations,nlst,OK,1,1
1.2.276.0.7230010.3.1.3.0.15819.1415376130.690769,QIICR Reporting via 3D Slicer / qin_lungct_seg,QIICR Reporting via 3D Slicer,qin_lungct_seg,lidc_idri,OK,1,1
1.2.276.0.7230010.3.1.3.0.15842.1415376152.993531,QIICR Reporting via 3D Slicer / qin_lungct_seg,QIICR Reporting via 3D Slicer,qin_lungct_seg,lidc_idri,OK,1,1
1.2.276.0.7230010.3.1.3.0.15867.1415376186.569926,QIICR Reporting via 3D Slicer / qin_lungct_seg,QIICR Reporting via 3D Slicer,qin_lungct_seg,lidc_idri,OK,1,1
1.2.276.0.7230010.3.1.3.0.15889.1415376208.936929,QIICR Reporting via 3D Slicer / qin_lungct_seg,QIICR Reporting via 3D Slicer,qin_lungct_seg,lidc_idri,OK,1,1
1.2.276.0.7230010.3.1.3.0.15915.1415376243.526699,QIICR Reporting via 3D Slicer / qin_lungct_seg,QIICR Reporting via 3D Slicer,qin_lungct_seg,lidc_idri,OK,1,1
1.2.276.0.7230010.3.1.3.0.15939.1415376265.557277,QIICR Reporting via 3D Slicer / qin_lungct_seg,QIICR Reporting via 3D Slicer,qin_lungct_seg,lidc_idri,OK,1,1
1.2.276.0.7230010.3.1.3.0.15963.1415376302.600961,QIICR Reporting via 3D Slicer / qin_lungct_seg,QIICR Reporting via 3D Slicer,qin_lungct_seg,lidc_idri,OK,1,1
1.2.276.0.7230010.3.1.3.0.15990.1415376325.211644,QIICR Reporting via 3D Slicer / qin_lungct_seg,QIICR Reporting via 3D Slicer,qin_lungct_seg,lidc_idri,OK,1,1
1.2.276.0.7230010.3.1.3.0.16013.1415376370.348750,QIICR Reporting via 3D Slicer / qin_lungct_seg,QIICR Reporting via 3D Slicer,qin_lungct_seg,lidc_idri,OK,1,1
1.3.6.1.4.1.14519.5.2.1.179496406347631224137087024344303352596,not identifiable from index / (null),not identifiable from index,(null),ispy2,OK,1,1
1.2.276.0.7230010.3.1.3.481034752.245901.1664450188.90553,dcmqi / nnu_net_bpr_annotations,dcmqi,nnu_net_bpr_annotations,nsclc_radiomics,OK,1,1
1.2.276.0.7230010.3.1.3.481034752.43025.1663745027.721384,dcmqi / nnu_net_bpr_annotations,dcmqi,nnu_net_bpr_annotations,nsclc_radiomics,OK,1,1
1.2.276.0.7230010.3.1.3.481034752.122236.1664341664.566890,dcmqi / nnu_net_bpr_annotations,dcmqi,nnu_net_bpr_annotations,nsclc_radiomics,OK,1,1
1.3.6.1.4.1.14519.5.2.1.4334.1501.324064229649032950193423020717,QIICR Reporting via 3D Slicer / (null),QIICR Reporting via 3D Slicer,(null),nsclc_radiogenomics,OK,1,1
1.2.276.0.7230010.3.1.3.481034752.225576.1661561977.24224,dcmqi / nnu_net_bpr_annotations,dcmqi,nnu_net_bpr_annotations,nlst,OK,1,1
1.3.6.1.4.1.14519.5.2.1.4334.1501.317357607023186250458451186040,QIICR Reporting via 3D Slicer / (null),QIICR Reporting via 3D Slicer,(null),nsclc_radiogenomics,OK,1,1
1.2.276.0.7230010.3.1.3.481034752.487026.1661669868.734609,dcmqi / nnu_net_bpr_annotations,dcmqi,nnu_net_bpr_annotations,nlst,OK,1,1
1.2.276.0.7230010.3.1.3.481034752.67236.1666031957.978725,dcmqi / nnu_net_bpr_annotations,dcmqi,nnu_net_bpr_annotations,nsclc_radiomics,OK,1,1
1.2.276.0.7230010.3.1.3.481034752.278158.1665686243.915705,dcmqi / nnu_net_bpr_annotations,dcmqi,nnu_net_bpr_annotations,nsclc_radiomics,OK,1,1
1.2.276.0.7230010.3.1.3.0.8416.1415311137.480634,QIICR Reporting via 3D Slicer / qin_lungct_seg,QIICR Reporting via 3D Slicer,qin_lungct_seg,rider_lung_ct,OK,1,1
1.2.276.0.7230010.3.1.3.0.8443.1415311161.954897,QIICR Reporting via 3D Slicer / qin_lungct_seg,QIICR Reporting via 3D Slicer,qin_lungct_seg,rider_lung_ct,OK,1,1
1.2.276.0.7230010.3.1.3.0.8480.1415311184.765479,QIICR Reporting via 3D Slicer / qin_lungct_seg,QIICR Reporting via 3D Slicer,qin_lungct_seg,rider_lung_ct,OK,1,1
1.2.276.0.7230010.3.1.3.0.8508.1415311207.56361,QIICR Reporting via 3D Slicer / qin_lungct_seg,QIICR Reporting via 3D Slicer,qin_lungct_seg,rider_lung_ct,OK,1,1
1.2.276.0.7230010.3.1.3.0.8531.1415311229.445891,QIICR Reporting via 3D Slicer / qin_lungct_seg,QIICR Reporting via 3D Slicer,qin_lungct_seg,rider_lung_ct,OK,1,1
1.2.276.0.7230010.3.1.3.0.8572.1415311261.664603,QIICR Reporting via 3D Slicer / qin_lungct_seg,QIICR Reporting via 3D Slicer,qin_lungct_seg,rider_lung_ct,OK,1,1
1.2.276.0.7230010.3.1.3.0.8608.1415311284.922094,QIICR Reporting via 3D Slicer / qin_lungct_seg,QIICR Reporting via 3D Slicer,qin_lungct_seg,rider_lung_ct,OK,1,1
1.2.276.0.7230010.3.1.3.0.8637.1415311310.601166,QIICR Reporting via 3D Slicer / qin_lungct_seg,QIICR Reporting via 3D Slicer,qin_lungct_seg,rider_lung_ct,OK,1,1
1.2.276.0.7230010.3.1.3.0.8666.1415311336.100734,QIICR Reporting via 3D Slicer / qin_lungct_seg,QIICR Reporting via 3D Slicer,qin_lungct_seg,rider_lung_ct,OK,1,1
1.2.276.0.7230010.3.1.3.0.14497.1415374847.43798,QIICR Reporting via 3D Slicer / qin_lungct_seg,QIICR Reporting via 3D Slicer,qin_lungct_seg,lidc_idri,OK,1,1
1.2.276.0.7230010.3.1.3.0.14569.1415374958.99477,QIICR Reporting via 3D Slicer / qin_lungct_seg,QIICR Reporting via 3D Slicer,qin_lungct_seg,lidc_idri,OK,1,1
1.2.276.0.7230010.3.1.3.0.14429.1415374771.709289,QIICR Reporting via 3D Slicer / qin_lungct_seg,QIICR Reporting via 3D Slicer,qin_lungct_seg,lidc_idri,OK,1,1
1.2.276.0.7230010.3.1.3.0.14453.1415374823.302322,QIICR Reporting via 3D Slicer / qin_lungct_seg,QIICR Reporting via 3D Slicer,qin_lungct_seg,lidc_idri,OK,1,1
1.2.276.0.7230010.3.1.3.0.14521.1415374870.332384,QIICR Reporting via 3D Slicer / qin_lungct_seg,QIICR Reporting via 3D Slicer,qin_lungct_seg,lidc_idri,OK,1,1
1.2.276.0.7230010.3.1.3.0.14546.1415374905.407939,QIICR Reporting via 3D Slicer / qin_lungct_seg,QIICR Reporting via 3D Slicer,qin_lungct_seg,lidc_idri,OK,1,1
1.2.276.0.7230010.3.1.3.0.14599.1415374981.953731,QIICR Reporting via 3D Slicer / qin_lungct_seg,QIICR Reporting via 3D Slicer,qin_lungct_seg,lidc_idri,OK,1,1
1.2.276.0.7230010.3.1.3.0.14624.1415375006.369678,QIICR Reporting via 3D Slicer / qin_lungct_seg,QIICR Reporting via 3D Slicer,qin_lungct_seg,lidc_idri,OK,1,1
1.2.276.0.7230010.3.1.3.0.14651.1415375035.818776,QIICR Reporting via 3D Slicer / qin_lungct_seg,QIICR Reporting via 3D Slicer,qin_lungct_seg,lidc_idri,OK,1,1
1.3.6.1.4.1.14519.5.2.1.4334.1501.618620867852883080636416283633,QIICR Reporting via 3D Slicer / (null),QIICR Reporting via 3D Slicer,(null),nsclc_radiogenomics,OK,1,1
1.3.6.1.4.1.14519.5.2.1.4334.1501.175860500810555971425703279012,QIICR Reporting via 3D Slicer / (null),QIICR Reporting via 3D Slicer,(null),nsclc_radiogenomics,OK,1,1
1.2.276.0.7230010.3.1.3.481034752.293042.1661589295.205944,dcmqi / nnu_net_bpr_annotations,dcmqi,nnu_net_bpr_annotations,nlst,OK,1,1
1.2.276.0.7230010.3.1.3.481034752.258059.1665682312.115832,dcmqi / nnu_net_bpr_annotations,dcmqi,nnu_net_bpr_annotations,nsclc_radiomics,OK,1,1
1.3.6.1.4.1.14519.5.2.1.4334.1501.149734535659736932413354829341,QIICR Reporting via 3D Slicer / (null),QIICR Reporting via 3D Slicer,(null),nsclc_radiogenomics,OK,1,1
1.3.6.1.4.1.14519.5.2.1.4334.1501.504712369891056899258376109174,QIICR Reporting via 3D Slicer / (null),QIICR Reporting via 3D Slicer,(null),nsclc_radiogenomics,OK,1,1
1.3.6.1.4.1.14519.5.2.1.4334.1501.280247912967134279553354986894,QIICR Reporting via 3D Slicer / (null),QIICR Reporting via 3D Slicer,(null),nsclc_radiogenomics,OK,1,1
1.2.276.0.7230010.3.1.3.481034752.594423.1661718721.817573,dcmqi / nnu_net_bpr_annotations,dcmqi,nnu_net_bpr_annotations,nlst,OK,1,1
1.2.276.0.7230010.3.1.3.481034752.159808.1665646428.718202,dcmqi / nnu_net_bpr_annotations,dcmqi,nnu_net_bpr_annotations,nsclc_radiomics,OK,1,1
1.2.276.0.7230010.3.1.3.17436516.3212059.1720667733.226961,dcmqi / bamf_aimi_annotations,dcmqi,bamf_aimi_annotations,nlst,OK,1,1
1.2.276.0.7230010.3.1.3.0.10478.1415313198.35713,QIICR Reporting via 3D Slicer / qin_lungct_seg,QIICR Reporting via 3D Slicer,qin_lungct_seg,rider_lung_ct,OK,1,1
1.2.276.0.7230010.3.1.3.0.10501.1415313222.40431,QIICR Reporting via 3D Slicer / qin_lungct_seg,QIICR Reporting via 3D Slicer,qin_lungct_seg,rider_lung_ct,OK,1,1
1.2.276.0.7230010.3.1.3.0.10377.1415313055.241053,QIICR Reporting via 3D Slicer / qin_lungct_seg,QIICR Reporting via 3D Slicer,qin_lungct_seg,rider_lung_ct,OK,1,1
1.2.276.0.7230010.3.1.3.0.10401.1415313089.424398,QIICR Reporting via 3D Slicer / qin_lungct_seg,QIICR Reporting via 3D Slicer,qin_lungct_seg,rider_lung_ct,OK,1,1
1.2.276.0.7230010.3.1.3.0.10427.1415313124.207779,QIICR Reporting via 3D Slicer / qin_lungct_seg,QIICR Reporting via 3D Slicer,qin_lungct_seg,rider_lung_ct,OK,1,1
1.2.276.0.7230010.3.1.3.0.10453.1415313163.835317,QIICR Reporting via 3D Slicer / qin_lungct_seg,QIICR Reporting via 3D Slicer,qin_lungct_seg,rider_lung_ct,OK,1,1
1.2.276.0.7230010.3.1.3.0.10523.1415313253.878762,QIICR Reporting via 3D Slicer / qin_lungct_seg,QIICR Reporting via 3D Slicer,qin_lungct_seg,rider_lung_ct,OK,1,1
1.2.276.0.7230010.3.1.3.0.10546.1415313276.478656,QIICR Reporting via 3D Slicer / qin_lungct_seg,QIICR Reporting via 3D Slicer,qin_lungct_seg,rider_lung_ct,OK,1,1
1.2.276.0.7230010.3.1.3.0.10568.1415313312.527056,QIICR Reporting via 3D Slicer / qin_lungct_seg,QIICR Reporting via 3D Slicer,qin_lungct_seg,rider_lung_ct,OK,1,1
1.3.6.1.4.1.14519.5.2.1.4334.1501.312122932892925073258247711801,QIICR Reporting via 3D Slicer / (null),QIICR Reporting via 3D Slicer,(null),nsclc_radiogenomics,OK,1,1
1.2.826.0.1.3680043.10.511.3.43251126355933646945182050929549043,not identifiable from index / rms_mutation_prediction_expert_annotations,not identifiable from index,rms_mutation_prediction_expert_annotations,rms_mutation_prediction,OK,2,2
1.2.276.0.7230010.3.1.3.17436516.3988921.1714670636.808183,dcmqi / bamf_aimi_annotations,dcmqi,bamf_aimi_annotations,duke_breast_cancer_mri,OK,1,1
1.3.6.1.4.1.14519.5.2.1.4334.1501.264437861983006617803076701480,QIICR Reporting via 3D Slicer / (null),QIICR Reporting via 3D Slicer,(null),nsclc_radiogenomics,OK,1,1
1.2.276.0.7230010.3.1.3.481034752.100694.1661509394.627225,dcmqi / nnu_net_bpr_annotations,dcmqi,nnu_net_bpr_annotations,nlst,OK,1,1
1.3.6.1.4.1.14519.5.2.1.4334.1501.333377179222136826655775699291,QIICR Reporting via 3D Slicer / (null),QIICR Reporting via 3D Slicer,(null),nsclc_radiogenomics,OK,1,1
1.2.276.0.7230010.3.1.3.481034752.424772.1665715338.704276,dcmqi / nnu_net_bpr_annotations,dcmqi,nnu_net_bpr_annotations,nsclc_radiomics,OK,1,1
1.2.276.0.7230010.3.1.3.481034752.272939.1661581521.380246,dcmqi / nnu_net_bpr_annotations,dcmqi,nnu_net_bpr_annotations,nlst,OK,1,1
1.2.826.0.1.3680043.10.511.3.69286244234921779861292975767360477,not identifiable from index / rms_mutation_prediction_expert_annotations,not identifiable from index,rms_mutation_prediction_expert_annotations,rms_mutation_prediction,OK,2,2
1.2.276.0.7230010.3.1.3.481034752.414952.1661640123.98477,dcmqi / nnu_net_bpr_annotations,dcmqi,nnu_net_bpr_annotations,nlst,OK,1,1
1.2.276.0.7230010.3.1.3.481034752.27571.1663731554.381447,dcmqi / nnu_net_bpr_annotations,dcmqi,nnu_net_bpr_annotations,nsclc_radiomics,OK,1,1
1.2.276.0.7230010.3.1.3.481034752.307028.1661595322.472387,dcmqi / nnu_net_bpr_annotations,dcmqi,nnu_net_bpr_annotations,nlst,OK,1,1
1.2.276.0.7230010.3.1.3.481034752.102854.1664324561.809509,dcmqi / nnu_net_bpr_annotations,dcmqi,nnu_net_bpr_annotations,nsclc_radiomics,OK,1,1
1.3.6.1.4.1.14519.5.2.1.4334.1501.313030274005338531092711667501,QIICR Reporting via 3D Slicer / (null),QIICR Reporting via 3D Slicer,(null),nsclc_radiogenomics,OK,1,1
1.2.276.0.7230010.3.1.3.8323329.1133.1600928744.768622,dcmqi / (null),dcmqi,(null),hcc_tace_seg,OK,1,1
1.2.276.0.7230010.3.1.3.8323329.1349.1600928816.364790,dcmqi / (null),dcmqi,(null),hcc_tace_seg,OK,1,1
1.3.6.1.4.1.14519.5.2.1.4334.1501.168441709174711219394804464435,QIICR Reporting via 3D Slicer / (null),QIICR Reporting via 3D Slicer,(null),nsclc_radiogenomics,OK,1,1
1.2.276.0.7230010.3.1.3.481034752.286109.1661586691.503473,dcmqi / nnu_net_bpr_annotations,dcmqi,nnu_net_bpr_annotations,nlst,OK,1,1
1.2.276.0.7230010.3.1.3.481034752.464665.1661660504.762168,dcmqi / nnu_net_bpr_annotations,dcmqi,nnu_net_bpr_annotations,nlst,OK,1,1
1.2.276.0.7230010.3.1.3.481034752.459997.1661658673.984818,dcmqi / nnu_net_bpr_annotations,dcmqi,nnu_net_bpr_annotations,nlst,OK,1,1
1.2.276.0.7230010.3.1.3.0.8707.1415311381.489842,QIICR Reporting via 3D Slicer / qin_lungct_seg,QIICR Reporting via 3D Slicer,qin_lungct_seg,rider_lung_ct,OK,1,1
1.2.276.0.7230010.3.1.3.0.8754.1415311405.997629,QIICR Reporting via 3D Slicer / qin_lungct_seg,QIICR Reporting via 3D Slicer,qin_lungct_seg,rider_lung_ct,OK,1,1
1.2.276.0.7230010.3.1.3.0.8796.1415311430.881811,QIICR Reporting via 3D Slicer / qin_lungct_seg,QIICR Reporting via 3D Slicer,qin_lungct_seg,rider_lung_ct,OK,1,1
1.2.276.0.7230010.3.1.3.0.8842.1415311456.866442,QIICR Reporting via 3D Slicer / qin_lungct_seg,QIICR Reporting via 3D Slicer,qin_lungct_seg,rider_lung_ct,OK,1,1
1.2.276.0.7230010.3.1.3.0.8885.1415311498.663032,QIICR Reporting via 3D Slicer / qin_lungct_seg,QIICR Reporting via 3D Slicer,qin_lungct_seg,rider_lung_ct,OK,1,1
1.2.276.0.7230010.3.1.3.0.8921.1415311524.628644,QIICR Reporting via 3D Slicer / qin_lungct_seg,QIICR Reporting via 3D Slicer,qin_lungct_seg,rider_lung_ct,OK,1,1
1.2.276.0.7230010.3.1.3.0.8943.1415311549.123469,QIICR Reporting via 3D Slicer / qin_lungct_seg,QIICR Reporting via 3D Slicer,qin_lungct_seg,rider_lung_ct,OK,1,1
1.2.276.0.7230010.3.1.3.0.8968.1415311571.985127,QIICR Reporting via 3D Slicer / qin_lungct_seg,QIICR Reporting via 3D Slicer,qin_lungct_seg,rider_lung_ct,OK,1,1
1.2.276.0.7230010.3.1.3.0.8992.1415311595.522103,QIICR Reporting via 3D Slicer / qin_lungct_seg,QIICR Reporting via 3D Slicer,qin_lungct_seg,rider_lung_ct,OK,1,1
1.2.276.0.7230010.3.1.3.0.10107.1415312709.946442,QIICR Reporting via 3D Slicer / qin_lungct_seg,QIICR Reporting via 3D Slicer,qin_lungct_seg,rider_lung_ct,OK,1,1
1.2.276.0.7230010.3.1.3.0.10133.1415312733.663520,QIICR Reporting via 3D Slicer / qin_lungct_seg,QIICR Reporting via 3D Slicer,qin_lungct_seg,rider_lung_ct,OK,1,1
1.2.276.0.7230010.3.1.3.0.10158.1415312774.977286,QIICR Reporting via 3D Slicer / qin_lungct_seg,QIICR Reporting via 3D Slicer,qin_lungct_seg,rider_lung_ct,OK,1,1
1.2.276.0.7230010.3.1.3.0.10235.1415312821.655352,QIICR Reporting via 3D Slicer / qin_lungct_seg,QIICR Reporting via 3D Slicer,qin_lungct_seg,rider_lung_ct,OK,1,1
1.2.276.0.7230010.3.1.3.0.10258.1415312866.314626,QIICR Reporting via 3D Slicer / qin_lungct_seg,QIICR Reporting via 3D Slicer,qin_lungct_seg,rider_lung_ct,OK,1,1
1.2.276.0.7230010.3.1.3.0.10282.1415312904.433747,QIICR Reporting via 3D Slicer / qin_lungct_seg,QIICR Reporting via 3D Slicer,qin_lungct_seg,rider_lung_ct,OK,1,1
1.2.276.0.7230010.3.1.3.0.10304.1415312938.269419,QIICR Reporting via 3D Slicer / qin_lungct_seg,QIICR Reporting via 3D Slicer,qin_lungct_seg,rider_lung_ct,OK,1,1
1.2.276.0.7230010.3.1.3.0.10327.1415312968.197469,QIICR Reporting via 3D Slicer / qin_lungct_seg,QIICR Reporting via 3D Slicer,qin_lungct_seg,rider_lung_ct,OK,1,1
1.2.276.0.7230010.3.1.3.0.10349.1415313002.647234,QIICR Reporting via 3D Slicer / qin_lungct_seg,QIICR Reporting via 3D Slicer,qin_lungct_seg,rider_lung_ct,OK,1,1
1.2.276.0.7230010.3.1.3.481034752.3240.1666020709.825359,dcmqi / nnu_net_bpr_annotations,dcmqi,nnu_net_bpr_annotations,nsclc_radiomics,OK,1,1
1.2.276.0.7230010.3.1.3.481034752.689684.1661762635.608459,dcmqi / nnu_net_bpr_annotations,dcmqi,nnu_net_bpr_annotations,nlst,OK,1,1
1.2.276.0.7230010.3.1.3.481034752.585212.1661714353.818907,dcmqi / nnu_net_bpr_annotations,dcmqi,nnu_net_bpr_annotations,nlst,OK,1,1
1.3.6.1.4.1.14519.5.2.1.4334.1501.311619994997344769647503008302,QIICR Reporting via 3D Slicer / (null),QIICR Reporting via 3D Slicer,(null),nsclc_radiogenomics,OK,1,1
1.2.276.0.7230010.3.1.3.481034752.168779.1665648271.407339,dcmqi / nnu_net_bpr_annotations,dcmqi,nnu_net_bpr_annotations,nsclc_radiomics,OK,1,1
1.2.276.0.7230010.3.1.3.481034752.198421.1661550800.77406,dcmqi / nnu_net_bpr_annotations,dcmqi,nnu_net_bpr_annotations,nlst,OK,1,1
1.2.276.0.7230010.3.1.3.481034752.249602.1661572065.734219,dcmqi / nnu_net_bpr_annotations,dcmqi,nnu_net_bpr_annotations,nlst,OK,1,1
1.3.6.1.4.1.14519.5.2.1.4334.1501.111415986614455802122464089647,QIICR Reporting via 3D Slicer / (null),QIICR Reporting via 3D Slicer,(null),nsclc_radiogenomics,OK,1,1
1.2.276.0.7230010.3.1.3.481034752.395529.1661632156.450620,dcmqi / nnu_net_bpr_annotations,dcmqi,nnu_net_bpr_annotations,nlst,OK,1,1
1.3.6.1.4.1.14519.5.2.1.185183845157602638732228830720417287133,not identifiable from index / (null),not identifiable from index,(null),ispy2,OK,1,1
1.3.6.1.4.1.14519.5.2.1.92142988919095204121640135177752417325,not identifiable from index / (null),not identifiable from index,(null),ispy2,OK,1,1
1.3.6.1.4.1.14519.5.2.1.317499267662126411024572532738319389685,not identifiable from index / (null),not identifiable from index,(null),ispy2,OK,1,1
1.3.6.1.4.1.14519.5.2.1.113275914595242117538046623752245628352,not identifiable from index / (null),not identifiable from index,(null),ispy2,OK,1,1
1.3.6.1.4.1.14519.5.2.1.141543303811139649367164338499727819629,not identifiable from index / (null),not identifiable from index,(null),ispy2,OK,1,1
1.3.6.1.4.1.14519.5.2.1.86179522569179877938805258167146587769,not identifiable from index / (null),not identifiable from index,(null),ispy2,OK,1,1
1.3.6.1.4.1.14519.5.2.1.56141195052889328843460559043820423726,not identifiable from index / (null),not identifiable from index,(null),ispy2,OK,1,1
1.3.6.1.4.1.14519.5.2.1.275121339444936181601334959496568176819,not identifiable from index / (null),not identifiable from index,(null),ispy2,OK,1,1
1.3.6.1.4.1.14519.5.2.1.288907551004426778746960009754940153848,not identifiable from index / (null),not identifiable from index,(null),ispy2,OK,1,1
1.3.6.1.4.1.14519.5.2.1.136843356257211329478332683269306909871,not identifiable from index / (null),not identifiable from index,(null),ispy2,OK,1,1
1.3.6.1.4.1.14519.5.2.1.236559169406162762887670218727247381704,not identifiable from index / (null),not identifiable from index,(null),ispy2,OK,1,1
1.3.6.1.4.1.14519.5.2.1.7695.4164.144655722770273966901353864900,not identifiable from index / (null),not identifiable from index,(null),acrin_6698,OK,1,1
1.3.6.1.4.1.14519.5.2.1.324325091412759321256948051455894698126,not identifiable from index / (null),not identifiable from index,(null),ispy2,OK,1,1
1.3.6.1.4.1.14519.5.2.1.7695.4164.487821341108406777583267283532,not identifiable from index / (null),not identifiable from index,(null),acrin_6698,OK,1,1
1.3.6.1.4.1.14519.5.2.1.85506192458591153193280120268866289417,not identifiable from index / (null),not identifiable from index,(null),ispy2,OK,1,1
1.3.6.1.4.1.14519.5.2.1.202270755451867192018077900046820108440,not identifiable from index / (null),not identifiable from index,(null),ispy2,OK,1,1
1.3.6.1.4.1.14519.5.2.1.17048634132357896096835786853093850134,not identifiable from index / (null),not identifiable from index,(null),ispy2,OK,1,1
1.3.6.1.4.1.14519.5.2.1.7695.4164.302117516883841272070088701095,not identifiable from index / (null),not identifiable from index,(null),acrin_6698,OK,1,1
1.2.276.0.7230010.3.1.3.17436516.3243931.1720668146.534516,dcmqi / bamf_aimi_annotations,dcmqi,bamf_aimi_annotations,nlst,OK,1,1
1.2.276.0.7230010.3.1.3.17436516.3907316.1714669485.236673,dcmqi / bamf_aimi_annotations,dcmqi,bamf_aimi_annotations,duke_breast_cancer_mri,OK,1,1
1.3.6.1.4.1.14519.5.2.1.4334.1501.926317460370353731283043962712,QIICR Reporting via 3D Slicer / (null),QIICR Reporting via 3D Slicer,(null),nsclc_radiogenomics,OK,1,1
1.2.276.0.7230010.3.1.3.17436516.4042653.1714671260.985448,dcmqi / bamf_aimi_annotations,dcmqi,bamf_aimi_annotations,duke_breast_cancer_mri,OK,1,1
1.3.6.1.4.1.14519.5.2.1.4334.1501.220542240339640110457791329096,QIICR Reporting via 3D Slicer / (null),QIICR Reporting via 3D Slicer,(null),nsclc_radiogenomics,OK,1,1
1.3.6.1.4.1.14519.5.2.1.4334.1501.279877132992347081901125463369,QIICR Reporting via 3D Slicer / (null),QIICR Reporting via 3D Slicer,(null),nsclc_radiogenomics,OK,1,1
1.2.826.0.1.3680043.10.511.3.76131780288636398390100833596152357,not identifiable from index / rms_mutation_prediction_expert_annotations,not identifiable from index,rms_mutation_prediction_expert_annotations,rms_mutation_prediction,OK,2,2
1.2.276.0.7230010.3.1.3.481034752.335094.1661606907.74570,dcmqi / nnu_net_bpr_annotations,dcmqi,nnu_net_bpr_annotations,nlst,OK,1,1
1.2.276.0.7230010.3.1.3.17436516.3088702.1720666409.635820,dcmqi / bamf_aimi_annotations,dcmqi,bamf_aimi_annotations,nlst,OK,1,1
1.2.276.0.7230010.3.1.3.481034752.172000.1661539412.390435,dcmqi / nnu_net_bpr_annotations,dcmqi,nnu_net_bpr_annotations,nlst,OK,1,1
1.3.6.1.4.1.14519.5.2.1.4334.1501.101226524281429198852343574062,QIICR Reporting via 3D Slicer / (null),QIICR Reporting via 3D Slicer,(null),nsclc_radiogenomics,OK,1,1
1.2.276.0.7230010.3.1.3.481034752.73608.1661497875.540500,dcmqi / nnu_net_bpr_annotations,dcmqi,nnu_net_bpr_annotations,nlst,OK,1,1
1.2.826.0.1.3680043.10.511.3.69034265940460623275898191572734825,not identifiable from index / rms_mutation_prediction_expert_annotations,not identifiable from index,rms_mutation_prediction_expert_annotations,rms_mutation_prediction,OK,2,2
1.3.6.1.4.1.14519.5.2.1.4334.1501.203848353160620813342550448986,QIICR Reporting via 3D Slicer / (null),QIICR Reporting via 3D Slicer,(null),nsclc_radiogenomics,OK,1,1
1.3.6.1.4.1.14519.5.2.1.4334.1501.755400098127332807790482030171,QIICR Reporting via 3D Slicer / (null),QIICR Reporting via 3D Slicer,(null),nsclc_radiogenomics,OK,1,1
1.3.6.1.4.1.14519.5.2.1.9203.8273.291751950034091704948833374854,dcmqi / (null),dcmqi,(null),colorectal_liver_metastases,OK,1,1
1.3.6.1.4.1.14519.5.2.1.4334.1501.100818532269749104372018447623,QIICR Reporting via 3D Slicer / (null),QIICR Reporting via 3D Slicer,(null),nsclc_radiogenomics,OK,1,1
1.2.276.0.7230010.3.1.3.481034752.367678.1661620023.575189,dcmqi / nnu_net_bpr_annotations,dcmqi,nnu_net_bpr_annotations,nlst,OK,1,1
1.2.276.0.7230010.3.1.3.481034752.11670.1661472213.166253,dcmqi / nnu_net_bpr_annotations,dcmqi,nnu_net_bpr_annotations,nlst,OK,1,1
1.2.276.0.7230010.3.1.3.481034752.276025.1661582609.426294,dcmqi / nnu_net_bpr_annotations,dcmqi,nnu_net_bpr_annotations,nlst,OK,1,1
1.2.826.0.1.3680043.10.511.3.67452677915981735587542155352462458,not identifiable from index / rms_mutation_prediction_expert_annotations,not identifiable from index,rms_mutation_prediction_expert_annotations,rms_mutation_prediction,OK,2,2
1.2.276.0.7230010.3.1.3.481034752.166597.1661537280.784649,dcmqi / nnu_net_bpr_annotations,dcmqi,nnu_net_bpr_annotations,nlst,OK,1,1
1.2.276.0.7230010.3.1.3.0.13921.1415374214.73271,QIICR Reporting via 3D Slicer / qin_lungct_seg,QIICR Reporting via 3D Slicer,qin_lungct_seg,lidc_idri,OK,1,1
1.2.276.0.7230010.3.1.3.0.13950.1415374237.732016,QIICR Reporting via 3D Slicer / qin_lungct_seg,QIICR Reporting via 3D Slicer,qin_lungct_seg,lidc_idri,OK,1,1
1.2.276.0.7230010.3.1.3.0.13972.1415374261.100578,QIICR Reporting via 3D Slicer / qin_lungct_seg,QIICR Reporting via 3D Slicer,qin_lungct_seg,lidc_idri,OK,1,1
1.2.276.0.7230010.3.1.3.0.13994.1415374300.338215,QIICR Reporting via 3D Slicer / qin_lungct_seg,QIICR Reporting via 3D Slicer,qin_lungct_seg,lidc_idri,OK,1,1
1.2.276.0.7230010.3.1.3.0.14020.1415374328.261593,QIICR Reporting via 3D Slicer / qin_lungct_seg,QIICR Reporting via 3D Slicer,qin_lungct_seg,lidc_idri,OK,1,1
1.2.276.0.7230010.3.1.3.0.14045.1415374351.665375,QIICR Reporting via 3D Slicer / qin_lungct_seg,QIICR Reporting via 3D Slicer,qin_lungct_seg,lidc_idri,OK,1,1
1.2.276.0.7230010.3.1.3.0.14067.1415374384.557147,QIICR Reporting via 3D Slicer / qin_lungct_seg,QIICR Reporting via 3D Slicer,qin_lungct_seg,lidc_idri,OK,1,1
1.2.276.0.7230010.3.1.3.0.14090.1415374408.595204,QIICR Reporting via 3D Slicer / qin_lungct_seg,QIICR Reporting via 3D Slicer,qin_lungct_seg,lidc_idri,OK,1,1
1.2.276.0.7230010.3.1.3.0.14115.1415374438.944595,QIICR Reporting via 3D Slicer / qin_lungct_seg,QIICR Reporting via 3D Slicer,qin_lungct_seg,lidc_idri,OK,1,1
1.3.6.1.4.1.14519.5.2.1.4334.1501.120630046496246362953027314916,QIICR Reporting via 3D Slicer / (null),QIICR Reporting via 3D Slicer,(null),nsclc_radiogenomics,OK,1,1
1.2.276.0.7230010.3.1.3.8323329.863.1600928649.191221,dcmqi / (null),dcmqi,(null),hcc_tace_seg,OK,1,1
1.2.276.0.7230010.3.1.3.17436516.3932918.1714669830.493640,dcmqi / bamf_aimi_annotations,dcmqi,bamf_aimi_annotations,duke_breast_cancer_mri,OK,1,1
1.3.6.1.4.1.14519.5.2.1.4334.1501.142715703360236572781872800733,QIICR Reporting via 3D Slicer / (null),QIICR Reporting via 3D Slicer,(null),nsclc_radiogenomics,OK,1,1
1.3.6.1.4.1.14519.5.2.1.314631841733604691115529343998100763748,dcmqi / (null),dcmqi,(null),spine_mets_ct_seg,OK,1,1
1.2.276.0.7230010.3.1.3.481034752.167367.1661537611.843280,dcmqi / nnu_net_bpr_annotations,dcmqi,nnu_net_bpr_annotations,nlst,OK,1,1
1.2.276.0.7230010.3.1.3.481034752.476994.1661665726.127541,dcmqi / nnu_net_bpr_annotations,dcmqi,nnu_net_bpr_annotations,nlst,OK,1,1
1.3.6.1.4.1.14519.5.2.1.12438643892320701502924429335357614637,not identifiable from index / (null),not identifiable from index,(null),ispy2,OK,1,1
1.2.276.0.7230010.3.1.3.0.14144.1415374490.69074,QIICR Reporting via 3D Slicer / qin_lungct_seg,QIICR Reporting via 3D Slicer,qin_lungct_seg,lidc_idri,OK,1,1
1.2.276.0.7230010.3.1.3.0.14177.1415374513.562096,QIICR Reporting via 3D Slicer / qin_lungct_seg,QIICR Reporting via 3D Slicer,qin_lungct_seg,lidc_idri,OK,1,1
1.2.276.0.7230010.3.1.3.0.14202.1415374537.188754,QIICR Reporting via 3D Slicer / qin_lungct_seg,QIICR Reporting via 3D Slicer,qin_lungct_seg,lidc_idri,OK,1,1
1.2.276.0.7230010.3.1.3.0.14228.1415374572.595429,QIICR Reporting via 3D Slicer / qin_lungct_seg,QIICR Reporting via 3D Slicer,qin_lungct_seg,lidc_idri,OK,1,1
1.2.276.0.7230010.3.1.3.0.14256.1415374606.866945,QIICR Reporting via 3D Slicer / qin_lungct_seg,QIICR Reporting via 3D Slicer,qin_lungct_seg,lidc_idri,OK,1,1
1.2.276.0.7230010.3.1.3.0.14278.1415374640.764132,QIICR Reporting via 3D Slicer / qin_lungct_seg,QIICR Reporting via 3D Slicer,qin_lungct_seg,lidc_idri,OK,1,1
1.2.276.0.7230010.3.1.3.0.14306.1415374671.977730,QIICR Reporting via 3D Slicer / qin_lungct_seg,QIICR Reporting via 3D Slicer,qin_lungct_seg,lidc_idri,OK,1,1
1.2.276.0.7230010.3.1.3.0.14382.1415374696.140476,QIICR Reporting via 3D Slicer / qin_lungct_seg,QIICR Reporting via 3D Slicer,qin_lungct_seg,lidc_idri,OK,1,1
1.2.276.0.7230010.3.1.3.0.14407.1415374719.602014,QIICR Reporting via 3D Slicer / qin_lungct_seg,QIICR Reporting via 3D Slicer,qin_lungct_seg,lidc_idri,OK,1,1
1.2.276.0.7230010.3.1.3.481034752.372317.1661622138.208522,dcmqi / nnu_net_bpr_annotations,dcmqi,nnu_net_bpr_annotations,nlst,OK,1,1
1.2.276.0.7230010.3.1.3.481034752.257334.1661574870.259293,dcmqi / nnu_net_bpr_annotations,dcmqi,nnu_net_bpr_annotations,nlst,OK,1,1
1.2.276.0.7230010.3.1.3.0.14678.1415375094.24440,QIICR Reporting via 3D Slicer / qin_lungct_seg,QIICR Reporting via 3D Slicer,qin_lungct_seg,lidc_idri,OK,1,1
1.2.276.0.7230010.3.1.3.0.14821.1415375253.99945,QIICR Reporting via 3D Slicer / qin_lungct_seg,QIICR Reporting via 3D Slicer,qin_lungct_seg,lidc_idri,OK,1,1
1.2.276.0.7230010.3.1.3.0.14901.1415375341.67419,QIICR Reporting via 3D Slicer / qin_lungct_seg,QIICR Reporting via 3D Slicer,qin_lungct_seg,lidc_idri,OK,1,1
1.2.276.0.7230010.3.1.3.0.14711.1415375126.389674,QIICR Reporting via 3D Slicer / qin_lungct_seg,QIICR Reporting via 3D Slicer,qin_lungct_seg,lidc_idri,OK,1,1
1.2.276.0.7230010.3.1.3.0.14742.1415375161.980618,QIICR Reporting via 3D Slicer / qin_lungct_seg,QIICR Reporting via 3D Slicer,qin_lungct_seg,lidc_idri,OK,1,1
1.2.276.0.7230010.3.1.3.0.14765.1415375190.809083,QIICR Reporting via 3D Slicer / qin_lungct_seg,QIICR Reporting via 3D Slicer,qin_lungct_seg,lidc_idri,OK,1,1
1.2.276.0.7230010.3.1.3.0.14792.1415375223.963102,QIICR Reporting via 3D Slicer / qin_lungct_seg,QIICR Reporting via 3D Slicer,qin_lungct_seg,lidc_idri,OK,1,1
1.2.276.0.7230010.3.1.3.0.14847.1415375282.982869,QIICR Reporting via 3D Slicer / qin_lungct_seg,QIICR Reporting via 3D Slicer,qin_lungct_seg,lidc_idri,OK,1,1
1.2.276.0.7230010.3.1.3.0.14877.1415375306.913196,QIICR Reporting via 3D Slicer / qin_lungct_seg,QIICR Reporting via 3D Slicer,qin_lungct_seg,lidc_idri,OK,1,1
1.2.276.0.7230010.3.1.3.0.15424.1415375470.66886,QIICR Reporting via 3D Slicer / qin_lungct_seg,QIICR Reporting via 3D Slicer,qin_lungct_seg,lidc_idri,OK,1,1
1.2.276.0.7230010.3.1.3.0.15446.1415375516.70791,QIICR Reporting via 3D Slicer / qin_lungct_seg,QIICR Reporting via 3D Slicer,qin_lungct_seg,lidc_idri,OK,1,1
1.2.276.0.7230010.3.1.3.0.15469.1415375559.63241,QIICR Reporting via 3D Slicer / qin_lungct_seg,QIICR Reporting via 3D Slicer,qin_lungct_seg,lidc_idri,OK,1,1
1.2.276.0.7230010.3.1.3.0.14926.1415375403.402571,QIICR Reporting via 3D Slicer / qin_lungct_seg,QIICR Reporting via 3D Slicer,qin_lungct_seg,lidc_idri,OK,1,1
1.2.276.0.7230010.3.1.3.0.15387.1415375432.512591,QIICR Reporting via 3D Slicer / qin_lungct_seg,QIICR Reporting via 3D Slicer,qin_lungct_seg,lidc_idri,OK,1,1
1.2.276.0.7230010.3.1.3.0.15492.1415375584.693164,QIICR Reporting via 3D Slicer / qin_lungct_seg,QIICR Reporting via 3D Slicer,qin_lungct_seg,lidc_idri,OK,1,1
1.2.276.0.7230010.3.1.3.0.15515.1415375610.545736,QIICR Reporting via 3D Slicer / qin_lungct_seg,QIICR Reporting via 3D Slicer,qin_lungct_seg,lidc_idri,OK,1,1
1.2.276.0.7230010.3.1.3.0.15543.1415375648.489484,QIICR Reporting via 3D Slicer / qin_lungct_seg,QIICR Reporting via 3D Slicer,qin_lungct_seg,lidc_idri,OK,1,1
1.2.276.0.7230010.3.1.3.0.15567.1415375685.655999,QIICR Reporting via 3D Slicer / qin_lungct_seg,QIICR Reporting via 3D Slicer,qin_lungct_seg,lidc_idri,OK,1,1
1.2.276.0.7230010.3.1.3.481034752.466229.1661661241.922724,dcmqi / nnu_net_bpr_annotations,dcmqi,nnu_net_bpr_annotations,nlst,OK,1,1
1.3.6.1.4.1.14519.5.2.1.4334.1501.189568408852702772834278115113,QIICR Reporting via 3D Slicer / (null),QIICR Reporting via 3D Slicer,(null),nsclc_radiogenomics,OK,1,1
1.2.276.0.7230010.3.1.3.481034752.214023.1661556982.121352,dcmqi / nnu_net_bpr_annotations,dcmqi,nnu_net_bpr_annotations,nlst,OK,1,1
1.2.276.0.7230010.3.1.3.481034752.285338.1661586401.935278,dcmqi / nnu_net_bpr_annotations,dcmqi,nnu_net_bpr_annotations,nlst,OK,1,1
1.2.276.0.7230010.3.1.3.481034752.194514.1661549035.10312,dcmqi / nnu_net_bpr_annotations,dcmqi,nnu_net_bpr_annotations,nlst,OK,1,1
1.2.276.0.7230010.3.1.3.481034752.105300.1661511309.836604,dcmqi / nnu_net_bpr_annotations,dcmqi,nnu_net_bpr_annotations,nlst,OK,1,1
1.3.6.1.4.1.14519.5.2.1.71057713982372601947621449927034055036,dcmqi / (null),dcmqi,(null),remind,OK,1,1
1.3.6.1.4.1.14519.5.2.1.4334.1501.306600361383666695562467238898,QIICR Reporting via 3D Slicer / (null),QIICR Reporting via 3D Slicer,(null),nsclc_radiogenomics,OK,1,1
1.2.276.0.7230010.3.1.3.481034752.147192.1661529534.107515,dcmqi / nnu_net_bpr_annotations,dcmqi,nnu_net_bpr_annotations,nlst,OK,1,1
1.2.276.0.7230010.3.1.3.17436516.3959684.1714670235.467130,dcmqi / bamf_aimi_annotations,dcmqi,bamf_aimi_annotations,duke_breast_cancer_mri,OK,1,1
1.2.276.0.7230010.3.1.3.481034752.355241.1661615216.552841,dcmqi / nnu_net_bpr_annotations,dcmqi,nnu_net_bpr_annotations,nlst,OK,1,1
1.2.276.0.7230010.3.1.3.481034752.82849.1661501987.461347,dcmqi / nnu_net_bpr_annotations,dcmqi,nnu_net_bpr_annotations,nlst,OK,1,1
1.2.276.0.7230010.3.1.3.481034752.414181.1661639845.349158,dcmqi / nnu_net_bpr_annotations,dcmqi,nnu_net_bpr_annotations,nlst,OK,1,1
1.2.276.0.7230010.3.1.3.481034752.171224.1661539122.87248,dcmqi / nnu_net_bpr_annotations,dcmqi,nnu_net_bpr_annotations,nlst,OK,1,1
1.2.276.0.7230010.3.1.3.0.22352.1674506659.51270,dcmqi / (null),dcmqi,(null),ct_lymph_nodes,OK,1,1
1.3.6.1.4.1.14519.5.2.1.4334.1501.203714992721721852915572681420,QIICR Reporting via 3D Slicer / (null),QIICR Reporting via 3D Slicer,(null),nsclc_radiogenomics,OK,1,1
1.3.6.1.4.1.14519.5.2.1.4334.1501.279603550042132934347380996510,QIICR Reporting via 3D Slicer / (null),QIICR Reporting via 3D Slicer,(null),nsclc_radiogenomics,OK,1,1
1.2.276.0.7230010.3.1.3.481034752.254994.1661574089.82641,dcmqi / nnu_net_bpr_annotations,dcmqi,nnu_net_bpr_annotations,nlst,OK,1,1
1.2.276.0.7230010.3.1.3.0.9597.1415312129.27489,QIICR Reporting via 3D Slicer / qin_lungct_seg,QIICR Reporting via 3D Slicer,qin_lungct_seg,rider_lung_ct,OK,1,1
1.2.276.0.7230010.3.1.3.0.9647.1415312170.450123,QIICR Reporting via 3D Slicer / qin_lungct_seg,QIICR Reporting via 3D Slicer,qin_lungct_seg,rider_lung_ct,OK,1,1
1.2.276.0.7230010.3.1.3.0.9689.1415312197.210586,QIICR Reporting via 3D Slicer / qin_lungct_seg,QIICR Reporting via 3D Slicer,qin_lungct_seg,rider_lung_ct,OK,1,1
1.2.276.0.7230010.3.1.3.0.9725.1415312223.983493,QIICR Reporting via 3D Slicer / qin_lungct_seg,QIICR Reporting via 3D Slicer,qin_lungct_seg,rider_lung_ct,OK,1,1
1.2.276.0.7230010.3.1.3.0.9760.1415312262.499618,QIICR Reporting via 3D Slicer / qin_lungct_seg,QIICR Reporting via 3D Slicer,qin_lungct_seg,rider_lung_ct,OK,1,1
1.2.276.0.7230010.3.1.3.0.9785.1415312288.396686,QIICR Reporting via 3D Slicer / qin_lungct_seg,QIICR Reporting via 3D Slicer,qin_lungct_seg,rider_lung_ct,OK,1,1
1.2.276.0.7230010.3.1.3.0.9807.1415312313.444624,QIICR Reporting via 3D Slicer / qin_lungct_seg,QIICR Reporting via 3D Slicer,qin_lungct_seg,rider_lung_ct,OK,1,1
1.2.276.0.7230010.3.1.3.0.9829.1415312342.491095,QIICR Reporting via 3D Slicer / qin_lungct_seg,QIICR Reporting via 3D Slicer,qin_lungct_seg,rider_lung_ct,OK,1,1
1.2.276.0.7230010.3.1.3.0.9858.1415312377.867446,QIICR Reporting via 3D Slicer / qin_lungct_seg,QIICR Reporting via 3D Slicer,qin_lungct_seg,rider_lung_ct,OK,1,1
1.2.276.0.7230010.3.1.3.481034752.515682.1661681764.710799,dcmqi / nnu_net_bpr_annotations,dcmqi,nnu_net_bpr_annotations,nlst,OK,1,1
1.2.276.0.7230010.3.1.3.481034752.380101.1661625405.216114,dcmqi / nnu_net_bpr_annotations,dcmqi,nnu_net_bpr_annotations,nlst,OK,1,1
1.2.276.0.7230010.3.1.3.17436516.3942430.1714669978.456667,dcmqi / bamf_aimi_annotations,dcmqi,bamf_aimi_annotations,duke_breast_cancer_mri,OK,1,1
1.3.6.1.4.1.14519.5.2.1.4334.1501.144166568764892570367808951215,QIICR Reporting via 3D Slicer / (null),QIICR Reporting via 3D Slicer,(null),nsclc_radiogenomics,OK,1,1
1.2.276.0.7230010.3.1.3.481034752.485499.1661669264.518749,dcmqi / nnu_net_bpr_annotations,dcmqi,nnu_net_bpr_annotations,nlst,OK,1,1
1.2.276.0.7230010.3.1.3.481034752.303925.1661594113.186850,dcmqi / nnu_net_bpr_annotations,dcmqi,nnu_net_bpr_annotations,nlst,OK,1,1
1.2.276.0.7230010.3.1.3.8323329.1475.1600928859.239209,dcmqi / (null),dcmqi,(null),hcc_tace_seg,OK,1,1
1.2.276.0.7230010.3.1.3.481034752.465454.1661660835.85980,dcmqi / nnu_net_bpr_annotations,dcmqi,nnu_net_bpr_annotations,nlst,OK,1,1
1.2.276.0.7230010.3.1.3.17436516.4013419.1714670901.972593,dcmqi / bamf_aimi_annotations,dcmqi,bamf_aimi_annotations,duke_breast_cancer_mri,OK,1,1
1.2.276.0.7230010.3.1.3.481034752.123091.1661518853.603944,dcmqi / nnu_net_bpr_annotations,dcmqi,nnu_net_bpr_annotations,nlst,OK,1,1
1.2.276.0.7230010.3.1.3.481034752.441413.1661650851.667853,dcmqi / nnu_net_bpr_annotations,dcmqi,nnu_net_bpr_annotations,nlst,OK,1,1
1.2.276.0.7230010.3.1.3.481034752.274482.1661582008.227077,dcmqi / nnu_net_bpr_annotations,dcmqi,nnu_net_bpr_annotations,nlst,OK,1,1
1.3.6.1.4.1.14519.5.2.1.4334.1501.115065091168646416820556428488,QIICR Reporting via 3D Slicer / (null),QIICR Reporting via 3D Slicer,(null),nsclc_radiogenomics,OK,1,1
1.2.826.0.1.3680043.10.511.3.74778146372921658123656691184780416,not identifiable from index / rms_mutation_prediction_expert_annotations,not identifiable from index,rms_mutation_prediction_expert_annotations,rms_mutation_prediction,OK,2,2
1.2.276.0.7230010.3.1.3.481034752.173559.1661539925.358879,dcmqi / nnu_net_bpr_annotations,dcmqi,nnu_net_bpr_annotations,nlst,OK,1,1
1.2.276.0.7230010.3.1.3.481034752.207780.1661554487.483445,dcmqi / nnu_net_bpr_annotations,dcmqi,nnu_net_bpr_annotations,nlst,OK,1,1
1.2.276.0.7230010.3.1.3.17436516.2112251.1720639555.30892,dcmqi / bamf_aimi_annotations,dcmqi,bamf_aimi_annotations,nsclc_radiogenomics,OK,1,1
1.2.826.0.1.3680043.10.511.3.78220244454759803387218197095203875,not identifiable from index / rms_mutation_prediction_expert_annotations,not identifiable from index,rms_mutation_prediction_expert_annotations,rms_mutation_prediction,OK,2,2
1.2.276.0.7230010.3.1.3.481034752.550497.1661697889.465190,dcmqi / nnu_net_bpr_annotations,dcmqi,nnu_net_bpr_annotations,nlst,OK,1,1
1.3.6.1.4.1.14519.5.2.1.4334.1501.176189183650428006476632293097,QIICR Reporting via 3D Slicer / (null),QIICR Reporting via 3D Slicer,(null),nsclc_radiogenomics,OK,1,1
1.3.6.1.4.1.14519.5.2.1.4334.1501.122881176888107949065035131875,QIICR Reporting via 3D Slicer / (null),QIICR Reporting via 3D Slicer,(null),nsclc_radiogenomics,OK,1,1
1.3.6.1.4.1.14519.5.2.1.7695.1700.258966544575830279717880787986,not identifiable from index / (null),not identifiable from index,(null),ispy1,OK,1,1
1.2.276.0.7230010.3.1.3.481034752.798497.1661813637.420986,dcmqi / nnu_net_bpr_annotations,dcmqi,nnu_net_bpr_annotations,nlst,OK,1,1
1.2.276.0.7230010.3.1.3.17436516.3274814.1720668570.65055,dcmqi / bamf_aimi_annotations,dcmqi,bamf_aimi_annotations,nlst,OK,1,1
1.3.6.1.4.1.14519.5.2.1.4334.1501.300750985975476313483364640692,QIICR Reporting via 3D Slicer / (null),QIICR Reporting via 3D Slicer,(null),nsclc_radiogenomics,OK,1,1
1.3.6.1.4.1.14519.5.2.1.4334.1100.258627641647725927402116511512,not identifiable from index / (null),not identifiable from index,(null),dro_toolkit,OK,1,1
1.3.6.1.4.1.14519.5.2.1.4334.1501.331567432474845750714925430646,QIICR Reporting via 3D Slicer / (null),QIICR Reporting via 3D Slicer,(null),nsclc_radiogenomics,OK,1,1
1.2.276.0.7230010.3.1.3.481034752.107611.1661512388.481160,dcmqi / nnu_net_bpr_annotations,dcmqi,nnu_net_bpr_annotations,nlst,OK,1,1
1.2.276.0.7230010.3.1.3.481034752.656421.1661747048.810700,dcmqi / nnu_net_bpr_annotations,dcmqi,nnu_net_bpr_annotations,nlst,OK,1,1
1.2.276.0.7230010.3.1.3.481034752.254224.1661573747.584992,dcmqi / nnu_net_bpr_annotations,dcmqi,nnu_net_bpr_annotations,nlst,OK,1,1
1.3.6.1.4.1.14519.5.2.1.247355136588935496236140824690001425033,dcmqi / (null),dcmqi,(null),spine_mets_ct_seg,OK,1,1
1.3.6.1.4.1.14519.5.2.1.4334.1501.157107359232210584432634918735,QIICR Reporting via 3D Slicer / (null),QIICR Reporting via 3D Slicer,(null),nsclc_radiogenomics,OK,1,1
1.3.6.1.4.1.14519.5.2.1.4334.1501.208304249098874719086628767652,QIICR Reporting via 3D Slicer / (null),QIICR Reporting via 3D Slicer,(null),nsclc_radiogenomics,OK,1,1
1.2.276.0.7230010.3.1.3.481034752.117691.1661516535.199247,dcmqi / nnu_net_bpr_annotations,dcmqi,nnu_net_bpr_annotations,nlst,OK,1,1
1.2.276.0.7230010.3.1.3.17436516.3182406.1720667413.122451,dcmqi / bamf_aimi_annotations,dcmqi,bamf_aimi_annotations,nlst,OK,1,1
1.2.276.0.7230010.3.1.3.481034752.347541.1661612078.38603,dcmqi / nnu_net_bpr_annotations,dcmqi,nnu_net_bpr_annotations,nlst,OK,1,1
1.3.6.1.4.1.14519.5.2.1.220378814766649712003113228686099475123,dcmqi / (null),dcmqi,(null),remind,OK,1,1
1.2.276.0.7230010.3.1.3.481034752.793836.1661811460.637892,dcmqi / nnu_net_bpr_annotations,dcmqi,nnu_net_bpr_annotations,nlst,OK,1,1
1.2.276.0.7230010.3.1.3.481034752.720509.1661776493.550723,dcmqi / nnu_net_bpr_annotations,dcmqi,nnu_net_bpr_annotations,nlst,OK,1,1
1.2.276.0.7230010.3.1.3.8323329.1961.1600929040.245395,dcmqi / (null),dcmqi,(null),hcc_tace_seg,OK,1,1
1.2.276.0.7230010.3.1.3.17436516.3310169.1720669100.294518,dcmqi / bamf_aimi_annotations,dcmqi,bamf_aimi_annotations,spie_aapm_lung_ct_challenge,OK,1,1
1.2.276.0.7230010.3.1.3.481034752.431302.1661646349.836005,dcmqi / nnu_net_bpr_annotations,dcmqi,nnu_net_bpr_annotations,nlst,OK,1,1
1.2.276.0.7230010.3.1.3.481034752.802376.1661815126.706437,dcmqi / nnu_net_bpr_annotations,dcmqi,nnu_net_bpr_annotations,nlst,OK,1,1
1.2.276.0.7230010.3.1.3.481034752.190575.1661547532.132419,dcmqi / nnu_net_bpr_annotations,dcmqi,nnu_net_bpr_annotations,nlst,OK,1,1
1.2.276.0.7230010.3.1.3.481034752.432865.1661647032.49494,dcmqi / nnu_net_bpr_annotations,dcmqi,nnu_net_bpr_annotations,nlst,OK,1,1
1.3.6.1.4.1.14519.5.2.1.4334.1501.323341510704346983353909123609,QIICR Reporting via 3D Slicer / (null),QIICR Reporting via 3D Slicer,(null),nsclc_radiogenomics,OK,1,1
1.3.6.1.4.1.14519.5.2.1.7695.4164.250456384315449708146523420296,not identifiable from index / (null),not identifiable from index,(null),acrin_6698,OK,1,1
1.3.6.1.4.1.14519.5.2.1.331918440614956913839226639438529483123,not identifiable from index / (null),not identifiable from index,(null),ispy2,OK,1,1
1.2.276.0.7230010.3.1.3.17436516.4053530.1714671352.39234,dcmqi / bamf_aimi_annotations,dcmqi,bamf_aimi_annotations,duke_breast_cancer_mri,OK,1,1
1.3.6.1.4.1.14519.5.2.1.4334.1501.270948779259647777100800572852,QIICR Reporting via 3D Slicer / (null),QIICR Reporting via 3D Slicer,(null),nsclc_radiogenomics,OK,1,1
1.2.276.0.7230010.3.1.3.481034752.144084.1661528273.223711,dcmqi / nnu_net_bpr_annotations,dcmqi,nnu_net_bpr_annotations,nlst,OK,1,1
1.2.276.0.7230010.3.1.3.481034752.137883.1661525662.462119,dcmqi / nnu_net_bpr_annotations,dcmqi,nnu_net_bpr_annotations,nlst,OK,1,1
1.2.276.0.7230010.3.1.3.481034752.317926.1661599647.40985,dcmqi / nnu_net_bpr_annotations,dcmqi,nnu_net_bpr_annotations,nlst,OK,1,1
1.2.276.0.7230010.3.1.3.17436516.3935602.1714669872.717179,dcmqi / bamf_aimi_annotations,dcmqi,bamf_aimi_annotations,duke_breast_cancer_mri,OK,1,1
1.2.276.0.7230010.3.1.3.481034752.409453.1661637791.221097,dcmqi / nnu_net_bpr_annotations,dcmqi,nnu_net_bpr_annotations,nlst,OK,1,1
1.2.276.0.7230010.3.1.3.481034752.691214.1661763208.93307,dcmqi / nnu_net_bpr_annotations,dcmqi,nnu_net_bpr_annotations,nlst,OK,1,1
1.3.6.1.4.1.14519.5.2.1.4334.1501.149489012030006769239915689408,QIICR Reporting via 3D Slicer / (null),QIICR Reporting via 3D Slicer,(null),nsclc_radiogenomics,OK,1,1
1.2.276.0.7230010.3.1.3.17436516.3991330.1714670671.563219,dcmqi / bamf_aimi_annotations,dcmqi,bamf_aimi_annotations,duke_breast_cancer_mri,OK,1,1
1.2.276.0.7230010.3.1.3.8323329.1079.1600928730.306403,dcmqi / (null),dcmqi,(null),hcc_tace_seg,OK,1,1
1.2.276.0.7230010.3.1.3.8323329.773.1600928601.639561,dcmqi / (null),dcmqi,(null),hcc_tace_seg,OK,1,1
1.2.276.0.7230010.3.1.3.8323329.1223.1600928773.325329,dcmqi / (null),dcmqi,(null),hcc_tace_seg,OK,1,1
1.3.6.1.4.1.14519.5.2.1.149332024617485956900734859938930081016,not identifiable from index / (null),not identifiable from index,(null),ispy2,OK,1,1
1.3.6.1.4.1.14519.5.2.1.76376661041513827928392733731183846536,not identifiable from index / (null),not identifiable from index,(null),ispy2,OK,1,1
1.3.6.1.4.1.14519.5.2.1.209012625569800542352494493974553355654,not identifiable from index / (null),not identifiable from index,(null),ispy2,OK,1,1
1.3.6.1.4.1.14519.5.2.1.147469892868063233573776886118754001982,not identifiable from index / (null),not identifiable from index,(null),ispy2,OK,1,1
1.3.6.1.4.1.14519.5.2.1.7695.4164.641331117608183861717166337113,not identifiable from index / (null),not identifiable from index,(null),acrin_6698,OK,1,1
1.3.6.1.4.1.14519.5.2.1.7695.4164.134795855679406191036161042101,not identifiable from index / (null),not identifiable from index,(null),acrin_6698,OK,1,1
1.3.6.1.4.1.14519.5.2.1.211492073949965084789140298336794613735,not identifiable from index / (null),not identifiable from index,(null),ispy2,OK,1,1
1.3.6.1.4.1.14519.5.2.1.7695.4164.510918666757925595107358302500,not identifiable from index / (null),not identifiable from index,(null),acrin_6698,OK,1,1
1.3.6.1.4.1.14519.5.2.1.265184976235214891924817991177772624931,not identifiable from index / (null),not identifiable from index,(null),ispy2,OK,1,1
1.3.6.1.4.1.14519.5.2.1.303706492967919043045210824835916942493,not identifiable from index / (null),not identifiable from index,(null),ispy2,OK,1,1
1.3.6.1.4.1.14519.5.2.1.197789732460621235578458495955765936691,not identifiable from index / (null),not identifiable from index,(null),ispy2,OK,1,1
1.3.6.1.4.1.14519.5.2.1.262977669321429427274010868042359570990,not identifiable from index / (null),not identifiable from index,(null),ispy2,OK,1,1
1.3.6.1.4.1.14519.5.2.1.195267731909446788132908539984082574030,not identifiable from index / (null),not identifiable from index,(null),ispy2,OK,1,1
1.3.6.1.4.1.14519.5.2.1.7695.4164.198817233197125804874836239801,not identifiable from index / (null),not identifiable from index,(null),acrin_6698,OK,1,1
1.3.6.1.4.1.14519.5.2.1.258469186639915750043162745747922526385,not identifiable from index / (null),not identifiable from index,(null),ispy2,OK,1,1
1.3.6.1.4.1.14519.5.2.1.117856658450873309567390777132557040983,dcmqi / (null),dcmqi,(null),spinal_multiple_myeloma_seg,OK,1,1
1.2.276.0.7230010.3.1.3.481034752.443745.1661651769.678306,dcmqi / nnu_net_bpr_annotations,dcmqi,nnu_net_bpr_annotations,nlst,OK,1,1
1.3.6.1.4.1.14519.5.2.1.155059663401360409379255639338560938897,not identifiable from index / (null),not identifiable from index,(null),ispy2,OK,1,1
1.2.276.0.7230010.3.1.3.481034752.60381.1661492589.102626,dcmqi / nnu_net_bpr_annotations,dcmqi,nnu_net_bpr_annotations,nlst,OK,1,1
1.2.276.0.7230010.3.1.3.17436516.3901038.1714669380.97523,dcmqi / bamf_aimi_annotations,dcmqi,bamf_aimi_annotations,duke_breast_cancer_mri,OK,1,1
1.3.6.1.4.1.14519.5.2.1.4334.1501.245793525082896661150878133629,QIICR Reporting via 3D Slicer / (null),QIICR Reporting via 3D Slicer,(null),nsclc_radiogenomics,OK,1,1
1.2.276.0.7230010.3.1.3.481034752.65057.1661494443.113988,dcmqi / nnu_net_bpr_annotations,dcmqi,nnu_net_bpr_annotations,nlst,OK,1,1
1.2.276.0.7230010.3.1.3.481034752.478539.1661666306.900434,dcmqi / nnu_net_bpr_annotations,dcmqi,nnu_net_bpr_annotations,nlst,OK,1,1
1.2.276.0.7230010.3.1.3.17436516.4042038.1714671250.794955,dcmqi / bamf_aimi_annotations,dcmqi,bamf_aimi_annotations,duke_breast_cancer_mri,OK,1,1
1.2.276.0.7230010.3.1.3.481034752.599092.1661720645.309063,dcmqi / nnu_net_bpr_annotations,dcmqi,nnu_net_bpr_annotations,nlst,OK,1,1
1.2.276.0.7230010.3.1.3.481034752.383176.1661626546.758655,dcmqi / nnu_net_bpr_annotations,dcmqi,nnu_net_bpr_annotations,nlst,OK,1,1
1.3.6.1.4.1.14519.5.2.1.336913205424955684638936240868026790321,not identifiable from index / (null),not identifiable from index,(null),ispy2,OK,1,1
1.3.6.1.4.1.14519.5.2.1.190650812047491337526048285408889427329,not identifiable from index / (null),not identifiable from index,(null),ispy2,OK,1,1
1.3.6.1.4.1.14519.5.2.1.86336064444341865421671516203487930370,not identifiable from index / (null),not identifiable from index,(null),ispy2,OK,1,1
1.3.6.1.4.1.14519.5.2.1.140569865565436223284467836228812884714,dcmqi / (null),dcmqi,(null),remind,OK,1,1
1.2.276.0.7230010.3.1.3.481034752.236425.1661566311.422357,dcmqi / nnu_net_bpr_annotations,dcmqi,nnu_net_bpr_annotations,nlst,OK,1,1
1.2.276.0.7230010.3.1.3.481034752.24059.1661477679.28733,dcmqi / nnu_net_bpr_annotations,dcmqi,nnu_net_bpr_annotations,nlst,OK,1,1
1.2.276.0.7230010.3.1.3.8323329.899.1600928677.186044,dcmqi / (null),dcmqi,(null),hcc_tace_seg,OK,1,1
1.2.276.0.7230010.3.1.3.481034752.782826.1661806081.77609,dcmqi / nnu_net_bpr_annotations,dcmqi,nnu_net_bpr_annotations,nlst,OK,1,1
1.2.276.0.7230010.3.1.3.481034752.698218.1661766168.415472,dcmqi / nnu_net_bpr_annotations,dcmqi,nnu_net_bpr_annotations,nlst,OK,1,1
1.2.276.0.7230010.3.1.3.481034752.592096.1661717750.611826,dcmqi / nnu_net_bpr_annotations,dcmqi,nnu_net_bpr_annotations,nlst,OK,1,1
1.3.6.1.4.1.14519.5.2.1.4334.1501.263254441025210227173785996070,QIICR Reporting via 3D Slicer / (null),QIICR Reporting via 3D Slicer,(null),nsclc_radiogenomics,OK,1,1
1.3.6.1.4.1.14519.5.2.1.4334.1501.238549326914281398279795522616,QIICR Reporting via 3D Slicer / (null),QIICR Reporting via 3D Slicer,(null),nsclc_radiogenomics,OK,1,1
1.2.276.0.7230010.3.1.3.8323329.11318.1556878233.850552,dcmqi / rider_lungct_seg,dcmqi,rider_lungct_seg,rider_lung_ct,OK,1,1
1.2.276.0.7230010.3.1.3.17436516.3988191.1714670624.112920,dcmqi / bamf_aimi_annotations,dcmqi,bamf_aimi_annotations,duke_breast_cancer_mri,OK,1,1
1.2.276.0.7230010.3.1.3.17436516.3981660.1714670548.181335,dcmqi / bamf_aimi_annotations,dcmqi,bamf_aimi_annotations,duke_breast_cancer_mri,OK,1,1
1.2.276.0.7230010.3.1.3.481034752.407113.1661636839.146776,dcmqi / nnu_net_bpr_annotations,dcmqi,nnu_net_bpr_annotations,nlst,OK,1,1
1.2.276.0.7230010.3.1.3.481034752.768949.1661799380.784784,dcmqi / nnu_net_bpr_annotations,dcmqi,nnu_net_bpr_annotations,nlst,OK,1,1
1.3.6.1.4.1.14519.5.2.1.7695.1700.224260258194731442890674658212,not identifiable from index / (null),not identifiable from index,(null),ispy1,OK,1,1
1.2.276.0.7230010.3.1.3.481034752.325026.1661602504.707796,dcmqi / nnu_net_bpr_annotations,dcmqi,nnu_net_bpr_annotations,nlst,OK,1,1
1.2.276.0.7230010.3.1.3.481034752.130882.1661522434.391864,dcmqi / nnu_net_bpr_annotations,dcmqi,nnu_net_bpr_annotations,nlst,OK,1,1
1.2.276.0.7230010.3.1.3.8323329.845.1600928643.770014,dcmqi / (null),dcmqi,(null),hcc_tace_seg,OK,1,1
1.2.276.0.7230010.3.1.3.481034752.353695.1661614635.62074,dcmqi / nnu_net_bpr_annotations,dcmqi,nnu_net_bpr_annotations,nlst,OK,1,1
1.2.276.0.7230010.3.1.3.17436516.4053388.1714671349.784847,dcmqi / bamf_aimi_annotations,dcmqi,bamf_aimi_annotations,duke_breast_cancer_mri,OK,1,1
1.2.276.0.7230010.3.1.3.17436516.2738583.1720648001.61126,dcmqi / bamf_aimi_annotations,dcmqi,bamf_aimi_annotations,nsclc_radiogenomics,OK,1,1
1.2.276.0.7230010.3.1.3.481034752.6858.1661470491.841999,dcmqi / nnu_net_bpr_annotations,dcmqi,nnu_net_bpr_annotations,nlst,OK,1,1
1.2.276.0.7230010.3.1.3.481034752.671051.1661753873.518472,dcmqi / nnu_net_bpr_annotations,dcmqi,nnu_net_bpr_annotations,nlst,OK,1,1
1.2.276.0.7230010.3.1.3.481034752.435229.1661648156.59139,dcmqi / nnu_net_bpr_annotations,dcmqi,nnu_net_bpr_annotations,nlst,OK,1,1
1.2.276.0.7230010.3.1.3.481034752.67415.1661495383.345829,dcmqi / nnu_net_bpr_annotations,dcmqi,nnu_net_bpr_annotations,nlst,OK,1,1
1.2.276.0.7230010.3.1.3.481034752.557432.1661701199.221552,dcmqi / nnu_net_bpr_annotations,dcmqi,nnu_net_bpr_annotations,nlst,OK,1,1
1.2.276.0.7230010.3.1.3.481034752.280695.1661584423.570747,dcmqi / nnu_net_bpr_annotations,dcmqi,nnu_net_bpr_annotations,nlst,OK,1,1
1.2.276.0.7230010.3.1.3.17436516.3924112.1714669715.152396,dcmqi / bamf_aimi_annotations,dcmqi,bamf_aimi_annotations,duke_breast_cancer_mri,OK,1,1
1.3.6.1.4.1.14519.5.2.1.4334.1501.283986500853496927475323820355,QIICR Reporting via 3D Slicer / (null),QIICR Reporting via 3D Slicer,(null),nsclc_radiogenomics,OK,1,1
1.2.276.0.7230010.3.1.3.0.16318.1415376849.165487,QIICR Reporting via 3D Slicer / qin_lungct_seg,QIICR Reporting via 3D Slicer,qin_lungct_seg,lidc_idri,OK,1,1
1.2.276.0.7230010.3.1.3.0.16344.1415376875.600645,QIICR Reporting via 3D Slicer / qin_lungct_seg,QIICR Reporting via 3D Slicer,qin_lungct_seg,lidc_idri,OK,1,1
1.2.276.0.7230010.3.1.3.0.16369.1415376911.832805,QIICR Reporting via 3D Slicer / qin_lungct_seg,QIICR Reporting via 3D Slicer,qin_lungct_seg,lidc_idri,OK,1,1
1.2.276.0.7230010.3.1.3.0.16392.1415376937.582849,QIICR Reporting via 3D Slicer / qin_lungct_seg,QIICR Reporting via 3D Slicer,qin_lungct_seg,lidc_idri,OK,1,1
1.2.276.0.7230010.3.1.3.0.16415.1415376963.258869,QIICR Reporting via 3D Slicer / qin_lungct_seg,QIICR Reporting via 3D Slicer,qin_lungct_seg,lidc_idri,OK,1,1
1.2.276.0.7230010.3.1.3.0.16438.1415376993.467216,QIICR Reporting via 3D Slicer / qin_lungct_seg,QIICR Reporting via 3D Slicer,qin_lungct_seg,lidc_idri,OK,1,1
1.2.276.0.7230010.3.1.3.0.16461.1415377030.273558,QIICR Reporting via 3D Slicer / qin_lungct_seg,QIICR Reporting via 3D Slicer,qin_lungct_seg,lidc_idri,OK,1,1
1.2.276.0.7230010.3.1.3.0.16483.1415377056.131620,QIICR Reporting via 3D Slicer / qin_lungct_seg,QIICR Reporting via 3D Slicer,qin_lungct_seg,lidc_idri,OK,1,1
1.2.276.0.7230010.3.1.3.0.16506.1415377081.928494,QIICR Reporting via 3D Slicer / qin_lungct_seg,QIICR Reporting via 3D Slicer,qin_lungct_seg,lidc_idri,OK,1,1
1.2.276.0.7230010.3.1.3.481034752.428968.1661645484.349856,dcmqi / nnu_net_bpr_annotations,dcmqi,nnu_net_bpr_annotations,nlst,OK,1,1
1.2.276.0.7230010.3.1.3.481034752.471602.1661663453.623845,dcmqi / nnu_net_bpr_annotations,dcmqi,nnu_net_bpr_annotations,nlst,OK,1,1
1.3.6.1.4.1.14519.5.2.1.9203.8273.609164303120468237194146826006,dcmqi / (null),dcmqi,(null),colorectal_liver_metastases,OK,1,1
1.3.6.1.4.1.14519.5.2.1.9203.8273.209312082356178587784199599352,dcmqi / (null),dcmqi,(null),colorectal_liver_metastases,OK,1,1
1.2.276.0.7230010.3.1.3.17436516.4021792.1714670998.644346,dcmqi / bamf_aimi_annotations,dcmqi,bamf_aimi_annotations,duke_breast_cancer_mri,OK,1,1
1.2.276.0.7230010.3.1.3.481034752.725088.1661778473.221931,dcmqi / nnu_net_bpr_annotations,dcmqi,nnu_net_bpr_annotations,nlst,OK,1,1
1.3.6.1.4.1.14519.5.2.1.9203.8273.588029137173005554947850610199,dcmqi / (null),dcmqi,(null),colorectal_liver_metastases,OK,1,1
1.3.6.1.4.1.14519.5.2.1.7695.1700.225638211570245406048298083370,not identifiable from index / (null),not identifiable from index,(null),ispy1,OK,1,1
1.2.276.0.7230010.3.1.3.8323329.1061.1600928724.100970,dcmqi / (null),dcmqi,(null),hcc_tace_seg,OK,1,1
1.2.276.0.7230010.3.1.3.481034752.327374.1661603398.485867,dcmqi / nnu_net_bpr_annotations,dcmqi,nnu_net_bpr_annotations,nlst,OK,1,1
1.2.276.0.7230010.3.1.3.481034752.239538.1661567760.448315,dcmqi / nnu_net_bpr_annotations,dcmqi,nnu_net_bpr_annotations,nlst,OK,1,1
1.2.276.0.7230010.3.1.3.481034752.804705.1661816143.469011,dcmqi / nnu_net_bpr_annotations,dcmqi,nnu_net_bpr_annotations,nlst,OK,1,1
1.2.276.0.7230010.3.1.3.17436516.3947114.1714670058.316609,dcmqi / bamf_aimi_annotations,dcmqi,bamf_aimi_annotations,duke_breast_cancer_mri,OK,1,1
1.2.276.0.7230010.3.1.3.481034752.762736.1661796836.829531,dcmqi / nnu_net_bpr_annotations,dcmqi,nnu_net_bpr_annotations,nlst,OK,1,1
1.2.276.0.7230010.3.1.3.481034752.54144.1661490447.171342,dcmqi / nnu_net_bpr_annotations,dcmqi,nnu_net_bpr_annotations,nlst,OK,1,1
1.2.276.0.7230010.3.1.3.481034752.490141.1661671032.325164,dcmqi / nnu_net_bpr_annotations,dcmqi,nnu_net_bpr_annotations,nlst,OK,1,1
1.2.276.0.7230010.3.1.3.481034752.571275.1661708475.675955,dcmqi / nnu_net_bpr_annotations,dcmqi,nnu_net_bpr_annotations,nlst,OK,1,1
1.2.276.0.7230010.3.1.3.17436516.3926100.1714669744.140811,dcmqi / bamf_aimi_annotations,dcmqi,bamf_aimi_annotations,duke_breast_cancer_mri,OK,1,1
1.2.276.0.7230010.3.1.3.481034752.394759.1661631902.396916,dcmqi / nnu_net_bpr_annotations,dcmqi,nnu_net_bpr_annotations,nlst,OK,1,1
1.2.276.0.7230010.3.1.3.17436516.3299271.1720668911.54829,dcmqi / bamf_aimi_annotations,dcmqi,bamf_aimi_annotations,spie_aapm_lung_ct_challenge,OK,1,1
1.2.276.0.7230010.3.1.3.481034752.505606.1661677463.994651,dcmqi / nnu_net_bpr_annotations,dcmqi,nnu_net_bpr_annotations,nlst,OK,1,1
1.3.6.1.4.1.14519.5.2.1.162509649719139404421757319053625974666,dcmqi / (null),dcmqi,(null),spinal_multiple_myeloma_seg,OK,1,1
1.2.276.0.7230010.3.1.3.481034752.186727.1661545752.902815,dcmqi / nnu_net_bpr_annotations,dcmqi,nnu_net_bpr_annotations,nlst,OK,1,1
1.2.276.0.7230010.3.1.3.481034752.473911.1661664330.553463,dcmqi / nnu_net_bpr_annotations,dcmqi,nnu_net_bpr_annotations,nlst,OK,1,1
1.2.276.0.7230010.3.1.3.17436516.3226467.1720667928.715578,dcmqi / bamf_aimi_annotations,dcmqi,bamf_aimi_annotations,nlst,OK,1,1
1.2.276.0.7230010.3.1.3.17436516.3226607.1720667931.611697,dcmqi / bamf_aimi_annotations,dcmqi,bamf_aimi_annotations,nlst,OK,1,1
1.2.276.0.7230010.3.1.3.505801377.3020.1345983041.405,not identifiable from index / qiba_volct_1b,not identifiable from index,qiba_volct_1b,rider_lung_ct,OK,1,1
1.2.276.0.7230010.3.1.3.481034752.66617.1661495114.865868,dcmqi / nnu_net_bpr_annotations,dcmqi,nnu_net_bpr_annotations,nlst,OK,1,1
1.2.276.0.7230010.3.1.3.481034752.718994.1661775414.969957,dcmqi / nnu_net_bpr_annotations,dcmqi,nnu_net_bpr_annotations,nlst,OK,1,1
1.2.276.0.7230010.3.1.3.8323329.1385.1600928829.82541,dcmqi / (null),dcmqi,(null),hcc_tace_seg,OK,1,1
1.2.276.0.7230010.3.1.3.481034752.570501.1661708193.5229,dcmqi / nnu_net_bpr_annotations,dcmqi,nnu_net_bpr_annotations,nlst,OK,1,1
1.2.276.0.7230010.3.1.3.481034752.674257.1661755190.558507,dcmqi / nnu_net_bpr_annotations,dcmqi,nnu_net_bpr_annotations,nlst,OK,1,1
1.2.276.0.7230010.3.1.3.17436516.3956446.1714670197.930803,dcmqi / bamf_aimi_annotations,dcmqi,bamf_aimi_annotations,duke_breast_cancer_mri,OK,1,1
1.2.276.0.7230010.3.1.3.481034752.21713.1661476662.505613,dcmqi / nnu_net_bpr_annotations,dcmqi,nnu_net_bpr_annotations,nlst,OK,1,1
1.2.276.0.7230010.3.1.3.481034752.278358.1661583452.653881,dcmqi / nnu_net_bpr_annotations,dcmqi,nnu_net_bpr_annotations,nlst,OK,1,1
1.2.276.0.7230010.3.1.3.481034752.444537.1661652075.895900,dcmqi / nnu_net_bpr_annotations,dcmqi,nnu_net_bpr_annotations,nlst,OK,1,1
1.2.276.0.7230010.3.1.3.17436516.3938831.1714669922.745144,dcmqi / bamf_aimi_annotations,dcmqi,bamf_aimi_annotations,duke_breast_cancer_mri,OK,1,1
1.3.6.1.4.1.14519.5.2.1.222287044461506488453008964338486270205,dcmqi / (null),dcmqi,(null),remind,OK,1,1
1.2.276.0.7230010.3.1.3.17436516.2370438.1720643447.509840,dcmqi / bamf_aimi_annotations,dcmqi,bamf_aimi_annotations,lung_pet_ct_dx,OK,1,1
1.3.6.1.4.1.14519.5.2.1.147876697936449278727483551957601186249,dcmqi / (null),dcmqi,(null),spinal_multiple_myeloma_seg,OK,1,1
1.2.276.0.7230010.3.1.3.481034752.709786.1661771365.709612,dcmqi / nnu_net_bpr_annotations,dcmqi,nnu_net_bpr_annotations,nlst,OK,1,1
1.2.276.0.7230010.3.1.3.481034752.397813.1661633238.613013,dcmqi / nnu_net_bpr_annotations,dcmqi,nnu_net_bpr_annotations,nlst,OK,1,1
1.2.276.0.7230010.3.1.3.481034752.102222.1661510069.908970,dcmqi / nnu_net_bpr_annotations,dcmqi,nnu_net_bpr_annotations,nlst,OK,1,1
1.2.276.0.7230010.3.1.3.481034752.573601.1661709401.847550,dcmqi / nnu_net_bpr_annotations,dcmqi,nnu_net_bpr_annotations,nlst,OK,1,1
1.2.276.0.7230010.3.1.3.481034752.155732.1661532836.381986,dcmqi / nnu_net_bpr_annotations,dcmqi,nnu_net_bpr_annotations,nlst,OK,1,1
1.2.276.0.7230010.3.1.3.481034752.442956.1661651496.992358,dcmqi / nnu_net_bpr_annotations,dcmqi,nnu_net_bpr_annotations,nlst,OK,1,1
1.2.276.0.7230010.3.1.3.481034752.385489.1661627511.661120,dcmqi / nnu_net_bpr_annotations,dcmqi,nnu_net_bpr_annotations,nlst,OK,1,1
1.2.276.0.7230010.3.1.3.481034752.456913.1661657642.492155,dcmqi / nnu_net_bpr_annotations,dcmqi,nnu_net_bpr_annotations,nlst,OK,1,1
1.3.6.1.4.1.14519.5.2.1.7695.1700.729330524630989378118771505763,not identifiable from index / (null),not identifiable from index,(null),ispy1,OK,1,1
1.3.6.1.4.1.14519.5.2.1.7695.1700.169975915125646715443226771916,not identifiable from index / (null),not identifiable from index,(null),ispy1,OK,1,1
1.3.6.1.4.1.14519.5.2.1.7695.1700.230738111333561416266432406986,not identifiable from index / (null),not identifiable from index,(null),ispy1,OK,1,1
1.2.276.0.7230010.3.1.3.481034752.390852.1661630151.295613,dcmqi / nnu_net_bpr_annotations,dcmqi,nnu_net_bpr_annotations,nlst,OK,1,1
1.2.276.0.7230010.3.1.3.481034752.757358.1661794538.946678,dcmqi / nnu_net_bpr_annotations,dcmqi,nnu_net_bpr_annotations,nlst,OK,1,1
1.3.6.1.4.1.14519.5.2.1.7695.1700.310623105425781402715843570868,not identifiable from index / (null),not identifiable from index,(null),ispy1,OK,1,1
1.3.6.1.4.1.14519.5.2.1.7695.1700.242645387996480239458111691501,not identifiable from index / (null),not identifiable from index,(null),ispy1,OK,1,1
1.2.276.0.7230010.3.1.3.17436516.3257707.1720668333.650770,dcmqi / bamf_aimi_annotations,dcmqi,bamf_aimi_annotations,nlst,OK,1,1
1.2.276.0.7230010.3.1.3.481034752.393974.1661631583.825290,dcmqi / nnu_net_bpr_annotations,dcmqi,nnu_net_bpr_annotations,nlst,OK,1,1
1.2.276.0.7230010.3.1.3.481034752.745105.1661788226.382071,dcmqi / nnu_net_bpr_annotations,dcmqi,nnu_net_bpr_annotations,nlst,OK,1,1
1.2.276.0.7230010.3.1.3.17436516.3995531.1714670706.525651,dcmqi / bamf_aimi_annotations,dcmqi,bamf_aimi_annotations,duke_breast_cancer_mri,OK,1,1
1.2.276.0.7230010.3.1.3.481034752.452257.1661655463.716947,dcmqi / nnu_net_bpr_annotations,dcmqi,nnu_net_bpr_annotations,nlst,OK,1,1
1.2.276.0.7230010.3.1.3.481034752.412598.1661639181.961697,dcmqi / nnu_net_bpr_annotations,dcmqi,nnu_net_bpr_annotations,nlst,OK,1,1
1.2.276.0.7230010.3.1.3.481034752.489383.1661670690.82838,dcmqi / nnu_net_bpr_annotations,dcmqi,nnu_net_bpr_annotations,nlst,OK,1,1
1.2.276.0.7230010.3.1.3.17436516.4064212.1714671518.184147,dcmqi / bamf_aimi_annotations,dcmqi,bamf_aimi_annotations,duke_breast_cancer_mri,OK,1,1
1.2.276.0.7230010.3.1.3.481034752.217121.1661558304.567091,dcmqi / nnu_net_bpr_annotations,dcmqi,nnu_net_bpr_annotations,nlst,OK,1,1
1.2.276.0.7230010.3.1.3.481034752.283026.1661585381.929709,dcmqi / nnu_net_bpr_annotations,dcmqi,nnu_net_bpr_annotations,nlst,OK,1,1
1.2.276.0.7230010.3.1.3.481034752.264374.1661577832.733804,dcmqi / nnu_net_bpr_annotations,dcmqi,nnu_net_bpr_annotations,nlst,OK,1,1
1.2.276.0.7230010.3.1.3.481034752.96075.1661507470.446216,dcmqi / nnu_net_bpr_annotations,dcmqi,nnu_net_bpr_annotations,nlst,OK,1,1
1.2.276.0.7230010.3.1.3.481034752.158068.1661533723.735114,dcmqi / nnu_net_bpr_annotations,dcmqi,nnu_net_bpr_annotations,nlst,OK,1,1
1.2.276.0.7230010.3.1.3.481034752.139401.1661526303.147768,dcmqi / nnu_net_bpr_annotations,dcmqi,nnu_net_bpr_annotations,nlst,OK,1,1
1.2.276.0.7230010.3.1.3.17436516.4006531.1714670845.377215,dcmqi / bamf_aimi_annotations,dcmqi,bamf_aimi_annotations,duke_breast_cancer_mri,OK,1,1
1.2.276.0.7230010.3.1.3.481034752.776657.1661803197.571576,dcmqi / nnu_net_bpr_annotations,dcmqi,nnu_net_bpr_annotations,nlst,OK,1,1
1.2.276.0.7230010.3.1.3.481034752.440630.1661650508.763672,dcmqi / nnu_net_bpr_annotations,dcmqi,nnu_net_bpr_annotations,nlst,OK,1,1
1.2.276.0.7230010.3.1.3.481034752.553548.1661699346.247572,dcmqi / nnu_net_bpr_annotations,dcmqi,nnu_net_bpr_annotations,nlst,OK,1,1
1.2.276.0.7230010.3.1.3.481034752.589783.1661716817.475900,dcmqi / nnu_net_bpr_annotations,dcmqi,nnu_net_bpr_annotations,nlst,OK,1,1
1.2.276.0.7230010.3.1.3.17436516.2841143.1720648638.778847,dcmqi / bamf_aimi_annotations,dcmqi,bamf_aimi_annotations,nsclc_radiogenomics,OK,1,1
1.2.276.0.7230010.3.1.3.481034752.352168.1661614029.912911,dcmqi / nnu_net_bpr_annotations,dcmqi,nnu_net_bpr_annotations,nlst,OK,1,1
1.3.6.1.4.1.14519.5.2.1.186558505418317403523404812190875695007,not identifiable from index / (null),not identifiable from index,(null),ispy2,OK,1,1
1.3.6.1.4.1.14519.5.2.1.241157490265643771863978303206650430845,not identifiable from index / (null),not identifiable from index,(null),ispy2,OK,1,1
1.2.276.0.7230010.3.1.3.481034752.332772.1661606012.359302,dcmqi / nnu_net_bpr_annotations,dcmqi,nnu_net_bpr_annotations,nlst,OK,1,1
1.2.276.0.7230010.3.1.3.481034752.192173.1661548245.860500,dcmqi / nnu_net_bpr_annotations,dcmqi,nnu_net_bpr_annotations,nlst,OK,1,1
1.3.6.1.4.1.14519.5.2.1.9203.8273.227108728841008237605612405298,dcmqi / (null),dcmqi,(null),colorectal_liver_metastases,OK,1,1
1.2.276.0.7230010.3.1.3.481034752.268254.1661579351.236185,dcmqi / nnu_net_bpr_annotations,dcmqi,nnu_net_bpr_annotations,nlst,OK,1,1
1.3.6.1.4.1.14519.5.2.1.37004831929666272762558731554377274961,dcmqi / (null),dcmqi,(null),advanced_mri_breast_lesions,OK,1,1
1.3.6.1.4.1.14519.5.2.1.141386630195896856117387016728243695541,dcmqi / (null),dcmqi,(null),advanced_mri_breast_lesions,OK,1,1
1.2.826.0.1.3680043.10.511.3.78289709219066740278846988520137044,not identifiable from index / rms_mutation_prediction_expert_annotations,not identifiable from index,rms_mutation_prediction_expert_annotations,rms_mutation_prediction,OK,2,2
1.2.276.0.7230010.3.1.3.17436516.3963410.1714670289.725835,dcmqi / bamf_aimi_annotations,dcmqi,bamf_aimi_annotations,duke_breast_cancer_mri,OK,1,1
1.2.276.0.7230010.3.1.3.481034752.475439.1661665129.468337,dcmqi / nnu_net_bpr_annotations,dcmqi,nnu_net_bpr_annotations,nlst,OK,1,1
1.2.276.0.7230010.3.1.3.17436516.4019352.1714670975.727868,dcmqi / bamf_aimi_annotations,dcmqi,bamf_aimi_annotations,duke_breast_cancer_mri,OK,1,1
1.2.276.0.7230010.3.1.3.481034752.691996.1661763528.955861,dcmqi / nnu_net_bpr_annotations,dcmqi,nnu_net_bpr_annotations,nlst,OK,1,1
1.2.276.0.7230010.3.1.3.481034752.434458.1661647845.460781,dcmqi / nnu_net_bpr_annotations,dcmqi,nnu_net_bpr_annotations,nlst,OK,1,1
1.2.276.0.7230010.3.1.3.481034752.413394.1661639553.70959,dcmqi / nnu_net_bpr_annotations,dcmqi,nnu_net_bpr_annotations,nlst,OK,1,1
1.2.276.0.7230010.3.1.3.481034752.200791.1661551869.318228,dcmqi / nnu_net_bpr_annotations,dcmqi,nnu_net_bpr_annotations,nlst,OK,1,1
1.2.276.0.7230010.3.1.3.481034752.547436.1661696623.722004,dcmqi / nnu_net_bpr_annotations,dcmqi,nnu_net_bpr_annotations,nlst,OK,1,1
1.3.6.1.4.1.14519.5.2.1.9203.8273.191276678086276854337138816111,dcmqi / (null),dcmqi,(null),colorectal_liver_metastases,OK,1,1
1.2.276.0.7230010.3.1.3.481034752.40995.1661484971.739196,dcmqi / nnu_net_bpr_annotations,dcmqi,nnu_net_bpr_annotations,nlst,OK,1,1
1.2.276.0.7230010.3.1.3.17436516.4025707.1714671041.926199,dcmqi / bamf_aimi_annotations,dcmqi,bamf_aimi_annotations,duke_breast_cancer_mri,OK,1,1
1.3.6.1.4.1.14519.5.2.1.131216986044141744944295443464593033909,dcmqi / (null),dcmqi,(null),remind,OK,1,1
1.2.276.0.7230010.3.1.3.481034752.256564.1661574625.796400,dcmqi / nnu_net_bpr_annotations,dcmqi,nnu_net_bpr_annotations,nlst,OK,1,1
1.2.276.0.7230010.3.1.3.481034752.335869.1661607207.661691,dcmqi / nnu_net_bpr_annotations,dcmqi,nnu_net_bpr_annotations,nlst,OK,1,1
1.2.826.0.1.3680043.10.511.3.70573362862466273360282255390979742,not identifiable from index / rms_mutation_prediction_expert_annotations,not identifiable from index,rms_mutation_prediction_expert_annotations,rms_mutation_prediction,OK,2,2
1.2.276.0.7230010.3.1.3.17436516.4014615.1714670918.61059,dcmqi / bamf_aimi_annotations,dcmqi,bamf_aimi_annotations,duke_breast_cancer_mri,OK,1,1
1.2.276.0.7230010.3.1.3.481034752.55686.1661491018.684731,dcmqi / nnu_net_bpr_annotations,dcmqi,nnu_net_bpr_annotations,nlst,OK,1,1
1.2.276.0.7230010.3.1.3.481034752.650249.1661744340.637864,dcmqi / nnu_net_bpr_annotations,dcmqi,nnu_net_bpr_annotations,nlst,OK,1,1
1.3.6.1.4.1.14519.5.2.1.4334.1501.248208857556078753377771302612,QIICR Reporting via 3D Slicer / (null),QIICR Reporting via 3D Slicer,(null),nsclc_radiogenomics,OK,1,1
1.2.276.0.7230010.3.1.3.17436516.4052698.1714671341.59651,dcmqi / bamf_aimi_annotations,dcmqi,bamf_aimi_annotations,duke_breast_cancer_mri,OK,1,1
1.2.276.0.7230010.3.1.3.481034752.426629.1661644604.754211,dcmqi / nnu_net_bpr_annotations,dcmqi,nnu_net_bpr_annotations,nlst,OK,1,1
1.2.276.0.7230010.3.1.3.17436516.3948420.1714670079.494038,dcmqi / bamf_aimi_annotations,dcmqi,bamf_aimi_annotations,duke_breast_cancer_mri,OK,1,1
1.2.276.0.7230010.3.1.3.0.15592.1415375763.86285,QIICR Reporting via 3D Slicer / qin_lungct_seg,QIICR Reporting via 3D Slicer,qin_lungct_seg,lidc_idri,OK,1,1
1.2.276.0.7230010.3.1.3.0.15741.1415375999.54313,QIICR Reporting via 3D Slicer / qin_lungct_seg,QIICR Reporting via 3D Slicer,qin_lungct_seg,lidc_idri,OK,1,1
1.2.276.0.7230010.3.1.3.0.15617.1415375806.458492,QIICR Reporting via 3D Slicer / qin_lungct_seg,QIICR Reporting via 3D Slicer,qin_lungct_seg,lidc_idri,OK,1,1
1.2.276.0.7230010.3.1.3.0.15643.1415375848.600380,QIICR Reporting via 3D Slicer / qin_lungct_seg,QIICR Reporting via 3D Slicer,qin_lungct_seg,lidc_idri,OK,1,1
1.2.276.0.7230010.3.1.3.0.15666.1415375891.495838,QIICR Reporting via 3D Slicer / qin_lungct_seg,QIICR Reporting via 3D Slicer,qin_lungct_seg,lidc_idri,OK,1,1
1.2.276.0.7230010.3.1.3.0.15694.1415375924.612823,QIICR Reporting via 3D Slicer / qin_lungct_seg,QIICR Reporting via 3D Slicer,qin_lungct_seg,lidc_idri,OK,1,1
1.2.276.0.7230010.3.1.3.0.15716.1415375956.654725,QIICR Reporting via 3D Slicer / qin_lungct_seg,QIICR Reporting via 3D Slicer,qin_lungct_seg,lidc_idri,OK,1,1
1.2.276.0.7230010.3.1.3.0.15765.1415376043.655614,QIICR Reporting via 3D Slicer / qin_lungct_seg,QIICR Reporting via 3D Slicer,qin_lungct_seg,lidc_idri,OK,1,1
1.2.276.0.7230010.3.1.3.0.15793.1415376076.840184,QIICR Reporting via 3D Slicer / qin_lungct_seg,QIICR Reporting via 3D Slicer,qin_lungct_seg,lidc_idri,OK,1,1
1.2.276.0.7230010.3.1.3.17436516.3972375.1714670408.286818,dcmqi / bamf_aimi_annotations,dcmqi,bamf_aimi_annotations,duke_breast_cancer_mri,OK,1,1
1.3.6.1.4.1.14519.5.2.1.4334.1501.282371667423657600603952169379,QIICR Reporting via 3D Slicer / (null),QIICR Reporting via 3D Slicer,(null),nsclc_radiogenomics,OK,1,1
1.2.276.0.7230010.3.1.3.481034752.388553.1661629105.316771,dcmqi / nnu_net_bpr_annotations,dcmqi,nnu_net_bpr_annotations,nlst,OK,1,1
1.2.276.0.7230010.3.1.3.481034752.579015.1661711783.613665,dcmqi / nnu_net_bpr_annotations,dcmqi,nnu_net_bpr_annotations,nlst,OK,1,1
1.2.276.0.7230010.3.1.3.481034752.663385.1661750156.988386,dcmqi / nnu_net_bpr_annotations,dcmqi,nnu_net_bpr_annotations,nlst,OK,1,1
1.2.276.0.7230010.3.1.3.17436516.3909007.1714669513.756525,dcmqi / bamf_aimi_annotations,dcmqi,bamf_aimi_annotations,duke_breast_cancer_mri,OK,1,1
1.2.276.0.7230010.3.1.3.481034752.315599.1661598630.477535,dcmqi / nnu_net_bpr_annotations,dcmqi,nnu_net_bpr_annotations,nlst,OK,1,1
1.2.276.0.7230010.3.1.3.2323910823.22372.1597259190.507,dcmqi / (null),dcmqi,(null),nsclc_radiomics,OK,1,1
1.2.276.0.7230010.3.1.3.505801377.3020.1345983042.412,not identifiable from index / qiba_volct_1b,not identifiable from index,qiba_volct_1b,rider_lung_ct,OK,1,1
1.2.276.0.7230010.3.1.3.17436516.3976615.1714670474.724024,dcmqi / bamf_aimi_annotations,dcmqi,bamf_aimi_annotations,duke_breast_cancer_mri,OK,1,1
1.2.276.0.7230010.3.1.3.481034752.17840.1661475000.854608,dcmqi / nnu_net_bpr_annotations,dcmqi,nnu_net_bpr_annotations,nlst,OK,1,1
1.3.6.1.4.1.14519.5.2.1.9203.8273.851244890409717685022349918368,dcmqi / (null),dcmqi,(null),colorectal_liver_metastases,OK,1,1
1.2.276.0.7230010.3.1.3.17436516.3141773.1720666977.174193,dcmqi / bamf_aimi_annotations,dcmqi,bamf_aimi_annotations,nlst,OK,1,1
1.3.6.1.4.1.14519.5.2.1.7695.1700.254444675299167332918995097839,not identifiable from index / (null),not identifiable from index,(null),ispy1,OK,1,1
1.2.276.0.7230010.3.1.3.8323329.1705.1554819982.390085,dcmqi / rider_lungct_seg,dcmqi,rider_lungct_seg,rider_lung_ct,OK,1,1
1.2.276.0.7230010.3.1.3.481034752.672622.1661754444.82532,dcmqi / nnu_net_bpr_annotations,dcmqi,nnu_net_bpr_annotations,nlst,OK,1,1
1.2.276.0.7230010.3.1.3.2323910823.13084.1597257886.943,dcmqi / (null),dcmqi,(null),nsclc_radiomics,OK,1,1
1.2.276.0.7230010.3.1.3.17436516.2715643.1720647855.663737,dcmqi / bamf_aimi_annotations,dcmqi,bamf_aimi_annotations,nsclc_radiogenomics,OK,1,1
1.2.276.0.7230010.3.1.3.17436516.3251510.1720668253.272155,dcmqi / bamf_aimi_annotations,dcmqi,bamf_aimi_annotations,nlst,OK,1,1
1.2.276.0.7230010.3.1.3.481034752.323451.1661601962.913296,dcmqi / nnu_net_bpr_annotations,dcmqi,nnu_net_bpr_annotations,nlst,OK,1,1
1.2.276.0.7230010.3.1.3.481034752.393197.1661631238.480348,dcmqi / nnu_net_bpr_annotations,dcmqi,nnu_net_bpr_annotations,nlst,OK,1,1
1.2.276.0.7230010.3.1.3.481034752.563596.1661704479.846457,dcmqi / nnu_net_bpr_annotations,dcmqi,nnu_net_bpr_annotations,nlst,OK,1,1
1.2.276.0.7230010.3.1.3.481034752.487838.1661670095.526708,dcmqi / nnu_net_bpr_annotations,dcmqi,nnu_net_bpr_annotations,nlst,OK,1,1
1.3.6.1.4.1.14519.5.2.1.9203.8273.136378912052846312384376089084,dcmqi / (null),dcmqi,(null),colorectal_liver_metastases,OK,1,1
1.2.276.0.7230010.3.1.3.481034752.581335.1661712863.248187,dcmqi / nnu_net_bpr_annotations,dcmqi,nnu_net_bpr_annotations,nlst,OK,1,1
1.2.276.0.7230010.3.1.3.8323329.29296.1554821950.541699,dcmqi / rider_lungct_seg,dcmqi,rider_lungct_seg,rider_lung_ct,OK,1,1
1.2.276.0.7230010.3.1.3.8323329.15621.1554844195.560572,dcmqi / rider_lungct_seg,dcmqi,rider_lungct_seg,rider_lung_ct,OK,1,1
1.2.276.0.7230010.3.1.3.481034752.784406.1661806904.537785,dcmqi / nnu_net_bpr_annotations,dcmqi,nnu_net_bpr_annotations,nlst,OK,1,1
1.2.276.0.7230010.3.1.3.17436516.4040418.1714671226.449662,dcmqi / bamf_aimi_annotations,dcmqi,bamf_aimi_annotations,duke_breast_cancer_mri,OK,1,1
1.2.276.0.7230010.3.1.3.17436516.4033806.1714671145.509769,dcmqi / bamf_aimi_annotations,dcmqi,bamf_aimi_annotations,duke_breast_cancer_mri,OK,1,1
1.2.276.0.7230010.3.1.3.8323329.1763.1600928958.932669,dcmqi / (null),dcmqi,(null),hcc_tace_seg,OK,1,1
1.2.276.0.7230010.3.1.3.8323329.989.1600928704.681626,dcmqi / (null),dcmqi,(null),hcc_tace_seg,OK,1,1
1.2.276.0.7230010.3.1.3.2323910823.22304.1597259131.380,dcmqi / (null),dcmqi,(null),nsclc_radiomics,OK,1,1
1.2.276.0.7230010.3.1.3.481034752.558189.1661701590.638058,dcmqi / nnu_net_bpr_annotations,dcmqi,nnu_net_bpr_annotations,nlst,OK,1,1
1.2.276.0.7230010.3.1.3.17436516.3973478.1714670423.321022,dcmqi / bamf_aimi_annotations,dcmqi,bamf_aimi_annotations,duke_breast_cancer_mri,OK,1,1
1.2.276.0.7230010.3.1.3.481034752.482427.1661668007.622779,dcmqi / nnu_net_bpr_annotations,dcmqi,nnu_net_bpr_annotations,nlst,OK,1,1
1.2.276.0.7230010.3.1.3.17436516.3907578.1714669490.220632,dcmqi / bamf_aimi_annotations,dcmqi,bamf_aimi_annotations,duke_breast_cancer_mri,OK,1,1
1.2.276.0.7230010.3.1.3.17436516.3941506.1714669960.234150,dcmqi / bamf_aimi_annotations,dcmqi,bamf_aimi_annotations,duke_breast_cancer_mri,OK,1,1
1.2.276.0.7230010.3.1.3.17436516.3264886.1720668430.505381,dcmqi / bamf_aimi_annotations,dcmqi,bamf_aimi_annotations,nlst,OK,1,1
1.2.276.0.7230010.3.1.3.8323329.2204.1554843187.867545,dcmqi / rider_lungct_seg,dcmqi,rider_lungct_seg,rider_lung_ct,OK,1,1
1.3.6.1.4.1.14519.5.2.1.56287332593699679049338363308089466695,not identifiable from index / (null),not identifiable from index,(null),ispy2,OK,1,1
1.2.276.0.7230010.3.1.3.8323329.1709.1600928940.903778,dcmqi / (null),dcmqi,(null),hcc_tace_seg,OK,1,1
1.2.276.0.7230010.3.1.3.481034752.735909.1661783703.861382,dcmqi / nnu_net_bpr_annotations,dcmqi,nnu_net_bpr_annotations,nlst,OK,1,1
1.2.276.0.7230010.3.1.3.481034752.270594.1661580384.484465,dcmqi / nnu_net_bpr_annotations,dcmqi,nnu_net_bpr_annotations,nlst,OK,1,1
1.2.276.0.7230010.3.1.3.505801377.2044.1345985076.289,not identifiable from index / qiba_volct_1b,not identifiable from index,qiba_volct_1b,rider_lung_ct,OK,1,1
1.2.276.0.7230010.3.1.3.2323910823.2772.1597259786.661,dcmqi / (null),dcmqi,(null),nsclc_radiomics,OK,1,1
1.2.276.0.7230010.3.1.3.17436516.4026534.1714671054.407334,dcmqi / bamf_aimi_annotations,dcmqi,bamf_aimi_annotations,duke_breast_cancer_mri,OK,1,1
1.2.276.0.7230010.3.1.3.2323910823.21736.1597257896.335,dcmqi / (null),dcmqi,(null),nsclc_radiomics,OK,1,1
1.2.276.0.7230010.3.1.3.481034752.379323.1661625102.208933,dcmqi / nnu_net_bpr_annotations,dcmqi,nnu_net_bpr_annotations,nlst,OK,1,1
1.2.276.0.7230010.3.1.3.2323910823.3532.1597259228.706,dcmqi / (null),dcmqi,(null),nsclc_radiomics,OK,1,1
1.3.6.1.4.1.14519.5.2.1.9203.8273.197802176659053188716414492299,dcmqi / (null),dcmqi,(null),colorectal_liver_metastases,OK,1,1
1.2.826.0.1.3680043.10.511.3.78348204978139092641562768593231005,not identifiable from index / rms_mutation_prediction_expert_annotations,not identifiable from index,rms_mutation_prediction_expert_annotations,rms_mutation_prediction,OK,2,2
1.2.276.0.7230010.3.1.3.8323329.747.1554843102.753472,dcmqi / rider_lungct_seg,dcmqi,rider_lungct_seg,rider_lung_ct,OK,1,1
1.2.276.0.7230010.3.1.3.481034752.684296.1661760000.901904,dcmqi / nnu_net_bpr_annotations,dcmqi,nnu_net_bpr_annotations,nlst,OK,1,1
1.2.276.0.7230010.3.1.3.17436516.3913129.1714669567.790495,dcmqi / bamf_aimi_annotations,dcmqi,bamf_aimi_annotations,duke_breast_cancer_mri,OK,1,1
1.2.276.0.7230010.3.1.3.8323329.1367.1600928823.55520,dcmqi / (null),dcmqi,(null),hcc_tace_seg,OK,1,1
1.2.276.0.7230010.3.1.3.2323910823.15524.1597259645.741,dcmqi / (null),dcmqi,(null),nsclc_radiomics,OK,1,1
1.2.276.0.7230010.3.1.3.481034752.620097.1661730726.990712,dcmqi / nnu_net_bpr_annotations,dcmqi,nnu_net_bpr_annotations,nlst,OK,1,1
1.2.276.0.7230010.3.1.3.8323329.22045.1554842223.669661,dcmqi / rider_lungct_seg,dcmqi,rider_lungct_seg,rider_lung_ct,OK,1,1
1.2.276.0.7230010.3.1.3.8323329.2015.1600929060.445346,dcmqi / (null),dcmqi,(null),hcc_tace_seg,OK,1,1
1.2.276.0.7230010.3.1.3.17436516.3959956.1714670239.638116,dcmqi / bamf_aimi_annotations,dcmqi,bamf_aimi_annotations,duke_breast_cancer_mri,OK,1,1
1.3.6.1.4.1.14519.5.2.1.7695.1700.154530696174071312674153199461,not identifiable from index / (null),not identifiable from index,(null),ispy1,OK,1,1
1.2.276.0.7230010.3.1.3.8323329.16806.1554821083.229719,dcmqi / rider_lungct_seg,dcmqi,rider_lungct_seg,rider_lung_ct,OK,1,1
1.2.276.0.7230010.3.1.3.8323329.26750.1554821783.648863,dcmqi / rider_lungct_seg,dcmqi,rider_lungct_seg,rider_lung_ct,OK,1,1
1.2.276.0.7230010.3.1.3.8323329.20780.1554842143.193341,dcmqi / rider_lungct_seg,dcmqi,rider_lungct_seg,rider_lung_ct,OK,1,1
1.2.276.0.7230010.3.1.3.8323329.30717.1554842934.942943,dcmqi / rider_lungct_seg,dcmqi,rider_lungct_seg,rider_lung_ct,OK,1,1
1.2.276.0.7230010.3.1.3.0.22385.1674506688.663466,dcmqi / (null),dcmqi,(null),ct_lymph_nodes,OK,1,1
1.2.276.0.7230010.3.1.3.2323910823.7812.1597259950.739,dcmqi / (null),dcmqi,(null),nsclc_radiomics,OK,1,1
1.2.276.0.7230010.3.1.3.2323910823.25516.1597259125.918,dcmqi / (null),dcmqi,(null),nsclc_radiomics,OK,1,1
1.2.276.0.7230010.3.1.3.2323910823.21324.1597259846.837,dcmqi / (null),dcmqi,(null),nsclc_radiomics,OK,1,1
1.2.276.0.7230010.3.1.3.8323329.7982.1554820417.354881,dcmqi / rider_lungct_seg,dcmqi,rider_lungct_seg,rider_lung_ct,OK,1,1
1.2.276.0.7230010.3.1.3.8323329.4480.1554820147.296719,dcmqi / rider_lungct_seg,dcmqi,rider_lungct_seg,rider_lung_ct,OK,1,1
1.2.276.0.7230010.3.1.3.481034752.758136.1661794881.422974,dcmqi / nnu_net_bpr_annotations,dcmqi,nnu_net_bpr_annotations,nlst,OK,1,1
1.2.276.0.7230010.3.1.3.481034752.345157.1661611047.364246,dcmqi / nnu_net_bpr_annotations,dcmqi,nnu_net_bpr_annotations,nlst,OK,1,1
1.3.6.1.4.1.14519.5.2.1.298768168735622771016038912221712203017,dcmqi / (null),dcmqi,(null),remind,OK,1,1
1.2.276.0.7230010.3.1.3.8323329.12950.1554844002.252553,dcmqi / rider_lungct_seg,dcmqi,rider_lungct_seg,rider_lung_ct,OK,1,1
1.2.276.0.7230010.3.1.3.8323329.19480.1554844461.437970,dcmqi / rider_lungct_seg,dcmqi,rider_lungct_seg,rider_lung_ct,OK,1,1
1.2.276.0.7230010.3.1.3.8323329.28010.1554821863.449566,dcmqi / rider_lungct_seg,dcmqi,rider_lungct_seg,rider_lung_ct,OK,1,1
1.2.276.0.7230010.3.1.3.8323329.26032.1554842575.927371,dcmqi / rider_lungct_seg,dcmqi,rider_lungct_seg,rider_lung_ct,OK,1,1
1.2.276.0.7230010.3.1.3.481034752.721266.1661776830.391780,dcmqi / nnu_net_bpr_annotations,dcmqi,nnu_net_bpr_annotations,nlst,OK,1,1
1.3.6.1.4.1.14519.5.2.1.9203.8273.490945266728191448474015089678,dcmqi / (null),dcmqi,(null),colorectal_liver_metastases,OK,1,1
1.2.276.0.7230010.3.1.3.481034752.737429.1661784520.956063,dcmqi / nnu_net_bpr_annotations,dcmqi,nnu_net_bpr_annotations,nlst,OK,1,1
1.3.6.1.4.1.14519.5.2.1.4334.1501.829224362989644539044602901615,QIICR Reporting via 3D Slicer / (null),QIICR Reporting via 3D Slicer,(null),nsclc_radiogenomics,OK,1,1
1.2.276.0.7230010.3.1.3.8323329.15604.1554820995.783866,dcmqi / rider_lungct_seg,dcmqi,rider_lungct_seg,rider_lung_ct,OK,1,1
1.2.276.0.7230010.3.1.3.8323329.8070.1554843626.111330,dcmqi / rider_lungct_seg,dcmqi,rider_lungct_seg,rider_lung_ct,OK,1,1
1.2.276.0.7230010.3.1.3.8323329.25780.1554821702.493501,dcmqi / rider_lungct_seg,dcmqi,rider_lungct_seg,rider_lung_ct,OK,1,1
1.2.276.0.7230010.3.1.3.8323329.20685.1554821352.112310,dcmqi / rider_lungct_seg,dcmqi,rider_lungct_seg,rider_lung_ct,OK,1,1
1.2.276.0.7230010.3.1.3.0.74515.1588583355.385172,not identifiable from index / (null),not identifiable from index,(null),c4kc_kits,OK,1,1
1.3.6.1.4.1.14519.5.2.1.9203.8273.194070714302907521588469745666,dcmqi / (null),dcmqi,(null),colorectal_liver_metastases,OK,1,1
1.2.276.0.7230010.3.1.3.2323910823.22228.1597260052.934,dcmqi / (null),dcmqi,(null),nsclc_radiomics,OK,1,1
1.2.826.0.1.3680043.10.511.3.62865913085043856192000062056831685,not identifiable from index / rms_mutation_prediction_expert_annotations,not identifiable from index,rms_mutation_prediction_expert_annotations,rms_mutation_prediction,OK,2,2
1.2.276.0.7230010.3.1.3.481034752.712056.1661772352.555733,dcmqi / nnu_net_bpr_annotations,dcmqi,nnu_net_bpr_annotations,nlst,OK,1,1
1.2.276.0.7230010.3.1.3.8323329.7091.1554843537.973188,dcmqi / rider_lungct_seg,dcmqi,rider_lungct_seg,rider_lung_ct,OK,1,1
1.2.276.0.7230010.3.1.3.17436516.3315993.1720669209.291513,dcmqi / bamf_aimi_annotations,dcmqi,bamf_aimi_annotations,spie_aapm_lung_ct_challenge,OK,1,1
1.2.276.0.7230010.3.1.3.2323910823.25112.1597260107.787,dcmqi / (null),dcmqi,(null),nsclc_radiomics,OK,1,1
1.2.276.0.7230010.3.1.3.2323910823.9316.1597258779.765,dcmqi / (null),dcmqi,(null),nsclc_radiomics,OK,1,1
1.2.276.0.7230010.3.1.3.2323910823.9504.1597259006.266,dcmqi / (null),dcmqi,(null),nsclc_radiomics,OK,1,1
1.2.276.0.7230010.3.1.3.8323329.2021.1554822307.24503,dcmqi / rider_lungct_seg,dcmqi,rider_lungct_seg,rider_lung_ct,OK,1,1
1.2.826.0.1.3680043.10.511.3.81533388010139442196653187324270222,not identifiable from index / rms_mutation_prediction_expert_annotations,not identifiable from index,rms_mutation_prediction_expert_annotations,rms_mutation_prediction,OK,2,2
1.2.276.0.7230010.3.1.3.8323329.29519.1554842848.297024,dcmqi / rider_lungct_seg,dcmqi,rider_lungct_seg,rider_lung_ct,OK,1,1
1.2.276.0.7230010.3.1.3.8323329.5678.1554820235.472211,dcmqi / rider_lungct_seg,dcmqi,rider_lungct_seg,rider_lung_ct,OK,1,1
1.2.276.0.7230010.3.1.3.0.16036.1415376454.650517,QIICR Reporting via 3D Slicer / qin_lungct_seg,QIICR Reporting via 3D Slicer,qin_lungct_seg,lidc_idri,OK,1,1
1.2.276.0.7230010.3.1.3.0.16113.1415376508.696504,QIICR Reporting via 3D Slicer / qin_lungct_seg,QIICR Reporting via 3D Slicer,qin_lungct_seg,lidc_idri,OK,1,1
1.2.276.0.7230010.3.1.3.0.16148.1415376543.380755,QIICR Reporting via 3D Slicer / qin_lungct_seg,QIICR Reporting via 3D Slicer,qin_lungct_seg,lidc_idri,OK,1,1
1.2.276.0.7230010.3.1.3.0.16173.1415376592.569432,QIICR Reporting via 3D Slicer / qin_lungct_seg,QIICR Reporting via 3D Slicer,qin_lungct_seg,lidc_idri,OK,1,1
1.2.276.0.7230010.3.1.3.0.16196.1415376632.537339,QIICR Reporting via 3D Slicer / qin_lungct_seg,QIICR Reporting via 3D Slicer,qin_lungct_seg,lidc_idri,OK,1,1
1.2.276.0.7230010.3.1.3.0.16218.1415376676.241579,QIICR Reporting via 3D Slicer / qin_lungct_seg,QIICR Reporting via 3D Slicer,qin_lungct_seg,lidc_idri,OK,1,1
1.2.276.0.7230010.3.1.3.0.16241.1415376714.950088,QIICR Reporting via 3D Slicer / qin_lungct_seg,QIICR Reporting via 3D Slicer,qin_lungct_seg,lidc_idri,OK,1,1
1.2.276.0.7230010.3.1.3.0.16267.1415376753.223989,QIICR Reporting via 3D Slicer / qin_lungct_seg,QIICR Reporting via 3D Slicer,qin_lungct_seg,lidc_idri,OK,1,1
1.2.276.0.7230010.3.1.3.0.16295.1415376787.963704,QIICR Reporting via 3D Slicer / qin_lungct_seg,QIICR Reporting via 3D Slicer,qin_lungct_seg,lidc_idri,OK,1,1
1.2.276.0.7230010.3.1.3.8323329.24558.1554821613.346079,dcmqi / rider_lungct_seg,dcmqi,rider_lungct_seg,rider_lung_ct,OK,1,1
1.2.276.0.7230010.3.1.3.8323329.19345.1554821263.444952,dcmqi / rider_lungct_seg,dcmqi,rider_lungct_seg,rider_lung_ct,OK,1,1
1.2.276.0.7230010.3.1.3.2323910823.20828.1597259912.865,dcmqi / (null),dcmqi,(null),nsclc_radiomics,OK,1,1
1.3.6.1.4.1.14519.5.2.1.9203.8273.110665892333245330700437297536,dcmqi / (null),dcmqi,(null),colorectal_liver_metastases,OK,1,1
1.2.276.0.7230010.3.1.3.481034752.552023.1661698581.746098,dcmqi / nnu_net_bpr_annotations,dcmqi,nnu_net_bpr_annotations,nlst,OK,1,1
1.2.276.0.7230010.3.1.3.8323329.24761.1554842482.122464,dcmqi / rider_lungct_seg,dcmqi,rider_lungct_seg,rider_lung_ct,OK,1,1
1.2.276.0.7230010.3.1.3.8323329.10399.1554820614.125440,dcmqi / rider_lungct_seg,dcmqi,rider_lungct_seg,rider_lung_ct,OK,1,1
1.2.276.0.7230010.3.1.3.8323329.16870.1554844272.214723,dcmqi / rider_lungct_seg,dcmqi,rider_lungct_seg,rider_lung_ct,OK,1,1
1.2.276.0.7230010.3.1.3.8323329.3483.1554843262.971275,dcmqi / rider_lungct_seg,dcmqi,rider_lungct_seg,rider_lung_ct,OK,1,1
1.2.276.0.7230010.3.1.3.8323329.11554.1554820706.857013,dcmqi / rider_lungct_seg,dcmqi,rider_lungct_seg,rider_lung_ct,OK,1,1
1.2.276.0.7230010.3.1.3.8323329.9236.1554843710.400783,dcmqi / rider_lungct_seg,dcmqi,rider_lungct_seg,rider_lung_ct,OK,1,1
1.3.6.1.4.1.14519.5.2.1.216187629908024431802173142762666388445,not identifiable from index / (null),not identifiable from index,(null),ispy2,OK,1,1
1.3.6.1.4.1.14519.5.2.1.246995422384810086170515763326568560543,not identifiable from index / (null),not identifiable from index,(null),ispy2,OK,1,1
1.3.6.1.4.1.14519.5.2.1.17898805024796531460287875839425461915,not identifiable from index / (null),not identifiable from index,(null),ispy2,OK,1,1
1.3.6.1.4.1.14519.5.2.1.4334.1501.202638128487758661253061763769,QIICR Reporting via 3D Slicer / (null),QIICR Reporting via 3D Slicer,(null),nsclc_radiogenomics,OK,1,1
1.3.6.1.4.1.14519.5.2.1.7695.4164.228759767688222178494603283302,not identifiable from index / (null),not identifiable from index,(null),acrin_6698,OK,1,1
1.3.6.1.4.1.14519.5.2.1.9203.8273.203651420915044740864090297587,dcmqi / (null),dcmqi,(null),colorectal_liver_metastases,OK,1,1
1.2.276.0.7230010.3.1.3.8323329.21953.1554821436.288515,dcmqi / rider_lungct_seg,dcmqi,rider_lungct_seg,rider_lung_ct,OK,1,1
1.2.276.0.7230010.3.1.3.8323329.3432.1554822400.109841,dcmqi / rider_lungct_seg,dcmqi,rider_lungct_seg,rider_lung_ct,OK,1,1
1.2.276.0.7230010.3.1.3.8323329.28168.1554842757.156486,dcmqi / rider_lungct_seg,dcmqi,rider_lungct_seg,rider_lung_ct,OK,1,1
1.2.276.0.7230010.3.1.3.8323329.14205.1554820902.237181,dcmqi / rider_lungct_seg,dcmqi,rider_lungct_seg,rider_lung_ct,OK,1,1
1.3.6.1.4.1.14519.5.2.1.9203.8273.176416160864227622792316342659,dcmqi / (null),dcmqi,(null),colorectal_liver_metastases,OK,1,1
1.2.276.0.7230010.3.1.3.481034752.789992.1661809572.758057,dcmqi / nnu_net_bpr_annotations,dcmqi,nnu_net_bpr_annotations,nlst,OK,1,1
1.2.826.0.1.3680043.10.511.3.64197712673558391779367600348128717,not identifiable from index / rms_mutation_prediction_expert_annotations,not identifiable from index,rms_mutation_prediction_expert_annotations,rms_mutation_prediction,OK,3,3
1.2.276.0.7230010.3.1.3.2323910823.12536.1597260637.689,dcmqi / (null),dcmqi,(null),nsclc_radiomics,OK,1,1
1.2.276.0.7230010.3.1.3.2323910823.23864.1597261003.731,dcmqi / (null),dcmqi,(null),nsclc_radiomics,OK,1,1
1.2.276.0.7230010.3.1.3.8323329.31653.1554822125.805873,dcmqi / rider_lungct_seg,dcmqi,rider_lungct_seg,rider_lung_ct,OK,1,1
1.2.276.0.7230010.3.1.3.8323329.23231.1554821525.429266,dcmqi / rider_lungct_seg,dcmqi,rider_lungct_seg,rider_lung_ct,OK,1,1
1.2.276.0.7230010.3.1.3.8323329.591.1554822215.562011,dcmqi / rider_lungct_seg,dcmqi,rider_lungct_seg,rider_lung_ct,OK,1,1
1.2.276.0.7230010.3.1.3.8323329.4630.1554822493.511219,dcmqi / rider_lungct_seg,dcmqi,rider_lungct_seg,rider_lung_ct,OK,1,1
1.2.276.0.7230010.3.1.3.8323329.31907.1554843015.400512,dcmqi / rider_lungct_seg,dcmqi,rider_lungct_seg,rider_lung_ct,OK,1,1
1.3.6.1.4.1.14519.5.2.1.9203.8273.106260040484494200970809784782,dcmqi / (null),dcmqi,(null),colorectal_liver_metastases,OK,1,1
1.2.276.0.7230010.3.1.3.8323329.18411.1554841949.273338,dcmqi / rider_lungct_seg,dcmqi,rider_lungct_seg,rider_lung_ct,OK,1,1
1.2.276.0.7230010.3.1.3.8323329.4613.1554843349.990449,dcmqi / rider_lungct_seg,dcmqi,rider_lungct_seg,rider_lung_ct,OK,1,1
1.2.276.0.7230010.3.1.3.481034752.731269.1661781256.791362,dcmqi / nnu_net_bpr_annotations,dcmqi,nnu_net_bpr_annotations,nlst,OK,1,1
1.2.826.0.1.3680043.10.511.3.67930960526680137064871025979839301,not identifiable from index / rms_mutation_prediction_expert_annotations,not identifiable from index,rms_mutation_prediction_expert_annotations,rms_mutation_prediction,OK,2,2
1.2.276.0.7230010.3.1.3.2323910823.16932.1597260835.449,dcmqi / (null),dcmqi,(null),nsclc_radiomics,OK,1,1
1.2.276.0.7230010.3.1.3.2323910823.24812.1597258846.343,dcmqi / (null),dcmqi,(null),nsclc_radiomics,OK,1,1
1.2.276.0.7230010.3.1.3.8323329.18239.1554844358.919088,dcmqi / rider_lungct_seg,dcmqi,rider_lungct_seg,rider_lung_ct,OK,1,1
1.2.276.0.7230010.3.1.3.8323329.5891.1554843444.209653,dcmqi / rider_lungct_seg,dcmqi,rider_lungct_seg,rider_lung_ct,OK,1,1
1.2.276.0.7230010.3.1.3.8323329.6703.1554820324.285935,dcmqi / rider_lungct_seg,dcmqi,rider_lungct_seg,rider_lung_ct,OK,1,1
1.2.276.0.7230010.3.1.3.8323329.364.1554819884.486584,dcmqi / rider_lungct_seg,dcmqi,rider_lungct_seg,rider_lung_ct,OK,1,1
1.2.276.0.7230010.3.1.3.8323329.19578.1554842047.820136,dcmqi / rider_lungct_seg,dcmqi,rider_lungct_seg,rider_lung_ct,OK,1,1
1.2.276.0.7230010.3.1.3.8323329.3151.1554820054.833742,dcmqi / rider_lungct_seg,dcmqi,rider_lungct_seg,rider_lung_ct,OK,1,1
1.2.276.0.7230010.3.1.3.2323910823.9180.1597257853.312,dcmqi / (null),dcmqi,(null),nsclc_radiomics,OK,1,1
1.2.826.0.1.3680043.10.511.3.45355461040063143065599093775727858,not identifiable from index / rms_mutation_prediction_expert_annotations,not identifiable from index,rms_mutation_prediction_expert_annotations,rms_mutation_prediction,OK,3,3
1.2.276.0.7230010.3.1.3.2323910823.21548.1597259802.588,dcmqi / (null),dcmqi,(null),nsclc_radiomics,OK,1,1
1.3.6.1.4.1.14519.5.2.1.4334.1501.329923844173758735088210721535,QIICR Reporting via 3D Slicer / (null),QIICR Reporting via 3D Slicer,(null),nsclc_radiogenomics,OK,1,1
1.2.276.0.7230010.3.1.3.8323329.18140.1554821167.472678,dcmqi / rider_lungct_seg,dcmqi,rider_lungct_seg,rider_lung_ct,OK,1,1
1.2.276.0.7230010.3.1.3.481034752.559752.1661702331.675745,dcmqi / nnu_net_bpr_annotations,dcmqi,nnu_net_bpr_annotations,nlst,OK,1,1
1.2.276.0.7230010.3.1.3.2323910823.16476.1597257778.788,dcmqi / (null),dcmqi,(null),nsclc_radiomics,OK,1,1
1.2.276.0.7230010.3.1.3.2323910823.21572.1597257804.452,dcmqi / (null),dcmqi,(null),nsclc_radiomics,OK,1,1
1.2.276.0.7230010.3.1.3.2323910823.23268.1597259247.860,dcmqi / (null),dcmqi,(null),nsclc_radiomics,OK,1,1
1.2.276.0.7230010.3.1.3.2323910823.24880.1597259037.165,dcmqi / (null),dcmqi,(null),nsclc_radiomics,OK,1,1
1.2.276.0.7230010.3.1.3.8323329.11604.1554843904.94647,dcmqi / rider_lungct_seg,dcmqi,rider_lungct_seg,rider_lung_ct,OK,1,1
1.2.276.0.7230010.3.1.3.8323329.10537.1554843803.471316,dcmqi / rider_lungct_seg,dcmqi,rider_lungct_seg,rider_lung_ct,OK,1,1
1.2.276.0.7230010.3.1.3.481034752.369218.1661620660.528918,dcmqi / nnu_net_bpr_annotations,dcmqi,nnu_net_bpr_annotations,nlst,OK,1,1
1.2.276.0.7230010.3.1.3.2323910823.19136.1597260893.910,dcmqi / (null),dcmqi,(null),nsclc_radiomics,OK,1,1
1.2.276.0.7230010.3.1.3.2323910823.20804.1597260568.342,dcmqi / (null),dcmqi,(null),nsclc_radiomics,OK,1,1
1.2.276.0.7230010.3.1.3.481034752.483955.1661668635.858930,dcmqi / nnu_net_bpr_annotations,dcmqi,nnu_net_bpr_annotations,nlst,OK,1,1
1.2.276.0.7230010.3.1.3.2323910823.12340.1597260886.994,dcmqi / (null),dcmqi,(null),nsclc_radiomics,OK,1,1
1.2.276.0.7230010.3.1.3.8323329.23409.1554842387.560675,dcmqi / rider_lungct_seg,dcmqi,rider_lungct_seg,rider_lung_ct,OK,1,1
1.2.276.0.7230010.3.1.3.8323329.30503.1554822027.916239,dcmqi / rider_lungct_seg,dcmqi,rider_lungct_seg,rider_lung_ct,OK,1,1
1.2.276.0.7230010.3.1.3.2323910823.20560.1597259601.104,dcmqi / (null),dcmqi,(null),nsclc_radiomics,OK,1,1
1.2.276.0.7230010.3.1.3.481034752.46402.1661487137.393090,dcmqi / nnu_net_bpr_annotations,dcmqi,nnu_net_bpr_annotations,nlst,OK,1,1
1.2.276.0.7230010.3.1.3.481034752.735151.1661783275.482746,dcmqi / nnu_net_bpr_annotations,dcmqi,nnu_net_bpr_annotations,nlst,OK,1,1
1.2.276.0.7230010.3.1.3.2323910823.21036.1597259348.769,dcmqi / (null),dcmqi,(null),nsclc_radiomics,OK,1,1
1.2.276.0.7230010.3.1.3.8323329.26932.1554842656.958509,dcmqi / rider_lungct_seg,dcmqi,rider_lungct_seg,rider_lung_ct,OK,1,1
1.2.276.0.7230010.3.1.3.8323329.12891.1554820797.597451,dcmqi / rider_lungct_seg,dcmqi,rider_lungct_seg,rider_lung_ct,OK,1,1
1.3.6.1.4.1.14519.5.2.1.4334.1501.194177123576617377282806452098,QIICR Reporting via 3D Slicer / (null),QIICR Reporting via 3D Slicer,(null),nsclc_radiogenomics,OK,1,1
1.2.276.0.7230010.3.1.3.2323910823.21864.1597258209.673,dcmqi / (null),dcmqi,(null),nsclc_radiomics,OK,1,1
1.2.276.0.7230010.3.1.3.481034752.568981.1661707297.141376,dcmqi / nnu_net_bpr_annotations,dcmqi,nnu_net_bpr_annotations,nlst,OK,1,1
1.2.826.0.1.3680043.10.511.3.5316188409438547539593055574414469,not identifiable from index / rms_mutation_prediction_expert_annotations,not identifiable from index,rms_mutation_prediction_expert_annotations,rms_mutation_prediction,OK,3,3
1.3.6.1.4.1.14519.5.2.1.4334.1501.322994790482118248820934211516,QIICR Reporting via 3D Slicer / (null),QIICR Reporting via 3D Slicer,(null),nsclc_radiogenomics,OK,1,1
1.2.276.0.7230010.3.1.3.2323910823.16980.1597259500.465,dcmqi / (null),dcmqi,(null),nsclc_radiomics,OK,1,1
1.2.276.0.7230010.3.1.3.2323910823.18660.1597259519.710,dcmqi / (null),dcmqi,(null),nsclc_radiomics,OK,1,1
1.2.276.0.7230010.3.1.3.8323329.14148.1554844092.679599,dcmqi / rider_lungct_seg,dcmqi,rider_lungct_seg,rider_lung_ct,OK,1,1
1.3.6.1.4.1.14519.5.2.1.4334.1501.163680208475223163708660015027,QIICR Reporting via 3D Slicer / (null),QIICR Reporting via 3D Slicer,(null),nsclc_radiogenomics,OK,1,1
1.2.276.0.7230010.3.1.3.2323910823.12952.1597259404.216,dcmqi / (null),dcmqi,(null),nsclc_radiomics,OK,1,1
1.2.276.0.7230010.3.1.3.481034752.733562.1661782515.222496,dcmqi / nnu_net_bpr_annotations,dcmqi,nnu_net_bpr_annotations,nlst,OK,1,1
1.3.6.1.4.1.14519.5.2.1.4334.1501.318068155918425932763887643367,QIICR Reporting via 3D Slicer / (null),QIICR Reporting via 3D Slicer,(null),nsclc_radiogenomics,OK,1,1
1.2.276.0.7230010.3.1.3.2323910823.8412.1597258718.998,dcmqi / (null),dcmqi,(null),nsclc_radiomics,OK,1,1
1.2.276.0.7230010.3.1.3.8323329.9112.1554820506.221187,dcmqi / rider_lungct_seg,dcmqi,rider_lungct_seg,rider_lung_ct,OK,1,1
1.3.6.1.4.1.14519.5.2.1.203493610835296030090593871727574891209,dcmqi / (null),dcmqi,(null),advanced_mri_breast_lesions,OK,1,1
1.2.276.0.7230010.3.1.3.481034752.797725.1661813381.78175,dcmqi / nnu_net_bpr_annotations,dcmqi,nnu_net_bpr_annotations,nlst,OK,1,1
1.2.276.0.7230010.3.1.3.2323910823.21324.1597257766.153,dcmqi / (null),dcmqi,(null),nsclc_radiomics,OK,1,1
1.2.826.0.1.3680043.10.511.3.4236368578857007139023653180930476,not identifiable from index / rms_mutation_prediction_expert_annotations,not identifiable from index,rms_mutation_prediction_expert_annotations,rms_mutation_prediction,OK,3,3
1.2.276.0.7230010.3.1.3.2323910823.16752.1597261204.820,dcmqi / (null),dcmqi,(null),nsclc_radiomics,OK,1,1
1.2.276.0.7230010.3.1.3.2323910823.2832.1597260852.35,dcmqi / (null),dcmqi,(null),nsclc_radiomics,OK,1,1
1.2.276.0.7230010.3.1.3.2323910823.5888.1597259976.264,dcmqi / (null),dcmqi,(null),nsclc_radiomics,OK,1,1
1.3.6.1.4.1.14519.5.2.1.193889269203648224115772988448773449908,dcmqi / (null),dcmqi,(null),spinal_multiple_myeloma_seg,OK,1,1
1.3.6.1.4.1.14519.5.2.1.4334.1501.320738200121186927228619275875,QIICR Reporting via 3D Slicer / (null),QIICR Reporting via 3D Slicer,(null),nsclc_radiogenomics,OK,1,1
1.2.826.0.1.3680043.10.511.3.72427767713600979887857826177225447,not identifiable from index / rms_mutation_prediction_expert_annotations,not identifiable from index,rms_mutation_prediction_expert_annotations,rms_mutation_prediction,OK,3,3
1.2.276.0.7230010.3.1.3.2323910823.22612.1597260702.688,dcmqi / (null),dcmqi,(null),nsclc_radiomics,OK,1,1
1.3.6.1.4.1.14519.5.2.1.74324112728965540207625161644639626160,not identifiable from index / (null),not identifiable from index,(null),ispy2,OK,1,1
1.3.6.1.4.1.14519.5.2.1.199649045671190957994120245060564595613,not identifiable from index / (null),not identifiable from index,(null),ispy2,OK,1,1
1.3.6.1.4.1.14519.5.2.1.71928714524700231376519031409510860560,not identifiable from index / (null),not identifiable from index,(null),ispy2,OK,1,1
1.3.6.1.4.1.14519.5.2.1.174984689087099482623309933874165537476,not identifiable from index / (null),not identifiable from index,(null),ispy2,OK,1,1
1.3.6.1.4.1.14519.5.2.1.26597095076848523736486149063812432282,not identifiable from index / (null),not identifiable from index,(null),ispy2,OK,1,1
1.2.276.0.7230010.3.1.3.2323910823.23864.1597260522.316,dcmqi / (null),dcmqi,(null),nsclc_radiomics,OK,1,1
1.2.276.0.7230010.3.1.3.2323910823.23736.1597257349.790,dcmqi / (null),dcmqi,(null),nsclc_radiomics,OK,1,1
1.3.6.1.4.1.14519.5.2.1.18413288201604249643878018403058291573,dcmqi / (null),dcmqi,(null),spine_mets_ct_seg,OK,1,1
1.2.276.0.7230010.3.1.3.2323910823.6456.1597260647.931,dcmqi / (null),dcmqi,(null),nsclc_radiomics,OK,1,1
1.2.276.0.7230010.3.1.3.2323910823.24516.1597257820.582,dcmqi / (null),dcmqi,(null),nsclc_radiomics,OK,1,1
1.2.276.0.7230010.3.1.3.0.75268.1588584681.809342,not identifiable from index / (null),not identifiable from index,(null),c4kc_kits,OK,1,1
1.2.276.0.7230010.3.1.3.2323910823.8800.1597258157.874,dcmqi / (null),dcmqi,(null),nsclc_radiomics,OK,1,1
1.2.276.0.7230010.3.1.3.2323910823.976.1597258128.107,dcmqi / (null),dcmqi,(null),nsclc_radiomics,OK,1,1
1.2.276.0.7230010.3.1.3.2323910823.1272.1597258883.839,dcmqi / (null),dcmqi,(null),nsclc_radiomics,OK,1,1
1.2.276.0.7230010.3.1.3.2323910823.23816.1597258201.199,dcmqi / (null),dcmqi,(null),nsclc_radiomics,OK,1,1
1.2.276.0.7230010.3.1.3.2323910823.4832.1597258263.810,dcmqi / (null),dcmqi,(null),nsclc_radiomics,OK,1,1
1.2.276.0.7230010.3.1.3.2323910823.16932.1597260009.374,dcmqi / (null),dcmqi,(null),nsclc_radiomics,OK,1,1
1.2.276.0.7230010.3.1.3.2323910823.15016.1597258376.730,dcmqi / (null),dcmqi,(null),nsclc_radiomics,OK,1,1
1.2.276.0.7230010.3.1.3.2323910823.25160.1597257490.655,dcmqi / (null),dcmqi,(null),nsclc_radiomics,OK,1,1
1.2.276.0.7230010.3.1.3.2323910823.20436.1597258071.430,dcmqi / (null),dcmqi,(null),nsclc_radiomics,OK,1,1
1.2.276.0.7230010.3.1.3.2323910823.17484.1597258138.435,dcmqi / (null),dcmqi,(null),nsclc_radiomics,OK,1,1
1.2.276.0.7230010.3.1.3.2323910823.15524.1597259893.936,dcmqi / (null),dcmqi,(null),nsclc_radiomics,OK,1,1
1.2.276.0.7230010.3.1.3.2323910823.24844.1597258825.769,dcmqi / (null),dcmqi,(null),nsclc_radiomics,OK,1,1
1.2.826.0.1.3680043.10.511.3.98421077528124569897778180306399279,not identifiable from index / rms_mutation_prediction_expert_annotations,not identifiable from index,rms_mutation_prediction_expert_annotations,rms_mutation_prediction,OK,2,2
1.2.276.0.7230010.3.1.3.2323910823.21456.1597260540.379,dcmqi / (null),dcmqi,(null),nsclc_radiomics,OK,1,1
1.3.6.1.4.1.14519.5.2.1.31134657636196718708806901312365303680,dcmqi / (null),dcmqi,(null),spinal_multiple_myeloma_seg,OK,1,1
1.2.276.0.7230010.3.1.3.2323910823.25396.1597261196.406,dcmqi / (null),dcmqi,(null),nsclc_radiomics,OK,1,1
1.2.826.0.1.3680043.10.511.3.75946193734768086502732075032158561,not identifiable from index / rms_mutation_prediction_expert_annotations,not identifiable from index,rms_mutation_prediction_expert_annotations,rms_mutation_prediction,OK,2,2
1.3.6.1.4.1.14519.5.2.1.206045185929836669970020750987096140914,not identifiable from index / (null),not identifiable from index,(null),ispy2,OK,1,1
1.3.6.1.4.1.14519.5.2.1.184530334174508599848517600441995751677,not identifiable from index / (null),not identifiable from index,(null),ispy2,OK,1,1
1.3.6.1.4.1.14519.5.2.1.182434023614245365619423675198982343144,not identifiable from index / (null),not identifiable from index,(null),ispy2,OK,1,1
1.3.6.1.4.1.14519.5.2.1.326391629513947523489924853821843550385,not identifiable from index / (null),not identifiable from index,(null),ispy2,OK,1,1
1.3.6.1.4.1.14519.5.2.1.130239250938042368084402219795053605964,not identifiable from index / (null),not identifiable from index,(null),ispy2,OK,1,1
1.3.6.1.4.1.14519.5.2.1.7695.4164.286345475957782576924363840291,not identifiable from index / (null),not identifiable from index,(null),acrin_6698,OK,1,1
1.3.6.1.4.1.14519.5.2.1.250390323012795981191838975379300605020,not identifiable from index / (null),not identifiable from index,(null),ispy2,OK,1,1
1.3.6.1.4.1.14519.5.2.1.63006564417829999518585506296117343481,not identifiable from index / (null),not identifiable from index,(null),ispy2,OK,1,1
1.3.6.1.4.1.14519.5.2.1.65710992302487982418816947153192749881,not identifiable from index / (null),not identifiable from index,(null),ispy2,OK,1,1
1.3.6.1.4.1.14519.5.2.1.178433762744698724318362938483259402108,not identifiable from index / (null),not identifiable from index,(null),ispy2,OK,1,1
1.3.6.1.4.1.14519.5.2.1.254700749929463891687753995211328775632,dcmqi / (null),dcmqi,(null),advanced_mri_breast_lesions,OK,1,1
1.2.826.0.1.3680043.10.511.3.35187787496168849804418971579278106,not identifiable from index / rms_mutation_prediction_expert_annotations,not identifiable from index,rms_mutation_prediction_expert_annotations,rms_mutation_prediction,OK,3,3
1.2.826.0.1.3680043.10.511.3.87329059370553518216360788963743697,not identifiable from index / rms_mutation_prediction_expert_annotations,not identifiable from index,rms_mutation_prediction_expert_annotations,rms_mutation_prediction,OK,2,2
1.2.276.0.7230010.3.1.3.2323910823.25056.1597260686.735,dcmqi / (null),dcmqi,(null),nsclc_radiomics,OK,1,1
1.2.826.0.1.3680043.10.511.3.4856524060882064165454256430673663,not identifiable from index / rms_mutation_prediction_expert_annotations,not identifiable from index,rms_mutation_prediction_expert_annotations,rms_mutation_prediction,OK,2,2
1.2.826.0.1.3680043.10.511.3.3727459946603752295824740492807183,not identifiable from index / rms_mutation_prediction_expert_annotations,not identifiable from index,rms_mutation_prediction_expert_annotations,rms_mutation_prediction,OK,2,2
1.2.276.0.7230010.3.1.3.2323910823.22444.1597260547.585,dcmqi / (null),dcmqi,(null),nsclc_radiomics,OK,1,1
1.3.6.1.4.1.14519.5.2.1.56664320442035257658938155410167266258,not identifiable from index / (null),not identifiable from index,(null),ispy2,OK,1,1
1.3.6.1.4.1.14519.5.2.1.91349934875277748474218214277381423206,not identifiable from index / (null),not identifiable from index,(null),ispy2,OK,1,1
1.3.6.1.4.1.14519.5.2.1.224368938095706882696719977911012157910,not identifiable from index / (null),not identifiable from index,(null),ispy2,OK,1,1
1.3.6.1.4.1.14519.5.2.1.119543683479094188885317252875976688603,not identifiable from index / (null),not identifiable from index,(null),ispy2,OK,1,1
1.3.6.1.4.1.14519.5.2.1.338303496580959168065137882203788097773,dcmqi / (null),dcmqi,(null),spine_mets_ct_seg,OK,1,1
1.2.276.0.7230010.3.1.3.2323910823.18132.1597258553.248,dcmqi / (null),dcmqi,(null),nsclc_radiomics,OK,1,1
1.2.276.0.7230010.3.1.3.2323910823.23808.1597261063.971,dcmqi / (null),dcmqi,(null),nsclc_radiomics,OK,1,1
1.2.826.0.1.3680043.10.511.3.51364018080256864281717196009542786,not identifiable from index / rms_mutation_prediction_expert_annotations,not identifiable from index,rms_mutation_prediction_expert_annotations,rms_mutation_prediction,OK,3,3
1.2.276.0.7230010.3.1.3.2323910823.23960.1597259440.66,dcmqi / (null),dcmqi,(null),nsclc_radiomics,OK,1,1
1.2.276.0.7230010.3.1.3.2323910823.25564.1597258189.158,dcmqi / (null),dcmqi,(null),nsclc_radiomics,OK,1,1
1.2.276.0.7230010.3.1.3.2323910823.3320.1597261081.954,dcmqi / (null),dcmqi,(null),nsclc_radiomics,OK,1,1
1.2.276.0.7230010.3.1.3.2323910823.25308.1597259413.448,dcmqi / (null),dcmqi,(null),nsclc_radiomics,OK,1,1
1.3.6.1.4.1.14519.5.2.1.145392395461847321136260719334440944113,dcmqi / (null),dcmqi,(null),spinal_multiple_myeloma_seg,OK,1,1
1.2.826.0.1.3680043.10.511.3.3479014440475052640846727578714510,not identifiable from index / rms_mutation_prediction_expert_annotations,not identifiable from index,rms_mutation_prediction_expert_annotations,rms_mutation_prediction,OK,3,3
1.2.826.0.1.3680043.10.511.3.42517607148725989382987863359704278,not identifiable from index / rms_mutation_prediction_expert_annotations,not identifiable from index,rms_mutation_prediction_expert_annotations,rms_mutation_prediction,OK,3,3
1.2.826.0.1.3680043.10.511.3.81940254968417487824244889664387264,not identifiable from index / rms_mutation_prediction_expert_annotations,not identifiable from index,rms_mutation_prediction_expert_annotations,rms_mutation_prediction,OK,3,3
1.2.826.0.1.3680043.10.511.3.98953339778761605717269261079849088,not identifiable from index / rms_mutation_prediction_expert_annotations,not identifiable from index,rms_mutation_prediction_expert_annotations,rms_mutation_prediction,OK,3,3
1.3.6.1.4.1.14519.5.2.1.306931224500220976770210267862997161638,dcmqi / (null),dcmqi,(null),spinal_multiple_myeloma_seg,OK,1,1
1.2.826.0.1.3680043.10.511.3.30591925989798712247075638961415612,not identifiable from index / rms_mutation_prediction_expert_annotations,not identifiable from index,rms_mutation_prediction_expert_annotations,rms_mutation_prediction,OK,3,3
1.3.6.1.4.1.14519.5.2.1.47814896176829020983126912771990499846,dcmqi / (null),dcmqi,(null),spine_mets_ct_seg,OK,1,1
1.2.826.0.1.3680043.10.511.3.17241419883445587826278352971973176,not identifiable from index / pan_cancer_nuclei_seg_dicom,not identifiable from index,pan_cancer_nuclei_seg_dicom,tcga_luad,OK,3,3
1.2.826.0.1.3680043.10.511.3.86269547879120118390742652252392628,not identifiable from index / rms_mutation_prediction_expert_annotations,not identifiable from index,rms_mutation_prediction_expert_annotations,rms_mutation_prediction,OK,3,3
1.2.826.0.1.3680043.10.511.3.78662665178707903126294820004924200,not identifiable from index / rms_mutation_prediction_expert_annotations,not identifiable from index,rms_mutation_prediction_expert_annotations,rms_mutation_prediction,OK,3,3
1.2.826.0.1.3680043.10.511.3.90173818551622416524479777430747323,not identifiable from index / rms_mutation_prediction_expert_annotations,not identifiable from index,rms_mutation_prediction_expert_annotations,rms_mutation_prediction,OK,3,3
1.2.276.0.7230010.3.1.3.313263360.27578.1706324207.869067,dcmqi / totalsegmentator_ct_segmentations,dcmqi,totalsegmentator_ct_segmentations,nlst,OK,1,1
1.2.276.0.7230010.3.1.3.2323910823.18812.1597260662.849,dcmqi / (null),dcmqi,(null),nsclc_radiomics,OK,1,1
1.2.276.0.7230010.3.1.3.313263360.43898.1706313995.25158,dcmqi / totalsegmentator_ct_segmentations,dcmqi,totalsegmentator_ct_segmentations,nlst,OK,1,1
1.2.826.0.1.3680043.10.511.3.71260908216412993239401303487011900,not identifiable from index / rms_mutation_prediction_expert_annotations,not identifiable from index,rms_mutation_prediction_expert_annotations,rms_mutation_prediction,OK,3,3
1.2.826.0.1.3680043.10.511.3.2358949748088635905732006540305749,not identifiable from index / rms_mutation_prediction_expert_annotations,not identifiable from index,rms_mutation_prediction_expert_annotations,rms_mutation_prediction,OK,3,3
1.2.276.0.7230010.3.1.3.0.76586.1588587457.457518,not identifiable from index / (null),not identifiable from index,(null),c4kc_kits,OK,1,1
1.2.276.0.7230010.3.1.3.313263360.39841.1706320759.640832,dcmqi / totalsegmentator_ct_segmentations,dcmqi,totalsegmentator_ct_segmentations,nlst,OK,1,1
1.2.276.0.7230010.3.1.3.313263360.12228.1706324550.490846,dcmqi / totalsegmentator_ct_segmentations,dcmqi,totalsegmentator_ct_segmentations,nlst,OK,1,1
1.2.276.0.7230010.3.1.3.313263360.99.1706324352.155892,dcmqi / totalsegmentator_ct_segmentations,dcmqi,totalsegmentator_ct_segmentations,nlst,OK,1,1
1.2.276.0.7230010.3.1.3.313263360.98.1706311423.945545,dcmqi / totalsegmentator_ct_segmentations,dcmqi,totalsegmentator_ct_segmentations,nlst,OK,1,1
1.2.276.0.7230010.3.1.3.313263360.7586.1706308787.864336,dcmqi / totalsegmentator_ct_segmentations,dcmqi,totalsegmentator_ct_segmentations,nlst,OK,1,1
1.2.276.0.7230010.3.1.3.0.75504.1588585309.331320,not identifiable from index / (null),not identifiable from index,(null),c4kc_kits,OK,1,1
1.2.276.0.7230010.3.1.3.313263360.15905.1706312450.602210,dcmqi / totalsegmentator_ct_segmentations,dcmqi,totalsegmentator_ct_segmentations,nlst,OK,1,1
1.2.276.0.7230010.3.1.3.313263360.12249.1706312173.589972,dcmqi / totalsegmentator_ct_segmentations,dcmqi,totalsegmentator_ct_segmentations,nlst,OK,1,1
1.2.276.0.7230010.3.1.3.313263360.27660.1706319112.87931,dcmqi / totalsegmentator_ct_segmentations,dcmqi,totalsegmentator_ct_segmentations,nlst,OK,1,1
1.2.276.0.7230010.3.1.3.313263360.35979.1706326076.226344,dcmqi / totalsegmentator_ct_segmentations,dcmqi,totalsegmentator_ct_segmentations,nlst,OK,1,1
1.2.276.0.7230010.3.1.3.313263360.43923.1706312672.211011,dcmqi / totalsegmentator_ct_segmentations,dcmqi,totalsegmentator_ct_segmentations,nlst,OK,1,1
1.2.826.0.1.3680043.10.511.3.22090305720992561320385451907703693,not identifiable from index / rms_mutation_prediction_expert_annotations,not identifiable from index,rms_mutation_prediction_expert_annotations,rms_mutation_prediction,OK,3,3
1.3.6.1.4.1.14519.5.2.1.186878879043744037108050946650186518610,dcmqi / (null),dcmqi,(null),spine_mets_ct_seg,OK,1,1
1.2.276.0.7230010.3.1.3.313263360.20122.1706311627.656628,dcmqi / totalsegmentator_ct_segmentations,dcmqi,totalsegmentator_ct_segmentations,nlst,OK,1,1
1.2.276.0.7230010.3.1.3.313263360.27436.1706315694.773237,dcmqi / totalsegmentator_ct_segmentations,dcmqi,totalsegmentator_ct_segmentations,nlst,OK,1,1
1.2.276.0.7230010.3.1.3.313263360.43046.1706324578.211139,dcmqi / totalsegmentator_ct_segmentations,dcmqi,totalsegmentator_ct_segmentations,nlst,OK,1,1
1.2.276.0.7230010.3.1.3.313263360.15730.1706309620.446092,dcmqi / totalsegmentator_ct_segmentations,dcmqi,totalsegmentator_ct_segmentations,nlst,OK,1,1
1.2.826.0.1.3680043.10.511.3.21182954778922365392983242791622226,not identifiable from index / rms_mutation_prediction_expert_annotations,not identifiable from index,rms_mutation_prediction_expert_annotations,rms_mutation_prediction,OK,3,3
1.2.826.0.1.3680043.10.511.3.9736430097299954698414121360682251,not identifiable from index / rms_mutation_prediction_expert_annotations,not identifiable from index,rms_mutation_prediction_expert_annotations,rms_mutation_prediction,OK,3,3
1.2.276.0.7230010.3.1.3.313263360.32062.1706312258.231876,dcmqi / totalsegmentator_ct_segmentations,dcmqi,totalsegmentator_ct_segmentations,nlst,OK,1,1
1.2.826.0.1.3680043.10.511.3.87908644145447768777528043832708940,not identifiable from index / rms_mutation_prediction_expert_annotations,not identifiable from index,rms_mutation_prediction_expert_annotations,rms_mutation_prediction,OK,2,2
1.2.276.0.7230010.3.1.3.313263360.24117.1706313171.288314,dcmqi / totalsegmentator_ct_segmentations,dcmqi,totalsegmentator_ct_segmentations,nlst,OK,1,1
1.2.276.0.7230010.3.1.3.313263360.12410.1706310776.526695,dcmqi / totalsegmentator_ct_segmentations,dcmqi,totalsegmentator_ct_segmentations,nlst,OK,1,1
1.2.276.0.7230010.3.1.3.313263360.4173.1706327209.691677,dcmqi / totalsegmentator_ct_segmentations,dcmqi,totalsegmentator_ct_segmentations,nlst,OK,1,1
1.2.276.0.7230010.3.1.3.313263360.11907.1706307959.574407,dcmqi / totalsegmentator_ct_segmentations,dcmqi,totalsegmentator_ct_segmentations,nlst,OK,1,1
1.2.276.0.7230010.3.1.3.313263360.4112.1706317836.525638,dcmqi / totalsegmentator_ct_segmentations,dcmqi,totalsegmentator_ct_segmentations,nlst,OK,1,1
1.3.6.1.4.1.14519.5.2.1.283536493164759421247637688557298853760,dcmqi / (null),dcmqi,(null),spinal_multiple_myeloma_seg,OK,1,1
1.2.276.0.7230010.3.1.3.0.74741.1588583671.601569,not identifiable from index / (null),not identifiable from index,(null),c4kc_kits,OK,1,1
1.2.276.0.7230010.3.1.3.313263360.15780.1706327904.994054,dcmqi / totalsegmentator_ct_segmentations,dcmqi,totalsegmentator_ct_segmentations,nlst,OK,1,1
1.3.6.1.4.1.14519.5.2.1.37367570533938408488124699643847551471,dcmqi / (null),dcmqi,(null),spinal_multiple_myeloma_seg,OK,1,1
1.2.276.0.7230010.3.1.3.0.76313.1588586850.338597,not identifiable from index / (null),not identifiable from index,(null),c4kc_kits,OK,1,1
1.2.276.0.7230010.3.1.3.313263360.35780.1706313926.383891,dcmqi / totalsegmentator_ct_segmentations,dcmqi,totalsegmentator_ct_segmentations,nlst,OK,1,1
1.2.276.0.7230010.3.1.3.2323910823.9504.1597259378.185,dcmqi / (null),dcmqi,(null),nsclc_radiomics,OK,1,1
1.2.276.0.7230010.3.1.3.313263360.7869.1706310856.698664,dcmqi / totalsegmentator_ct_segmentations,dcmqi,totalsegmentator_ct_segmentations,nlst,OK,1,1
1.2.276.0.7230010.3.1.3.313263360.12047.1706311047.607238,dcmqi / totalsegmentator_ct_segmentations,dcmqi,totalsegmentator_ct_segmentations,nlst,OK,1,1
1.2.826.0.1.3680043.10.511.3.87027837367452243532207324196502850,not identifiable from index / rms_mutation_prediction_expert_annotations,not identifiable from index,rms_mutation_prediction_expert_annotations,rms_mutation_prediction,OK,1,1
1.2.276.0.7230010.3.1.3.313263360.27089.1706317833.897261,dcmqi / totalsegmentator_ct_segmentations,dcmqi,totalsegmentator_ct_segmentations,nlst,OK,1,1
1.2.276.0.7230010.3.1.3.313263360.27917.1706326132.720198,dcmqi / totalsegmentator_ct_segmentations,dcmqi,totalsegmentator_ct_segmentations,nlst,OK,1,1
1.2.276.0.7230010.3.1.3.313263360.84719.1706326420.484806,dcmqi / totalsegmentator_ct_segmentations,dcmqi,totalsegmentator_ct_segmentations,nlst,OK,1,1
1.2.826.0.1.3680043.10.511.3.58423854861754483079162217701482023,not identifiable from index / rms_mutation_prediction_expert_annotations,not identifiable from index,rms_mutation_prediction_expert_annotations,rms_mutation_prediction,OK,3,3
1.2.276.0.7230010.3.1.3.313263360.19614.1706312444.920427,dcmqi / totalsegmentator_ct_segmentations,dcmqi,totalsegmentator_ct_segmentations,nlst,OK,1,1
1.3.6.1.4.1.14519.5.2.1.252058709556522477958224314914441066451,dcmqi / (null),dcmqi,(null),spinal_multiple_myeloma_seg,OK,1,1
1.2.276.0.7230010.3.1.3.313263360.31313.1706311589.177267,dcmqi / totalsegmentator_ct_segmentations,dcmqi,totalsegmentator_ct_segmentations,nlst,OK,1,1
1.2.826.0.1.3680043.10.511.3.50550572767260025935869450582851509,not identifiable from index / rms_mutation_prediction_expert_annotations,not identifiable from index,rms_mutation_prediction_expert_annotations,rms_mutation_prediction,OK,3,3
1.3.6.1.4.1.14519.5.2.1.135804880272472589696795715456929226280,dcmqi / (null),dcmqi,(null),spinal_multiple_myeloma_seg,OK,1,1
1.2.826.0.1.3680043.10.511.3.16769031430869910578701576230872698,not identifiable from index / rms_mutation_prediction_expert_annotations,not identifiable from index,rms_mutation_prediction_expert_annotations,rms_mutation_prediction,OK,3,3
1.3.6.1.4.1.14519.5.2.1.301853572534296760827592228817406871463,dcmqi / (null),dcmqi,(null),spinal_multiple_myeloma_seg,OK,1,1
1.3.6.1.4.1.14519.5.2.1.117215412539767524278017171882236998189,dcmqi / (null),dcmqi,(null),spinal_multiple_myeloma_seg,OK,1,1
1.2.276.0.7230010.3.1.3.313263360.11925.1706308282.239197,dcmqi / totalsegmentator_ct_segmentations,dcmqi,totalsegmentator_ct_segmentations,nlst,OK,1,1
1.2.276.0.7230010.3.1.3.8323329.8879.1556877017.280187,dcmqi / (null),dcmqi,(null),nsclc_radiomics_interobserver1,OK,1,1
1.2.276.0.7230010.3.1.3.8323329.10064.1556877295.336134,dcmqi / (null),dcmqi,(null),nsclc_radiomics_interobserver1,OK,1,1
1.2.276.0.7230010.3.1.3.8323329.8126.1556876842.793200,dcmqi / (null),dcmqi,(null),nsclc_radiomics_interobserver1,OK,1,1
1.2.276.0.7230010.3.1.3.8323329.10674.1556877437.3307,dcmqi / (null),dcmqi,(null),nsclc_radiomics_interobserver1,OK,1,1
1.3.6.1.4.1.14519.5.2.1.330424491727809448908506136172634836512,dcmqi / (null),dcmqi,(null),spinal_multiple_myeloma_seg,OK,1,1
1.2.826.0.1.3680043.10.511.3.25536817264250165874221100429413273,not identifiable from index / rms_mutation_prediction_expert_annotations,not identifiable from index,rms_mutation_prediction_expert_annotations,rms_mutation_prediction,OK,3,3
1.2.826.0.1.3680043.10.511.3.26142894722877887465580138430709579,not identifiable from index / rms_mutation_prediction_expert_annotations,not identifiable from index,rms_mutation_prediction_expert_annotations,rms_mutation_prediction,OK,3,3
1.3.6.1.4.1.14519.5.2.1.174577962151208513157676078143999077921,dcmqi / (null),dcmqi,(null),spinal_multiple_myeloma_seg,OK,1,1
1.3.6.1.4.1.14519.5.2.1.58672983700256037211408723549661516802,dcmqi / (null),dcmqi,(null),spinal_multiple_myeloma_seg,OK,1,1
1.3.6.1.4.1.14519.5.2.1.169194937174293656865595258835505814251,dcmqi / (null),dcmqi,(null),spinal_multiple_myeloma_seg,OK,1,1
1.2.276.0.7230010.3.1.3.313263360.31108.1706326908.209082,dcmqi / totalsegmentator_ct_segmentations,dcmqi,totalsegmentator_ct_segmentations,nlst,OK,1,1
1.2.826.0.1.3680043.10.511.3.69501847444245671798375073918213414,not identifiable from index / rms_mutation_prediction_expert_annotations,not identifiable from index,rms_mutation_prediction_expert_annotations,rms_mutation_prediction,OK,3,3
1.3.6.1.4.1.14519.5.2.1.22024159068512718015943239066411177018,dcmqi / (null),dcmqi,(null),spinal_multiple_myeloma_seg,OK,1,1
1.2.826.0.1.3680043.10.511.3.22607645607508666452207947605831323,not identifiable from index / rms_mutation_prediction_expert_annotations,not identifiable from index,rms_mutation_prediction_expert_annotations,rms_mutation_prediction,OK,3,3
1.3.6.1.4.1.14519.5.2.1.2824189142704483816740110050528685896,dcmqi / (null),dcmqi,(null),spinal_multiple_myeloma_seg,OK,1,1
1.3.6.1.4.1.14519.5.2.1.255760497756532953982992479660146276400,dcmqi / (null),dcmqi,(null),spinal_multiple_myeloma_seg,OK,1,1
1.2.826.0.1.3680043.10.511.3.69477912323805006463806898373835395,not identifiable from index / rms_mutation_prediction_expert_annotations,not identifiable from index,rms_mutation_prediction_expert_annotations,rms_mutation_prediction,OK,3,3
1.2.826.0.1.3680043.10.511.3.70549597260568954093424021100149123,not identifiable from index / rms_mutation_prediction_expert_annotations,not identifiable from index,rms_mutation_prediction_expert_annotations,rms_mutation_prediction,OK,3,3
1.2.276.0.7230010.3.1.3.313263360.11925.1706318155.854010,dcmqi / totalsegmentator_ct_segmentations,dcmqi,totalsegmentator_ct_segmentations,nlst,OK,1,1
1.3.6.1.4.1.14519.5.2.1.123575804449447857690832748383851595238,dcmqi / (null),dcmqi,(null),spinal_multiple_myeloma_seg,OK,1,1
1.2.826.0.1.3680043.10.511.3.67380477945435582324577580612797133,not identifiable from index / rms_mutation_prediction_expert_annotations,not identifiable from index,rms_mutation_prediction_expert_annotations,rms_mutation_prediction,OK,3,3
1.3.6.1.4.1.14519.5.2.1.93938506986181393993635473115678831219,dcmqi / (null),dcmqi,(null),spinal_multiple_myeloma_seg,OK,1,1
1.2.826.0.1.3680043.10.511.3.87551310246400220636197705569998724,not identifiable from index / rms_mutation_prediction_expert_annotations,not identifiable from index,rms_mutation_prediction_expert_annotations,rms_mutation_prediction,OK,3,3
1.2.826.0.1.3680043.10.511.3.6290476228095672812205588205313043,not identifiable from index / rms_mutation_prediction_expert_annotations,not identifiable from index,rms_mutation_prediction_expert_annotations,rms_mutation_prediction,OK,3,3
1.2.826.0.1.3680043.10.511.3.31591650182059226485300176111747236,not identifiable from index / rms_mutation_prediction_expert_annotations,not identifiable from index,rms_mutation_prediction_expert_annotations,rms_mutation_prediction,OK,3,3
1.2.276.0.7230010.3.1.3.313263360.34815.1706325396.139871,dcmqi / totalsegmentator_ct_segmentations,dcmqi,totalsegmentator_ct_segmentations,nlst,OK,1,1
1.2.276.0.7230010.3.1.3.0.75995.1588586281.559261,not identifiable from index / (null),not identifiable from index,(null),c4kc_kits,OK,1,1
1.2.276.0.7230010.3.1.3.313263360.20213.1706321528.620211,dcmqi / totalsegmentator_ct_segmentations,dcmqi,totalsegmentator_ct_segmentations,nlst,OK,1,1
1.2.276.0.7230010.3.1.3.313263360.28137.1706319738.784515,dcmqi / totalsegmentator_ct_segmentations,dcmqi,totalsegmentator_ct_segmentations,nlst,OK,1,1
1.2.826.0.1.3680043.10.511.3.40709017614257456268472462772103742,not identifiable from index / rms_mutation_prediction_expert_annotations,not identifiable from index,rms_mutation_prediction_expert_annotations,rms_mutation_prediction,OK,3,3
1.2.826.0.1.3680043.10.511.3.47764534762546266733586307061062392,not identifiable from index / rms_mutation_prediction_expert_annotations,not identifiable from index,rms_mutation_prediction_expert_annotations,rms_mutation_prediction,OK,3,3
1.2.826.0.1.3680043.10.511.3.45470032300183238626892072541241210,not identifiable from index / rms_mutation_prediction_expert_annotations,not identifiable from index,rms_mutation_prediction_expert_annotations,rms_mutation_prediction,OK,3,3
1.2.276.0.7230010.3.1.3.313263360.100.1706325226.47655,dcmqi / totalsegmentator_ct_segmentations,dcmqi,totalsegmentator_ct_segmentations,nlst,OK,1,1
1.2.826.0.1.3680043.10.511.3.56650088348583973245286811991319842,not identifiable from index / rms_mutation_prediction_expert_annotations,not identifiable from index,rms_mutation_prediction_expert_annotations,rms_mutation_prediction,OK,3,3
1.2.826.0.1.3680043.10.511.3.19823991600524278884632948688760580,not identifiable from index / rms_mutation_prediction_expert_annotations,not identifiable from index,rms_mutation_prediction_expert_annotations,rms_mutation_prediction,OK,3,3
1.2.276.0.7230010.3.1.3.313263360.39537.1706315391.555387,dcmqi / totalsegmentator_ct_segmentations,dcmqi,totalsegmentator_ct_segmentations,nlst,OK,1,1
1.2.826.0.1.3680043.10.511.3.63996907083145701398051879756537584,not identifiable from index / rms_mutation_prediction_expert_annotations,not identifiable from index,rms_mutation_prediction_expert_annotations,rms_mutation_prediction,OK,3,3
1.2.276.0.7230010.3.1.3.313263360.43410.1706310630.158906,dcmqi / totalsegmentator_ct_segmentations,dcmqi,totalsegmentator_ct_segmentations,nlst,OK,1,1
1.2.276.0.7230010.3.1.3.313263360.27902.1706316324.412381,dcmqi / totalsegmentator_ct_segmentations,dcmqi,totalsegmentator_ct_segmentations,nlst,OK,1,1
1.2.276.0.7230010.3.1.3.313263360.8314.1706324107.413867,dcmqi / totalsegmentator_ct_segmentations,dcmqi,totalsegmentator_ct_segmentations,nlst,OK,1,1
1.2.276.0.7230010.3.1.3.313263360.11250.1706308862.497791,dcmqi / totalsegmentator_ct_segmentations,dcmqi,totalsegmentator_ct_segmentations,nlst,OK,1,1
1.2.276.0.7230010.3.1.3.313263360.27628.1706319964.149789,dcmqi / totalsegmentator_ct_segmentations,dcmqi,totalsegmentator_ct_segmentations,nlst,OK,1,1
1.2.276.0.7230010.3.1.3.313263360.19719.1706313001.964281,dcmqi / totalsegmentator_ct_segmentations,dcmqi,totalsegmentator_ct_segmentations,nlst,OK,1,1
1.2.276.0.7230010.3.1.3.313263360.40374.1706313843.923198,dcmqi / totalsegmentator_ct_segmentations,dcmqi,totalsegmentator_ct_segmentations,nlst,OK,1,1
1.2.276.0.7230010.3.1.3.313263360.36016.1706314158.216397,dcmqi / totalsegmentator_ct_segmentations,dcmqi,totalsegmentator_ct_segmentations,nlst,OK,1,1
1.2.276.0.7230010.3.1.3.313263360.3612.1706322796.79940,dcmqi / totalsegmentator_ct_segmentations,dcmqi,totalsegmentator_ct_segmentations,nlst,OK,1,1
1.2.276.0.7230010.3.1.3.313263360.11697.1706312943.546228,dcmqi / totalsegmentator_ct_segmentations,dcmqi,totalsegmentator_ct_segmentations,nlst,OK,1,1
1.2.276.0.7230010.3.1.3.313263360.114.1706308178.952836,dcmqi / totalsegmentator_ct_segmentations,dcmqi,totalsegmentator_ct_segmentations,nlst,OK,1,1
1.2.276.0.7230010.3.1.3.313263360.4201.1706323113.649293,dcmqi / totalsegmentator_ct_segmentations,dcmqi,totalsegmentator_ct_segmentations,nlst,OK,1,1
1.2.276.0.7230010.3.1.3.313263360.3512.1706321264.577276,dcmqi / totalsegmentator_ct_segmentations,dcmqi,totalsegmentator_ct_segmentations,nlst,OK,1,1
1.2.276.0.7230010.3.1.3.313263360.4011.1706317866.592000,dcmqi / totalsegmentator_ct_segmentations,dcmqi,totalsegmentator_ct_segmentations,nlst,OK,1,1
1.2.276.0.7230010.3.1.3.313263104.19311.1706318618.973682,dcmqi / totalsegmentator_ct_segmentations,dcmqi,totalsegmentator_ct_segmentations,nlst,OK,1,1
1.2.276.0.7230010.3.1.3.313263360.15885.1706309489.440274,dcmqi / totalsegmentator_ct_segmentations,dcmqi,totalsegmentator_ct_segmentations,nlst,OK,1,1
1.2.276.0.7230010.3.1.3.313263360.27577.1706310920.951482,dcmqi / totalsegmentator_ct_segmentations,dcmqi,totalsegmentator_ct_segmentations,nlst,OK,1,1
1.2.276.0.7230010.3.1.3.313263360.31130.1706309467.220838,dcmqi / totalsegmentator_ct_segmentations,dcmqi,totalsegmentator_ct_segmentations,nlst,OK,1,1
1.2.276.0.7230010.3.1.3.313263360.23746.1706327284.305759,dcmqi / totalsegmentator_ct_segmentations,dcmqi,totalsegmentator_ct_segmentations,nlst,OK,1,1
1.2.826.0.1.3680043.10.511.3.13907373991085530640118899204652707,not identifiable from index / rms_mutation_prediction_expert_annotations,not identifiable from index,rms_mutation_prediction_expert_annotations,rms_mutation_prediction,OK,3,3
1.2.276.0.7230010.3.1.3.313263360.28105.1706319207.863443,dcmqi / totalsegmentator_ct_segmentations,dcmqi,totalsegmentator_ct_segmentations,nlst,OK,1,1
1.2.276.0.7230010.3.1.3.313263360.16214.1706326727.556606,dcmqi / totalsegmentator_ct_segmentations,dcmqi,totalsegmentator_ct_segmentations,nlst,OK,1,1
1.2.276.0.7230010.3.1.3.313263360.39489.1706322487.324607,dcmqi / totalsegmentator_ct_segmentations,dcmqi,totalsegmentator_ct_segmentations,nlst,OK,1,1
1.2.276.0.7230010.3.1.3.313263360.11627.1706310683.126142,dcmqi / totalsegmentator_ct_segmentations,dcmqi,totalsegmentator_ct_segmentations,nlst,OK,1,1
1.2.276.0.7230010.3.1.3.313263360.30797.1706322016.741343,dcmqi / totalsegmentator_ct_segmentations,dcmqi,totalsegmentator_ct_segmentations,nlst,OK,1,1
1.2.276.0.7230010.3.1.3.313263360.27793.1706328680.942177,dcmqi / totalsegmentator_ct_segmentations,dcmqi,totalsegmentator_ct_segmentations,nlst,OK,1,1
1.2.276.0.7230010.3.1.3.313263360.24202.1706318096.690502,dcmqi / totalsegmentator_ct_segmentations,dcmqi,totalsegmentator_ct_segmentations,nlst,OK,1,1
1.2.276.0.7230010.3.1.3.313263360.36406.1706311009.880891,dcmqi / totalsegmentator_ct_segmentations,dcmqi,totalsegmentator_ct_segmentations,nlst,OK,1,1
1.2.276.0.7230010.3.1.3.313263360.12078.1706317458.402768,dcmqi / totalsegmentator_ct_segmentations,dcmqi,totalsegmentator_ct_segmentations,nlst,OK,1,1
1.2.276.0.7230010.3.1.3.313263360.27207.1706316469.248777,dcmqi / totalsegmentator_ct_segmentations,dcmqi,totalsegmentator_ct_segmentations,nlst,OK,1,1
1.2.276.0.7230010.3.1.3.313263360.31454.1706319005.212464,dcmqi / totalsegmentator_ct_segmentations,dcmqi,totalsegmentator_ct_segmentations,nlst,OK,1,1
1.2.276.0.7230010.3.1.3.313263360.27850.1706321774.841486,dcmqi / totalsegmentator_ct_segmentations,dcmqi,totalsegmentator_ct_segmentations,nlst,OK,1,1
1.2.826.0.1.3680043.10.511.3.59181278228164360476881919519892672,not identifiable from index / rms_mutation_prediction_expert_annotations,not identifiable from index,rms_mutation_prediction_expert_annotations,rms_mutation_prediction,OK,3,3
1.2.276.0.7230010.3.1.3.313263360.32229.1706317889.284618,dcmqi / totalsegmentator_ct_segmentations,dcmqi,totalsegmentator_ct_segmentations,nlst,OK,1,1
1.2.276.0.7230010.3.1.3.313263360.23244.1706328197.314190,dcmqi / totalsegmentator_ct_segmentations,dcmqi,totalsegmentator_ct_segmentations,nlst,OK,1,1
1.2.826.0.1.3680043.10.511.3.40427449134896825632153038167253872,not identifiable from index / rms_mutation_prediction_expert_annotations,not identifiable from index,rms_mutation_prediction_expert_annotations,rms_mutation_prediction,OK,3,3
1.2.276.0.7230010.3.1.3.313263360.8160.1706314111.973164,dcmqi / totalsegmentator_ct_segmentations,dcmqi,totalsegmentator_ct_segmentations,nlst,OK,1,1
1.2.276.0.7230010.3.1.3.313263360.23274.1706326842.802889,dcmqi / totalsegmentator_ct_segmentations,dcmqi,totalsegmentator_ct_segmentations,nlst,OK,1,1
1.2.276.0.7230010.3.1.3.313263360.27461.1706312698.778028,dcmqi / totalsegmentator_ct_segmentations,dcmqi,totalsegmentator_ct_segmentations,nlst,OK,1,1
1.2.276.0.7230010.3.1.3.313263360.19616.1706321684.227860,dcmqi / totalsegmentator_ct_segmentations,dcmqi,totalsegmentator_ct_segmentations,nlst,OK,1,1
1.2.276.0.7230010.3.1.3.313263360.24004.1706327810.776932,dcmqi / totalsegmentator_ct_segmentations,dcmqi,totalsegmentator_ct_segmentations,nlst,OK,1,1
1.2.276.0.7230010.3.1.3.313263360.11955.1706319133.153851,dcmqi / totalsegmentator_ct_segmentations,dcmqi,totalsegmentator_ct_segmentations,nlst,OK,1,1
1.2.276.0.7230010.3.1.3.313263360.15935.1706323731.638969,dcmqi / totalsegmentator_ct_segmentations,dcmqi,totalsegmentator_ct_segmentations,nlst,OK,1,1
1.2.826.0.1.3680043.10.511.3.61266144137370633109119827086455081,not identifiable from index / rms_mutation_prediction_expert_annotations,not identifiable from index,rms_mutation_prediction_expert_annotations,rms_mutation_prediction,OK,3,3
1.2.276.0.7230010.3.1.3.313263360.15556.1706317643.162670,dcmqi / totalsegmentator_ct_segmentations,dcmqi,totalsegmentator_ct_segmentations,nlst,OK,1,1
1.2.276.0.7230010.3.1.3.313263360.4114.1706324170.740967,dcmqi / totalsegmentator_ct_segmentations,dcmqi,totalsegmentator_ct_segmentations,nlst,OK,1,1
1.2.276.0.7230010.3.1.3.313263360.142.1706307801.939849,dcmqi / totalsegmentator_ct_segmentations,dcmqi,totalsegmentator_ct_segmentations,nlst,OK,1,1
1.2.276.0.7230010.3.1.3.313263360.104.1706310800.226773,dcmqi / totalsegmentator_ct_segmentations,dcmqi,totalsegmentator_ct_segmentations,nlst,OK,1,1
1.2.276.0.7230010.3.1.3.313263360.83.1706310524.183751,dcmqi / totalsegmentator_ct_segmentations,dcmqi,totalsegmentator_ct_segmentations,nlst,OK,1,1
1.2.276.0.7230010.3.1.3.313263360.8146.1706312150.815424,dcmqi / totalsegmentator_ct_segmentations,dcmqi,totalsegmentator_ct_segmentations,nlst,OK,1,1
1.2.276.0.7230010.3.1.3.313263360.43820.1706323333.646730,dcmqi / totalsegmentator_ct_segmentations,dcmqi,totalsegmentator_ct_segmentations,nlst,OK,1,1
1.2.276.0.7230010.3.1.3.313263360.24129.1706315918.84454,dcmqi / totalsegmentator_ct_segmentations,dcmqi,totalsegmentator_ct_segmentations,nlst,OK,1,1
1.2.276.0.7230010.3.1.3.313263360.4094.1706321875.83383,dcmqi / totalsegmentator_ct_segmentations,dcmqi,totalsegmentator_ct_segmentations,nlst,OK,1,1
1.2.276.0.7230010.3.1.3.313263360.39949.1706318592.91325,dcmqi / totalsegmentator_ct_segmentations,dcmqi,totalsegmentator_ct_segmentations,nlst,OK,1,1
1.2.276.0.7230010.3.1.3.313263360.150.1706321559.888343,dcmqi / totalsegmentator_ct_segmentations,dcmqi,totalsegmentator_ct_segmentations,nlst,OK,1,1
1.2.276.0.7230010.3.1.3.313263360.27627.1706319696.833591,dcmqi / totalsegmentator_ct_segmentations,dcmqi,totalsegmentator_ct_segmentations,nlst,OK,1,1
1.2.276.0.7230010.3.1.3.313263360.44157.1706321319.397083,dcmqi / totalsegmentator_ct_segmentations,dcmqi,totalsegmentator_ct_segmentations,nlst,OK,1,1
1.2.276.0.7230010.3.1.3.313263360.15986.1706315561.694769,dcmqi / totalsegmentator_ct_segmentations,dcmqi,totalsegmentator_ct_segmentations,nlst,OK,1,1
1.2.276.0.7230010.3.1.3.313263360.31503.1706317729.206919,dcmqi / totalsegmentator_ct_segmentations,dcmqi,totalsegmentator_ct_segmentations,nlst,OK,1,1
1.2.826.0.1.3680043.10.511.3.90262650487972322132810975031510871,not identifiable from index / rms_mutation_prediction_expert_annotations,not identifiable from index,rms_mutation_prediction_expert_annotations,rms_mutation_prediction,OK,3,3
1.2.276.0.7230010.3.1.3.313263360.19626.1706327199.325063,dcmqi / totalsegmentator_ct_segmentations,dcmqi,totalsegmentator_ct_segmentations,nlst,OK,1,1
1.2.276.0.7230010.3.1.3.313263360.27674.1706313653.837738,dcmqi / totalsegmentator_ct_segmentations,dcmqi,totalsegmentator_ct_segmentations,nlst,OK,1,1
1.2.826.0.1.3680043.10.511.3.87172157642014687699590531944780886,not identifiable from index / rms_mutation_prediction_expert_annotations,not identifiable from index,rms_mutation_prediction_expert_annotations,rms_mutation_prediction,OK,3,3
1.2.276.0.7230010.3.1.3.313263360.31513.1706313883.525902,dcmqi / totalsegmentator_ct_segmentations,dcmqi,totalsegmentator_ct_segmentations,nlst,OK,1,1
1.2.276.0.7230010.3.1.3.313263360.23658.1706310333.666048,dcmqi / totalsegmentator_ct_segmentations,dcmqi,totalsegmentator_ct_segmentations,nlst,OK,1,1
1.2.276.0.7230010.3.1.3.313263360.15922.1706328576.848007,dcmqi / totalsegmentator_ct_segmentations,dcmqi,totalsegmentator_ct_segmentations,nlst,OK,1,1
1.2.826.0.1.3680043.10.511.3.68170287725979596808126325309462673,not identifiable from index / pan_cancer_nuclei_seg_dicom,not identifiable from index,pan_cancer_nuclei_seg_dicom,tcga_gbm,OK,4,4
1.2.276.0.7230010.3.1.3.313263360.36193.1706320602.410821,dcmqi / totalsegmentator_ct_segmentations,dcmqi,totalsegmentator_ct_segmentations,nlst,OK,1,1
1.2.276.0.7230010.3.1.3.313263360.19683.1706311850.734235,dcmqi / totalsegmentator_ct_segmentations,dcmqi,totalsegmentator_ct_segmentations,nlst,OK,1,1
1.2.276.0.7230010.3.1.3.313263360.31707.1706315486.652423,dcmqi / totalsegmentator_ct_segmentations,dcmqi,totalsegmentator_ct_segmentations,nlst,OK,1,1
1.2.276.0.7230010.3.1.3.313263360.32005.1706318497.725541,dcmqi / totalsegmentator_ct_segmentations,dcmqi,totalsegmentator_ct_segmentations,nlst,OK,1,1
1.2.276.0.7230010.3.1.3.313263360.8300.1706311439.201846,dcmqi / totalsegmentator_ct_segmentations,dcmqi,totalsegmentator_ct_segmentations,nlst,OK,1,1
1.2.276.0.7230010.3.1.3.313263360.39989.1706313073.85208,dcmqi / totalsegmentator_ct_segmentations,dcmqi,totalsegmentator_ct_segmentations,nlst,OK,1,1
1.2.276.0.7230010.3.1.3.313263360.35256.1706326903.190690,dcmqi / totalsegmentator_ct_segmentations,dcmqi,totalsegmentator_ct_segmentations,nlst,OK,1,1
1.2.276.0.7230010.3.1.3.313263360.3842.1706323201.677110,dcmqi / totalsegmentator_ct_segmentations,dcmqi,totalsegmentator_ct_segmentations,nlst,OK,1,1
1.2.826.0.1.3680043.10.511.3.43569695202963068245903733086407711,not identifiable from index / rms_mutation_prediction_expert_annotations,not identifiable from index,rms_mutation_prediction_expert_annotations,rms_mutation_prediction,OK,3,3
1.2.276.0.7230010.3.1.3.313263360.7914.1706316292.634635,dcmqi / totalsegmentator_ct_segmentations,dcmqi,totalsegmentator_ct_segmentations,nlst,OK,1,1
1.2.276.0.7230010.3.1.3.313263360.162.1706320019.246571,dcmqi / totalsegmentator_ct_segmentations,dcmqi,totalsegmentator_ct_segmentations,nlst,OK,1,1
1.2.276.0.7230010.3.1.3.313263360.11959.1706327344.5201,dcmqi / totalsegmentator_ct_segmentations,dcmqi,totalsegmentator_ct_segmentations,nlst,OK,1,1
1.2.276.0.7230010.3.1.3.313263360.11404.1706322912.801305,dcmqi / totalsegmentator_ct_segmentations,dcmqi,totalsegmentator_ct_segmentations,nlst,OK,1,1
1.2.276.0.7230010.3.1.3.313263360.3717.1706320775.391272,dcmqi / totalsegmentator_ct_segmentations,dcmqi,totalsegmentator_ct_segmentations,nlst,OK,1,1
1.2.276.0.7230010.3.1.3.313263360.20249.1706311094.570942,dcmqi / totalsegmentator_ct_segmentations,dcmqi,totalsegmentator_ct_segmentations,nlst,OK,1,1
1.2.276.0.7230010.3.1.3.313263360.39444.1706319495.136123,dcmqi / totalsegmentator_ct_segmentations,dcmqi,totalsegmentator_ct_segmentations,nlst,OK,1,1
1.2.276.0.7230010.3.1.3.313263360.64245.1706317013.612569,dcmqi / totalsegmentator_ct_segmentations,dcmqi,totalsegmentator_ct_segmentations,nlst,OK,1,1
1.2.276.0.7230010.3.1.3.313263360.92420.1706312715.144644,dcmqi / totalsegmentator_ct_segmentations,dcmqi,totalsegmentator_ct_segmentations,nlst,OK,1,1
1.2.276.0.7230010.3.1.3.313263360.16008.1706310379.985453,dcmqi / totalsegmentator_ct_segmentations,dcmqi,totalsegmentator_ct_segmentations,nlst,OK,1,1
1.2.276.0.7230010.3.1.3.313263360.187.1706317650.571681,dcmqi / totalsegmentator_ct_segmentations,dcmqi,totalsegmentator_ct_segmentations,nlst,OK,1,1
1.2.276.0.7230010.3.1.3.313263360.46316.1706325700.118694,dcmqi / totalsegmentator_ct_segmentations,dcmqi,totalsegmentator_ct_segmentations,nlst,OK,1,1
1.2.276.0.7230010.3.1.3.313263360.32361.1706323854.298831,dcmqi / totalsegmentator_ct_segmentations,dcmqi,totalsegmentator_ct_segmentations,nlst,OK,1,1
1.2.826.0.1.3680043.10.511.3.16550428333099870208606984039679956,not identifiable from index / pan_cancer_nuclei_seg_dicom,not identifiable from index,pan_cancer_nuclei_seg_dicom,tcga_gbm,OK,4,4
1.2.276.0.7230010.3.1.3.313263360.16090.1706320200.853391,dcmqi / totalsegmentator_ct_segmentations,dcmqi,totalsegmentator_ct_segmentations,nlst,OK,1,1
1.2.276.0.7230010.3.1.3.313263360.20347.1706317082.346610,dcmqi / totalsegmentator_ct_segmentations,dcmqi,totalsegmentator_ct_segmentations,nlst,OK,1,1
1.2.276.0.7230010.3.1.3.313263360.12050.1706312825.824172,dcmqi / totalsegmentator_ct_segmentations,dcmqi,totalsegmentator_ct_segmentations,nlst,OK,1,1
1.2.276.0.7230010.3.1.3.313263360.35870.1706320054.44590,dcmqi / totalsegmentator_ct_segmentations,dcmqi,totalsegmentator_ct_segmentations,nlst,OK,1,1
1.2.276.0.7230010.3.1.3.313263360.15757.1706312051.349180,dcmqi / totalsegmentator_ct_segmentations,dcmqi,totalsegmentator_ct_segmentations,nlst,OK,1,1
1.2.276.0.7230010.3.1.3.313263360.23378.1706312041.250867,dcmqi / totalsegmentator_ct_segmentations,dcmqi,totalsegmentator_ct_segmentations,nlst,OK,1,1
1.2.276.0.7230010.3.1.3.313263360.19608.1706312119.349898,dcmqi / totalsegmentator_ct_segmentations,dcmqi,totalsegmentator_ct_segmentations,nlst,OK,1,1
1.2.276.0.7230010.3.1.3.313263360.23660.1706328203.317600,dcmqi / totalsegmentator_ct_segmentations,dcmqi,totalsegmentator_ct_segmentations,nlst,OK,1,1
1.2.276.0.7230010.3.1.3.313263360.35501.1706316979.957829,dcmqi / totalsegmentator_ct_segmentations,dcmqi,totalsegmentator_ct_segmentations,nlst,OK,1,1
1.2.826.0.1.3680043.10.511.3.11797242798796545259486228925813721,not identifiable from index / pan_cancer_nuclei_seg_dicom,not identifiable from index,pan_cancer_nuclei_seg_dicom,tcga_lusc,OK,4,4
1.2.276.0.7230010.3.1.3.313263360.35614.1706319553.957315,dcmqi / totalsegmentator_ct_segmentations,dcmqi,totalsegmentator_ct_segmentations,nlst,OK,1,1
1.2.276.0.7230010.3.1.3.313263360.19793.1706311721.492159,dcmqi / totalsegmentator_ct_segmentations,dcmqi,totalsegmentator_ct_segmentations,nlst,OK,1,1
1.2.276.0.7230010.3.1.3.313263360.28370.1706309529.196562,dcmqi / totalsegmentator_ct_segmentations,dcmqi,totalsegmentator_ct_segmentations,nlst,OK,1,1
1.2.276.0.7230010.3.1.3.313263360.36270.1706325396.883024,dcmqi / totalsegmentator_ct_segmentations,dcmqi,totalsegmentator_ct_segmentations,nlst,OK,1,1
1.2.276.0.7230010.3.1.3.313263360.22613.1706318774.114824,dcmqi / totalsegmentator_ct_segmentations,dcmqi,totalsegmentator_ct_segmentations,nlst,OK,1,1
1.2.276.0.7230010.3.1.3.313263360.64662.1706326585.680461,dcmqi / totalsegmentator_ct_segmentations,dcmqi,totalsegmentator_ct_segmentations,nlst,OK,1,1
1.2.276.0.7230010.3.1.3.313263360.20080.1706312294.225892,dcmqi / totalsegmentator_ct_segmentations,dcmqi,totalsegmentator_ct_segmentations,nlst,OK,1,1
1.2.276.0.7230010.3.1.3.313263360.19869.1706328556.908529,dcmqi / totalsegmentator_ct_segmentations,dcmqi,totalsegmentator_ct_segmentations,nlst,OK,1,1
1.2.276.0.7230010.3.1.3.313263360.19810.1706312444.891572,dcmqi / totalsegmentator_ct_segmentations,dcmqi,totalsegmentator_ct_segmentations,nlst,OK,1,1
1.2.276.0.7230010.3.1.3.313263360.12165.1706318388.388368,dcmqi / totalsegmentator_ct_segmentations,dcmqi,totalsegmentator_ct_segmentations,nlst,OK,1,1
1.2.276.0.7230010.3.1.3.313263360.27921.1706326515.657328,dcmqi / totalsegmentator_ct_segmentations,dcmqi,totalsegmentator_ct_segmentations,nlst,OK,1,1
1.2.276.0.7230010.3.1.3.313263360.28395.1706312464.188296,dcmqi / totalsegmentator_ct_segmentations,dcmqi,totalsegmentator_ct_segmentations,nlst,OK,1,1
1.2.276.0.7230010.3.1.3.313263360.28419.1706325922.302895,dcmqi / totalsegmentator_ct_segmentations,dcmqi,totalsegmentator_ct_segmentations,nlst,OK,1,1
1.2.276.0.7230010.3.1.3.313263360.56354.1706324529.238313,dcmqi / totalsegmentator_ct_segmentations,dcmqi,totalsegmentator_ct_segmentations,nlst,OK,1,1
1.2.276.0.7230010.3.1.3.313263360.44203.1706330459.175170,dcmqi / totalsegmentator_ct_segmentations,dcmqi,totalsegmentator_ct_segmentations,nlst,OK,1,1
1.2.276.0.7230010.3.1.3.313263360.39660.1706316879.629542,dcmqi / totalsegmentator_ct_segmentations,dcmqi,totalsegmentator_ct_segmentations,nlst,OK,1,1
1.2.276.0.7230010.3.1.3.313263360.3718.1706315696.629345,dcmqi / totalsegmentator_ct_segmentations,dcmqi,totalsegmentator_ct_segmentations,nlst,OK,1,1
1.2.826.0.1.3680043.10.511.3.17589985884752085627823334801414418,not identifiable from index / rms_mutation_prediction_expert_annotations,not identifiable from index,rms_mutation_prediction_expert_annotations,rms_mutation_prediction,OK,3,3
1.2.276.0.7230010.3.1.3.313263360.141.1706308070.545838,dcmqi / totalsegmentator_ct_segmentations,dcmqi,totalsegmentator_ct_segmentations,nlst,OK,1,1
1.2.826.0.1.3680043.10.511.3.28576230647907322707013621206051095,not identifiable from index / pan_cancer_nuclei_seg_dicom,not identifiable from index,pan_cancer_nuclei_seg_dicom,tcga_cesc,OK,4,4
1.2.276.0.7230010.3.1.3.313263360.24375.1706325033.170018,dcmqi / totalsegmentator_ct_segmentations,dcmqi,totalsegmentator_ct_segmentations,nlst,OK,1,1
1.2.276.0.7230010.3.1.3.313263360.19465.1706320968.409022,dcmqi / totalsegmentator_ct_segmentations,dcmqi,totalsegmentator_ct_segmentations,nlst,OK,1,1
1.2.276.0.7230010.3.1.3.313263360.23699.1706318139.410292,dcmqi / totalsegmentator_ct_segmentations,dcmqi,totalsegmentator_ct_segmentations,nlst,OK,1,1
1.2.276.0.7230010.3.1.3.313263360.23657.1706324329.391458,dcmqi / totalsegmentator_ct_segmentations,dcmqi,totalsegmentator_ct_segmentations,nlst,OK,1,1
1.2.276.0.7230010.3.1.3.313263360.23101.1706311572.311940,dcmqi / totalsegmentator_ct_segmentations,dcmqi,totalsegmentator_ct_segmentations,nlst,OK,1,1
1.2.276.0.7230010.3.1.3.313263360.44452.1706316280.895724,dcmqi / totalsegmentator_ct_segmentations,dcmqi,totalsegmentator_ct_segmentations,nlst,OK,1,1
1.2.276.0.7230010.3.1.3.313263360.35487.1706312276.796084,dcmqi / totalsegmentator_ct_segmentations,dcmqi,totalsegmentator_ct_segmentations,nlst,OK,1,1
1.2.276.0.7230010.3.1.3.313263360.19887.1706322297.776017,dcmqi / totalsegmentator_ct_segmentations,dcmqi,totalsegmentator_ct_segmentations,nlst,OK,1,1
1.2.276.0.7230010.3.1.3.313263360.8145.1706326979.103788,dcmqi / totalsegmentator_ct_segmentations,dcmqi,totalsegmentator_ct_segmentations,nlst,OK,1,1
1.2.276.0.7230010.3.1.3.313263360.4280.1706316892.351131,dcmqi / totalsegmentator_ct_segmentations,dcmqi,totalsegmentator_ct_segmentations,nlst,OK,1,1
1.2.276.0.7230010.3.1.3.313263360.4203.1706315341.52183,dcmqi / totalsegmentator_ct_segmentations,dcmqi,totalsegmentator_ct_segmentations,nlst,OK,1,1
1.2.826.0.1.3680043.10.511.3.24854668353823222153626093576994764,not identifiable from index / rms_mutation_prediction_expert_annotations,not identifiable from index,rms_mutation_prediction_expert_annotations,rms_mutation_prediction,OK,3,3
1.2.276.0.7230010.3.1.3.313263360.8066.1706323389.444414,dcmqi / totalsegmentator_ct_segmentations,dcmqi,totalsegmentator_ct_segmentations,nlst,OK,1,1
1.2.276.0.7230010.3.1.3.313263360.15949.1706327046.28530,dcmqi / totalsegmentator_ct_segmentations,dcmqi,totalsegmentator_ct_segmentations,nlst,OK,1,1
1.2.276.0.7230010.3.1.3.313263360.4086.1706323375.988544,dcmqi / totalsegmentator_ct_segmentations,dcmqi,totalsegmentator_ct_segmentations,nlst,OK,1,1
1.2.276.0.7230010.3.1.3.313263360.20362.1706321353.576566,dcmqi / totalsegmentator_ct_segmentations,dcmqi,totalsegmentator_ct_segmentations,nlst,OK,1,1
1.2.276.0.7230010.3.1.3.313263360.40328.1706327064.909613,dcmqi / totalsegmentator_ct_segmentations,dcmqi,totalsegmentator_ct_segmentations,nlst,OK,1,1
1.2.276.0.7230010.3.1.3.313263360.42516.1706329841.897222,dcmqi / totalsegmentator_ct_segmentations,dcmqi,totalsegmentator_ct_segmentations,nlst,OK,1,1
1.2.276.0.7230010.3.1.3.313263360.93.1706327619.429908,dcmqi / totalsegmentator_ct_segmentations,dcmqi,totalsegmentator_ct_segmentations,nlst,OK,1,1
1.2.276.0.7230010.3.1.3.313263360.100859.1706326632.38185,dcmqi / totalsegmentator_ct_segmentations,dcmqi,totalsegmentator_ct_segmentations,nlst,OK,1,1
1.2.276.0.7230010.3.1.3.313263360.16103.1706318369.374936,dcmqi / totalsegmentator_ct_segmentations,dcmqi,totalsegmentator_ct_segmentations,nlst,OK,1,1
1.2.276.0.7230010.3.1.3.313263360.4090.1706310484.876216,dcmqi / totalsegmentator_ct_segmentations,dcmqi,totalsegmentator_ct_segmentations,nlst,OK,1,1
1.2.276.0.7230010.3.1.3.313263360.32177.1706314301.466325,dcmqi / totalsegmentator_ct_segmentations,dcmqi,totalsegmentator_ct_segmentations,nlst,OK,1,1
1.2.276.0.7230010.3.1.3.313263360.35718.1706325532.708004,dcmqi / totalsegmentator_ct_segmentations,dcmqi,totalsegmentator_ct_segmentations,nlst,OK,1,1
1.2.826.0.1.3680043.10.511.3.45753384672455877614356460576106070,not identifiable from index / rms_mutation_prediction_expert_annotations,not identifiable from index,rms_mutation_prediction_expert_annotations,rms_mutation_prediction,OK,3,3
1.2.276.0.7230010.3.1.3.313263360.16173.1706321275.689335,dcmqi / totalsegmentator_ct_segmentations,dcmqi,totalsegmentator_ct_segmentations,nlst,OK,1,1
1.2.276.0.7230010.3.1.3.313263360.44074.1706314629.198823,dcmqi / totalsegmentator_ct_segmentations,dcmqi,totalsegmentator_ct_segmentations,nlst,OK,1,1
1.2.276.0.7230010.3.1.3.313263360.36075.1706326772.465497,dcmqi / totalsegmentator_ct_segmentations,dcmqi,totalsegmentator_ct_segmentations,nlst,OK,1,1
1.2.276.0.7230010.3.1.3.313263360.27963.1706321796.264856,dcmqi / totalsegmentator_ct_segmentations,dcmqi,totalsegmentator_ct_segmentations,nlst,OK,1,1
1.2.276.0.7230010.3.1.3.313263360.16002.1706323867.169681,dcmqi / totalsegmentator_ct_segmentations,dcmqi,totalsegmentator_ct_segmentations,nlst,OK,1,1
1.2.276.0.7230010.3.1.3.313263360.16008.1706323850.532440,dcmqi / totalsegmentator_ct_segmentations,dcmqi,totalsegmentator_ct_segmentations,nlst,OK,1,1
1.2.276.0.7230010.3.1.3.313263360.8065.1706319256.10484,dcmqi / totalsegmentator_ct_segmentations,dcmqi,totalsegmentator_ct_segmentations,nlst,OK,1,1
1.2.276.0.7230010.3.1.3.313263360.35502.1706313572.563482,dcmqi / totalsegmentator_ct_segmentations,dcmqi,totalsegmentator_ct_segmentations,nlst,OK,1,1
1.2.276.0.7230010.3.1.3.313263360.99695.1706310762.383981,dcmqi / totalsegmentator_ct_segmentations,dcmqi,totalsegmentator_ct_segmentations,nlst,OK,1,1
1.2.276.0.7230010.3.1.3.313263360.36811.1706318655.583494,dcmqi / totalsegmentator_ct_segmentations,dcmqi,totalsegmentator_ct_segmentations,nlst,OK,1,1
1.2.826.0.1.3680043.10.511.3.33720703059350157930891311947718232,not identifiable from index / rms_mutation_prediction_expert_annotations,not identifiable from index,rms_mutation_prediction_expert_annotations,rms_mutation_prediction,OK,3,3
1.2.276.0.7230010.3.1.3.313263360.8114.1706311285.819451,dcmqi / totalsegmentator_ct_segmentations,dcmqi,totalsegmentator_ct_segmentations,nlst,OK,1,1
1.2.276.0.7230010.3.1.3.313263360.35080.1706324137.273672,dcmqi / totalsegmentator_ct_segmentations,dcmqi,totalsegmentator_ct_segmentations,nlst,OK,1,1
1.2.276.0.7230010.3.1.3.313263360.35704.1706317198.964994,dcmqi / totalsegmentator_ct_segmentations,dcmqi,totalsegmentator_ct_segmentations,nlst,OK,1,1
1.2.276.0.7230010.3.1.3.313263360.43843.1706325587.190526,dcmqi / totalsegmentator_ct_segmentations,dcmqi,totalsegmentator_ct_segmentations,nlst,OK,1,1
1.2.276.0.7230010.3.1.3.313263360.14993.1706329448.91400,dcmqi / totalsegmentator_ct_segmentations,dcmqi,totalsegmentator_ct_segmentations,nlst,OK,1,1
1.2.276.0.7230010.3.1.3.313263360.31430.1706316754.725165,dcmqi / totalsegmentator_ct_segmentations,dcmqi,totalsegmentator_ct_segmentations,nlst,OK,1,1
1.2.276.0.7230010.3.1.3.313263360.31250.1706313036.749364,dcmqi / totalsegmentator_ct_segmentations,dcmqi,totalsegmentator_ct_segmentations,nlst,OK,1,1
1.2.276.0.7230010.3.1.3.313263360.31198.1706316250.624663,dcmqi / totalsegmentator_ct_segmentations,dcmqi,totalsegmentator_ct_segmentations,nlst,OK,1,1
1.2.276.0.7230010.3.1.3.313263360.31369.1706323271.578460,dcmqi / totalsegmentator_ct_segmentations,dcmqi,totalsegmentator_ct_segmentations,nlst,OK,1,1
1.2.276.0.7230010.3.1.3.313263360.35411.1706319825.361450,dcmqi / totalsegmentator_ct_segmentations,dcmqi,totalsegmentator_ct_segmentations,nlst,OK,1,1
1.2.276.0.7230010.3.1.3.313263360.8124.1706311466.723718,dcmqi / totalsegmentator_ct_segmentations,dcmqi,totalsegmentator_ct_segmentations,nlst,OK,1,1
1.2.276.0.7230010.3.1.3.313263360.37622.1706310603.108022,dcmqi / totalsegmentator_ct_segmentations,dcmqi,totalsegmentator_ct_segmentations,nlst,OK,1,1
1.2.276.0.7230010.3.1.3.313263360.8031.1706309002.51655,dcmqi / totalsegmentator_ct_segmentations,dcmqi,totalsegmentator_ct_segmentations,nlst,OK,1,1
1.2.276.0.7230010.3.1.3.313263360.35563.1706319692.15319,dcmqi / totalsegmentator_ct_segmentations,dcmqi,totalsegmentator_ct_segmentations,nlst,OK,1,1
1.2.276.0.7230010.3.1.3.313263360.4165.1706310859.708606,dcmqi / totalsegmentator_ct_segmentations,dcmqi,totalsegmentator_ct_segmentations,nlst,OK,1,1
1.2.276.0.7230010.3.1.3.313263360.141.1706313849.404243,dcmqi / totalsegmentator_ct_segmentations,dcmqi,totalsegmentator_ct_segmentations,nlst,OK,1,1
1.2.276.0.7230010.3.1.3.313263360.39086.1706312920.854174,dcmqi / totalsegmentator_ct_segmentations,dcmqi,totalsegmentator_ct_segmentations,nlst,OK,1,1
1.2.276.0.7230010.3.1.3.313263360.32561.1706330622.630586,dcmqi / totalsegmentator_ct_segmentations,dcmqi,totalsegmentator_ct_segmentations,nlst,OK,1,1
1.2.276.0.7230010.3.1.3.313263360.39768.1706324960.912197,dcmqi / totalsegmentator_ct_segmentations,dcmqi,totalsegmentator_ct_segmentations,nlst,OK,1,1
1.2.276.0.7230010.3.1.3.313263360.4230.1706320349.209101,dcmqi / totalsegmentator_ct_segmentations,dcmqi,totalsegmentator_ct_segmentations,nlst,OK,1,1
1.2.276.0.7230010.3.1.3.313263360.32409.1706327450.741558,dcmqi / totalsegmentator_ct_segmentations,dcmqi,totalsegmentator_ct_segmentations,nlst,OK,1,1
1.2.276.0.7230010.3.1.3.313263360.36247.1706309405.685784,dcmqi / totalsegmentator_ct_segmentations,dcmqi,totalsegmentator_ct_segmentations,nlst,OK,1,1
1.2.276.0.7230010.3.1.3.313263360.27564.1706321896.551367,dcmqi / totalsegmentator_ct_segmentations,dcmqi,totalsegmentator_ct_segmentations,nlst,OK,1,1
1.2.276.0.7230010.3.1.3.313263360.27267.1706313496.171890,dcmqi / totalsegmentator_ct_segmentations,dcmqi,totalsegmentator_ct_segmentations,nlst,OK,1,1
1.2.276.0.7230010.3.1.3.313263360.3517.1706315012.351415,dcmqi / totalsegmentator_ct_segmentations,dcmqi,totalsegmentator_ct_segmentations,nlst,OK,1,1
1.2.276.0.7230010.3.1.3.313263360.43992.1706313920.256487,dcmqi / totalsegmentator_ct_segmentations,dcmqi,totalsegmentator_ct_segmentations,nlst,OK,1,1
1.2.826.0.1.3680043.10.511.3.85139339115776963874920999309742203,not identifiable from index / rms_mutation_prediction_expert_annotations,not identifiable from index,rms_mutation_prediction_expert_annotations,rms_mutation_prediction,OK,3,3
1.2.276.0.7230010.3.1.3.313263360.16080.1706312329.695083,dcmqi / totalsegmentator_ct_segmentations,dcmqi,totalsegmentator_ct_segmentations,nlst,OK,1,1
1.2.276.0.7230010.3.1.3.313263360.24317.1706325709.807528,dcmqi / totalsegmentator_ct_segmentations,dcmqi,totalsegmentator_ct_segmentations,nlst,OK,1,1
1.2.276.0.7230010.3.1.3.313263360.4252.1706327259.765176,dcmqi / totalsegmentator_ct_segmentations,dcmqi,totalsegmentator_ct_segmentations,nlst,OK,1,1
1.2.276.0.7230010.3.1.3.313263360.16027.1706308694.454538,dcmqi / totalsegmentator_ct_segmentations,dcmqi,totalsegmentator_ct_segmentations,nlst,OK,1,1
1.2.276.0.7230010.3.1.3.313263360.15900.1706320569.509711,dcmqi / totalsegmentator_ct_segmentations,dcmqi,totalsegmentator_ct_segmentations,nlst,OK,1,1
1.2.276.0.7230010.3.1.3.313263360.15510.1706319335.720243,dcmqi / totalsegmentator_ct_segmentations,dcmqi,totalsegmentator_ct_segmentations,nlst,OK,1,1
1.2.276.0.7230010.3.1.3.313263360.39077.1706316513.420567,dcmqi / totalsegmentator_ct_segmentations,dcmqi,totalsegmentator_ct_segmentations,nlst,OK,1,1
1.2.276.0.7230010.3.1.3.313263360.11762.1706310898.930333,dcmqi / totalsegmentator_ct_segmentations,dcmqi,totalsegmentator_ct_segmentations,nlst,OK,1,1
1.2.276.0.7230010.3.1.3.313263360.42792.1706323081.126904,dcmqi / totalsegmentator_ct_segmentations,dcmqi,totalsegmentator_ct_segmentations,nlst,OK,1,1
1.2.276.0.7230010.3.1.3.313263360.35852.1706317325.443300,dcmqi / totalsegmentator_ct_segmentations,dcmqi,totalsegmentator_ct_segmentations,nlst,OK,1,1
1.2.276.0.7230010.3.1.3.313263360.103635.1706325403.974450,dcmqi / totalsegmentator_ct_segmentations,dcmqi,totalsegmentator_ct_segmentations,nlst,OK,1,1
1.2.276.0.7230010.3.1.3.313263360.43816.1706312246.367344,dcmqi / totalsegmentator_ct_segmentations,dcmqi,totalsegmentator_ct_segmentations,nlst,OK,1,1
1.2.276.0.7230010.3.1.3.313263360.12139.1706327471.634931,dcmqi / totalsegmentator_ct_segmentations,dcmqi,totalsegmentator_ct_segmentations,nlst,OK,1,1
1.2.276.0.7230010.3.1.3.313263360.20320.1706309317.993325,dcmqi / totalsegmentator_ct_segmentations,dcmqi,totalsegmentator_ct_segmentations,nlst,OK,1,1
1.2.276.0.7230010.3.1.3.313263360.36419.1706321490.882525,dcmqi / totalsegmentator_ct_segmentations,dcmqi,totalsegmentator_ct_segmentations,nlst,OK,1,1
1.2.276.0.7230010.3.1.3.313263360.116.1706318569.899609,dcmqi / totalsegmentator_ct_segmentations,dcmqi,totalsegmentator_ct_segmentations,nlst,OK,1,1
1.2.276.0.7230010.3.1.3.313263360.39809.1706317228.53456,dcmqi / totalsegmentator_ct_segmentations,dcmqi,totalsegmentator_ct_segmentations,nlst,OK,1,1
1.2.276.0.7230010.3.1.3.313263360.4274.1706324285.150626,dcmqi / totalsegmentator_ct_segmentations,dcmqi,totalsegmentator_ct_segmentations,nlst,OK,1,1
1.2.276.0.7230010.3.1.3.313263360.4225.1706310161.175514,dcmqi / totalsegmentator_ct_segmentations,dcmqi,totalsegmentator_ct_segmentations,nlst,OK,1,1
1.2.826.0.1.3680043.10.511.3.34916374241267482473178584714178698,not identifiable from index / rms_mutation_prediction_expert_annotations,not identifiable from index,rms_mutation_prediction_expert_annotations,rms_mutation_prediction,OK,3,3
1.2.276.0.7230010.3.1.3.313263360.27198.1706310327.860573,dcmqi / totalsegmentator_ct_segmentations,dcmqi,totalsegmentator_ct_segmentations,nlst,OK,1,1
1.2.276.0.7230010.3.1.3.313263360.24197.1706329932.485130,dcmqi / totalsegmentator_ct_segmentations,dcmqi,totalsegmentator_ct_segmentations,nlst,OK,1,1
1.2.276.0.7230010.3.1.3.313263360.42835.1706311404.286353,dcmqi / totalsegmentator_ct_segmentations,dcmqi,totalsegmentator_ct_segmentations,nlst,OK,1,1
1.2.276.0.7230010.3.1.3.313263360.8300.1706310446.544580,dcmqi / totalsegmentator_ct_segmentations,dcmqi,totalsegmentator_ct_segmentations,nlst,OK,1,1
1.2.276.0.7230010.3.1.3.313263360.20137.1706329255.155602,dcmqi / totalsegmentator_ct_segmentations,dcmqi,totalsegmentator_ct_segmentations,nlst,OK,1,1
1.2.276.0.7230010.3.1.3.313263360.20285.1706312627.466418,dcmqi / totalsegmentator_ct_segmentations,dcmqi,totalsegmentator_ct_segmentations,nlst,OK,1,1
1.2.276.0.7230010.3.1.3.313263360.199.1706327553.504139,dcmqi / totalsegmentator_ct_segmentations,dcmqi,totalsegmentator_ct_segmentations,nlst,OK,1,1
1.2.276.0.7230010.3.1.3.313263360.19180.1706325754.315174,dcmqi / totalsegmentator_ct_segmentations,dcmqi,totalsegmentator_ct_segmentations,nlst,OK,1,1
1.2.276.0.7230010.3.1.3.313263360.20215.1706321419.982391,dcmqi / totalsegmentator_ct_segmentations,dcmqi,totalsegmentator_ct_segmentations,nlst,OK,1,1
1.2.276.0.7230010.3.1.3.313263360.4286.1706324686.11420,dcmqi / totalsegmentator_ct_segmentations,dcmqi,totalsegmentator_ct_segmentations,nlst,OK,1,1
1.2.276.0.7230010.3.1.3.313263360.35634.1706317209.718132,dcmqi / totalsegmentator_ct_segmentations,dcmqi,totalsegmentator_ct_segmentations,nlst,OK,1,1
1.2.276.0.7230010.3.1.3.313263360.12013.1706318192.476252,dcmqi / totalsegmentator_ct_segmentations,dcmqi,totalsegmentator_ct_segmentations,nlst,OK,1,1
1.2.276.0.7230010.3.1.3.313263360.27861.1706318375.339076,dcmqi / totalsegmentator_ct_segmentations,dcmqi,totalsegmentator_ct_segmentations,nlst,OK,1,1
1.2.276.0.7230010.3.1.3.313263360.36558.1706323695.21778,dcmqi / totalsegmentator_ct_segmentations,dcmqi,totalsegmentator_ct_segmentations,nlst,OK,1,1
1.2.276.0.7230010.3.1.3.313263360.99.1706319784.855766,dcmqi / totalsegmentator_ct_segmentations,dcmqi,totalsegmentator_ct_segmentations,nlst,OK,1,1
1.2.276.0.7230010.3.1.3.313263360.19672.1706329345.529187,dcmqi / totalsegmentator_ct_segmentations,dcmqi,totalsegmentator_ct_segmentations,nlst,OK,1,1
1.2.276.0.7230010.3.1.3.313263360.36381.1706320494.962710,dcmqi / totalsegmentator_ct_segmentations,dcmqi,totalsegmentator_ct_segmentations,nlst,OK,1,1
1.2.276.0.7230010.3.1.3.313263360.28528.1706328002.561154,dcmqi / totalsegmentator_ct_segmentations,dcmqi,totalsegmentator_ct_segmentations,nlst,OK,1,1
1.2.276.0.7230010.3.1.3.313263360.35961.1706323232.897135,dcmqi / totalsegmentator_ct_segmentations,dcmqi,totalsegmentator_ct_segmentations,nlst,OK,1,1
1.2.276.0.7230010.3.1.3.313263360.20032.1706310006.270975,dcmqi / totalsegmentator_ct_segmentations,dcmqi,totalsegmentator_ct_segmentations,nlst,OK,1,1
1.2.276.0.7230010.3.1.3.313263360.4164.1706319498.874011,dcmqi / totalsegmentator_ct_segmentations,dcmqi,totalsegmentator_ct_segmentations,nlst,OK,1,1
1.2.276.0.7230010.3.1.3.313263360.7908.1706317245.349570,dcmqi / totalsegmentator_ct_segmentations,dcmqi,totalsegmentator_ct_segmentations,nlst,OK,1,1
1.2.276.0.7230010.3.1.3.313263360.15525.1706320797.455252,dcmqi / totalsegmentator_ct_segmentations,dcmqi,totalsegmentator_ct_segmentations,nlst,OK,1,1
1.2.276.0.7230010.3.1.3.313263360.24895.1706313716.525415,dcmqi / totalsegmentator_ct_segmentations,dcmqi,totalsegmentator_ct_segmentations,nlst,OK,1,1
1.2.276.0.7230010.3.1.3.313263360.19298.1706314847.417191,dcmqi / totalsegmentator_ct_segmentations,dcmqi,totalsegmentator_ct_segmentations,nlst,OK,1,1
1.2.276.0.7230010.3.1.3.313263360.44339.1706320338.468138,dcmqi / totalsegmentator_ct_segmentations,dcmqi,totalsegmentator_ct_segmentations,nlst,OK,1,1
1.2.276.0.7230010.3.1.3.313263360.20151.1706317261.975416,dcmqi / totalsegmentator_ct_segmentations,dcmqi,totalsegmentator_ct_segmentations,nlst,OK,1,1
1.2.276.0.7230010.3.1.3.313263360.4161.1706318674.509221,dcmqi / totalsegmentator_ct_segmentations,dcmqi,totalsegmentator_ct_segmentations,nlst,OK,1,1
1.2.276.0.7230010.3.1.3.313263360.205.1706310536.901534,dcmqi / totalsegmentator_ct_segmentations,dcmqi,totalsegmentator_ct_segmentations,nlst,OK,1,1
1.2.276.0.7230010.3.1.3.313263360.40352.1706320869.168428,dcmqi / totalsegmentator_ct_segmentations,dcmqi,totalsegmentator_ct_segmentations,nlst,OK,1,1
1.2.276.0.7230010.3.1.3.313263360.39989.1706310461.593392,dcmqi / totalsegmentator_ct_segmentations,dcmqi,totalsegmentator_ct_segmentations,nlst,OK,1,1
1.2.276.0.7230010.3.1.3.313263360.46161.1706315240.520013,dcmqi / totalsegmentator_ct_segmentations,dcmqi,totalsegmentator_ct_segmentations,nlst,OK,1,1
1.2.276.0.7230010.3.1.3.313263360.4184.1706317950.871285,dcmqi / totalsegmentator_ct_segmentations,dcmqi,totalsegmentator_ct_segmentations,nlst,OK,1,1
1.2.276.0.7230010.3.1.3.313263360.12444.1706318852.868906,dcmqi / totalsegmentator_ct_segmentations,dcmqi,totalsegmentator_ct_segmentations,nlst,OK,1,1
1.2.276.0.7230010.3.1.3.313263360.40034.1706326118.117720,dcmqi / totalsegmentator_ct_segmentations,dcmqi,totalsegmentator_ct_segmentations,nlst,OK,1,1
1.2.276.0.7230010.3.1.3.313263360.117.1706322284.720356,dcmqi / totalsegmentator_ct_segmentations,dcmqi,totalsegmentator_ct_segmentations,nlst,OK,1,1
1.2.276.0.7230010.3.1.3.313263360.32279.1706316483.593503,dcmqi / totalsegmentator_ct_segmentations,dcmqi,totalsegmentator_ct_segmentations,nlst,OK,1,1
1.2.276.0.7230010.3.1.3.313263360.24532.1706325917.522552,dcmqi / totalsegmentator_ct_segmentations,dcmqi,totalsegmentator_ct_segmentations,nlst,OK,1,1
1.2.276.0.7230010.3.1.3.313263360.16130.1706319789.496322,dcmqi / totalsegmentator_ct_segmentations,dcmqi,totalsegmentator_ct_segmentations,nlst,OK,1,1
1.2.276.0.7230010.3.1.3.313263360.4214.1706310647.635235,dcmqi / totalsegmentator_ct_segmentations,dcmqi,totalsegmentator_ct_segmentations,nlst,OK,1,1
1.2.276.0.7230010.3.1.3.313263360.8347.1706311540.766222,dcmqi / totalsegmentator_ct_segmentations,dcmqi,totalsegmentator_ct_segmentations,nlst,OK,1,1
1.2.276.0.7230010.3.1.3.313263360.23831.1706332118.481290,dcmqi / totalsegmentator_ct_segmentations,dcmqi,totalsegmentator_ct_segmentations,nlst,OK,1,1
1.2.276.0.7230010.3.1.3.313263360.138.1706327984.821235,dcmqi / totalsegmentator_ct_segmentations,dcmqi,totalsegmentator_ct_segmentations,nlst,OK,1,1
1.2.276.0.7230010.3.1.3.313263360.8057.1706308179.140584,dcmqi / totalsegmentator_ct_segmentations,dcmqi,totalsegmentator_ct_segmentations,nlst,OK,1,1
1.2.276.0.7230010.3.1.3.313263360.39647.1706320233.22162,dcmqi / totalsegmentator_ct_segmentations,dcmqi,totalsegmentator_ct_segmentations,nlst,OK,1,1
1.2.276.0.7230010.3.1.3.313263360.40966.1706317035.450320,dcmqi / totalsegmentator_ct_segmentations,dcmqi,totalsegmentator_ct_segmentations,nlst,OK,1,1
1.2.276.0.7230010.3.1.3.313263360.86.1706319366.993223,dcmqi / totalsegmentator_ct_segmentations,dcmqi,totalsegmentator_ct_segmentations,nlst,OK,1,1
1.2.276.0.7230010.3.1.3.313263360.40399.1706318559.931746,dcmqi / totalsegmentator_ct_segmentations,dcmqi,totalsegmentator_ct_segmentations,nlst,OK,1,1
1.2.276.0.7230010.3.1.3.313263360.8106.1706317974.907526,dcmqi / totalsegmentator_ct_segmentations,dcmqi,totalsegmentator_ct_segmentations,nlst,OK,1,1
1.2.276.0.7230010.3.1.3.313263360.4269.1706323074.638485,dcmqi / totalsegmentator_ct_segmentations,dcmqi,totalsegmentator_ct_segmentations,nlst,OK,1,1
1.2.276.0.7230010.3.1.3.313263360.7951.1706310804.679543,dcmqi / totalsegmentator_ct_segmentations,dcmqi,totalsegmentator_ct_segmentations,nlst,OK,1,1
1.2.276.0.7230010.3.1.3.313263360.11812.1706322910.142632,dcmqi / totalsegmentator_ct_segmentations,dcmqi,totalsegmentator_ct_segmentations,nlst,OK,1,1
1.2.826.0.1.3680043.10.511.3.68820419757514684440761514693994091,not identifiable from index / rms_mutation_prediction_expert_annotations,not identifiable from index,rms_mutation_prediction_expert_annotations,rms_mutation_prediction,OK,3,3
1.2.276.0.7230010.3.1.3.313263360.43666.1706313713.745848,dcmqi / totalsegmentator_ct_segmentations,dcmqi,totalsegmentator_ct_segmentations,nlst,OK,1,1
1.2.276.0.7230010.3.1.3.313263360.28123.1706319904.439407,dcmqi / totalsegmentator_ct_segmentations,dcmqi,totalsegmentator_ct_segmentations,nlst,OK,1,1
1.2.276.0.7230010.3.1.3.313263360.24405.1706310799.452058,dcmqi / totalsegmentator_ct_segmentations,dcmqi,totalsegmentator_ct_segmentations,nlst,OK,1,1
1.2.276.0.7230010.3.1.3.313263360.18655.1706308780.667526,dcmqi / totalsegmentator_ct_segmentations,dcmqi,totalsegmentator_ct_segmentations,nlst,OK,1,1
1.2.276.0.7230010.3.1.3.313263360.16318.1706309228.6339,dcmqi / totalsegmentator_ct_segmentations,dcmqi,totalsegmentator_ct_segmentations,nlst,OK,1,1
1.2.276.0.7230010.3.1.3.313263360.15875.1706322428.333095,dcmqi / totalsegmentator_ct_segmentations,dcmqi,totalsegmentator_ct_segmentations,nlst,OK,1,1
1.2.276.0.7230010.3.1.3.313263360.39912.1706318785.801727,dcmqi / totalsegmentator_ct_segmentations,dcmqi,totalsegmentator_ct_segmentations,nlst,OK,1,1
1.2.276.0.7230010.3.1.3.313263360.44347.1706326266.186755,dcmqi / totalsegmentator_ct_segmentations,dcmqi,totalsegmentator_ct_segmentations,nlst,OK,1,1
1.2.276.0.7230010.3.1.3.313263360.42773.1706322414.796968,dcmqi / totalsegmentator_ct_segmentations,dcmqi,totalsegmentator_ct_segmentations,nlst,OK,1,1
1.2.276.0.7230010.3.1.3.313263360.18529.1706327091.98383,dcmqi / totalsegmentator_ct_segmentations,dcmqi,totalsegmentator_ct_segmentations,nlst,OK,1,1
1.2.276.0.7230010.3.1.3.313263360.9563.1706309891.741828,dcmqi / totalsegmentator_ct_segmentations,dcmqi,totalsegmentator_ct_segmentations,nlst,OK,1,1
1.2.276.0.7230010.3.1.3.313263360.83.1706317697.463055,dcmqi / totalsegmentator_ct_segmentations,dcmqi,totalsegmentator_ct_segmentations,nlst,OK,1,1
1.2.276.0.7230010.3.1.3.313263360.32213.1706313659.730289,dcmqi / totalsegmentator_ct_segmentations,dcmqi,totalsegmentator_ct_segmentations,nlst,OK,1,1
1.2.276.0.7230010.3.1.3.313263360.40247.1706317391.721736,dcmqi / totalsegmentator_ct_segmentations,dcmqi,totalsegmentator_ct_segmentations,nlst,OK,1,1
1.2.276.0.7230010.3.1.3.313263360.32052.1706326946.634734,dcmqi / totalsegmentator_ct_segmentations,dcmqi,totalsegmentator_ct_segmentations,nlst,OK,1,1
1.2.276.0.7230010.3.1.3.313263360.43679.1706318162.782412,dcmqi / totalsegmentator_ct_segmentations,dcmqi,totalsegmentator_ct_segmentations,nlst,OK,1,1
1.2.276.0.7230010.3.1.3.313263360.31633.1706321718.316871,dcmqi / totalsegmentator_ct_segmentations,dcmqi,totalsegmentator_ct_segmentations,nlst,OK,1,1
1.2.276.0.7230010.3.1.3.313263360.35906.1706311659.858918,dcmqi / totalsegmentator_ct_segmentations,dcmqi,totalsegmentator_ct_segmentations,nlst,OK,1,1
1.2.276.0.7230010.3.1.3.313263360.44689.1706313558.885052,dcmqi / totalsegmentator_ct_segmentations,dcmqi,totalsegmentator_ct_segmentations,nlst,OK,1,1
1.2.276.0.7230010.3.1.3.313263360.27460.1706322631.233823,dcmqi / totalsegmentator_ct_segmentations,dcmqi,totalsegmentator_ct_segmentations,nlst,OK,1,1
1.2.276.0.7230010.3.1.3.313263360.32646.1706312119.461146,dcmqi / totalsegmentator_ct_segmentations,dcmqi,totalsegmentator_ct_segmentations,nlst,OK,1,1
1.2.276.0.7230010.3.1.3.313263360.35180.1706312814.7659,dcmqi / totalsegmentator_ct_segmentations,dcmqi,totalsegmentator_ct_segmentations,nlst,OK,1,1
1.2.276.0.7230010.3.1.3.313263360.28157.1706312277.246998,dcmqi / totalsegmentator_ct_segmentations,dcmqi,totalsegmentator_ct_segmentations,nlst,OK,1,1
1.2.276.0.7230010.3.1.3.313263360.65103.1706312091.921314,dcmqi / totalsegmentator_ct_segmentations,dcmqi,totalsegmentator_ct_segmentations,nlst,OK,1,1
1.2.276.0.7230010.3.1.3.313263360.9591.1706325034.582564,dcmqi / totalsegmentator_ct_segmentations,dcmqi,totalsegmentator_ct_segmentations,nlst,OK,1,1
1.2.276.0.7230010.3.1.3.313263360.9553.1706313632.163536,dcmqi / totalsegmentator_ct_segmentations,dcmqi,totalsegmentator_ct_segmentations,nlst,OK,1,1
1.2.276.0.7230010.3.1.3.313263104.37385.1706317024.714716,dcmqi / totalsegmentator_ct_segmentations,dcmqi,totalsegmentator_ct_segmentations,nlst,OK,1,1
1.2.276.0.7230010.3.1.3.313263360.8123.1706322415.612132,dcmqi / totalsegmentator_ct_segmentations,dcmqi,totalsegmentator_ct_segmentations,nlst,OK,1,1
1.2.276.0.7230010.3.1.3.313263360.16212.1706310131.147265,dcmqi / totalsegmentator_ct_segmentations,dcmqi,totalsegmentator_ct_segmentations,nlst,OK,1,1
1.2.276.0.7230010.3.1.3.313263360.35496.1706325862.783233,dcmqi / totalsegmentator_ct_segmentations,dcmqi,totalsegmentator_ct_segmentations,nlst,OK,1,1
1.2.276.0.7230010.3.1.3.313263360.8290.1706317196.611633,dcmqi / totalsegmentator_ct_segmentations,dcmqi,totalsegmentator_ct_segmentations,nlst,OK,1,1
1.2.276.0.7230010.3.1.3.313263360.32325.1706319469.38828,dcmqi / totalsegmentator_ct_segmentations,dcmqi,totalsegmentator_ct_segmentations,nlst,OK,1,1
1.2.826.0.1.3680043.10.511.3.50732572443244666642912886658521657,not identifiable from index / rms_mutation_prediction_expert_annotations,not identifiable from index,rms_mutation_prediction_expert_annotations,rms_mutation_prediction,OK,3,3
1.2.276.0.7230010.3.1.3.313263360.44345.1706314142.182018,dcmqi / totalsegmentator_ct_segmentations,dcmqi,totalsegmentator_ct_segmentations,nlst,OK,1,1
1.2.276.0.7230010.3.1.3.313263360.20375.1706323799.343326,dcmqi / totalsegmentator_ct_segmentations,dcmqi,totalsegmentator_ct_segmentations,nlst,OK,1,1
1.2.276.0.7230010.3.1.3.313263360.72970.1706318534.137848,dcmqi / totalsegmentator_ct_segmentations,dcmqi,totalsegmentator_ct_segmentations,nlst,OK,1,1
1.2.276.0.7230010.3.1.3.313263360.8060.1706322622.515482,dcmqi / totalsegmentator_ct_segmentations,dcmqi,totalsegmentator_ct_segmentations,nlst,OK,1,1
1.2.276.0.7230010.3.1.3.313263360.33099.1706311030.279793,dcmqi / totalsegmentator_ct_segmentations,dcmqi,totalsegmentator_ct_segmentations,nlst,OK,1,1
1.2.276.0.7230010.3.1.3.313263360.19455.1706311165.363570,dcmqi / totalsegmentator_ct_segmentations,dcmqi,totalsegmentator_ct_segmentations,nlst,OK,1,1
1.2.276.0.7230010.3.1.3.313263360.84459.1706320544.928451,dcmqi / totalsegmentator_ct_segmentations,dcmqi,totalsegmentator_ct_segmentations,nlst,OK,1,1
1.2.276.0.7230010.3.1.3.313263360.43756.1706323800.213322,dcmqi / totalsegmentator_ct_segmentations,dcmqi,totalsegmentator_ct_segmentations,nlst,OK,1,1
1.2.826.0.1.3680043.10.511.3.57634827575727136732778633973613931,not identifiable from index / rms_mutation_prediction_expert_annotations,not identifiable from index,rms_mutation_prediction_expert_annotations,rms_mutation_prediction,OK,3,3
1.2.276.0.7230010.3.1.3.313263360.36476.1706328023.35000,dcmqi / totalsegmentator_ct_segmentations,dcmqi,totalsegmentator_ct_segmentations,nlst,OK,1,1
1.2.276.0.7230010.3.1.3.313263360.36577.1706326643.63673,dcmqi / totalsegmentator_ct_segmentations,dcmqi,totalsegmentator_ct_segmentations,nlst,OK,1,1
1.2.276.0.7230010.3.1.3.313263360.43964.1706327092.652896,dcmqi / totalsegmentator_ct_segmentations,dcmqi,totalsegmentator_ct_segmentations,nlst,OK,1,1
1.2.276.0.7230010.3.1.3.313263360.20655.1706328416.214270,dcmqi / totalsegmentator_ct_segmentations,dcmqi,totalsegmentator_ct_segmentations,nlst,OK,1,1
1.2.276.0.7230010.3.1.3.313263360.31253.1706317978.123582,dcmqi / totalsegmentator_ct_segmentations,dcmqi,totalsegmentator_ct_segmentations,nlst,OK,1,1
1.2.276.0.7230010.3.1.3.313263360.39713.1706312904.171508,dcmqi / totalsegmentator_ct_segmentations,dcmqi,totalsegmentator_ct_segmentations,nlst,OK,1,1
1.2.276.0.7230010.3.1.3.313263360.8190.1706323122.615948,dcmqi / totalsegmentator_ct_segmentations,dcmqi,totalsegmentator_ct_segmentations,nlst,OK,1,1
1.2.276.0.7230010.3.1.3.313263360.35887.1706328805.486647,dcmqi / totalsegmentator_ct_segmentations,dcmqi,totalsegmentator_ct_segmentations,nlst,OK,1,1
1.2.276.0.7230010.3.1.3.313263360.46995.1706310965.609162,dcmqi / totalsegmentator_ct_segmentations,dcmqi,totalsegmentator_ct_segmentations,nlst,OK,1,1
1.2.826.0.1.3680043.10.511.3.32540995836717004271596036324903598,not identifiable from index / rms_mutation_prediction_expert_annotations,not identifiable from index,rms_mutation_prediction_expert_annotations,rms_mutation_prediction,OK,3,3
1.2.276.0.7230010.3.1.3.313263360.32085.1706326532.185467,dcmqi / totalsegmentator_ct_segmentations,dcmqi,totalsegmentator_ct_segmentations,nlst,OK,1,1
1.2.276.0.7230010.3.1.3.313263360.23696.1706329233.226910,dcmqi / totalsegmentator_ct_segmentations,dcmqi,totalsegmentator_ct_segmentations,nlst,OK,1,1
1.2.276.0.7230010.3.1.3.313263360.22863.1706328712.210688,dcmqi / totalsegmentator_ct_segmentations,dcmqi,totalsegmentator_ct_segmentations,nlst,OK,1,1
1.2.276.0.7230010.3.1.3.313263360.4294.1706310601.701351,dcmqi / totalsegmentator_ct_segmentations,dcmqi,totalsegmentator_ct_segmentations,nlst,OK,1,1
1.2.276.0.7230010.3.1.3.313263360.31236.1706326264.10456,dcmqi / totalsegmentator_ct_segmentations,dcmqi,totalsegmentator_ct_segmentations,nlst,OK,1,1
1.2.826.0.1.3680043.10.511.3.26045884131692200634802817820706599,not identifiable from index / pan_cancer_nuclei_seg_dicom,not identifiable from index,pan_cancer_nuclei_seg_dicom,tcga_luad,OK,4,4
1.2.276.0.7230010.3.1.3.313263360.36005.1706322919.301558,dcmqi / totalsegmentator_ct_segmentations,dcmqi,totalsegmentator_ct_segmentations,nlst,OK,1,1
1.2.276.0.7230010.3.1.3.313263360.8094.1706308790.873963,dcmqi / totalsegmentator_ct_segmentations,dcmqi,totalsegmentator_ct_segmentations,nlst,OK,1,1
1.2.276.0.7230010.3.1.3.313263360.15881.1706327703.640220,dcmqi / totalsegmentator_ct_segmentations,dcmqi,totalsegmentator_ct_segmentations,nlst,OK,1,1
1.2.276.0.7230010.3.1.3.313263360.35916.1706332260.747656,dcmqi / totalsegmentator_ct_segmentations,dcmqi,totalsegmentator_ct_segmentations,nlst,OK,1,1
1.2.276.0.7230010.3.1.3.313263360.32355.1706325087.119741,dcmqi / totalsegmentator_ct_segmentations,dcmqi,totalsegmentator_ct_segmentations,nlst,OK,1,1
1.2.276.0.7230010.3.1.3.313263360.72377.1706312375.520619,dcmqi / totalsegmentator_ct_segmentations,dcmqi,totalsegmentator_ct_segmentations,nlst,OK,1,1
1.2.276.0.7230010.3.1.3.313263360.12257.1706311774.824400,dcmqi / totalsegmentator_ct_segmentations,dcmqi,totalsegmentator_ct_segmentations,nlst,OK,1,1
1.2.276.0.7230010.3.1.3.313263360.32113.1706314417.63112,dcmqi / totalsegmentator_ct_segmentations,dcmqi,totalsegmentator_ct_segmentations,nlst,OK,1,1
1.2.276.0.7230010.3.1.3.313263360.31896.1706332013.231344,dcmqi / totalsegmentator_ct_segmentations,dcmqi,totalsegmentator_ct_segmentations,nlst,OK,1,1
1.2.276.0.7230010.3.1.3.313263360.39811.1706311283.101882,dcmqi / totalsegmentator_ct_segmentations,dcmqi,totalsegmentator_ct_segmentations,nlst,OK,1,1
1.2.826.0.1.3680043.10.511.3.64476200001199032092920778217074879,not identifiable from index / pan_cancer_nuclei_seg_dicom,not identifiable from index,pan_cancer_nuclei_seg_dicom,tcga_read,OK,4,4
1.2.826.0.1.3680043.10.511.3.28289299809319415119879852521938584,not identifiable from index / rms_mutation_prediction_expert_annotations,not identifiable from index,rms_mutation_prediction_expert_annotations,rms_mutation_prediction,OK,3,3
1.2.276.0.7230010.3.1.3.313263360.39885.1706319622.317922,dcmqi / totalsegmentator_ct_segmentations,dcmqi,totalsegmentator_ct_segmentations,nlst,OK,1,1
1.2.826.0.1.3680043.10.511.3.31096952429029562475301076126593472,not identifiable from index / rms_mutation_prediction_expert_annotations,not identifiable from index,rms_mutation_prediction_expert_annotations,rms_mutation_prediction,OK,3,3
1.2.276.0.7230010.3.1.3.313263360.16112.1706328771.66131,dcmqi / totalsegmentator_ct_segmentations,dcmqi,totalsegmentator_ct_segmentations,nlst,OK,1,1
1.2.826.0.1.3680043.10.511.3.53218427835848494216039364358673108,not identifiable from index / rms_mutation_prediction_expert_annotations,not identifiable from index,rms_mutation_prediction_expert_annotations,rms_mutation_prediction,OK,3,3
1.2.276.0.7230010.3.1.3.313263360.74365.1706322811.208114,dcmqi / totalsegmentator_ct_segmentations,dcmqi,totalsegmentator_ct_segmentations,nlst,OK,1,1
1.2.276.0.7230010.3.1.3.313263360.9487.1706327151.355685,dcmqi / totalsegmentator_ct_segmentations,dcmqi,totalsegmentator_ct_segmentations,nlst,OK,1,1
1.2.276.0.7230010.3.1.3.313263360.37425.1706327128.873759,dcmqi / totalsegmentator_ct_segmentations,dcmqi,totalsegmentator_ct_segmentations,nlst,OK,1,1
1.2.276.0.7230010.3.1.3.313263360.92579.1706319234.410501,dcmqi / totalsegmentator_ct_segmentations,dcmqi,totalsegmentator_ct_segmentations,nlst,OK,1,1
1.2.276.0.7230010.3.1.3.313263360.18444.1706317541.180632,dcmqi / totalsegmentator_ct_segmentations,dcmqi,totalsegmentator_ct_segmentations,nlst,OK,1,1
1.2.276.0.7230010.3.1.3.313263360.63790.1706311361.788530,dcmqi / totalsegmentator_ct_segmentations,dcmqi,totalsegmentator_ct_segmentations,nlst,OK,1,1
1.2.276.0.7230010.3.1.3.313263360.161.1706326552.269147,dcmqi / totalsegmentator_ct_segmentations,dcmqi,totalsegmentator_ct_segmentations,nlst,OK,1,1
1.2.276.0.7230010.3.1.3.313263360.23643.1706311472.831665,dcmqi / totalsegmentator_ct_segmentations,dcmqi,totalsegmentator_ct_segmentations,nlst,OK,1,1
1.2.276.0.7230010.3.1.3.313263360.27962.1706316222.789566,dcmqi / totalsegmentator_ct_segmentations,dcmqi,totalsegmentator_ct_segmentations,nlst,OK,1,1
1.2.276.0.7230010.3.1.3.313263360.43606.1706314702.115817,dcmqi / totalsegmentator_ct_segmentations,dcmqi,totalsegmentator_ct_segmentations,nlst,OK,1,1
1.2.276.0.7230010.3.1.3.313263360.18515.1706317006.852958,dcmqi / totalsegmentator_ct_segmentations,dcmqi,totalsegmentator_ct_segmentations,nlst,OK,1,1
1.2.276.0.7230010.3.1.3.313263360.26565.1706320467.429114,dcmqi / totalsegmentator_ct_segmentations,dcmqi,totalsegmentator_ct_segmentations,nlst,OK,1,1
1.2.826.0.1.3680043.10.511.3.43687623476612023056115449137910966,not identifiable from index / rms_mutation_prediction_expert_annotations,not identifiable from index,rms_mutation_prediction_expert_annotations,rms_mutation_prediction,OK,3,3
1.2.276.0.7230010.3.1.3.313263360.40504.1706324534.110975,dcmqi / totalsegmentator_ct_segmentations,dcmqi,totalsegmentator_ct_segmentations,nlst,OK,1,1
1.2.276.0.7230010.3.1.3.313263360.19857.1706324397.286184,dcmqi / totalsegmentator_ct_segmentations,dcmqi,totalsegmentator_ct_segmentations,nlst,OK,1,1
1.2.276.0.7230010.3.1.3.313263360.24167.1706325840.686157,dcmqi / totalsegmentator_ct_segmentations,dcmqi,totalsegmentator_ct_segmentations,nlst,OK,1,1
1.2.276.0.7230010.3.1.3.313263360.15669.1706324941.793762,dcmqi / totalsegmentator_ct_segmentations,dcmqi,totalsegmentator_ct_segmentations,nlst,OK,1,1
1.2.276.0.7230010.3.1.3.313263360.172.1706324176.64685,dcmqi / totalsegmentator_ct_segmentations,dcmqi,totalsegmentator_ct_segmentations,nlst,OK,1,1
1.2.826.0.1.3680043.10.511.3.44626795572803397160471114331290467,not identifiable from index / pan_cancer_nuclei_seg_dicom,not identifiable from index,pan_cancer_nuclei_seg_dicom,tcga_lusc,OK,4,4
1.2.276.0.7230010.3.1.3.313263360.37017.1706325254.891647,dcmqi / totalsegmentator_ct_segmentations,dcmqi,totalsegmentator_ct_segmentations,nlst,OK,1,1
1.2.826.0.1.3680043.10.511.3.90190884855742707579597662044942806,not identifiable from index / rms_mutation_prediction_expert_annotations,not identifiable from index,rms_mutation_prediction_expert_annotations,rms_mutation_prediction,OK,3,3
1.2.276.0.7230010.3.1.3.313263360.7913.1706323655.609740,dcmqi / totalsegmentator_ct_segmentations,dcmqi,totalsegmentator_ct_segmentations,nlst,OK,1,1
1.2.276.0.7230010.3.1.3.313263360.56442.1706322630.822002,dcmqi / totalsegmentator_ct_segmentations,dcmqi,totalsegmentator_ct_segmentations,nlst,OK,1,1
1.2.276.0.7230010.3.1.3.313263360.12098.1706318064.983147,dcmqi / totalsegmentator_ct_segmentations,dcmqi,totalsegmentator_ct_segmentations,nlst,OK,1,1
1.2.276.0.7230010.3.1.3.313263360.75513.1706317151.272118,dcmqi / totalsegmentator_ct_segmentations,dcmqi,totalsegmentator_ct_segmentations,nlst,OK,1,1
1.2.826.0.1.3680043.10.511.3.22659456373946903246151977194567690,not identifiable from index / rms_mutation_prediction_expert_annotations,not identifiable from index,rms_mutation_prediction_expert_annotations,rms_mutation_prediction,OK,3,3
1.2.276.0.7230010.3.1.3.313263360.28518.1706310451.350661,dcmqi / totalsegmentator_ct_segmentations,dcmqi,totalsegmentator_ct_segmentations,nlst,OK,1,1
1.2.276.0.7230010.3.1.3.313263360.8220.1706313048.936138,dcmqi / totalsegmentator_ct_segmentations,dcmqi,totalsegmentator_ct_segmentations,nlst,OK,1,1
1.2.276.0.7230010.3.1.3.313263360.87.1706307792.35190,dcmqi / totalsegmentator_ct_segmentations,dcmqi,totalsegmentator_ct_segmentations,nlst,OK,1,1
1.2.276.0.7230010.3.1.3.313263360.4294.1706309291.782879,dcmqi / totalsegmentator_ct_segmentations,dcmqi,totalsegmentator_ct_segmentations,nlst,OK,1,1
1.2.276.0.7230010.3.1.3.313263360.101111.1706327095.93289,dcmqi / totalsegmentator_ct_segmentations,dcmqi,totalsegmentator_ct_segmentations,nlst,OK,1,1
1.2.826.0.1.3680043.10.511.3.49397851803669602892749642567299309,not identifiable from index / pan_cancer_nuclei_seg_dicom,not identifiable from index,pan_cancer_nuclei_seg_dicom,tcga_stad,OK,4,4
1.2.826.0.1.3680043.10.511.3.20821635461312090791867622975185536,not identifiable from index / pan_cancer_nuclei_seg_dicom,not identifiable from index,pan_cancer_nuclei_seg_dicom,tcga_brca,OK,4,4
1.2.276.0.7230010.3.1.3.313263360.12135.1706328511.931045,dcmqi / totalsegmentator_ct_segmentations,dcmqi,totalsegmentator_ct_segmentations,nlst,OK,1,1
1.2.276.0.7230010.3.1.3.313263360.18514.1706322156.561794,dcmqi / totalsegmentator_ct_segmentations,dcmqi,totalsegmentator_ct_segmentations,nlst,OK,1,1
1.2.276.0.7230010.3.1.3.313263360.153.1706317739.419129,dcmqi / totalsegmentator_ct_segmentations,dcmqi,totalsegmentator_ct_segmentations,nlst,OK,1,1
1.2.276.0.7230010.3.1.3.313263360.56335.1706309378.606681,dcmqi / totalsegmentator_ct_segmentations,dcmqi,totalsegmentator_ct_segmentations,nlst,OK,1,1
1.2.276.0.7230010.3.1.3.313263360.93353.1706330660.165015,dcmqi / totalsegmentator_ct_segmentations,dcmqi,totalsegmentator_ct_segmentations,nlst,OK,1,1
1.2.276.0.7230010.3.1.3.313263360.9932.1706308739.343888,dcmqi / totalsegmentator_ct_segmentations,dcmqi,totalsegmentator_ct_segmentations,nlst,OK,1,1
1.2.276.0.7230010.3.1.3.313263360.28230.1706322139.879092,dcmqi / totalsegmentator_ct_segmentations,dcmqi,totalsegmentator_ct_segmentations,nlst,OK,1,1
1.2.826.0.1.3680043.10.511.3.1653342356552412583668380759496630,not identifiable from index / rms_mutation_prediction_expert_annotations,not identifiable from index,rms_mutation_prediction_expert_annotations,rms_mutation_prediction,OK,3,3
1.2.826.0.1.3680043.10.511.3.86766752929748916894832496626641764,not identifiable from index / pan_cancer_nuclei_seg_dicom,not identifiable from index,pan_cancer_nuclei_seg_dicom,tcga_luad,OK,4,4
1.2.276.0.7230010.3.1.3.313263360.46726.1706311427.924396,dcmqi / totalsegmentator_ct_segmentations,dcmqi,totalsegmentator_ct_segmentations,nlst,OK,1,1
1.2.276.0.7230010.3.1.3.313263360.74242.1706330205.402675,dcmqi / totalsegmentator_ct_segmentations,dcmqi,totalsegmentator_ct_segmentations,nlst,OK,1,1
1.2.826.0.1.3680043.10.511.3.53195911206288367123195455029389330,not identifiable from index / rms_mutation_prediction_expert_annotations,not identifiable from index,rms_mutation_prediction_expert_annotations,rms_mutation_prediction,OK,3,3
1.2.826.0.1.3680043.10.511.3.33003354439874547033183153851285324,not identifiable from index / rms_mutation_prediction_expert_annotations,not identifiable from index,rms_mutation_prediction_expert_annotations,rms_mutation_prediction,OK,3,3
1.2.276.0.7230010.3.1.3.313263360.187.1706323610.358622,dcmqi / totalsegmentator_ct_segmentations,dcmqi,totalsegmentator_ct_segmentations,nlst,OK,1,1
1.2.826.0.1.3680043.10.511.3.13356422345358857830315883371834298,not identifiable from index / pan_cancer_nuclei_seg_dicom,not identifiable from index,pan_cancer_nuclei_seg_dicom,tcga_ucec,OK,4,4
1.2.276.0.7230010.3.1.3.313263360.100813.1706328263.705968,dcmqi / totalsegmentator_ct_segmentations,dcmqi,totalsegmentator_ct_segmentations,nlst,OK,1,1
1.2.826.0.1.3680043.10.511.3.24944094517053454338419524449912530,not identifiable from index / rms_mutation_prediction_expert_annotations,not identifiable from index,rms_mutation_prediction_expert_annotations,rms_mutation_prediction,OK,3,3
1.2.276.0.7230010.3.1.3.313263360.103135.1706328229.949624,dcmqi / totalsegmentator_ct_segmentations,dcmqi,totalsegmentator_ct_segmentations,nlst,OK,1,1
1.2.276.0.7230010.3.1.3.313263360.9721.1706314371.987062,dcmqi / totalsegmentator_ct_segmentations,dcmqi,totalsegmentator_ct_segmentations,nlst,OK,1,1
1.2.826.0.1.3680043.10.511.3.85788050891407594251153005087818299,not identifiable from index / pan_cancer_nuclei_seg_dicom,not identifiable from index,pan_cancer_nuclei_seg_dicom,tcga_lusc,OK,4,4
1.2.276.0.7230010.3.1.3.313263360.100848.1706310979.317857,dcmqi / totalsegmentator_ct_segmentations,dcmqi,totalsegmentator_ct_segmentations,nlst,OK,1,1
1.2.826.0.1.3680043.10.511.3.87627126402577937024107295936779320,not identifiable from index / pan_cancer_nuclei_seg_dicom,not identifiable from index,pan_cancer_nuclei_seg_dicom,tcga_gbm,OK,4,4
1.2.826.0.1.3680043.10.511.3.20830899732687382278369259788846758,not identifiable from index / pan_cancer_nuclei_seg_dicom,not identifiable from index,pan_cancer_nuclei_seg_dicom,tcga_brca,OK,5,5
1.2.826.0.1.3680043.10.511.3.32064640795046418527173631807563400,not identifiable from index / rms_mutation_prediction_expert_annotations,not identifiable from index,rms_mutation_prediction_expert_annotations,rms_mutation_prediction,OK,3,3
1.2.826.0.1.3680043.10.511.3.32572822794929543895732513893535345,not identifiable from index / pan_cancer_nuclei_seg_dicom,not identifiable from index,pan_cancer_nuclei_seg_dicom,tcga_gbm,OK,4,4
1.2.826.0.1.3680043.10.511.3.74081545275582639670357199672152384,not identifiable from index / pan_cancer_nuclei_seg_dicom,not identifiable from index,pan_cancer_nuclei_seg_dicom,tcga_coad,OK,5,5
1.2.826.0.1.3680043.10.511.3.34093573624417922702509348825916564,not identifiable from index / pan_cancer_nuclei_seg_dicom,not identifiable from index,pan_cancer_nuclei_seg_dicom,tcga_gbm,OK,4,4
1.2.826.0.1.3680043.10.511.3.28629080526751190483972920594643817,not identifiable from index / pan_cancer_nuclei_seg_dicom,not identifiable from index,pan_cancer_nuclei_seg_dicom,tcga_gbm,OK,5,5
1.2.826.0.1.3680043.10.511.3.94754139339233510711834414858442207,not identifiable from index / pan_cancer_nuclei_seg_dicom,not identifiable from index,pan_cancer_nuclei_seg_dicom,tcga_ucec,OK,4,4
1.2.826.0.1.3680043.10.511.3.32767873919777418851532009320716130,not identifiable from index / pan_cancer_nuclei_seg_dicom,not identifiable from index,pan_cancer_nuclei_seg_dicom,tcga_coad,OK,5,5
1.2.826.0.1.3680043.10.511.3.71038174467004444925436173966828354,not identifiable from index / pan_cancer_nuclei_seg_dicom,not identifiable from index,pan_cancer_nuclei_seg_dicom,tcga_gbm,OK,5,5
1.2.826.0.1.3680043.10.511.3.98126826629453072720491617006444089,not identifiable from index / pan_cancer_nuclei_seg_dicom,not identifiable from index,pan_cancer_nuclei_seg_dicom,tcga_luad,OK,5,5
1.2.826.0.1.3680043.10.511.3.93982262109936894526101863379325552,not identifiable from index / pan_cancer_nuclei_seg_dicom,not identifiable from index,pan_cancer_nuclei_seg_dicom,tcga_gbm,OK,4,4
1.2.826.0.1.3680043.10.511.3.63779452286155888260202680545983688,not identifiable from index / pan_cancer_nuclei_seg_dicom,not identifiable from index,pan_cancer_nuclei_seg_dicom,tcga_lusc,OK,5,5
1.2.826.0.1.3680043.10.511.3.19614389587183324336918459089909287,not identifiable from index / pan_cancer_nuclei_seg_dicom,not identifiable from index,pan_cancer_nuclei_seg_dicom,tcga_lusc,OK,5,5
1.2.826.0.1.3680043.10.511.3.47068775094707231158547843469580664,not identifiable from index / pan_cancer_nuclei_seg_dicom,not identifiable from index,pan_cancer_nuclei_seg_dicom,tcga_gbm,OK,5,5
1.2.826.0.1.3680043.10.511.3.97192653713634203391248701294988643,not identifiable from index / pan_cancer_nuclei_seg_dicom,not identifiable from index,pan_cancer_nuclei_seg_dicom,tcga_prad,OK,5,5
1.2.826.0.1.3680043.10.511.3.12581181902005155538783334368587713,not identifiable from index / rms_mutation_prediction_expert_annotations,not identifiable from index,rms_mutation_prediction_expert_annotations,rms_mutation_prediction,OK,3,3
1.2.826.0.1.3680043.10.511.3.11892231768427523559353585952875066,not identifiable from index / pan_cancer_nuclei_seg_dicom,not identifiable from index,pan_cancer_nuclei_seg_dicom,tcga_gbm,OK,5,5
1.2.826.0.1.3680043.10.511.3.11147601356128836242049470435589009,not identifiable from index / pan_cancer_nuclei_seg_dicom,not identifiable from index,pan_cancer_nuclei_seg_dicom,tcga_read,OK,5,5
1.2.826.0.1.3680043.10.511.3.12301392099411946140825107992283938,not identifiable from index / pan_cancer_nuclei_seg_dicom,not identifiable from index,pan_cancer_nuclei_seg_dicom,tcga_lusc,OK,5,5
1.2.826.0.1.3680043.10.511.3.55381759434183690084588665836549040,not identifiable from index / pan_cancer_nuclei_seg_dicom,not identifiable from index,pan_cancer_nuclei_seg_dicom,tcga_read,OK,5,5
1.2.826.0.1.3680043.10.511.3.65805111514424445178451171892279140,not identifiable from index / pan_cancer_nuclei_seg_dicom,not identifiable from index,pan_cancer_nuclei_seg_dicom,tcga_luad,OK,5,5
1.2.826.0.1.3680043.10.511.3.72102429094441745024481348309292253,not identifiable from index / pan_cancer_nuclei_seg_dicom,not identifiable from index,pan_cancer_nuclei_seg_dicom,tcga_stad,OK,5,5
1.2.826.0.1.3680043.10.511.3.12754728443392213673840460122441887,not identifiable from index / pan_cancer_nuclei_seg_dicom,not identifiable from index,pan_cancer_nuclei_seg_dicom,tcga_stad,OK,5,5
1.2.826.0.1.3680043.10.511.3.99642244019381696471744788644518930,not identifiable from index / pan_cancer_nuclei_seg_dicom,not identifiable from index,pan_cancer_nuclei_seg_dicom,tcga_cesc,OK,5,5
1.2.826.0.1.3680043.10.511.3.63372437109143277532158255894214422,not identifiable from index / pan_cancer_nuclei_seg_dicom,not identifiable from index,pan_cancer_nuclei_seg_dicom,tcga_coad,OK,5,5
1.2.826.0.1.3680043.10.511.3.90962075416073795673281282241227590,not identifiable from index / pan_cancer_nuclei_seg_dicom,not identifiable from index,pan_cancer_nuclei_seg_dicom,tcga_ucec,OK,5,5
1.2.826.0.1.3680043.10.511.3.42251822285824783064035855178505327,not identifiable from index / pan_cancer_nuclei_seg_dicom,not identifiable from index,pan_cancer_nuclei_seg_dicom,tcga_stad,OK,5,5
1.2.826.0.1.3680043.10.511.3.11264159290767265443403905761065793,not identifiable from index / pan_cancer_nuclei_seg_dicom,not identifiable from index,pan_cancer_nuclei_seg_dicom,tcga_brca,OK,5,5
1.2.826.0.1.3680043.10.511.3.35832619299732945835072606780229257,not identifiable from index / pan_cancer_nuclei_seg_dicom,not identifiable from index,pan_cancer_nuclei_seg_dicom,tcga_brca,OK,5,5
1.2.826.0.1.3680043.10.511.3.39938058978499501382347388901105480,not identifiable from index / pan_cancer_nuclei_seg_dicom,not identifiable from index,pan_cancer_nuclei_seg_dicom,tcga_brca,OK,5,5
1.2.826.0.1.3680043.10.511.3.15496210898387808721296445819671895,not identifiable from index / pan_cancer_nuclei_seg_dicom,not identifiable from index,pan_cancer_nuclei_seg_dicom,tcga_brca,OK,5,5
1.2.826.0.1.3680043.10.511.3.34362767324863009189966599828888128,not identifiable from index / pan_cancer_nuclei_seg_dicom,not identifiable from index,pan_cancer_nuclei_seg_dicom,tcga_prad,OK,5,5
1.2.826.0.1.3680043.10.511.3.12226106025979629070286055067196782,not identifiable from index / pan_cancer_nuclei_seg_dicom,not identifiable from index,pan_cancer_nuclei_seg_dicom,tcga_brca,OK,5,5
1.2.826.0.1.3680043.10.511.3.11096179942081808160472049839517905,not identifiable from index / pan_cancer_nuclei_seg_dicom,not identifiable from index,pan_cancer_nuclei_seg_dicom,tcga_uvm,OK,5,5
1.2.826.0.1.3680043.10.511.3.10732275247742864499271260377676616,not identifiable from index / pan_cancer_nuclei_seg_dicom,not identifiable from index,pan_cancer_nuclei_seg_dicom,tcga_blca,OK,5,5
1.2.826.0.1.3680043.10.511.3.12908834936459584599579484460076035,not identifiable from index / pan_cancer_nuclei_seg_dicom,not identifiable from index,pan_cancer_nuclei_seg_dicom,tcga_brca,OK,5,5
1.2.826.0.1.3680043.10.511.3.72366733786823207553015087836244669,not identifiable from index / pan_cancer_nuclei_seg_dicom,not identifiable from index,pan_cancer_nuclei_seg_dicom,tcga_coad,OK,5,5
1.2.826.0.1.3680043.10.511.3.19380102641282323574117986038218039,not identifiable from index / pan_cancer_nuclei_seg_dicom,not identifiable from index,pan_cancer_nuclei_seg_dicom,tcga_ucec,OK,5,5
1.2.826.0.1.3680043.10.511.3.91743886342354262434335947198506464,not identifiable from index / pan_cancer_nuclei_seg_dicom,not identifiable from index,pan_cancer_nuclei_seg_dicom,tcga_brca,OK,5,5
1.2.826.0.1.3680043.10.511.3.53126808510079883161533506509172355,not identifiable from index / pan_cancer_nuclei_seg_dicom,not identifiable from index,pan_cancer_nuclei_seg_dicom,tcga_ucec,OK,5,5
1.2.826.0.1.3680043.10.511.3.35411592719526421332079263922964393,not identifiable from index / pan_cancer_nuclei_seg_dicom,not identifiable from index,pan_cancer_nuclei_seg_dicom,tcga_coad,OK,5,5
1.2.826.0.1.3680043.10.511.3.62570143265745730917912320308982834,not identifiable from index / pan_cancer_nuclei_seg_dicom,not identifiable from index,pan_cancer_nuclei_seg_dicom,tcga_skcm,OK,5,5
1.2.826.0.1.3680043.10.511.3.95415731876359977797454204007035594,not identifiable from index / pan_cancer_nuclei_seg_dicom,not identifiable from index,pan_cancer_nuclei_seg_dicom,tcga_brca,OK,5,5
1.2.826.0.1.3680043.10.511.3.62507991022452507965789171664650968,not identifiable from index / pan_cancer_nuclei_seg_dicom,not identifiable from index,pan_cancer_nuclei_seg_dicom,tcga_blca,OK,5,5
1.2.826.0.1.3680043.10.511.3.32199996331981711041446446682652385,not identifiable from index / pan_cancer_nuclei_seg_dicom,not identifiable from index,pan_cancer_nuclei_seg_dicom,tcga_blca,OK,5,5
1.2.826.0.1.3680043.10.511.3.57597549863624886789612258628807692,not identifiable from index / pan_cancer_nuclei_seg_dicom,not identifiable from index,pan_cancer_nuclei_seg_dicom,tcga_brca,OK,5,5
1.2.826.0.1.3680043.10.511.3.19126746670867492754758755403583904,not identifiable from index / pan_cancer_nuclei_seg_dicom,not identifiable from index,pan_cancer_nuclei_seg_dicom,tcga_brca,OK,5,5
1.2.826.0.1.3680043.10.511.3.57980320094487402774013425335341797,not identifiable from index / pan_cancer_nuclei_seg_dicom,not identifiable from index,pan_cancer_nuclei_seg_dicom,tcga_luad,OK,5,5
1.2.826.0.1.3680043.10.511.3.41451450803956827262815732160063151,not identifiable from index / pan_cancer_nuclei_seg_dicom,not identifiable from index,pan_cancer_nuclei_seg_dicom,tcga_blca,OK,5,5
1.2.826.0.1.3680043.10.511.3.10545139380042817467445163955810152,not identifiable from index / pan_cancer_nuclei_seg_dicom,not identifiable from index,pan_cancer_nuclei_seg_dicom,tcga_blca,OK,5,5
1.2.826.0.1.3680043.10.511.3.24573262616671843411338642800820990,not identifiable from index / pan_cancer_nuclei_seg_dicom,not identifiable from index,pan_cancer_nuclei_seg_dicom,tcga_blca,OK,5,5
1.2.826.0.1.3680043.10.511.3.20193957500442989103318341312589392,not identifiable from index / pan_cancer_nuclei_seg_dicom,not identifiable from index,pan_cancer_nuclei_seg_dicom,tcga_ucec,OK,5,5
1.2.826.0.1.3680043.10.511.3.78046270844985977297591113290109563,not identifiable from index / pan_cancer_nuclei_seg_dicom,not identifiable from index,pan_cancer_nuclei_seg_dicom,tcga_skcm,OK,5,5
1.2.826.0.1.3680043.10.511.3.86530293339877604123473994202467734,not identifiable from index / pan_cancer_nuclei_seg_dicom,not identifiable from index,pan_cancer_nuclei_seg_dicom,tcga_brca,OK,5,5
1.2.826.0.1.3680043.10.511.3.10863101228799402719085069597421266,not identifiable from index / pan_cancer_nuclei_seg_dicom,not identifiable from index,pan_cancer_nuclei_seg_dicom,tcga_brca,OK,5,5
1.2.826.0.1.3680043.10.511.3.11057578876770744428313007000742850,not identifiable from index / pan_cancer_nuclei_seg_dicom,not identifiable from index,pan_cancer_nuclei_seg_dicom,tcga_brca,OK,5,5
1.2.826.0.1.3680043.10.511.3.58453118646081258092996710555107023,not identifiable from index / pan_cancer_nuclei_seg_dicom,not identifiable from index,pan_cancer_nuclei_seg_dicom,tcga_gbm,OK,5,5
1.2.826.0.1.3680043.10.511.3.11174747149625430348887676771064547,not identifiable from index / pan_cancer_nuclei_seg_dicom,not identifiable from index,pan_cancer_nuclei_seg_dicom,tcga_ucec,OK,5,5
1.2.826.0.1.3680043.10.511.3.65458059990843359817689050158792864,not identifiable from index / pan_cancer_nuclei_seg_dicom,not identifiable from index,pan_cancer_nuclei_seg_dicom,tcga_skcm,OK,5,5
1.2.826.0.1.3680043.10.511.3.77812568260071628603804932585138250,not identifiable from index / pan_cancer_nuclei_seg_dicom,not identifiable from index,pan_cancer_nuclei_seg_dicom,tcga_blca,OK,5,5
1.2.826.0.1.3680043.10.511.3.13071177254864027771696462586548869,not identifiable from index / pan_cancer_nuclei_seg_dicom,not identifiable from index,pan_cancer_nuclei_seg_dicom,tcga_ucec,OK,5,5
1.2.826.0.1.3680043.10.511.3.83007047800234413751621383249711121,not identifiable from index / pan_cancer_nuclei_seg_dicom,not identifiable from index,pan_cancer_nuclei_seg_dicom,tcga_prad,OK,5,5
1.2.826.0.1.3680043.10.511.3.59511508919596656394962628796385304,not identifiable from index / pan_cancer_nuclei_seg_dicom,not identifiable from index,pan_cancer_nuclei_seg_dicom,tcga_ucec,OK,5,5
