stratum,validator,message_class_id,severity_as_emitted,message_template,objects
QIICR Reporting via 3D Slicer / (null),dciodvfy,76ab0c6981d2,Warning,Warning - CodingSchemeDesignator is deprecated - attribute <CodingSchemeDesignator> = <SRT>,96
QIICR Reporting via 3D Slicer / (null),dciodvfy,815f5dab3ba7,Warning,Warning - Missing attribute or value that would be needed to build DICOMDIR - Study ID,96
QIICR Reporting via 3D Slicer / (null),dicom-validator,380880930b44,ERROR,Module <Multi-frame Functional Groups> (TAG) (Per-Frame Functional Groups Sequence) Tag (TAG) (Plane Position Sequence) is unexpected,96
QIICR Reporting via 3D Slicer / (null),dicom-validator,6f01abd4f319,ERROR,Module <Multi-frame Functional Groups> (TAG) (Shared Functional Groups Sequence) Tag (TAG) (Plane Orientation Sequence) is unexpected,96
QIICR Reporting via 3D Slicer / (null),dicom-validator,d0eabe730084,ERROR,Module <Multi-frame Functional Groups> (TAG) (Per-Frame Functional Groups Sequence) Tag (TAG) (Frame Content Sequence) is unexpected,96
QIICR Reporting via 3D Slicer / (null),dicom-validator,d81147d20e87,ERROR,Module <Multi-frame Functional Groups> (TAG) (Shared Functional Groups Sequence) Tag (TAG) (Pixel Measures Sequence) is unexpected,96
QIICR Reporting via 3D Slicer / (null),dicom-validator,f6bdf6ba947e,ERROR,Module <Multi-frame Functional Groups> (TAG) (Shared Functional Groups Sequence) Tag (TAG) (Segment Identification Sequence) is unexpected,96
QIICR Reporting via 3D Slicer / (null),dciodvfy,1e5af1bdbedd,Warning,Warning - Dicom dataset contains attributes not present in standard DICOM IOD - this is a Standard Extended SOP Class,93
QIICR Reporting via 3D Slicer / (null),dciodvfy,147558acc184,Warning,Warning - Attribute is not present in standard DICOM IOD - (TAG) SH Code Value,88
QIICR Reporting via 3D Slicer / (null),dciodvfy,702e93617425,Error,Error - Missing attribute Type 1 Required Element=<DeviceSerialNumber> Module=<EnhancedGeneralEquipment>,88
QIICR Reporting via 3D Slicer / (null),dciodvfy,958923375dea,Warning,Warning - Attribute is not present in standard DICOM IOD - (TAG) LO Code Meaning,88
QIICR Reporting via 3D Slicer / (null),dciodvfy,a11ed153ed0a,Error,Error - Shall not be present for Referenced SOP Class that is not multi-frame - attribute <ReferencedFrameNumber>,88
QIICR Reporting via 3D Slicer / (null),dicom-validator,484682388d5f,ERROR,Module <Multi-frame Functional Groups> (TAG) (Shared Functional Groups Sequence) Tag (TAG) (Derivation Image Sequence) is unexpected,88
QIICR Reporting via 3D Slicer / (null),dicom-validator,6a2af7ccf9a8,ERROR,Module <Enhanced General Equipment> Tag (TAG) (Device Serial Number) is missing,88
QIICR Reporting via 3D Slicer / (null),dciodvfy,64bbfd5997f6,Warning,Warning - Attribute is not present in standard DICOM IOD - (TAG) SH Coding Scheme Designator,85
QIICR Reporting via 3D Slicer / (null),dciodvfy,92c8084dd8c4,Warning,Warning - Attribute is not present in standard DICOM IOD - (TAG) SQ Performed Procedure Code Sequence,83
QIICR Reporting via 3D Slicer / (null),dicom-validator,a63680a5dfc5,ERROR,Module <General> Tag (TAG) (Performed Procedure Code Sequence) is unexpected,83
QIICR Reporting via 3D Slicer / (null),dciodvfy,0bc2f06c427e,Warning,Warning - Attribute is not present in standard DICOM IOD - (TAG) SQ Referenced Request Sequence,63
QIICR Reporting via 3D Slicer / (null),dciodvfy,2debda3e6f4b,Warning,Warning - Attribute is not present in standard DICOM IOD - (TAG) SH Requested Procedure ID,63
QIICR Reporting via 3D Slicer / (null),dciodvfy,5ca2125ab430,Warning,Warning - Attribute is not present in standard DICOM IOD - (TAG) LO Filler Order Number / Imaging Service Request,63
QIICR Reporting via 3D Slicer / (null),dciodvfy,63ddf7a76523,Warning,Warning - Attribute is not present in standard DICOM IOD - (TAG) UI Study Instance UID,63
QIICR Reporting via 3D Slicer / (null),dciodvfy,97b851c8285d,Warning,Warning - Attribute is not present in standard DICOM IOD - (TAG) SH Accession Number,63
QIICR Reporting via 3D Slicer / (null),dciodvfy,ae07adc4c247,Warning,Warning - Attribute is not present in standard DICOM IOD - (TAG) SQ Referenced Study Sequence,63
QIICR Reporting via 3D Slicer / (null),dciodvfy,be14c7bf8c8c,Warning,Warning - Attribute is not present in standard DICOM IOD - (TAG) LO Placer Order Number / Imaging Service Request,63
QIICR Reporting via 3D Slicer / (null),dciodvfy,e35f14de6da0,Warning,Warning - Attribute is not present in standard DICOM IOD - (TAG) LO Requested Procedure Description,63
QIICR Reporting via 3D Slicer / (null),dicom-validator,dc60aa55e7c1,ERROR,Module <General> Tag (TAG) (Referenced Request Sequence) is unexpected,63
QIICR Reporting via 3D Slicer / (null),dciodvfy,164b99560f17,Warning,Warning - Attribute is not present in standard DICOM IOD - (TAG) SQ Requested Procedure Code Sequence,62
QIICR Reporting via 3D Slicer / (null),dciodvfy,72bf5e06957c,Warning,Warning - Attribute is not present in standard DICOM IOD - (TAG) UI Referenced SOP Class UID,62
QIICR Reporting via 3D Slicer / (null),dciodvfy,7e16c2fc4a9d,Warning,Warning - Attribute is not present in standard DICOM IOD - (TAG) UI Referenced SOP Instance UID,62
QIICR Reporting via 3D Slicer / (null),dciodvfy,420918913223,Error,Error - Missing attribute Type 1C Conditional Element=<CodingSchemeDesignator> Module=<BasicCodeSequenceMacro>,55
QIICR Reporting via 3D Slicer / (null),dicom-validator,14b6342ba548,ERROR,Module <General Study> (TAG) (Procedure Code Sequence) Tag (TAG) (Coding Scheme Designator) is missing,55
QIICR Reporting via 3D Slicer / (null),dciodvfy,3489a48154f6,Warning,Warning - Attribute is not present in standard DICOM IOD - (TAG) SH Coding Scheme Version,21
QIICR Reporting via 3D Slicer / (null),dciodvfy,9ee22e1c2108,Warning,Warning - Unrecognized defined term <GEIIS> for value 1 of attribute <Coding Scheme Designator>,21
QIICR Reporting via 3D Slicer / (null),dciodvfy,86db13b2ad53,Error,Error - Unrecognized enumerated value <0000> for value 1 of attribute <Patient's Sex>,14
QIICR Reporting via 3D Slicer / (null),dicom-validator,76d33ea96d79,ERROR,"Module <Patient> Tag (TAG) (Patient's Sex) - enum value '0000' not allowed, allowed values: M, F, O",14
QIICR Reporting via 3D Slicer / (null),dicom-validator,f782376ec325,ERROR,Module <Multi-frame Functional Groups> (TAG) (Per-Frame Functional Groups Sequence) Tag (TAG) (Derivation Image Sequence) is unexpected,8
QIICR Reporting via 3D Slicer / (null),dciodvfy,8641588d6d21,Error,Error - Missing attribute Type 1C Conditional Element=<CodeValue> Module=<BasicCodeSequenceMacro>,7
QIICR Reporting via 3D Slicer / (null),dciodvfy,9526db7d10a8,Error,Error - Missing attribute Type 1 Required Element=<CodeMeaning> Module=<BasicCodeSequenceMacro>,7
QIICR Reporting via 3D Slicer / (null),dciodvfy,dfd5ac96d48a,Error,Error - Missing attribute Type 1C Conditional Element=<LongCodeValue> Module=<BasicCodeSequenceMacro>,7
QIICR Reporting via 3D Slicer / (null),dciodvfy,f2013c7a8c2e,Error,Error - Missing attribute Type 1C Conditional Element=<URNCodeValue> Module=<BasicCodeSequenceMacro>,7
QIICR Reporting via 3D Slicer / (null),dicom-validator,3e57553cb235,ERROR,Module <General Study> (TAG) (Procedure Code Sequence) Tag (TAG) (URN Code Value) is missing,7
QIICR Reporting via 3D Slicer / (null),dicom-validator,6c83a7f5adfe,ERROR,Module <General Study> (TAG) (Procedure Code Sequence) Tag (TAG) (Code Meaning) is missing,7
QIICR Reporting via 3D Slicer / (null),dciodvfy,90bfbde4dc15,Warning,(TAG) ? - Warning - Unrecognized tag - assuming explicit value representation OK,6
QIICR Reporting via 3D Slicer / (null),dciodvfy,0786a34e0c26,Warning,Warning - Value is zero for value 1 of attribute <Patient's Weight>,3
QIICR Reporting via 3D Slicer / (null),dciodvfy,0386dbb43351,Warning,Warning - Value dubious for this VR - (TAG) PN Patient's Name PN [1] = <R01-041> - Retired Person Name form,1
QIICR Reporting via 3D Slicer / (null),dciodvfy,052afb27b3da,Warning,Warning - Value dubious for this VR - (TAG) PN Patient's Name PN [1] = <R01-013> - Retired Person Name form,1
QIICR Reporting via 3D Slicer / (null),dciodvfy,05b953629b70,Warning,Warning - Value dubious for this VR - (TAG) PN Patient's Name PN [1] = <R01-057> - Retired Person Name form,1
QIICR Reporting via 3D Slicer / (null),dciodvfy,0cb875e5c3fb,Warning,Warning - Value dubious for this VR - (TAG) PN Patient's Name PN [1] = <R01-081> - Retired Person Name form,1
QIICR Reporting via 3D Slicer / (null),dciodvfy,0cf2c2a290df,Warning,Warning - Value dubious for this VR - (TAG) PN Patient's Name PN [1] = <R01-069> - Retired Person Name form,1
QIICR Reporting via 3D Slicer / (null),dciodvfy,0e237b8a9508,Warning,Warning - Value dubious for this VR - (TAG) PN Patient's Name PN [1] = <R01-072> - Retired Person Name form,1
QIICR Reporting via 3D Slicer / (null),dciodvfy,116fa878e53a,Warning,Warning - Value dubious for this VR - (TAG) PN Patient's Name PN [1] = <R01-056> - Retired Person Name form,1
QIICR Reporting via 3D Slicer / (null),dciodvfy,1384c2ed844c,Warning,Warning - Value dubious for this VR - (TAG) PN Patient's Name PN [1] = <R01-095> - Retired Person Name form,1
QIICR Reporting via 3D Slicer / (null),dciodvfy,144fb0c3444f,Warning,Warning - Value dubious for this VR - (TAG) PN Patient's Name PN [1] = <R01-002> - Retired Person Name form,1
QIICR Reporting via 3D Slicer / (null),dciodvfy,15d8427833c0,Warning,Warning - Value dubious for this VR - (TAG) PN Patient's Name PN [1] = <R01-028> - Retired Person Name form,1
QIICR Reporting via 3D Slicer / (null),dciodvfy,16f55e331227,Warning,Warning - Value dubious for this VR - (TAG) PN Patient's Name PN [1] = <R01-023> - Retired Person Name form,1
QIICR Reporting via 3D Slicer / (null),dciodvfy,16f7c54140ca,Warning,Warning - Value dubious for this VR - (TAG) PN Patient's Name PN [1] = <R01-083> - Retired Person Name form,1
QIICR Reporting via 3D Slicer / (null),dciodvfy,197fb1186bbf,Warning,Warning - Value dubious for this VR - (TAG) PN Patient's Name PN [1] = <R01-003> - Retired Person Name form,1
QIICR Reporting via 3D Slicer / (null),dciodvfy,1b3739c0d4b2,Warning,Warning - Value dubious for this VR - (TAG) PN Patient's Name PN [1] = <R01-073> - Retired Person Name form,1
QIICR Reporting via 3D Slicer / (null),dciodvfy,2241ef34d43a,Warning,Warning - Value dubious for this VR - (TAG) PN Patient's Name PN [1] = <R01-036> - Retired Person Name form,1
QIICR Reporting via 3D Slicer / (null),dciodvfy,23621f00ac57,Warning,Warning - Dicom dataset contains retired attributes,1
QIICR Reporting via 3D Slicer / (null),dciodvfy,285067d24208,Warning,Warning - Value dubious for this VR - (TAG) PN Patient's Name PN [1] = <R01-086> - Retired Person Name form,1
QIICR Reporting via 3D Slicer / (null),dciodvfy,2a5824a90b87,Warning,Warning - Value dubious for this VR - (TAG) PN Patient's Name PN [1] = <R01-017> - Retired Person Name form,1
QIICR Reporting via 3D Slicer / (null),dciodvfy,2cd24c21ea18,Warning,Warning - Value dubious for this VR - (TAG) PN Patient's Name PN [1] = <R01-039> - Retired Person Name form,1
QIICR Reporting via 3D Slicer / (null),dciodvfy,2ce8a71af7cf,Warning,Warning - Value dubious for this VR - (TAG) PN Patient's Name PN [1] = <R01-026> - Retired Person Name form,1
QIICR Reporting via 3D Slicer / (null),dciodvfy,2fadb976c66c,Warning,Warning - Value dubious for this VR - (TAG) PN Patient's Name PN [1] = <R01-048> - Retired Person Name form,1
QIICR Reporting via 3D Slicer / (null),dciodvfy,31a9fd5c6a98,Warning,Warning - Value dubious for this VR - (TAG) PN Patient's Name PN [1] = <R01-052> - Retired Person Name form,1
QIICR Reporting via 3D Slicer / (null),dciodvfy,36e7ca3d4997,Warning,Warning - Value dubious for this VR - (TAG) PN Patient's Name PN [1] = <R01-079> - Retired Person Name form,1
QIICR Reporting via 3D Slicer / (null),dciodvfy,389367a5616f,Warning,Warning - Value dubious for this VR - (TAG) PN Patient's Name PN [1] = <R01-085> - Retired Person Name form,1
QIICR Reporting via 3D Slicer / (null),dciodvfy,3a8686bcc59b,Warning,Warning - Value dubious for this VR - (TAG) PN Patient's Name PN [1] = <R01-097> - Retired Person Name form,1
QIICR Reporting via 3D Slicer / (null),dciodvfy,3d7a12b5812a,Warning,Warning - Value dubious for this VR - (TAG) PN Patient's Name PN [1] = <R01-043> - Retired Person Name form,1
QIICR Reporting via 3D Slicer / (null),dciodvfy,3dc59f07dba1,Warning,Warning - Value dubious for this VR - (TAG) PN Patient's Name PN [1] = <R01-049> - Retired Person Name form,1
QIICR Reporting via 3D Slicer / (null),dciodvfy,45f38cafdcff,Warning,Warning - Value dubious for this VR - (TAG) PN Patient's Name PN [1] = <R01-029> - Retired Person Name form,1
QIICR Reporting via 3D Slicer / (null),dciodvfy,4754f62dc12b,Warning,Warning - Value dubious for this VR - (TAG) PN Patient's Name PN [1] = <R01-027> - Retired Person Name form,1
QIICR Reporting via 3D Slicer / (null),dciodvfy,47eb182eea07,Warning,Warning - Value dubious for this VR - (TAG) PN Patient's Name PN [1] = <R01-001> - Retired Person Name form,1
QIICR Reporting via 3D Slicer / (null),dciodvfy,4a7c41e93c75,Warning,Warning - Value dubious for this VR - (TAG) PN Patient's Name PN [1] = <R01-034> - Retired Person Name form,1
QIICR Reporting via 3D Slicer / (null),dciodvfy,4bcc583fa8b4,Warning,Warning - Value dubious for this VR - (TAG) PN Patient's Name PN [1] = <R01-096> - Retired Person Name form,1
QIICR Reporting via 3D Slicer / (null),dciodvfy,4cae19ae9b57,Warning,Warning - Value dubious for this VR - (TAG) PN Patient's Name PN [1] = <R01-047> - Retired Person Name form,1
QIICR Reporting via 3D Slicer / (null),dciodvfy,4ff1abdee8e9,Warning,Warning - Value dubious for this VR - (TAG) PN Patient's Name PN [1] = <R01-068> - Retired Person Name form,1
QIICR Reporting via 3D Slicer / (null),dciodvfy,560733e2a732,Warning,Warning - Value dubious for this VR - (TAG) PN Patient's Name PN [1] = <R01-021> - Retired Person Name form,1
QIICR Reporting via 3D Slicer / (null),dciodvfy,5629e5a869f6,Warning,Warning - Value dubious for this VR - (TAG) PN Patient's Name PN [1] = <R01-087> - Retired Person Name form,1
QIICR Reporting via 3D Slicer / (null),dciodvfy,5bf8609dd59a,Warning,Warning - Value dubious for this VR - (TAG) PN Patient's Name PN [1] = <R01-053> - Retired Person Name form,1
QIICR Reporting via 3D Slicer / (null),dciodvfy,5f0120680242,Warning,Warning - Value dubious for this VR - (TAG) PN Patient's Name PN [1] = <R01-014> - Retired Person Name form,1
QIICR Reporting via 3D Slicer / (null),dciodvfy,5f6bd380b017,Warning,Warning - Value dubious for this VR - (TAG) PN Patient's Name PN [1] = <R01-092> - Retired Person Name form,1
QIICR Reporting via 3D Slicer / (null),dciodvfy,63c4769fd03f,Warning,Warning - Value dubious for this VR - (TAG) PN Patient's Name PN [1] = <R01-018> - Retired Person Name form,1
QIICR Reporting via 3D Slicer / (null),dciodvfy,63e47d5a59e1,Warning,Warning - Value dubious for this VR - (TAG) PN Patient's Name PN [1] = <R01-045> - Retired Person Name form,1
QIICR Reporting via 3D Slicer / (null),dciodvfy,646f0f382c00,Warning,Warning - Value dubious for this VR - (TAG) PN Patient's Name PN [1] = <R01-084> - Retired Person Name form,1
QIICR Reporting via 3D Slicer / (null),dciodvfy,659902c077dc,Warning,Warning - Value dubious for this VR - (TAG) PN Patient's Name PN [1] = <R01-038> - Retired Person Name form,1
QIICR Reporting via 3D Slicer / (null),dciodvfy,6c719600d2b7,Warning,Warning - Value dubious for this VR - (TAG) PN Patient's Name PN [1] = <R01-064> - Retired Person Name form,1
QIICR Reporting via 3D Slicer / (null),dciodvfy,7186990d8ddb,Warning,Warning - Value dubious for this VR - (TAG) PN Patient's Name PN [1] = <R01-022> - Retired Person Name form,1
QIICR Reporting via 3D Slicer / (null),dciodvfy,7603f7dcc566,Warning,Warning - Value dubious for this VR - (TAG) PN Patient's Name PN [1] = <R01-005> - Retired Person Name form,1
QIICR Reporting via 3D Slicer / (null),dciodvfy,7e816b2f34b5,Warning,Warning - Value dubious for this VR - (TAG) PN Patient's Name PN [1] = <R01-094> - Retired Person Name form,1
QIICR Reporting via 3D Slicer / (null),dciodvfy,7f27c58e66c3,Warning,Warning - Value dubious for this VR - (TAG) PN Patient's Name PN [1] = <R01-030> - Retired Person Name form,1
QIICR Reporting via 3D Slicer / (null),dciodvfy,8279650ff8af,Warning,Warning - Value dubious for this VR - (TAG) PN Patient's Name PN [1] = <R01-050> - Retired Person Name form,1
QIICR Reporting via 3D Slicer / (null),dciodvfy,830555bf3fd4,Warning,Warning - Value dubious for this VR - (TAG) PN Patient's Name PN [1] = <R01-091> - Retired Person Name form,1
QIICR Reporting via 3D Slicer / (null),dciodvfy,869573cc5afe,Warning,Warning - Retired attribute - (TAG) CS Study Status ID,1
QIICR Reporting via 3D Slicer / (null),dciodvfy,86964c6503ed,Warning,Warning - Value dubious for this VR - (TAG) PN Patient's Name PN [1] = <R01-077> - Retired Person Name form,1
QIICR Reporting via 3D Slicer / (null),dciodvfy,876381ecd625,Warning,Warning - Value dubious for this VR - (TAG) PN Patient's Name PN [1] = <R01-037> - Retired Person Name form,1
QIICR Reporting via 3D Slicer / (null),dciodvfy,879506da8330,Warning,Warning - Value dubious for this VR - (TAG) PN Patient's Name PN [1] = <R01-090> - Retired Person Name form,1
QIICR Reporting via 3D Slicer / (null),dciodvfy,8815d660596a,Warning,Warning - Value dubious for this VR - (TAG) PN Patient's Name PN [1] = <R01-075> - Retired Person Name form,1
QIICR Reporting via 3D Slicer / (null),dciodvfy,9175cc0a7566,Warning,Warning - Attribute is not present in standard DICOM IOD - (TAG) CS Study Status ID,1
QIICR Reporting via 3D Slicer / (null),dciodvfy,9783134b026d,Warning,Warning - Value dubious for this VR - (TAG) PN Patient's Name PN [1] = <R01-088> - Retired Person Name form,1
QIICR Reporting via 3D Slicer / (null),dciodvfy,98a69a1994fd,Warning,Warning - Value dubious for this VR - (TAG) PN Patient's Name PN [1] = <R01-015> - Retired Person Name form,1
QIICR Reporting via 3D Slicer / (null),dciodvfy,9b1cede52ffc,Warning,Warning - Value dubious for this VR - (TAG) PN Patient's Name PN [1] = <R01-059> - Retired Person Name form,1
QIICR Reporting via 3D Slicer / (null),dciodvfy,9d663b4e355f,Warning,Warning - Value dubious for this VR - (TAG) PN Patient's Name PN [1] = <R01-010> - Retired Person Name form,1
QIICR Reporting via 3D Slicer / (null),dciodvfy,9e243289e34f,Warning,Warning - Unrecognized defined term <LOCAL> for value 1 of attribute <Coding Scheme Designator>,1
QIICR Reporting via 3D Slicer / (null),dciodvfy,9ee6f60fb6f6,Warning,Warning - Value dubious for this VR - (TAG) PN Patient's Name PN [1] = <R01-063> - Retired Person Name form,1
QIICR Reporting via 3D Slicer / (null),dciodvfy,9f262eacfb66,Warning,Warning - Value dubious for this VR - (TAG) PN Patient's Name PN [1] = <R01-071> - Retired Person Name form,1
QIICR Reporting via 3D Slicer / (null),dciodvfy,a0dda2686047,Warning,Warning - Value dubious for this VR - (TAG) PN Patient's Name PN [1] = <R01-062> - Retired Person Name form,1
QIICR Reporting via 3D Slicer / (null),dciodvfy,a1054da04bc1,Warning,Warning - Value dubious for this VR - (TAG) PN Patient's Name PN [1] = <R01-011> - Retired Person Name form,1
QIICR Reporting via 3D Slicer / (null),dciodvfy,a846dcdb529a,Warning,Warning - Value dubious for this VR - (TAG) PN Patient's Name PN [1] = <R01-082> - Retired Person Name form,1
QIICR Reporting via 3D Slicer / (null),dciodvfy,a84d98312e5c,Warning,Warning - Value dubious for this VR - (TAG) PN Patient's Name PN [1] = <R01-032> - Retired Person Name form,1
QIICR Reporting via 3D Slicer / (null),dciodvfy,b1bc1fca767d,Warning,Warning - Value dubious for this VR - (TAG) PN Patient's Name PN [1] = <R01-080> - Retired Person Name form,1
QIICR Reporting via 3D Slicer / (null),dciodvfy,b2475b124de4,Warning,Warning - Value dubious for this VR - (TAG) PN Patient's Name PN [1] = <R01-004> - Retired Person Name form,1
QIICR Reporting via 3D Slicer / (null),dciodvfy,b39f475fff83,Warning,Warning - Value dubious for this VR - (TAG) PN Patient's Name PN [1] = <R01-074> - Retired Person Name form,1
QIICR Reporting via 3D Slicer / (null),dciodvfy,b7d533b9c6fa,Warning,Warning - Value dubious for this VR - (TAG) PN Patient's Name PN [1] = <R01-016> - Retired Person Name form,1
QIICR Reporting via 3D Slicer / (null),dciodvfy,c2bb3ba6bd89,Warning,Warning - Value dubious for this VR - (TAG) PN Patient's Name PN [1] = <R01-012> - Retired Person Name form,1
QIICR Reporting via 3D Slicer / (null),dciodvfy,c4b35bc31ef1,Warning,Warning - Value dubious for this VR - (TAG) PN Patient's Name PN [1] = <R01-066> - Retired Person Name form,1
QIICR Reporting via 3D Slicer / (null),dciodvfy,c68e4dae3983,Warning,Warning - Value dubious for this VR - (TAG) PN Patient's Name PN [1] = <R01-007> - Retired Person Name form,1
QIICR Reporting via 3D Slicer / (null),dciodvfy,c7c7881290b0,Warning,Warning - Value dubious for this VR - (TAG) PN Patient's Name PN [1] = <R01-055> - Retired Person Name form,1
QIICR Reporting via 3D Slicer / (null),dciodvfy,c85347deb29b,Warning,Warning - Value dubious for this VR - (TAG) PN Patient's Name PN [1] = <R01-070> - Retired Person Name form,1
QIICR Reporting via 3D Slicer / (null),dciodvfy,c8fa0511b34c,Warning,Warning - Value dubious for this VR - (TAG) PN Patient's Name PN [1] = <R01-020> - Retired Person Name form,1
QIICR Reporting via 3D Slicer / (null),dciodvfy,c91ac345c3b1,Warning,Warning - Attribute is not present in standard DICOM IOD - (TAG) SQ Anatomic Region Modifier Sequence,1
QIICR Reporting via 3D Slicer / (null),dciodvfy,cb4cad3a1507,Warning,Warning - Value dubious for this VR - (TAG) PN Patient's Name PN [1] = <R01-019> - Retired Person Name form,1
QIICR Reporting via 3D Slicer / (null),dciodvfy,cf4b492ae304,Warning,Warning - Value dubious for this VR - (TAG) PN Patient's Name PN [1] = <R01-044> - Retired Person Name form,1
QIICR Reporting via 3D Slicer / (null),dciodvfy,cf4c5c944868,Warning,Warning - Value dubious for this VR - (TAG) PN Patient's Name PN [1] = <R01-024> - Retired Person Name form,1
QIICR Reporting via 3D Slicer / (null),dciodvfy,d0d6be3a6fca,Warning,Warning - Value dubious for this VR - (TAG) PN Patient's Name PN [1] = <R01-008> - Retired Person Name form,1
QIICR Reporting via 3D Slicer / (null),dciodvfy,d2b1acdafbba,Warning,Warning - Value dubious for this VR - (TAG) PN Patient's Name PN [1] = <R01-051> - Retired Person Name form,1
QIICR Reporting via 3D Slicer / (null),dciodvfy,d306db4db2db,Warning,Warning - Value dubious for this VR - (TAG) PN Patient's Name PN [1] = <R01-065> - Retired Person Name form,1
QIICR Reporting via 3D Slicer / (null),dciodvfy,d31f1e5d4141,Warning,Warning - Value dubious for this VR - (TAG) PN Patient's Name PN [1] = <R01-067> - Retired Person Name form,1
QIICR Reporting via 3D Slicer / (null),dciodvfy,d40f6e9b3a2f,Warning,Warning - Value dubious for this VR - (TAG) PN Patient's Name PN [1] = <R01-040> - Retired Person Name form,1
QIICR Reporting via 3D Slicer / (null),dciodvfy,d7764901c7d9,Warning,Warning - Value dubious for this VR - (TAG) PN Patient's Name PN [1] = <R01-060> - Retired Person Name form,1
QIICR Reporting via 3D Slicer / (null),dciodvfy,d77960249973,Warning,Warning - Value dubious for this VR - (TAG) PN Patient's Name PN [1] = <R01-035> - Retired Person Name form,1
QIICR Reporting via 3D Slicer / (null),dciodvfy,dc864580cef3,Warning,Warning - Value dubious for this VR - (TAG) PN Patient's Name PN [1] = <R01-025> - Retired Person Name form,1
QIICR Reporting via 3D Slicer / (null),dciodvfy,dd8393effc97,Error,Error - SeriesInstanceUID has same value as FrameOfReferenceUID <UID>,1
QIICR Reporting via 3D Slicer / (null),dciodvfy,df04d472751c,Warning,Warning - Value dubious for this VR - (TAG) PN Patient's Name PN [1] = <R01-046> - Retired Person Name form,1
QIICR Reporting via 3D Slicer / (null),dciodvfy,e45121f9a3d2,Warning,Warning - Value dubious for this VR - (TAG) PN Patient's Name PN [1] = <R01-031> - Retired Person Name form,1
QIICR Reporting via 3D Slicer / (null),dciodvfy,e6af8d4917a2,Warning,Warning - Value dubious for this VR - (TAG) PN Patient's Name PN [1] = <R01-089> - Retired Person Name form,1
QIICR Reporting via 3D Slicer / (null),dciodvfy,ec6ca9e518ec,Warning,Warning - Value dubious for this VR - (TAG) PN Patient's Name PN [1] = <R01-076> - Retired Person Name form,1
QIICR Reporting via 3D Slicer / (null),dciodvfy,ecbe7f317c87,Warning,Warning - Value dubious for this VR - (TAG) PN Patient's Name PN [1] = <R01-078> - Retired Person Name form,1
QIICR Reporting via 3D Slicer / (null),dciodvfy,ed03a413914d,Warning,Warning - Value dubious for this VR - (TAG) PN Patient's Name PN [1] = <R01-061> - Retired Person Name form,1
QIICR Reporting via 3D Slicer / (null),dciodvfy,f3b187638428,Warning,Warning - Value dubious for this VR - (TAG) PN Patient's Name PN [1] = <R01-093> - Retired Person Name form,1
QIICR Reporting via 3D Slicer / (null),dciodvfy,f6fb14c91cc4,Warning,Warning - Value dubious for this VR - (TAG) PN Patient's Name PN [1] = <R01-054> - Retired Person Name form,1
QIICR Reporting via 3D Slicer / (null),dciodvfy,f7e20e2ce580,Warning,Warning - Value dubious for this VR - (TAG) PN Patient's Name PN [1] = <R01-006> - Retired Person Name form,1
QIICR Reporting via 3D Slicer / (null),dciodvfy,f8615e673f45,Warning,Warning - Value dubious for this VR - (TAG) PN Patient's Name PN [1] = <R01-058> - Retired Person Name form,1
QIICR Reporting via 3D Slicer / (null),dciodvfy,feebe85b3ac7,Warning,Warning - Value dubious for this VR - (TAG) PN Patient's Name PN [1] = <R01-042> - Retired Person Name form,1
QIICR Reporting via 3D Slicer / (null),dciodvfy,ffb0e88e2396,Warning,Warning - Value dubious for this VR - (TAG) PN Patient's Name PN [1] = <R01-033> - Retired Person Name form,1
QIICR Reporting via 3D Slicer / (null),dicom-validator,201d304f916f,ERROR,Module <General> Tag (TAG) (Study Status ID) is unexpected,1
QIICR Reporting via 3D Slicer / (null),dicom-validator,868c63df080c,ERROR,Module <Segmentation Image> (TAG) (Segment Sequence) / (TAG) (Segmented Property Type Code Sequence) Tag (TAG) (Anatomic Region Modifier Sequence) is unexpected,1
QIICR Reporting via 3D Slicer / qin_lungct_seg,dciodvfy,113635600c0a,Error,Error - Missing attribute Type 1C Conditional Element=<DeidentificationMethodCodeSequence> Module=<Patient>,378
QIICR Reporting via 3D Slicer / qin_lungct_seg,dciodvfy,76ab0c6981d2,Warning,Warning - CodingSchemeDesignator is deprecated - attribute <CodingSchemeDesignator> = <SRT>,378
QIICR Reporting via 3D Slicer / qin_lungct_seg,dciodvfy,7c64c7433dd5,Warning,Warning - Value dubious for this VR - (TAG) PN Content Creator's Name PN [1] = <3DSlicer> - Retired Person Name form,378
QIICR Reporting via 3D Slicer / qin_lungct_seg,dciodvfy,a11ed153ed0a,Error,Error - Shall not be present for Referenced SOP Class that is not multi-frame - attribute <ReferencedFrameNumber>,378
QIICR Reporting via 3D Slicer / qin_lungct_seg,dciodvfy,a9d5bb8768bb,Error,Error - Missing attribute Type 1C Conditional Element=<DeidentificationMethod> Module=<Patient>,378
QIICR Reporting via 3D Slicer / qin_lungct_seg,dicom-validator,380880930b44,ERROR,Module <Multi-frame Functional Groups> (TAG) (Per-Frame Functional Groups Sequence) Tag (TAG) (Plane Position Sequence) is unexpected,378
QIICR Reporting via 3D Slicer / qin_lungct_seg,dicom-validator,4236b7da7d99,ERROR,Module <Patient> Tag (TAG) (De-identification Method) is missing,378
QIICR Reporting via 3D Slicer / qin_lungct_seg,dicom-validator,484682388d5f,ERROR,Module <Multi-frame Functional Groups> (TAG) (Shared Functional Groups Sequence) Tag (TAG) (Derivation Image Sequence) is unexpected,378
QIICR Reporting via 3D Slicer / qin_lungct_seg,dicom-validator,6f01abd4f319,ERROR,Module <Multi-frame Functional Groups> (TAG) (Shared Functional Groups Sequence) Tag (TAG) (Plane Orientation Sequence) is unexpected,378
QIICR Reporting via 3D Slicer / qin_lungct_seg,dicom-validator,d0eabe730084,ERROR,Module <Multi-frame Functional Groups> (TAG) (Per-Frame Functional Groups Sequence) Tag (TAG) (Frame Content Sequence) is unexpected,378
QIICR Reporting via 3D Slicer / qin_lungct_seg,dicom-validator,d81147d20e87,ERROR,Module <Multi-frame Functional Groups> (TAG) (Shared Functional Groups Sequence) Tag (TAG) (Pixel Measures Sequence) is unexpected,378
QIICR Reporting via 3D Slicer / qin_lungct_seg,dicom-validator,e897560f8e1b,ERROR,Module <Patient> Tag (TAG) (De-identification Method Code Sequence) is missing,378
QIICR Reporting via 3D Slicer / qin_lungct_seg,dicom-validator,f6bdf6ba947e,ERROR,Module <Multi-frame Functional Groups> (TAG) (Shared Functional Groups Sequence) Tag (TAG) (Segment Identification Sequence) is unexpected,378
QIICR Reporting via 3D Slicer / qin_lungct_seg,dciodvfy,6abd0e852d78,Error,Error - Dicom dataset contains invalid data values for Value Representations,92
QIICR Reporting via 3D Slicer / qin_lungct_seg,dciodvfy,d3928270d17e,Error,Error - Value invalid for this VR - (TAG) LO Project Name LO - Trailing character invalid for this VR = '' (0),92
QIICR Reporting via 3D Slicer / qin_lungct_seg,dciodvfy,702e93617425,Error,Error - Missing attribute Type 1 Required Element=<DeviceSerialNumber> Module=<EnhancedGeneralEquipment>,90
QIICR Reporting via 3D Slicer / qin_lungct_seg,dciodvfy,815f5dab3ba7,Warning,Warning - Missing attribute or value that would be needed to build DICOMDIR - Study ID,90
QIICR Reporting via 3D Slicer / qin_lungct_seg,dicom-validator,6a2af7ccf9a8,ERROR,Module <Enhanced General Equipment> Tag (TAG) (Device Serial Number) is missing,90
QIICR Reporting via 3D Slicer / qin_lungct_seg,dciodvfy,13dcac3f2161,Warning,Warning - Value dubious for this VR - (TAG) PN Patient's Name PN [1] = <244660> - Retired Person Name form,9
QIICR Reporting via 3D Slicer / qin_lungct_seg,dciodvfy,1726b2a91c93,Warning,Warning - Value dubious for this VR - (TAG) PN Patient's Name PN [1] = <QIN-LSC-0003> - Retired Person Name form,9
QIICR Reporting via 3D Slicer / qin_lungct_seg,dciodvfy,1dd38bac358d,Warning,Warning - Value dubious for this VR - (TAG) PN Patient's Name PN [1] = <QIN-LSC-0014> - Retired Person Name form,9
QIICR Reporting via 3D Slicer / qin_lungct_seg,dciodvfy,1f9be1443f24,Warning,Warning - Value dubious for this VR - (TAG) PN Patient's Name PN [1] = <107166> - Retired Person Name form,9
QIICR Reporting via 3D Slicer / qin_lungct_seg,dciodvfy,21d3d71e7b65,Warning,Warning - Value dubious for this VR - (TAG) PN Patient's Name PN [1] = <315906> - Retired Person Name form,9
QIICR Reporting via 3D Slicer / qin_lungct_seg,dciodvfy,4ecf6197af84,Warning,Warning - Value dubious for this VR - (TAG) PN Patient's Name PN [1] = <229925> - Retired Person Name form,9
QIICR Reporting via 3D Slicer / qin_lungct_seg,dciodvfy,6c38b80dbb15,Warning,Warning - Value dubious for this VR - (TAG) PN Patient's Name PN [1] = <QIN-LSC-0088> - Retired Person Name form,9
QIICR Reporting via 3D Slicer / qin_lungct_seg,dciodvfy,700b417c1b0e,Warning,Warning - Value dubious for this VR - (TAG) PN Patient's Name PN [1] = <296698> - Retired Person Name form,9
QIICR Reporting via 3D Slicer / qin_lungct_seg,dciodvfy,768eba208839,Warning,Warning - Value dubious for this VR - (TAG) PN Patient's Name PN [1] = <200320> - Retired Person Name form,9
QIICR Reporting via 3D Slicer / qin_lungct_seg,dciodvfy,795d9a9c3174,Warning,Warning - Value dubious for this VR - (TAG) PN Patient's Name PN [1] = <269755> - Retired Person Name form,9
QIICR Reporting via 3D Slicer / qin_lungct_seg,dciodvfy,9003826dca02,Warning,Warning - Value dubious for this VR - (TAG) PN Patient's Name PN [1] = <243509> - Retired Person Name form,9
QIICR Reporting via 3D Slicer / qin_lungct_seg,dciodvfy,945a6362ed03,Warning,Warning - Value dubious for this VR - (TAG) PN Patient's Name PN [1] = <QIN-LSC-0028> - Retired Person Name form,9
QIICR Reporting via 3D Slicer / qin_lungct_seg,dciodvfy,976d963340b2,Warning,Warning - Value dubious for this VR - (TAG) PN Patient's Name PN [1] = <QIN-LSC-0064> - Retired Person Name form,9
QIICR Reporting via 3D Slicer / qin_lungct_seg,dciodvfy,9a0e6481d095,Warning,Warning - Value dubious for this VR - (TAG) PN Patient's Name PN [1] = <QIN-LSC-0055> - Retired Person Name form,9
QIICR Reporting via 3D Slicer / qin_lungct_seg,dciodvfy,a7be36ffca2e,Warning,Warning - Value dubious for this VR - (TAG) PN Patient's Name PN [1] = <QIN-LSC-0049> - Retired Person Name form,9
QIICR Reporting via 3D Slicer / qin_lungct_seg,dciodvfy,c4e35fe9ef3f,Warning,Warning - Value dubious for this VR - (TAG) PN Patient's Name PN [1] = <QIN-LUNG-01-0013> - Retired Person Name form,9
QIICR Reporting via 3D Slicer / qin_lungct_seg,dciodvfy,dd83dbf18979,Warning,Warning - Value dubious for this VR - (TAG) PN Patient's Name PN [1] = <130094> - Retired Person Name form,9
QIICR Reporting via 3D Slicer / qin_lungct_seg,dciodvfy,ddd057e3f4bd,Warning,Warning - Value dubious for this VR - (TAG) PN Patient's Name PN [1] = <231091> - Retired Person Name form,9
QIICR Reporting via 3D Slicer / qin_lungct_seg,dciodvfy,f8dc0c3bbd7b,Warning,Warning - Value dubious for this VR - (TAG) PN Patient's Name PN [1] = <QIN-LSC-0009> - Retired Person Name form,9
QIICR Reporting via 3D Slicer / qin_lungct_seg,dciodvfy,fa109b7cb967,Warning,Warning - Value dubious for this VR - (TAG) PN Patient's Name PN [1] = <QIN-LUNG-01-0007> - Retired Person Name form,9
dcmqi / (null),dicom-validator,380880930b44,ERROR,Module <Multi-frame Functional Groups> (TAG) (Per-Frame Functional Groups Sequence) Tag (TAG) (Plane Position Sequence) is unexpected,384
dcmqi / (null),dicom-validator,6f01abd4f319,ERROR,Module <Multi-frame Functional Groups> (TAG) (Shared Functional Groups Sequence) Tag (TAG) (Plane Orientation Sequence) is unexpected,384
dcmqi / (null),dicom-validator,972394b5bb82,ERROR,Module <Multi-frame Functional Groups> (TAG) (Per-Frame Functional Groups Sequence) Tag (TAG) (Segment Identification Sequence) is unexpected,384
dcmqi / (null),dicom-validator,d0eabe730084,ERROR,Module <Multi-frame Functional Groups> (TAG) (Per-Frame Functional Groups Sequence) Tag (TAG) (Frame Content Sequence) is unexpected,384
dcmqi / (null),dicom-validator,d81147d20e87,ERROR,Module <Multi-frame Functional Groups> (TAG) (Shared Functional Groups Sequence) Tag (TAG) (Pixel Measures Sequence) is unexpected,384
dcmqi / (null),dciodvfy,815f5dab3ba7,Warning,Warning - Missing attribute or value that would be needed to build DICOMDIR - Study ID,335
dcmqi / (null),dicom-validator,f782376ec325,ERROR,Module <Multi-frame Functional Groups> (TAG) (Per-Frame Functional Groups Sequence) Tag (TAG) (Derivation Image Sequence) is unexpected,325
dcmqi / (null),dciodvfy,c3b594f8706b,Error,Error - Empty attribute (no value) Type 1 Required Element=<DeviceSerialNumber> Module=<EnhancedGeneralEquipment>,87
dcmqi / (null),dicom-validator,809191a1e767,ERROR,Module <Enhanced General Equipment> Tag (TAG) (Device Serial Number) is empty,87
dcmqi / (null),dciodvfy,702e93617425,Error,Error - Missing attribute Type 1 Required Element=<DeviceSerialNumber> Module=<EnhancedGeneralEquipment>,83
dcmqi / (null),dicom-validator,6a2af7ccf9a8,ERROR,Module <Enhanced General Equipment> Tag (TAG) (Device Serial Number) is missing,83
dcmqi / (null),dciodvfy,1e5af1bdbedd,Warning,Warning - Dicom dataset contains attributes not present in standard DICOM IOD - this is a Standard Extended SOP Class,80
dcmqi / (null),dciodvfy,3392004d1c4a,Warning,Warning - Attribute is not present in standard DICOM IOD - (TAG) CS Longitudinal Temporal Event Type,80
dcmqi / (null),dciodvfy,f3c880eb73b5,Warning,Warning - Attribute is not present in standard DICOM IOD - (TAG) FD Longitudinal Temporal Offset from Event,80
dcmqi / (null),dicom-validator,903f6868e738,ERROR,Module <Clinical Trial Study> Tag (TAG) (Clinical Trial Time Point ID) is missing,80
dcmqi / (null),dciodvfy,639ee92f3dbb,Warning,Warning - Value dubious for this VR - (TAG) PN Content Creator's Name PN [1] = <Lung1CollectionOwner> - Retired Person Name form,72
dcmqi / (null),dciodvfy,9ee22e1c2108,Warning,Warning - Unrecognized defined term <GEIIS> for value 1 of attribute <Coding Scheme Designator>,72
dcmqi / (null),dciodvfy,4a71864409dc,Warning,Warning - Missing attribute or value that would be needed to build DICOMDIR - Study Time,58
dcmqi / (null),dciodvfy,74637eecf0ac,Warning,Warning - Value dubious for this VR - (TAG) PN Content Creator's Name PN [1] = <Reader1> - Retired Person Name form,54
dcmqi / (null),dciodvfy,118058dbf0cc,Error,"Error - Illegal root for UID - ""VAL"" in (TAG) Frame of Reference UID",26
dcmqi / (null),dciodvfy,3f7c3ec8057b,Error,"Error - Illegal root for UID - ""VAL"" in (TAG) Referenced SOP Instance UID",26
dcmqi / (null),dciodvfy,4f1c684b72ff,Warning,Warning - Value dubious for this VR - (TAG) PN Content Creator's Name PN [1] = <Imaging Data Commons> - Retired Person Name form,26
dcmqi / (null),dciodvfy,72c4c7bc2789,Error,"Error - Illegal root for UID - ""VAL"" in (TAG) Study Instance UID",26
dcmqi / (null),dciodvfy,d327f4a0ad5e,Error,"Error - Illegal root for UID - ""VAL"" in (TAG) Series Instance UID",26
dcmqi / (null),dciodvfy,d3d7899abb98,Error,Error - Missing attribute Type 1C Conditional Element=<LongitudinalTemporalEventType> Module=<ClinicalTrialStudy>,17
dcmqi / (null),dicom-validator,bbd4d60c8b57,ERROR,Module <Clinical Trial Study> Tag (TAG) (Longitudinal Temporal Event Type) is missing,17
dcmqi / (null),dciodvfy,76ab0c6981d2,Warning,Warning - CodingSchemeDesignator is deprecated - attribute <CodingSchemeDesignator> = <SRT>,12
dcmqi / (null),dciodvfy,186091ca3dd3,Warning,Warning - Value dubious for this VR - (TAG) PN Content Creator's Name PN [1] = <Reader01> - Retired Person Name form,8
dcmqi / (null),dciodvfy,d68304b0fdb7,Error,Error - Empty attribute (no value) Type 1C Conditional Element=<CodeValue> Module=<BasicCodeSequenceMacro>,8
dcmqi / (null),dicom-validator,f0177f68b579,ERROR,Module <General Study> (TAG) (Procedure Code Sequence) Tag (TAG) (Code Value) is empty,8
dcmqi / (null),dciodvfy,0786a34e0c26,Warning,Warning - Value is zero for value 1 of attribute <Patient's Weight>,6
dcmqi / (null),dciodvfy,0507257941dd,Warning,Warning - Value is zero for value 1 of attribute <Patient's Size>,5
dcmqi / (null),dciodvfy,5c6382ca45ae,Error,Error - Missing attribute Type 1C Conditional Element=<SegmentAlgorithmName> Module=<SegmentationImage>,4
dcmqi / (null),dciodvfy,96f489af6c44,Error,Error - Attribute present when condition unsatisfied (which may not be present otherwise) Type 1C Conditional Element=<SegmentAlgorithmName> Module=<SegmentationImage>,4
dcmqi / (null),dciodvfy,a5e39d1ea655,Warning,Warning - Value dubious for this VR - (TAG) PN Content Creator's Name PN [1] = <InterobsCollectionOwner> - Retired Person Name form,4
dcmqi / (null),dicom-validator,731bcebe3947,ERROR,Module <Segmentation Image> (TAG) (Segment Sequence) Tag (TAG) (Segment Algorithm Name) is missing,4
dcmqi / (null),dciodvfy,6e8b03e02c20,Warning,Warning - Value dubious for this VR - (TAG) PN Patient's Name PN [1] = <ReMIND-107> - Retired Person Name form,3
dcmqi / (null),dciodvfy,91aecb7f5c61,Warning,Warning - Value dubious for this VR - (TAG) PN Patient's Name PN [1] = <ReMIND-097> - Retired Person Name form,3
dcmqi / (null),dciodvfy,c5cf6fda5fa1,Warning,Warning - Value dubious for this VR - (TAG) PN Patient's Name PN [1] = <ReMIND-102> - Retired Person Name form,3
dcmqi / (null),dciodvfy,065ddfaefe5a,Warning,Warning - Value dubious for this VR - (TAG) PN Patient's Name PN [1] = <PCAMPMRI-00001> - Retired Person Name form,2
dcmqi / (null),dciodvfy,08d93005d81e,Warning,Warning - Value dubious for this VR - (TAG) PN Patient's Name PN [1] = <ReMIND-021> - Retired Person Name form,2
dcmqi / (null),dciodvfy,51542546b2c8,Warning,Warning - Value dubious for this VR - (TAG) PN Patient's Name PN [1] = <PCAMPMRI-00004> - Retired Person Name form,2
dcmqi / (null),dciodvfy,54a5accfb88b,Warning,Warning - Value dubious for this VR - (TAG) PN Patient's Name PN [1] = <ReMIND-066> - Retired Person Name form,2
dcmqi / (null),dciodvfy,6aa6a16fd083,Warning,Warning - Value dubious for this VR - (TAG) PN Patient's Name PN [1] = <ReMIND-009> - Retired Person Name form,2
dcmqi / (null),dciodvfy,8c4d80283d17,Warning,Warning - Value dubious for this VR - (TAG) PN Patient's Name PN [1] = <ReMIND-086> - Retired Person Name form,2
dcmqi / (null),dciodvfy,9aee397e9f1b,Warning,Warning - Value dubious for this VR - (TAG) PN Patient's Name PN [1] = <ReMIND-108> - Retired Person Name form,2
dcmqi / (null),dciodvfy,ab0e5b0df033,Warning,Warning - Value dubious for this VR - (TAG) PN Patient's Name PN [1] = <ReMIND-019> - Retired Person Name form,2
dcmqi / (null),dciodvfy,c25def766d3b,Warning,Warning - Value dubious for this VR - (TAG) PN Patient's Name PN [1] = <PCAMPMRI-00015> - Retired Person Name form,2
dcmqi / (null),dciodvfy,c4b627263157,Warning,Warning - Value dubious for this VR - (TAG) PN Patient's Name PN [1] = <ReMIND-075> - Retired Person Name form,2
dcmqi / (null),dciodvfy,cb2f3774dc4c,Warning,Warning - Value dubious for this VR - (TAG) PN Patient's Name PN [1] = <Myel_080> - Retired Person Name form,2
dcmqi / (null),dciodvfy,f5051d37efb5,Warning,Warning - Value dubious for this VR - (TAG) PN Patient's Name PN [1] = <ReMIND-092> - Retired Person Name form,2
dcmqi / (null),dciodvfy,f71f7e6c10a7,Warning,Warning - Value dubious for this VR - (TAG) PN Patient's Name PN [1] = <ReMIND-054> - Retired Person Name form,2
dcmqi / (null),dciodvfy,0053e6b434d3,Warning,Warning - Value dubious for this VR - (TAG) PN Patient's Name PN [1] = <MED_LYMPH_055> - Retired Person Name form,1
dcmqi / (null),dciodvfy,0111d5741bbc,Warning,Warning - Value dubious for this VR - (TAG) PN Patient's Name PN [1] = <ReMIND-067> - Retired Person Name form,1
dcmqi / (null),dciodvfy,03001a9be1a0,Warning,Warning - Value dubious for this VR - (TAG) PN Patient's Name PN [1] = <Breast_MRI_243> - Retired Person Name form,1
dcmqi / (null),dciodvfy,037b700e58dd,Warning,Warning - Value dubious for this VR - (TAG) PN Patient's Name PN [1] = <case_0193> - Retired Person Name form,1
dcmqi / (null),dciodvfy,03f4ac311700,Warning,Warning - Value dubious for this VR - (TAG) PN Patient's Name PN [1] = <case_0191> - Retired Person Name form,1
dcmqi / (null),dciodvfy,0436eef31112,Warning,Warning - Value dubious for this VR - (TAG) PN Patient's Name PN [1] = <AMBL-621> - Retired Person Name form,1
dcmqi / (null),dciodvfy,04caa3cabb64,Warning,Warning - Value dubious for this VR - (TAG) PN Patient's Name PN [1] = <CRLM-CT-1156> - Retired Person Name form,1
dcmqi / (null),dciodvfy,0565e92c49f1,Warning,Warning - Value dubious for this VR - (TAG) PN Patient's Name PN [1] = <LUNG1-182> - Retired Person Name form,1
dcmqi / (null),dciodvfy,07217d8f4df6,Warning,Warning - Value dubious for this VR - (TAG) PN Patient's Name PN [1] = <case_0171> - Retired Person Name form,1
dcmqi / (null),dciodvfy,0759ce8ba0b3,Warning,Warning - Value dubious for this VR - (TAG) PN Patient's Name PN [1] = <Breast_MRI_350> - Retired Person Name form,1
dcmqi / (null),dciodvfy,07a7edfffc7c,Warning,Warning - Value dubious for this VR - (TAG) PN Patient's Name PN [1] = <LUNG1-202> - Retired Person Name form,1
dcmqi / (null),dciodvfy,090cff1b0bef,Warning,Warning - Value dubious for this VR - (TAG) PN Patient's Name PN [1] = <LUNG1-043> - Retired Person Name form,1
dcmqi / (null),dciodvfy,0a1090a6d134,Warning,Warning - Value dubious for this VR - (TAG) PN Patient's Name PN [1] = <case_0317> - Retired Person Name form,1
dcmqi / (null),dciodvfy,0a2e51c3fcdb,Warning,Warning - Value dubious for this VR - (TAG) PN Patient's Name PN [1] = <PCAMPMRI-00009> - Retired Person Name form,1
dcmqi / (null),dciodvfy,0add1ccc4649,Warning,Warning - Value dubious for this VR - (TAG) PN Patient's Name PN [1] = <LUNG1-123> - Retired Person Name form,1
dcmqi / (null),dciodvfy,0bdee0c9968e,Warning,Warning - Value dubious for this VR - (TAG) PN Patient's Name PN [1] = <13800> - Retired Person Name form,1
dcmqi / (null),dciodvfy,0cc6bdad5c05,Warning,Warning - Value dubious for this VR - (TAG) PN Patient's Name PN [1] = <PCAMPMRI-00006> - Retired Person Name form,1
dcmqi / (null),dciodvfy,0d7b9b1ce234,Warning,Warning - Value dubious for this VR - (TAG) PN Patient's Name PN [1] = <CRLM-CT-1038> - Retired Person Name form,1
dcmqi / (null),dciodvfy,0daac31bdcfd,Warning,Warning - Value dubious for this VR - (TAG) PN Patient's Name PN [1] = <LUNG1-149> - Retired Person Name form,1
dcmqi / (null),dciodvfy,0f65dd11058d,Warning,Warning - Value dubious for this VR - (TAG) PN Patient's Name PN [1] = <case_0506> - Retired Person Name form,1
dcmqi / (null),dciodvfy,0f9fa4d1053d,Warning,Warning - Value dubious for this VR - (TAG) PN Patient's Name PN [1] = <CRLM-CT-1094> - Retired Person Name form,1
dcmqi / (null),dciodvfy,10ded557c8dd,Warning,Warning - Value dubious for this VR - (TAG) PN Patient's Name PN [1] = <case_1077> - Retired Person Name form,1
dcmqi / (null),dciodvfy,10e2f23bfa19,Warning,Warning - Value dubious for this VR - (TAG) PN Patient's Name PN [1] = <ReMIND-068> - Retired Person Name form,1
dcmqi / (null),dciodvfy,11702598d03b,Warning,Warning - Value dubious for this VR - (TAG) PN Patient's Name PN [1] = <HCC_004> - Retired Person Name form,1
dcmqi / (null),dciodvfy,11c1b5010035,Warning,Warning - Value dubious for this VR - (TAG) PN Patient's Name PN [1] = <LUNG1-020> - Retired Person Name form,1
dcmqi / (null),dciodvfy,11eb2bf70bfb,Warning,Warning - Value dubious for this VR - (TAG) PN Patient's Name PN [1] = <Adrenal_Ki67_Seg_030> - Retired Person Name form,1
dcmqi / (null),dciodvfy,11f78314a9c8,Warning,Warning - Value dubious for this VR - (TAG) PN Patient's Name PN [1] = <MED_LYMPH_034> - Retired Person Name form,1
dcmqi / (null),dciodvfy,120421204836,Warning,Warning - Value dubious for this VR - (TAG) PN Patient's Name PN [1] = <HCC_043> - Retired Person Name form,1
dcmqi / (null),dciodvfy,1213795b3595,Warning,Warning - Value dubious for this VR - (TAG) PN Patient's Name PN [1] = <ReMIND-093> - Retired Person Name form,1
dcmqi / (null),dciodvfy,12e6ab8e5113,Warning,Warning - Value dubious for this VR - (TAG) PN Patient's Name PN [1] = <LUNG1-062> - Retired Person Name form,1
dcmqi / (null),dciodvfy,12faf63f3f3e,Warning,Warning - Value dubious for this VR - (TAG) PN Patient's Name PN [1] = <LUNG1-048> - Retired Person Name form,1
dcmqi / (null),dciodvfy,13ead3cb66d0,Warning,Warning - Value dubious for this VR - (TAG) PN Patient's Name PN [1] = <case_0495> - Retired Person Name form,1
dcmqi / (null),dciodvfy,13f5a4e374da,Warning,Warning - Value dubious for this VR - (TAG) PN Patient's Name PN [1] = <ABD_LYMPH_063> - Retired Person Name form,1
dcmqi / (null),dciodvfy,15573329805b,Warning,Warning - Value dubious for this VR - (TAG) PN Patient's Name PN [1] = <CRLM-CT-1173> - Retired Person Name form,1
dcmqi / (null),dciodvfy,1571fb958758,Warning,Warning - Value dubious for this VR - (TAG) PN Patient's Name PN [1] = <case_0468> - Retired Person Name form,1
dcmqi / (null),dciodvfy,171cb1097911,Warning,Warning - Value dubious for this VR - (TAG) PN Patient's Name PN [1] = <Myel_001> - Retired Person Name form,1
dcmqi / (null),dciodvfy,18ccdab732f4,Warning,Warning - Value dubious for this VR - (TAG) PN Patient's Name PN [1] = <LUNG1-023> - Retired Person Name form,1
dcmqi / (null),dciodvfy,19a527a3a7b5,Warning,Warning - Value dubious for this VR - (TAG) PN Patient's Name PN [1] = <ABD_LYMPH_077> - Retired Person Name form,1
dcmqi / (null),dciodvfy,19b3ecc51784,Warning,Warning - Value dubious for this VR - (TAG) PN Patient's Name PN [1] = <case_0129> - Retired Person Name form,1
dcmqi / (null),dciodvfy,1a3dd1dad856,Warning,Warning - Value dubious for this VR - (TAG) PN Patient's Name PN [1] = <case_0034> - Retired Person Name form,1
dcmqi / (null),dciodvfy,1a6af94cd5c7,Warning,Warning - Value dubious for this VR - (TAG) PN Patient's Name PN [1] = <case_0039> - Retired Person Name form,1
dcmqi / (null),dciodvfy,1ada6f98e5db,Warning,Warning - Value dubious for this VR - (TAG) PN Patient's Name PN [1] = <LUNG1-142> - Retired Person Name form,1
dcmqi / (null),dciodvfy,1d4fb8c61adb,Warning,Warning - Value dubious for this VR - (TAG) PN Patient's Name PN [1] = <Breast_MRI_008> - Retired Person Name form,1
dcmqi / (null),dciodvfy,1e1cb09463ac,Warning,Warning - Value dubious for this VR - (TAG) PN Patient's Name PN [1] = <case_0240> - Retired Person Name form,1
dcmqi / (null),dciodvfy,1e4a12f7713b,Warning,Warning - Value dubious for this VR - (TAG) PN Patient's Name PN [1] = <LUNG1-419> - Retired Person Name form,1
dcmqi / (null),dciodvfy,1fac39177dce,Warning,Warning - Value dubious for this VR - (TAG) PN Patient's Name PN [1] = <Myel_027> - Retired Person Name form,1
dcmqi / (null),dciodvfy,208121e0ec87,Warning,Warning - Value dubious for this VR - (TAG) PN Patient's Name PN [1] = <AMBL-600> - Retired Person Name form,1
dcmqi / (null),dciodvfy,20a565234f97,Warning,Warning - Value dubious for this VR - (TAG) PN Patient's Name PN [1] = <LUNG1-236> - Retired Person Name form,1
dcmqi / (null),dciodvfy,210100e3eb0b,Warning,Warning - Value dubious for this VR - (TAG) PN Patient's Name PN [1] = <case_0831> - Retired Person Name form,1
dcmqi / (null),dciodvfy,2260e09ab62e,Warning,Warning - Value dubious for this VR - (TAG) PN Patient's Name PN [1] = <Breast_MRI_233> - Retired Person Name form,1
dcmqi / (null),dciodvfy,23a89dba8eb3,Warning,Warning - Value dubious for this VR - (TAG) PN Patient's Name PN [1] = <LUNG1-157> - Retired Person Name form,1
dcmqi / (null),dciodvfy,2477c70cd70f,Warning,Warning - Value dubious for this VR - (TAG) PN Patient's Name PN [1] = <12196> - Retired Person Name form,1
dcmqi / (null),dciodvfy,247ac333db71,Warning,Warning - Value dubious for this VR - (TAG) PN Patient's Name PN [1] = <case_1082> - Retired Person Name form,1
dcmqi / (null),dciodvfy,254a01af2d7d,Warning,Warning - Value dubious for this VR - (TAG) PN Patient's Name PN [1] = <LUNG1-047> - Retired Person Name form,1
dcmqi / (null),dciodvfy,26062d9ce28e,Warning,Warning - Value dubious for this VR - (TAG) PN Patient's Name PN [1] = <ReMIND-047> - Retired Person Name form,1
dcmqi / (null),dciodvfy,27754e7a8643,Warning,Warning - Value dubious for this VR - (TAG) PN Patient's Name PN [1] = <interobs18> - Retired Person Name form,1
dcmqi / (null),dciodvfy,292c922ffee7,Warning,Warning - Value dubious for this VR - (TAG) PN Patient's Name PN [1] = <ReMIND-074> - Retired Person Name form,1
dcmqi / (null),dciodvfy,29e7fe19b0d8,Warning,Warning - Value dubious for this VR - (TAG) PN Patient's Name PN [1] = <ReMIND-035> - Retired Person Name form,1
dcmqi / (null),dciodvfy,2a03107c6817,Warning,Warning - Value dubious for this VR - (TAG) PN Patient's Name PN [1] = <AMBL-010> - Retired Person Name form,1
dcmqi / (null),dciodvfy,2a4b4d6d2712,Warning,Warning - Value dubious for this VR - (TAG) PN Patient's Name PN [1] = <AMBL-582> - Retired Person Name form,1
dcmqi / (null),dciodvfy,2b8e74946b1d,Warning,Warning - Value dubious for this VR - (TAG) PN Patient's Name PN [1] = <LUNG1-163> - Retired Person Name form,1
dcmqi / (null),dciodvfy,2caa9a5923d8,Warning,Warning - Value dubious for this VR - (TAG) PN Patient's Name PN [1] = <LUNG1-245> - Retired Person Name form,1
dcmqi / (null),dciodvfy,2d21005934d6,Warning,Warning - Value dubious for this VR - (TAG) PN Patient's Name PN [1] = <Breast_MRI_886> - Retired Person Name form,1
dcmqi / (null),dciodvfy,2eb73b12b09e,Warning,Warning - Value dubious for this VR - (TAG) PN Patient's Name PN [1] = <LUNG1-135> - Retired Person Name form,1
dcmqi / (null),dciodvfy,2f4b38dba48b,Warning,Warning - Value dubious for this VR - (TAG) PN Patient's Name PN [1] = <LUNG1-266> - Retired Person Name form,1
dcmqi / (null),dciodvfy,2fb881c053b3,Warning,Warning - Value dubious for this VR - (TAG) PN Patient's Name PN [1] = <case_0558> - Retired Person Name form,1
dcmqi / (null),dciodvfy,312f65a2cef2,Warning,Warning - Value dubious for this VR - (TAG) PN Patient's Name PN [1] = <case_0784> - Retired Person Name form,1
dcmqi / (null),dciodvfy,3243ec44cebd,Warning,Warning - Value dubious for this VR - (TAG) PN Patient's Name PN [1] = <case_0149> - Retired Person Name form,1
dcmqi / (null),dciodvfy,329188e72be3,Warning,Warning - Value dubious for this VR - (TAG) PN Patient's Name PN [1] = <14434> - Retired Person Name form,1
dcmqi / (null),dciodvfy,336fd3b36225,Warning,Warning - Value dubious for this VR - (TAG) PN Patient's Name PN [1] = <LUNG1-107> - Retired Person Name form,1
dcmqi / (null),dciodvfy,337b8f12de07,Warning,Warning - Value dubious for this VR - (TAG) PN Patient's Name PN [1] = <LUNG1-101> - Retired Person Name form,1
dcmqi / (null),dciodvfy,342581453a9c,Warning,Warning - Value dubious for this VR - (TAG) PN Patient's Name PN [1] = <AMBL-587> - Retired Person Name form,1
dcmqi / (null),dciodvfy,35c78652f62c,Warning,Warning - Value dubious for this VR - (TAG) PN Patient's Name PN [1] = <LUNG1-188> - Retired Person Name form,1
dcmqi / (null),dciodvfy,35fd0ddcafde,Warning,Warning - Value dubious for this VR - (TAG) PN Patient's Name PN [1] = <case_0160> - Retired Person Name form,1
dcmqi / (null),dciodvfy,365432acf4b8,Warning,Warning - Value dubious for this VR - (TAG) PN Patient's Name PN [1] = <LUNG1-210> - Retired Person Name form,1
dcmqi / (null),dciodvfy,36544cbf3fd3,Warning,Warning - Value dubious for this VR - (TAG) PN Patient's Name PN [1] = <case_0446> - Retired Person Name form,1
dcmqi / (null),dciodvfy,36a45248f1de,Warning,Warning - Value dubious for this VR - (TAG) PN Patient's Name PN [1] = <Myel_012_a> - Retired Person Name form,1
dcmqi / (null),dciodvfy,378fa6e63b6b,Warning,Warning - Value dubious for this VR - (TAG) PN Patient's Name PN [1] = <AMBL-596> - Retired Person Name form,1
dcmqi / (null),dciodvfy,394d03044c2d,Warning,Warning - Value dubious for this VR - (TAG) PN Patient's Name PN [1] = <Breast_MRI_020> - Retired Person Name form,1
dcmqi / (null),dciodvfy,395e876c5701,Warning,Warning - Value dubious for this VR - (TAG) PN Patient's Name PN [1] = <LUNG1-006> - Retired Person Name form,1
dcmqi / (null),dciodvfy,3967c749d513,Warning,Warning - Value dubious for this VR - (TAG) PN Patient's Name PN [1] = <CRLM-CT-1082> - Retired Person Name form,1
dcmqi / (null),dciodvfy,3b3cb02a8fed,Warning,Warning - Value dubious for this VR - (TAG) PN Patient's Name PN [1] = <HCC_021> - Retired Person Name form,1
dcmqi / (null),dciodvfy,3b4b1a940d04,Warning,Warning - Value dubious for this VR - (TAG) PN Patient's Name PN [1] = <LUNG1-365> - Retired Person Name form,1
dcmqi / (null),dciodvfy,3b853df3d812,Warning,Warning - Value dubious for this VR - (TAG) PN Patient's Name PN [1] = <Breast_MRI_876> - Retired Person Name form,1
dcmqi / (null),dciodvfy,3c76c64d1478,Warning,Warning - Value dubious for this VR - (TAG) PN Patient's Name PN [1] = <Myel_052_b> - Retired Person Name form,1
dcmqi / (null),dciodvfy,3cba7932840b,Warning,Warning - Value dubious for this VR - (TAG) PN Patient's Name PN [1] = <ABD_LYMPH_027> - Retired Person Name form,1
dcmqi / (null),dciodvfy,3ec3c9f6abca,Warning,Warning - Value dubious for this VR - (TAG) PN Patient's Name PN [1] = <CRLM-CT-1150> - Retired Person Name form,1
dcmqi / (null),dciodvfy,40519c9f9ba1,Warning,Warning - Value dubious for this VR - (TAG) PN Patient's Name PN [1] = <case_0667> - Retired Person Name form,1
dcmqi / (null),dciodvfy,40ae65425f2e,Warning,Warning - Value dubious for this VR - (TAG) PN Patient's Name PN [1] = <HCC_011> - Retired Person Name form,1
dcmqi / (null),dciodvfy,40be900f1a68,Warning,Warning - Value dubious for this VR - (TAG) PN Patient's Name PN [1] = <case_0177> - Retired Person Name form,1
dcmqi / (null),dciodvfy,410ce782e91c,Warning,Warning - Value dubious for this VR - (TAG) PN Patient's Name PN [1] = <Myel_004> - Retired Person Name form,1
dcmqi / (null),dciodvfy,415440aafac2,Warning,Warning - Value dubious for this VR - (TAG) PN Patient's Name PN [1] = <ABD_LYMPH_012> - Retired Person Name form,1
dcmqi / (null),dciodvfy,419659d152ac,Warning,Warning - Value dubious for this VR - (TAG) PN Patient's Name PN [1] = <LUNG1-318> - Retired Person Name form,1
dcmqi / (null),dciodvfy,4227b06afc0b,Warning,Warning - Value dubious for this VR - (TAG) PN Patient's Name PN [1] = <Myel_048> - Retired Person Name form,1
dcmqi / (null),dciodvfy,42e4abbffc50,Warning,Warning - Value dubious for this VR - (TAG) PN Patient's Name PN [1] = <MED_LYMPH_003> - Retired Person Name form,1
dcmqi / (null),dciodvfy,42f8ea527e34,Warning,Warning - Value dubious for this VR - (TAG) PN Patient's Name PN [1] = <case_0854> - Retired Person Name form,1
dcmqi / (null),dciodvfy,4302878293ae,Warning,Warning - Value dubious for this VR - (TAG) PN Patient's Name PN [1] = <ReMIND-072> - Retired Person Name form,1
dcmqi / (null),dciodvfy,430fcdde3055,Warning,Warning - Value dubious for this VR - (TAG) PN Patient's Name PN [1] = <case_0318> - Retired Person Name form,1
dcmqi / (null),dciodvfy,432e48812418,Warning,Warning - Value dubious for this VR - (TAG) PN Patient's Name PN [1] = <CRLM-CT-1166> - Retired Person Name form,1
dcmqi / (null),dciodvfy,44aacffa6da3,Warning,Warning - Value dubious for this VR - (TAG) PN Patient's Name PN [1] = <case_0243> - Retired Person Name form,1
dcmqi / (null),dciodvfy,45f07b4e19ae,Warning,Warning - Value dubious for this VR - (TAG) PN Patient's Name PN [1] = <LUNG1-300> - Retired Person Name form,1
dcmqi / (null),dciodvfy,46769c656c56,Warning,Warning - Value dubious for this VR - (TAG) PN Patient's Name PN [1] = <HCC_059> - Retired Person Name form,1
dcmqi / (null),dciodvfy,467da42fdc9b,Warning,Warning - Value dubious for this VR - (TAG) PN Patient's Name PN [1] = <LUNG1-335> - Retired Person Name form,1
dcmqi / (null),dciodvfy,4756d28bcc73,Warning,Warning - Value dubious for this VR - (TAG) PN Patient's Name PN [1] = <LUNG1-025> - Retired Person Name form,1
dcmqi / (null),dciodvfy,47a23b6ad048,Warning,Warning - Value dubious for this VR - (TAG) PN Patient's Name PN [1] = <LUNG1-327> - Retired Person Name form,1
dcmqi / (null),dciodvfy,48dca2c87515,Warning,Warning - Value dubious for this VR - (TAG) PN Patient's Name PN [1] = <Breast_MRI_092> - Retired Person Name form,1
dcmqi / (null),dciodvfy,494d07863ce8,Warning,Warning - Value dubious for this VR - (TAG) PN Patient's Name PN [1] = <case_0364> - Retired Person Name form,1
dcmqi / (null),dciodvfy,495717a214d9,Warning,Warning - Value dubious for this VR - (TAG) PN Patient's Name PN [1] = <Breast_MRI_711> - Retired Person Name form,1
dcmqi / (null),dciodvfy,4ac257ffe813,Warning,Warning - Value dubious for this VR - (TAG) PN Patient's Name PN [1] = <AMBL-622> - Retired Person Name form,1
dcmqi / (null),dciodvfy,4b9caf9be277,Warning,Warning - Value dubious for this VR - (TAG) PN Patient's Name PN [1] = <case_1003> - Retired Person Name form,1
dcmqi / (null),dciodvfy,4bf6e12a667b,Warning,Warning - Value dubious for this VR - (TAG) PN Patient's Name PN [1] = <ABD_LYMPH_054> - Retired Person Name form,1
dcmqi / (null),dciodvfy,4c733bea7dba,Warning,Warning - Value dubious for this VR - (TAG) PN Patient's Name PN [1] = <Myel_003> - Retired Person Name form,1
dcmqi / (null),dciodvfy,4d777828cefc,Warning,Warning - Value dubious for this VR - (TAG) PN Patient's Name PN [1] = <MED_LYMPH_006> - Retired Person Name form,1
dcmqi / (null),dciodvfy,4dbdd551c7dc,Warning,Warning - Value dubious for this VR - (TAG) PN Patient's Name PN [1] = <case_0607> - Retired Person Name form,1
dcmqi / (null),dciodvfy,4dc52332c6d5,Warning,Warning - Value dubious for this VR - (TAG) PN Patient's Name PN [1] = <ReMIND-079> - Retired Person Name form,1
dcmqi / (null),dciodvfy,4ff51f84f64b,Warning,Warning - Value dubious for this VR - (TAG) PN Patient's Name PN [1] = <Breast_MRI_861> - Retired Person Name form,1
dcmqi / (null),dciodvfy,525d821b8c60,Warning,Warning - Value dubious for this VR - (TAG) PN Patient's Name PN [1] = <MED_LYMPH_002> - Retired Person Name form,1
dcmqi / (null),dciodvfy,5270c149f3ea,Warning,Warning - Value dubious for this VR - (TAG) PN Patient's Name PN [1] = <CRLM-CT-1121> - Retired Person Name form,1
dcmqi / (null),dciodvfy,52f9a8a3482c,Warning,Warning - Value dubious for this VR - (TAG) PN Patient's Name PN [1] = <Breast_MRI_227> - Retired Person Name form,1
dcmqi / (null),dciodvfy,53e7453a046f,Warning,Warning - Value dubious for this VR - (TAG) PN Patient's Name PN [1] = <Breast_MRI_731> - Retired Person Name form,1
dcmqi / (null),dciodvfy,54439e603ee9,Warning,Warning - Value dubious for this VR - (TAG) PN Patient's Name PN [1] = <LUNG1-297> - Retired Person Name form,1
dcmqi / (null),dciodvfy,566af18f1703,Warning,Warning - Value dubious for this VR - (TAG) PN Patient's Name PN [1] = <case_0833> - Retired Person Name form,1
dcmqi / (null),dciodvfy,56ae037fc2c5,Warning,Warning - Value dubious for this VR - (TAG) PN Patient's Name PN [1] = <case_0259> - Retired Person Name form,1
dcmqi / (null),dciodvfy,56ce146cd211,Warning,Warning - Value dubious for this VR - (TAG) PN Patient's Name PN [1] = <case_0659> - Retired Person Name form,1
dcmqi / (null),dciodvfy,575e2baef897,Warning,Warning - Value dubious for this VR - (TAG) PN Patient's Name PN [1] = <HCC_016> - Retired Person Name form,1
dcmqi / (null),dciodvfy,58766dd40b7c,Warning,Warning - Value dubious for this VR - (TAG) PN Patient's Name PN [1] = <LUNG1-087> - Retired Person Name form,1
dcmqi / (null),dciodvfy,58b7548b51cf,Warning,Warning - Value dubious for this VR - (TAG) PN Patient's Name PN [1] = <10456> - Retired Person Name form,1
dcmqi / (null),dciodvfy,58caeb5bf17a,Warning,Warning - Value dubious for this VR - (TAG) PN Patient's Name PN [1] = <case_0327> - Retired Person Name form,1
dcmqi / (null),dciodvfy,59d8d4da8894,Warning,Warning - Value dubious for this VR - (TAG) PN Patient's Name PN [1] = <CRLM-CT-1146> - Retired Person Name form,1
dcmqi / (null),dciodvfy,5a68192f9d7f,Warning,Warning - Value dubious for this VR - (TAG) PN Patient's Name PN [1] = <LUNG1-284> - Retired Person Name form,1
dcmqi / (null),dciodvfy,5b73b5b171f1,Warning,Warning - Value dubious for this VR - (TAG) PN Patient's Name PN [1] = <case_0359> - Retired Person Name form,1
dcmqi / (null),dciodvfy,5beae56f933d,Warning,Warning - Value dubious for this VR - (TAG) PN Patient's Name PN [1] = <CRLM-CT-1085> - Retired Person Name form,1
dcmqi / (null),dciodvfy,5c6f330fafbe,Warning,Warning - Value dubious for this VR - (TAG) PN Patient's Name PN [1] = <LUNG1-372> - Retired Person Name form,1
dcmqi / (null),dciodvfy,5c7ca46de58b,Warning,Warning - Value dubious for this VR - (TAG) PN Patient's Name PN [1] = <LUNG1-073> - Retired Person Name form,1
dcmqi / (null),dciodvfy,5d395abf8801,Warning,Warning - Value dubious for this VR - (TAG) PN Patient's Name PN [1] = <HCC_009> - Retired Person Name form,1
dcmqi / (null),dciodvfy,5d552a155a7b,Warning,Warning - Value dubious for this VR - (TAG) PN Patient's Name PN [1] = <MED_LYMPH_075> - Retired Person Name form,1
dcmqi / (null),dciodvfy,5fcc78752c7d,Warning,Warning - Value dubious for this VR - (TAG) PN Patient's Name PN [1] = <ReMIND-109> - Retired Person Name form,1
dcmqi / (null),dciodvfy,60834b144100,Warning,Warning - Value dubious for this VR - (TAG) PN Patient's Name PN [1] = <LUNG1-115> - Retired Person Name form,1
dcmqi / (null),dciodvfy,60bf53c69d2d,Warning,Warning - Value dubious for this VR - (TAG) PN Patient's Name PN [1] = <case_0775> - Retired Person Name form,1
dcmqi / (null),dciodvfy,618c0531b304,Warning,Warning - Value dubious for this VR - (TAG) PN Patient's Name PN [1] = <Breast_MRI_048> - Retired Person Name form,1
dcmqi / (null),dciodvfy,61e3ad195f4d,Warning,Warning - Value dubious for this VR - (TAG) PN Patient's Name PN [1] = <Breast_MRI_579> - Retired Person Name form,1
dcmqi / (null),dciodvfy,62c8c69b6c71,Warning,Warning - Value dubious for this VR - (TAG) PN Patient's Name PN [1] = <LUNG1-041> - Retired Person Name form,1
dcmqi / (null),dciodvfy,62f226550df7,Warning,Warning - Value dubious for this VR - (TAG) PN Patient's Name PN [1] = <AMBL-571> - Retired Person Name form,1
dcmqi / (null),dciodvfy,66078afa3931,Warning,Warning - Value dubious for this VR - (TAG) PN Patient's Name PN [1] = <MED_LYMPH_031> - Retired Person Name form,1
dcmqi / (null),dciodvfy,667ea8baecd0,Warning,Warning - Value dubious for this VR - (TAG) PN Patient's Name PN [1] = <ReMIND-007> - Retired Person Name form,1
dcmqi / (null),dciodvfy,668391f99d51,Warning,Warning - Value dubious for this VR - (TAG) PN Patient's Name PN [1] = <LUNG1-104> - Retired Person Name form,1
dcmqi / (null),dciodvfy,67c76c322c4e,Warning,Warning - Value dubious for this VR - (TAG) PN Patient's Name PN [1] = <case_0040> - Retired Person Name form,1
dcmqi / (null),dciodvfy,67e11e988a3e,Warning,Warning - Value dubious for this VR - (TAG) PN Patient's Name PN [1] = <ABD_LYMPH_024> - Retired Person Name form,1
dcmqi / (null),dciodvfy,6841130d2aa9,Warning,Warning - Value dubious for this VR - (TAG) PN Patient's Name PN [1] = <LUNG1-379> - Retired Person Name form,1
dcmqi / (null),dciodvfy,6b873f8eca42,Warning,Warning - Value dubious for this VR - (TAG) PN Patient's Name PN [1] = <Breast_MRI_047> - Retired Person Name form,1
dcmqi / (null),dciodvfy,6bbe5e6797cf,Warning,Warning - Value dubious for this VR - (TAG) PN Patient's Name PN [1] = <case_0501> - Retired Person Name form,1
dcmqi / (null),dciodvfy,6c5ea4fea992,Warning,Warning - Value dubious for this VR - (TAG) PN Patient's Name PN [1] = <LUNG1-333> - Retired Person Name form,1
dcmqi / (null),dciodvfy,6d343c3b2959,Warning,Warning - Value dubious for this VR - (TAG) PN Patient's Name PN [1] = <Breast_MRI_815> - Retired Person Name form,1
dcmqi / (null),dciodvfy,6d4c45ec3d56,Warning,Warning - Value dubious for this VR - (TAG) PN Patient's Name PN [1] = <CRLM-CT-1029> - Retired Person Name form,1
dcmqi / (null),dciodvfy,6d4d0a817fb9,Warning,Warning - Value dubious for this VR - (TAG) PN Patient's Name PN [1] = <CRLM-CT-1039> - Retired Person Name form,1
dcmqi / (null),dciodvfy,6d8adc66d625,Warning,Warning - Value dubious for this VR - (TAG) PN Patient's Name PN [1] = <interobs13> - Retired Person Name form,1
dcmqi / (null),dciodvfy,6d977f4649b6,Warning,Warning - Value dubious for this VR - (TAG) PN Patient's Name PN [1] = <case_0449> - Retired Person Name form,1
dcmqi / (null),dciodvfy,6e0b2d3b3cf4,Warning,Warning - Value dubious for this VR - (TAG) PN Patient's Name PN [1] = <LUNG1-368> - Retired Person Name form,1
dcmqi / (null),dciodvfy,6e64659b77f8,Warning,Warning - Value dubious for this VR - (TAG) PN Patient's Name PN [1] = <Breast_MRI_664> - Retired Person Name form,1
dcmqi / (null),dciodvfy,6e74c42551f5,Warning,Warning - Value dubious for this VR - (TAG) PN Patient's Name PN [1] = <Breast_MRI_503> - Retired Person Name form,1
dcmqi / (null),dciodvfy,6f3c988c9f48,Warning,Warning - Value dubious for this VR - (TAG) PN Patient's Name PN [1] = <CRLM-CT-1045> - Retired Person Name form,1
dcmqi / (null),dciodvfy,6f5631c35826,Warning,Warning - Value dubious for this VR - (TAG) PN Patient's Name PN [1] = <LUNG1-167> - Retired Person Name form,1
dcmqi / (null),dciodvfy,6f762733fce0,Warning,Warning - Value dubious for this VR - (TAG) PN Patient's Name PN [1] = <Breast_MRI_348> - Retired Person Name form,1
dcmqi / (null),dciodvfy,6fcf269a44e9,Warning,Warning - Value dubious for this VR - (TAG) PN Patient's Name PN [1] = <case_0860> - Retired Person Name form,1
dcmqi / (null),dciodvfy,6fe1d065a062,Warning,Warning - Value dubious for this VR - (TAG) PN Patient's Name PN [1] = <ReMIND-085> - Retired Person Name form,1
dcmqi / (null),dciodvfy,70593bb5f686,Warning,Warning - Value dubious for this VR - (TAG) PN Patient's Name PN [1] = <ReMIND-057> - Retired Person Name form,1
dcmqi / (null),dciodvfy,70730f12ded5,Warning,Warning - Value dubious for this VR - (TAG) PN Patient's Name PN [1] = <CRLM-CT-1051> - Retired Person Name form,1
dcmqi / (null),dciodvfy,71ecabf6cca2,Warning,Warning - Value dubious for this VR - (TAG) PN Patient's Name PN [1] = <HCC_024> - Retired Person Name form,1
dcmqi / (null),dciodvfy,72625f7593cc,Warning,Warning - Value dubious for this VR - (TAG) PN Patient's Name PN [1] = <AMBL-578> - Retired Person Name form,1
dcmqi / (null),dciodvfy,72c0c921a9e0,Warning,Warning - Value dubious for this VR - (TAG) PN Patient's Name PN [1] = <CRLM-CT-1145> - Retired Person Name form,1
dcmqi / (null),dciodvfy,73ccb19ce8c6,Warning,Warning - Value dubious for this VR - (TAG) PN Patient's Name PN [1] = <ReMIND-053> - Retired Person Name form,1
dcmqi / (null),dciodvfy,75515d811115,Warning,Warning - Value dubious for this VR - (TAG) PN Patient's Name PN [1] = <AMBL-026> - Retired Person Name form,1
dcmqi / (null),dciodvfy,7585203ae489,Warning,Warning - Value dubious for this VR - (TAG) PN Patient's Name PN [1] = <ABD_LYMPH_072> - Retired Person Name form,1
dcmqi / (null),dciodvfy,775f2949654e,Warning,Warning - Value dubious for this VR - (TAG) PN Patient's Name PN [1] = <ReMIND-008> - Retired Person Name form,1
dcmqi / (null),dciodvfy,7b396eb64bdc,Warning,Warning - Value dubious for this VR - (TAG) PN Patient's Name PN [1] = <LUNG1-242> - Retired Person Name form,1
dcmqi / (null),dciodvfy,7ba8b31880cb,Warning,Warning - Value dubious for this VR - (TAG) PN Patient's Name PN [1] = <CRLM-CT-1132> - Retired Person Name form,1
dcmqi / (null),dciodvfy,7bc58ced9905,Warning,Warning - Value dubious for this VR - (TAG) PN Patient's Name PN [1] = <HCC_070> - Retired Person Name form,1
dcmqi / (null),dciodvfy,7cd31657c6b6,Warning,Warning - Value dubious for this VR - (TAG) PN Patient's Name PN [1] = <case_1084> - Retired Person Name form,1
dcmqi / (null),dciodvfy,7cd4b9a1f10c,Warning,Warning - Value dubious for this VR - (TAG) PN Patient's Name PN [1] = <LUNG1-227> - Retired Person Name form,1
dcmqi / (null),dciodvfy,7d279d153f54,Warning,Warning - Private CodingSchemeDesignator contains non-alphanumeric characters - value is <99CT_VIA> - bad character is '_',1
dcmqi / (null),dciodvfy,7d71f58d6cfa,Warning,Warning - Value dubious for this VR - (TAG) PN Patient's Name PN [1] = <LUNG1-373> - Retired Person Name form,1
dcmqi / (null),dciodvfy,7d9e9af61083,Warning,Warning - Value dubious for this VR - (TAG) PN Patient's Name PN [1] = <case_1085> - Retired Person Name form,1
dcmqi / (null),dciodvfy,7e261101dab1,Warning,Warning - Value dubious for this VR - (TAG) PN Patient's Name PN [1] = <case_0450> - Retired Person Name form,1
dcmqi / (null),dciodvfy,7e2edd33b80f,Warning,Warning - Value dubious for this VR - (TAG) PN Patient's Name PN [1] = <case_0690> - Retired Person Name form,1
dcmqi / (null),dciodvfy,7e9fc8d3e1a1,Warning,Warning - Value dubious for this VR - (TAG) PN Patient's Name PN [1] = <LUNG1-010> - Retired Person Name form,1
dcmqi / (null),dciodvfy,7f34b15f7c1a,Warning,Warning - Value dubious for this VR - (TAG) PN Patient's Name PN [1] = <ReMIND-048> - Retired Person Name form,1
dcmqi / (null),dciodvfy,8017195344a4,Warning,Warning - Value dubious for this VR - (TAG) PN Patient's Name PN [1] = <Myel_051> - Retired Person Name form,1
dcmqi / (null),dciodvfy,8097f3f8cf6a,Warning,Warning - Value dubious for this VR - (TAG) PN Patient's Name PN [1] = <Myel_072> - Retired Person Name form,1
dcmqi / (null),dciodvfy,8188ce941f9e,Warning,Warning - Value dubious for this VR - (TAG) PN Patient's Name PN [1] = <CRLM-CT-1127> - Retired Person Name form,1
dcmqi / (null),dciodvfy,83365be29af7,Warning,Warning - Value dubious for this VR - (TAG) PN Patient's Name PN [1] = <case_0413> - Retired Person Name form,1
dcmqi / (null),dciodvfy,83bbd356f11b,Warning,Warning - Value dubious for this VR - (TAG) PN Patient's Name PN [1] = <CRLM-CT-1017> - Retired Person Name form,1
dcmqi / (null),dciodvfy,843ce07c632f,Warning,Warning - Value dubious for this VR - (TAG) PN Patient's Name PN [1] = <case_0955> - Retired Person Name form,1
dcmqi / (null),dciodvfy,84aa589e158b,Warning,Warning - Value dubious for this VR - (TAG) PN Patient's Name PN [1] = <Myel_052_a> - Retired Person Name form,1
dcmqi / (null),dciodvfy,84f3d3a48dbe,Warning,Warning - Value dubious for this VR - (TAG) PN Patient's Name PN [1] = <Myel_068> - Retired Person Name form,1
dcmqi / (null),dciodvfy,8660bf38398a,Warning,Warning - Value dubious for this VR - (TAG) PN Patient's Name PN [1] = <Breast_MRI_921> - Retired Person Name form,1
dcmqi / (null),dciodvfy,86928a85a3f7,Warning,Warning - Value dubious for this VR - (TAG) PN Patient's Name PN [1] = <MED_LYMPH_024> - Retired Person Name form,1
dcmqi / (null),dciodvfy,8705a33793fd,Warning,Warning - Value dubious for this VR - (TAG) PN Patient's Name PN [1] = <case_0577> - Retired Person Name form,1
dcmqi / (null),dciodvfy,871bc5b6dfde,Warning,Warning - Value dubious for this VR - (TAG) PN Patient's Name PN [1] = <Myel_042> - Retired Person Name form,1
dcmqi / (null),dciodvfy,8892e555af7d,Warning,Warning - Value dubious for this VR - (TAG) PN Patient's Name PN [1] = <CRLM-CT-1041> - Retired Person Name form,1
dcmqi / (null),dciodvfy,89db91bca3c7,Warning,Warning - Value dubious for this VR - (TAG) PN Patient's Name PN [1] = <case_0802> - Retired Person Name form,1
dcmqi / (null),dciodvfy,8a5dc9c0bf3c,Warning,Warning - Value dubious for this VR - (TAG) PN Patient's Name PN [1] = <ReMIND-003> - Retired Person Name form,1
dcmqi / (null),dciodvfy,8a7ae8e00737,Warning,Warning - Value dubious for this VR - (TAG) PN Patient's Name PN [1] = <case_0720> - Retired Person Name form,1
dcmqi / (null),dciodvfy,8bb13d3620cd,Warning,Warning - Value dubious for this VR - (TAG) PN Patient's Name PN [1] = <HCC_020> - Retired Person Name form,1
dcmqi / (null),dciodvfy,8c35d9cddaa8,Warning,Warning - Value dubious for this VR - (TAG) PN Patient's Name PN [1] = <case_0440> - Retired Person Name form,1
dcmqi / (null),dciodvfy,8cb29e01a017,Warning,Warning - Value dubious for this VR - (TAG) PN Patient's Name PN [1] = <CRLM-CT-1162> - Retired Person Name form,1
dcmqi / (null),dciodvfy,8cdeee65b95f,Warning,Warning - Value dubious for this VR - (TAG) PN Patient's Name PN [1] = <interobs12> - Retired Person Name form,1
dcmqi / (null),dciodvfy,8cf8eebf3a2f,Warning,Warning - Value dubious for this VR - (TAG) PN Patient's Name PN [1] = <case_0491> - Retired Person Name form,1
dcmqi / (null),dciodvfy,8d6006e8c731,Warning,Warning - Value dubious for this VR - (TAG) PN Patient's Name PN [1] = <ReMIND-024> - Retired Person Name form,1
dcmqi / (null),dciodvfy,8d666a848f72,Warning,Warning - Value dubious for this VR - (TAG) PN Patient's Name PN [1] = <Myel_002> - Retired Person Name form,1
dcmqi / (null),dciodvfy,8f3b35aad17a,Warning,Warning - Value dubious for this VR - (TAG) PN Patient's Name PN [1] = <AMBL-580> - Retired Person Name form,1
dcmqi / (null),dciodvfy,91806315bbc2,Warning,Warning - Value dubious for this VR - (TAG) PN Patient's Name PN [1] = <ReMIND-083> - Retired Person Name form,1
dcmqi / (null),dciodvfy,932dd97a50cb,Warning,Warning - Value dubious for this VR - (TAG) PN Patient's Name PN [1] = <ReMIND-036> - Retired Person Name form,1
dcmqi / (null),dciodvfy,94cf6d01459f,Warning,Warning - Value dubious for this VR - (TAG) PN Patient's Name PN [1] = <ABD_LYMPH_031> - Retired Person Name form,1
dcmqi / (null),dciodvfy,94fd65cd48cb,Warning,Warning - Value dubious for this VR - (TAG) PN Patient's Name PN [1] = <LUNG1-292> - Retired Person Name form,1
dcmqi / (null),dciodvfy,968e746dab09,Warning,Warning - Value dubious for this VR - (TAG) PN Patient's Name PN [1] = <case_1045> - Retired Person Name form,1
dcmqi / (null),dciodvfy,973ec06e25f3,Warning,Warning - Value dubious for this VR - (TAG) PN Patient's Name PN [1] = <case_0229> - Retired Person Name form,1
dcmqi / (null),dciodvfy,977d68b6e169,Warning,Warning - Value dubious for this VR - (TAG) PN Patient's Name PN [1] = <ReMIND-030> - Retired Person Name form,1
dcmqi / (null),dciodvfy,987323f00e97,Warning,Warning - Value dubious for this VR - (TAG) PN Patient's Name PN [1] = <CRLM-CT-1081> - Retired Person Name form,1
dcmqi / (null),dciodvfy,98ae56c98ead,Warning,Warning - Value dubious for this VR - (TAG) PN Patient's Name PN [1] = <case_0188> - Retired Person Name form,1
dcmqi / (null),dciodvfy,991f4f71c4c9,Warning,Warning - Value dubious for this VR - (TAG) PN Patient's Name PN [1] = <case_0890> - Retired Person Name form,1
dcmqi / (null),dciodvfy,9997529a2a08,Warning,Warning - Value dubious for this VR - (TAG) PN Patient's Name PN [1] = <case_0586> - Retired Person Name form,1
dcmqi / (null),dciodvfy,9aa30ca03134,Warning,Warning - Value dubious for this VR - (TAG) PN Patient's Name PN [1] = <ReMIND-027> - Retired Person Name form,1
dcmqi / (null),dciodvfy,9baf068a51d6,Warning,Warning - Value dubious for this VR - (TAG) PN Patient's Name PN [1] = <LUNG1-088> - Retired Person Name form,1
dcmqi / (null),dciodvfy,9bdec912f4da,Warning,Warning - Value dubious for this VR - (TAG) PN Patient's Name PN [1] = <LUNG1-111> - Retired Person Name form,1
dcmqi / (null),dciodvfy,9c0b4d46f808,Warning,Warning - Value dubious for this VR - (TAG) PN Patient's Name PN [1] = <Myel_021> - Retired Person Name form,1
dcmqi / (null),dciodvfy,9c63c6f68293,Warning,Warning - Value dubious for this VR - (TAG) PN Patient's Name PN [1] = <Breast_MRI_806> - Retired Person Name form,1
dcmqi / (null),dciodvfy,9e243289e34f,Warning,Warning - Unrecognized defined term <LOCAL> for value 1 of attribute <Coding Scheme Designator>,1
dcmqi / (null),dciodvfy,9e84e87be6be,Warning,Warning - Value dubious for this VR - (TAG) PN Patient's Name PN [1] = <HCC_036> - Retired Person Name form,1
dcmqi / (null),dciodvfy,9fac3820fadd,Warning,Warning - Value dubious for this VR - (TAG) PN Patient's Name PN [1] = <case_0593> - Retired Person Name form,1
dcmqi / (null),dciodvfy,9fdd0e5d2f11,Warning,Warning - Value dubious for this VR - (TAG) PN Patient's Name PN [1] = <case_0774> - Retired Person Name form,1
dcmqi / (null),dciodvfy,a0c8fb14a12b,Warning,Warning - Value dubious for this VR - (TAG) PN Patient's Name PN [1] = <MED_LYMPH_007> - Retired Person Name form,1
dcmqi / (null),dciodvfy,a12f06d1548f,Warning,Warning - Value dubious for this VR - (TAG) PN Patient's Name PN [1] = <LUNG1-408> - Retired Person Name form,1
dcmqi / (null),dciodvfy,a23af10a8070,Warning,Warning - Value dubious for this VR - (TAG) PN Patient's Name PN [1] = <AMBL-005> - Retired Person Name form,1
dcmqi / (null),dciodvfy,a2f66f068dba,Warning,Warning - Value dubious for this VR - (TAG) PN Patient's Name PN [1] = <CRLM-CT-1056> - Retired Person Name form,1
dcmqi / (null),dciodvfy,a42928543333,Warning,Warning - Value dubious for this VR - (TAG) PN Patient's Name PN [1] = <CRLM-CT-1125> - Retired Person Name form,1
dcmqi / (null),dciodvfy,a545666dd9d6,Warning,Warning - Value dubious for this VR - (TAG) PN Patient's Name PN [1] = <Breast_MRI_153> - Retired Person Name form,1
dcmqi / (null),dciodvfy,a728ff5e5963,Warning,Warning - Value dubious for this VR - (TAG) PN Patient's Name PN [1] = <LUNG1-178> - Retired Person Name form,1
dcmqi / (null),dciodvfy,a72ba5133db4,Warning,Warning - Value dubious for this VR - (TAG) PN Patient's Name PN [1] = <ReMIND-100> - Retired Person Name form,1
dcmqi / (null),dciodvfy,a75a26372b72,Warning,Warning - Value dubious for this VR - (TAG) PN Patient's Name PN [1] = <case_0752> - Retired Person Name form,1
dcmqi / (null),dciodvfy,a87b7dd89478,Warning,Warning - Value dubious for this VR - (TAG) PN Patient's Name PN [1] = <Myel_023_b> - Retired Person Name form,1
dcmqi / (null),dciodvfy,a96aa83ff61e,Warning,Warning - Value dubious for this VR - (TAG) PN Patient's Name PN [1] = <LUNG1-067> - Retired Person Name form,1
dcmqi / (null),dciodvfy,aaba02eb55ad,Warning,Warning - Value dubious for this VR - (TAG) PN Patient's Name PN [1] = <CRLM-CT-1021> - Retired Person Name form,1
dcmqi / (null),dciodvfy,ad033927dc07,Warning,Warning - Value dubious for this VR - (TAG) PN Patient's Name PN [1] = <Breast_MRI_419> - Retired Person Name form,1
dcmqi / (null),dciodvfy,ad948015e6e8,Warning,Warning - Value dubious for this VR - (TAG) PN Patient's Name PN [1] = <ReMIND-041> - Retired Person Name form,1
dcmqi / (null),dciodvfy,ae44c72b9bf3,Warning,Warning - Value dubious for this VR - (TAG) PN Patient's Name PN [1] = <HCC_073> - Retired Person Name form,1
dcmqi / (null),dciodvfy,ae6985634a20,Warning,Warning - Value dubious for this VR - (TAG) PN Patient's Name PN [1] = <case_0556> - Retired Person Name form,1
dcmqi / (null),dciodvfy,aeb02cb39fd8,Warning,Warning - Value dubious for this VR - (TAG) PN Patient's Name PN [1] = <LUNG1-159> - Retired Person Name form,1
dcmqi / (null),dciodvfy,af0cfa75367f,Warning,Warning - Value dubious for this VR - (TAG) PN Patient's Name PN [1] = <CRLM-CT-1019> - Retired Person Name form,1
dcmqi / (null),dciodvfy,af7a6de67394,Warning,Warning - Value dubious for this VR - (TAG) PN Patient's Name PN [1] = <Breast_MRI_091> - Retired Person Name form,1
dcmqi / (null),dciodvfy,afcc218565fa,Warning,Warning - Value dubious for this VR - (TAG) PN Patient's Name PN [1] = <LUNG1-007> - Retired Person Name form,1
dcmqi / (null),dciodvfy,b08d828415eb,Warning,Warning - Value dubious for this VR - (TAG) PN Patient's Name PN [1] = <Breast_MRI_709> - Retired Person Name form,1
dcmqi / (null),dciodvfy,b208d94ce5bb,Warning,Warning - Value dubious for this VR - (TAG) PN Patient's Name PN [1] = <LUNG1-393> - Retired Person Name form,1
dcmqi / (null),dciodvfy,b2cfb19d3cda,Warning,Warning - Value dubious for this VR - (TAG) PN Patient's Name PN [1] = <LUNG1-019> - Retired Person Name form,1
dcmqi / (null),dciodvfy,b2eb253ba031,Warning,Warning - Value dubious for this VR - (TAG) PN Patient's Name PN [1] = <CRLM-CT-1151> - Retired Person Name form,1
dcmqi / (null),dciodvfy,b42a537c5693,Warning,Warning - Value dubious for this VR - (TAG) PN Patient's Name PN [1] = <case_0412> - Retired Person Name form,1
dcmqi / (null),dciodvfy,b592752f9e8f,Warning,Warning - Value dubious for this VR - (TAG) PN Patient's Name PN [1] = <case_1021> - Retired Person Name form,1
dcmqi / (null),dciodvfy,b650843e009d,Warning,Warning - Value dubious for this VR - (TAG) PN Patient's Name PN [1] = <LUNG1-196> - Retired Person Name form,1
dcmqi / (null),dciodvfy,b664ddcf4e83,Warning,Warning - Value dubious for this VR - (TAG) PN Patient's Name PN [1] = <AMBL-514> - Retired Person Name form,1
dcmqi / (null),dciodvfy,b7517e7391ee,Warning,Warning - Value dubious for this VR - (TAG) PN Patient's Name PN [1] = <LUNG1-359> - Retired Person Name form,1
dcmqi / (null),dciodvfy,b87174a157b7,Warning,Warning - Value dubious for this VR - (TAG) PN Patient's Name PN [1] = <ReMIND-034> - Retired Person Name form,1
dcmqi / (null),dciodvfy,b8d062b15a23,Warning,Warning - Value dubious for this VR - (TAG) PN Patient's Name PN [1] = <MED_LYMPH_025> - Retired Person Name form,1
dcmqi / (null),dciodvfy,b9cbfdbe0147,Warning,Warning - Value dubious for this VR - (TAG) PN Patient's Name PN [1] = <case_0033> - Retired Person Name form,1
dcmqi / (null),dciodvfy,ba167a3e5268,Warning,Warning - Unrecognized defined term <99CT_VIA> for value 1 of attribute <Coding Scheme Designator>,1
dcmqi / (null),dciodvfy,bb89807ba2e0,Warning,Warning - Value dubious for this VR - (TAG) PN Patient's Name PN [1] = <case_0993> - Retired Person Name form,1
dcmqi / (null),dciodvfy,be1edb770748,Warning,Warning - Value dubious for this VR - (TAG) PN Patient's Name PN [1] = <case_0927> - Retired Person Name form,1
dcmqi / (null),dciodvfy,c0b0b22931ba,Warning,Warning - Value dubious for this VR - (TAG) PN Patient's Name PN [1] = <Myel_018_a> - Retired Person Name form,1
dcmqi / (null),dciodvfy,c248050efb55,Warning,Warning - Value dubious for this VR - (TAG) PN Patient's Name PN [1] = <case_0519> - Retired Person Name form,1
dcmqi / (null),dciodvfy,c369fe960685,Warning,Warning - Value dubious for this VR - (TAG) PN Patient's Name PN [1] = <ABD_LYMPH_074> - Retired Person Name form,1
dcmqi / (null),dciodvfy,c3e655b691d9,Warning,Warning - Value dubious for this VR - (TAG) PN Patient's Name PN [1] = <ReMIND-058> - Retired Person Name form,1
dcmqi / (null),dciodvfy,c53f7fd52cd5,Warning,Warning - Value dubious for this VR - (TAG) PN Patient's Name PN [1] = <case_0832> - Retired Person Name form,1
dcmqi / (null),dciodvfy,c57168966bf1,Warning,Warning - Value dubious for this VR - (TAG) PN Patient's Name PN [1] = <case_0437> - Retired Person Name form,1
dcmqi / (null),dciodvfy,c675b7d47ed2,Warning,Warning - Value dubious for this VR - (TAG) PN Patient's Name PN [1] = <CRLM-CT-1047> - Retired Person Name form,1
dcmqi / (null),dciodvfy,c6b056e68806,Warning,Warning - Value dubious for this VR - (TAG) PN Patient's Name PN [1] = <CRLM-CT-1060> - Retired Person Name form,1
dcmqi / (null),dciodvfy,c8fbc32ab645,Warning,Warning - Value dubious for this VR - (TAG) PN Patient's Name PN [1] = <AMBL-591> - Retired Person Name form,1
dcmqi / (null),dciodvfy,c97273ddd397,Warning,Warning - Value dubious for this VR - (TAG) PN Patient's Name PN [1] = <LUNG1-283> - Retired Person Name form,1
dcmqi / (null),dciodvfy,c9de7bd6cd2f,Warning,Warning - Value dubious for this VR - (TAG) PN Patient's Name PN [1] = <case_0183> - Retired Person Name form,1
dcmqi / (null),dciodvfy,ca04648864e0,Warning,Warning - Value dubious for this VR - (TAG) PN Patient's Name PN [1] = <LUNG1-003> - Retired Person Name form,1
dcmqi / (null),dciodvfy,ca59cd03e0ca,Warning,Warning - Value dubious for this VR - (TAG) PN Patient's Name PN [1] = <Breast_MRI_162> - Retired Person Name form,1
dcmqi / (null),dciodvfy,cb39fdcd3446,Warning,Warning - Value dubious for this VR - (TAG) PN Patient's Name PN [1] = <case_0111> - Retired Person Name form,1
dcmqi / (null),dciodvfy,cc588ef556a5,Warning,Warning - Value dubious for this VR - (TAG) PN Patient's Name PN [1] = <Breast_MRI_257> - Retired Person Name form,1
dcmqi / (null),dciodvfy,cd629452ae4f,Warning,Warning - Value dubious for this VR - (TAG) PN Patient's Name PN [1] = <AMBL-590> - Retired Person Name form,1
dcmqi / (null),dciodvfy,cec067f51a91,Warning,Warning - Value dubious for this VR - (TAG) PN Patient's Name PN [1] = <ReMIND-110> - Retired Person Name form,1
dcmqi / (null),dciodvfy,cec132cdf399,Warning,Warning - Value dubious for this VR - (TAG) PN Patient's Name PN [1] = <case_0166> - Retired Person Name form,1
dcmqi / (null),dciodvfy,cf90186634d8,Warning,Warning - Value dubious for this VR - (TAG) PN Patient's Name PN [1] = <LUNG1-250> - Retired Person Name form,1
dcmqi / (null),dciodvfy,cf908010dc7f,Warning,Warning - Value dubious for this VR - (TAG) PN Patient's Name PN [1] = <AMBL-631> - Retired Person Name form,1
dcmqi / (null),dciodvfy,cfc0920614b9,Warning,Warning - Value dubious for this VR - (TAG) PN Patient's Name PN [1] = <case_0304> - Retired Person Name form,1
dcmqi / (null),dciodvfy,d0ab77575c1b,Warning,Warning - Value dubious for this VR - (TAG) PN Patient's Name PN [1] = <interobs14> - Retired Person Name form,1
dcmqi / (null),dciodvfy,d0fb9d3acd39,Warning,Warning - Value dubious for this VR - (TAG) PN Patient's Name PN [1] = <Myel_030> - Retired Person Name form,1
dcmqi / (null),dciodvfy,d217c8814ba3,Warning,Warning - Value dubious for this VR - (TAG) PN Patient's Name PN [1] = <CRLM-CT-1178> - Retired Person Name form,1
dcmqi / (null),dciodvfy,d2746080ef2d,Warning,Warning - Value dubious for this VR - (TAG) PN Patient's Name PN [1] = <ABD_LYMPH_017> - Retired Person Name form,1
dcmqi / (null),dciodvfy,d2b871e2790b,Warning,Warning - Value dubious for this VR - (TAG) PN Patient's Name PN [1] = <case_0614> - Retired Person Name form,1
dcmqi / (null),dciodvfy,d50baa3e21ea,Warning,Warning - Value dubious for this VR - (TAG) PN Patient's Name PN [1] = <Breast_MRI_827> - Retired Person Name form,1
dcmqi / (null),dciodvfy,d5148f228115,Warning,Warning - Unrecognized defined term <L> for value 1 of attribute <Coding Scheme Designator>,1
dcmqi / (null),dciodvfy,d5696b868724,Warning,Warning - Value dubious for this VR - (TAG) PN Patient's Name PN [1] = <case_1047> - Retired Person Name form,1
dcmqi / (null),dciodvfy,d5ec14297423,Warning,Warning - Value dubious for this VR - (TAG) PN Patient's Name PN [1] = <MED_LYMPH_068> - Retired Person Name form,1
dcmqi / (null),dciodvfy,d6a98dd13ee8,Warning,Warning - Value dubious for this VR - (TAG) PN Patient's Name PN [1] = <LUNG1-071> - Retired Person Name form,1
dcmqi / (null),dciodvfy,d6c5cf47c829,Warning,Warning - Value dubious for this VR - (TAG) PN Patient's Name PN [1] = <ReMIND-001> - Retired Person Name form,1
dcmqi / (null),dciodvfy,d7185b5838bd,Warning,Warning - Value dubious for this VR - (TAG) PN Patient's Name PN [1] = <LUNG1-021> - Retired Person Name form,1
dcmqi / (null),dciodvfy,d733c7f8ba5b,Warning,Warning - Value dubious for this VR - (TAG) PN Patient's Name PN [1] = <ReMIND-005> - Retired Person Name form,1
dcmqi / (null),dciodvfy,d7ead6324462,Warning,Warning - Value dubious for this VR - (TAG) PN Patient's Name PN [1] = <13819> - Retired Person Name form,1
dcmqi / (null),dciodvfy,d89d00297a2f,Warning,Warning - Value dubious for this VR - (TAG) PN Patient's Name PN [1] = <MED_LYMPH_016> - Retired Person Name form,1
dcmqi / (null),dciodvfy,d97addbaa8bf,Warning,Warning - Value dubious for this VR - (TAG) PN Patient's Name PN [1] = <Myel_079> - Retired Person Name form,1
dcmqi / (null),dciodvfy,d99691c13921,Warning,Warning - Value dubious for this VR - (TAG) PN Patient's Name PN [1] = <HCC_037> - Retired Person Name form,1
dcmqi / (null),dciodvfy,db5b684b84bf,Warning,Warning - Value dubious for this VR - (TAG) PN Patient's Name PN [1] = <Adrenal_Ki67_Seg_053> - Retired Person Name form,1
dcmqi / (null),dciodvfy,db707f450345,Warning,Warning - Value dubious for this VR - (TAG) PN Patient's Name PN [1] = <LUNG1-321> - Retired Person Name form,1
dcmqi / (null),dciodvfy,dbb555ad8ced,Warning,Warning - Value dubious for this VR - (TAG) PN Patient's Name PN [1] = <case_0601> - Retired Person Name form,1
dcmqi / (null),dciodvfy,dc5c3d9af90d,Warning,Warning - Value dubious for this VR - (TAG) PN Patient's Name PN [1] = <Myel_005> - Retired Person Name form,1
dcmqi / (null),dciodvfy,dd140f839cb4,Warning,Warning - Value dubious for this VR - (TAG) PN Patient's Name PN [1] = <case_0417> - Retired Person Name form,1
dcmqi / (null),dciodvfy,df885a26de1f,Warning,Warning - Value dubious for this VR - (TAG) PN Patient's Name PN [1] = <LUNG1-174> - Retired Person Name form,1
dcmqi / (null),dciodvfy,dfa14dd31771,Warning,Warning - Value dubious for this VR - (TAG) PN Patient's Name PN [1] = <case_0552> - Retired Person Name form,1
dcmqi / (null),dciodvfy,e02bf2becc5a,Warning,Warning - Value dubious for this VR - (TAG) PN Patient's Name PN [1] = <LUNG1-311> - Retired Person Name form,1
dcmqi / (null),dciodvfy,e0fc8af927a9,Warning,Warning - Value dubious for this VR - (TAG) PN Patient's Name PN [1] = <LUNG1-371> - Retired Person Name form,1
dcmqi / (null),dciodvfy,e1c47bb2c3d9,Error,Error - Orientation vectors are not orthogonal for row vector of ImageOrientationPatient (-0.928837\-0.357407\-0.0975829) and column vector of ImageOrientationPatient (-0.346678\0.937869\-0.0146994),1
dcmqi / (null),dciodvfy,e236435624d6,Warning,Warning - Value dubious for this VR - (TAG) PN Patient's Name PN [1] = <case_0951> - Retired Person Name form,1
dcmqi / (null),dciodvfy,e32fa5d993ab,Warning,Warning - Value dubious for this VR - (TAG) PN Patient's Name PN [1] = <HCC_029> - Retired Person Name form,1
dcmqi / (null),dciodvfy,e52724ca81f4,Warning,Warning - Value dubious for this VR - (TAG) PN Patient's Name PN [1] = <Adrenal_Ki67_Seg_026> - Retired Person Name form,1
dcmqi / (null),dciodvfy,e71fcd78dd8c,Warning,Warning - Value dubious for this VR - (TAG) PN Patient's Name PN [1] = <CRLM-CT-1066> - Retired Person Name form,1
dcmqi / (null),dciodvfy,e7f5bc3dbdca,Warning,Warning - Value dubious for this VR - (TAG) PN Patient's Name PN [1] = <AMBL-559> - Retired Person Name form,1
dcmqi / (null),dciodvfy,e9b139743d0a,Warning,Warning - Value dubious for this VR - (TAG) PN Patient's Name PN [1] = <case_0823> - Retired Person Name form,1
dcmqi / (null),dciodvfy,ea2dcb583857,Warning,Warning - Value dubious for this VR - (TAG) PN Patient's Name PN [1] = <Adrenal_Ki67_Seg_013> - Retired Person Name form,1
dcmqi / (null),dciodvfy,ea4fd0b029a4,Warning,Warning - Value dubious for this VR - (TAG) PN Patient's Name PN [1] = <case_0002> - Retired Person Name form,1
dcmqi / (null),dciodvfy,ea80bd212d79,Warning,Warning - Value dubious for this VR - (TAG) PN Patient's Name PN [1] = <ReMIND-106> - Retired Person Name form,1
dcmqi / (null),dciodvfy,eb0739febea0,Warning,Warning - Value dubious for this VR - (TAG) PN Patient's Name PN [1] = <MED_LYMPH_032> - Retired Person Name form,1
dcmqi / (null),dciodvfy,eb1e346216af,Warning,Warning - Value dubious for this VR - (TAG) PN Patient's Name PN [1] = <LUNG1-169> - Retired Person Name form,1
dcmqi / (null),dciodvfy,ec4d70b0ac5a,Warning,Warning - Value dubious for this VR - (TAG) PN Patient's Name PN [1] = <LUNG1-120> - Retired Person Name form,1
dcmqi / (null),dciodvfy,ec9da2c30a46,Warning,Warning - Value dubious for this VR - (TAG) PN Patient's Name PN [1] = <ReMIND-040> - Retired Person Name form,1
dcmqi / (null),dciodvfy,ecc1c0c24a40,Warning,Warning - Value dubious for this VR - (TAG) PN Patient's Name PN [1] = <HCC_038> - Retired Person Name form,1
dcmqi / (null),dciodvfy,ee196b5dbe21,Warning,Warning - Value dubious for this VR - (TAG) PN Patient's Name PN [1] = <CRLM-CT-1159> - Retired Person Name form,1
dcmqi / (null),dciodvfy,ee50f5aeb6df,Warning,Warning - Value dubious for this VR - (TAG) PN Patient's Name PN [1] = <LUNG1-270> - Retired Person Name form,1
dcmqi / (null),dciodvfy,f06db899eb8f,Warning,Warning - Value dubious for this VR - (TAG) PN Patient's Name PN [1] = <MED_LYMPH_088> - Retired Person Name form,1
dcmqi / (null),dciodvfy,f0af221a11aa,Warning,Warning - Value dubious for this VR - (TAG) PN Patient's Name PN [1] = <Breast_MRI_255> - Retired Person Name form,1
dcmqi / (null),dciodvfy,f15af3d5467e,Warning,Warning - Value dubious for this VR - (TAG) PN Patient's Name PN [1] = <HCC_008> - Retired Person Name form,1
dcmqi / (null),dciodvfy,f2c44de8c356,Warning,Warning - Value dubious for this VR - (TAG) PN Patient's Name PN [1] = <HCC_056> - Retired Person Name form,1
dcmqi / (null),dciodvfy,f34135536f4a,Warning,Warning - Value dubious for this VR - (TAG) PN Patient's Name PN [1] = <case_0411> - Retired Person Name form,1
dcmqi / (null),dciodvfy,f341791c67a8,Warning,Warning - Value dubious for this VR - (TAG) PN Patient's Name PN [1] = <AMBL-573> - Retired Person Name form,1
dcmqi / (null),dciodvfy,f4f6851d5391,Warning,Warning - Value dubious for this VR - (TAG) PN Patient's Name PN [1] = <LUNG1-366> - Retired Person Name form,1
dcmqi / (null),dciodvfy,f50bf6ec7cfc,Warning,Warning - Value dubious for this VR - (TAG) PN Patient's Name PN [1] = <Breast_MRI_534> - Retired Person Name form,1
dcmqi / (null),dciodvfy,f50dcc7ce7bc,Warning,Warning - Value dubious for this VR - (TAG) PN Patient's Name PN [1] = <Myel_016> - Retired Person Name form,1
dcmqi / (null),dciodvfy,f6136f57615f,Warning,Warning - Value dubious for this VR - (TAG) PN Patient's Name PN [1] = <AMBL-033> - Retired Person Name form,1
dcmqi / (null),dciodvfy,f6a96961cf66,Warning,Warning - Value dubious for this VR - (TAG) PN Patient's Name PN [1] = <ABD_LYMPH_067> - Retired Person Name form,1
dcmqi / (null),dciodvfy,f6fda3d460b8,Warning,Warning - Value dubious for this VR - (TAG) PN Patient's Name PN [1] = <CRLM-CT-1147> - Retired Person Name form,1
dcmqi / (null),dciodvfy,f86ad6df6f26,Warning,Warning - Value dubious for this VR - (TAG) PN Patient's Name PN [1] = <13055> - Retired Person Name form,1
dcmqi / (null),dciodvfy,f8d6a1c7e530,Warning,Warning - Value dubious for this VR - (TAG) PN Patient's Name PN [1] = <LUNG1-313> - Retired Person Name form,1
dcmqi / (null),dciodvfy,f9049488b4c9,Warning,Warning - Value dubious for this VR - (TAG) PN Patient's Name PN [1] = <case_0142> - Retired Person Name form,1
dcmqi / (null),dciodvfy,f9726466816e,Warning,Warning - Value dubious for this VR - (TAG) PN Patient's Name PN [1] = <Breast_MRI_550> - Retired Person Name form,1
dcmqi / (null),dciodvfy,f98c0187ce6d,Warning,Warning - Value dubious for this VR - (TAG) PN Patient's Name PN [1] = <AMBL-629> - Retired Person Name form,1
dcmqi / (null),dciodvfy,fa8dc7e42335,Warning,Warning - Value dubious for this VR - (TAG) PN Patient's Name PN [1] = <MED_LYMPH_080> - Retired Person Name form,1
dcmqi / (null),dciodvfy,fb5a91de3bbc,Warning,Warning - Value dubious for this VR - (TAG) PN Patient's Name PN [1] = <Myel_026> - Retired Person Name form,1
dcmqi / (null),dciodvfy,fb62766e352a,Warning,Warning - Value dubious for this VR - (TAG) PN Patient's Name PN [1] = <case_0663> - Retired Person Name form,1
dcmqi / (null),dciodvfy,fc9d268325b4,Warning,Warning - Value dubious for this VR - (TAG) PN Patient's Name PN [1] = <LUNG1-108> - Retired Person Name form,1
dcmqi / (null),dciodvfy,fd36b86e048b,Warning,Warning - Value dubious for this VR - (TAG) PN Patient's Name PN [1] = <ReMIND-111> - Retired Person Name form,1
dcmqi / (null),dciodvfy,fdfff0d33536,Warning,Warning - Value dubious for this VR - (TAG) PN Patient's Name PN [1] = <ReMIND-060> - Retired Person Name form,1
dcmqi / (null),dciodvfy,feca019a8d39,Warning,Warning - Value dubious for this VR - (TAG) PN Patient's Name PN [1] = <CRLM-CT-1080> - Retired Person Name form,1
dcmqi / (null),dciodvfy,fffca68a97d6,Warning,Warning - Value dubious for this VR - (TAG) PN Patient's Name PN [1] = <AMBL-584> - Retired Person Name form,1
dcmqi / bamf_aimi_annotations,dicom-validator,380880930b44,ERROR,Module <Multi-frame Functional Groups> (TAG) (Per-Frame Functional Groups Sequence) Tag (TAG) (Plane Position Sequence) is unexpected,384
dcmqi / bamf_aimi_annotations,dicom-validator,6f01abd4f319,ERROR,Module <Multi-frame Functional Groups> (TAG) (Shared Functional Groups Sequence) Tag (TAG) (Plane Orientation Sequence) is unexpected,384
dcmqi / bamf_aimi_annotations,dicom-validator,972394b5bb82,ERROR,Module <Multi-frame Functional Groups> (TAG) (Per-Frame Functional Groups Sequence) Tag (TAG) (Segment Identification Sequence) is unexpected,384
dcmqi / bamf_aimi_annotations,dicom-validator,d0eabe730084,ERROR,Module <Multi-frame Functional Groups> (TAG) (Per-Frame Functional Groups Sequence) Tag (TAG) (Frame Content Sequence) is unexpected,384
dcmqi / bamf_aimi_annotations,dicom-validator,d81147d20e87,ERROR,Module <Multi-frame Functional Groups> (TAG) (Shared Functional Groups Sequence) Tag (TAG) (Pixel Measures Sequence) is unexpected,384
dcmqi / bamf_aimi_annotations,dicom-validator,f782376ec325,ERROR,Module <Multi-frame Functional Groups> (TAG) (Per-Frame Functional Groups Sequence) Tag (TAG) (Derivation Image Sequence) is unexpected,383
dcmqi / bamf_aimi_annotations,dciodvfy,815f5dab3ba7,Warning,Warning - Missing attribute or value that would be needed to build DICOMDIR - Study ID,381
dcmqi / bamf_aimi_annotations,dciodvfy,4a71864409dc,Warning,Warning - Missing attribute or value that would be needed to build DICOMDIR - Study Time,184
dcmqi / bamf_aimi_annotations,dciodvfy,9ee22e1c2108,Warning,Warning - Unrecognized defined term <GEIIS> for value 1 of attribute <Coding Scheme Designator>,108
dcmqi / bamf_aimi_annotations,dciodvfy,9c40e6b9aa7f,Warning,Warning - Unrecognized defined term <HEAD_NECK> for value 1 of attribute <Body Part Examined>,33
dcmqi / bamf_aimi_annotations,dciodvfy,0786a34e0c26,Warning,Warning - Value is zero for value 1 of attribute <Patient's Weight>,6
dcmqi / bamf_aimi_annotations,dciodvfy,b165e14b9ea0,Error,Error - ReferencedSeriesSequence present but Instance does not reference Instances - attribute <ReferencedSeriesSequence>,5
dcmqi / bamf_aimi_annotations,dciodvfy,55cb0f09964e,Warning,Warning - Value dubious for this VR - (TAG) PN Patient's Name PN [1] = <UPENN-GBM-00224> - Retired Person Name form,3
dcmqi / bamf_aimi_annotations,dciodvfy,1ecace60804a,Warning,Warning - Value dubious for this VR - (TAG) PN Patient's Name PN [1] = <UPENN-GBM-00117> - Retired Person Name form,2
dcmqi / bamf_aimi_annotations,dciodvfy,20002a393c44,Warning,Warning - Value dubious for this VR - (TAG) PN Patient's Name PN [1] = <UPENN-GBM-00374> - Retired Person Name form,2
dcmqi / bamf_aimi_annotations,dciodvfy,236eed4cfac0,Warning,Warning - Value dubious for this VR - (TAG) PN Patient's Name PN [1] = <UPENN-GBM-00239> - Retired Person Name form,2
dcmqi / bamf_aimi_annotations,dciodvfy,3e5cf1791413,Warning,Warning - Value dubious for this VR - (TAG) PN Patient's Name PN [1] = <HCC_048> - Retired Person Name form,2
dcmqi / bamf_aimi_annotations,dciodvfy,4a11fc84c10b,Warning,Warning - Value dubious for this VR - (TAG) PN Patient's Name PN [1] = <UPENN-GBM-00554> - Retired Person Name form,2
dcmqi / bamf_aimi_annotations,dciodvfy,5186cc78b41d,Warning,Warning - Value dubious for this VR - (TAG) PN Patient's Name PN [1] = <UPENN-GBM-00404> - Retired Person Name form,2
dcmqi / bamf_aimi_annotations,dciodvfy,717530e7f8df,Warning,Warning - Unrecognized defined term <CCG_CSTemp> for value 1 of attribute <Coding Scheme Designator>,2
dcmqi / bamf_aimi_annotations,dciodvfy,80395158a24b,Warning,Warning - Value dubious for this VR - (TAG) PN Patient's Name PN [1] = <UPENN-GBM-00357> - Retired Person Name form,2
dcmqi / bamf_aimi_annotations,dciodvfy,97d6d92faee1,Warning,Warning - Value dubious for this VR - (TAG) PN Patient's Name PN [1] = <TCGA-G3-A5SK> - Retired Person Name form,2
dcmqi / bamf_aimi_annotations,dciodvfy,9b1049eb537c,Warning,Warning - Value dubious for this VR - (TAG) PN Patient's Name PN [1] = <UPENN-GBM-00132> - Retired Person Name form,2
dcmqi / bamf_aimi_annotations,dciodvfy,b017f70fdc85,Warning,Warning - Value dubious for this VR - (TAG) PN Patient's Name PN [1] = <UPENN-GBM-00535> - Retired Person Name form,2
dcmqi / bamf_aimi_annotations,dciodvfy,b8d3ec967606,Warning,Warning - Value dubious for this VR - (TAG) PN Patient's Name PN [1] = <UPENN-GBM-00530> - Retired Person Name form,2
dcmqi / bamf_aimi_annotations,dciodvfy,cd99b5eb1d02,Warning,Warning - Value dubious for this VR - (TAG) PN Patient's Name PN [1] = <QIN-BREAST-01-0064> - Retired Person Name form,2
dcmqi / bamf_aimi_annotations,dciodvfy,e8181161a88c,Warning,Warning - Value dubious for this VR - (TAG) PN Patient's Name PN [1] = <Breast_MRI_814> - Retired Person Name form,2
dcmqi / bamf_aimi_annotations,dciodvfy,00e48f88e51f,Warning,Warning - Value dubious for this VR - (TAG) PN Patient's Name PN [1] = <Breast_MRI_677> - Retired Person Name form,1
dcmqi / bamf_aimi_annotations,dciodvfy,03f4fb8f7304,Warning,Warning - Value dubious for this VR - (TAG) PN Patient's Name PN [1] = <UPENN-GBM-00310> - Retired Person Name form,1
dcmqi / bamf_aimi_annotations,dciodvfy,04230716a0dc,Warning,Warning - Value dubious for this VR - (TAG) PN Patient's Name PN [1] = <ProstateX-0001> - Retired Person Name form,1
dcmqi / bamf_aimi_annotations,dciodvfy,04b29d5aa70b,Warning,Warning - Value dubious for this VR - (TAG) PN Patient's Name PN [1] = <UPENN-GBM-00457> - Retired Person Name form,1
dcmqi / bamf_aimi_annotations,dciodvfy,04caa3cabb64,Warning,Warning - Value dubious for this VR - (TAG) PN Patient's Name PN [1] = <CRLM-CT-1156> - Retired Person Name form,1
dcmqi / bamf_aimi_annotations,dciodvfy,0504d072bdbe,Warning,Warning - Value dubious for this VR - (TAG) PN Patient's Name PN [1] = <QIN-BREAST-01-0021> - Retired Person Name form,1
dcmqi / bamf_aimi_annotations,dciodvfy,0507257941dd,Warning,Warning - Value is zero for value 1 of attribute <Patient's Size>,1
dcmqi / bamf_aimi_annotations,dciodvfy,051272a753ef,Warning,Warning - Value dubious for this VR - (TAG) PN Patient's Name PN [1] = <Prostate-MRI-US-Biopsy-0075> - Retired Person Name form,1
dcmqi / bamf_aimi_annotations,dciodvfy,070151de1dad,Warning,Warning - Value dubious for this VR - (TAG) PN Patient's Name PN [1] = <HCC_022> - Retired Person Name form,1
dcmqi / bamf_aimi_annotations,dciodvfy,0880630e5e29,Warning,Warning - Value dubious for this VR - (TAG) PN Patient's Name PN [1] = <TCGA-CJ-4908> - Retired Person Name form,1
dcmqi / bamf_aimi_annotations,dciodvfy,0a22b21f63dd,Warning,Warning - Value dubious for this VR - (TAG) PN Patient's Name PN [1] = <Breast_MRI_221> - Retired Person Name form,1
dcmqi / bamf_aimi_annotations,dciodvfy,0c42c9582af5,Warning,Warning - Value dubious for this VR - (TAG) PN Patient's Name PN [1] = <Prostate-MRI-US-Biopsy-0879> - Retired Person Name form,1
dcmqi / bamf_aimi_annotations,dciodvfy,0e90e94410d3,Warning,Warning - Value dubious for this VR - (TAG) PN Patient's Name PN [1] = <CRLM-CT-1129> - Retired Person Name form,1
dcmqi / bamf_aimi_annotations,dciodvfy,0eb62dde03e8,Warning,Warning - Value dubious for this VR - (TAG) PN Patient's Name PN [1] = <UPENN-GBM-00264> - Retired Person Name form,1
dcmqi / bamf_aimi_annotations,dciodvfy,0fd6b11aa0c6,Warning,Warning - Value dubious for this VR - (TAG) PN Patient's Name PN [1] = <UPENN-GBM-00405> - Retired Person Name form,1
dcmqi / bamf_aimi_annotations,dciodvfy,12360f20cd34,Warning,Warning - Value dubious for this VR - (TAG) PN Patient's Name PN [1] = <UPENN-GBM-00012> - Retired Person Name form,1
dcmqi / bamf_aimi_annotations,dciodvfy,144fb0c3444f,Warning,Warning - Value dubious for this VR - (TAG) PN Patient's Name PN [1] = <R01-002> - Retired Person Name form,1
dcmqi / bamf_aimi_annotations,dciodvfy,14e36e6c9664,Warning,Warning - Value dubious for this VR - (TAG) PN Patient's Name PN [1] = <CRLM-CT-1054> - Retired Person Name form,1
dcmqi / bamf_aimi_annotations,dciodvfy,14ff5c5e4138,Warning,Warning - Value dubious for this VR - (TAG) PN Patient's Name PN [1] = <ACRIN-NSCLC-FDG-PET-043> - Retired Person Name form,1
dcmqi / bamf_aimi_annotations,dciodvfy,1614baa88e42,Warning,Warning - Value dubious for this VR - (TAG) PN Patient's Name PN [1] = <Lung_Dx-B0028> - Retired Person Name form,1
dcmqi / bamf_aimi_annotations,dciodvfy,16f55e331227,Warning,Warning - Value dubious for this VR - (TAG) PN Patient's Name PN [1] = <R01-023> - Retired Person Name form,1
dcmqi / bamf_aimi_annotations,dciodvfy,172535aa9c07,Warning,Warning - Value dubious for this VR - (TAG) PN Patient's Name PN [1] = <UPENN-GBM-00482> - Retired Person Name form,1
dcmqi / bamf_aimi_annotations,dciodvfy,178eea10aefd,Warning,Warning - Value dubious for this VR - (TAG) PN Patient's Name PN [1] = <Breast_MRI_444> - Retired Person Name form,1
dcmqi / bamf_aimi_annotations,dciodvfy,18f8a03d24cc,Warning,Warning - Value dubious for this VR - (TAG) PN Patient's Name PN [1] = <Breast_MRI_811> - Retired Person Name form,1
dcmqi / bamf_aimi_annotations,dciodvfy,19663fdc166f,Warning,Warning - Value dubious for this VR - (TAG) PN Patient's Name PN [1] = <UPENN-GBM-00334> - Retired Person Name form,1
dcmqi / bamf_aimi_annotations,dciodvfy,1a2eb937fab3,Warning,Warning - Value dubious for this VR - (TAG) PN Patient's Name PN [1] = <Breast_MRI_058> - Retired Person Name form,1
dcmqi / bamf_aimi_annotations,dciodvfy,1b251723df57,Warning,Warning - Value dubious for this VR - (TAG) PN Patient's Name PN [1] = <Prostate-MRI-US-Biopsy-0679> - Retired Person Name form,1
dcmqi / bamf_aimi_annotations,dciodvfy,1c0b2cc6e140,Warning,Warning - Value dubious for this VR - (TAG) PN Patient's Name PN [1] = <UPENN-GBM-00587> - Retired Person Name form,1
dcmqi / bamf_aimi_annotations,dciodvfy,1c639183d17a,Warning,Warning - Value dubious for this VR - (TAG) PN Patient's Name PN [1] = <HCC_061> - Retired Person Name form,1
dcmqi / bamf_aimi_annotations,dciodvfy,1d367590cb46,Warning,Warning - Value dubious for this VR - (TAG) PN Patient's Name PN [1] = <UPENN-GBM-00274> - Retired Person Name form,1
dcmqi / bamf_aimi_annotations,dciodvfy,1dea7243a02c,Warning,Warning - Value dubious for this VR - (TAG) PN Patient's Name PN [1] = <Prostate-MRI-US-Biopsy-0319> - Retired Person Name form,1
dcmqi / bamf_aimi_annotations,dciodvfy,1f1fb605398d,Warning,Warning - Value dubious for this VR - (TAG) PN Patient's Name PN [1] = <UPENN-GBM-00157> - Retired Person Name form,1
dcmqi / bamf_aimi_annotations,dciodvfy,1f584d839507,Warning,Warning - Value dubious for this VR - (TAG) PN Patient's Name PN [1] = <PD-1-Lung-00037> - Retired Person Name form,1
dcmqi / bamf_aimi_annotations,dciodvfy,1fd1d5c3a877,Warning,Warning - Value dubious for this VR - (TAG) PN Patient's Name PN [1] = <UPENN-GBM-00004> - Retired Person Name form,1
dcmqi / bamf_aimi_annotations,dciodvfy,22f5f02c4f00,Warning,Warning - Value dubious for this VR - (TAG) PN Patient's Name PN [1] = <UPENN-GBM-00091> - Retired Person Name form,1
dcmqi / bamf_aimi_annotations,dciodvfy,250f022406aa,Warning,Warning - Value dubious for this VR - (TAG) PN Patient's Name PN [1] = <UPENN-GBM-00534> - Retired Person Name form,1
dcmqi / bamf_aimi_annotations,dciodvfy,252156475a99,Warning,Warning - Value dubious for this VR - (TAG) PN Patient's Name PN [1] = <UPENN-GBM-00068> - Retired Person Name form,1
dcmqi / bamf_aimi_annotations,dciodvfy,26da94cb9f7a,Warning,Warning - Value dubious for this VR - (TAG) PN Patient's Name PN [1] = <UPENN-GBM-00516> - Retired Person Name form,1
dcmqi / bamf_aimi_annotations,dciodvfy,2866dc2d263d,Warning,Warning - Value dubious for this VR - (TAG) PN Patient's Name PN [1] = <Breast_MRI_683> - Retired Person Name form,1
dcmqi / bamf_aimi_annotations,dciodvfy,289689331d81,Warning,Warning - Value dubious for this VR - (TAG) PN Patient's Name PN [1] = <Breast_MRI_650> - Retired Person Name form,1
dcmqi / bamf_aimi_annotations,dciodvfy,28c87551c278,Warning,Warning - Value dubious for this VR - (TAG) PN Patient's Name PN [1] = <UPENN-GBM-00604> - Retired Person Name form,1
dcmqi / bamf_aimi_annotations,dciodvfy,291f73a23f94,Warning,Warning - Value dubious for this VR - (TAG) PN Patient's Name PN [1] = <Breast_MRI_163> - Retired Person Name form,1
dcmqi / bamf_aimi_annotations,dciodvfy,29eb782a3358,Warning,Warning - Value dubious for this VR - (TAG) PN Patient's Name PN [1] = <UPENN-GBM-00365> - Retired Person Name form,1
dcmqi / bamf_aimi_annotations,dciodvfy,2b4716887250,Warning,Warning - Value dubious for this VR - (TAG) PN Patient's Name PN [1] = <UPENN-GBM-00300> - Retired Person Name form,1
dcmqi / bamf_aimi_annotations,dciodvfy,2d20752e910a,Warning,Warning - Value dubious for this VR - (TAG) PN Patient's Name PN [1] = <Breast_MRI_605> - Retired Person Name form,1
dcmqi / bamf_aimi_annotations,dciodvfy,2dd71b84c887,Warning,Warning - Value dubious for this VR - (TAG) PN Patient's Name PN [1] = <UPENN-GBM-00101> - Retired Person Name form,1
dcmqi / bamf_aimi_annotations,dciodvfy,2e237433891f,Warning,Warning - Value dubious for this VR - (TAG) PN Patient's Name PN [1] = <Breast_MRI_074> - Retired Person Name form,1
dcmqi / bamf_aimi_annotations,dciodvfy,30880fe81b5f,Warning,Warning - Value dubious for this VR - (TAG) PN Patient's Name PN [1] = <UPENN-GBM-00608> - Retired Person Name form,1
dcmqi / bamf_aimi_annotations,dciodvfy,30d87fcd9e51,Warning,Warning - Value dubious for this VR - (TAG) PN Patient's Name PN [1] = <Prostate-MRI-US-Biopsy-1048> - Retired Person Name form,1
dcmqi / bamf_aimi_annotations,dciodvfy,31a9fd5c6a98,Warning,Warning - Value dubious for this VR - (TAG) PN Patient's Name PN [1] = <R01-052> - Retired Person Name form,1
dcmqi / bamf_aimi_annotations,dciodvfy,3221844fadf9,Warning,Warning - Value dubious for this VR - (TAG) PN Patient's Name PN [1] = <Breast_MRI_380> - Retired Person Name form,1
dcmqi / bamf_aimi_annotations,dciodvfy,335bea0f2913,Warning,Warning - Value dubious for this VR - (TAG) PN Patient's Name PN [1] = <Prostate-MRI-US-Biopsy-0496> - Retired Person Name form,1
dcmqi / bamf_aimi_annotations,dciodvfy,34a9dde36058,Warning,Warning - Value dubious for this VR - (TAG) PN Patient's Name PN [1] = <Prostate-MRI-US-Biopsy-1111> - Retired Person Name form,1
dcmqi / bamf_aimi_annotations,dciodvfy,34b34534c714,Warning,Warning - Value dubious for this VR - (TAG) PN Patient's Name PN [1] = <ProstateX-0337> - Retired Person Name form,1
dcmqi / bamf_aimi_annotations,dciodvfy,34e520801370,Warning,Warning - Value dubious for this VR - (TAG) PN Patient's Name PN [1] = <UPENN-GBM-00496> - Retired Person Name form,1
dcmqi / bamf_aimi_annotations,dciodvfy,36e6a51ffe56,Warning,Warning - Value dubious for this VR - (TAG) PN Patient's Name PN [1] = <QIN-BREAST-01-0033> - Retired Person Name form,1
dcmqi / bamf_aimi_annotations,dciodvfy,379ed15f7851,Warning,Warning - Value dubious for this VR - (TAG) PN Patient's Name PN [1] = <R01-122> - Retired Person Name form,1
dcmqi / bamf_aimi_annotations,dciodvfy,388af596637e,Warning,Warning - Value dubious for this VR - (TAG) PN Patient's Name PN [1] = <Prostate-MRI-US-Biopsy-0721> - Retired Person Name form,1
dcmqi / bamf_aimi_annotations,dciodvfy,3ab378f2c139,Warning,Warning - Value dubious for this VR - (TAG) PN Patient's Name PN [1] = <UPENN-GBM-00309> - Retired Person Name form,1
dcmqi / bamf_aimi_annotations,dciodvfy,3b4453ac28c5,Warning,Warning - Value dubious for this VR - (TAG) PN Patient's Name PN [1] = <UPENN-GBM-00406> - Retired Person Name form,1
dcmqi / bamf_aimi_annotations,dciodvfy,3b73e6ec7770,Warning,Warning - Value dubious for this VR - (TAG) PN Patient's Name PN [1] = <TCGA-DD-A4NJ> - Retired Person Name form,1
dcmqi / bamf_aimi_annotations,dciodvfy,3c5416413e07,Warning,Warning - Value dubious for this VR - (TAG) PN Patient's Name PN [1] = <Breast_MRI_557> - Retired Person Name form,1
dcmqi / bamf_aimi_annotations,dciodvfy,3d05a6d4540a,Warning,Warning - Value dubious for this VR - (TAG) PN Patient's Name PN [1] = <UPENN-GBM-00411> - Retired Person Name form,1
dcmqi / bamf_aimi_annotations,dciodvfy,3dc59f07dba1,Warning,Warning - Value dubious for this VR - (TAG) PN Patient's Name PN [1] = <R01-049> - Retired Person Name form,1
dcmqi / bamf_aimi_annotations,dciodvfy,3dc7e4b96e5e,Warning,Warning - Value dubious for this VR - (TAG) PN Patient's Name PN [1] = <Breast_MRI_342> - Retired Person Name form,1
dcmqi / bamf_aimi_annotations,dciodvfy,3e93f9c69144,Warning,Warning - Value dubious for this VR - (TAG) PN Patient's Name PN [1] = <AMC-043> - Retired Person Name form,1
dcmqi / bamf_aimi_annotations,dciodvfy,3eeb3679e73b,Warning,Warning - Value dubious for this VR - (TAG) PN Patient's Name PN [1] = <PD-1-Lung-00004> - Retired Person Name form,1
dcmqi / bamf_aimi_annotations,dciodvfy,3f085e1f59a1,Warning,Warning - Value dubious for this VR - (TAG) PN Patient's Name PN [1] = <ACRIN-NSCLC-FDG-PET-166> - Retired Person Name form,1
dcmqi / bamf_aimi_annotations,dciodvfy,3f5e95cd94a9,Warning,Warning - Value dubious for this VR - (TAG) PN Patient's Name PN [1] = <UPENN-GBM-00026> - Retired Person Name form,1
dcmqi / bamf_aimi_annotations,dciodvfy,40785f7c6a3a,Warning,Warning - Value dubious for this VR - (TAG) PN Patient's Name PN [1] = <TCGA-G3-A7M7> - Retired Person Name form,1
dcmqi / bamf_aimi_annotations,dciodvfy,41ef4678fca2,Warning,Warning - Value dubious for this VR - (TAG) PN Patient's Name PN [1] = <Breast_MRI_451> - Retired Person Name form,1
dcmqi / bamf_aimi_annotations,dciodvfy,435f0d36d034,Warning,Warning - Value dubious for this VR - (TAG) PN Patient's Name PN [1] = <UPENN-GBM-00085> - Retired Person Name form,1
dcmqi / bamf_aimi_annotations,dciodvfy,437857c2b352,Warning,Warning - Value dubious for this VR - (TAG) PN Patient's Name PN [1] = <Prostate-MRI-US-Biopsy-0399> - Retired Person Name form,1
dcmqi / bamf_aimi_annotations,dciodvfy,43eaddf754d2,Warning,Warning - Value dubious for this VR - (TAG) PN Patient's Name PN [1] = <TCGA-17-Z059> - Retired Person Name form,1
dcmqi / bamf_aimi_annotations,dciodvfy,4402523d0864,Warning,Warning - Value dubious for this VR - (TAG) PN Patient's Name PN [1] = <ACRIN-NSCLC-FDG-PET-042> - Retired Person Name form,1
dcmqi / bamf_aimi_annotations,dciodvfy,44c9486033f6,Warning,Warning - Value dubious for this VR - (TAG) PN Patient's Name PN [1] = <UPENN-GBM-00181> - Retired Person Name form,1
dcmqi / bamf_aimi_annotations,dciodvfy,44fc86078acf,Warning,Warning - Value dubious for this VR - (TAG) PN Patient's Name PN [1] = <Prostate-MRI-US-Biopsy-0707> - Retired Person Name form,1
dcmqi / bamf_aimi_annotations,dciodvfy,46198505ab05,Warning,Warning - Value dubious for this VR - (TAG) PN Patient's Name PN [1] = <UPENN-GBM-00107> - Retired Person Name form,1
dcmqi / bamf_aimi_annotations,dciodvfy,469494032e25,Warning,Warning - Value dubious for this VR - (TAG) PN Patient's Name PN [1] = <UPENN-GBM-00366> - Retired Person Name form,1
dcmqi / bamf_aimi_annotations,dciodvfy,4714bf57bf2e,Warning,Warning - Value dubious for this VR - (TAG) PN Patient's Name PN [1] = <QIN-BREAST-01-0012> - Retired Person Name form,1
dcmqi / bamf_aimi_annotations,dciodvfy,4808b0bb3050,Warning,Warning - Value dubious for this VR - (TAG) PN Patient's Name PN [1] = <UPENN-GBM-00196> - Retired Person Name form,1
dcmqi / bamf_aimi_annotations,dciodvfy,48bb8c33b1a9,Warning,Warning - Value dubious for this VR - (TAG) PN Patient's Name PN [1] = <ACRIN-NSCLC-FDG-PET-006> - Retired Person Name form,1
dcmqi / bamf_aimi_annotations,dciodvfy,49694388a848,Warning,Warning - Value dubious for this VR - (TAG) PN Patient's Name PN [1] = <HCC_080> - Retired Person Name form,1
dcmqi / bamf_aimi_annotations,dciodvfy,497710e0f90d,Warning,Warning - Value dubious for this VR - (TAG) PN Patient's Name PN [1] = <UPENN-GBM-00206> - Retired Person Name form,1
dcmqi / bamf_aimi_annotations,dciodvfy,4a7c41e93c75,Warning,Warning - Value dubious for this VR - (TAG) PN Patient's Name PN [1] = <R01-034> - Retired Person Name form,1
dcmqi / bamf_aimi_annotations,dciodvfy,4b14a196f5f6,Warning,Warning - Value dubious for this VR - (TAG) PN Patient's Name PN [1] = <UPENN-GBM-00033> - Retired Person Name form,1
dcmqi / bamf_aimi_annotations,dciodvfy,4b67d8d30dc8,Warning,Warning - Value dubious for this VR - (TAG) PN Patient's Name PN [1] = <ACRIN-NSCLC-FDG-PET-075> - Retired Person Name form,1
dcmqi / bamf_aimi_annotations,dciodvfy,4bcc583fa8b4,Warning,Warning - Value dubious for this VR - (TAG) PN Patient's Name PN [1] = <R01-096> - Retired Person Name form,1
dcmqi / bamf_aimi_annotations,dciodvfy,4c565eb96ba4,Warning,Warning - Value dubious for this VR - (TAG) PN Patient's Name PN [1] = <UPENN-GBM-00518> - Retired Person Name form,1
dcmqi / bamf_aimi_annotations,dciodvfy,4ca7528f50d2,Warning,Warning - Value dubious for this VR - (TAG) PN Patient's Name PN [1] = <Prostate-MRI-US-Biopsy-0061> - Retired Person Name form,1
dcmqi / bamf_aimi_annotations,dciodvfy,4cb87d7aae16,Warning,Warning - Value dubious for this VR - (TAG) PN Patient's Name PN [1] = <LUNGx-CT020> - Retired Person Name form,1
dcmqi / bamf_aimi_annotations,dciodvfy,4de7c01f921f,Warning,Warning - Value dubious for this VR - (TAG) PN Patient's Name PN [1] = <R01-108> - Retired Person Name form,1
dcmqi / bamf_aimi_annotations,dciodvfy,4df209667a47,Warning,Warning - Value dubious for this VR - (TAG) PN Patient's Name PN [1] = <Prostate-MRI-US-Biopsy-0942> - Retired Person Name form,1
dcmqi / bamf_aimi_annotations,dciodvfy,4eb5fd851e9a,Warning,Warning - Value dubious for this VR - (TAG) PN Patient's Name PN [1] = <UPENN-GBM-00009> - Retired Person Name form,1
dcmqi / bamf_aimi_annotations,dciodvfy,4f0b114c4c66,Warning,Warning - Unrecognized defined term <99IDX> for value 1 of attribute <Coding Scheme Designator>,1
dcmqi / bamf_aimi_annotations,dciodvfy,4f4d2a7d6538,Warning,Warning - Value dubious for this VR - (TAG) PN Patient's Name PN [1] = <UPENN-GBM-00531> - Retired Person Name form,1
dcmqi / bamf_aimi_annotations,dciodvfy,4f7d9aa1673e,Warning,Warning - Value dubious for this VR - (TAG) PN Patient's Name PN [1] = <UPENN-GBM-00326> - Retired Person Name form,1
dcmqi / bamf_aimi_annotations,dciodvfy,50a9a0ff2ee9,Warning,Warning - Value dubious for this VR - (TAG) PN Patient's Name PN [1] = <UPENN-GBM-00619> - Retired Person Name form,1
dcmqi / bamf_aimi_annotations,dciodvfy,50f603841a7a,Warning,Warning - Value dubious for this VR - (TAG) PN Patient's Name PN [1] = <UPENN-GBM-00389> - Retired Person Name form,1
dcmqi / bamf_aimi_annotations,dciodvfy,51507761b535,Warning,Warning - Value dubious for this VR - (TAG) PN Patient's Name PN [1] = <QIN-BREAST-01-0017> - Retired Person Name form,1
dcmqi / bamf_aimi_annotations,dciodvfy,54de840fa719,Warning,Warning - Value dubious for this VR - (TAG) PN Patient's Name PN [1] = <HCC_076> - Retired Person Name form,1
dcmqi / bamf_aimi_annotations,dciodvfy,57dc96be7057,Warning,Warning - Value dubious for this VR - (TAG) PN Patient's Name PN [1] = <UPENN-GBM-00053> - Retired Person Name form,1
dcmqi / bamf_aimi_annotations,dciodvfy,583a63a1975a,Warning,Warning - Value dubious for this VR - (TAG) PN Patient's Name PN [1] = <TCGA-CJ-5680> - Retired Person Name form,1
dcmqi / bamf_aimi_annotations,dciodvfy,58401ce97682,Warning,Warning - Value dubious for this VR - (TAG) PN Patient's Name PN [1] = <HCC_010> - Retired Person Name form,1
dcmqi / bamf_aimi_annotations,dciodvfy,5898614e007a,Warning,Warning - Value dubious for this VR - (TAG) PN Patient's Name PN [1] = <UPENN-GBM-00184> - Retired Person Name form,1
dcmqi / bamf_aimi_annotations,dciodvfy,5a2dc16dc72a,Warning,Warning - Value dubious for this VR - (TAG) PN Patient's Name PN [1] = <UPENN-GBM-00479> - Retired Person Name form,1
dcmqi / bamf_aimi_annotations,dciodvfy,5a2f4c9fe483,Warning,Warning - Value dubious for this VR - (TAG) PN Patient's Name PN [1] = <CRLM-CT-1124> - Retired Person Name form,1
dcmqi / bamf_aimi_annotations,dciodvfy,5afbe3b9649e,Warning,Warning - Value dubious for this VR - (TAG) PN Patient's Name PN [1] = <Lung_Dx-A0080> - Retired Person Name form,1
dcmqi / bamf_aimi_annotations,dciodvfy,5bf91e9d2bb2,Warning,Warning - Value dubious for this VR - (TAG) PN Patient's Name PN [1] = <Prostate-MRI-US-Biopsy-0688> - Retired Person Name form,1
dcmqi / bamf_aimi_annotations,dciodvfy,5c1cb91f04da,Warning,Warning - Value dubious for this VR - (TAG) PN Patient's Name PN [1] = <Prostate-MRI-US-Biopsy-0526> - Retired Person Name form,1
dcmqi / bamf_aimi_annotations,dciodvfy,5c43fb878793,Warning,Warning - Value dubious for this VR - (TAG) PN Patient's Name PN [1] = <ACRIN-NSCLC-FDG-PET-084> - Retired Person Name form,1
dcmqi / bamf_aimi_annotations,dciodvfy,5c664479ce47,Warning,Warning - Value dubious for this VR - (TAG) PN Patient's Name PN [1] = <Breast_MRI_541> - Retired Person Name form,1
dcmqi / bamf_aimi_annotations,dciodvfy,5cefb58376f4,Warning,Warning - Value dubious for this VR - (TAG) PN Patient's Name PN [1] = <UPENN-GBM-00613> - Retired Person Name form,1
dcmqi / bamf_aimi_annotations,dciodvfy,5d7f36b05de2,Warning,Warning - Value dubious for this VR - (TAG) PN Patient's Name PN [1] = <Breast_MRI_692> - Retired Person Name form,1
dcmqi / bamf_aimi_annotations,dciodvfy,5df5b52e91c9,Warning,Warning - Value dubious for this VR - (TAG) PN Patient's Name PN [1] = <Prostate-MRI-US-Biopsy-1068> - Retired Person Name form,1
dcmqi / bamf_aimi_annotations,dciodvfy,5e49348b6222,Warning,Warning - Value dubious for this VR - (TAG) PN Patient's Name PN [1] = <UPENN-GBM-00364> - Retired Person Name form,1
dcmqi / bamf_aimi_annotations,dciodvfy,5e4e0c4039db,Warning,Warning - Value dubious for this VR - (TAG) PN Patient's Name PN [1] = <UPENN-GBM-00066> - Retired Person Name form,1
dcmqi / bamf_aimi_annotations,dciodvfy,5f0120680242,Warning,Warning - Value dubious for this VR - (TAG) PN Patient's Name PN [1] = <R01-014> - Retired Person Name form,1
dcmqi / bamf_aimi_annotations,dciodvfy,5fdc280eec0b,Warning,Warning - Value dubious for this VR - (TAG) PN Patient's Name PN [1] = <Prostate-MRI-US-Biopsy-0922> - Retired Person Name form,1
dcmqi / bamf_aimi_annotations,dciodvfy,617923b7aab3,Warning,Warning - Value dubious for this VR - (TAG) PN Patient's Name PN [1] = <Breast_MRI_576> - Retired Person Name form,1
dcmqi / bamf_aimi_annotations,dciodvfy,6250fe2eace7,Warning,Warning - Value dubious for this VR - (TAG) PN Patient's Name PN [1] = <HCC_018> - Retired Person Name form,1
dcmqi / bamf_aimi_annotations,dciodvfy,62be62172707,Warning,Warning - Value dubious for this VR - (TAG) PN Patient's Name PN [1] = <Prostate-MRI-US-Biopsy-0916> - Retired Person Name form,1
dcmqi / bamf_aimi_annotations,dciodvfy,637d6b676e8d,Warning,Warning - Value dubious for this VR - (TAG) PN Patient's Name PN [1] = <Breast_MRI_203> - Retired Person Name form,1
dcmqi / bamf_aimi_annotations,dciodvfy,6385ee506694,Warning,Warning - Value dubious for this VR - (TAG) PN Patient's Name PN [1] = <ProstateX-0257> - Retired Person Name form,1
dcmqi / bamf_aimi_annotations,dciodvfy,63bda5bf482b,Warning,Warning - Value dubious for this VR - (TAG) PN Patient's Name PN [1] = <Prostate-MRI-US-Biopsy-0613> - Retired Person Name form,1
dcmqi / bamf_aimi_annotations,dciodvfy,643fa2498bd4,Warning,Warning - Value dubious for this VR - (TAG) PN Patient's Name PN [1] = <ACRIN-NSCLC-FDG-PET-046> - Retired Person Name form,1
dcmqi / bamf_aimi_annotations,dciodvfy,647ac54a37c5,Warning,Warning - Value dubious for this VR - (TAG) PN Patient's Name PN [1] = <UPENN-GBM-00182> - Retired Person Name form,1
dcmqi / bamf_aimi_annotations,dciodvfy,6568b47b0141,Warning,Warning - Value dubious for this VR - (TAG) PN Patient's Name PN [1] = <UPENN-GBM-00343> - Retired Person Name form,1
dcmqi / bamf_aimi_annotations,dciodvfy,658ee14cc228,Warning,Warning - Value dubious for this VR - (TAG) PN Patient's Name PN [1] = <UPENN-GBM-00585> - Retired Person Name form,1
dcmqi / bamf_aimi_annotations,dciodvfy,6734c79fac43,Warning,Warning - Value dubious for this VR - (TAG) PN Patient's Name PN [1] = <ProstateX-0280> - Retired Person Name form,1
dcmqi / bamf_aimi_annotations,dciodvfy,683b00491d12,Warning,Warning - Value dubious for this VR - (TAG) PN Patient's Name PN [1] = <ProstateX-0138> - Retired Person Name form,1
dcmqi / bamf_aimi_annotations,dciodvfy,6895c503b2ec,Warning,Warning - Value dubious for this VR - (TAG) PN Patient's Name PN [1] = <UPENN-GBM-00376> - Retired Person Name form,1
dcmqi / bamf_aimi_annotations,dciodvfy,68cf848fa131,Warning,Warning - Value dubious for this VR - (TAG) PN Patient's Name PN [1] = <HCC_060> - Retired Person Name form,1
dcmqi / bamf_aimi_annotations,dciodvfy,6a1fb83190be,Warning,Warning - Value dubious for this VR - (TAG) PN Patient's Name PN [1] = <UPENN-GBM-00415> - Retired Person Name form,1
dcmqi / bamf_aimi_annotations,dciodvfy,6bfffd124b2d,Warning,Warning - Value dubious for this VR - (TAG) PN Patient's Name PN [1] = <UPENN-GBM-00542> - Retired Person Name form,1
dcmqi / bamf_aimi_annotations,dciodvfy,6c03e2875e3a,Warning,Warning - Value dubious for this VR - (TAG) PN Patient's Name PN [1] = <ProstateX-0116> - Retired Person Name form,1
dcmqi / bamf_aimi_annotations,dciodvfy,6c4f6d06ce61,Warning,Warning - Value dubious for this VR - (TAG) PN Patient's Name PN [1] = <UPENN-GBM-00338> - Retired Person Name form,1
dcmqi / bamf_aimi_annotations,dciodvfy,6d40710df8c3,Warning,Warning - Value dubious for this VR - (TAG) PN Patient's Name PN [1] = <UPENN-GBM-00282> - Retired Person Name form,1
dcmqi / bamf_aimi_annotations,dciodvfy,6dc3cf32172e,Warning,Warning - Value dubious for this VR - (TAG) PN Patient's Name PN [1] = <UPENN-GBM-00046> - Retired Person Name form,1
dcmqi / bamf_aimi_annotations,dciodvfy,6e0b572cb3f7,Warning,Warning - Value dubious for this VR - (TAG) PN Patient's Name PN [1] = <TCGA-CJ-4872> - Retired Person Name form,1
dcmqi / bamf_aimi_annotations,dciodvfy,707fe0256722,Warning,Warning - Value dubious for this VR - (TAG) PN Patient's Name PN [1] = <UPENN-GBM-00220> - Retired Person Name form,1
dcmqi / bamf_aimi_annotations,dciodvfy,71ecabf6cca2,Warning,Warning - Value dubious for this VR - (TAG) PN Patient's Name PN [1] = <HCC_024> - Retired Person Name form,1
dcmqi / bamf_aimi_annotations,dciodvfy,73e89b58cbaa,Warning,Warning - Value dubious for this VR - (TAG) PN Patient's Name PN [1] = <HCC_044> - Retired Person Name form,1
dcmqi / bamf_aimi_annotations,dciodvfy,74041e4631f1,Warning,Warning - Value dubious for this VR - (TAG) PN Patient's Name PN [1] = <UPENN-GBM-00477> - Retired Person Name form,1
dcmqi / bamf_aimi_annotations,dciodvfy,74b6bf9be886,Warning,Warning - Value dubious for this VR - (TAG) PN Patient's Name PN [1] = <Breast_MRI_088> - Retired Person Name form,1
dcmqi / bamf_aimi_annotations,dciodvfy,75f36e4e58f3,Warning,Warning - Value dubious for this VR - (TAG) PN Patient's Name PN [1] = <UPENN-GBM-00136> - Retired Person Name form,1
dcmqi / bamf_aimi_annotations,dciodvfy,762b81ac8fd4,Warning,Warning - Value dubious for this VR - (TAG) PN Patient's Name PN [1] = <ProstateX-0065> - Retired Person Name form,1
dcmqi / bamf_aimi_annotations,dciodvfy,76add85765e4,Warning,Warning - Value dubious for this VR - (TAG) PN Patient's Name PN [1] = <UPENN-GBM-00616> - Retired Person Name form,1
dcmqi / bamf_aimi_annotations,dciodvfy,776ab9cb8a04,Warning,Warning - Value dubious for this VR - (TAG) PN Patient's Name PN [1] = <Prostate-MRI-US-Biopsy-0819> - Retired Person Name form,1
dcmqi / bamf_aimi_annotations,dciodvfy,788ce79db2d5,Warning,Warning - Value dubious for this VR - (TAG) PN Patient's Name PN [1] = <Prostate-MRI-US-Biopsy-0186> - Retired Person Name form,1
dcmqi / bamf_aimi_annotations,dciodvfy,79ca8b352723,Warning,Warning - Value dubious for this VR - (TAG) PN Patient's Name PN [1] = <Breast_MRI_536> - Retired Person Name form,1
dcmqi / bamf_aimi_annotations,dciodvfy,7a51a9033aff,Warning,Warning - Value dubious for this VR - (TAG) PN Patient's Name PN [1] = <UPENN-GBM-00504> - Retired Person Name form,1
dcmqi / bamf_aimi_annotations,dciodvfy,7b9d34d04e37,Warning,Warning - Value dubious for this VR - (TAG) PN Patient's Name PN [1] = <CRLM-CT-1009> - Retired Person Name form,1
dcmqi / bamf_aimi_annotations,dciodvfy,7bd0b2d88500,Warning,Warning - Value dubious for this VR - (TAG) PN Patient's Name PN [1] = <UPENN-GBM-00100> - Retired Person Name form,1
dcmqi / bamf_aimi_annotations,dciodvfy,7c7159a1dfec,Warning,Warning - Value dubious for this VR - (TAG) PN Patient's Name PN [1] = <UPENN-GBM-00229> - Retired Person Name form,1
dcmqi / bamf_aimi_annotations,dciodvfy,7deebf404a87,Warning,Warning - Value dubious for this VR - (TAG) PN Patient's Name PN [1] = <UPENN-GBM-00624> - Retired Person Name form,1
dcmqi / bamf_aimi_annotations,dciodvfy,7e12330d2e39,Warning,Warning - Value dubious for this VR - (TAG) PN Patient's Name PN [1] = <UPENN-GBM-00556> - Retired Person Name form,1
dcmqi / bamf_aimi_annotations,dciodvfy,7e3564a055f5,Warning,Warning - Value dubious for this VR - (TAG) PN Patient's Name PN [1] = <ProstateX-0006> - Retired Person Name form,1
dcmqi / bamf_aimi_annotations,dciodvfy,7e816b2f34b5,Warning,Warning - Value dubious for this VR - (TAG) PN Patient's Name PN [1] = <R01-094> - Retired Person Name form,1
dcmqi / bamf_aimi_annotations,dciodvfy,7efa178fdb34,Warning,Warning - Value dubious for this VR - (TAG) PN Patient's Name PN [1] = <UPENN-GBM-00486> - Retired Person Name form,1
dcmqi / bamf_aimi_annotations,dciodvfy,8018e4528aa1,Warning,Warning - Value dubious for this VR - (TAG) PN Patient's Name PN [1] = <UPENN-GBM-00443> - Retired Person Name form,1
dcmqi / bamf_aimi_annotations,dciodvfy,8044b35bb45c,Warning,Warning - Value dubious for this VR - (TAG) PN Patient's Name PN [1] = <TCGA-K7-A5RF> - Retired Person Name form,1
dcmqi / bamf_aimi_annotations,dciodvfy,805cd800b869,Warning,Warning - Value dubious for this VR - (TAG) PN Patient's Name PN [1] = <Breast_MRI_060> - Retired Person Name form,1
dcmqi / bamf_aimi_annotations,dciodvfy,809f0857849b,Warning,Warning - Value dubious for this VR - (TAG) PN Patient's Name PN [1] = <Lung_Dx-G0032> - Retired Person Name form,1
dcmqi / bamf_aimi_annotations,dciodvfy,81df3f30202d,Warning,Warning - Value dubious for this VR - (TAG) PN Patient's Name PN [1] = <QIN-BREAST-01-0031> - Retired Person Name form,1
dcmqi / bamf_aimi_annotations,dciodvfy,82181da95fd5,Warning,Warning - Value dubious for this VR - (TAG) PN Patient's Name PN [1] = <Breast_MRI_379> - Retired Person Name form,1
dcmqi / bamf_aimi_annotations,dciodvfy,836d75bb5ee2,Warning,Warning - Value dubious for this VR - (TAG) PN Patient's Name PN [1] = <ProstateX-0264> - Retired Person Name form,1
dcmqi / bamf_aimi_annotations,dciodvfy,83749c3672eb,Warning,Warning - Value dubious for this VR - (TAG) PN Patient's Name PN [1] = <Prostate-MRI-US-Biopsy-0229> - Retired Person Name form,1
dcmqi / bamf_aimi_annotations,dciodvfy,8449ae04908a,Warning,Warning - Value dubious for this VR - (TAG) PN Patient's Name PN [1] = <UPENN-GBM-00521> - Retired Person Name form,1
dcmqi / bamf_aimi_annotations,dciodvfy,8641588d6d21,Error,Error - Missing attribute Type 1C Conditional Element=<CodeValue> Module=<BasicCodeSequenceMacro>,1
dcmqi / bamf_aimi_annotations,dciodvfy,873273ce4dd8,Warning,Warning - Value dubious for this VR - (TAG) PN Patient's Name PN [1] = <ACRIN-NSCLC-FDG-PET-230> - Retired Person Name form,1
dcmqi / bamf_aimi_annotations,dciodvfy,8892e555af7d,Warning,Warning - Value dubious for this VR - (TAG) PN Patient's Name PN [1] = <CRLM-CT-1041> - Retired Person Name form,1
dcmqi / bamf_aimi_annotations,dciodvfy,8921fc2e34fd,Warning,Warning - Value dubious for this VR - (TAG) PN Patient's Name PN [1] = <Breast_MRI_768> - Retired Person Name form,1
dcmqi / bamf_aimi_annotations,dciodvfy,892ec7839d74,Warning,Warning - Value dubious for this VR - (TAG) PN Patient's Name PN [1] = <ACRIN-NSCLC-FDG-PET-080> - Retired Person Name form,1
dcmqi / bamf_aimi_annotations,dciodvfy,898b74b99ad8,Warning,Warning - Value dubious for this VR - (TAG) PN Patient's Name PN [1] = <HCC_088> - Retired Person Name form,1
dcmqi / bamf_aimi_annotations,dciodvfy,899bb9402a43,Warning,Warning - Value dubious for this VR - (TAG) PN Patient's Name PN [1] = <TCGA-BP-5186> - Retired Person Name form,1
dcmqi / bamf_aimi_annotations,dciodvfy,89f40219347d,Warning,Warning - Value dubious for this VR - (TAG) PN Patient's Name PN [1] = <ProstateX-0245> - Retired Person Name form,1
dcmqi / bamf_aimi_annotations,dciodvfy,8a6eedc5d196,Warning,Warning - Value dubious for this VR - (TAG) PN Patient's Name PN [1] = <Breast_MRI_701> - Retired Person Name form,1
dcmqi / bamf_aimi_annotations,dciodvfy,8ad206cb1772,Warning,Warning - Value dubious for this VR - (TAG) PN Patient's Name PN [1] = <Prostate-MRI-US-Biopsy-0281> - Retired Person Name form,1
dcmqi / bamf_aimi_annotations,dciodvfy,8b044aaeca6d,Warning,Warning - Value dubious for this VR - (TAG) PN Patient's Name PN [1] = <ProstateX-0135> - Retired Person Name form,1
dcmqi / bamf_aimi_annotations,dciodvfy,8b6529515473,Warning,Warning - Value dubious for this VR - (TAG) PN Patient's Name PN [1] = <UPENN-GBM-00325> - Retired Person Name form,1
dcmqi / bamf_aimi_annotations,dciodvfy,8c4b0ac70cab,Warning,Warning - Value dubious for this VR - (TAG) PN Patient's Name PN [1] = <TCGA-DD-A4NB> - Retired Person Name form,1
dcmqi / bamf_aimi_annotations,dciodvfy,8c5a50a00917,Warning,Warning - Value dubious for this VR - (TAG) PN Patient's Name PN [1] = <Breast_MRI_627> - Retired Person Name form,1
dcmqi / bamf_aimi_annotations,dciodvfy,9090ffae6468,Warning,Warning - Value dubious for this VR - (TAG) PN Patient's Name PN [1] = <Prostate-MRI-US-Biopsy-0475> - Retired Person Name form,1
dcmqi / bamf_aimi_annotations,dciodvfy,91b29600958d,Warning,Warning - Value dubious for this VR - (TAG) PN Patient's Name PN [1] = <UPENN-GBM-00418> - Retired Person Name form,1
dcmqi / bamf_aimi_annotations,dciodvfy,925dffb8ebd4,Warning,Warning - Value dubious for this VR - (TAG) PN Patient's Name PN [1] = <Prostate-MRI-US-Biopsy-0495> - Retired Person Name form,1
dcmqi / bamf_aimi_annotations,dciodvfy,92d21210ceba,Warning,Warning - Value dubious for this VR - (TAG) PN Patient's Name PN [1] = <ProstateX-0148> - Retired Person Name form,1
dcmqi / bamf_aimi_annotations,dciodvfy,93361290bf1f,Warning,Warning - Value dubious for this VR - (TAG) PN Patient's Name PN [1] = <Prostate-MRI-US-Biopsy-0727> - Retired Person Name form,1
dcmqi / bamf_aimi_annotations,dciodvfy,9404680f834c,Warning,Warning - Value dubious for this VR - (TAG) PN Patient's Name PN [1] = <UPENN-GBM-00216> - Retired Person Name form,1
dcmqi / bamf_aimi_annotations,dciodvfy,94918eaf46f1,Warning,Warning - Value dubious for this VR - (TAG) PN Patient's Name PN [1] = <Breast_MRI_776> - Retired Person Name form,1
dcmqi / bamf_aimi_annotations,dciodvfy,9570937e1b45,Warning,Warning - Value dubious for this VR - (TAG) PN Patient's Name PN [1] = <Breast_MRI_473> - Retired Person Name form,1
dcmqi / bamf_aimi_annotations,dciodvfy,96238069b595,Warning,Warning - Value dubious for this VR - (TAG) PN Patient's Name PN [1] = <R01-121> - Retired Person Name form,1
dcmqi / bamf_aimi_annotations,dciodvfy,969eda0e265f,Warning,Warning - Value dubious for this VR - (TAG) PN Patient's Name PN [1] = <Prostate-MRI-US-Biopsy-0461> - Retired Person Name form,1
dcmqi / bamf_aimi_annotations,dciodvfy,9783134b026d,Warning,Warning - Value dubious for this VR - (TAG) PN Patient's Name PN [1] = <R01-088> - Retired Person Name form,1
dcmqi / bamf_aimi_annotations,dciodvfy,984a1e6ee7c2,Warning,Warning - Value dubious for this VR - (TAG) PN Patient's Name PN [1] = <UPENN-GBM-00611> - Retired Person Name form,1
dcmqi / bamf_aimi_annotations,dciodvfy,985a66d8044b,Warning,Warning - Value dubious for this VR - (TAG) PN Patient's Name PN [1] = <ACRIN-NSCLC-FDG-PET-016> - Retired Person Name form,1
dcmqi / bamf_aimi_annotations,dciodvfy,994b6ccc1613,Warning,Warning - Value dubious for this VR - (TAG) PN Patient's Name PN [1] = <UPENN-GBM-00378> - Retired Person Name form,1
dcmqi / bamf_aimi_annotations,dciodvfy,9b1cede52ffc,Warning,Warning - Value dubious for this VR - (TAG) PN Patient's Name PN [1] = <R01-059> - Retired Person Name form,1
dcmqi / bamf_aimi_annotations,dciodvfy,9b5c11e91664,Warning,Warning - Value dubious for this VR - (TAG) PN Patient's Name PN [1] = <Lung_Dx-A0024> - Retired Person Name form,1
dcmqi / bamf_aimi_annotations,dciodvfy,9beb78b4782e,Warning,Warning - Value dubious for this VR - (TAG) PN Patient's Name PN [1] = <UPENN-GBM-00194> - Retired Person Name form,1
dcmqi / bamf_aimi_annotations,dciodvfy,9c03e77ef1e1,Warning,Warning - Value dubious for this VR - (TAG) PN Patient's Name PN [1] = <UPENN-GBM-00442> - Retired Person Name form,1
dcmqi / bamf_aimi_annotations,dciodvfy,9e243289e34f,Warning,Warning - Unrecognized defined term <LOCAL> for value 1 of attribute <Coding Scheme Designator>,1
dcmqi / bamf_aimi_annotations,dciodvfy,9fc687e25d9f,Warning,Warning - Value dubious for this VR - (TAG) PN Patient's Name PN [1] = <LUNGx-CT047> - Retired Person Name form,1
dcmqi / bamf_aimi_annotations,dciodvfy,a0e78bc34ebf,Warning,Warning - Value dubious for this VR - (TAG) PN Patient's Name PN [1] = <ACRIN-NSCLC-FDG-PET-208> - Retired Person Name form,1
dcmqi / bamf_aimi_annotations,dciodvfy,a16f4a17f6b3,Warning,Warning - Value dubious for this VR - (TAG) PN Patient's Name PN [1] = <UPENN-GBM-00537> - Retired Person Name form,1
dcmqi / bamf_aimi_annotations,dciodvfy,a2f66f068dba,Warning,Warning - Value dubious for this VR - (TAG) PN Patient's Name PN [1] = <CRLM-CT-1056> - Retired Person Name form,1
dcmqi / bamf_aimi_annotations,dciodvfy,a38264d86603,Warning,Warning - Value dubious for this VR - (TAG) PN Patient's Name PN [1] = <Breast_MRI_500> - Retired Person Name form,1
dcmqi / bamf_aimi_annotations,dciodvfy,a532c7518e8f,Warning,Warning - Value dubious for this VR - (TAG) PN Patient's Name PN [1] = <QIN-BREAST-01-0014> - Retired Person Name form,1
dcmqi / bamf_aimi_annotations,dciodvfy,a573b68ddc9b,Warning,Warning - Value dubious for this VR - (TAG) PN Patient's Name PN [1] = <UPENN-GBM-00371> - Retired Person Name form,1
dcmqi / bamf_aimi_annotations,dciodvfy,a5970281aab1,Warning,Warning - Value dubious for this VR - (TAG) PN Patient's Name PN [1] = <TCGA-DD-A4NE> - Retired Person Name form,1
dcmqi / bamf_aimi_annotations,dciodvfy,a711ab4c51e0,Warning,Warning - Value dubious for this VR - (TAG) PN Patient's Name PN [1] = <ACRIN-NSCLC-FDG-PET-236> - Retired Person Name form,1
dcmqi / bamf_aimi_annotations,dciodvfy,a7be36ffca2e,Warning,Warning - Value dubious for this VR - (TAG) PN Patient's Name PN [1] = <QIN-LSC-0049> - Retired Person Name form,1
dcmqi / bamf_aimi_annotations,dciodvfy,a84d98312e5c,Warning,Warning - Value dubious for this VR - (TAG) PN Patient's Name PN [1] = <R01-032> - Retired Person Name form,1
dcmqi / bamf_aimi_annotations,dciodvfy,a930b8a0b133,Warning,Warning - Value dubious for this VR - (TAG) PN Patient's Name PN [1] = <TCGA-BP-4964> - Retired Person Name form,1
dcmqi / bamf_aimi_annotations,dciodvfy,a9a80092024c,Warning,Warning - Value dubious for this VR - (TAG) PN Patient's Name PN [1] = <UPENN-GBM-00626> - Retired Person Name form,1
dcmqi / bamf_aimi_annotations,dciodvfy,a9f53a1efbd6,Warning,Warning - Value dubious for this VR - (TAG) PN Patient's Name PN [1] = <Breast_MRI_069> - Retired Person Name form,1
dcmqi / bamf_aimi_annotations,dciodvfy,aa7cefb8c916,Warning,Warning - Value dubious for this VR - (TAG) PN Patient's Name PN [1] = <Breast_MRI_645> - Retired Person Name form,1
dcmqi / bamf_aimi_annotations,dciodvfy,ac7300ffb8a2,Warning,Warning - Value dubious for this VR - (TAG) PN Patient's Name PN [1] = <Lung_Dx-A0099> - Retired Person Name form,1
dcmqi / bamf_aimi_annotations,dciodvfy,acfec5251095,Warning,Warning - Value dubious for this VR - (TAG) PN Patient's Name PN [1] = <UPENN-GBM-00131> - Retired Person Name form,1
dcmqi / bamf_aimi_annotations,dciodvfy,ad703dba9750,Warning,Warning - Value dubious for this VR - (TAG) PN Patient's Name PN [1] = <UPENN-GBM-00313> - Retired Person Name form,1
dcmqi / bamf_aimi_annotations,dciodvfy,af369fef633c,Warning,Warning - Value dubious for this VR - (TAG) PN Patient's Name PN [1] = <Breast_MRI_875> - Retired Person Name form,1
dcmqi / bamf_aimi_annotations,dciodvfy,b49b7134d1c3,Warning,Warning - Value dubious for this VR - (TAG) PN Patient's Name PN [1] = <Breast_MRI_740> - Retired Person Name form,1
dcmqi / bamf_aimi_annotations,dciodvfy,b6ab3ee224b6,Warning,Warning - Value dubious for this VR - (TAG) PN Patient's Name PN [1] = <UPENN-GBM-00561> - Retired Person Name form,1
dcmqi / bamf_aimi_annotations,dciodvfy,b70834fa830a,Warning,Warning - Value dubious for this VR - (TAG) PN Patient's Name PN [1] = <UPENN-GBM-00108> - Retired Person Name form,1
dcmqi / bamf_aimi_annotations,dciodvfy,b84f02c2ffa0,Warning,Warning - Value dubious for this VR - (TAG) PN Patient's Name PN [1] = <ACRIN-NSCLC-FDG-PET-063> - Retired Person Name form,1
dcmqi / bamf_aimi_annotations,dciodvfy,b994b994892c,Warning,Warning - Value dubious for this VR - (TAG) PN Patient's Name PN [1] = <Prostate-MRI-US-Biopsy-0110> - Retired Person Name form,1
dcmqi / bamf_aimi_annotations,dciodvfy,bb071b90ea00,Warning,Warning - Value dubious for this VR - (TAG) PN Patient's Name PN [1] = <TCGA-DD-A4NK> - Retired Person Name form,1
dcmqi / bamf_aimi_annotations,dciodvfy,bb14e4e4b07f,Warning,Warning - Value dubious for this VR - (TAG) PN Patient's Name PN [1] = <Prostate-MRI-US-Biopsy-0185> - Retired Person Name form,1
dcmqi / bamf_aimi_annotations,dciodvfy,bf281d33abd6,Warning,Warning - Value dubious for this VR - (TAG) PN Patient's Name PN [1] = <Breast_MRI_857> - Retired Person Name form,1
dcmqi / bamf_aimi_annotations,dciodvfy,bf5f839eb742,Warning,Warning - Value dubious for this VR - (TAG) PN Patient's Name PN [1] = <ACRIN-NSCLC-FDG-PET-100> - Retired Person Name form,1
dcmqi / bamf_aimi_annotations,dciodvfy,bf692a8dcb64,Warning,Warning - Value dubious for this VR - (TAG) PN Patient's Name PN [1] = <R01-100> - Retired Person Name form,1
dcmqi / bamf_aimi_annotations,dciodvfy,bfe2420bd936,Warning,Warning - Value dubious for this VR - (TAG) PN Patient's Name PN [1] = <ACRIN-NSCLC-FDG-PET-087> - Retired Person Name form,1
dcmqi / bamf_aimi_annotations,dciodvfy,c2a4fcbcd947,Warning,Warning - Value dubious for this VR - (TAG) PN Patient's Name PN [1] = <Breast_MRI_004> - Retired Person Name form,1
dcmqi / bamf_aimi_annotations,dciodvfy,c3be6d109713,Warning,Warning - Value dubious for this VR - (TAG) PN Patient's Name PN [1] = <UPENN-GBM-00265> - Retired Person Name form,1
dcmqi / bamf_aimi_annotations,dciodvfy,c3c2af0e622a,Warning,Warning - Value dubious for this VR - (TAG) PN Patient's Name PN [1] = <ProstateX-0109> - Retired Person Name form,1
dcmqi / bamf_aimi_annotations,dciodvfy,c419804f60cd,Warning,Warning - Value dubious for this VR - (TAG) PN Patient's Name PN [1] = <UPENN-GBM-00367> - Retired Person Name form,1
dcmqi / bamf_aimi_annotations,dciodvfy,c4ec21e86704,Warning,Warning - Value dubious for this VR - (TAG) PN Patient's Name PN [1] = <Breast_MRI_245> - Retired Person Name form,1
dcmqi / bamf_aimi_annotations,dciodvfy,c6510f75559e,Warning,Warning - Value dubious for this VR - (TAG) PN Patient's Name PN [1] = <Prostate-MRI-US-Biopsy-0717> - Retired Person Name form,1
dcmqi / bamf_aimi_annotations,dciodvfy,c7b5c732b190,Warning,Warning - Value dubious for this VR - (TAG) PN Patient's Name PN [1] = <HCC_086> - Retired Person Name form,1
dcmqi / bamf_aimi_annotations,dciodvfy,c7b81840a491,Warning,Warning - Value dubious for this VR - (TAG) PN Patient's Name PN [1] = <UPENN-GBM-00020> - Retired Person Name form,1
dcmqi / bamf_aimi_annotations,dciodvfy,c89961352ad2,Warning,Warning - Value dubious for this VR - (TAG) PN Patient's Name PN [1] = <CRLM-CT-1046> - Retired Person Name form,1
dcmqi / bamf_aimi_annotations,dciodvfy,c8e9c4542b5d,Warning,Warning - Value dubious for this VR - (TAG) PN Patient's Name PN [1] = <UPENN-GBM-00173> - Retired Person Name form,1
dcmqi / bamf_aimi_annotations,dciodvfy,c90b1b84bcf9,Warning,Warning - Value dubious for this VR - (TAG) PN Patient's Name PN [1] = <ProstateX-0077> - Retired Person Name form,1
dcmqi / bamf_aimi_annotations,dciodvfy,c998ad20bb9a,Warning,Warning - Value dubious for this VR - (TAG) PN Patient's Name PN [1] = <TCGA-DV-A4W0> - Retired Person Name form,1
dcmqi / bamf_aimi_annotations,dciodvfy,cc1198a66f3d,Warning,Warning - Value dubious for this VR - (TAG) PN Patient's Name PN [1] = <UPENN-GBM-00231> - Retired Person Name form,1
dcmqi / bamf_aimi_annotations,dciodvfy,cc564cd34a46,Warning,Warning - Value dubious for this VR - (TAG) PN Patient's Name PN [1] = <TCGA-CJ-4907> - Retired Person Name form,1
dcmqi / bamf_aimi_annotations,dciodvfy,cc588ef556a5,Warning,Warning - Value dubious for this VR - (TAG) PN Patient's Name PN [1] = <Breast_MRI_257> - Retired Person Name form,1
dcmqi / bamf_aimi_annotations,dciodvfy,cce9e1bf1bdb,Warning,Warning - Value dubious for this VR - (TAG) PN Patient's Name PN [1] = <Breast_MRI_309> - Retired Person Name form,1
dcmqi / bamf_aimi_annotations,dciodvfy,cd3b1ae6e8ca,Warning,Warning - Value dubious for this VR - (TAG) PN Patient's Name PN [1] = <Prostate-MRI-US-Biopsy-0978> - Retired Person Name form,1
dcmqi / bamf_aimi_annotations,dciodvfy,cf791368014c,Warning,Warning - Value dubious for this VR - (TAG) PN Patient's Name PN [1] = <PD-1-Lung-00018> - Retired Person Name form,1
dcmqi / bamf_aimi_annotations,dciodvfy,cf8cf7f1eae8,Warning,Warning - Value dubious for this VR - (TAG) PN Patient's Name PN [1] = <Breast_MRI_382> - Retired Person Name form,1
dcmqi / bamf_aimi_annotations,dciodvfy,cff7aa23e208,Warning,Warning - Value dubious for this VR - (TAG) PN Patient's Name PN [1] = <Prostate-MRI-US-Biopsy-0677> - Retired Person Name form,1
dcmqi / bamf_aimi_annotations,dciodvfy,d0acd8715b04,Warning,Warning - Value dubious for this VR - (TAG) PN Patient's Name PN [1] = <Breast_MRI_215> - Retired Person Name form,1
dcmqi / bamf_aimi_annotations,dciodvfy,d0cc1a3c6ab4,Warning,Warning - Value dubious for this VR - (TAG) PN Patient's Name PN [1] = <UPENN-GBM-00075> - Retired Person Name form,1
dcmqi / bamf_aimi_annotations,dciodvfy,d202de341b4e,Warning,Warning - Value dubious for this VR - (TAG) PN Patient's Name PN [1] = <ProstateX-0083> - Retired Person Name form,1
dcmqi / bamf_aimi_annotations,dciodvfy,d217c8814ba3,Warning,Warning - Value dubious for this VR - (TAG) PN Patient's Name PN [1] = <CRLM-CT-1178> - Retired Person Name form,1
dcmqi / bamf_aimi_annotations,dciodvfy,d23e840ee8b7,Warning,Warning - Value dubious for this VR - (TAG) PN Patient's Name PN [1] = <Prostate-MRI-US-Biopsy-0798> - Retired Person Name form,1
dcmqi / bamf_aimi_annotations,dciodvfy,d3f36314ccd6,Warning,Warning - Value dubious for this VR - (TAG) PN Patient's Name PN [1] = <Breast_MRI_780> - Retired Person Name form,1
dcmqi / bamf_aimi_annotations,dciodvfy,d40f6e9b3a2f,Warning,Warning - Value dubious for this VR - (TAG) PN Patient's Name PN [1] = <R01-040> - Retired Person Name form,1
dcmqi / bamf_aimi_annotations,dciodvfy,d4256b973393,Warning,Warning - Value dubious for this VR - (TAG) PN Patient's Name PN [1] = <Prostate-MRI-US-Biopsy-0479> - Retired Person Name form,1
dcmqi / bamf_aimi_annotations,dciodvfy,d54727177fe0,Warning,Warning - Value dubious for this VR - (TAG) PN Patient's Name PN [1] = <TCGA-G3-AAV5> - Retired Person Name form,1
dcmqi / bamf_aimi_annotations,dciodvfy,d5bf8699a69a,Warning,Warning - Value dubious for this VR - (TAG) PN Patient's Name PN [1] = <UPENN-GBM-00246> - Retired Person Name form,1
dcmqi / bamf_aimi_annotations,dciodvfy,d65383aef048,Warning,Warning - Value dubious for this VR - (TAG) PN Patient's Name PN [1] = <TCGA-CJ-4884> - Retired Person Name form,1
dcmqi / bamf_aimi_annotations,dciodvfy,d861d3d55cac,Warning,Warning - Value dubious for this VR - (TAG) PN Patient's Name PN [1] = <HCC_040> - Retired Person Name form,1
dcmqi / bamf_aimi_annotations,dciodvfy,d996b723e419,Warning,Warning - Value dubious for this VR - (TAG) PN Patient's Name PN [1] = <Breast_MRI_155> - Retired Person Name form,1
dcmqi / bamf_aimi_annotations,dciodvfy,da54beb4e2f2,Warning,Warning - Value dubious for this VR - (TAG) PN Patient's Name PN [1] = <UPENN-GBM-00211> - Retired Person Name form,1
dcmqi / bamf_aimi_annotations,dciodvfy,dab3254548c2,Warning,Warning - Value dubious for this VR - (TAG) PN Patient's Name PN [1] = <Prostate-MRI-US-Biopsy-0766> - Retired Person Name form,1
dcmqi / bamf_aimi_annotations,dciodvfy,dc07bdd2457f,Warning,Warning - Value dubious for this VR - (TAG) PN Patient's Name PN [1] = <TCGA-34-2609> - Retired Person Name form,1
dcmqi / bamf_aimi_annotations,dciodvfy,dc3e92f0c5b5,Warning,Warning - Value dubious for this VR - (TAG) PN Patient's Name PN [1] = <TCGA-K7-A5RG> - Retired Person Name form,1
dcmqi / bamf_aimi_annotations,dciodvfy,dcb75ebb6970,Warning,Warning - Value dubious for this VR - (TAG) PN Patient's Name PN [1] = <286543> - Retired Person Name form,1
dcmqi / bamf_aimi_annotations,dciodvfy,dd2df015a29a,Warning,Warning - Value dubious for this VR - (TAG) PN Patient's Name PN [1] = <Prostate-MRI-US-Biopsy-0742> - Retired Person Name form,1
dcmqi / bamf_aimi_annotations,dciodvfy,dd6b785b1936,Warning,Warning - Value dubious for this VR - (TAG) PN Patient's Name PN [1] = <Breast_MRI_301> - Retired Person Name form,1
dcmqi / bamf_aimi_annotations,dciodvfy,dd8b20b2f79c,Warning,Warning - Value dubious for this VR - (TAG) PN Patient's Name PN [1] = <C3N-02063> - Retired Person Name form,1
dcmqi / bamf_aimi_annotations,dciodvfy,de094eced7e9,Warning,Warning - Value dubious for this VR - (TAG) PN Patient's Name PN [1] = <Prostate-MRI-US-Biopsy-0690> - Retired Person Name form,1
dcmqi / bamf_aimi_annotations,dciodvfy,de0ac65a3071,Warning,Warning - Value dubious for this VR - (TAG) PN Patient's Name PN [1] = <Prostate-MRI-US-Biopsy-0260> - Retired Person Name form,1
dcmqi / bamf_aimi_annotations,dciodvfy,dfd5ac96d48a,Error,Error - Missing attribute Type 1C Conditional Element=<LongCodeValue> Module=<BasicCodeSequenceMacro>,1
dcmqi / bamf_aimi_annotations,dciodvfy,e0844e0b6771,Warning,Warning - Value dubious for this VR - (TAG) PN Patient's Name PN [1] = <UPENN-GBM-00260> - Retired Person Name form,1
dcmqi / bamf_aimi_annotations,dciodvfy,e5ab51882fba,Warning,Warning - Value dubious for this VR - (TAG) PN Patient's Name PN [1] = <Lung_Dx-G0029> - Retired Person Name form,1
dcmqi / bamf_aimi_annotations,dciodvfy,e6d1653e9e01,Warning,Warning - Value dubious for this VR - (TAG) PN Patient's Name PN [1] = <TCGA-DD-A4NG> - Retired Person Name form,1
dcmqi / bamf_aimi_annotations,dciodvfy,e8a1068158a0,Warning,Warning - Value dubious for this VR - (TAG) PN Patient's Name PN [1] = <UPENN-GBM-00607> - Retired Person Name form,1
dcmqi / bamf_aimi_annotations,dciodvfy,e8ad7a228db5,Warning,Warning - Value dubious for this VR - (TAG) PN Patient's Name PN [1] = <Prostate-MRI-US-Biopsy-0036> - Retired Person Name form,1
dcmqi / bamf_aimi_annotations,dciodvfy,e916a4684a2a,Warning,Warning - Value dubious for this VR - (TAG) PN Patient's Name PN [1] = <UPENN-GBM-00403> - Retired Person Name form,1
dcmqi / bamf_aimi_annotations,dciodvfy,e98c6d340eb6,Warning,Warning - Value dubious for this VR - (TAG) PN Patient's Name PN [1] = <Lung_Dx-A0216> - Retired Person Name form,1
dcmqi / bamf_aimi_annotations,dciodvfy,e9d6ba8c5b0f,Warning,Warning - Value dubious for this VR - (TAG) PN Patient's Name PN [1] = <UPENN-GBM-00527> - Retired Person Name form,1
dcmqi / bamf_aimi_annotations,dciodvfy,eaceb5be1d24,Warning,Warning - Value dubious for this VR - (TAG) PN Patient's Name PN [1] = <UPENN-GBM-00212> - Retired Person Name form,1
dcmqi / bamf_aimi_annotations,dciodvfy,eae5dba90257,Warning,Warning - Value dubious for this VR - (TAG) PN Patient's Name PN [1] = <UPENN-GBM-00240> - Retired Person Name form,1
dcmqi / bamf_aimi_annotations,dciodvfy,ebaf0af95863,Warning,Warning - Value dubious for this VR - (TAG) PN Patient's Name PN [1] = <Breast_MRI_401> - Retired Person Name form,1
dcmqi / bamf_aimi_annotations,dciodvfy,ebfc6e318c36,Warning,Warning - Value dubious for this VR - (TAG) PN Patient's Name PN [1] = <160296> - Retired Person Name form,1
dcmqi / bamf_aimi_annotations,dciodvfy,ec561a8a1cca,Warning,Warning - Value dubious for this VR - (TAG) PN Patient's Name PN [1] = <Prostate-MRI-US-Biopsy-0752> - Retired Person Name form,1
dcmqi / bamf_aimi_annotations,dciodvfy,ecd7631ee271,Warning,Warning - Value dubious for this VR - (TAG) PN Patient's Name PN [1] = <C3L-01465> - Retired Person Name form,1
dcmqi / bamf_aimi_annotations,dciodvfy,ed135917da78,Warning,Warning - Value dubious for this VR - (TAG) PN Patient's Name PN [1] = <Prostate-MRI-US-Biopsy-0224> - Retired Person Name form,1
dcmqi / bamf_aimi_annotations,dciodvfy,ed2fb171da67,Warning,Warning - Value dubious for this VR - (TAG) PN Patient's Name PN [1] = <Breast_MRI_264> - Retired Person Name form,1
dcmqi / bamf_aimi_annotations,dciodvfy,ee1bd637e031,Warning,Warning - Value dubious for this VR - (TAG) PN Patient's Name PN [1] = <UPENN-GBM-00126> - Retired Person Name form,1
dcmqi / bamf_aimi_annotations,dciodvfy,ee3fb2c359ba,Warning,Warning - Value dubious for this VR - (TAG) PN Patient's Name PN [1] = <UPENN-GBM-00225> - Retired Person Name form,1
dcmqi / bamf_aimi_annotations,dciodvfy,ee4145a5a678,Warning,Warning - Value dubious for this VR - (TAG) PN Patient's Name PN [1] = <Prostate-MRI-US-Biopsy-0668> - Retired Person Name form,1
dcmqi / bamf_aimi_annotations,dciodvfy,ee92e504852a,Warning,Warning - Value dubious for this VR - (TAG) PN Patient's Name PN [1] = <Breast_MRI_669> - Retired Person Name form,1
dcmqi / bamf_aimi_annotations,dciodvfy,f0ceb2cbcbaa,Warning,Warning - Value dubious for this VR - (TAG) PN Patient's Name PN [1] = <Prostate-MRI-US-Biopsy-0756> - Retired Person Name form,1
dcmqi / bamf_aimi_annotations,dciodvfy,f2013c7a8c2e,Error,Error - Missing attribute Type 1C Conditional Element=<URNCodeValue> Module=<BasicCodeSequenceMacro>,1
dcmqi / bamf_aimi_annotations,dciodvfy,f2ba84fe51b4,Warning,Warning - Value dubious for this VR - (TAG) PN Patient's Name PN [1] = <Prostate-MRI-US-Biopsy-0258> - Retired Person Name form,1
dcmqi / bamf_aimi_annotations,dciodvfy,f5433814b934,Warning,Warning - Value dubious for this VR - (TAG) PN Patient's Name PN [1] = <UPENN-GBM-00304> - Retired Person Name form,1
dcmqi / bamf_aimi_annotations,dciodvfy,f581027a29e2,Warning,Warning - Value dubious for this VR - (TAG) PN Patient's Name PN [1] = <CRLM-CT-1171> - Retired Person Name form,1
dcmqi / bamf_aimi_annotations,dciodvfy,f6604aac3c95,Warning,Warning - Value dubious for this VR - (TAG) PN Patient's Name PN [1] = <Breast_MRI_362> - Retired Person Name form,1
dcmqi / bamf_aimi_annotations,dciodvfy,f8a8f66a93e6,Warning,Warning - Value dubious for this VR - (TAG) PN Patient's Name PN [1] = <UPENN-GBM-00106> - Retired Person Name form,1
dcmqi / bamf_aimi_annotations,dciodvfy,f8fb6a7ee12e,Warning,Warning - Value dubious for this VR - (TAG) PN Patient's Name PN [1] = <UPENN-GBM-00155> - Retired Person Name form,1
dcmqi / bamf_aimi_annotations,dciodvfy,faf22be3a554,Warning,Warning - Unrecognized defined term <HL7STDSRC> for value 1 of attribute <Coding Scheme Designator>,1
dcmqi / bamf_aimi_annotations,dciodvfy,fb42ee3d998c,Warning,Warning - Value dubious for this VR - (TAG) PN Patient's Name PN [1] = <UPENN-GBM-00605> - Retired Person Name form,1
dcmqi / bamf_aimi_annotations,dciodvfy,fc41aa83007e,Warning,Warning - Value dubious for this VR - (TAG) PN Patient's Name PN [1] = <ACRIN-NSCLC-FDG-PET-217> - Retired Person Name form,1
dcmqi / bamf_aimi_annotations,dciodvfy,fda9fb643ddb,Warning,Warning - Value dubious for this VR - (TAG) PN Patient's Name PN [1] = <LUNGx-CT059> - Retired Person Name form,1
dcmqi / bamf_aimi_annotations,dciodvfy,fdd793f34eef,Warning,Warning - Value dubious for this VR - (TAG) PN Patient's Name PN [1] = <UPENN-GBM-00350> - Retired Person Name form,1
dcmqi / bamf_aimi_annotations,dciodvfy,ffd416724cd2,Warning,Warning - Value dubious for this VR - (TAG) PN Patient's Name PN [1] = <CRLM-CT-1183> - Retired Person Name form,1
dcmqi / bamf_aimi_annotations,dicom-validator,3e57553cb235,ERROR,Module <General Study> (TAG) (Procedure Code Sequence) Tag (TAG) (URN Code Value) is missing,1
dcmqi / dicom_lidc_idri_nodules,dciodvfy,74637eecf0ac,Warning,Warning - Value dubious for this VR - (TAG) PN Content Creator's Name PN [1] = <Reader1> - Retired Person Name form,384
dcmqi / dicom_lidc_idri_nodules,dciodvfy,76ab0c6981d2,Warning,Warning - CodingSchemeDesignator is deprecated - attribute <CodingSchemeDesignator> = <SRT>,384
dcmqi / dicom_lidc_idri_nodules,dciodvfy,815f5dab3ba7,Warning,Warning - Missing attribute or value that would be needed to build DICOMDIR - Study ID,384
dcmqi / dicom_lidc_idri_nodules,dicom-validator,380880930b44,ERROR,Module <Multi-frame Functional Groups> (TAG) (Per-Frame Functional Groups Sequence) Tag (TAG) (Plane Position Sequence) is unexpected,384
dcmqi / dicom_lidc_idri_nodules,dicom-validator,6f01abd4f319,ERROR,Module <Multi-frame Functional Groups> (TAG) (Shared Functional Groups Sequence) Tag (TAG) (Plane Orientation Sequence) is unexpected,384
dcmqi / dicom_lidc_idri_nodules,dicom-validator,972394b5bb82,ERROR,Module <Multi-frame Functional Groups> (TAG) (Per-Frame Functional Groups Sequence) Tag (TAG) (Segment Identification Sequence) is unexpected,384
dcmqi / dicom_lidc_idri_nodules,dicom-validator,d0eabe730084,ERROR,Module <Multi-frame Functional Groups> (TAG) (Per-Frame Functional Groups Sequence) Tag (TAG) (Frame Content Sequence) is unexpected,384
dcmqi / dicom_lidc_idri_nodules,dicom-validator,d81147d20e87,ERROR,Module <Multi-frame Functional Groups> (TAG) (Shared Functional Groups Sequence) Tag (TAG) (Pixel Measures Sequence) is unexpected,384
dcmqi / dicom_lidc_idri_nodules,dicom-validator,f782376ec325,ERROR,Module <Multi-frame Functional Groups> (TAG) (Per-Frame Functional Groups Sequence) Tag (TAG) (Derivation Image Sequence) is unexpected,384
dcmqi / dicom_lidc_idri_nodules,dciodvfy,4a71864409dc,Warning,Warning - Missing attribute or value that would be needed to build DICOMDIR - Study Time,251
dcmqi / nlstseg,dciodvfy,3cc801c58c5f,Warning,Warning - Value dubious for this VR - (TAG) PN Content Creator's Name PN [1] = <IDC> - Retired Person Name form,384
dcmqi / nlstseg,dciodvfy,4a71864409dc,Warning,Warning - Missing attribute or value that would be needed to build DICOMDIR - Study Time,384
dcmqi / nlstseg,dciodvfy,815f5dab3ba7,Warning,Warning - Missing attribute or value that would be needed to build DICOMDIR - Study ID,384
dcmqi / nlstseg,dicom-validator,380880930b44,ERROR,Module <Multi-frame Functional Groups> (TAG) (Per-Frame Functional Groups Sequence) Tag (TAG) (Plane Position Sequence) is unexpected,384
dcmqi / nlstseg,dicom-validator,6f01abd4f319,ERROR,Module <Multi-frame Functional Groups> (TAG) (Shared Functional Groups Sequence) Tag (TAG) (Plane Orientation Sequence) is unexpected,384
dcmqi / nlstseg,dicom-validator,972394b5bb82,ERROR,Module <Multi-frame Functional Groups> (TAG) (Per-Frame Functional Groups Sequence) Tag (TAG) (Segment Identification Sequence) is unexpected,384
dcmqi / nlstseg,dicom-validator,d0eabe730084,ERROR,Module <Multi-frame Functional Groups> (TAG) (Per-Frame Functional Groups Sequence) Tag (TAG) (Frame Content Sequence) is unexpected,384
dcmqi / nlstseg,dicom-validator,d81147d20e87,ERROR,Module <Multi-frame Functional Groups> (TAG) (Shared Functional Groups Sequence) Tag (TAG) (Pixel Measures Sequence) is unexpected,384
dcmqi / nlstseg,dicom-validator,f782376ec325,ERROR,Module <Multi-frame Functional Groups> (TAG) (Per-Frame Functional Groups Sequence) Tag (TAG) (Derivation Image Sequence) is unexpected,381
dcmqi / nnu_net_bpr_annotations,dciodvfy,3cc801c58c5f,Warning,Warning - Value dubious for this VR - (TAG) PN Content Creator's Name PN [1] = <IDC> - Retired Person Name form,384
dcmqi / nnu_net_bpr_annotations,dciodvfy,815f5dab3ba7,Warning,Warning - Missing attribute or value that would be needed to build DICOMDIR - Study ID,384
dcmqi / nnu_net_bpr_annotations,dicom-validator,380880930b44,ERROR,Module <Multi-frame Functional Groups> (TAG) (Per-Frame Functional Groups Sequence) Tag (TAG) (Plane Position Sequence) is unexpected,384
dcmqi / nnu_net_bpr_annotations,dicom-validator,6f01abd4f319,ERROR,Module <Multi-frame Functional Groups> (TAG) (Shared Functional Groups Sequence) Tag (TAG) (Plane Orientation Sequence) is unexpected,384
dcmqi / nnu_net_bpr_annotations,dicom-validator,972394b5bb82,ERROR,Module <Multi-frame Functional Groups> (TAG) (Per-Frame Functional Groups Sequence) Tag (TAG) (Segment Identification Sequence) is unexpected,384
dcmqi / nnu_net_bpr_annotations,dicom-validator,d0eabe730084,ERROR,Module <Multi-frame Functional Groups> (TAG) (Per-Frame Functional Groups Sequence) Tag (TAG) (Frame Content Sequence) is unexpected,384
dcmqi / nnu_net_bpr_annotations,dicom-validator,d81147d20e87,ERROR,Module <Multi-frame Functional Groups> (TAG) (Shared Functional Groups Sequence) Tag (TAG) (Pixel Measures Sequence) is unexpected,384
dcmqi / nnu_net_bpr_annotations,dicom-validator,f782376ec325,ERROR,Module <Multi-frame Functional Groups> (TAG) (Per-Frame Functional Groups Sequence) Tag (TAG) (Derivation Image Sequence) is unexpected,384
dcmqi / nnu_net_bpr_annotations,dciodvfy,4a71864409dc,Warning,Warning - Missing attribute or value that would be needed to build DICOMDIR - Study Time,228
dcmqi / nnu_net_bpr_annotations,dciodvfy,28b0564dde5d,Error,Error - Value invalid for this VR - (TAG) CS Body Part Examined CS [1] = <Chest> - Character invalid for this VR = 'h' (0x68),4
dcmqi / nnu_net_bpr_annotations,dciodvfy,2c16fcc4ca05,Error,Error - Value invalid for this VR - (TAG) CS Body Part Examined CS [1] = <Chest> - Character invalid for this VR = 'e' (0x65),4
dcmqi / nnu_net_bpr_annotations,dciodvfy,358ff53da282,Error,Error - Value invalid for this VR - (TAG) CS Body Part Examined CS [1] = <Chest> - Character invalid for this VR = 't' (0x74),4
dcmqi / nnu_net_bpr_annotations,dciodvfy,39767ab23635,Warning,Warning - Unrecognized defined term <Chest> for value 1 of attribute <Body Part Examined>,4
dcmqi / nnu_net_bpr_annotations,dciodvfy,6abd0e852d78,Error,Error - Dicom dataset contains invalid data values for Value Representations,4
dcmqi / nnu_net_bpr_annotations,dciodvfy,de29bb11dc0c,Error,Error - Value invalid for this VR - (TAG) CS Body Part Examined CS [1] = <Chest> - Character invalid for this VR = 's' (0x73),4
dcmqi / nnu_net_bpr_annotations,dicom-validator,de41e60f7810,ERROR,Module <General Series> Tag (TAG) (Body Part Examined) has invalid value 'Chest' for VR CS,4
dcmqi / nnu_net_bpr_annotations,dciodvfy,08e5d354a1cf,Warning,Warning - Value dubious for this VR - (TAG) PN Patient's Name PN [1] = <LUNG1-325> - Retired Person Name form,2
dcmqi / nnu_net_bpr_annotations,dciodvfy,090cff1b0bef,Warning,Warning - Value dubious for this VR - (TAG) PN Patient's Name PN [1] = <LUNG1-043> - Retired Person Name form,2
dcmqi / nnu_net_bpr_annotations,dciodvfy,1153a531903b,Warning,Warning - Value dubious for this VR - (TAG) PN Patient's Name PN [1] = <LUNG1-203> - Retired Person Name form,2
dcmqi / nnu_net_bpr_annotations,dciodvfy,123e949e84d4,Warning,Warning - Value dubious for this VR - (TAG) PN Patient's Name PN [1] = <LUNG1-170> - Retired Person Name form,2
dcmqi / nnu_net_bpr_annotations,dciodvfy,12faf63f3f3e,Warning,Warning - Value dubious for this VR - (TAG) PN Patient's Name PN [1] = <LUNG1-048> - Retired Person Name form,2
dcmqi / nnu_net_bpr_annotations,dciodvfy,23a89dba8eb3,Warning,Warning - Value dubious for this VR - (TAG) PN Patient's Name PN [1] = <LUNG1-157> - Retired Person Name form,2
dcmqi / nnu_net_bpr_annotations,dciodvfy,2ee37ab935d5,Warning,Warning - Value dubious for this VR - (TAG) PN Patient's Name PN [1] = <LUNG1-070> - Retired Person Name form,2
dcmqi / nnu_net_bpr_annotations,dciodvfy,30655eb21ccb,Warning,Warning - Value dubious for this VR - (TAG) PN Patient's Name PN [1] = <LUNG1-026> - Retired Person Name form,2
dcmqi / nnu_net_bpr_annotations,dciodvfy,32b63d0046e5,Warning,Warning - Value dubious for this VR - (TAG) PN Patient's Name PN [1] = <LUNG1-354> - Retired Person Name form,2
dcmqi / nnu_net_bpr_annotations,dciodvfy,41828d97e49a,Warning,Warning - Value dubious for this VR - (TAG) PN Patient's Name PN [1] = <LUNG1-156> - Retired Person Name form,2
dcmqi / nnu_net_bpr_annotations,dciodvfy,419659d152ac,Warning,Warning - Value dubious for this VR - (TAG) PN Patient's Name PN [1] = <LUNG1-318> - Retired Person Name form,2
dcmqi / nnu_net_bpr_annotations,dciodvfy,4b3b48336e67,Warning,Warning - Value dubious for this VR - (TAG) PN Patient's Name PN [1] = <LUNG1-155> - Retired Person Name form,2
dcmqi / nnu_net_bpr_annotations,dciodvfy,4d10087ed783,Warning,Warning - Value dubious for this VR - (TAG) PN Patient's Name PN [1] = <LUNG1-134> - Retired Person Name form,2
dcmqi / nnu_net_bpr_annotations,dciodvfy,54439e603ee9,Warning,Warning - Value dubious for this VR - (TAG) PN Patient's Name PN [1] = <LUNG1-297> - Retired Person Name form,2
dcmqi / nnu_net_bpr_annotations,dciodvfy,5a3fe89d1688,Warning,Warning - Value dubious for this VR - (TAG) PN Patient's Name PN [1] = <LUNG1-060> - Retired Person Name form,2
dcmqi / nnu_net_bpr_annotations,dciodvfy,6d5025c53264,Warning,Warning - Value dubious for this VR - (TAG) PN Patient's Name PN [1] = <LUNG1-114> - Retired Person Name form,2
dcmqi / nnu_net_bpr_annotations,dciodvfy,6e0b2d3b3cf4,Warning,Warning - Value dubious for this VR - (TAG) PN Patient's Name PN [1] = <LUNG1-368> - Retired Person Name form,2
dcmqi / nnu_net_bpr_annotations,dciodvfy,7b396eb64bdc,Warning,Warning - Value dubious for this VR - (TAG) PN Patient's Name PN [1] = <LUNG1-242> - Retired Person Name form,2
dcmqi / nnu_net_bpr_annotations,dciodvfy,803ae1720955,Warning,Warning - Value dubious for this VR - (TAG) PN Patient's Name PN [1] = <LUNG1-061> - Retired Person Name form,2
dcmqi / nnu_net_bpr_annotations,dciodvfy,8751d8c22b86,Warning,Warning - Value dubious for this VR - (TAG) PN Patient's Name PN [1] = <LUNG1-096> - Retired Person Name form,2
dcmqi / nnu_net_bpr_annotations,dciodvfy,a728ff5e5963,Warning,Warning - Value dubious for this VR - (TAG) PN Patient's Name PN [1] = <LUNG1-178> - Retired Person Name form,2
dcmqi / nnu_net_bpr_annotations,dciodvfy,a87cbcc6f476,Warning,Warning - Value dubious for this VR - (TAG) PN Patient's Name PN [1] = <LUNG1-382> - Retired Person Name form,2
dcmqi / nnu_net_bpr_annotations,dciodvfy,acced8f373e5,Warning,Warning - Value dubious for this VR - (TAG) PN Patient's Name PN [1] = <LUNG1-397> - Retired Person Name form,2
dcmqi / nnu_net_bpr_annotations,dciodvfy,b3f0105be82a,Warning,Warning - Value dubious for this VR - (TAG) PN Patient's Name PN [1] = <LUNG1-166> - Retired Person Name form,2
dcmqi / nnu_net_bpr_annotations,dciodvfy,b573c40e9b36,Warning,Warning - Value dubious for this VR - (TAG) PN Patient's Name PN [1] = <LUNG1-054> - Retired Person Name form,2
dcmqi / nnu_net_bpr_annotations,dciodvfy,b7ea5c3e1950,Warning,Warning - Value dubious for this VR - (TAG) PN Patient's Name PN [1] = <LUNG1-384> - Retired Person Name form,2
dcmqi / nnu_net_bpr_annotations,dciodvfy,ca24e5988635,Warning,Warning - Value dubious for this VR - (TAG) PN Patient's Name PN [1] = <LUNG1-262> - Retired Person Name form,2
dcmqi / nnu_net_bpr_annotations,dciodvfy,ce0f2f3c6908,Warning,Warning - Value dubious for this VR - (TAG) PN Patient's Name PN [1] = <LUNG1-200> - Retired Person Name form,2
dcmqi / nnu_net_bpr_annotations,dciodvfy,d494f49f45ac,Warning,Warning - Value dubious for this VR - (TAG) PN Patient's Name PN [1] = <LUNG1-168> - Retired Person Name form,2
dcmqi / nnu_net_bpr_annotations,dciodvfy,e806e30c59b3,Warning,Warning - Value dubious for this VR - (TAG) PN Patient's Name PN [1] = <LUNG1-278> - Retired Person Name form,2
dcmqi / nnu_net_bpr_annotations,dciodvfy,e82fc69e18c2,Warning,Warning - Value dubious for this VR - (TAG) PN Patient's Name PN [1] = <LUNG1-259> - Retired Person Name form,2
dcmqi / nnu_net_bpr_annotations,dciodvfy,eb1e346216af,Warning,Warning - Value dubious for this VR - (TAG) PN Patient's Name PN [1] = <LUNG1-169> - Retired Person Name form,2
dcmqi / nnu_net_bpr_annotations,dciodvfy,00ae401f59c3,Warning,Warning - Value dubious for this VR - (TAG) PN Patient's Name PN [1] = <LUNG1-320> - Retired Person Name form,1
dcmqi / nnu_net_bpr_annotations,dciodvfy,0246d3d23f3a,Warning,Warning - Value dubious for this VR - (TAG) PN Patient's Name PN [1] = <LUNG1-008> - Retired Person Name form,1
dcmqi / nnu_net_bpr_annotations,dciodvfy,04610c71bf98,Warning,Warning - Value dubious for this VR - (TAG) PN Patient's Name PN [1] = <LUNG1-147> - Retired Person Name form,1
dcmqi / nnu_net_bpr_annotations,dciodvfy,04ebaebe1117,Warning,Warning - Value dubious for this VR - (TAG) PN Patient's Name PN [1] = <LUNG1-385> - Retired Person Name form,1
dcmqi / nnu_net_bpr_annotations,dciodvfy,0561145d9e20,Warning,Warning - Value dubious for this VR - (TAG) PN Patient's Name PN [1] = <LUNG1-121> - Retired Person Name form,1
dcmqi / nnu_net_bpr_annotations,dciodvfy,0565e92c49f1,Warning,Warning - Value dubious for this VR - (TAG) PN Patient's Name PN [1] = <LUNG1-182> - Retired Person Name form,1
dcmqi / nnu_net_bpr_annotations,dciodvfy,06a30fd14850,Warning,Warning - Value dubious for this VR - (TAG) PN Patient's Name PN [1] = <LUNG1-253> - Retired Person Name form,1
dcmqi / nnu_net_bpr_annotations,dciodvfy,07a7edfffc7c,Warning,Warning - Value dubious for this VR - (TAG) PN Patient's Name PN [1] = <LUNG1-202> - Retired Person Name form,1
dcmqi / nnu_net_bpr_annotations,dciodvfy,080afe9b4acd,Warning,Warning - Value dubious for this VR - (TAG) PN Patient's Name PN [1] = <LUNG1-081> - Retired Person Name form,1
dcmqi / nnu_net_bpr_annotations,dciodvfy,0daac31bdcfd,Warning,Warning - Value dubious for this VR - (TAG) PN Patient's Name PN [1] = <LUNG1-149> - Retired Person Name form,1
dcmqi / nnu_net_bpr_annotations,dciodvfy,0ea3983428f1,Warning,Warning - Value dubious for this VR - (TAG) PN Patient's Name PN [1] = <LUNG1-303> - Retired Person Name form,1
dcmqi / nnu_net_bpr_annotations,dciodvfy,0eb7c3678840,Warning,Warning - Value dubious for this VR - (TAG) PN Patient's Name PN [1] = <LUNG1-277> - Retired Person Name form,1
dcmqi / nnu_net_bpr_annotations,dciodvfy,170f3eb9850f,Warning,Warning - Value dubious for this VR - (TAG) PN Patient's Name PN [1] = <LUNG1-037> - Retired Person Name form,1
dcmqi / nnu_net_bpr_annotations,dciodvfy,22cdf101b024,Warning,Warning - Value dubious for this VR - (TAG) PN Patient's Name PN [1] = <LUNG1-183> - Retired Person Name form,1
dcmqi / nnu_net_bpr_annotations,dciodvfy,2508e929a0f5,Warning,Warning - Value dubious for this VR - (TAG) PN Patient's Name PN [1] = <LUNG1-355> - Retired Person Name form,1
dcmqi / nnu_net_bpr_annotations,dciodvfy,250cdba947c4,Warning,Warning - Value dubious for this VR - (TAG) PN Patient's Name PN [1] = <LUNG1-301> - Retired Person Name form,1
dcmqi / nnu_net_bpr_annotations,dciodvfy,276f092209cd,Warning,Warning - Value dubious for this VR - (TAG) PN Patient's Name PN [1] = <LUNG1-221> - Retired Person Name form,1
dcmqi / nnu_net_bpr_annotations,dciodvfy,27ba21cb2936,Warning,Warning - Value dubious for this VR - (TAG) PN Patient's Name PN [1] = <LUNG1-222> - Retired Person Name form,1
dcmqi / nnu_net_bpr_annotations,dciodvfy,2d6ef6eb7a3d,Warning,Warning - Value dubious for this VR - (TAG) PN Patient's Name PN [1] = <LUNG1-267> - Retired Person Name form,1
dcmqi / nnu_net_bpr_annotations,dciodvfy,2db7eac545ae,Warning,Warning - Value dubious for this VR - (TAG) PN Patient's Name PN [1] = <LUNG1-336> - Retired Person Name form,1
dcmqi / nnu_net_bpr_annotations,dciodvfy,2de832c2a2d3,Warning,Warning - Value dubious for this VR - (TAG) PN Patient's Name PN [1] = <LUNG1-063> - Retired Person Name form,1
dcmqi / nnu_net_bpr_annotations,dciodvfy,2e00f236f383,Warning,Warning - Value dubious for this VR - (TAG) PN Patient's Name PN [1] = <LUNG1-098> - Retired Person Name form,1
dcmqi / nnu_net_bpr_annotations,dciodvfy,2eb73b12b09e,Warning,Warning - Value dubious for this VR - (TAG) PN Patient's Name PN [1] = <LUNG1-135> - Retired Person Name form,1
dcmqi / nnu_net_bpr_annotations,dciodvfy,310dab8bff8c,Warning,Warning - Value dubious for this VR - (TAG) PN Patient's Name PN [1] = <LUNG1-329> - Retired Person Name form,1
dcmqi / nnu_net_bpr_annotations,dciodvfy,32e2691d30da,Warning,Warning - Value dubious for this VR - (TAG) PN Patient's Name PN [1] = <LUNG1-302> - Retired Person Name form,1
dcmqi / nnu_net_bpr_annotations,dciodvfy,3309ff06d44d,Warning,Warning - Value dubious for this VR - (TAG) PN Patient's Name PN [1] = <LUNG1-233> - Retired Person Name form,1
dcmqi / nnu_net_bpr_annotations,dciodvfy,341e3b030edd,Warning,Warning - Value dubious for this VR - (TAG) PN Patient's Name PN [1] = <LUNG1-152> - Retired Person Name form,1
dcmqi / nnu_net_bpr_annotations,dciodvfy,3a5c3334a93c,Warning,Warning - Value dubious for this VR - (TAG) PN Patient's Name PN [1] = <LUNG1-046> - Retired Person Name form,1
dcmqi / nnu_net_bpr_annotations,dciodvfy,3b4b1a940d04,Warning,Warning - Value dubious for this VR - (TAG) PN Patient's Name PN [1] = <LUNG1-365> - Retired Person Name form,1
dcmqi / nnu_net_bpr_annotations,dciodvfy,3c0b67ce0b91,Warning,Warning - Value dubious for this VR - (TAG) PN Patient's Name PN [1] = <LUNG1-216> - Retired Person Name form,1
dcmqi / nnu_net_bpr_annotations,dciodvfy,3d7b6a936b81,Warning,Warning - Value dubious for this VR - (TAG) PN Patient's Name PN [1] = <LUNG1-103> - Retired Person Name form,1
dcmqi / nnu_net_bpr_annotations,dciodvfy,3eb54705856c,Warning,Warning - Value dubious for this VR - (TAG) PN Patient's Name PN [1] = <LUNG1-407> - Retired Person Name form,1
dcmqi / nnu_net_bpr_annotations,dciodvfy,42b82ad5eb87,Warning,Warning - Value dubious for this VR - (TAG) PN Patient's Name PN [1] = <LUNG1-012> - Retired Person Name form,1
dcmqi / nnu_net_bpr_annotations,dciodvfy,45f07b4e19ae,Warning,Warning - Value dubious for this VR - (TAG) PN Patient's Name PN [1] = <LUNG1-300> - Retired Person Name form,1
dcmqi / nnu_net_bpr_annotations,dciodvfy,467da42fdc9b,Warning,Warning - Value dubious for this VR - (TAG) PN Patient's Name PN [1] = <LUNG1-335> - Retired Person Name form,1
dcmqi / nnu_net_bpr_annotations,dciodvfy,470cd2516ee9,Warning,Warning - Value dubious for this VR - (TAG) PN Patient's Name PN [1] = <LUNG1-140> - Retired Person Name form,1
dcmqi / nnu_net_bpr_annotations,dciodvfy,47939f620553,Warning,Warning - Value dubious for this VR - (TAG) PN Patient's Name PN [1] = <LUNG1-377> - Retired Person Name form,1
dcmqi / nnu_net_bpr_annotations,dciodvfy,481a61937367,Warning,Warning - Value dubious for this VR - (TAG) PN Patient's Name PN [1] = <LUNG1-015> - Retired Person Name form,1
dcmqi / nnu_net_bpr_annotations,dciodvfy,4cb458ef955c,Warning,Warning - Value dubious for this VR - (TAG) PN Patient's Name PN [1] = <LUNG1-258> - Retired Person Name form,1
dcmqi / nnu_net_bpr_annotations,dciodvfy,56382af83a5d,Warning,Warning - Value dubious for this VR - (TAG) PN Patient's Name PN [1] = <LUNG1-198> - Retired Person Name form,1
dcmqi / nnu_net_bpr_annotations,dciodvfy,56d61ad6246a,Warning,Warning - Value dubious for this VR - (TAG) PN Patient's Name PN [1] = <LUNG1-358> - Retired Person Name form,1
dcmqi / nnu_net_bpr_annotations,dciodvfy,579d1752c6b0,Warning,Warning - Value dubious for this VR - (TAG) PN Patient's Name PN [1] = <LUNG1-298> - Retired Person Name form,1
dcmqi / nnu_net_bpr_annotations,dciodvfy,58766dd40b7c,Warning,Warning - Value dubious for this VR - (TAG) PN Patient's Name PN [1] = <LUNG1-087> - Retired Person Name form,1
dcmqi / nnu_net_bpr_annotations,dciodvfy,598731d0c0ac,Warning,Warning - Value dubious for this VR - (TAG) PN Patient's Name PN [1] = <LUNG1-153> - Retired Person Name form,1
dcmqi / nnu_net_bpr_annotations,dciodvfy,5ad766296708,Warning,Warning - Value dubious for this VR - (TAG) PN Patient's Name PN [1] = <LUNG1-220> - Retired Person Name form,1
dcmqi / nnu_net_bpr_annotations,dciodvfy,60b0dfb77306,Warning,Warning - Value dubious for this VR - (TAG) PN Patient's Name PN [1] = <LUNG1-053> - Retired Person Name form,1
dcmqi / nnu_net_bpr_annotations,dciodvfy,61318b8bc401,Warning,Warning - Value dubious for this VR - (TAG) PN Patient's Name PN [1] = <LUNG1-248> - Retired Person Name form,1
dcmqi / nnu_net_bpr_annotations,dciodvfy,6135dda28a3d,Warning,Warning - Value dubious for this VR - (TAG) PN Patient's Name PN [1] = <LUNG1-116> - Retired Person Name form,1
dcmqi / nnu_net_bpr_annotations,dciodvfy,627bbb6bed1d,Warning,Warning - Value dubious for this VR - (TAG) PN Patient's Name PN [1] = <LUNG1-376> - Retired Person Name form,1
dcmqi / nnu_net_bpr_annotations,dciodvfy,62c8c69b6c71,Warning,Warning - Value dubious for this VR - (TAG) PN Patient's Name PN [1] = <LUNG1-041> - Retired Person Name form,1
dcmqi / nnu_net_bpr_annotations,dciodvfy,67c9d7027777,Warning,Warning - Value dubious for this VR - (TAG) PN Patient's Name PN [1] = <LUNG1-192> - Retired Person Name form,1
dcmqi / nnu_net_bpr_annotations,dciodvfy,6841130d2aa9,Warning,Warning - Value dubious for this VR - (TAG) PN Patient's Name PN [1] = <LUNG1-379> - Retired Person Name form,1
dcmqi / nnu_net_bpr_annotations,dciodvfy,6a0679aa96a4,Warning,Warning - Value dubious for this VR - (TAG) PN Patient's Name PN [1] = <LUNG1-076> - Retired Person Name form,1
dcmqi / nnu_net_bpr_annotations,dciodvfy,6b020119f1e1,Warning,Warning - Value dubious for this VR - (TAG) PN Patient's Name PN [1] = <LUNG1-141> - Retired Person Name form,1
dcmqi / nnu_net_bpr_annotations,dciodvfy,6c5ea4fea992,Warning,Warning - Value dubious for this VR - (TAG) PN Patient's Name PN [1] = <LUNG1-333> - Retired Person Name form,1
dcmqi / nnu_net_bpr_annotations,dciodvfy,6d3fbb4a71d0,Warning,Warning - Value dubious for this VR - (TAG) PN Patient's Name PN [1] = <LUNG1-410> - Retired Person Name form,1
dcmqi / nnu_net_bpr_annotations,dciodvfy,6e1c994f3da6,Warning,Warning - Value dubious for this VR - (TAG) PN Patient's Name PN [1] = <LUNG1-040> - Retired Person Name form,1
dcmqi / nnu_net_bpr_annotations,dciodvfy,706250fa5b62,Warning,Warning - Value dubious for this VR - (TAG) PN Patient's Name PN [1] = <LUNG1-401> - Retired Person Name form,1
dcmqi / nnu_net_bpr_annotations,dciodvfy,735c94d185db,Warning,Warning - Value dubious for this VR - (TAG) PN Patient's Name PN [1] = <LUNG1-177> - Retired Person Name form,1
dcmqi / nnu_net_bpr_annotations,dciodvfy,75f10a91af9b,Warning,Warning - Value dubious for this VR - (TAG) PN Patient's Name PN [1] = <LUNG1-225> - Retired Person Name form,1
dcmqi / nnu_net_bpr_annotations,dciodvfy,75f678b06f6b,Warning,Warning - Value dubious for this VR - (TAG) PN Patient's Name PN [1] = <LUNG1-406> - Retired Person Name form,1
dcmqi / nnu_net_bpr_annotations,dciodvfy,7a200f9d8666,Warning,Warning - Value dubious for this VR - (TAG) PN Patient's Name PN [1] = <LUNG1-240> - Retired Person Name form,1
dcmqi / nnu_net_bpr_annotations,dciodvfy,7a6116b838f7,Warning,Warning - Value dubious for this VR - (TAG) PN Patient's Name PN [1] = <LUNG1-038> - Retired Person Name form,1
dcmqi / nnu_net_bpr_annotations,dciodvfy,7baaf1ec69d9,Warning,Warning - Value dubious for this VR - (TAG) PN Patient's Name PN [1] = <LUNG1-299> - Retired Person Name form,1
dcmqi / nnu_net_bpr_annotations,dciodvfy,7be8b5a50c4c,Warning,Warning - Value dubious for this VR - (TAG) PN Patient's Name PN [1] = <LUNG1-310> - Retired Person Name form,1
dcmqi / nnu_net_bpr_annotations,dciodvfy,7d71f58d6cfa,Warning,Warning - Value dubious for this VR - (TAG) PN Patient's Name PN [1] = <LUNG1-373> - Retired Person Name form,1
dcmqi / nnu_net_bpr_annotations,dciodvfy,7d7b1082b3c2,Warning,Warning - Value dubious for this VR - (TAG) PN Patient's Name PN [1] = <LUNG1-418> - Retired Person Name form,1
dcmqi / nnu_net_bpr_annotations,dciodvfy,7dea960c7f7b,Warning,Warning - Value dubious for this VR - (TAG) PN Patient's Name PN [1] = <LUNG1-035> - Retired Person Name form,1
dcmqi / nnu_net_bpr_annotations,dciodvfy,7e9fc8d3e1a1,Warning,Warning - Value dubious for this VR - (TAG) PN Patient's Name PN [1] = <LUNG1-010> - Retired Person Name form,1
dcmqi / nnu_net_bpr_annotations,dciodvfy,7f99d1e27041,Warning,Warning - Value dubious for this VR - (TAG) PN Patient's Name PN [1] = <LUNG1-105> - Retired Person Name form,1
dcmqi / nnu_net_bpr_annotations,dciodvfy,801ac142dba2,Warning,Warning - Value dubious for this VR - (TAG) PN Patient's Name PN [1] = <LUNG1-161> - Retired Person Name form,1
dcmqi / nnu_net_bpr_annotations,dciodvfy,81ffdb9946ca,Warning,Warning - Value dubious for this VR - (TAG) PN Patient's Name PN [1] = <LUNG1-307> - Retired Person Name form,1
dcmqi / nnu_net_bpr_annotations,dciodvfy,82271b336357,Warning,Warning - Value dubious for this VR - (TAG) PN Patient's Name PN [1] = <LUNG1-005> - Retired Person Name form,1
dcmqi / nnu_net_bpr_annotations,dciodvfy,83377bdc81ce,Warning,Warning - Value dubious for this VR - (TAG) PN Patient's Name PN [1] = <LUNG1-009> - Retired Person Name form,1
dcmqi / nnu_net_bpr_annotations,dciodvfy,852ef74f3db6,Warning,Warning - Value dubious for this VR - (TAG) PN Patient's Name PN [1] = <LUNG1-091> - Retired Person Name form,1
dcmqi / nnu_net_bpr_annotations,dciodvfy,85368fb1cc44,Warning,Warning - Value dubious for this VR - (TAG) PN Patient's Name PN [1] = <LUNG1-209> - Retired Person Name form,1
dcmqi / nnu_net_bpr_annotations,dciodvfy,853732a1949b,Warning,Warning - Value dubious for this VR - (TAG) PN Patient's Name PN [1] = <LUNG1-374> - Retired Person Name form,1
dcmqi / nnu_net_bpr_annotations,dciodvfy,888a50fca98c,Warning,Warning - Value dubious for this VR - (TAG) PN Patient's Name PN [1] = <LUNG1-351> - Retired Person Name form,1
dcmqi / nnu_net_bpr_annotations,dciodvfy,8934dd457fd0,Warning,Warning - Value dubious for this VR - (TAG) PN Patient's Name PN [1] = <LUNG1-413> - Retired Person Name form,1
dcmqi / nnu_net_bpr_annotations,dciodvfy,8a77e6331e39,Warning,Warning - Value dubious for this VR - (TAG) PN Patient's Name PN [1] = <LUNG1-380> - Retired Person Name form,1
dcmqi / nnu_net_bpr_annotations,dciodvfy,8d2b2d38745f,Warning,Warning - Value dubious for this VR - (TAG) PN Patient's Name PN [1] = <LUNG1-296> - Retired Person Name form,1
dcmqi / nnu_net_bpr_annotations,dciodvfy,8f8d1997ffd3,Warning,Warning - Value dubious for this VR - (TAG) PN Patient's Name PN [1] = <LUNG1-206> - Retired Person Name form,1
dcmqi / nnu_net_bpr_annotations,dciodvfy,901b949af6ec,Warning,Warning - Value dubious for this VR - (TAG) PN Patient's Name PN [1] = <LUNG1-347> - Retired Person Name form,1
dcmqi / nnu_net_bpr_annotations,dciodvfy,90d588981db9,Warning,Warning - Value dubious for this VR - (TAG) PN Patient's Name PN [1] = <LUNG1-016> - Retired Person Name form,1
dcmqi / nnu_net_bpr_annotations,dciodvfy,926ce25e1c33,Warning,Warning - Value dubious for this VR - (TAG) PN Patient's Name PN [1] = <LUNG1-237> - Retired Person Name form,1
dcmqi / nnu_net_bpr_annotations,dciodvfy,929104253010,Warning,Warning - Value dubious for this VR - (TAG) PN Patient's Name PN [1] = <LUNG1-213> - Retired Person Name form,1
dcmqi / nnu_net_bpr_annotations,dciodvfy,9bf9fbad96d0,Warning,Warning - Value dubious for this VR - (TAG) PN Patient's Name PN [1] = <LUNG1-235> - Retired Person Name form,1
dcmqi / nnu_net_bpr_annotations,dciodvfy,9e666a2bcdfc,Warning,Warning - Value dubious for this VR - (TAG) PN Patient's Name PN [1] = <LUNG1-036> - Retired Person Name form,1
dcmqi / nnu_net_bpr_annotations,dciodvfy,a775ba33aa4d,Warning,Warning - Value dubious for this VR - (TAG) PN Patient's Name PN [1] = <LUNG1-399> - Retired Person Name form,1
dcmqi / nnu_net_bpr_annotations,dciodvfy,a7a0a81d55be,Warning,Warning - Value dubious for this VR - (TAG) PN Patient's Name PN [1] = <LUNG1-378> - Retired Person Name form,1
dcmqi / nnu_net_bpr_annotations,dciodvfy,a7bf081b3c9d,Warning,Warning - Value dubious for this VR - (TAG) PN Patient's Name PN [1] = <LUNG1-289> - Retired Person Name form,1
dcmqi / nnu_net_bpr_annotations,dciodvfy,a7e23c037af5,Warning,Warning - Value dubious for this VR - (TAG) PN Patient's Name PN [1] = <LUNG1-148> - Retired Person Name form,1
dcmqi / nnu_net_bpr_annotations,dciodvfy,ac71e161eeb9,Warning,Warning - Value dubious for this VR - (TAG) PN Patient's Name PN [1] = <LUNG1-094> - Retired Person Name form,1
dcmqi / nnu_net_bpr_annotations,dciodvfy,b47e43057f3d,Warning,Warning - Value dubious for this VR - (TAG) PN Patient's Name PN [1] = <LUNG1-315> - Retired Person Name form,1
dcmqi / nnu_net_bpr_annotations,dciodvfy,b650843e009d,Warning,Warning - Value dubious for this VR - (TAG) PN Patient's Name PN [1] = <LUNG1-196> - Retired Person Name form,1
dcmqi / nnu_net_bpr_annotations,dciodvfy,b950cbe4568f,Warning,Warning - Value dubious for this VR - (TAG) PN Patient's Name PN [1] = <LUNG1-022> - Retired Person Name form,1
dcmqi / nnu_net_bpr_annotations,dciodvfy,c197f25f466e,Warning,Warning - Value dubious for this VR - (TAG) PN Patient's Name PN [1] = <LUNG1-271> - Retired Person Name form,1
dcmqi / nnu_net_bpr_annotations,dciodvfy,c5e80d61add7,Warning,Warning - Value dubious for this VR - (TAG) PN Patient's Name PN [1] = <LUNG1-243> - Retired Person Name form,1
dcmqi / nnu_net_bpr_annotations,dciodvfy,c6ca9e37eb46,Warning,Warning - Value dubious for this VR - (TAG) PN Patient's Name PN [1] = <LUNG1-086> - Retired Person Name form,1
dcmqi / nnu_net_bpr_annotations,dciodvfy,c931bfd453cb,Warning,Warning - Value dubious for this VR - (TAG) PN Patient's Name PN [1] = <LUNG1-065> - Retired Person Name form,1
dcmqi / nnu_net_bpr_annotations,dciodvfy,c97273ddd397,Warning,Warning - Value dubious for this VR - (TAG) PN Patient's Name PN [1] = <LUNG1-283> - Retired Person Name form,1
dcmqi / nnu_net_bpr_annotations,dciodvfy,cf90186634d8,Warning,Warning - Value dubious for this VR - (TAG) PN Patient's Name PN [1] = <LUNG1-250> - Retired Person Name form,1
dcmqi / nnu_net_bpr_annotations,dciodvfy,d5e27a6635ae,Warning,Warning - Value dubious for this VR - (TAG) PN Patient's Name PN [1] = <LUNG1-129> - Retired Person Name form,1
dcmqi / nnu_net_bpr_annotations,dciodvfy,d77216453e5b,Warning,Warning - Value dubious for this VR - (TAG) PN Patient's Name PN [1] = <LUNG1-332> - Retired Person Name form,1
dcmqi / nnu_net_bpr_annotations,dciodvfy,d86d32042426,Warning,Warning - Value dubious for this VR - (TAG) PN Patient's Name PN [1] = <LUNG1-350> - Retired Person Name form,1
dcmqi / nnu_net_bpr_annotations,dciodvfy,d955796ba6fa,Warning,Warning - Value dubious for this VR - (TAG) PN Patient's Name PN [1] = <LUNG1-039> - Retired Person Name form,1
dcmqi / nnu_net_bpr_annotations,dciodvfy,d9adb33167d7,Warning,Warning - Value dubious for this VR - (TAG) PN Patient's Name PN [1] = <LUNG1-364> - Retired Person Name form,1
dcmqi / nnu_net_bpr_annotations,dciodvfy,db707f450345,Warning,Warning - Value dubious for this VR - (TAG) PN Patient's Name PN [1] = <LUNG1-321> - Retired Person Name form,1
dcmqi / nnu_net_bpr_annotations,dciodvfy,dbb79a260fbe,Warning,Warning - Value dubious for this VR - (TAG) PN Patient's Name PN [1] = <LUNG1-204> - Retired Person Name form,1
dcmqi / nnu_net_bpr_annotations,dciodvfy,dd8d033f235f,Warning,Warning - Value dubious for this VR - (TAG) PN Patient's Name PN [1] = <LUNG1-308> - Retired Person Name form,1
dcmqi / nnu_net_bpr_annotations,dciodvfy,e32a0b564573,Warning,Warning - Value dubious for this VR - (TAG) PN Patient's Name PN [1] = <LUNG1-404> - Retired Person Name form,1
dcmqi / nnu_net_bpr_annotations,dciodvfy,e3b40a241d46,Warning,Warning - Value dubious for this VR - (TAG) PN Patient's Name PN [1] = <LUNG1-075> - Retired Person Name form,1
dcmqi / nnu_net_bpr_annotations,dciodvfy,e561bc7a4f5d,Warning,Warning - Value dubious for this VR - (TAG) PN Patient's Name PN [1] = <LUNG1-360> - Retired Person Name form,1
dcmqi / nnu_net_bpr_annotations,dciodvfy,e6d87b88f846,Warning,Warning - Value dubious for this VR - (TAG) PN Patient's Name PN [1] = <LUNG1-052> - Retired Person Name form,1
dcmqi / nnu_net_bpr_annotations,dciodvfy,e72a0e2ab04b,Warning,Warning - Value dubious for this VR - (TAG) PN Patient's Name PN [1] = <LUNG1-102> - Retired Person Name form,1
dcmqi / nnu_net_bpr_annotations,dciodvfy,eadc12c956df,Warning,Warning - Value dubious for this VR - (TAG) PN Patient's Name PN [1] = <LUNG1-224> - Retired Person Name form,1
dcmqi / nnu_net_bpr_annotations,dciodvfy,ed833d67a888,Warning,Warning - Value dubious for this VR - (TAG) PN Patient's Name PN [1] = <LUNG1-090> - Retired Person Name form,1
dcmqi / nnu_net_bpr_annotations,dciodvfy,ee50f5aeb6df,Warning,Warning - Value dubious for this VR - (TAG) PN Patient's Name PN [1] = <LUNG1-270> - Retired Person Name form,1
dcmqi / nnu_net_bpr_annotations,dciodvfy,f25ca5c5e201,Warning,Warning - Value dubious for this VR - (TAG) PN Patient's Name PN [1] = <LUNG1-328> - Retired Person Name form,1
dcmqi / nnu_net_bpr_annotations,dciodvfy,f4dcde7536ec,Warning,Warning - Value dubious for this VR - (TAG) PN Patient's Name PN [1] = <LUNG1-390> - Retired Person Name form,1
dcmqi / nnu_net_bpr_annotations,dciodvfy,f5aa0bd9ba8b,Warning,Warning - Value dubious for this VR - (TAG) PN Patient's Name PN [1] = <LUNG1-214> - Retired Person Name form,1
dcmqi / nnu_net_bpr_annotations,dciodvfy,f7ee09292af0,Warning,Warning - Value dubious for this VR - (TAG) PN Patient's Name PN [1] = <LUNG1-056> - Retired Person Name form,1
dcmqi / nnu_net_bpr_annotations,dciodvfy,f8d6a1c7e530,Warning,Warning - Value dubious for this VR - (TAG) PN Patient's Name PN [1] = <LUNG1-313> - Retired Person Name form,1
dcmqi / nnu_net_bpr_annotations,dciodvfy,f990745578e9,Warning,Warning - Value dubious for this VR - (TAG) PN Patient's Name PN [1] = <LUNG1-324> - Retired Person Name form,1
dcmqi / nnu_net_bpr_annotations,dciodvfy,fa33d7afdd9c,Warning,Warning - Value dubious for this VR - (TAG) PN Patient's Name PN [1] = <LUNG1-049> - Retired Person Name form,1
dcmqi / nnu_net_bpr_annotations,dciodvfy,fc9d268325b4,Warning,Warning - Value dubious for this VR - (TAG) PN Patient's Name PN [1] = <LUNG1-108> - Retired Person Name form,1
dcmqi / nnu_net_bpr_annotations,dciodvfy,ffbdbb959e3f,Warning,Warning - Value dubious for this VR - (TAG) PN Patient's Name PN [1] = <LUNG1-184> - Retired Person Name form,1
dcmqi / pancreas_ct_seg,dciodvfy,48829bcfb079,Warning,Warning - Value dubious for this VR - (TAG) PN Content Creator's Name PN [1] = <Anonymous> - Retired Person Name form,80
dcmqi / pancreas_ct_seg,dicom-validator,380880930b44,ERROR,Module <Multi-frame Functional Groups> (TAG) (Per-Frame Functional Groups Sequence) Tag (TAG) (Plane Position Sequence) is unexpected,80
dcmqi / pancreas_ct_seg,dicom-validator,6f01abd4f319,ERROR,Module <Multi-frame Functional Groups> (TAG) (Shared Functional Groups Sequence) Tag (TAG) (Plane Orientation Sequence) is unexpected,80
dcmqi / pancreas_ct_seg,dicom-validator,972394b5bb82,ERROR,Module <Multi-frame Functional Groups> (TAG) (Per-Frame Functional Groups Sequence) Tag (TAG) (Segment Identification Sequence) is unexpected,80
dcmqi / pancreas_ct_seg,dicom-validator,d0eabe730084,ERROR,Module <Multi-frame Functional Groups> (TAG) (Per-Frame Functional Groups Sequence) Tag (TAG) (Frame Content Sequence) is unexpected,80
dcmqi / pancreas_ct_seg,dicom-validator,d81147d20e87,ERROR,Module <Multi-frame Functional Groups> (TAG) (Shared Functional Groups Sequence) Tag (TAG) (Pixel Measures Sequence) is unexpected,80
dcmqi / pancreas_ct_seg,dicom-validator,f782376ec325,ERROR,Module <Multi-frame Functional Groups> (TAG) (Per-Frame Functional Groups Sequence) Tag (TAG) (Derivation Image Sequence) is unexpected,80
dcmqi / pancreas_ct_seg,dciodvfy,022ba3e56e33,Warning,Warning - Value dubious for this VR - (TAG) PN Patient's Name PN [1] = <PANCREAS_0043> - Retired Person Name form,1
dcmqi / pancreas_ct_seg,dciodvfy,05ccabb749bb,Warning,Warning - Value dubious for this VR - (TAG) PN Patient's Name PN [1] = <PANCREAS_0037> - Retired Person Name form,1
dcmqi / pancreas_ct_seg,dciodvfy,07a06db1a765,Warning,Warning - Value dubious for this VR - (TAG) PN Patient's Name PN [1] = <PANCREAS_0049> - Retired Person Name form,1
dcmqi / pancreas_ct_seg,dciodvfy,08a77e3086ed,Warning,Warning - Value dubious for this VR - (TAG) PN Patient's Name PN [1] = <PANCREAS_0015> - Retired Person Name form,1
dcmqi / pancreas_ct_seg,dciodvfy,0b9b09c46d93,Warning,Warning - Value dubious for this VR - (TAG) PN Patient's Name PN [1] = <PANCREAS_0027> - Retired Person Name form,1
dcmqi / pancreas_ct_seg,dciodvfy,0d091181f128,Warning,Warning - Value dubious for this VR - (TAG) PN Patient's Name PN [1] = <PANCREAS_0035> - Retired Person Name form,1
dcmqi / pancreas_ct_seg,dciodvfy,12376c1a0da0,Warning,Warning - Value dubious for this VR - (TAG) PN Patient's Name PN [1] = <PANCREAS_0002> - Retired Person Name form,1
dcmqi / pancreas_ct_seg,dciodvfy,12d974f4db6e,Warning,Warning - Value dubious for this VR - (TAG) PN Patient's Name PN [1] = <PANCREAS_0007> - Retired Person Name form,1
dcmqi / pancreas_ct_seg,dciodvfy,134f5e1b8872,Warning,Warning - Value dubious for this VR - (TAG) PN Patient's Name PN [1] = <PANCREAS_0013> - Retired Person Name form,1
dcmqi / pancreas_ct_seg,dciodvfy,1398a794682c,Warning,Warning - Value dubious for this VR - (TAG) PN Patient's Name PN [1] = <PANCREAS_0065> - Retired Person Name form,1
dcmqi / pancreas_ct_seg,dciodvfy,13e7f24df66e,Warning,Warning - Value dubious for this VR - (TAG) PN Patient's Name PN [1] = <PANCREAS_0036> - Retired Person Name form,1
dcmqi / pancreas_ct_seg,dciodvfy,18967c01ac76,Warning,Warning - Value dubious for this VR - (TAG) PN Patient's Name PN [1] = <PANCREAS_0051> - Retired Person Name form,1
dcmqi / pancreas_ct_seg,dciodvfy,2048b4abbeef,Warning,Warning - Value dubious for this VR - (TAG) PN Patient's Name PN [1] = <PANCREAS_0038> - Retired Person Name form,1
dcmqi / pancreas_ct_seg,dciodvfy,217b3b1f0d28,Warning,Warning - Value dubious for this VR - (TAG) PN Patient's Name PN [1] = <PANCREAS_0058> - Retired Person Name form,1
dcmqi / pancreas_ct_seg,dciodvfy,28fe54745541,Warning,Warning - Value dubious for this VR - (TAG) PN Patient's Name PN [1] = <PANCREAS_0077> - Retired Person Name form,1
dcmqi / pancreas_ct_seg,dciodvfy,2b74d3dae4c7,Warning,Warning - Value dubious for this VR - (TAG) PN Patient's Name PN [1] = <PANCREAS_0024> - Retired Person Name form,1
dcmqi / pancreas_ct_seg,dciodvfy,2ba0588990be,Warning,Warning - Value dubious for this VR - (TAG) PN Patient's Name PN [1] = <PANCREAS_0075> - Retired Person Name form,1
dcmqi / pancreas_ct_seg,dciodvfy,2e3fc873a95e,Warning,Warning - Value dubious for this VR - (TAG) PN Patient's Name PN [1] = <PANCREAS_0078> - Retired Person Name form,1
dcmqi / pancreas_ct_seg,dciodvfy,3437ba6fa31a,Warning,Warning - Value dubious for this VR - (TAG) PN Patient's Name PN [1] = <PANCREAS_0054> - Retired Person Name form,1
dcmqi / pancreas_ct_seg,dciodvfy,36460469676f,Warning,Warning - Value dubious for this VR - (TAG) PN Patient's Name PN [1] = <PANCREAS_0079> - Retired Person Name form,1
dcmqi / pancreas_ct_seg,dciodvfy,37e6175be5f8,Warning,Warning - Value dubious for this VR - (TAG) PN Patient's Name PN [1] = <PANCREAS_0055> - Retired Person Name form,1
dcmqi / pancreas_ct_seg,dciodvfy,3900d48cf0f7,Warning,Warning - Value dubious for this VR - (TAG) PN Patient's Name PN [1] = <PANCREAS_0041> - Retired Person Name form,1
dcmqi / pancreas_ct_seg,dciodvfy,39e763b78f77,Warning,Warning - Value dubious for this VR - (TAG) PN Patient's Name PN [1] = <PANCREAS_0001> - Retired Person Name form,1
dcmqi / pancreas_ct_seg,dciodvfy,3d5605903113,Warning,Warning - Value dubious for this VR - (TAG) PN Patient's Name PN [1] = <PANCREAS_0063> - Retired Person Name form,1
dcmqi / pancreas_ct_seg,dciodvfy,40fa90c7144b,Warning,Warning - Value dubious for this VR - (TAG) PN Patient's Name PN [1] = <PANCREAS_0045> - Retired Person Name form,1
dcmqi / pancreas_ct_seg,dciodvfy,41bff0e3122b,Warning,Warning - Value dubious for this VR - (TAG) PN Patient's Name PN [1] = <PANCREAS_0008> - Retired Person Name form,1
dcmqi / pancreas_ct_seg,dciodvfy,447e221d267d,Warning,Warning - Value dubious for this VR - (TAG) PN Patient's Name PN [1] = <PANCREAS_0076> - Retired Person Name form,1
dcmqi / pancreas_ct_seg,dciodvfy,4932c01be781,Warning,Warning - Value dubious for this VR - (TAG) PN Patient's Name PN [1] = <PANCREAS_0029> - Retired Person Name form,1
dcmqi / pancreas_ct_seg,dciodvfy,4a171bdd9f0d,Warning,Warning - Value dubious for this VR - (TAG) PN Patient's Name PN [1] = <PANCREAS_0017> - Retired Person Name form,1
dcmqi / pancreas_ct_seg,dciodvfy,4fc08f354bd5,Warning,Warning - Value dubious for this VR - (TAG) PN Patient's Name PN [1] = <PANCREAS_0047> - Retired Person Name form,1
dcmqi / pancreas_ct_seg,dciodvfy,5081f107c974,Warning,Warning - Value dubious for this VR - (TAG) PN Patient's Name PN [1] = <PANCREAS_0057> - Retired Person Name form,1
dcmqi / pancreas_ct_seg,dciodvfy,5128ad4df0a6,Warning,Warning - Value dubious for this VR - (TAG) PN Patient's Name PN [1] = <PANCREAS_0033> - Retired Person Name form,1
dcmqi / pancreas_ct_seg,dciodvfy,531ef9cddeb1,Warning,Warning - Value dubious for this VR - (TAG) PN Patient's Name PN [1] = <PANCREAS_0061> - Retired Person Name form,1
dcmqi / pancreas_ct_seg,dciodvfy,535f7e72f316,Warning,Warning - Value dubious for this VR - (TAG) PN Patient's Name PN [1] = <PANCREAS_0050> - Retired Person Name form,1
dcmqi / pancreas_ct_seg,dciodvfy,5748a1c4847d,Warning,Warning - Value dubious for this VR - (TAG) PN Patient's Name PN [1] = <PANCREAS_0010> - Retired Person Name form,1
dcmqi / pancreas_ct_seg,dciodvfy,57da14cc698a,Warning,Warning - Value dubious for this VR - (TAG) PN Patient's Name PN [1] = <PANCREAS_0023> - Retired Person Name form,1
dcmqi / pancreas_ct_seg,dciodvfy,587bfd61d4e2,Warning,Warning - Value dubious for this VR - (TAG) PN Patient's Name PN [1] = <PANCREAS_0004> - Retired Person Name form,1
dcmqi / pancreas_ct_seg,dciodvfy,5a4b3fb2d706,Warning,Warning - Value dubious for this VR - (TAG) PN Patient's Name PN [1] = <PANCREAS_0028> - Retired Person Name form,1
dcmqi / pancreas_ct_seg,dciodvfy,5aa612cef126,Warning,Warning - Value dubious for this VR - (TAG) PN Patient's Name PN [1] = <PANCREAS_0067> - Retired Person Name form,1
dcmqi / pancreas_ct_seg,dciodvfy,5e0707c13607,Warning,Warning - Value dubious for this VR - (TAG) PN Patient's Name PN [1] = <PANCREAS_0039> - Retired Person Name form,1
dcmqi / pancreas_ct_seg,dciodvfy,5e62cf926f2f,Warning,Warning - Value dubious for this VR - (TAG) PN Patient's Name PN [1] = <PANCREAS_0031> - Retired Person Name form,1
dcmqi / pancreas_ct_seg,dciodvfy,618c2bc6645f,Warning,Warning - Value dubious for this VR - (TAG) PN Patient's Name PN [1] = <PANCREAS_0060> - Retired Person Name form,1
dcmqi / pancreas_ct_seg,dciodvfy,692bc61e9d9b,Warning,Warning - Value dubious for this VR - (TAG) PN Patient's Name PN [1] = <PANCREAS_0032> - Retired Person Name form,1
dcmqi / pancreas_ct_seg,dciodvfy,6b0904e465c2,Warning,Warning - Value dubious for this VR - (TAG) PN Patient's Name PN [1] = <PANCREAS_0009> - Retired Person Name form,1
dcmqi / pancreas_ct_seg,dciodvfy,720789ed2df6,Warning,Warning - Value dubious for this VR - (TAG) PN Patient's Name PN [1] = <PANCREAS_0081> - Retired Person Name form,1
dcmqi / pancreas_ct_seg,dciodvfy,7258ab6715d6,Warning,Warning - Value dubious for this VR - (TAG) PN Patient's Name PN [1] = <PANCREAS_0048> - Retired Person Name form,1
dcmqi / pancreas_ct_seg,dciodvfy,773b9dcac69c,Warning,Warning - Value dubious for this VR - (TAG) PN Patient's Name PN [1] = <PANCREAS_0040> - Retired Person Name form,1
dcmqi / pancreas_ct_seg,dciodvfy,7999202d56a6,Warning,Warning - Value dubious for this VR - (TAG) PN Patient's Name PN [1] = <PANCREAS_0056> - Retired Person Name form,1
dcmqi / pancreas_ct_seg,dciodvfy,7b4f4f3c8be4,Warning,Warning - Value dubious for this VR - (TAG) PN Patient's Name PN [1] = <PANCREAS_0064> - Retired Person Name form,1
dcmqi / pancreas_ct_seg,dciodvfy,7d13f5e95369,Warning,Warning - Value dubious for this VR - (TAG) PN Patient's Name PN [1] = <PANCREAS_0020> - Retired Person Name form,1
dcmqi / pancreas_ct_seg,dciodvfy,7f8fdfb7bbf6,Warning,Warning - Value dubious for this VR - (TAG) PN Patient's Name PN [1] = <PANCREAS_0003> - Retired Person Name form,1
dcmqi / pancreas_ct_seg,dciodvfy,80864aca593f,Warning,Warning - Value dubious for this VR - (TAG) PN Patient's Name PN [1] = <PANCREAS_0021> - Retired Person Name form,1
dcmqi / pancreas_ct_seg,dciodvfy,8b5b760f5571,Warning,Warning - Value dubious for this VR - (TAG) PN Patient's Name PN [1] = <PANCREAS_0011> - Retired Person Name form,1
dcmqi / pancreas_ct_seg,dciodvfy,8db582db0897,Warning,Warning - Value dubious for this VR - (TAG) PN Patient's Name PN [1] = <PANCREAS_0034> - Retired Person Name form,1
dcmqi / pancreas_ct_seg,dciodvfy,95253bb6e836,Warning,Warning - Value dubious for this VR - (TAG) PN Patient's Name PN [1] = <PANCREAS_0014> - Retired Person Name form,1
dcmqi / pancreas_ct_seg,dciodvfy,962d3b85b46e,Warning,Warning - Value dubious for this VR - (TAG) PN Patient's Name PN [1] = <PANCREAS_0030> - Retired Person Name form,1
dcmqi / pancreas_ct_seg,dciodvfy,a2a82b87c6ff,Warning,Warning - Value dubious for this VR - (TAG) PN Patient's Name PN [1] = <PANCREAS_0071> - Retired Person Name form,1
dcmqi / pancreas_ct_seg,dciodvfy,ab30a23fff82,Warning,Warning - Value dubious for this VR - (TAG) PN Patient's Name PN [1] = <PANCREAS_0046> - Retired Person Name form,1
dcmqi / pancreas_ct_seg,dciodvfy,ae10c071f278,Warning,Warning - Value dubious for this VR - (TAG) PN Patient's Name PN [1] = <PANCREAS_0026> - Retired Person Name form,1
dcmqi / pancreas_ct_seg,dciodvfy,afb674bad466,Warning,Warning - Value dubious for this VR - (TAG) PN Patient's Name PN [1] = <PANCREAS_0073> - Retired Person Name form,1
dcmqi / pancreas_ct_seg,dciodvfy,b3040fbbdf87,Warning,Warning - Value dubious for this VR - (TAG) PN Patient's Name PN [1] = <PANCREAS_0059> - Retired Person Name form,1
dcmqi / pancreas_ct_seg,dciodvfy,bb2b292ed972,Warning,Warning - Value dubious for this VR - (TAG) PN Patient's Name PN [1] = <PANCREAS_0068> - Retired Person Name form,1
dcmqi / pancreas_ct_seg,dciodvfy,bff7ab598517,Warning,Warning - Value dubious for this VR - (TAG) PN Patient's Name PN [1] = <PANCREAS_0044> - Retired Person Name form,1
dcmqi / pancreas_ct_seg,dciodvfy,c103b9741bb6,Warning,Warning - Value dubious for this VR - (TAG) PN Patient's Name PN [1] = <PANCREAS_0018> - Retired Person Name form,1
dcmqi / pancreas_ct_seg,dciodvfy,c4a5814f44e1,Warning,Warning - Value dubious for this VR - (TAG) PN Patient's Name PN [1] = <PANCREAS_0074> - Retired Person Name form,1
dcmqi / pancreas_ct_seg,dciodvfy,c57cbf2e0ac4,Warning,Warning - Value dubious for this VR - (TAG) PN Patient's Name PN [1] = <PANCREAS_0042> - Retired Person Name form,1
dcmqi / pancreas_ct_seg,dciodvfy,c83da6092c7f,Warning,Warning - Value dubious for this VR - (TAG) PN Patient's Name PN [1] = <PANCREAS_0080> - Retired Person Name form,1
dcmqi / pancreas_ct_seg,dciodvfy,ca90e9ffce80,Warning,Warning - Value dubious for this VR - (TAG) PN Patient's Name PN [1] = <PANCREAS_0005> - Retired Person Name form,1
dcmqi / pancreas_ct_seg,dciodvfy,cbd570447063,Warning,Warning - Value dubious for this VR - (TAG) PN Patient's Name PN [1] = <PANCREAS_0066> - Retired Person Name form,1
dcmqi / pancreas_ct_seg,dciodvfy,d1065ca40df0,Warning,Warning - Value dubious for this VR - (TAG) PN Patient's Name PN [1] = <PANCREAS_0062> - Retired Person Name form,1
dcmqi / pancreas_ct_seg,dciodvfy,d3f81452bc85,Warning,Warning - Value dubious for this VR - (TAG) PN Patient's Name PN [1] = <PANCREAS_0012> - Retired Person Name form,1
dcmqi / pancreas_ct_seg,dciodvfy,da40ae992123,Warning,Warning - Value dubious for this VR - (TAG) PN Patient's Name PN [1] = <PANCREAS_0069> - Retired Person Name form,1
dcmqi / pancreas_ct_seg,dciodvfy,dbb477d36c4c,Warning,Warning - Value dubious for this VR - (TAG) PN Patient's Name PN [1] = <PANCREAS_0022> - Retired Person Name form,1
dcmqi / pancreas_ct_seg,dciodvfy,dd17a8ad3b79,Warning,Warning - Value dubious for this VR - (TAG) PN Patient's Name PN [1] = <PANCREAS_0082> - Retired Person Name form,1
dcmqi / pancreas_ct_seg,dciodvfy,dd2bb3a40e95,Warning,Warning - Value dubious for this VR - (TAG) PN Patient's Name PN [1] = <PANCREAS_0019> - Retired Person Name form,1
dcmqi / pancreas_ct_seg,dciodvfy,e1170bd1dc1d,Warning,Warning - Value dubious for this VR - (TAG) PN Patient's Name PN [1] = <PANCREAS_0006> - Retired Person Name form,1
dcmqi / pancreas_ct_seg,dciodvfy,e38dcc976a98,Warning,Warning - Value dubious for this VR - (TAG) PN Patient's Name PN [1] = <PANCREAS_0053> - Retired Person Name form,1
dcmqi / pancreas_ct_seg,dciodvfy,e5876cd042de,Warning,Warning - Value dubious for this VR - (TAG) PN Patient's Name PN [1] = <PANCREAS_0072> - Retired Person Name form,1
dcmqi / pancreas_ct_seg,dciodvfy,e5f6d21c1302,Warning,Warning - Value dubious for this VR - (TAG) PN Patient's Name PN [1] = <PANCREAS_0016> - Retired Person Name form,1
dcmqi / pancreas_ct_seg,dciodvfy,f703db932a83,Warning,Warning - Value dubious for this VR - (TAG) PN Patient's Name PN [1] = <PANCREAS_0052> - Retired Person Name form,1
dcmqi / prostate_mri_us_biopsy_dicom_annotations,dciodvfy,4f1c684b72ff,Warning,Warning - Value dubious for this VR - (TAG) PN Content Creator's Name PN [1] = <Imaging Data Commons> - Retired Person Name form,384
dcmqi / prostate_mri_us_biopsy_dicom_annotations,dciodvfy,815f5dab3ba7,Warning,Warning - Missing attribute or value that would be needed to build DICOMDIR - Study ID,384
dcmqi / prostate_mri_us_biopsy_dicom_annotations,dicom-validator,380880930b44,ERROR,Module <Multi-frame Functional Groups> (TAG) (Per-Frame Functional Groups Sequence) Tag (TAG) (Plane Position Sequence) is unexpected,384
dcmqi / prostate_mri_us_biopsy_dicom_annotations,dicom-validator,6f01abd4f319,ERROR,Module <Multi-frame Functional Groups> (TAG) (Shared Functional Groups Sequence) Tag (TAG) (Plane Orientation Sequence) is unexpected,384
dcmqi / prostate_mri_us_biopsy_dicom_annotations,dicom-validator,972394b5bb82,ERROR,Module <Multi-frame Functional Groups> (TAG) (Per-Frame Functional Groups Sequence) Tag (TAG) (Segment Identification Sequence) is unexpected,384
dcmqi / prostate_mri_us_biopsy_dicom_annotations,dicom-validator,d0eabe730084,ERROR,Module <Multi-frame Functional Groups> (TAG) (Per-Frame Functional Groups Sequence) Tag (TAG) (Frame Content Sequence) is unexpected,384
dcmqi / prostate_mri_us_biopsy_dicom_annotations,dicom-validator,d81147d20e87,ERROR,Module <Multi-frame Functional Groups> (TAG) (Shared Functional Groups Sequence) Tag (TAG) (Pixel Measures Sequence) is unexpected,384
dcmqi / prostate_mri_us_biopsy_dicom_annotations,dicom-validator,f782376ec325,ERROR,Module <Multi-frame Functional Groups> (TAG) (Per-Frame Functional Groups Sequence) Tag (TAG) (Derivation Image Sequence) is unexpected,384
dcmqi / prostate_mri_us_biopsy_dicom_annotations,dciodvfy,9ee22e1c2108,Warning,Warning - Unrecognized defined term <GEIIS> for value 1 of attribute <Coding Scheme Designator>,383
dcmqi / prostate_mri_us_biopsy_dicom_annotations,dciodvfy,4ca7528f50d2,Warning,Warning - Value dubious for this VR - (TAG) PN Patient's Name PN [1] = <Prostate-MRI-US-Biopsy-0061> - Retired Person Name form,5
dcmqi / prostate_mri_us_biopsy_dicom_annotations,dciodvfy,2ddf70f00d34,Warning,Warning - Value dubious for this VR - (TAG) PN Patient's Name PN [1] = <Prostate-MRI-US-Biopsy-0579> - Retired Person Name form,4
dcmqi / prostate_mri_us_biopsy_dicom_annotations,dciodvfy,0c42c9582af5,Warning,Warning - Value dubious for this VR - (TAG) PN Patient's Name PN [1] = <Prostate-MRI-US-Biopsy-0879> - Retired Person Name form,3
dcmqi / prostate_mri_us_biopsy_dicom_annotations,dciodvfy,1e35338d7779,Warning,Warning - Value dubious for this VR - (TAG) PN Patient's Name PN [1] = <Prostate-MRI-US-Biopsy-0558> - Retired Person Name form,3
dcmqi / prostate_mri_us_biopsy_dicom_annotations,dciodvfy,2a921d144037,Warning,Warning - Value dubious for this VR - (TAG) PN Patient's Name PN [1] = <Prostate-MRI-US-Biopsy-0702> - Retired Person Name form,3
dcmqi / prostate_mri_us_biopsy_dicom_annotations,dciodvfy,31c5268b0b85,Warning,Warning - Value dubious for this VR - (TAG) PN Patient's Name PN [1] = <Prostate-MRI-US-Biopsy-0038> - Retired Person Name form,3
dcmqi / prostate_mri_us_biopsy_dicom_annotations,dciodvfy,540ca8d5eab8,Warning,Warning - Value dubious for this VR - (TAG) PN Patient's Name PN [1] = <Prostate-MRI-US-Biopsy-0357> - Retired Person Name form,3
dcmqi / prostate_mri_us_biopsy_dicom_annotations,dciodvfy,83d748bc4f0b,Warning,Warning - Value dubious for this VR - (TAG) PN Patient's Name PN [1] = <Prostate-MRI-US-Biopsy-0020> - Retired Person Name form,3
dcmqi / prostate_mri_us_biopsy_dicom_annotations,dciodvfy,b994b994892c,Warning,Warning - Value dubious for this VR - (TAG) PN Patient's Name PN [1] = <Prostate-MRI-US-Biopsy-0110> - Retired Person Name form,3
dcmqi / prostate_mri_us_biopsy_dicom_annotations,dciodvfy,c936ac44e3ce,Warning,Warning - Value dubious for this VR - (TAG) PN Patient's Name PN [1] = <Prostate-MRI-US-Biopsy-0523> - Retired Person Name form,3
dcmqi / prostate_mri_us_biopsy_dicom_annotations,dciodvfy,d1856dc0df33,Warning,Warning - Value dubious for this VR - (TAG) PN Patient's Name PN [1] = <Prostate-MRI-US-Biopsy-0024> - Retired Person Name form,3
dcmqi / prostate_mri_us_biopsy_dicom_annotations,dciodvfy,00f03cf7582c,Warning,Warning - Value dubious for this VR - (TAG) PN Patient's Name PN [1] = <Prostate-MRI-US-Biopsy-0327> - Retired Person Name form,2
dcmqi / prostate_mri_us_biopsy_dicom_annotations,dciodvfy,056e11607789,Warning,Warning - Value dubious for this VR - (TAG) PN Patient's Name PN [1] = <Prostate-MRI-US-Biopsy-0178> - Retired Person Name form,2
dcmqi / prostate_mri_us_biopsy_dicom_annotations,dciodvfy,0aab2aad4144,Warning,Warning - Value dubious for this VR - (TAG) PN Patient's Name PN [1] = <Prostate-MRI-US-Biopsy-0992> - Retired Person Name form,2
dcmqi / prostate_mri_us_biopsy_dicom_annotations,dciodvfy,0d485508ebcf,Warning,Warning - Value dubious for this VR - (TAG) PN Patient's Name PN [1] = <Prostate-MRI-US-Biopsy-0145> - Retired Person Name form,2
dcmqi / prostate_mri_us_biopsy_dicom_annotations,dciodvfy,149473f8c161,Warning,Warning - Value dubious for this VR - (TAG) PN Patient's Name PN [1] = <Prostate-MRI-US-Biopsy-0517> - Retired Person Name form,2
dcmqi / prostate_mri_us_biopsy_dicom_annotations,dciodvfy,16d1b8967875,Warning,Warning - Value dubious for this VR - (TAG) PN Patient's Name PN [1] = <Prostate-MRI-US-Biopsy-0635> - Retired Person Name form,2
dcmqi / prostate_mri_us_biopsy_dicom_annotations,dciodvfy,1b173f21672a,Warning,Warning - Value dubious for this VR - (TAG) PN Patient's Name PN [1] = <Prostate-MRI-US-Biopsy-0223> - Retired Person Name form,2
dcmqi / prostate_mri_us_biopsy_dicom_annotations,dciodvfy,1b251723df57,Warning,Warning - Value dubious for this VR - (TAG) PN Patient's Name PN [1] = <Prostate-MRI-US-Biopsy-0679> - Retired Person Name form,2
dcmqi / prostate_mri_us_biopsy_dicom_annotations,dciodvfy,2e930ebf75b3,Warning,Warning - Value dubious for this VR - (TAG) PN Patient's Name PN [1] = <Prostate-MRI-US-Biopsy-0574> - Retired Person Name form,2
dcmqi / prostate_mri_us_biopsy_dicom_annotations,dciodvfy,30d87fcd9e51,Warning,Warning - Value dubious for this VR - (TAG) PN Patient's Name PN [1] = <Prostate-MRI-US-Biopsy-1048> - Retired Person Name form,2
dcmqi / prostate_mri_us_biopsy_dicom_annotations,dciodvfy,36f33e6d36d8,Warning,Warning - Value dubious for this VR - (TAG) PN Patient's Name PN [1] = <Prostate-MRI-US-Biopsy-0628> - Retired Person Name form,2
dcmqi / prostate_mri_us_biopsy_dicom_annotations,dciodvfy,3bfcb0cd620c,Warning,Warning - Value dubious for this VR - (TAG) PN Patient's Name PN [1] = <Prostate-MRI-US-Biopsy-0073> - Retired Person Name form,2
dcmqi / prostate_mri_us_biopsy_dicom_annotations,dciodvfy,45ed644e4580,Warning,Warning - Value dubious for this VR - (TAG) PN Patient's Name PN [1] = <Prostate-MRI-US-Biopsy-0215> - Retired Person Name form,2
dcmqi / prostate_mri_us_biopsy_dicom_annotations,dciodvfy,46e6978b668d,Warning,Warning - Value dubious for this VR - (TAG) PN Patient's Name PN [1] = <Prostate-MRI-US-Biopsy-0469> - Retired Person Name form,2
dcmqi / prostate_mri_us_biopsy_dicom_annotations,dciodvfy,49dcda40a60d,Warning,Warning - Value dubious for this VR - (TAG) PN Patient's Name PN [1] = <Prostate-MRI-US-Biopsy-0379> - Retired Person Name form,2
dcmqi / prostate_mri_us_biopsy_dicom_annotations,dciodvfy,4e0cad0a68e1,Warning,Warning - Value dubious for this VR - (TAG) PN Patient's Name PN [1] = <Prostate-MRI-US-Biopsy-0793> - Retired Person Name form,2
dcmqi / prostate_mri_us_biopsy_dicom_annotations,dciodvfy,4ffa66ac3719,Warning,Warning - Value dubious for this VR - (TAG) PN Patient's Name PN [1] = <Prostate-MRI-US-Biopsy-0807> - Retired Person Name form,2
dcmqi / prostate_mri_us_biopsy_dicom_annotations,dciodvfy,51de0e90dbd3,Warning,Warning - Value dubious for this VR - (TAG) PN Patient's Name PN [1] = <Prostate-MRI-US-Biopsy-0434> - Retired Person Name form,2
dcmqi / prostate_mri_us_biopsy_dicom_annotations,dciodvfy,576c3c2addd9,Warning,Warning - Value dubious for this VR - (TAG) PN Patient's Name PN [1] = <Prostate-MRI-US-Biopsy-0974> - Retired Person Name form,2
dcmqi / prostate_mri_us_biopsy_dicom_annotations,dciodvfy,6123f2e75ca0,Warning,Warning - Value dubious for this VR - (TAG) PN Patient's Name PN [1] = <Prostate-MRI-US-Biopsy-0921> - Retired Person Name form,2
dcmqi / prostate_mri_us_biopsy_dicom_annotations,dciodvfy,61f9b351bf6f,Warning,Warning - Value dubious for this VR - (TAG) PN Patient's Name PN [1] = <Prostate-MRI-US-Biopsy-0161> - Retired Person Name form,2
dcmqi / prostate_mri_us_biopsy_dicom_annotations,dciodvfy,62b58b01b6cc,Warning,Warning - Value dubious for this VR - (TAG) PN Patient's Name PN [1] = <Prostate-MRI-US-Biopsy-0839> - Retired Person Name form,2
dcmqi / prostate_mri_us_biopsy_dicom_annotations,dciodvfy,645346a5c3f0,Warning,Warning - Value dubious for this VR - (TAG) PN Patient's Name PN [1] = <Prostate-MRI-US-Biopsy-0464> - Retired Person Name form,2
dcmqi / prostate_mri_us_biopsy_dicom_annotations,dciodvfy,6acdb047234b,Warning,Warning - Value dubious for this VR - (TAG) PN Patient's Name PN [1] = <Prostate-MRI-US-Biopsy-0218> - Retired Person Name form,2
dcmqi / prostate_mri_us_biopsy_dicom_annotations,dciodvfy,6fb11d549206,Warning,Warning - Value dubious for this VR - (TAG) PN Patient's Name PN [1] = <Prostate-MRI-US-Biopsy-0237> - Retired Person Name form,2
dcmqi / prostate_mri_us_biopsy_dicom_annotations,dciodvfy,7ad405d49bcb,Warning,Warning - Value dubious for this VR - (TAG) PN Patient's Name PN [1] = <Prostate-MRI-US-Biopsy-0217> - Retired Person Name form,2
dcmqi / prostate_mri_us_biopsy_dicom_annotations,dciodvfy,7fc90badbecb,Warning,Warning - Value dubious for this VR - (TAG) PN Patient's Name PN [1] = <Prostate-MRI-US-Biopsy-0033> - Retired Person Name form,2
dcmqi / prostate_mri_us_biopsy_dicom_annotations,dciodvfy,814131e753ec,Warning,Warning - Value dubious for this VR - (TAG) PN Patient's Name PN [1] = <Prostate-MRI-US-Biopsy-0929> - Retired Person Name form,2
dcmqi / prostate_mri_us_biopsy_dicom_annotations,dciodvfy,8141f99321d4,Warning,Warning - Value dubious for this VR - (TAG) PN Patient's Name PN [1] = <Prostate-MRI-US-Biopsy-0261> - Retired Person Name form,2
dcmqi / prostate_mri_us_biopsy_dicom_annotations,dciodvfy,93361290bf1f,Warning,Warning - Value dubious for this VR - (TAG) PN Patient's Name PN [1] = <Prostate-MRI-US-Biopsy-0727> - Retired Person Name form,2
dcmqi / prostate_mri_us_biopsy_dicom_annotations,dciodvfy,9337bff163b1,Warning,Warning - Value dubious for this VR - (TAG) PN Patient's Name PN [1] = <Prostate-MRI-US-Biopsy-0234> - Retired Person Name form,2
dcmqi / prostate_mri_us_biopsy_dicom_annotations,dciodvfy,9fe4124de40b,Warning,Warning - Value dubious for this VR - (TAG) PN Patient's Name PN [1] = <Prostate-MRI-US-Biopsy-0094> - Retired Person Name form,2
dcmqi / prostate_mri_us_biopsy_dicom_annotations,dciodvfy,abfcd25c50ae,Warning,Warning - Value dubious for this VR - (TAG) PN Patient's Name PN [1] = <Prostate-MRI-US-Biopsy-0245> - Retired Person Name form,2
dcmqi / prostate_mri_us_biopsy_dicom_annotations,dciodvfy,b578129d0f4e,Warning,Warning - Value dubious for this VR - (TAG) PN Patient's Name PN [1] = <Prostate-MRI-US-Biopsy-0352> - Retired Person Name form,2
dcmqi / prostate_mri_us_biopsy_dicom_annotations,dciodvfy,b62106f134ff,Warning,Warning - Value dubious for this VR - (TAG) PN Patient's Name PN [1] = <Prostate-MRI-US-Biopsy-0310> - Retired Person Name form,2
dcmqi / prostate_mri_us_biopsy_dicom_annotations,dciodvfy,bfdabc500805,Warning,Warning - Value dubious for this VR - (TAG) PN Patient's Name PN [1] = <Prostate-MRI-US-Biopsy-0078> - Retired Person Name form,2
dcmqi / prostate_mri_us_biopsy_dicom_annotations,dciodvfy,c8503d35add9,Warning,Warning - Value dubious for this VR - (TAG) PN Patient's Name PN [1] = <Prostate-MRI-US-Biopsy-0663> - Retired Person Name form,2
dcmqi / prostate_mri_us_biopsy_dicom_annotations,dciodvfy,de19afec9ca2,Warning,Warning - Value dubious for this VR - (TAG) PN Patient's Name PN [1] = <Prostate-MRI-US-Biopsy-0557> - Retired Person Name form,2
dcmqi / prostate_mri_us_biopsy_dicom_annotations,dciodvfy,df4184f770a4,Warning,Warning - Value dubious for this VR - (TAG) PN Patient's Name PN [1] = <Prostate-MRI-US-Biopsy-0723> - Retired Person Name form,2
dcmqi / prostate_mri_us_biopsy_dicom_annotations,dciodvfy,dfb3bb6ca554,Warning,Warning - Value dubious for this VR - (TAG) PN Patient's Name PN [1] = <Prostate-MRI-US-Biopsy-0181> - Retired Person Name form,2
dcmqi / prostate_mri_us_biopsy_dicom_annotations,dciodvfy,e6dd5c783655,Warning,Warning - Value dubious for this VR - (TAG) PN Patient's Name PN [1] = <Prostate-MRI-US-Biopsy-0339> - Retired Person Name form,2
dcmqi / prostate_mri_us_biopsy_dicom_annotations,dciodvfy,f291e286dea0,Warning,Warning - Value dubious for this VR - (TAG) PN Patient's Name PN [1] = <Prostate-MRI-US-Biopsy-0867> - Retired Person Name form,2
dcmqi / prostate_mri_us_biopsy_dicom_annotations,dciodvfy,f6185610b5ea,Warning,Warning - Value dubious for this VR - (TAG) PN Patient's Name PN [1] = <Prostate-MRI-US-Biopsy-0771> - Retired Person Name form,2
dcmqi / prostate_mri_us_biopsy_dicom_annotations,dciodvfy,f6399a1e8dad,Warning,Warning - Value dubious for this VR - (TAG) PN Patient's Name PN [1] = <Prostate-MRI-US-Biopsy-1110> - Retired Person Name form,2
dcmqi / prostate_mri_us_biopsy_dicom_annotations,dciodvfy,f73e73298e42,Warning,Warning - Value dubious for this VR - (TAG) PN Patient's Name PN [1] = <Prostate-MRI-US-Biopsy-0706> - Retired Person Name form,2
dcmqi / prostate_mri_us_biopsy_dicom_annotations,dciodvfy,f9b3331922f1,Warning,Warning - Value dubious for this VR - (TAG) PN Patient's Name PN [1] = <Prostate-MRI-US-Biopsy-0290> - Retired Person Name form,2
dcmqi / prostate_mri_us_biopsy_dicom_annotations,dciodvfy,0006580ea4ee,Warning,Warning - Value dubious for this VR - (TAG) PN Patient's Name PN [1] = <Prostate-MRI-US-Biopsy-0650> - Retired Person Name form,1
dcmqi / prostate_mri_us_biopsy_dicom_annotations,dciodvfy,0030e866ed7e,Warning,Warning - Value dubious for this VR - (TAG) PN Patient's Name PN [1] = <Prostate-MRI-US-Biopsy-0905> - Retired Person Name form,1
dcmqi / prostate_mri_us_biopsy_dicom_annotations,dciodvfy,0080a095c3d6,Warning,Warning - Value dubious for this VR - (TAG) PN Patient's Name PN [1] = <Prostate-MRI-US-Biopsy-0370> - Retired Person Name form,1
dcmqi / prostate_mri_us_biopsy_dicom_annotations,dciodvfy,012902605eff,Warning,Warning - Value dubious for this VR - (TAG) PN Patient's Name PN [1] = <Prostate-MRI-US-Biopsy-1121> - Retired Person Name form,1
dcmqi / prostate_mri_us_biopsy_dicom_annotations,dciodvfy,0218adf427c2,Warning,Warning - Value dubious for this VR - (TAG) PN Patient's Name PN [1] = <Prostate-MRI-US-Biopsy-0531> - Retired Person Name form,1
dcmqi / prostate_mri_us_biopsy_dicom_annotations,dciodvfy,022214ecebaa,Warning,Warning - Value dubious for this VR - (TAG) PN Patient's Name PN [1] = <Prostate-MRI-US-Biopsy-0356> - Retired Person Name form,1
dcmqi / prostate_mri_us_biopsy_dicom_annotations,dciodvfy,039589be1ecf,Warning,Warning - Value dubious for this VR - (TAG) PN Patient's Name PN [1] = <Prostate-MRI-US-Biopsy-0022> - Retired Person Name form,1
dcmqi / prostate_mri_us_biopsy_dicom_annotations,dciodvfy,051272a753ef,Warning,Warning - Value dubious for this VR - (TAG) PN Patient's Name PN [1] = <Prostate-MRI-US-Biopsy-0075> - Retired Person Name form,1
dcmqi / prostate_mri_us_biopsy_dicom_annotations,dciodvfy,05cb965cd003,Warning,Warning - Value dubious for this VR - (TAG) PN Patient's Name PN [1] = <Prostate-MRI-US-Biopsy-1087> - Retired Person Name form,1
dcmqi / prostate_mri_us_biopsy_dicom_annotations,dciodvfy,06364390a3a8,Warning,Warning - Value dubious for this VR - (TAG) PN Patient's Name PN [1] = <Prostate-MRI-US-Biopsy-0139> - Retired Person Name form,1
dcmqi / prostate_mri_us_biopsy_dicom_annotations,dciodvfy,075230a21161,Warning,Warning - Value dubious for this VR - (TAG) PN Patient's Name PN [1] = <Prostate-MRI-US-Biopsy-0239> - Retired Person Name form,1
dcmqi / prostate_mri_us_biopsy_dicom_annotations,dciodvfy,080e9d379d9a,Warning,Warning - Value dubious for this VR - (TAG) PN Patient's Name PN [1] = <Prostate-MRI-US-Biopsy-0554> - Retired Person Name form,1
dcmqi / prostate_mri_us_biopsy_dicom_annotations,dciodvfy,08841592ec38,Warning,Warning - Value dubious for this VR - (TAG) PN Patient's Name PN [1] = <Prostate-MRI-US-Biopsy-0065> - Retired Person Name form,1
dcmqi / prostate_mri_us_biopsy_dicom_annotations,dciodvfy,09e631d053fc,Warning,Warning - Value dubious for this VR - (TAG) PN Patient's Name PN [1] = <Prostate-MRI-US-Biopsy-0388> - Retired Person Name form,1
dcmqi / prostate_mri_us_biopsy_dicom_annotations,dciodvfy,0a1a610c7f1d,Warning,Warning - Value dubious for this VR - (TAG) PN Patient's Name PN [1] = <Prostate-MRI-US-Biopsy-0629> - Retired Person Name form,1
dcmqi / prostate_mri_us_biopsy_dicom_annotations,dciodvfy,0bcf6af6c899,Warning,Warning - Value dubious for this VR - (TAG) PN Patient's Name PN [1] = <Prostate-MRI-US-Biopsy-0802> - Retired Person Name form,1
dcmqi / prostate_mri_us_biopsy_dicom_annotations,dciodvfy,0c9964959cc2,Warning,Warning - Value dubious for this VR - (TAG) PN Patient's Name PN [1] = <Prostate-MRI-US-Biopsy-1073> - Retired Person Name form,1
dcmqi / prostate_mri_us_biopsy_dicom_annotations,dciodvfy,0cfe212bc567,Warning,Warning - Value dubious for this VR - (TAG) PN Patient's Name PN [1] = <Prostate-MRI-US-Biopsy-0826> - Retired Person Name form,1
dcmqi / prostate_mri_us_biopsy_dicom_annotations,dciodvfy,0e7ad5a0436c,Warning,Warning - Value dubious for this VR - (TAG) PN Patient's Name PN [1] = <Prostate-MRI-US-Biopsy-0860> - Retired Person Name form,1
dcmqi / prostate_mri_us_biopsy_dicom_annotations,dciodvfy,0e9ea470b224,Warning,Warning - Value dubious for this VR - (TAG) PN Patient's Name PN [1] = <Prostate-MRI-US-Biopsy-0709> - Retired Person Name form,1
dcmqi / prostate_mri_us_biopsy_dicom_annotations,dciodvfy,0e9fc14164cc,Warning,Warning - Value dubious for this VR - (TAG) PN Patient's Name PN [1] = <Prostate-MRI-US-Biopsy-0591> - Retired Person Name form,1
dcmqi / prostate_mri_us_biopsy_dicom_annotations,dciodvfy,0efe981996eb,Warning,Warning - Value dubious for this VR - (TAG) PN Patient's Name PN [1] = <Prostate-MRI-US-Biopsy-0301> - Retired Person Name form,1
dcmqi / prostate_mri_us_biopsy_dicom_annotations,dciodvfy,0f570a861f07,Warning,Warning - Value dubious for this VR - (TAG) PN Patient's Name PN [1] = <Prostate-MRI-US-Biopsy-0951> - Retired Person Name form,1
dcmqi / prostate_mri_us_biopsy_dicom_annotations,dciodvfy,1092505b51ba,Warning,Warning - Value dubious for this VR - (TAG) PN Patient's Name PN [1] = <Prostate-MRI-US-Biopsy-0851> - Retired Person Name form,1
dcmqi / prostate_mri_us_biopsy_dicom_annotations,dciodvfy,1174e47ebf7f,Warning,Warning - Value dubious for this VR - (TAG) PN Patient's Name PN [1] = <Prostate-MRI-US-Biopsy-0685> - Retired Person Name form,1
dcmqi / prostate_mri_us_biopsy_dicom_annotations,dciodvfy,11c1e2cfe131,Warning,Warning - Value dubious for this VR - (TAG) PN Patient's Name PN [1] = <Prostate-MRI-US-Biopsy-1020> - Retired Person Name form,1
dcmqi / prostate_mri_us_biopsy_dicom_annotations,dciodvfy,129626c9f850,Warning,Warning - Value dubious for this VR - (TAG) PN Patient's Name PN [1] = <Prostate-MRI-US-Biopsy-0117> - Retired Person Name form,1
dcmqi / prostate_mri_us_biopsy_dicom_annotations,dciodvfy,13bf05d598aa,Warning,Warning - Value dubious for this VR - (TAG) PN Patient's Name PN [1] = <Prostate-MRI-US-Biopsy-0784> - Retired Person Name form,1
dcmqi / prostate_mri_us_biopsy_dicom_annotations,dciodvfy,1442b33202d2,Warning,Warning - Value dubious for this VR - (TAG) PN Patient's Name PN [1] = <Prostate-MRI-US-Biopsy-0293> - Retired Person Name form,1
dcmqi / prostate_mri_us_biopsy_dicom_annotations,dciodvfy,1538c8fe9760,Warning,Warning - Value dubious for this VR - (TAG) PN Patient's Name PN [1] = <Prostate-MRI-US-Biopsy-0808> - Retired Person Name form,1
dcmqi / prostate_mri_us_biopsy_dicom_annotations,dciodvfy,1583f7cdec8e,Warning,Warning - Value dubious for this VR - (TAG) PN Patient's Name PN [1] = <Prostate-MRI-US-Biopsy-0512> - Retired Person Name form,1
dcmqi / prostate_mri_us_biopsy_dicom_annotations,dciodvfy,178ee0ff4f63,Warning,Warning - Value dubious for this VR - (TAG) PN Patient's Name PN [1] = <Prostate-MRI-US-Biopsy-0484> - Retired Person Name form,1
dcmqi / prostate_mri_us_biopsy_dicom_annotations,dciodvfy,19e14ddadd1a,Warning,Warning - Value dubious for this VR - (TAG) PN Patient's Name PN [1] = <Prostate-MRI-US-Biopsy-1115> - Retired Person Name form,1
dcmqi / prostate_mri_us_biopsy_dicom_annotations,dciodvfy,1a93e3635ddf,Warning,Warning - Value dubious for this VR - (TAG) PN Patient's Name PN [1] = <Prostate-MRI-US-Biopsy-0486> - Retired Person Name form,1
dcmqi / prostate_mri_us_biopsy_dicom_annotations,dciodvfy,1b3691fa8847,Warning,Warning - Value dubious for this VR - (TAG) PN Patient's Name PN [1] = <Prostate-MRI-US-Biopsy-1004> - Retired Person Name form,1
dcmqi / prostate_mri_us_biopsy_dicom_annotations,dciodvfy,1c3e9e90536b,Warning,Warning - Value dubious for this VR - (TAG) PN Patient's Name PN [1] = <Prostate-MRI-US-Biopsy-0720> - Retired Person Name form,1
dcmqi / prostate_mri_us_biopsy_dicom_annotations,dciodvfy,1d758fe9c30f,Warning,Warning - Value dubious for this VR - (TAG) PN Patient's Name PN [1] = <Prostate-MRI-US-Biopsy-0898> - Retired Person Name form,1
dcmqi / prostate_mri_us_biopsy_dicom_annotations,dciodvfy,1dea7243a02c,Warning,Warning - Value dubious for this VR - (TAG) PN Patient's Name PN [1] = <Prostate-MRI-US-Biopsy-0319> - Retired Person Name form,1
dcmqi / prostate_mri_us_biopsy_dicom_annotations,dciodvfy,2012df7034c6,Warning,Warning - Value dubious for this VR - (TAG) PN Patient's Name PN [1] = <Prostate-MRI-US-Biopsy-1036> - Retired Person Name form,1
dcmqi / prostate_mri_us_biopsy_dicom_annotations,dciodvfy,202b11b3ad78,Warning,Warning - Value dubious for this VR - (TAG) PN Patient's Name PN [1] = <Prostate-MRI-US-Biopsy-0592> - Retired Person Name form,1
dcmqi / prostate_mri_us_biopsy_dicom_annotations,dciodvfy,20a27d7c28c2,Warning,Warning - Value dubious for this VR - (TAG) PN Patient's Name PN [1] = <Prostate-MRI-US-Biopsy-0849> - Retired Person Name form,1
dcmqi / prostate_mri_us_biopsy_dicom_annotations,dciodvfy,20ab2ae0df02,Warning,Warning - Value dubious for this VR - (TAG) PN Patient's Name PN [1] = <Prostate-MRI-US-Biopsy-0323> - Retired Person Name form,1
dcmqi / prostate_mri_us_biopsy_dicom_annotations,dciodvfy,215723879c99,Warning,Warning - Value dubious for this VR - (TAG) PN Patient's Name PN [1] = <Prostate-MRI-US-Biopsy-0347> - Retired Person Name form,1
dcmqi / prostate_mri_us_biopsy_dicom_annotations,dciodvfy,22e243c6f6db,Warning,Warning - Value dubious for this VR - (TAG) PN Patient's Name PN [1] = <Prostate-MRI-US-Biopsy-0364> - Retired Person Name form,1
dcmqi / prostate_mri_us_biopsy_dicom_annotations,dciodvfy,2436b44468ca,Warning,Warning - Value dubious for this VR - (TAG) PN Patient's Name PN [1] = <Prostate-MRI-US-Biopsy-0902> - Retired Person Name form,1
dcmqi / prostate_mri_us_biopsy_dicom_annotations,dciodvfy,2599de583b0d,Warning,Warning - Value dubious for this VR - (TAG) PN Patient's Name PN [1] = <Prostate-MRI-US-Biopsy-0172> - Retired Person Name form,1
dcmqi / prostate_mri_us_biopsy_dicom_annotations,dciodvfy,265cf2ab15e5,Warning,Warning - Value dubious for this VR - (TAG) PN Patient's Name PN [1] = <Prostate-MRI-US-Biopsy-0805> - Retired Person Name form,1
dcmqi / prostate_mri_us_biopsy_dicom_annotations,dciodvfy,26d4bfbc61c1,Warning,Warning - Value dubious for this VR - (TAG) PN Patient's Name PN [1] = <Prostate-MRI-US-Biopsy-0030> - Retired Person Name form,1
dcmqi / prostate_mri_us_biopsy_dicom_annotations,dciodvfy,27f86a23250a,Warning,Warning - Value dubious for this VR - (TAG) PN Patient's Name PN [1] = <Prostate-MRI-US-Biopsy-0604> - Retired Person Name form,1
dcmqi / prostate_mri_us_biopsy_dicom_annotations,dciodvfy,28cbe0edffd9,Warning,Warning - Value dubious for this VR - (TAG) PN Patient's Name PN [1] = <Prostate-MRI-US-Biopsy-1072> - Retired Person Name form,1
dcmqi / prostate_mri_us_biopsy_dicom_annotations,dciodvfy,29184de9fa8e,Warning,Warning - Value dubious for this VR - (TAG) PN Patient's Name PN [1] = <Prostate-MRI-US-Biopsy-0783> - Retired Person Name form,1
dcmqi / prostate_mri_us_biopsy_dicom_annotations,dciodvfy,2a9a954c3041,Warning,Warning - Value dubious for this VR - (TAG) PN Patient's Name PN [1] = <Prostate-MRI-US-Biopsy-0250> - Retired Person Name form,1
dcmqi / prostate_mri_us_biopsy_dicom_annotations,dciodvfy,2b76bf5a8def,Warning,Warning - Value dubious for this VR - (TAG) PN Patient's Name PN [1] = <Prostate-MRI-US-Biopsy-0539> - Retired Person Name form,1
dcmqi / prostate_mri_us_biopsy_dicom_annotations,dciodvfy,2c281b61d9c6,Warning,Warning - Value dubious for this VR - (TAG) PN Patient's Name PN [1] = <Prostate-MRI-US-Biopsy-0472> - Retired Person Name form,1
dcmqi / prostate_mri_us_biopsy_dicom_annotations,dciodvfy,2e9135fcc9ca,Warning,Warning - Value dubious for this VR - (TAG) PN Patient's Name PN [1] = <Prostate-MRI-US-Biopsy-0427> - Retired Person Name form,1
dcmqi / prostate_mri_us_biopsy_dicom_annotations,dciodvfy,2e971bc71990,Warning,Warning - Value dubious for this VR - (TAG) PN Patient's Name PN [1] = <Prostate-MRI-US-Biopsy-0577> - Retired Person Name form,1
dcmqi / prostate_mri_us_biopsy_dicom_annotations,dciodvfy,2ebe1a78fa50,Warning,Warning - Value dubious for this VR - (TAG) PN Patient's Name PN [1] = <Prostate-MRI-US-Biopsy-0917> - Retired Person Name form,1
dcmqi / prostate_mri_us_biopsy_dicom_annotations,dciodvfy,2eecb3c22556,Warning,Warning - Value dubious for this VR - (TAG) PN Patient's Name PN [1] = <Prostate-MRI-US-Biopsy-1009> - Retired Person Name form,1
dcmqi / prostate_mri_us_biopsy_dicom_annotations,dciodvfy,2f6ef7631526,Warning,Warning - Value dubious for this VR - (TAG) PN Patient's Name PN [1] = <Prostate-MRI-US-Biopsy-1024> - Retired Person Name form,1
dcmqi / prostate_mri_us_biopsy_dicom_annotations,dciodvfy,32cfcb98ada7,Warning,Warning - Value dubious for this VR - (TAG) PN Patient's Name PN [1] = <Prostate-MRI-US-Biopsy-0843> - Retired Person Name form,1
dcmqi / prostate_mri_us_biopsy_dicom_annotations,dciodvfy,330b9ce81e80,Warning,Warning - Value dubious for this VR - (TAG) PN Patient's Name PN [1] = <Prostate-MRI-US-Biopsy-1017> - Retired Person Name form,1
dcmqi / prostate_mri_us_biopsy_dicom_annotations,dciodvfy,335bea0f2913,Warning,Warning - Value dubious for this VR - (TAG) PN Patient's Name PN [1] = <Prostate-MRI-US-Biopsy-0496> - Retired Person Name form,1
dcmqi / prostate_mri_us_biopsy_dicom_annotations,dciodvfy,3486f4884c94,Warning,Warning - Value dubious for this VR - (TAG) PN Patient's Name PN [1] = <Prostate-MRI-US-Biopsy-0376> - Retired Person Name form,1
dcmqi / prostate_mri_us_biopsy_dicom_annotations,dciodvfy,354e023d59d4,Warning,Warning - Value dubious for this VR - (TAG) PN Patient's Name PN [1] = <Prostate-MRI-US-Biopsy-0400> - Retired Person Name form,1
dcmqi / prostate_mri_us_biopsy_dicom_annotations,dciodvfy,3674c89be823,Warning,Warning - Value dubious for this VR - (TAG) PN Patient's Name PN [1] = <Prostate-MRI-US-Biopsy-1053> - Retired Person Name form,1
dcmqi / prostate_mri_us_biopsy_dicom_annotations,dciodvfy,37af318c6d9a,Warning,Warning - Value dubious for this VR - (TAG) PN Patient's Name PN [1] = <Prostate-MRI-US-Biopsy-0755> - Retired Person Name form,1
dcmqi / prostate_mri_us_biopsy_dicom_annotations,dciodvfy,388af596637e,Warning,Warning - Value dubious for this VR - (TAG) PN Patient's Name PN [1] = <Prostate-MRI-US-Biopsy-0721> - Retired Person Name form,1
dcmqi / prostate_mri_us_biopsy_dicom_annotations,dciodvfy,3946506ab431,Warning,Warning - Value dubious for this VR - (TAG) PN Patient's Name PN [1] = <Prostate-MRI-US-Biopsy-0180> - Retired Person Name form,1
dcmqi / prostate_mri_us_biopsy_dicom_annotations,dciodvfy,39f8c67fafec,Warning,Warning - Value dubious for this VR - (TAG) PN Patient's Name PN [1] = <Prostate-MRI-US-Biopsy-0608> - Retired Person Name form,1
dcmqi / prostate_mri_us_biopsy_dicom_annotations,dciodvfy,3cc4afa30c01,Warning,Warning - Value dubious for this VR - (TAG) PN Patient's Name PN [1] = <Prostate-MRI-US-Biopsy-0643> - Retired Person Name form,1
dcmqi / prostate_mri_us_biopsy_dicom_annotations,dciodvfy,3de5cf4db1d9,Warning,Warning - Value dubious for this VR - (TAG) PN Patient's Name PN [1] = <Prostate-MRI-US-Biopsy-0192> - Retired Person Name form,1
dcmqi / prostate_mri_us_biopsy_dicom_annotations,dciodvfy,3de9b970ec72,Warning,Warning - Value dubious for this VR - (TAG) PN Patient's Name PN [1] = <Prostate-MRI-US-Biopsy-0194> - Retired Person Name form,1
dcmqi / prostate_mri_us_biopsy_dicom_annotations,dciodvfy,3f5c42efbc6a,Warning,Warning - Value dubious for this VR - (TAG) PN Patient's Name PN [1] = <Prostate-MRI-US-Biopsy-0776> - Retired Person Name form,1
dcmqi / prostate_mri_us_biopsy_dicom_annotations,dciodvfy,3f883bfc045b,Warning,Warning - Value dubious for this VR - (TAG) PN Patient's Name PN [1] = <Prostate-MRI-US-Biopsy-0836> - Retired Person Name form,1
dcmqi / prostate_mri_us_biopsy_dicom_annotations,dciodvfy,3fb824894356,Warning,Warning - Value dubious for this VR - (TAG) PN Patient's Name PN [1] = <Prostate-MRI-US-Biopsy-1146> - Retired Person Name form,1
dcmqi / prostate_mri_us_biopsy_dicom_annotations,dciodvfy,3fc78880daeb,Warning,Warning - Value dubious for this VR - (TAG) PN Patient's Name PN [1] = <Prostate-MRI-US-Biopsy-0832> - Retired Person Name form,1
dcmqi / prostate_mri_us_biopsy_dicom_annotations,dciodvfy,3fdd5882458c,Warning,Warning - Value dubious for this VR - (TAG) PN Patient's Name PN [1] = <Prostate-MRI-US-Biopsy-0275> - Retired Person Name form,1
dcmqi / prostate_mri_us_biopsy_dicom_annotations,dciodvfy,4045a7209ee1,Warning,Warning - Value dubious for this VR - (TAG) PN Patient's Name PN [1] = <Prostate-MRI-US-Biopsy-0741> - Retired Person Name form,1
dcmqi / prostate_mri_us_biopsy_dicom_annotations,dciodvfy,41b76b2f2b5b,Warning,Warning - Value dubious for this VR - (TAG) PN Patient's Name PN [1] = <Prostate-MRI-US-Biopsy-0500> - Retired Person Name form,1
dcmqi / prostate_mri_us_biopsy_dicom_annotations,dciodvfy,4417d6f6175c,Warning,Warning - Value dubious for this VR - (TAG) PN Patient's Name PN [1] = <Prostate-MRI-US-Biopsy-0350> - Retired Person Name form,1
dcmqi / prostate_mri_us_biopsy_dicom_annotations,dciodvfy,44f7f5f47ef3,Warning,Warning - Value dubious for this VR - (TAG) PN Patient's Name PN [1] = <Prostate-MRI-US-Biopsy-0208> - Retired Person Name form,1
dcmqi / prostate_mri_us_biopsy_dicom_annotations,dciodvfy,45b94f563145,Warning,Warning - Value dubious for this VR - (TAG) PN Patient's Name PN [1] = <Prostate-MRI-US-Biopsy-0443> - Retired Person Name form,1
dcmqi / prostate_mri_us_biopsy_dicom_annotations,dciodvfy,45c2b2bde697,Warning,Warning - Value dubious for this VR - (TAG) PN Patient's Name PN [1] = <Prostate-MRI-US-Biopsy-0291> - Retired Person Name form,1
dcmqi / prostate_mri_us_biopsy_dicom_annotations,dciodvfy,46681ccdb12f,Warning,Warning - Value dubious for this VR - (TAG) PN Patient's Name PN [1] = <Prostate-MRI-US-Biopsy-0566> - Retired Person Name form,1
dcmqi / prostate_mri_us_biopsy_dicom_annotations,dciodvfy,4794e4e804e9,Warning,Warning - Value dubious for this VR - (TAG) PN Patient's Name PN [1] = <Prostate-MRI-US-Biopsy-1150> - Retired Person Name form,1
dcmqi / prostate_mri_us_biopsy_dicom_annotations,dciodvfy,483f5a718a3e,Warning,Warning - Value dubious for this VR - (TAG) PN Patient's Name PN [1] = <Prostate-MRI-US-Biopsy-0609> - Retired Person Name form,1
dcmqi / prostate_mri_us_biopsy_dicom_annotations,dciodvfy,491d9339334d,Warning,Warning - Value dubious for this VR - (TAG) PN Patient's Name PN [1] = <Prostate-MRI-US-Biopsy-1102> - Retired Person Name form,1
dcmqi / prostate_mri_us_biopsy_dicom_annotations,dciodvfy,4ad3376aeb46,Warning,Warning - Value dubious for this VR - (TAG) PN Patient's Name PN [1] = <Prostate-MRI-US-Biopsy-0983> - Retired Person Name form,1
dcmqi / prostate_mri_us_biopsy_dicom_annotations,dciodvfy,4b90939ce559,Warning,Warning - Value dubious for this VR - (TAG) PN Patient's Name PN [1] = <Prostate-MRI-US-Biopsy-0173> - Retired Person Name form,1
dcmqi / prostate_mri_us_biopsy_dicom_annotations,dciodvfy,4d1151e63145,Warning,Warning - Value dubious for this VR - (TAG) PN Patient's Name PN [1] = <Prostate-MRI-US-Biopsy-0047> - Retired Person Name form,1
dcmqi / prostate_mri_us_biopsy_dicom_annotations,dciodvfy,4f10d77056ca,Warning,Warning - Value dubious for this VR - (TAG) PN Patient's Name PN [1] = <Prostate-MRI-US-Biopsy-0563> - Retired Person Name form,1
dcmqi / prostate_mri_us_biopsy_dicom_annotations,dciodvfy,4f19d478f8a1,Warning,Warning - Value dubious for this VR - (TAG) PN Patient's Name PN [1] = <Prostate-MRI-US-Biopsy-0354> - Retired Person Name form,1
dcmqi / prostate_mri_us_biopsy_dicom_annotations,dciodvfy,50b5f3d20215,Warning,Warning - Value dubious for this VR - (TAG) PN Patient's Name PN [1] = <Prostate-MRI-US-Biopsy-0525> - Retired Person Name form,1
dcmqi / prostate_mri_us_biopsy_dicom_annotations,dciodvfy,5141706f69a6,Warning,Warning - Value dubious for this VR - (TAG) PN Patient's Name PN [1] = <Prostate-MRI-US-Biopsy-0622> - Retired Person Name form,1
dcmqi / prostate_mri_us_biopsy_dicom_annotations,dciodvfy,516359a4bf21,Warning,Warning - Value dubious for this VR - (TAG) PN Patient's Name PN [1] = <Prostate-MRI-US-Biopsy-0936> - Retired Person Name form,1
dcmqi / prostate_mri_us_biopsy_dicom_annotations,dciodvfy,5184171de4fe,Warning,Warning - Value dubious for this VR - (TAG) PN Patient's Name PN [1] = <Prostate-MRI-US-Biopsy-0090> - Retired Person Name form,1
dcmqi / prostate_mri_us_biopsy_dicom_annotations,dciodvfy,53d899445974,Warning,Warning - Value dubious for this VR - (TAG) PN Patient's Name PN [1] = <Prostate-MRI-US-Biopsy-0231> - Retired Person Name form,1
dcmqi / prostate_mri_us_biopsy_dicom_annotations,dciodvfy,554249501dc4,Warning,Warning - Value dubious for this VR - (TAG) PN Patient's Name PN [1] = <Prostate-MRI-US-Biopsy-0703> - Retired Person Name form,1
dcmqi / prostate_mri_us_biopsy_dicom_annotations,dciodvfy,564841662c51,Warning,Warning - Value dubious for this VR - (TAG) PN Patient's Name PN [1] = <Prostate-MRI-US-Biopsy-0009> - Retired Person Name form,1
dcmqi / prostate_mri_us_biopsy_dicom_annotations,dciodvfy,566bcc80710b,Warning,Warning - Value dubious for this VR - (TAG) PN Patient's Name PN [1] = <Prostate-MRI-US-Biopsy-0561> - Retired Person Name form,1
dcmqi / prostate_mri_us_biopsy_dicom_annotations,dciodvfy,588edd859b14,Warning,Warning - Value dubious for this VR - (TAG) PN Patient's Name PN [1] = <Prostate-MRI-US-Biopsy-0545> - Retired Person Name form,1
dcmqi / prostate_mri_us_biopsy_dicom_annotations,dciodvfy,589505bd5da2,Warning,Warning - Value dubious for this VR - (TAG) PN Patient's Name PN [1] = <Prostate-MRI-US-Biopsy-0210> - Retired Person Name form,1
dcmqi / prostate_mri_us_biopsy_dicom_annotations,dciodvfy,5b9722cb397e,Warning,Warning - Value dubious for this VR - (TAG) PN Patient's Name PN [1] = <Prostate-MRI-US-Biopsy-0961> - Retired Person Name form,1
dcmqi / prostate_mri_us_biopsy_dicom_annotations,dciodvfy,5ba60b489155,Warning,Warning - Value dubious for this VR - (TAG) PN Patient's Name PN [1] = <Prostate-MRI-US-Biopsy-0470> - Retired Person Name form,1
dcmqi / prostate_mri_us_biopsy_dicom_annotations,dciodvfy,5bf91e9d2bb2,Warning,Warning - Value dubious for this VR - (TAG) PN Patient's Name PN [1] = <Prostate-MRI-US-Biopsy-0688> - Retired Person Name form,1
dcmqi / prostate_mri_us_biopsy_dicom_annotations,dciodvfy,5eaec72ddebb,Warning,Warning - Value dubious for this VR - (TAG) PN Patient's Name PN [1] = <Prostate-MRI-US-Biopsy-0167> - Retired Person Name form,1
dcmqi / prostate_mri_us_biopsy_dicom_annotations,dciodvfy,5eb499ab21b4,Warning,Warning - Value dubious for this VR - (TAG) PN Patient's Name PN [1] = <Prostate-MRI-US-Biopsy-0203> - Retired Person Name form,1
dcmqi / prostate_mri_us_biopsy_dicom_annotations,dciodvfy,5ed5cd7d4459,Warning,Warning - Value dubious for this VR - (TAG) PN Patient's Name PN [1] = <Prostate-MRI-US-Biopsy-1113> - Retired Person Name form,1
dcmqi / prostate_mri_us_biopsy_dicom_annotations,dciodvfy,60ea607bc6e0,Warning,Warning - Value dubious for this VR - (TAG) PN Patient's Name PN [1] = <Prostate-MRI-US-Biopsy-0769> - Retired Person Name form,1
dcmqi / prostate_mri_us_biopsy_dicom_annotations,dciodvfy,60f15b8e8816,Warning,Warning - Value dubious for this VR - (TAG) PN Patient's Name PN [1] = <Prostate-MRI-US-Biopsy-0655> - Retired Person Name form,1
dcmqi / prostate_mri_us_biopsy_dicom_annotations,dciodvfy,615fec9d2bbe,Warning,Warning - Value dubious for this VR - (TAG) PN Patient's Name PN [1] = <Prostate-MRI-US-Biopsy-0634> - Retired Person Name form,1
dcmqi / prostate_mri_us_biopsy_dicom_annotations,dciodvfy,627a1473b54f,Warning,Warning - Value dubious for this VR - (TAG) PN Patient's Name PN [1] = <Prostate-MRI-US-Biopsy-0060> - Retired Person Name form,1
dcmqi / prostate_mri_us_biopsy_dicom_annotations,dciodvfy,62be62172707,Warning,Warning - Value dubious for this VR - (TAG) PN Patient's Name PN [1] = <Prostate-MRI-US-Biopsy-0916> - Retired Person Name form,1
dcmqi / prostate_mri_us_biopsy_dicom_annotations,dciodvfy,62e9a15aa1fb,Warning,Warning - Value dubious for this VR - (TAG) PN Patient's Name PN [1] = <Prostate-MRI-US-Biopsy-0159> - Retired Person Name form,1
dcmqi / prostate_mri_us_biopsy_dicom_annotations,dciodvfy,630b80975f82,Warning,Warning - Value dubious for this VR - (TAG) PN Patient's Name PN [1] = <Prostate-MRI-US-Biopsy-0946> - Retired Person Name form,1
dcmqi / prostate_mri_us_biopsy_dicom_annotations,dciodvfy,63bda5bf482b,Warning,Warning - Value dubious for this VR - (TAG) PN Patient's Name PN [1] = <Prostate-MRI-US-Biopsy-0613> - Retired Person Name form,1
dcmqi / prostate_mri_us_biopsy_dicom_annotations,dciodvfy,648dd9caccd6,Warning,Warning - Value dubious for this VR - (TAG) PN Patient's Name PN [1] = <Prostate-MRI-US-Biopsy-0886> - Retired Person Name form,1
dcmqi / prostate_mri_us_biopsy_dicom_annotations,dciodvfy,64b40ac0bfde,Warning,Warning - Value dubious for this VR - (TAG) PN Patient's Name PN [1] = <Prostate-MRI-US-Biopsy-0062> - Retired Person Name form,1
dcmqi / prostate_mri_us_biopsy_dicom_annotations,dciodvfy,67495f6419d6,Warning,Warning - Value dubious for this VR - (TAG) PN Patient's Name PN [1] = <Prostate-MRI-US-Biopsy-0308> - Retired Person Name form,1
dcmqi / prostate_mri_us_biopsy_dicom_annotations,dciodvfy,6839ca6b59b2,Warning,Warning - Value dubious for this VR - (TAG) PN Patient's Name PN [1] = <Prostate-MRI-US-Biopsy-0601> - Retired Person Name form,1
dcmqi / prostate_mri_us_biopsy_dicom_annotations,dciodvfy,68c43754de66,Warning,Warning - Value dubious for this VR - (TAG) PN Patient's Name PN [1] = <Prostate-MRI-US-Biopsy-0039> - Retired Person Name form,1
dcmqi / prostate_mri_us_biopsy_dicom_annotations,dciodvfy,6a6227bfda45,Warning,Warning - Value dubious for this VR - (TAG) PN Patient's Name PN [1] = <Prostate-MRI-US-Biopsy-1039> - Retired Person Name form,1
dcmqi / prostate_mri_us_biopsy_dicom_annotations,dciodvfy,6a6a756576bd,Warning,Warning - Value dubious for this VR - (TAG) PN Patient's Name PN [1] = <Prostate-MRI-US-Biopsy-0282> - Retired Person Name form,1
dcmqi / prostate_mri_us_biopsy_dicom_annotations,dciodvfy,6b8163b40c6d,Warning,Warning - Value dubious for this VR - (TAG) PN Patient's Name PN [1] = <Prostate-MRI-US-Biopsy-0124> - Retired Person Name form,1
dcmqi / prostate_mri_us_biopsy_dicom_annotations,dciodvfy,6d585dbe2c88,Warning,Warning - Value dubious for this VR - (TAG) PN Patient's Name PN [1] = <Prostate-MRI-US-Biopsy-0973> - Retired Person Name form,1
dcmqi / prostate_mri_us_biopsy_dicom_annotations,dciodvfy,6d672bc598ff,Warning,Warning - Value dubious for this VR - (TAG) PN Patient's Name PN [1] = <Prostate-MRI-US-Biopsy-0996> - Retired Person Name form,1
dcmqi / prostate_mri_us_biopsy_dicom_annotations,dciodvfy,6dbd1da24244,Warning,Warning - Value dubious for this VR - (TAG) PN Patient's Name PN [1] = <Prostate-MRI-US-Biopsy-0661> - Retired Person Name form,1
dcmqi / prostate_mri_us_biopsy_dicom_annotations,dciodvfy,72d376270725,Warning,Warning - Value dubious for this VR - (TAG) PN Patient's Name PN [1] = <Prostate-MRI-US-Biopsy-0555> - Retired Person Name form,1
dcmqi / prostate_mri_us_biopsy_dicom_annotations,dciodvfy,73a9081ca288,Warning,Warning - Value dubious for this VR - (TAG) PN Patient's Name PN [1] = <Prostate-MRI-US-Biopsy-0420> - Retired Person Name form,1
dcmqi / prostate_mri_us_biopsy_dicom_annotations,dciodvfy,748e5afd8cc4,Warning,Warning - Value dubious for this VR - (TAG) PN Patient's Name PN [1] = <Prostate-MRI-US-Biopsy-0127> - Retired Person Name form,1
dcmqi / prostate_mri_us_biopsy_dicom_annotations,dciodvfy,74cc62b9cefa,Warning,Warning - Value dubious for this VR - (TAG) PN Patient's Name PN [1] = <Prostate-MRI-US-Biopsy-1023> - Retired Person Name form,1
dcmqi / prostate_mri_us_biopsy_dicom_annotations,dciodvfy,7558ce2c7c77,Warning,Warning - Value dubious for this VR - (TAG) PN Patient's Name PN [1] = <Prostate-MRI-US-Biopsy-0833> - Retired Person Name form,1
dcmqi / prostate_mri_us_biopsy_dicom_annotations,dciodvfy,7630b573282b,Warning,Warning - Value dubious for this VR - (TAG) PN Patient's Name PN [1] = <Prostate-MRI-US-Biopsy-0269> - Retired Person Name form,1
dcmqi / prostate_mri_us_biopsy_dicom_annotations,dciodvfy,76428d7ea01e,Warning,Warning - Value dubious for this VR - (TAG) PN Patient's Name PN [1] = <Prostate-MRI-US-Biopsy-0059> - Retired Person Name form,1
dcmqi / prostate_mri_us_biopsy_dicom_annotations,dciodvfy,7706365c6a07,Warning,Warning - Value dubious for this VR - (TAG) PN Patient's Name PN [1] = <Prostate-MRI-US-Biopsy-1080> - Retired Person Name form,1
dcmqi / prostate_mri_us_biopsy_dicom_annotations,dciodvfy,78f3ca227102,Warning,Warning - Value dubious for this VR - (TAG) PN Patient's Name PN [1] = <Prostate-MRI-US-Biopsy-1136> - Retired Person Name form,1
dcmqi / prostate_mri_us_biopsy_dicom_annotations,dciodvfy,7a179c287617,Warning,Warning - Value dubious for this VR - (TAG) PN Patient's Name PN [1] = <Prostate-MRI-US-Biopsy-0923> - Retired Person Name form,1
dcmqi / prostate_mri_us_biopsy_dicom_annotations,dciodvfy,7b44d0b0333d,Warning,Warning - Value dubious for this VR - (TAG) PN Patient's Name PN [1] = <Prostate-MRI-US-Biopsy-1099> - Retired Person Name form,1
dcmqi / prostate_mri_us_biopsy_dicom_annotations,dciodvfy,7c1d66510678,Warning,Warning - Value dubious for this VR - (TAG) PN Patient's Name PN [1] = <Prostate-MRI-US-Biopsy-1140> - Retired Person Name form,1
dcmqi / prostate_mri_us_biopsy_dicom_annotations,dciodvfy,7cda13d5c82c,Warning,Warning - Value dubious for this VR - (TAG) PN Patient's Name PN [1] = <Prostate-MRI-US-Biopsy-0797> - Retired Person Name form,1
dcmqi / prostate_mri_us_biopsy_dicom_annotations,dciodvfy,7dd39fdf2ec7,Warning,Warning - Value dubious for this VR - (TAG) PN Patient's Name PN [1] = <Prostate-MRI-US-Biopsy-0583> - Retired Person Name form,1
dcmqi / prostate_mri_us_biopsy_dicom_annotations,dciodvfy,7ec13c68379d,Warning,Warning - Value dubious for this VR - (TAG) PN Patient's Name PN [1] = <Prostate-MRI-US-Biopsy-0442> - Retired Person Name form,1
dcmqi / prostate_mri_us_biopsy_dicom_annotations,dciodvfy,7f718aabf767,Warning,Warning - Value dubious for this VR - (TAG) PN Patient's Name PN [1] = <Prostate-MRI-US-Biopsy-0684> - Retired Person Name form,1
dcmqi / prostate_mri_us_biopsy_dicom_annotations,dciodvfy,7fb799c12b2b,Warning,Warning - Value dubious for this VR - (TAG) PN Patient's Name PN [1] = <Prostate-MRI-US-Biopsy-0326> - Retired Person Name form,1
dcmqi / prostate_mri_us_biopsy_dicom_annotations,dciodvfy,8193cbbb4666,Warning,Warning - Value dubious for this VR - (TAG) PN Patient's Name PN [1] = <Prostate-MRI-US-Biopsy-0911> - Retired Person Name form,1
dcmqi / prostate_mri_us_biopsy_dicom_annotations,dciodvfy,83742ef573c4,Warning,Warning - Value dubious for this VR - (TAG) PN Patient's Name PN [1] = <Prostate-MRI-US-Biopsy-0546> - Retired Person Name form,1
dcmqi / prostate_mri_us_biopsy_dicom_annotations,dciodvfy,83749c3672eb,Warning,Warning - Value dubious for this VR - (TAG) PN Patient's Name PN [1] = <Prostate-MRI-US-Biopsy-0229> - Retired Person Name form,1
dcmqi / prostate_mri_us_biopsy_dicom_annotations,dciodvfy,8389b5afedaa,Warning,Warning - Value dubious for this VR - (TAG) PN Patient's Name PN [1] = <Prostate-MRI-US-Biopsy-0207> - Retired Person Name form,1
dcmqi / prostate_mri_us_biopsy_dicom_annotations,dciodvfy,83c9b90d8c0b,Warning,Warning - Value dubious for this VR - (TAG) PN Patient's Name PN [1] = <Prostate-MRI-US-Biopsy-0368> - Retired Person Name form,1
dcmqi / prostate_mri_us_biopsy_dicom_annotations,dciodvfy,83e72817ea8b,Warning,Warning - Value dubious for this VR - (TAG) PN Patient's Name PN [1] = <Prostate-MRI-US-Biopsy-0240> - Retired Person Name form,1
dcmqi / prostate_mri_us_biopsy_dicom_annotations,dciodvfy,845c401bd1c1,Warning,Warning - Value dubious for this VR - (TAG) PN Patient's Name PN [1] = <Prostate-MRI-US-Biopsy-0960> - Retired Person Name form,1
dcmqi / prostate_mri_us_biopsy_dicom_annotations,dciodvfy,850abcf9b102,Warning,Warning - Value dubious for this VR - (TAG) PN Patient's Name PN [1] = <Prostate-MRI-US-Biopsy-0205> - Retired Person Name form,1
dcmqi / prostate_mri_us_biopsy_dicom_annotations,dciodvfy,8639643b810d,Warning,Warning - Value dubious for this VR - (TAG) PN Patient's Name PN [1] = <Prostate-MRI-US-Biopsy-0788> - Retired Person Name form,1
dcmqi / prostate_mri_us_biopsy_dicom_annotations,dciodvfy,8803a68cd1ae,Warning,Warning - Value dubious for this VR - (TAG) PN Patient's Name PN [1] = <Prostate-MRI-US-Biopsy-0298> - Retired Person Name form,1
dcmqi / prostate_mri_us_biopsy_dicom_annotations,dciodvfy,88ad848fd2c0,Warning,Warning - Value dubious for this VR - (TAG) PN Patient's Name PN [1] = <Prostate-MRI-US-Biopsy-0079> - Retired Person Name form,1
dcmqi / prostate_mri_us_biopsy_dicom_annotations,dciodvfy,8928ce03b018,Warning,Warning - Value dubious for this VR - (TAG) PN Patient's Name PN [1] = <Prostate-MRI-US-Biopsy-0166> - Retired Person Name form,1
dcmqi / prostate_mri_us_biopsy_dicom_annotations,dciodvfy,8a34ed60818b,Warning,Warning - Value dubious for this VR - (TAG) PN Patient's Name PN [1] = <Prostate-MRI-US-Biopsy-0278> - Retired Person Name form,1
dcmqi / prostate_mri_us_biopsy_dicom_annotations,dciodvfy,8ad206cb1772,Warning,Warning - Value dubious for this VR - (TAG) PN Patient's Name PN [1] = <Prostate-MRI-US-Biopsy-0281> - Retired Person Name form,1
dcmqi / prostate_mri_us_biopsy_dicom_annotations,dciodvfy,8b7d16d9b3e4,Warning,Warning - Value dubious for this VR - (TAG) PN Patient's Name PN [1] = <Prostate-MRI-US-Biopsy-0676> - Retired Person Name form,1
dcmqi / prostate_mri_us_biopsy_dicom_annotations,dciodvfy,8bd9060cd7f6,Warning,Warning - Value dubious for this VR - (TAG) PN Patient's Name PN [1] = <Prostate-MRI-US-Biopsy-0413> - Retired Person Name form,1
dcmqi / prostate_mri_us_biopsy_dicom_annotations,dciodvfy,8bfad9d10259,Warning,Warning - Value dubious for this VR - (TAG) PN Patient's Name PN [1] = <Prostate-MRI-US-Biopsy-0605> - Retired Person Name form,1
dcmqi / prostate_mri_us_biopsy_dicom_annotations,dciodvfy,92cd9389ae7a,Warning,Warning - Value dubious for this VR - (TAG) PN Patient's Name PN [1] = <Prostate-MRI-US-Biopsy-0057> - Retired Person Name form,1
dcmqi / prostate_mri_us_biopsy_dicom_annotations,dciodvfy,92d14e54da0f,Warning,Warning - Value dubious for this VR - (TAG) PN Patient's Name PN [1] = <Prostate-MRI-US-Biopsy-0615> - Retired Person Name form,1
dcmqi / prostate_mri_us_biopsy_dicom_annotations,dciodvfy,94af090ab873,Warning,Warning - Value dubious for this VR - (TAG) PN Patient's Name PN [1] = <Prostate-MRI-US-Biopsy-0089> - Retired Person Name form,1
dcmqi / prostate_mri_us_biopsy_dicom_annotations,dciodvfy,9600df793164,Warning,Warning - Value dubious for this VR - (TAG) PN Patient's Name PN [1] = <Prostate-MRI-US-Biopsy-0452> - Retired Person Name form,1
dcmqi / prostate_mri_us_biopsy_dicom_annotations,dciodvfy,983dfcff4006,Warning,Warning - Value dubious for this VR - (TAG) PN Patient's Name PN [1] = <Prostate-MRI-US-Biopsy-0906> - Retired Person Name form,1
dcmqi / prostate_mri_us_biopsy_dicom_annotations,dciodvfy,98cbbb064c47,Warning,Warning - Value dubious for this VR - (TAG) PN Patient's Name PN [1] = <Prostate-MRI-US-Biopsy-0569> - Retired Person Name form,1
dcmqi / prostate_mri_us_biopsy_dicom_annotations,dciodvfy,9962eb75d84b,Warning,Warning - Value dubious for this VR - (TAG) PN Patient's Name PN [1] = <Prostate-MRI-US-Biopsy-0501> - Retired Person Name form,1
dcmqi / prostate_mri_us_biopsy_dicom_annotations,dciodvfy,9a6fb71009bc,Warning,Warning - Value dubious for this VR - (TAG) PN Patient's Name PN [1] = <Prostate-MRI-US-Biopsy-0775> - Retired Person Name form,1
dcmqi / prostate_mri_us_biopsy_dicom_annotations,dciodvfy,9c9c57570e41,Warning,Warning - Value dubious for this VR - (TAG) PN Patient's Name PN [1] = <Prostate-MRI-US-Biopsy-0773> - Retired Person Name form,1
dcmqi / prostate_mri_us_biopsy_dicom_annotations,dciodvfy,9d3873a4d78c,Warning,Warning - Value dubious for this VR - (TAG) PN Patient's Name PN [1] = <Prostate-MRI-US-Biopsy-0881> - Retired Person Name form,1
dcmqi / prostate_mri_us_biopsy_dicom_annotations,dciodvfy,9d7f28789211,Warning,Warning - Value dubious for this VR - (TAG) PN Patient's Name PN [1] = <Prostate-MRI-US-Biopsy-0806> - Retired Person Name form,1
dcmqi / prostate_mri_us_biopsy_dicom_annotations,dciodvfy,9e63a7b65638,Warning,Warning - Value dubious for this VR - (TAG) PN Patient's Name PN [1] = <Prostate-MRI-US-Biopsy-0975> - Retired Person Name form,1
dcmqi / prostate_mri_us_biopsy_dicom_annotations,dciodvfy,9f4ffd27cafc,Warning,Warning - Value dubious for this VR - (TAG) PN Patient's Name PN [1] = <Prostate-MRI-US-Biopsy-0599> - Retired Person Name form,1
dcmqi / prostate_mri_us_biopsy_dicom_annotations,dciodvfy,9febf99c3e61,Warning,Warning - Value dubious for this VR - (TAG) PN Patient's Name PN [1] = <Prostate-MRI-US-Biopsy-0305> - Retired Person Name form,1
dcmqi / prostate_mri_us_biopsy_dicom_annotations,dciodvfy,a11f54bdf14a,Warning,Warning - Value dubious for this VR - (TAG) PN Patient's Name PN [1] = <Prostate-MRI-US-Biopsy-1114> - Retired Person Name form,1
dcmqi / prostate_mri_us_biopsy_dicom_annotations,dciodvfy,a1890c365bfa,Warning,Warning - Value dubious for this VR - (TAG) PN Patient's Name PN [1] = <Prostate-MRI-US-Biopsy-0900> - Retired Person Name form,1
dcmqi / prostate_mri_us_biopsy_dicom_annotations,dciodvfy,a206b3548f0e,Warning,Warning - Value dubious for this VR - (TAG) PN Patient's Name PN [1] = <Prostate-MRI-US-Biopsy-0416> - Retired Person Name form,1
dcmqi / prostate_mri_us_biopsy_dicom_annotations,dciodvfy,a29f7c2c7f33,Warning,Warning - Value dubious for this VR - (TAG) PN Patient's Name PN [1] = <Prostate-MRI-US-Biopsy-0878> - Retired Person Name form,1
dcmqi / prostate_mri_us_biopsy_dicom_annotations,dciodvfy,a3606c6ab537,Warning,Warning - Value dubious for this VR - (TAG) PN Patient's Name PN [1] = <Prostate-MRI-US-Biopsy-0976> - Retired Person Name form,1
dcmqi / prostate_mri_us_biopsy_dicom_annotations,dciodvfy,a8d9e8799778,Warning,Warning - Value dubious for this VR - (TAG) PN Patient's Name PN [1] = <Prostate-MRI-US-Biopsy-1122> - Retired Person Name form,1
dcmqi / prostate_mri_us_biopsy_dicom_annotations,dciodvfy,a963d548bff4,Warning,Warning - Value dubious for this VR - (TAG) PN Patient's Name PN [1] = <Prostate-MRI-US-Biopsy-0624> - Retired Person Name form,1
dcmqi / prostate_mri_us_biopsy_dicom_annotations,dciodvfy,a98b852b208e,Warning,Warning - Value dubious for this VR - (TAG) PN Patient's Name PN [1] = <Prostate-MRI-US-Biopsy-0739> - Retired Person Name form,1
dcmqi / prostate_mri_us_biopsy_dicom_annotations,dciodvfy,a9ba2200053e,Warning,Warning - Value dubious for this VR - (TAG) PN Patient's Name PN [1] = <Prostate-MRI-US-Biopsy-0666> - Retired Person Name form,1
dcmqi / prostate_mri_us_biopsy_dicom_annotations,dciodvfy,aad954700512,Warning,Warning - Value dubious for this VR - (TAG) PN Patient's Name PN [1] = <Prostate-MRI-US-Biopsy-0725> - Retired Person Name form,1
dcmqi / prostate_mri_us_biopsy_dicom_annotations,dciodvfy,aca96c7ee768,Warning,Warning - Value dubious for this VR - (TAG) PN Patient's Name PN [1] = <Prostate-MRI-US-Biopsy-0494> - Retired Person Name form,1
dcmqi / prostate_mri_us_biopsy_dicom_annotations,dciodvfy,ad0a7a07cfe5,Warning,Warning - Value dubious for this VR - (TAG) PN Patient's Name PN [1] = <Prostate-MRI-US-Biopsy-0104> - Retired Person Name form,1
dcmqi / prostate_mri_us_biopsy_dicom_annotations,dciodvfy,afbfcfe93eb8,Warning,Warning - Value dubious for this VR - (TAG) PN Patient's Name PN [1] = <Prostate-MRI-US-Biopsy-1109> - Retired Person Name form,1
dcmqi / prostate_mri_us_biopsy_dicom_annotations,dciodvfy,b216af263d2b,Warning,Warning - Value dubious for this VR - (TAG) PN Patient's Name PN [1] = <Prostate-MRI-US-Biopsy-0242> - Retired Person Name form,1
dcmqi / prostate_mri_us_biopsy_dicom_annotations,dciodvfy,b271ab21f6e1,Warning,Warning - Value dubious for this VR - (TAG) PN Patient's Name PN [1] = <Prostate-MRI-US-Biopsy-0774> - Retired Person Name form,1
dcmqi / prostate_mri_us_biopsy_dicom_annotations,dciodvfy,b3050bb48e86,Warning,Warning - Value dubious for this VR - (TAG) PN Patient's Name PN [1] = <Prostate-MRI-US-Biopsy-0510> - Retired Person Name form,1
dcmqi / prostate_mri_us_biopsy_dicom_annotations,dciodvfy,b4a6279c6f4d,Warning,Warning - Value dubious for this VR - (TAG) PN Patient's Name PN [1] = <Prostate-MRI-US-Biopsy-0137> - Retired Person Name form,1
dcmqi / prostate_mri_us_biopsy_dicom_annotations,dciodvfy,b64a8bf6736b,Warning,Warning - Value dubious for this VR - (TAG) PN Patient's Name PN [1] = <Prostate-MRI-US-Biopsy-1074> - Retired Person Name form,1
dcmqi / prostate_mri_us_biopsy_dicom_annotations,dciodvfy,bc3acfe475b1,Warning,Warning - Value dubious for this VR - (TAG) PN Patient's Name PN [1] = <Prostate-MRI-US-Biopsy-0247> - Retired Person Name form,1
dcmqi / prostate_mri_us_biopsy_dicom_annotations,dciodvfy,bcb32b7867c2,Warning,Warning - Value dubious for this VR - (TAG) PN Patient's Name PN [1] = <Prostate-MRI-US-Biopsy-0998> - Retired Person Name form,1
dcmqi / prostate_mri_us_biopsy_dicom_annotations,dciodvfy,bde2da2f1291,Warning,Warning - Value dubious for this VR - (TAG) PN Patient's Name PN [1] = <Prostate-MRI-US-Biopsy-1133> - Retired Person Name form,1
dcmqi / prostate_mri_us_biopsy_dicom_annotations,dciodvfy,be28a7c66537,Warning,Warning - Value dubious for this VR - (TAG) PN Patient's Name PN [1] = <Prostate-MRI-US-Biopsy-0374> - Retired Person Name form,1
dcmqi / prostate_mri_us_biopsy_dicom_annotations,dciodvfy,be345f35442d,Warning,Warning - Value dubious for this VR - (TAG) PN Patient's Name PN [1] = <Prostate-MRI-US-Biopsy-1142> - Retired Person Name form,1
dcmqi / prostate_mri_us_biopsy_dicom_annotations,dciodvfy,bf331ceffe01,Warning,Warning - Value dubious for this VR - (TAG) PN Patient's Name PN [1] = <Prostate-MRI-US-Biopsy-0248> - Retired Person Name form,1
dcmqi / prostate_mri_us_biopsy_dicom_annotations,dciodvfy,c016f9833d56,Warning,Warning - Value dubious for this VR - (TAG) PN Patient's Name PN [1] = <Prostate-MRI-US-Biopsy-0908> - Retired Person Name form,1
dcmqi / prostate_mri_us_biopsy_dicom_annotations,dciodvfy,c0506e36191c,Warning,Warning - Value dubious for this VR - (TAG) PN Patient's Name PN [1] = <Prostate-MRI-US-Biopsy-0829> - Retired Person Name form,1
dcmqi / prostate_mri_us_biopsy_dicom_annotations,dciodvfy,c20005a34773,Warning,Warning - Value dubious for this VR - (TAG) PN Patient's Name PN [1] = <Prostate-MRI-US-Biopsy-1000> - Retired Person Name form,1
dcmqi / prostate_mri_us_biopsy_dicom_annotations,dciodvfy,c28d8abe44b1,Warning,Warning - Value dubious for this VR - (TAG) PN Patient's Name PN [1] = <Prostate-MRI-US-Biopsy-0225> - Retired Person Name form,1
dcmqi / prostate_mri_us_biopsy_dicom_annotations,dciodvfy,c2b016ac9492,Warning,Warning - Value dubious for this VR - (TAG) PN Patient's Name PN [1] = <Prostate-MRI-US-Biopsy-0532> - Retired Person Name form,1
dcmqi / prostate_mri_us_biopsy_dicom_annotations,dciodvfy,c2d648a15bca,Warning,Warning - Value dubious for this VR - (TAG) PN Patient's Name PN [1] = <Prostate-MRI-US-Biopsy-0587> - Retired Person Name form,1
dcmqi / prostate_mri_us_biopsy_dicom_annotations,dciodvfy,c408866d18d5,Warning,Warning - Value dubious for this VR - (TAG) PN Patient's Name PN [1] = <Prostate-MRI-US-Biopsy-1128> - Retired Person Name form,1
dcmqi / prostate_mri_us_biopsy_dicom_annotations,dciodvfy,c47617a72945,Warning,Warning - Value dubious for this VR - (TAG) PN Patient's Name PN [1] = <Prostate-MRI-US-Biopsy-0373> - Retired Person Name form,1
dcmqi / prostate_mri_us_biopsy_dicom_annotations,dciodvfy,c491bb6af083,Warning,Warning - Value dubious for this VR - (TAG) PN Patient's Name PN [1] = <Prostate-MRI-US-Biopsy-0411> - Retired Person Name form,1
dcmqi / prostate_mri_us_biopsy_dicom_annotations,dciodvfy,c6510f75559e,Warning,Warning - Value dubious for this VR - (TAG) PN Patient's Name PN [1] = <Prostate-MRI-US-Biopsy-0717> - Retired Person Name form,1
dcmqi / prostate_mri_us_biopsy_dicom_annotations,dciodvfy,c6a751320857,Warning,Warning - Value dubious for this VR - (TAG) PN Patient's Name PN [1] = <Prostate-MRI-US-Biopsy-0646> - Retired Person Name form,1
dcmqi / prostate_mri_us_biopsy_dicom_annotations,dciodvfy,ca5800961f1d,Warning,Warning - Value dubious for this VR - (TAG) PN Patient's Name PN [1] = <Prostate-MRI-US-Biopsy-0468> - Retired Person Name form,1
dcmqi / prostate_mri_us_biopsy_dicom_annotations,dciodvfy,cc0257ec3ee1,Warning,Warning - Value dubious for this VR - (TAG) PN Patient's Name PN [1] = <Prostate-MRI-US-Biopsy-0162> - Retired Person Name form,1
dcmqi / prostate_mri_us_biopsy_dicom_annotations,dciodvfy,cc22e927a98a,Warning,Warning - Value dubious for this VR - (TAG) PN Patient's Name PN [1] = <Prostate-MRI-US-Biopsy-0256> - Retired Person Name form,1
dcmqi / prostate_mri_us_biopsy_dicom_annotations,dciodvfy,cdf23e79de5a,Warning,Warning - Value dubious for this VR - (TAG) PN Patient's Name PN [1] = <Prostate-MRI-US-Biopsy-0054> - Retired Person Name form,1
dcmqi / prostate_mri_us_biopsy_dicom_annotations,dciodvfy,ce838f2d1b8e,Warning,Warning - Value dubious for this VR - (TAG) PN Patient's Name PN [1] = <Prostate-MRI-US-Biopsy-0304> - Retired Person Name form,1
dcmqi / prostate_mri_us_biopsy_dicom_annotations,dciodvfy,cff7aa23e208,Warning,Warning - Value dubious for this VR - (TAG) PN Patient's Name PN [1] = <Prostate-MRI-US-Biopsy-0677> - Retired Person Name form,1
dcmqi / prostate_mri_us_biopsy_dicom_annotations,dciodvfy,d2a9b8858e9f,Warning,Warning - Value dubious for this VR - (TAG) PN Patient's Name PN [1] = <Prostate-MRI-US-Biopsy-0431> - Retired Person Name form,1
dcmqi / prostate_mri_us_biopsy_dicom_annotations,dciodvfy,d2c03074a71f,Warning,Warning - Value dubious for this VR - (TAG) PN Patient's Name PN [1] = <Prostate-MRI-US-Biopsy-0213> - Retired Person Name form,1
dcmqi / prostate_mri_us_biopsy_dicom_annotations,dciodvfy,d41bdb08a24d,Warning,Warning - Value dubious for this VR - (TAG) PN Patient's Name PN [1] = <Prostate-MRI-US-Biopsy-0381> - Retired Person Name form,1
dcmqi / prostate_mri_us_biopsy_dicom_annotations,dciodvfy,d4ab255ad515,Warning,Warning - Value dubious for this VR - (TAG) PN Patient's Name PN [1] = <Prostate-MRI-US-Biopsy-0126> - Retired Person Name form,1
dcmqi / prostate_mri_us_biopsy_dicom_annotations,dciodvfy,d5c3f0b14da0,Warning,Warning - Value dubious for this VR - (TAG) PN Patient's Name PN [1] = <Prostate-MRI-US-Biopsy-0782> - Retired Person Name form,1
dcmqi / prostate_mri_us_biopsy_dicom_annotations,dciodvfy,d6d51df6e17c,Warning,Warning - Value dubious for this VR - (TAG) PN Patient's Name PN [1] = <Prostate-MRI-US-Biopsy-0914> - Retired Person Name form,1
dcmqi / prostate_mri_us_biopsy_dicom_annotations,dciodvfy,d901886ab836,Warning,Warning - Value dubious for this VR - (TAG) PN Patient's Name PN [1] = <Prostate-MRI-US-Biopsy-1069> - Retired Person Name form,1
dcmqi / prostate_mri_us_biopsy_dicom_annotations,dciodvfy,d974f7c6c44f,Warning,Warning - Value dubious for this VR - (TAG) PN Patient's Name PN [1] = <Prostate-MRI-US-Biopsy-0660> - Retired Person Name form,1
dcmqi / prostate_mri_us_biopsy_dicom_annotations,dciodvfy,db66deacba45,Warning,Warning - Value dubious for this VR - (TAG) PN Patient's Name PN [1] = <Prostate-MRI-US-Biopsy-0596> - Retired Person Name form,1
dcmqi / prostate_mri_us_biopsy_dicom_annotations,dciodvfy,dd2df015a29a,Warning,Warning - Value dubious for this VR - (TAG) PN Patient's Name PN [1] = <Prostate-MRI-US-Biopsy-0742> - Retired Person Name form,1
dcmqi / prostate_mri_us_biopsy_dicom_annotations,dciodvfy,de094eced7e9,Warning,Warning - Value dubious for this VR - (TAG) PN Patient's Name PN [1] = <Prostate-MRI-US-Biopsy-0690> - Retired Person Name form,1
dcmqi / prostate_mri_us_biopsy_dicom_annotations,dciodvfy,de0ac65a3071,Warning,Warning - Value dubious for this VR - (TAG) PN Patient's Name PN [1] = <Prostate-MRI-US-Biopsy-0260> - Retired Person Name form,1
dcmqi / prostate_mri_us_biopsy_dicom_annotations,dciodvfy,e0ff9a49ff5a,Warning,Warning - Value dubious for this VR - (TAG) PN Patient's Name PN [1] = <Prostate-MRI-US-Biopsy-0343> - Retired Person Name form,1
dcmqi / prostate_mri_us_biopsy_dicom_annotations,dciodvfy,e132d93caa99,Warning,Warning - Value dubious for this VR - (TAG) PN Patient's Name PN [1] = <Prostate-MRI-US-Biopsy-0499> - Retired Person Name form,1
dcmqi / prostate_mri_us_biopsy_dicom_annotations,dciodvfy,e20e06dee226,Warning,Warning - Value dubious for this VR - (TAG) PN Patient's Name PN [1] = <Prostate-MRI-US-Biopsy-1029> - Retired Person Name form,1
dcmqi / prostate_mri_us_biopsy_dicom_annotations,dciodvfy,e295b35c633e,Warning,Warning - Value dubious for this VR - (TAG) PN Patient's Name PN [1] = <Prostate-MRI-US-Biopsy-0856> - Retired Person Name form,1
dcmqi / prostate_mri_us_biopsy_dicom_annotations,dciodvfy,e4f7cd290a9d,Warning,Warning - Value dubious for this VR - (TAG) PN Patient's Name PN [1] = <Prostate-MRI-US-Biopsy-0593> - Retired Person Name form,1
dcmqi / prostate_mri_us_biopsy_dicom_annotations,dciodvfy,e5e8e7d0966e,Warning,Warning - Value dubious for this VR - (TAG) PN Patient's Name PN [1] = <Prostate-MRI-US-Biopsy-0052> - Retired Person Name form,1
dcmqi / prostate_mri_us_biopsy_dicom_annotations,dciodvfy,e63b57fce012,Warning,Warning - Value dubious for this VR - (TAG) PN Patient's Name PN [1] = <Prostate-MRI-US-Biopsy-0086> - Retired Person Name form,1
dcmqi / prostate_mri_us_biopsy_dicom_annotations,dciodvfy,e8d3bb13a1d5,Warning,Warning - Value dubious for this VR - (TAG) PN Patient's Name PN [1] = <Prostate-MRI-US-Biopsy-0315> - Retired Person Name form,1
dcmqi / prostate_mri_us_biopsy_dicom_annotations,dciodvfy,eb45e58067af,Warning,Warning - Value dubious for this VR - (TAG) PN Patient's Name PN [1] = <Prostate-MRI-US-Biopsy-0414> - Retired Person Name form,1
dcmqi / prostate_mri_us_biopsy_dicom_annotations,dciodvfy,ec2b161072f1,Warning,Warning - Value dubious for this VR - (TAG) PN Patient's Name PN [1] = <Prostate-MRI-US-Biopsy-0640> - Retired Person Name form,1
dcmqi / prostate_mri_us_biopsy_dicom_annotations,dciodvfy,ecf6bb0fa77a,Warning,Warning - Value dubious for this VR - (TAG) PN Patient's Name PN [1] = <Prostate-MRI-US-Biopsy-0697> - Retired Person Name form,1
dcmqi / prostate_mri_us_biopsy_dicom_annotations,dciodvfy,ed995d553a08,Warning,Warning - Value dubious for this VR - (TAG) PN Patient's Name PN [1] = <Prostate-MRI-US-Biopsy-0280> - Retired Person Name form,1
dcmqi / prostate_mri_us_biopsy_dicom_annotations,dciodvfy,ede3d8c03bb6,Warning,Warning - Value dubious for this VR - (TAG) PN Patient's Name PN [1] = <Prostate-MRI-US-Biopsy-0437> - Retired Person Name form,1
dcmqi / prostate_mri_us_biopsy_dicom_annotations,dciodvfy,ef967f63ea47,Warning,Warning - Value dubious for this VR - (TAG) PN Patient's Name PN [1] = <Prostate-MRI-US-Biopsy-0835> - Retired Person Name form,1
dcmqi / prostate_mri_us_biopsy_dicom_annotations,dciodvfy,f0989f828f3f,Warning,Warning - Value dubious for this VR - (TAG) PN Patient's Name PN [1] = <Prostate-MRI-US-Biopsy-0131> - Retired Person Name form,1
dcmqi / prostate_mri_us_biopsy_dicom_annotations,dciodvfy,f131e25f44eb,Warning,Warning - Value dubious for this VR - (TAG) PN Patient's Name PN [1] = <Prostate-MRI-US-Biopsy-0962> - Retired Person Name form,1
dcmqi / prostate_mri_us_biopsy_dicom_annotations,dciodvfy,f19d524f2f6f,Warning,Warning - Value dubious for this VR - (TAG) PN Patient's Name PN [1] = <Prostate-MRI-US-Biopsy-0631> - Retired Person Name form,1
dcmqi / prostate_mri_us_biopsy_dicom_annotations,dciodvfy,f27b77cbecba,Warning,Warning - Value dubious for this VR - (TAG) PN Patient's Name PN [1] = <Prostate-MRI-US-Biopsy-0480> - Retired Person Name form,1
dcmqi / prostate_mri_us_biopsy_dicom_annotations,dciodvfy,f2c9251c7150,Warning,Warning - Value dubious for this VR - (TAG) PN Patient's Name PN [1] = <Prostate-MRI-US-Biopsy-0365> - Retired Person Name form,1
dcmqi / prostate_mri_us_biopsy_dicom_annotations,dciodvfy,f505fae0edb8,Warning,Warning - Value dubious for this VR - (TAG) PN Patient's Name PN [1] = <Prostate-MRI-US-Biopsy-0997> - Retired Person Name form,1
dcmqi / prostate_mri_us_biopsy_dicom_annotations,dciodvfy,f8695d678d36,Warning,Warning - Value dubious for this VR - (TAG) PN Patient's Name PN [1] = <Prostate-MRI-US-Biopsy-0730> - Retired Person Name form,1
dcmqi / prostate_mri_us_biopsy_dicom_annotations,dciodvfy,fa0702af8428,Warning,Warning - Value dubious for this VR - (TAG) PN Patient's Name PN [1] = <Prostate-MRI-US-Biopsy-0559> - Retired Person Name form,1
dcmqi / prostate_mri_us_biopsy_dicom_annotations,dciodvfy,fa091de44054,Warning,Warning - Value dubious for this VR - (TAG) PN Patient's Name PN [1] = <Prostate-MRI-US-Biopsy-1126> - Retired Person Name form,1
dcmqi / prostate_mri_us_biopsy_dicom_annotations,dciodvfy,fa8e98a67b26,Warning,Warning - Value dubious for this VR - (TAG) PN Patient's Name PN [1] = <Prostate-MRI-US-Biopsy-0013> - Retired Person Name form,1
dcmqi / prostate_mri_us_biopsy_dicom_annotations,dciodvfy,fbfb7f0a1316,Warning,Warning - Value dubious for this VR - (TAG) PN Patient's Name PN [1] = <Prostate-MRI-US-Biopsy-0200> - Retired Person Name form,1
dcmqi / prostate_mri_us_biopsy_dicom_annotations,dciodvfy,fd701f8a90e8,Warning,Warning - Value dubious for this VR - (TAG) PN Patient's Name PN [1] = <Prostate-MRI-US-Biopsy-0800> - Retired Person Name form,1
dcmqi / prostate_mri_us_biopsy_dicom_annotations,dciodvfy,fdaccb40420d,Warning,Warning - Value dubious for this VR - (TAG) PN Patient's Name PN [1] = <Prostate-MRI-US-Biopsy-0189> - Retired Person Name form,1
dcmqi / prostate_mri_us_biopsy_dicom_annotations,dciodvfy,fe316538bfb9,Warning,Warning - Value dubious for this VR - (TAG) PN Patient's Name PN [1] = <Prostate-MRI-US-Biopsy-1070> - Retired Person Name form,1
dcmqi / prostatex_seg_hires,dciodvfy,74637eecf0ac,Warning,Warning - Value dubious for this VR - (TAG) PN Content Creator's Name PN [1] = <Reader1> - Retired Person Name form,66
dcmqi / prostatex_seg_hires,dciodvfy,815f5dab3ba7,Warning,Warning - Missing attribute or value that would be needed to build DICOMDIR - Study ID,66
dcmqi / prostatex_seg_hires,dicom-validator,380880930b44,ERROR,Module <Multi-frame Functional Groups> (TAG) (Per-Frame Functional Groups Sequence) Tag (TAG) (Plane Position Sequence) is unexpected,66
dcmqi / prostatex_seg_hires,dicom-validator,6f01abd4f319,ERROR,Module <Multi-frame Functional Groups> (TAG) (Shared Functional Groups Sequence) Tag (TAG) (Plane Orientation Sequence) is unexpected,66
dcmqi / prostatex_seg_hires,dicom-validator,972394b5bb82,ERROR,Module <Multi-frame Functional Groups> (TAG) (Per-Frame Functional Groups Sequence) Tag (TAG) (Segment Identification Sequence) is unexpected,66
dcmqi / prostatex_seg_hires,dicom-validator,d0eabe730084,ERROR,Module <Multi-frame Functional Groups> (TAG) (Per-Frame Functional Groups Sequence) Tag (TAG) (Frame Content Sequence) is unexpected,66
dcmqi / prostatex_seg_hires,dicom-validator,d81147d20e87,ERROR,Module <Multi-frame Functional Groups> (TAG) (Shared Functional Groups Sequence) Tag (TAG) (Pixel Measures Sequence) is unexpected,66
dcmqi / prostatex_seg_hires,dicom-validator,f782376ec325,ERROR,Module <Multi-frame Functional Groups> (TAG) (Per-Frame Functional Groups Sequence) Tag (TAG) (Derivation Image Sequence) is unexpected,66
dcmqi / prostatex_seg_hires,dciodvfy,b165e14b9ea0,Error,Error - ReferencedSeriesSequence present but Instance does not reference Instances - attribute <ReferencedSeriesSequence>,34
dcmqi / prostatex_seg_hires,dciodvfy,07ddd5c32538,Warning,Warning - Value dubious for this VR - (TAG) PN Patient's Name PN [1] = <ProstateX-0311> - Retired Person Name form,1
dcmqi / prostatex_seg_hires,dciodvfy,14be78955d73,Warning,Warning - Value dubious for this VR - (TAG) PN Patient's Name PN [1] = <ProstateX-0121> - Retired Person Name form,1
dcmqi / prostatex_seg_hires,dciodvfy,1de25aaa1e6f,Warning,Warning - Value dubious for this VR - (TAG) PN Patient's Name PN [1] = <ProstateX-0334> - Retired Person Name form,1
dcmqi / prostatex_seg_hires,dciodvfy,23d81a68f4a9,Warning,Warning - Value dubious for this VR - (TAG) PN Patient's Name PN [1] = <ProstateX-0007> - Retired Person Name form,1
dcmqi / prostatex_seg_hires,dciodvfy,276ebac6fed8,Warning,Warning - Value dubious for this VR - (TAG) PN Patient's Name PN [1] = <ProstateX-0046> - Retired Person Name form,1
dcmqi / prostatex_seg_hires,dciodvfy,31da961b865d,Warning,Warning - Value dubious for this VR - (TAG) PN Patient's Name PN [1] = <ProstateX-0054> - Retired Person Name form,1
dcmqi / prostatex_seg_hires,dciodvfy,36d1bf0fbb57,Warning,Warning - Value dubious for this VR - (TAG) PN Patient's Name PN [1] = <ProstateX-0275> - Retired Person Name form,1
dcmqi / prostatex_seg_hires,dciodvfy,37c363109f5c,Warning,Warning - Value dubious for this VR - (TAG) PN Patient's Name PN [1] = <ProstateX-0182> - Retired Person Name form,1
dcmqi / prostatex_seg_hires,dciodvfy,383776bec094,Warning,Warning - Value dubious for this VR - (TAG) PN Patient's Name PN [1] = <ProstateX-0323> - Retired Person Name form,1
dcmqi / prostatex_seg_hires,dciodvfy,39ee04ae6776,Warning,Warning - Value dubious for this VR - (TAG) PN Patient's Name PN [1] = <ProstateX-0102> - Retired Person Name form,1
dcmqi / prostatex_seg_hires,dciodvfy,526a27522b27,Warning,Warning - Value dubious for this VR - (TAG) PN Patient's Name PN [1] = <ProstateX-0020> - Retired Person Name form,1
dcmqi / prostatex_seg_hires,dciodvfy,531bfa6b2a6f,Warning,Warning - Value dubious for this VR - (TAG) PN Patient's Name PN [1] = <ProstateX-0150> - Retired Person Name form,1
dcmqi / prostatex_seg_hires,dciodvfy,5493f9b27198,Warning,Warning - Value dubious for this VR - (TAG) PN Patient's Name PN [1] = <ProstateX-0084> - Retired Person Name form,1
dcmqi / prostatex_seg_hires,dciodvfy,55b37fe37f29,Warning,Warning - Value dubious for this VR - (TAG) PN Patient's Name PN [1] = <ProstateX-0066> - Retired Person Name form,1
dcmqi / prostatex_seg_hires,dciodvfy,58901d6b2f10,Warning,Warning - Value dubious for this VR - (TAG) PN Patient's Name PN [1] = <ProstateX-0117> - Retired Person Name form,1
dcmqi / prostatex_seg_hires,dciodvfy,5cac0d72ee63,Warning,Warning - Value dubious for this VR - (TAG) PN Patient's Name PN [1] = <ProstateX-0125> - Retired Person Name form,1
dcmqi / prostatex_seg_hires,dciodvfy,5cd07cb65170,Warning,Warning - Value dubious for this VR - (TAG) PN Patient's Name PN [1] = <ProstateX-0142> - Retired Person Name form,1
dcmqi / prostatex_seg_hires,dciodvfy,5ed6ed4274ea,Warning,Warning - Value dubious for this VR - (TAG) PN Patient's Name PN [1] = <ProstateX-0129> - Retired Person Name form,1
dcmqi / prostatex_seg_hires,dciodvfy,6171eb51eff0,Warning,Warning - Value dubious for this VR - (TAG) PN Patient's Name PN [1] = <ProstateX-0056> - Retired Person Name form,1
dcmqi / prostatex_seg_hires,dciodvfy,64201fb933ff,Warning,Warning - Value dubious for this VR - (TAG) PN Patient's Name PN [1] = <ProstateX-0136> - Retired Person Name form,1
dcmqi / prostatex_seg_hires,dciodvfy,64f0a9df9434,Warning,Warning - Value dubious for this VR - (TAG) PN Patient's Name PN [1] = <ProstateX-0265> - Retired Person Name form,1
dcmqi / prostatex_seg_hires,dciodvfy,64fca8d6842f,Warning,Warning - Value dubious for this VR - (TAG) PN Patient's Name PN [1] = <ProstateX-0168> - Retired Person Name form,1
dcmqi / prostatex_seg_hires,dciodvfy,6bbd34f6cbe5,Warning,Warning - Value dubious for this VR - (TAG) PN Patient's Name PN [1] = <ProstateX-0144> - Retired Person Name form,1
dcmqi / prostatex_seg_hires,dciodvfy,6dadec110c54,Warning,Warning - Value dubious for this VR - (TAG) PN Patient's Name PN [1] = <ProstateX-0183> - Retired Person Name form,1
dcmqi / prostatex_seg_hires,dciodvfy,714e0f0ee479,Warning,Warning - Value dubious for this VR - (TAG) PN Patient's Name PN [1] = <ProstateX-0118> - Retired Person Name form,1
dcmqi / prostatex_seg_hires,dciodvfy,73d8ddc9d57b,Warning,Warning - Value dubious for this VR - (TAG) PN Patient's Name PN [1] = <ProstateX-0009> - Retired Person Name form,1
dcmqi / prostatex_seg_hires,dciodvfy,762b81ac8fd4,Warning,Warning - Value dubious for this VR - (TAG) PN Patient's Name PN [1] = <ProstateX-0065> - Retired Person Name form,1
dcmqi / prostatex_seg_hires,dciodvfy,7a01511d0ba7,Warning,Warning - Value dubious for this VR - (TAG) PN Patient's Name PN [1] = <ProstateX-0234> - Retired Person Name form,1
dcmqi / prostatex_seg_hires,dciodvfy,7c54d870bc2e,Warning,Warning - Value dubious for this VR - (TAG) PN Patient's Name PN [1] = <ProstateX-0170> - Retired Person Name form,1
dcmqi / prostatex_seg_hires,dciodvfy,7e558d1103a5,Warning,Warning - Value dubious for this VR - (TAG) PN Patient's Name PN [1] = <ProstateX-0196> - Retired Person Name form,1
dcmqi / prostatex_seg_hires,dciodvfy,83f3a9bc32c8,Warning,Warning - Value dubious for this VR - (TAG) PN Patient's Name PN [1] = <ProstateX-0112> - Retired Person Name form,1
dcmqi / prostatex_seg_hires,dciodvfy,889a40b79c81,Warning,Warning - Value dubious for this VR - (TAG) PN Patient's Name PN [1] = <ProstateX-0201> - Retired Person Name form,1
dcmqi / prostatex_seg_hires,dciodvfy,88ccd8d2df66,Warning,Warning - Value dubious for this VR - (TAG) PN Patient's Name PN [1] = <ProstateX-0254> - Retired Person Name form,1
dcmqi / prostatex_seg_hires,dciodvfy,8d4419bdb413,Warning,Warning - Value dubious for this VR - (TAG) PN Patient's Name PN [1] = <ProstateX-0141> - Retired Person Name form,1
dcmqi / prostatex_seg_hires,dciodvfy,98c0c761e385,Warning,Warning - Value dubious for this VR - (TAG) PN Patient's Name PN [1] = <ProstateX-0004> - Retired Person Name form,1
dcmqi / prostatex_seg_hires,dciodvfy,999972d1ba11,Warning,Warning - Value dubious for this VR - (TAG) PN Patient's Name PN [1] = <ProstateX-0309> - Retired Person Name form,1
dcmqi / prostatex_seg_hires,dciodvfy,99e2cac767b1,Warning,Warning - Value dubious for this VR - (TAG) PN Patient's Name PN [1] = <ProstateX-0219> - Retired Person Name form,1
dcmqi / prostatex_seg_hires,dciodvfy,9c4c3ae3d30f,Warning,Warning - Value dubious for this VR - (TAG) PN Patient's Name PN [1] = <ProstateX-0072> - Retired Person Name form,1
dcmqi / prostatex_seg_hires,dciodvfy,9f8d1a317d7c,Warning,Warning - Value dubious for this VR - (TAG) PN Patient's Name PN [1] = <ProstateX-0111> - Retired Person Name form,1
dcmqi / prostatex_seg_hires,dciodvfy,9ff9535a79ef,Warning,Warning - Value dubious for this VR - (TAG) PN Patient's Name PN [1] = <ProstateX-0209> - Retired Person Name form,1
dcmqi / prostatex_seg_hires,dciodvfy,a56af4dd146b,Warning,Warning - Value dubious for this VR - (TAG) PN Patient's Name PN [1] = <ProstateX-0070> - Retired Person Name form,1
dcmqi / prostatex_seg_hires,dciodvfy,a6d89f37bdb8,Warning,Warning - Value dubious for this VR - (TAG) PN Patient's Name PN [1] = <ProstateX-0134> - Retired Person Name form,1
dcmqi / prostatex_seg_hires,dciodvfy,a86f247372d0,Warning,Warning - Value dubious for this VR - (TAG) PN Patient's Name PN [1] = <ProstateX-0096> - Retired Person Name form,1
dcmqi / prostatex_seg_hires,dciodvfy,a9b5d39a9d84,Warning,Warning - Value dubious for this VR - (TAG) PN Patient's Name PN [1] = <ProstateX-0130> - Retired Person Name form,1
dcmqi / prostatex_seg_hires,dciodvfy,aaaf164e9328,Warning,Warning - Value dubious for this VR - (TAG) PN Patient's Name PN [1] = <ProstateX-0069> - Retired Person Name form,1
dcmqi / prostatex_seg_hires,dciodvfy,ad47ded492dc,Warning,Warning - Value dubious for this VR - (TAG) PN Patient's Name PN [1] = <ProstateX-0161> - Retired Person Name form,1
dcmqi / prostatex_seg_hires,dciodvfy,bc89e1ef7456,Warning,Warning - Value dubious for this VR - (TAG) PN Patient's Name PN [1] = <ProstateX-0089> - Retired Person Name form,1
dcmqi / prostatex_seg_hires,dciodvfy,c1f14faf9dc9,Warning,Warning - Value dubious for this VR - (TAG) PN Patient's Name PN [1] = <ProstateX-0184> - Retired Person Name form,1
dcmqi / prostatex_seg_hires,dciodvfy,cec5e6b03730,Warning,Warning - Value dubious for this VR - (TAG) PN Patient's Name PN [1] = <ProstateX-0244> - Retired Person Name form,1
dcmqi / prostatex_seg_hires,dciodvfy,d191f165e4ea,Warning,Warning - Value dubious for this VR - (TAG) PN Patient's Name PN [1] = <ProstateX-0188> - Retired Person Name form,1
dcmqi / prostatex_seg_hires,dciodvfy,d202de341b4e,Warning,Warning - Value dubious for this VR - (TAG) PN Patient's Name PN [1] = <ProstateX-0083> - Retired Person Name form,1
dcmqi / prostatex_seg_hires,dciodvfy,d9b5621d70c9,Warning,Warning - Value dubious for this VR - (TAG) PN Patient's Name PN [1] = <ProstateX-0193> - Retired Person Name form,1
dcmqi / prostatex_seg_hires,dciodvfy,dd3c239856b0,Warning,Warning - Value dubious for this VR - (TAG) PN Patient's Name PN [1] = <ProstateX-0090> - Retired Person Name form,1
dcmqi / prostatex_seg_hires,dciodvfy,ddce81fb2421,Warning,Warning - Value dubious for this VR - (TAG) PN Patient's Name PN [1] = <ProstateX-0177> - Retired Person Name form,1
dcmqi / prostatex_seg_hires,dciodvfy,e00321918f3c,Warning,Warning - Value dubious for this VR - (TAG) PN Patient's Name PN [1] = <ProstateX-0026> - Retired Person Name form,1
dcmqi / prostatex_seg_hires,dciodvfy,e4b936ef9621,Warning,Warning - Value dubious for this VR - (TAG) PN Patient's Name PN [1] = <ProstateX-0176> - Retired Person Name form,1
dcmqi / prostatex_seg_hires,dciodvfy,e4dc7411492d,Warning,Warning - Value dubious for this VR - (TAG) PN Patient's Name PN [1] = <ProstateX-0241> - Retired Person Name form,1
dcmqi / prostatex_seg_hires,dciodvfy,e815f2190435,Warning,Warning - Value dubious for this VR - (TAG) PN Patient's Name PN [1] = <ProstateX-0076> - Retired Person Name form,1
dcmqi / prostatex_seg_hires,dciodvfy,ec27288db211,Warning,Warning - Value dubious for this VR - (TAG) PN Patient's Name PN [1] = <ProstateX-0340> - Retired Person Name form,1
dcmqi / prostatex_seg_hires,dciodvfy,ec35ac1684a6,Warning,Warning - Value dubious for this VR - (TAG) PN Patient's Name PN [1] = <ProstateX-0198> - Retired Person Name form,1
dcmqi / prostatex_seg_hires,dciodvfy,ee42438d6d99,Warning,Warning - Value dubious for this VR - (TAG) PN Patient's Name PN [1] = <ProstateX-0094> - Retired Person Name form,1
dcmqi / prostatex_seg_hires,dciodvfy,efe1f1cb380b,Warning,Warning - Value dubious for this VR - (TAG) PN Patient's Name PN [1] = <ProstateX-0297> - Retired Person Name form,1
dcmqi / prostatex_seg_hires,dciodvfy,f7424791b987,Warning,Warning - Value dubious for this VR - (TAG) PN Patient's Name PN [1] = <ProstateX-0249> - Retired Person Name form,1
dcmqi / prostatex_seg_hires,dciodvfy,f8196b321381,Warning,Warning - Value dubious for this VR - (TAG) PN Patient's Name PN [1] = <ProstateX-0217> - Retired Person Name form,1
dcmqi / prostatex_seg_hires,dciodvfy,ffc7dd06866b,Warning,Warning - Value dubious for this VR - (TAG) PN Patient's Name PN [1] = <ProstateX-0156> - Retired Person Name form,1
dcmqi / prostatex_seg_hires,dciodvfy,ffd6bc490551,Warning,Warning - Value dubious for this VR - (TAG) PN Patient's Name PN [1] = <ProstateX-0015> - Retired Person Name form,1
dcmqi / prostatex_seg_zones,dciodvfy,74637eecf0ac,Warning,Warning - Value dubious for this VR - (TAG) PN Content Creator's Name PN [1] = <Reader1> - Retired Person Name form,98
dcmqi / prostatex_seg_zones,dciodvfy,815f5dab3ba7,Warning,Warning - Missing attribute or value that would be needed to build DICOMDIR - Study ID,98
dcmqi / prostatex_seg_zones,dicom-validator,380880930b44,ERROR,Module <Multi-frame Functional Groups> (TAG) (Per-Frame Functional Groups Sequence) Tag (TAG) (Plane Position Sequence) is unexpected,98
dcmqi / prostatex_seg_zones,dicom-validator,6f01abd4f319,ERROR,Module <Multi-frame Functional Groups> (TAG) (Shared Functional Groups Sequence) Tag (TAG) (Plane Orientation Sequence) is unexpected,98
dcmqi / prostatex_seg_zones,dicom-validator,972394b5bb82,ERROR,Module <Multi-frame Functional Groups> (TAG) (Per-Frame Functional Groups Sequence) Tag (TAG) (Segment Identification Sequence) is unexpected,98
dcmqi / prostatex_seg_zones,dicom-validator,d0eabe730084,ERROR,Module <Multi-frame Functional Groups> (TAG) (Per-Frame Functional Groups Sequence) Tag (TAG) (Frame Content Sequence) is unexpected,98
dcmqi / prostatex_seg_zones,dicom-validator,d81147d20e87,ERROR,Module <Multi-frame Functional Groups> (TAG) (Shared Functional Groups Sequence) Tag (TAG) (Pixel Measures Sequence) is unexpected,98
dcmqi / prostatex_seg_zones,dicom-validator,f782376ec325,ERROR,Module <Multi-frame Functional Groups> (TAG) (Per-Frame Functional Groups Sequence) Tag (TAG) (Derivation Image Sequence) is unexpected,98
dcmqi / prostatex_seg_zones,dciodvfy,06bc163055ed,Warning,Warning - Value dubious for this VR - (TAG) PN Patient's Name PN [1] = <ProstateX-0239> - Retired Person Name form,1
dcmqi / prostatex_seg_zones,dciodvfy,077d7728c999,Warning,Warning - Value dubious for this VR - (TAG) PN Patient's Name PN [1] = <ProstateX-0293> - Retired Person Name form,1
dcmqi / prostatex_seg_zones,dciodvfy,07ddd5c32538,Warning,Warning - Value dubious for this VR - (TAG) PN Patient's Name PN [1] = <ProstateX-0311> - Retired Person Name form,1
dcmqi / prostatex_seg_zones,dciodvfy,0e5cb4b8734b,Warning,Warning - Value dubious for this VR - (TAG) PN Patient's Name PN [1] = <ProstateX-0029> - Retired Person Name form,1
dcmqi / prostatex_seg_zones,dciodvfy,14be78955d73,Warning,Warning - Value dubious for this VR - (TAG) PN Patient's Name PN [1] = <ProstateX-0121> - Retired Person Name form,1
dcmqi / prostatex_seg_zones,dciodvfy,1de25aaa1e6f,Warning,Warning - Value dubious for this VR - (TAG) PN Patient's Name PN [1] = <ProstateX-0334> - Retired Person Name form,1
dcmqi / prostatex_seg_zones,dciodvfy,1e47fb244dfe,Warning,Warning - Value dubious for this VR - (TAG) PN Patient's Name PN [1] = <ProstateX-0120> - Retired Person Name form,1
dcmqi / prostatex_seg_zones,dciodvfy,20c3df1327ae,Warning,Warning - Value dubious for this VR - (TAG) PN Patient's Name PN [1] = <ProstateX-0154> - Retired Person Name form,1
dcmqi / prostatex_seg_zones,dciodvfy,23d81a68f4a9,Warning,Warning - Value dubious for this VR - (TAG) PN Patient's Name PN [1] = <ProstateX-0007> - Retired Person Name form,1
dcmqi / prostatex_seg_zones,dciodvfy,276ebac6fed8,Warning,Warning - Value dubious for this VR - (TAG) PN Patient's Name PN [1] = <ProstateX-0046> - Retired Person Name form,1
dcmqi / prostatex_seg_zones,dciodvfy,3056dc8c8699,Warning,Warning - Value dubious for this VR - (TAG) PN Patient's Name PN [1] = <ProstateX-0332> - Retired Person Name form,1
dcmqi / prostatex_seg_zones,dciodvfy,31da961b865d,Warning,Warning - Value dubious for this VR - (TAG) PN Patient's Name PN [1] = <ProstateX-0054> - Retired Person Name form,1
dcmqi / prostatex_seg_zones,dciodvfy,3277b5c976e3,Warning,Warning - Value dubious for this VR - (TAG) PN Patient's Name PN [1] = <ProstateX-0166> - Retired Person Name form,1
dcmqi / prostatex_seg_zones,dciodvfy,36d1bf0fbb57,Warning,Warning - Value dubious for this VR - (TAG) PN Patient's Name PN [1] = <ProstateX-0275> - Retired Person Name form,1
dcmqi / prostatex_seg_zones,dciodvfy,37c363109f5c,Warning,Warning - Value dubious for this VR - (TAG) PN Patient's Name PN [1] = <ProstateX-0182> - Retired Person Name form,1
dcmqi / prostatex_seg_zones,dciodvfy,383776bec094,Warning,Warning - Value dubious for this VR - (TAG) PN Patient's Name PN [1] = <ProstateX-0323> - Retired Person Name form,1
dcmqi / prostatex_seg_zones,dciodvfy,39ee04ae6776,Warning,Warning - Value dubious for this VR - (TAG) PN Patient's Name PN [1] = <ProstateX-0102> - Retired Person Name form,1
dcmqi / prostatex_seg_zones,dciodvfy,40888e6f6c63,Warning,Warning - Value dubious for this VR - (TAG) PN Patient's Name PN [1] = <ProstateX-0060> - Retired Person Name form,1
dcmqi / prostatex_seg_zones,dciodvfy,4110a9444735,Warning,Warning - Value dubious for this VR - (TAG) PN Patient's Name PN [1] = <ProstateX-0044> - Retired Person Name form,1
dcmqi / prostatex_seg_zones,dciodvfy,44118410e79c,Warning,Warning - Value dubious for this VR - (TAG) PN Patient's Name PN [1] = <ProstateX-0033> - Retired Person Name form,1
dcmqi / prostatex_seg_zones,dciodvfy,526a27522b27,Warning,Warning - Value dubious for this VR - (TAG) PN Patient's Name PN [1] = <ProstateX-0020> - Retired Person Name form,1
dcmqi / prostatex_seg_zones,dciodvfy,531bfa6b2a6f,Warning,Warning - Value dubious for this VR - (TAG) PN Patient's Name PN [1] = <ProstateX-0150> - Retired Person Name form,1
dcmqi / prostatex_seg_zones,dciodvfy,5493f9b27198,Warning,Warning - Value dubious for this VR - (TAG) PN Patient's Name PN [1] = <ProstateX-0084> - Retired Person Name form,1
dcmqi / prostatex_seg_zones,dciodvfy,55b37fe37f29,Warning,Warning - Value dubious for this VR - (TAG) PN Patient's Name PN [1] = <ProstateX-0066> - Retired Person Name form,1
dcmqi / prostatex_seg_zones,dciodvfy,58901d6b2f10,Warning,Warning - Value dubious for this VR - (TAG) PN Patient's Name PN [1] = <ProstateX-0117> - Retired Person Name form,1
dcmqi / prostatex_seg_zones,dciodvfy,5cac0d72ee63,Warning,Warning - Value dubious for this VR - (TAG) PN Patient's Name PN [1] = <ProstateX-0125> - Retired Person Name form,1
dcmqi / prostatex_seg_zones,dciodvfy,5cd07cb65170,Warning,Warning - Value dubious for this VR - (TAG) PN Patient's Name PN [1] = <ProstateX-0142> - Retired Person Name form,1
dcmqi / prostatex_seg_zones,dciodvfy,5d5d98fcf9cb,Warning,Warning - Value dubious for this VR - (TAG) PN Patient's Name PN [1] = <ProstateX-0331> - Retired Person Name form,1
dcmqi / prostatex_seg_zones,dciodvfy,5ed6ed4274ea,Warning,Warning - Value dubious for this VR - (TAG) PN Patient's Name PN [1] = <ProstateX-0129> - Retired Person Name form,1
dcmqi / prostatex_seg_zones,dciodvfy,6171eb51eff0,Warning,Warning - Value dubious for this VR - (TAG) PN Patient's Name PN [1] = <ProstateX-0056> - Retired Person Name form,1
dcmqi / prostatex_seg_zones,dciodvfy,62a68c9db382,Warning,Warning - Value dubious for this VR - (TAG) PN Patient's Name PN [1] = <ProstateX-0238> - Retired Person Name form,1
dcmqi / prostatex_seg_zones,dciodvfy,64201fb933ff,Warning,Warning - Value dubious for this VR - (TAG) PN Patient's Name PN [1] = <ProstateX-0136> - Retired Person Name form,1
dcmqi / prostatex_seg_zones,dciodvfy,64f0a9df9434,Warning,Warning - Value dubious for this VR - (TAG) PN Patient's Name PN [1] = <ProstateX-0265> - Retired Person Name form,1
dcmqi / prostatex_seg_zones,dciodvfy,64fca8d6842f,Warning,Warning - Value dubious for this VR - (TAG) PN Patient's Name PN [1] = <ProstateX-0168> - Retired Person Name form,1
dcmqi / prostatex_seg_zones,dciodvfy,6bbd34f6cbe5,Warning,Warning - Value dubious for this VR - (TAG) PN Patient's Name PN [1] = <ProstateX-0144> - Retired Person Name form,1
dcmqi / prostatex_seg_zones,dciodvfy,6dadec110c54,Warning,Warning - Value dubious for this VR - (TAG) PN Patient's Name PN [1] = <ProstateX-0183> - Retired Person Name form,1
dcmqi / prostatex_seg_zones,dciodvfy,70e1467d5600,Warning,Warning - Value dubious for this VR - (TAG) PN Patient's Name PN [1] = <ProstateX-0320> - Retired Person Name form,1
dcmqi / prostatex_seg_zones,dciodvfy,714e0f0ee479,Warning,Warning - Value dubious for this VR - (TAG) PN Patient's Name PN [1] = <ProstateX-0118> - Retired Person Name form,1
dcmqi / prostatex_seg_zones,dciodvfy,722c28e56343,Warning,Warning - Value dubious for this VR - (TAG) PN Patient's Name PN [1] = <ProstateX-0283> - Retired Person Name form,1
dcmqi / prostatex_seg_zones,dciodvfy,73d8ddc9d57b,Warning,Warning - Value dubious for this VR - (TAG) PN Patient's Name PN [1] = <ProstateX-0009> - Retired Person Name form,1
dcmqi / prostatex_seg_zones,dciodvfy,762b81ac8fd4,Warning,Warning - Value dubious for this VR - (TAG) PN Patient's Name PN [1] = <ProstateX-0065> - Retired Person Name form,1
dcmqi / prostatex_seg_zones,dciodvfy,7a01511d0ba7,Warning,Warning - Value dubious for this VR - (TAG) PN Patient's Name PN [1] = <ProstateX-0234> - Retired Person Name form,1
dcmqi / prostatex_seg_zones,dciodvfy,7c54d870bc2e,Warning,Warning - Value dubious for this VR - (TAG) PN Patient's Name PN [1] = <ProstateX-0170> - Retired Person Name form,1
dcmqi / prostatex_seg_zones,dciodvfy,7e558d1103a5,Warning,Warning - Value dubious for this VR - (TAG) PN Patient's Name PN [1] = <ProstateX-0196> - Retired Person Name form,1
dcmqi / prostatex_seg_zones,dciodvfy,83f3a9bc32c8,Warning,Warning - Value dubious for this VR - (TAG) PN Patient's Name PN [1] = <ProstateX-0112> - Retired Person Name form,1
dcmqi / prostatex_seg_zones,dciodvfy,8469865a5f43,Warning,Warning - Value dubious for this VR - (TAG) PN Patient's Name PN [1] = <ProstateX-0190> - Retired Person Name form,1
dcmqi / prostatex_seg_zones,dciodvfy,889a40b79c81,Warning,Warning - Value dubious for this VR - (TAG) PN Patient's Name PN [1] = <ProstateX-0201> - Retired Person Name form,1
dcmqi / prostatex_seg_zones,dciodvfy,88ccd8d2df66,Warning,Warning - Value dubious for this VR - (TAG) PN Patient's Name PN [1] = <ProstateX-0254> - Retired Person Name form,1
dcmqi / prostatex_seg_zones,dciodvfy,89e0cb17df2e,Warning,Warning - Value dubious for this VR - (TAG) PN Patient's Name PN [1] = <ProstateX-0059> - Retired Person Name form,1
dcmqi / prostatex_seg_zones,dciodvfy,8d4419bdb413,Warning,Warning - Value dubious for this VR - (TAG) PN Patient's Name PN [1] = <ProstateX-0141> - Retired Person Name form,1
dcmqi / prostatex_seg_zones,dciodvfy,90bbdc5b4311,Warning,Warning - Value dubious for this VR - (TAG) PN Patient's Name PN [1] = <ProstateX-0104> - Retired Person Name form,1
dcmqi / prostatex_seg_zones,dciodvfy,98018fa79a8f,Warning,Warning - Value dubious for this VR - (TAG) PN Patient's Name PN [1] = <ProstateX-0227> - Retired Person Name form,1
dcmqi / prostatex_seg_zones,dciodvfy,98c0c761e385,Warning,Warning - Value dubious for this VR - (TAG) PN Patient's Name PN [1] = <ProstateX-0004> - Retired Person Name form,1
dcmqi / prostatex_seg_zones,dciodvfy,999972d1ba11,Warning,Warning - Value dubious for this VR - (TAG) PN Patient's Name PN [1] = <ProstateX-0309> - Retired Person Name form,1
dcmqi / prostatex_seg_zones,dciodvfy,99e2cac767b1,Warning,Warning - Value dubious for this VR - (TAG) PN Patient's Name PN [1] = <ProstateX-0219> - Retired Person Name form,1
dcmqi / prostatex_seg_zones,dciodvfy,9c4c3ae3d30f,Warning,Warning - Value dubious for this VR - (TAG) PN Patient's Name PN [1] = <ProstateX-0072> - Retired Person Name form,1
dcmqi / prostatex_seg_zones,dciodvfy,9f8d1a317d7c,Warning,Warning - Value dubious for this VR - (TAG) PN Patient's Name PN [1] = <ProstateX-0111> - Retired Person Name form,1
dcmqi / prostatex_seg_zones,dciodvfy,9ff9535a79ef,Warning,Warning - Value dubious for this VR - (TAG) PN Patient's Name PN [1] = <ProstateX-0209> - Retired Person Name form,1
dcmqi / prostatex_seg_zones,dciodvfy,a56af4dd146b,Warning,Warning - Value dubious for this VR - (TAG) PN Patient's Name PN [1] = <ProstateX-0070> - Retired Person Name form,1
dcmqi / prostatex_seg_zones,dciodvfy,a6d89f37bdb8,Warning,Warning - Value dubious for this VR - (TAG) PN Patient's Name PN [1] = <ProstateX-0134> - Retired Person Name form,1
dcmqi / prostatex_seg_zones,dciodvfy,a86f247372d0,Warning,Warning - Value dubious for this VR - (TAG) PN Patient's Name PN [1] = <ProstateX-0096> - Retired Person Name form,1
dcmqi / prostatex_seg_zones,dciodvfy,a9b5d39a9d84,Warning,Warning - Value dubious for this VR - (TAG) PN Patient's Name PN [1] = <ProstateX-0130> - Retired Person Name form,1
dcmqi / prostatex_seg_zones,dciodvfy,aaaf164e9328,Warning,Warning - Value dubious for this VR - (TAG) PN Patient's Name PN [1] = <ProstateX-0069> - Retired Person Name form,1
dcmqi / prostatex_seg_zones,dciodvfy,ab58701db41e,Warning,Warning - Value dubious for this VR - (TAG) PN Patient's Name PN [1] = <ProstateX-0146> - Retired Person Name form,1
dcmqi / prostatex_seg_zones,dciodvfy,ad47ded492dc,Warning,Warning - Value dubious for this VR - (TAG) PN Patient's Name PN [1] = <ProstateX-0161> - Retired Person Name form,1
dcmqi / prostatex_seg_zones,dciodvfy,b47eb3646547,Warning,Warning - Value dubious for this VR - (TAG) PN Patient's Name PN [1] = <ProstateX-0012> - Retired Person Name form,1
dcmqi / prostatex_seg_zones,dciodvfy,bbd9d421467c,Warning,Warning - Value dubious for this VR - (TAG) PN Patient's Name PN [1] = <ProstateX-0080> - Retired Person Name form,1
dcmqi / prostatex_seg_zones,dciodvfy,bc89e1ef7456,Warning,Warning - Value dubious for this VR - (TAG) PN Patient's Name PN [1] = <ProstateX-0089> - Retired Person Name form,1
dcmqi / prostatex_seg_zones,dciodvfy,c1f14faf9dc9,Warning,Warning - Value dubious for this VR - (TAG) PN Patient's Name PN [1] = <ProstateX-0184> - Retired Person Name form,1
dcmqi / prostatex_seg_zones,dciodvfy,c474529f8458,Warning,Warning - Value dubious for this VR - (TAG) PN Patient's Name PN [1] = <ProstateX-0180> - Retired Person Name form,1
dcmqi / prostatex_seg_zones,dciodvfy,cbc0032da664,Warning,Warning - Value dubious for this VR - (TAG) PN Patient's Name PN [1] = <ProstateX-0031> - Retired Person Name form,1
dcmqi / prostatex_seg_zones,dciodvfy,cbf68f92c9c2,Warning,Warning - Value dubious for this VR - (TAG) PN Patient's Name PN [1] = <ProstateX-0251> - Retired Person Name form,1
dcmqi / prostatex_seg_zones,dciodvfy,cd710c14c600,Warning,Warning - Value dubious for this VR - (TAG) PN Patient's Name PN [1] = <ProstateX-0296> - Retired Person Name form,1
dcmqi / prostatex_seg_zones,dciodvfy,cec5e6b03730,Warning,Warning - Value dubious for this VR - (TAG) PN Patient's Name PN [1] = <ProstateX-0244> - Retired Person Name form,1
dcmqi / prostatex_seg_zones,dciodvfy,d191f165e4ea,Warning,Warning - Value dubious for this VR - (TAG) PN Patient's Name PN [1] = <ProstateX-0188> - Retired Person Name form,1
dcmqi / prostatex_seg_zones,dciodvfy,d202de341b4e,Warning,Warning - Value dubious for this VR - (TAG) PN Patient's Name PN [1] = <ProstateX-0083> - Retired Person Name form,1
dcmqi / prostatex_seg_zones,dciodvfy,d7399671fa3e,Warning,Warning - Value dubious for this VR - (TAG) PN Patient's Name PN [1] = <ProstateX-0107> - Retired Person Name form,1
dcmqi / prostatex_seg_zones,dciodvfy,d9b5621d70c9,Warning,Warning - Value dubious for this VR - (TAG) PN Patient's Name PN [1] = <ProstateX-0193> - Retired Person Name form,1
dcmqi / prostatex_seg_zones,dciodvfy,dbaa8c16ac1a,Warning,Warning - Value dubious for this VR - (TAG) PN Patient's Name PN [1] = <ProstateX-0199> - Retired Person Name form,1
dcmqi / prostatex_seg_zones,dciodvfy,dd3c239856b0,Warning,Warning - Value dubious for this VR - (TAG) PN Patient's Name PN [1] = <ProstateX-0090> - Retired Person Name form,1
dcmqi / prostatex_seg_zones,dciodvfy,ddce81fb2421,Warning,Warning - Value dubious for this VR - (TAG) PN Patient's Name PN [1] = <ProstateX-0177> - Retired Person Name form,1
dcmqi / prostatex_seg_zones,dciodvfy,e00321918f3c,Warning,Warning - Value dubious for this VR - (TAG) PN Patient's Name PN [1] = <ProstateX-0026> - Retired Person Name form,1
dcmqi / prostatex_seg_zones,dciodvfy,e4b936ef9621,Warning,Warning - Value dubious for this VR - (TAG) PN Patient's Name PN [1] = <ProstateX-0176> - Retired Person Name form,1
dcmqi / prostatex_seg_zones,dciodvfy,e4dc7411492d,Warning,Warning - Value dubious for this VR - (TAG) PN Patient's Name PN [1] = <ProstateX-0241> - Retired Person Name form,1
dcmqi / prostatex_seg_zones,dciodvfy,e4dfbbcfdbac,Warning,Warning - Value dubious for this VR - (TAG) PN Patient's Name PN [1] = <ProstateX-0304> - Retired Person Name form,1
dcmqi / prostatex_seg_zones,dciodvfy,e692650c9c76,Warning,Warning - Value dubious for this VR - (TAG) PN Patient's Name PN [1] = <ProstateX-0110> - Retired Person Name form,1
dcmqi / prostatex_seg_zones,dciodvfy,e815f2190435,Warning,Warning - Value dubious for this VR - (TAG) PN Patient's Name PN [1] = <ProstateX-0076> - Retired Person Name form,1
dcmqi / prostatex_seg_zones,dciodvfy,eaa62f6de537,Warning,Warning - Value dubious for this VR - (TAG) PN Patient's Name PN [1] = <ProstateX-0162> - Retired Person Name form,1
dcmqi / prostatex_seg_zones,dciodvfy,ec27288db211,Warning,Warning - Value dubious for this VR - (TAG) PN Patient's Name PN [1] = <ProstateX-0340> - Retired Person Name form,1
dcmqi / prostatex_seg_zones,dciodvfy,ec35ac1684a6,Warning,Warning - Value dubious for this VR - (TAG) PN Patient's Name PN [1] = <ProstateX-0198> - Retired Person Name form,1
dcmqi / prostatex_seg_zones,dciodvfy,ee42438d6d99,Warning,Warning - Value dubious for this VR - (TAG) PN Patient's Name PN [1] = <ProstateX-0094> - Retired Person Name form,1
dcmqi / prostatex_seg_zones,dciodvfy,efe1f1cb380b,Warning,Warning - Value dubious for this VR - (TAG) PN Patient's Name PN [1] = <ProstateX-0297> - Retired Person Name form,1
dcmqi / prostatex_seg_zones,dciodvfy,f589b8c532ad,Warning,Warning - Value dubious for this VR - (TAG) PN Patient's Name PN [1] = <ProstateX-0288> - Retired Person Name form,1
dcmqi / prostatex_seg_zones,dciodvfy,f7424791b987,Warning,Warning - Value dubious for this VR - (TAG) PN Patient's Name PN [1] = <ProstateX-0249> - Retired Person Name form,1
dcmqi / prostatex_seg_zones,dciodvfy,f8196b321381,Warning,Warning - Value dubious for this VR - (TAG) PN Patient's Name PN [1] = <ProstateX-0217> - Retired Person Name form,1
dcmqi / prostatex_seg_zones,dciodvfy,fe601d1afb82,Warning,Warning - Value dubious for this VR - (TAG) PN Patient's Name PN [1] = <ProstateX-0039> - Retired Person Name form,1
dcmqi / prostatex_seg_zones,dciodvfy,ffc7dd06866b,Warning,Warning - Value dubious for this VR - (TAG) PN Patient's Name PN [1] = <ProstateX-0156> - Retired Person Name form,1
dcmqi / prostatex_seg_zones,dciodvfy,ffd6bc490551,Warning,Warning - Value dubious for this VR - (TAG) PN Patient's Name PN [1] = <ProstateX-0015> - Retired Person Name form,1
dcmqi / rider_lungct_seg,dciodvfy,76ab0c6981d2,Warning,Warning - CodingSchemeDesignator is deprecated - attribute <CodingSchemeDesignator> = <SRT>,59
dcmqi / rider_lungct_seg,dciodvfy,815f5dab3ba7,Warning,Warning - Missing attribute or value that would be needed to build DICOMDIR - Study ID,59
dcmqi / rider_lungct_seg,dciodvfy,8c9ea25d0d13,Warning,Warning - Value dubious for this VR - (TAG) PN Content Creator's Name PN [1] = <RiderCollectionOwner> - Retired Person Name form,59
dcmqi / rider_lungct_seg,dicom-validator,380880930b44,ERROR,Module <Multi-frame Functional Groups> (TAG) (Per-Frame Functional Groups Sequence) Tag (TAG) (Plane Position Sequence) is unexpected,59
dcmqi / rider_lungct_seg,dicom-validator,6f01abd4f319,ERROR,Module <Multi-frame Functional Groups> (TAG) (Shared Functional Groups Sequence) Tag (TAG) (Plane Orientation Sequence) is unexpected,59
dcmqi / rider_lungct_seg,dicom-validator,972394b5bb82,ERROR,Module <Multi-frame Functional Groups> (TAG) (Per-Frame Functional Groups Sequence) Tag (TAG) (Segment Identification Sequence) is unexpected,59
dcmqi / rider_lungct_seg,dicom-validator,d0eabe730084,ERROR,Module <Multi-frame Functional Groups> (TAG) (Per-Frame Functional Groups Sequence) Tag (TAG) (Frame Content Sequence) is unexpected,59
dcmqi / rider_lungct_seg,dicom-validator,d81147d20e87,ERROR,Module <Multi-frame Functional Groups> (TAG) (Shared Functional Groups Sequence) Tag (TAG) (Pixel Measures Sequence) is unexpected,59
dcmqi / rider_lungct_seg,dicom-validator,f782376ec325,ERROR,Module <Multi-frame Functional Groups> (TAG) (Per-Frame Functional Groups Sequence) Tag (TAG) (Derivation Image Sequence) is unexpected,59
dcmqi / rider_lungct_seg,dciodvfy,094a5533a029,Warning,Warning - Value dubious for this VR - (TAG) PN Patient's Name PN [1] = <182825> - Retired Person Name form,2
dcmqi / rider_lungct_seg,dciodvfy,13dcac3f2161,Warning,Warning - Value dubious for this VR - (TAG) PN Patient's Name PN [1] = <244660> - Retired Person Name form,2
dcmqi / rider_lungct_seg,dciodvfy,1f9be1443f24,Warning,Warning - Value dubious for this VR - (TAG) PN Patient's Name PN [1] = <107166> - Retired Person Name form,2
dcmqi / rider_lungct_seg,dciodvfy,21d3d71e7b65,Warning,Warning - Value dubious for this VR - (TAG) PN Patient's Name PN [1] = <315906> - Retired Person Name form,2
dcmqi / rider_lungct_seg,dciodvfy,249aa045bbf3,Warning,Warning - Value dubious for this VR - (TAG) PN Patient's Name PN [1] = <978961> - Retired Person Name form,2
dcmqi / rider_lungct_seg,dciodvfy,3ebdcd29c02e,Warning,Warning - Value dubious for this VR - (TAG) PN Patient's Name PN [1] = <209868> - Retired Person Name form,2
dcmqi / rider_lungct_seg,dciodvfy,3fae8fcc3fa4,Warning,Warning - Value dubious for this VR - (TAG) PN Patient's Name PN [1] = <895032> - Retired Person Name form,2
dcmqi / rider_lungct_seg,dciodvfy,4469b7e1da6a,Warning,Warning - Value dubious for this VR - (TAG) PN Patient's Name PN [1] = <714842> - Retired Person Name form,2
dcmqi / rider_lungct_seg,dciodvfy,459613cc4d8f,Warning,Warning - Value dubious for this VR - (TAG) PN Patient's Name PN [1] = <301889> - Retired Person Name form,2
dcmqi / rider_lungct_seg,dciodvfy,4ecf6197af84,Warning,Warning - Value dubious for this VR - (TAG) PN Patient's Name PN [1] = <229925> - Retired Person Name form,2
dcmqi / rider_lungct_seg,dciodvfy,4fe5563f9dca,Warning,Warning - Value dubious for this VR - (TAG) PN Patient's Name PN [1] = <314333> - Retired Person Name form,2
dcmqi / rider_lungct_seg,dciodvfy,5e4594de6b4f,Warning,Warning - Value dubious for this VR - (TAG) PN Patient's Name PN [1] = <126123> - Retired Person Name form,2
dcmqi / rider_lungct_seg,dciodvfy,61d8c8c59970,Warning,Warning - Value dubious for this VR - (TAG) PN Patient's Name PN [1] = <238644> - Retired Person Name form,2
dcmqi / rider_lungct_seg,dciodvfy,69c66e31383e,Warning,Warning - Value dubious for this VR - (TAG) PN Patient's Name PN [1] = <335900> - Retired Person Name form,2
dcmqi / rider_lungct_seg,dciodvfy,6f68d706b3b4,Warning,Warning - Value dubious for this VR - (TAG) PN Patient's Name PN [1] = <318903> - Retired Person Name form,2
dcmqi / rider_lungct_seg,dciodvfy,700b417c1b0e,Warning,Warning - Value dubious for this VR - (TAG) PN Patient's Name PN [1] = <296698> - Retired Person Name form,2
dcmqi / rider_lungct_seg,dciodvfy,768eba208839,Warning,Warning - Value dubious for this VR - (TAG) PN Patient's Name PN [1] = <200320> - Retired Person Name form,2
dcmqi / rider_lungct_seg,dciodvfy,795d9a9c3174,Warning,Warning - Value dubious for this VR - (TAG) PN Patient's Name PN [1] = <269755> - Retired Person Name form,2
dcmqi / rider_lungct_seg,dciodvfy,8de6774298e0,Warning,Warning - Value dubious for this VR - (TAG) PN Patient's Name PN [1] = <324303> - Retired Person Name form,2
dcmqi / rider_lungct_seg,dciodvfy,8fe425de795f,Warning,Warning - Value dubious for this VR - (TAG) PN Patient's Name PN [1] = <110743> - Retired Person Name form,2
dcmqi / rider_lungct_seg,dciodvfy,9dc0c5458436,Warning,Warning - Value dubious for this VR - (TAG) PN Patient's Name PN [1] = <277654> - Retired Person Name form,2
dcmqi / rider_lungct_seg,dciodvfy,a68c2bd56d67,Warning,Warning - Value dubious for this VR - (TAG) PN Patient's Name PN [1] = <132854> - Retired Person Name form,2
dcmqi / rider_lungct_seg,dciodvfy,aadbdf3d4725,Warning,Warning - Value dubious for this VR - (TAG) PN Patient's Name PN [1] = <135798> - Retired Person Name form,2
dcmqi / rider_lungct_seg,dciodvfy,d9a7e9292901,Warning,Warning - Value dubious for this VR - (TAG) PN Patient's Name PN [1] = <293546> - Retired Person Name form,2
dcmqi / rider_lungct_seg,dciodvfy,dd83dbf18979,Warning,Warning - Value dubious for this VR - (TAG) PN Patient's Name PN [1] = <130094> - Retired Person Name form,2
dcmqi / rider_lungct_seg,dciodvfy,ddd057e3f4bd,Warning,Warning - Value dubious for this VR - (TAG) PN Patient's Name PN [1] = <231091> - Retired Person Name form,2
dcmqi / rider_lungct_seg,dciodvfy,e55baf9bd08e,Warning,Warning - Value dubious for this VR - (TAG) PN Patient's Name PN [1] = <573377> - Retired Person Name form,2
dcmqi / rider_lungct_seg,dciodvfy,fb3d1edad913,Warning,Warning - Value dubious for this VR - (TAG) PN Patient's Name PN [1] = <157357> - Retired Person Name form,2
dcmqi / rider_lungct_seg,dciodvfy,18e8e59eb754,Warning,Warning - Value dubious for this VR - (TAG) PN Patient's Name PN [1] = <643677> - Retired Person Name form,1
dcmqi / rider_lungct_seg,dciodvfy,42435c890dab,Warning,Warning - Value dubious for this VR - (TAG) PN Patient's Name PN [1] = <157876> - Retired Person Name form,1
dcmqi / rider_lungct_seg,dciodvfy,9003826dca02,Warning,Warning - Value dubious for this VR - (TAG) PN Patient's Name PN [1] = <243509> - Retired Person Name form,1
dcmqi / totalsegmentator_ct_segmentations,dciodvfy,3cc801c58c5f,Warning,Warning - Value dubious for this VR - (TAG) PN Content Creator's Name PN [1] = <IDC> - Retired Person Name form,384
dcmqi / totalsegmentator_ct_segmentations,dciodvfy,4a71864409dc,Warning,Warning - Missing attribute or value that would be needed to build DICOMDIR - Study Time,384
dcmqi / totalsegmentator_ct_segmentations,dciodvfy,815f5dab3ba7,Warning,Warning - Missing attribute or value that would be needed to build DICOMDIR - Study ID,384
dcmqi / totalsegmentator_ct_segmentations,dicom-validator,380880930b44,ERROR,Module <Multi-frame Functional Groups> (TAG) (Per-Frame Functional Groups Sequence) Tag (TAG) (Plane Position Sequence) is unexpected,384
dcmqi / totalsegmentator_ct_segmentations,dicom-validator,6f01abd4f319,ERROR,Module <Multi-frame Functional Groups> (TAG) (Shared Functional Groups Sequence) Tag (TAG) (Plane Orientation Sequence) is unexpected,384
dcmqi / totalsegmentator_ct_segmentations,dicom-validator,972394b5bb82,ERROR,Module <Multi-frame Functional Groups> (TAG) (Per-Frame Functional Groups Sequence) Tag (TAG) (Segment Identification Sequence) is unexpected,384
dcmqi / totalsegmentator_ct_segmentations,dicom-validator,d0eabe730084,ERROR,Module <Multi-frame Functional Groups> (TAG) (Per-Frame Functional Groups Sequence) Tag (TAG) (Frame Content Sequence) is unexpected,384
dcmqi / totalsegmentator_ct_segmentations,dicom-validator,d81147d20e87,ERROR,Module <Multi-frame Functional Groups> (TAG) (Shared Functional Groups Sequence) Tag (TAG) (Pixel Measures Sequence) is unexpected,384
dcmqi / totalsegmentator_ct_segmentations,dicom-validator,f782376ec325,ERROR,Module <Multi-frame Functional Groups> (TAG) (Per-Frame Functional Groups Sequence) Tag (TAG) (Derivation Image Sequence) is unexpected,384
highdicom / (null),dciodvfy,702e93617425,Error,Error - Missing attribute Type 1 Required Element=<DeviceSerialNumber> Module=<EnhancedGeneralEquipment>,384
highdicom / (null),dciodvfy,815f5dab3ba7,Warning,Warning - Missing attribute or value that would be needed to build DICOMDIR - Study ID,384
highdicom / (null),dicom-validator,380880930b44,ERROR,Module <Multi-frame Functional Groups> (TAG) (Per-Frame Functional Groups Sequence) Tag (TAG) (Plane Position Sequence) is unexpected,384
highdicom / (null),dicom-validator,6a2af7ccf9a8,ERROR,Module <Enhanced General Equipment> Tag (TAG) (Device Serial Number) is missing,384
highdicom / (null),dicom-validator,6f01abd4f319,ERROR,Module <Multi-frame Functional Groups> (TAG) (Shared Functional Groups Sequence) Tag (TAG) (Plane Orientation Sequence) is unexpected,384
highdicom / (null),dicom-validator,972394b5bb82,ERROR,Module <Multi-frame Functional Groups> (TAG) (Per-Frame Functional Groups Sequence) Tag (TAG) (Segment Identification Sequence) is unexpected,384
highdicom / (null),dicom-validator,d0eabe730084,ERROR,Module <Multi-frame Functional Groups> (TAG) (Per-Frame Functional Groups Sequence) Tag (TAG) (Frame Content Sequence) is unexpected,384
highdicom / (null),dicom-validator,d81147d20e87,ERROR,Module <Multi-frame Functional Groups> (TAG) (Shared Functional Groups Sequence) Tag (TAG) (Pixel Measures Sequence) is unexpected,384
highdicom / (null),dicom-validator,f782376ec325,ERROR,Module <Multi-frame Functional Groups> (TAG) (Per-Frame Functional Groups Sequence) Tag (TAG) (Derivation Image Sequence) is unexpected,384
highdicom / (null),dciodvfy,d5148f228115,Warning,Warning - Unrecognized defined term <L> for value 1 of attribute <Coding Scheme Designator>,225
highdicom / (null),dciodvfy,dc59491b5b4d,Warning,Warning - Value dubious for this VR - (TAG) PN Patient's Name PN [1] = <PSMA_41260c3678449a2f> - Retired Person Name form,5
highdicom / (null),dciodvfy,362cef5531ef,Warning,Warning - Value dubious for this VR - (TAG) PN Patient's Name PN [1] = <PSMA_d7c4cf294221ea45> - Retired Person Name form,4
highdicom / (null),dciodvfy,d967cbf7ca09,Warning,Warning - Value dubious for this VR - (TAG) PN Patient's Name PN [1] = <PSMA_838c9340e85ca431> - Retired Person Name form,4
highdicom / (null),dciodvfy,1ea1d517e123,Warning,Warning - Value dubious for this VR - (TAG) PN Patient's Name PN [1] = <PSMA_485138f63be9a0a4> - Retired Person Name form,3
highdicom / (null),dciodvfy,3694511c025c,Warning,Warning - Value dubious for this VR - (TAG) PN Patient's Name PN [1] = <PSMA_9e37770ded7defaa> - Retired Person Name form,3
highdicom / (null),dciodvfy,5afd9d854975,Warning,Warning - Value dubious for this VR - (TAG) PN Patient's Name PN [1] = <PSMA_b3930f515d30fd6e> - Retired Person Name form,3
highdicom / (null),dciodvfy,65cc76880340,Warning,Warning - Value dubious for this VR - (TAG) PN Patient's Name PN [1] = <PSMA_798b3279d6980a3b> - Retired Person Name form,3
highdicom / (null),dciodvfy,819d9f04b171,Warning,Warning - Value dubious for this VR - (TAG) PN Patient's Name PN [1] = <PSMA_4ee29f1dac1a4619> - Retired Person Name form,3
highdicom / (null),dciodvfy,94405f0d56e2,Warning,Warning - Value dubious for this VR - (TAG) PN Patient's Name PN [1] = <PSMA_ee0d631fa63961f2> - Retired Person Name form,3
highdicom / (null),dciodvfy,b1223cd8a435,Warning,Warning - Value dubious for this VR - (TAG) PN Patient's Name PN [1] = <PSMA_ee01cba36afe0f56> - Retired Person Name form,3
highdicom / (null),dciodvfy,c7b58ee0f390,Warning,Warning - Value dubious for this VR - (TAG) PN Patient's Name PN [1] = <PSMA_9ef8f0685c79f857> - Retired Person Name form,3
highdicom / (null),dciodvfy,d870c6f5f171,Warning,Warning - Value dubious for this VR - (TAG) PN Patient's Name PN [1] = <PSMA_7ee9adc7b31f780e> - Retired Person Name form,3
highdicom / (null),dciodvfy,e476ba72141b,Warning,Warning - Value dubious for this VR - (TAG) PN Patient's Name PN [1] = <PSMA_0bf6ac34fa0c97c0> - Retired Person Name form,3
highdicom / (null),dciodvfy,f079477ed40e,Warning,Warning - Value dubious for this VR - (TAG) PN Patient's Name PN [1] = <PSMA_c80781b803041d12> - Retired Person Name form,3
highdicom / (null),dciodvfy,f2be15a80fc8,Warning,Warning - Value dubious for this VR - (TAG) PN Patient's Name PN [1] = <PSMA_2a630b4c5627e34d> - Retired Person Name form,3
highdicom / (null),dciodvfy,0275b156ff79,Warning,Warning - Value dubious for this VR - (TAG) PN Patient's Name PN [1] = <PSMA_46bee58f9758552a> - Retired Person Name form,2
highdicom / (null),dciodvfy,08774a750795,Warning,Warning - Value dubious for this VR - (TAG) PN Patient's Name PN [1] = <PSMA_af881eca29658895> - Retired Person Name form,2
highdicom / (null),dciodvfy,0986b8089343,Warning,Warning - Value dubious for this VR - (TAG) PN Patient's Name PN [1] = <PSMA_ae15e8ff542ee5a1> - Retired Person Name form,2
highdicom / (null),dciodvfy,0f0a61acb1e2,Warning,Warning - Value dubious for this VR - (TAG) PN Patient's Name PN [1] = <PSMA_af293f5b5149087a> - Retired Person Name form,2
highdicom / (null),dciodvfy,0f1bb2280524,Warning,Warning - Value dubious for this VR - (TAG) PN Patient's Name PN [1] = <PSMA_ffcaa75377465b37> - Retired Person Name form,2
highdicom / (null),dciodvfy,154dfba212ff,Warning,Warning - Value dubious for this VR - (TAG) PN Patient's Name PN [1] = <PSMA_d67e027e14323000> - Retired Person Name form,2
highdicom / (null),dciodvfy,16cfa65de0d5,Warning,Warning - Value dubious for this VR - (TAG) PN Patient's Name PN [1] = <PSMA_c408e60627628585> - Retired Person Name form,2
highdicom / (null),dciodvfy,17f4e65d4393,Warning,Warning - Value dubious for this VR - (TAG) PN Patient's Name PN [1] = <PSMA_9724be80190a0274> - Retired Person Name form,2
highdicom / (null),dciodvfy,1a03e2b2ee94,Warning,Warning - Value dubious for this VR - (TAG) PN Patient's Name PN [1] = <PSMA_0a52cb5b45b821f7> - Retired Person Name form,2
highdicom / (null),dciodvfy,1b7ffc279e36,Warning,Warning - Value dubious for this VR - (TAG) PN Patient's Name PN [1] = <PSMA_25c60014bb1469d3> - Retired Person Name form,2
highdicom / (null),dciodvfy,1ff32d0addf0,Warning,Warning - Value dubious for this VR - (TAG) PN Patient's Name PN [1] = <PSMA_1d7ce562612262cb> - Retired Person Name form,2
highdicom / (null),dciodvfy,2039155f1aa3,Warning,Warning - Value dubious for this VR - (TAG) PN Patient's Name PN [1] = <PSMA_4aa52e14d0947256> - Retired Person Name form,2
highdicom / (null),dciodvfy,21b47ec69bef,Warning,Warning - Value dubious for this VR - (TAG) PN Patient's Name PN [1] = <PSMA_b361fb9c2455deb9> - Retired Person Name form,2
highdicom / (null),dciodvfy,2e73e1741456,Warning,Warning - Value dubious for this VR - (TAG) PN Patient's Name PN [1] = <PSMA_bc63defabeea583e> - Retired Person Name form,2
highdicom / (null),dciodvfy,3213bb9f54cf,Warning,Warning - Value dubious for this VR - (TAG) PN Patient's Name PN [1] = <PSMA_6ef5e5c442e4ce63> - Retired Person Name form,2
highdicom / (null),dciodvfy,35260838c298,Warning,Warning - Value dubious for this VR - (TAG) PN Patient's Name PN [1] = <PSMA_80b075b681bffb02> - Retired Person Name form,2
highdicom / (null),dciodvfy,3b69659c4c70,Warning,Warning - Value dubious for this VR - (TAG) PN Patient's Name PN [1] = <PSMA_799e088191559ae6> - Retired Person Name form,2
highdicom / (null),dciodvfy,3c3d33bd648c,Warning,Warning - Value dubious for this VR - (TAG) PN Patient's Name PN [1] = <PSMA_d221fa198555e92e> - Retired Person Name form,2
highdicom / (null),dciodvfy,45f6ae0a7648,Warning,Warning - Value dubious for this VR - (TAG) PN Patient's Name PN [1] = <PSMA_f77011649a56cf08> - Retired Person Name form,2
highdicom / (null),dciodvfy,47bea60ef2be,Warning,Warning - Value dubious for this VR - (TAG) PN Patient's Name PN [1] = <PSMA_f304b05dd35252f1> - Retired Person Name form,2
highdicom / (null),dciodvfy,4817ecdb6700,Warning,Warning - Value dubious for this VR - (TAG) PN Patient's Name PN [1] = <PSMA_771c8dc6051db4d7> - Retired Person Name form,2
highdicom / (null),dciodvfy,58c8d037ce0f,Warning,Warning - Value dubious for this VR - (TAG) PN Patient's Name PN [1] = <PSMA_7f274800860fcbfa> - Retired Person Name form,2
highdicom / (null),dciodvfy,5c640b05ec83,Warning,Warning - Value dubious for this VR - (TAG) PN Patient's Name PN [1] = <PSMA_652cdc5859bf667d> - Retired Person Name form,2
highdicom / (null),dciodvfy,5ee1a8b9e507,Warning,Warning - Value dubious for this VR - (TAG) PN Patient's Name PN [1] = <PSMA_83df8050261c44fd> - Retired Person Name form,2
highdicom / (null),dciodvfy,665c1e7749c8,Warning,Warning - Value dubious for this VR - (TAG) PN Patient's Name PN [1] = <PSMA_2740fa8c813cd29c> - Retired Person Name form,2
highdicom / (null),dciodvfy,68ffd93b3ff2,Warning,Warning - Value dubious for this VR - (TAG) PN Patient's Name PN [1] = <PSMA_80d66794f885f503> - Retired Person Name form,2
highdicom / (null),dciodvfy,6f793a81220c,Warning,Warning - Value dubious for this VR - (TAG) PN Patient's Name PN [1] = <PSMA_f751ed4845fddae7> - Retired Person Name form,2
highdicom / (null),dciodvfy,748e85b662e0,Warning,Warning - Value dubious for this VR - (TAG) PN Patient's Name PN [1] = <PSMA_eda7ee31495b2bed> - Retired Person Name form,2
highdicom / (null),dciodvfy,74beb37d94f2,Warning,Warning - Value dubious for this VR - (TAG) PN Patient's Name PN [1] = <PSMA_d4b471bab61342ff> - Retired Person Name form,2
highdicom / (null),dciodvfy,74db9e853c41,Warning,Warning - Value dubious for this VR - (TAG) PN Patient's Name PN [1] = <PSMA_7ba5d19cccb26c0e> - Retired Person Name form,2
highdicom / (null),dciodvfy,75b0fdee3466,Warning,Warning - Value dubious for this VR - (TAG) PN Patient's Name PN [1] = <PSMA_ec55aac3ff6bec15> - Retired Person Name form,2
highdicom / (null),dciodvfy,7b08583f8a80,Warning,Warning - Value dubious for this VR - (TAG) PN Patient's Name PN [1] = <PSMA_9b733a4106c0fe37> - Retired Person Name form,2
highdicom / (null),dciodvfy,7e8ed9734112,Warning,Warning - Value dubious for this VR - (TAG) PN Patient's Name PN [1] = <PSMA_53c3a9d0f51745b6> - Retired Person Name form,2
highdicom / (null),dciodvfy,85cc7fa2fd26,Warning,Warning - Value dubious for this VR - (TAG) PN Patient's Name PN [1] = <PSMA_2d05f0b0476364c0> - Retired Person Name form,2
highdicom / (null),dciodvfy,8e373ce782a1,Warning,Warning - Value dubious for this VR - (TAG) PN Patient's Name PN [1] = <PSMA_a3d54951d96f5563> - Retired Person Name form,2
highdicom / (null),dciodvfy,9049fe2adbe0,Warning,Warning - Value dubious for this VR - (TAG) PN Patient's Name PN [1] = <PSMA_2d635a895be772d5> - Retired Person Name form,2
highdicom / (null),dciodvfy,90e65f1121a0,Warning,Warning - Value dubious for this VR - (TAG) PN Patient's Name PN [1] = <PSMA_f46740fcc3f44f10> - Retired Person Name form,2
highdicom / (null),dciodvfy,910311ac33c8,Warning,Warning - Value dubious for this VR - (TAG) PN Patient's Name PN [1] = <PSMA_995fbaec49f131ce> - Retired Person Name form,2
highdicom / (null),dciodvfy,964b16c13dca,Warning,Warning - Value dubious for this VR - (TAG) PN Patient's Name PN [1] = <PSMA_0ec0e718244b2a79> - Retired Person Name form,2
highdicom / (null),dciodvfy,9e1ae430c023,Warning,Warning - Value dubious for this VR - (TAG) PN Patient's Name PN [1] = <PSMA_69ea0c011af2e2d4> - Retired Person Name form,2
highdicom / (null),dciodvfy,a27d5a3b3a8d,Warning,Warning - Value dubious for this VR - (TAG) PN Patient's Name PN [1] = <PSMA_313ff961c59ee5dc> - Retired Person Name form,2
highdicom / (null),dciodvfy,a29ce36e574f,Warning,Warning - Value dubious for this VR - (TAG) PN Patient's Name PN [1] = <PSMA_d5b636ea4da7638b> - Retired Person Name form,2
highdicom / (null),dciodvfy,a442a3a4d541,Warning,Warning - Value dubious for this VR - (TAG) PN Patient's Name PN [1] = <PSMA_ee0aaecb8ed1c922> - Retired Person Name form,2
highdicom / (null),dciodvfy,aae906e03388,Warning,Warning - Value dubious for this VR - (TAG) PN Patient's Name PN [1] = <PSMA_36fc7d8bd1286adb> - Retired Person Name form,2
highdicom / (null),dciodvfy,b0d79d1160ca,Warning,Warning - Value dubious for this VR - (TAG) PN Patient's Name PN [1] = <PSMA_3c928684b9d209d2> - Retired Person Name form,2
highdicom / (null),dciodvfy,b2c73a940857,Warning,Warning - Value dubious for this VR - (TAG) PN Patient's Name PN [1] = <PSMA_dee1112c5d1380f1> - Retired Person Name form,2
highdicom / (null),dciodvfy,ba19cad58563,Warning,Warning - Value dubious for this VR - (TAG) PN Patient's Name PN [1] = <PSMA_6f538887f996bfaf> - Retired Person Name form,2
highdicom / (null),dciodvfy,ba92e1d2f6e9,Warning,Warning - Value dubious for this VR - (TAG) PN Patient's Name PN [1] = <PSMA_206e0f3bf8cb8ed3> - Retired Person Name form,2
highdicom / (null),dciodvfy,bc76e3b9060a,Warning,Warning - Value dubious for this VR - (TAG) PN Patient's Name PN [1] = <PSMA_56a3a3e55545e167> - Retired Person Name form,2
highdicom / (null),dciodvfy,befa894a7d94,Warning,Warning - Value dubious for this VR - (TAG) PN Patient's Name PN [1] = <PSMA_438bb68482a3e054> - Retired Person Name form,2
highdicom / (null),dciodvfy,bfaaa9963d17,Warning,Warning - Value dubious for this VR - (TAG) PN Patient's Name PN [1] = <PSMA_0429b5db53a944ea> - Retired Person Name form,2
highdicom / (null),dciodvfy,c42875c1ad58,Warning,Warning - Value dubious for this VR - (TAG) PN Patient's Name PN [1] = <PSMA_0198cdca94fbb95f> - Retired Person Name form,2
highdicom / (null),dciodvfy,deebf948deb1,Warning,Warning - Value dubious for this VR - (TAG) PN Patient's Name PN [1] = <PSMA_d4a0f545789b1bbb> - Retired Person Name form,2
highdicom / (null),dciodvfy,e157a6005fe5,Warning,Warning - Value dubious for this VR - (TAG) PN Patient's Name PN [1] = <PSMA_e3c5b97cc53ac899> - Retired Person Name form,2
highdicom / (null),dciodvfy,e4a462ebffd9,Warning,Warning - Value dubious for this VR - (TAG) PN Patient's Name PN [1] = <PSMA_d98ce837bcc6fb20> - Retired Person Name form,2
highdicom / (null),dciodvfy,e5537fef85d3,Warning,Warning - Value dubious for this VR - (TAG) PN Patient's Name PN [1] = <PSMA_35852148926fc57d> - Retired Person Name form,2
highdicom / (null),dciodvfy,e566ae477c44,Warning,Warning - Value dubious for this VR - (TAG) PN Patient's Name PN [1] = <PSMA_de1f4300eda3bef3> - Retired Person Name form,2
highdicom / (null),dciodvfy,e9a5b8b5c7d6,Warning,Warning - Value dubious for this VR - (TAG) PN Patient's Name PN [1] = <PSMA_5b644577e75785bc> - Retired Person Name form,2
highdicom / (null),dciodvfy,eb7beee3d8dc,Warning,Warning - Value dubious for this VR - (TAG) PN Patient's Name PN [1] = <PSMA_0d0f9fdf1578eaed> - Retired Person Name form,2
highdicom / (null),dciodvfy,eed1b76246c8,Warning,Warning - Value dubious for this VR - (TAG) PN Patient's Name PN [1] = <PSMA_43327d1d34bc5300> - Retired Person Name form,2
highdicom / (null),dciodvfy,ef1255235497,Warning,Warning - Value dubious for this VR - (TAG) PN Patient's Name PN [1] = <PSMA_ba5034e13e4c31f5> - Retired Person Name form,2
highdicom / (null),dciodvfy,f2b17a3dadc7,Warning,Warning - Value dubious for this VR - (TAG) PN Patient's Name PN [1] = <PSMA_4da96443cf212c5f> - Retired Person Name form,2
highdicom / (null),dciodvfy,fa8702162421,Warning,Warning - Value dubious for this VR - (TAG) PN Patient's Name PN [1] = <PSMA_9abd0bb6d4259d4e> - Retired Person Name form,2
highdicom / (null),dciodvfy,fcecc0cecbde,Warning,Warning - Value dubious for this VR - (TAG) PN Patient's Name PN [1] = <PSMA_b487a97686e64dbf> - Retired Person Name form,2
highdicom / (null),dciodvfy,004da08dc53c,Warning,Warning - Value dubious for this VR - (TAG) PN Patient's Name PN [1] = <PSMA_3f09802c9c2821e1> - Retired Person Name form,1
highdicom / (null),dciodvfy,036e252372c4,Warning,Warning - Value dubious for this VR - (TAG) PN Patient's Name PN [1] = <PSMA_4c9d9614d81f3005> - Retired Person Name form,1
highdicom / (null),dciodvfy,04ca997f4944,Warning,Warning - Value dubious for this VR - (TAG) PN Patient's Name PN [1] = <PSMA_55a7e47e7d24b12c> - Retired Person Name form,1
highdicom / (null),dciodvfy,04ceceabe660,Warning,Warning - Value dubious for this VR - (TAG) PN Patient's Name PN [1] = <PSMA_e7b13a919f814300> - Retired Person Name form,1
highdicom / (null),dciodvfy,064f2d73a75b,Warning,Warning - Value dubious for this VR - (TAG) PN Patient's Name PN [1] = <PSMA_e51e9429c79eff86> - Retired Person Name form,1
highdicom / (null),dciodvfy,06e3dc5b6a0f,Warning,Warning - Value dubious for this VR - (TAG) PN Patient's Name PN [1] = <PSMA_d3e72b0003097756> - Retired Person Name form,1
highdicom / (null),dciodvfy,077a7d9ac476,Warning,Warning - Value dubious for this VR - (TAG) PN Patient's Name PN [1] = <PSMA_28b47ab366f7ec9d> - Retired Person Name form,1
highdicom / (null),dciodvfy,08cbba345509,Warning,Warning - Value dubious for this VR - (TAG) PN Patient's Name PN [1] = <PSMA_698f9e802d84253c> - Retired Person Name form,1
highdicom / (null),dciodvfy,098c38871069,Warning,Warning - Value dubious for this VR - (TAG) PN Patient's Name PN [1] = <PSMA_790ee2c577d4ceed> - Retired Person Name form,1
highdicom / (null),dciodvfy,09a18e0c873e,Warning,Warning - Value dubious for this VR - (TAG) PN Patient's Name PN [1] = <PSMA_e3c4639102fe5c51> - Retired Person Name form,1
highdicom / (null),dciodvfy,0a4b9cfc2a58,Warning,Warning - Value dubious for this VR - (TAG) PN Patient's Name PN [1] = <PSMA_505ebb983b71c700> - Retired Person Name form,1
highdicom / (null),dciodvfy,0cb9cfa408c9,Warning,Warning - Value dubious for this VR - (TAG) PN Patient's Name PN [1] = <PSMA_120974a1c4058f4a> - Retired Person Name form,1
highdicom / (null),dciodvfy,0f3c4b6ae58e,Warning,Warning - Value dubious for this VR - (TAG) PN Patient's Name PN [1] = <PSMA_738bc5d9946240f3> - Retired Person Name form,1
highdicom / (null),dciodvfy,1130c42ff8f8,Warning,Warning - Value dubious for this VR - (TAG) PN Patient's Name PN [1] = <PSMA_53d9705e1ddc8d81> - Retired Person Name form,1
highdicom / (null),dciodvfy,12adeaef8c38,Warning,Warning - Value dubious for this VR - (TAG) PN Patient's Name PN [1] = <PSMA_367adbcbbe2108d5> - Retired Person Name form,1
highdicom / (null),dciodvfy,1346c6416a63,Warning,Warning - Value dubious for this VR - (TAG) PN Patient's Name PN [1] = <PSMA_d0f877ac02b84ee6> - Retired Person Name form,1
highdicom / (null),dciodvfy,135cd9a93019,Warning,Warning - Value dubious for this VR - (TAG) PN Patient's Name PN [1] = <PSMA_620ec005ccb1430d> - Retired Person Name form,1
highdicom / (null),dciodvfy,13dfeefa8a32,Warning,Warning - Value dubious for this VR - (TAG) PN Patient's Name PN [1] = <PSMA_c0b18f90b401d6d6> - Retired Person Name form,1
highdicom / (null),dciodvfy,1425b5f7d537,Warning,Warning - Value dubious for this VR - (TAG) PN Patient's Name PN [1] = <PSMA_26d1990d3a90ce16> - Retired Person Name form,1
highdicom / (null),dciodvfy,14596019fbac,Warning,Warning - Value dubious for this VR - (TAG) PN Patient's Name PN [1] = <PSMA_4dc8b85ba2c1e037> - Retired Person Name form,1
highdicom / (null),dciodvfy,15b43cba3f25,Warning,Warning - Value dubious for this VR - (TAG) PN Patient's Name PN [1] = <PSMA_b5a4134e681683c0> - Retired Person Name form,1
highdicom / (null),dciodvfy,16aa753c7c5b,Warning,Warning - Value dubious for this VR - (TAG) PN Patient's Name PN [1] = <PSMA_0934d8468a1c7624> - Retired Person Name form,1
highdicom / (null),dciodvfy,176dc9d9a4ea,Warning,Warning - Value dubious for this VR - (TAG) PN Patient's Name PN [1] = <PSMA_a3c5675abaec3e1d> - Retired Person Name form,1
highdicom / (null),dciodvfy,1790b59e2dbe,Warning,Warning - Value dubious for this VR - (TAG) PN Patient's Name PN [1] = <PSMA_310d8ea58fb29cb1> - Retired Person Name form,1
highdicom / (null),dciodvfy,1b98461342ca,Warning,Warning - Value dubious for this VR - (TAG) PN Patient's Name PN [1] = <PSMA_57cf81e8bb97b452> - Retired Person Name form,1
highdicom / (null),dciodvfy,1c11841116f3,Warning,Warning - Value dubious for this VR - (TAG) PN Patient's Name PN [1] = <PSMA_ada3f9f15facc495> - Retired Person Name form,1
highdicom / (null),dciodvfy,1c4ac1ee2b47,Warning,Warning - Value dubious for this VR - (TAG) PN Patient's Name PN [1] = <PSMA_faa4c90c3d2d53a3> - Retired Person Name form,1
highdicom / (null),dciodvfy,1ca9276a35fb,Warning,Warning - Value dubious for this VR - (TAG) PN Patient's Name PN [1] = <PSMA_95b833d46f153cd2> - Retired Person Name form,1
highdicom / (null),dciodvfy,1cf6a96cfee6,Warning,Warning - Value dubious for this VR - (TAG) PN Patient's Name PN [1] = <PSMA_dc21e961e5341e6b> - Retired Person Name form,1
highdicom / (null),dciodvfy,1d4997fe9ae1,Warning,Warning - Value dubious for this VR - (TAG) PN Patient's Name PN [1] = <PSMA_3952dd30abc947de> - Retired Person Name form,1
highdicom / (null),dciodvfy,1ffbb65d95c5,Warning,Warning - Value dubious for this VR - (TAG) PN Patient's Name PN [1] = <PSMA_8effd73b76ee3191> - Retired Person Name form,1
highdicom / (null),dciodvfy,21984b2ce757,Warning,Warning - Value dubious for this VR - (TAG) PN Patient's Name PN [1] = <PSMA_daf98725797ce51a> - Retired Person Name form,1
highdicom / (null),dciodvfy,222225a9fd90,Warning,Warning - Value dubious for this VR - (TAG) PN Patient's Name PN [1] = <PSMA_a2ff166a8aad6c9f> - Retired Person Name form,1
highdicom / (null),dciodvfy,238d9f43b090,Warning,Warning - Value dubious for this VR - (TAG) PN Patient's Name PN [1] = <PSMA_7b925af5d11d56e0> - Retired Person Name form,1
highdicom / (null),dciodvfy,25c4be4b332e,Warning,Warning - Value dubious for this VR - (TAG) PN Patient's Name PN [1] = <PSMA_7e76841f3c9623c0> - Retired Person Name form,1
highdicom / (null),dciodvfy,29965b07eda0,Warning,Warning - Value dubious for this VR - (TAG) PN Patient's Name PN [1] = <PSMA_c1373c3c46c36014> - Retired Person Name form,1
highdicom / (null),dciodvfy,29f49fc962e5,Warning,Warning - Value dubious for this VR - (TAG) PN Patient's Name PN [1] = <PSMA_e1eef1b5e130ded8> - Retired Person Name form,1
highdicom / (null),dciodvfy,2a123221f133,Warning,Warning - Value dubious for this VR - (TAG) PN Patient's Name PN [1] = <PSMA_fe15e4b0571c9233> - Retired Person Name form,1
highdicom / (null),dciodvfy,2ce59fcb25ad,Warning,Warning - Value dubious for this VR - (TAG) PN Patient's Name PN [1] = <PSMA_f1888d6be1410fa4> - Retired Person Name form,1
highdicom / (null),dciodvfy,2d1133367b22,Warning,Warning - Value dubious for this VR - (TAG) PN Patient's Name PN [1] = <PSMA_84e88412b53d05ff> - Retired Person Name form,1
highdicom / (null),dciodvfy,2d2935c722bd,Warning,Warning - Value dubious for this VR - (TAG) PN Patient's Name PN [1] = <PSMA_d7032f7f9ec70157> - Retired Person Name form,1
highdicom / (null),dciodvfy,2ed440563682,Warning,Warning - Value dubious for this VR - (TAG) PN Patient's Name PN [1] = <PSMA_f33cbe53d1aee5e8> - Retired Person Name form,1
highdicom / (null),dciodvfy,2ee935111d29,Warning,Warning - Value dubious for this VR - (TAG) PN Patient's Name PN [1] = <PSMA_35fd083826d0b23d> - Retired Person Name form,1
highdicom / (null),dciodvfy,2f36ed443597,Warning,Warning - Value dubious for this VR - (TAG) PN Patient's Name PN [1] = <PSMA_128df5e4d18fca55> - Retired Person Name form,1
highdicom / (null),dciodvfy,2ff70b55b70e,Warning,Warning - Value dubious for this VR - (TAG) PN Patient's Name PN [1] = <PSMA_362c6e38b303c924> - Retired Person Name form,1
highdicom / (null),dciodvfy,31fcf2e58a5f,Warning,Warning - Value dubious for this VR - (TAG) PN Patient's Name PN [1] = <PSMA_1983760ba540893d> - Retired Person Name form,1
highdicom / (null),dciodvfy,3308e9fa2937,Warning,Warning - Value dubious for this VR - (TAG) PN Patient's Name PN [1] = <PSMA_b8b992413f5d80c3> - Retired Person Name form,1
highdicom / (null),dciodvfy,33a4056585e3,Warning,Warning - Value dubious for this VR - (TAG) PN Patient's Name PN [1] = <PSMA_0f434739488a6988> - Retired Person Name form,1
highdicom / (null),dciodvfy,342bc3565118,Warning,Warning - Value dubious for this VR - (TAG) PN Patient's Name PN [1] = <PSMA_1844105bd00f422d> - Retired Person Name form,1
highdicom / (null),dciodvfy,350c3d59807b,Warning,Warning - Value dubious for this VR - (TAG) PN Patient's Name PN [1] = <PSMA_751d8b9d08e7859c> - Retired Person Name form,1
highdicom / (null),dciodvfy,356d722f481b,Warning,Warning - Value dubious for this VR - (TAG) PN Patient's Name PN [1] = <PSMA_ded97a4f2275ba94> - Retired Person Name form,1
highdicom / (null),dciodvfy,36f26811ac5c,Warning,Warning - Value dubious for this VR - (TAG) PN Patient's Name PN [1] = <PSMA_963334ffb5b4855b> - Retired Person Name form,1
highdicom / (null),dciodvfy,376b11d76d05,Warning,Warning - Value dubious for this VR - (TAG) PN Patient's Name PN [1] = <PSMA_52ccf5db1b96158d> - Retired Person Name form,1
highdicom / (null),dciodvfy,3818c1ba37d7,Warning,Warning - Value dubious for this VR - (TAG) PN Patient's Name PN [1] = <PSMA_cebb76f71890f8e9> - Retired Person Name form,1
highdicom / (null),dciodvfy,393aafb77f74,Warning,Warning - Value dubious for this VR - (TAG) PN Patient's Name PN [1] = <PSMA_c605989163e81d3c> - Retired Person Name form,1
highdicom / (null),dciodvfy,39f40401339d,Warning,Warning - Value dubious for this VR - (TAG) PN Patient's Name PN [1] = <PSMA_26154a761c528fdd> - Retired Person Name form,1
highdicom / (null),dciodvfy,3d62655023e7,Warning,Warning - Value dubious for this VR - (TAG) PN Patient's Name PN [1] = <PSMA_81b53d3911e09543> - Retired Person Name form,1
highdicom / (null),dciodvfy,3eaac11baa7b,Warning,Warning - Value dubious for this VR - (TAG) PN Patient's Name PN [1] = <PSMA_ab12d866a44fe389> - Retired Person Name form,1
highdicom / (null),dciodvfy,40ee435d1695,Warning,Warning - Value dubious for this VR - (TAG) PN Patient's Name PN [1] = <PSMA_605d8fc340cd0e00> - Retired Person Name form,1
highdicom / (null),dciodvfy,41afc0b4f16c,Warning,Warning - Value dubious for this VR - (TAG) PN Patient's Name PN [1] = <PSMA_8dc29430e8d532c6> - Retired Person Name form,1
highdicom / (null),dciodvfy,4272fb7bb27d,Warning,Warning - Value dubious for this VR - (TAG) PN Patient's Name PN [1] = <PSMA_27ef75904d7f2fc6> - Retired Person Name form,1
highdicom / (null),dciodvfy,43fee38e5422,Warning,Warning - Value dubious for this VR - (TAG) PN Patient's Name PN [1] = <PSMA_ca36bd95b63289d0> - Retired Person Name form,1
highdicom / (null),dciodvfy,45902d45eda5,Warning,Warning - Value dubious for this VR - (TAG) PN Patient's Name PN [1] = <PSMA_c67186371fb31240> - Retired Person Name form,1
highdicom / (null),dciodvfy,4699e97ad18a,Warning,Warning - Value dubious for this VR - (TAG) PN Patient's Name PN [1] = <PSMA_940a0f71bdde52c5> - Retired Person Name form,1
highdicom / (null),dciodvfy,4811499fc40c,Warning,Warning - Value dubious for this VR - (TAG) PN Patient's Name PN [1] = <PSMA_8b3f81670b02a757> - Retired Person Name form,1
highdicom / (null),dciodvfy,486740ead586,Warning,Warning - Value dubious for this VR - (TAG) PN Patient's Name PN [1] = <PSMA_fbd11b7e8c246d80> - Retired Person Name form,1
highdicom / (null),dciodvfy,49b3ca7b53f2,Warning,Warning - Value dubious for this VR - (TAG) PN Patient's Name PN [1] = <PSMA_b1afbd871047f751> - Retired Person Name form,1
highdicom / (null),dciodvfy,4ac32c90451b,Warning,Warning - Value dubious for this VR - (TAG) PN Patient's Name PN [1] = <PSMA_8496583840c7ca19> - Retired Person Name form,1
highdicom / (null),dciodvfy,4de91267f4a7,Warning,Warning - Value dubious for this VR - (TAG) PN Patient's Name PN [1] = <PSMA_a672c1e6a35c21b8> - Retired Person Name form,1
highdicom / (null),dciodvfy,4e317153b544,Warning,Warning - Value dubious for this VR - (TAG) PN Patient's Name PN [1] = <PSMA_c1aac5281cd6dedd> - Retired Person Name form,1
highdicom / (null),dciodvfy,4e6f9e3c5617,Warning,Warning - Value dubious for this VR - (TAG) PN Patient's Name PN [1] = <PSMA_a2e474cdd4d3c64a> - Retired Person Name form,1
highdicom / (null),dciodvfy,4e7689499547,Warning,Warning - Value dubious for this VR - (TAG) PN Patient's Name PN [1] = <PSMA_614aab262dcced0a> - Retired Person Name form,1
highdicom / (null),dciodvfy,4f6da9a5d320,Warning,Warning - Value dubious for this VR - (TAG) PN Patient's Name PN [1] = <PSMA_e3c355d21f90cfe7> - Retired Person Name form,1
highdicom / (null),dciodvfy,4fb8013c0c1c,Warning,Warning - Value dubious for this VR - (TAG) PN Patient's Name PN [1] = <PSMA_9ca760d210e20f46> - Retired Person Name form,1
highdicom / (null),dciodvfy,516358b73449,Warning,Warning - Value dubious for this VR - (TAG) PN Patient's Name PN [1] = <PSMA_37328a98c70706f3> - Retired Person Name form,1
highdicom / (null),dciodvfy,5266231e1618,Warning,Warning - Value dubious for this VR - (TAG) PN Patient's Name PN [1] = <PSMA_ddd1dd20149915fb> - Retired Person Name form,1
highdicom / (null),dciodvfy,547e06c355ad,Warning,Warning - Value dubious for this VR - (TAG) PN Patient's Name PN [1] = <PSMA_2c2358f5005d1a3c> - Retired Person Name form,1
highdicom / (null),dciodvfy,5540f57c928e,Warning,Warning - Value dubious for this VR - (TAG) PN Patient's Name PN [1] = <PSMA_bc70d4dbddba497e> - Retired Person Name form,1
highdicom / (null),dciodvfy,55961010c745,Warning,Warning - Value dubious for this VR - (TAG) PN Patient's Name PN [1] = <PSMA_8fcd87e9f20d00b0> - Retired Person Name form,1
highdicom / (null),dciodvfy,5660b42c0d7b,Warning,Warning - Value dubious for this VR - (TAG) PN Patient's Name PN [1] = <PSMA_3561d942a56d7096> - Retired Person Name form,1
highdicom / (null),dciodvfy,57ba036b4d27,Warning,Warning - Value dubious for this VR - (TAG) PN Patient's Name PN [1] = <PSMA_fad59ccacf4b88f2> - Retired Person Name form,1
highdicom / (null),dciodvfy,5944eac4aa02,Warning,Warning - Value dubious for this VR - (TAG) PN Patient's Name PN [1] = <PSMA_fb794d977655f3c5> - Retired Person Name form,1
highdicom / (null),dciodvfy,59cdd3cd532a,Warning,Warning - Value dubious for this VR - (TAG) PN Patient's Name PN [1] = <PSMA_560e93923a626c54> - Retired Person Name form,1
highdicom / (null),dciodvfy,5a5908ae3d96,Warning,Warning - Value dubious for this VR - (TAG) PN Patient's Name PN [1] = <PSMA_561766bb23d62cf8> - Retired Person Name form,1
highdicom / (null),dciodvfy,5e3144aa9cfe,Warning,Warning - Value dubious for this VR - (TAG) PN Patient's Name PN [1] = <PSMA_907f1345abedf4fa> - Retired Person Name form,1
highdicom / (null),dciodvfy,5f940da9f232,Warning,Warning - Value dubious for this VR - (TAG) PN Patient's Name PN [1] = <PSMA_dc8b0fa3643a6878> - Retired Person Name form,1
highdicom / (null),dciodvfy,61a57fc175a6,Warning,Warning - Value dubious for this VR - (TAG) PN Patient's Name PN [1] = <PSMA_78e0f5526687a2a7> - Retired Person Name form,1
highdicom / (null),dciodvfy,61df0f6a4407,Warning,Warning - Value dubious for this VR - (TAG) PN Patient's Name PN [1] = <PSMA_0a3fdc59c5e700d8> - Retired Person Name form,1
highdicom / (null),dciodvfy,62489fc742fe,Warning,Warning - Value dubious for this VR - (TAG) PN Patient's Name PN [1] = <PSMA_6b41c21073fb3fc9> - Retired Person Name form,1
highdicom / (null),dciodvfy,633b80bc7348,Warning,Warning - Value dubious for this VR - (TAG) PN Patient's Name PN [1] = <PSMA_0908b747558fc03e> - Retired Person Name form,1
highdicom / (null),dciodvfy,688cd45766ee,Warning,Warning - Value dubious for this VR - (TAG) PN Patient's Name PN [1] = <PSMA_95a4d87af2bc56f7> - Retired Person Name form,1
highdicom / (null),dciodvfy,69923e6df6d4,Warning,Warning - Value dubious for this VR - (TAG) PN Patient's Name PN [1] = <PSMA_01a52e26ce5b5e26> - Retired Person Name form,1
highdicom / (null),dciodvfy,6a5eb225a7b0,Warning,Warning - Value dubious for this VR - (TAG) PN Patient's Name PN [1] = <PSMA_46cf1282a7648712> - Retired Person Name form,1
highdicom / (null),dciodvfy,6ab57655a020,Warning,Warning - Value dubious for this VR - (TAG) PN Patient's Name PN [1] = <PSMA_2fe466a567a7eab3> - Retired Person Name form,1
highdicom / (null),dciodvfy,6c3faeec8a68,Warning,Warning - Value dubious for this VR - (TAG) PN Patient's Name PN [1] = <PSMA_ffa9445e55e2b071> - Retired Person Name form,1
highdicom / (null),dciodvfy,6d00d7f8fbd0,Warning,Warning - Value dubious for this VR - (TAG) PN Patient's Name PN [1] = <PSMA_6d5c002d629eb131> - Retired Person Name form,1
highdicom / (null),dciodvfy,6d7c79be88df,Warning,Warning - Value dubious for this VR - (TAG) PN Patient's Name PN [1] = <PSMA_4dee75d0657f3c47> - Retired Person Name form,1
highdicom / (null),dciodvfy,6d7d11a44610,Warning,Warning - Value dubious for this VR - (TAG) PN Patient's Name PN [1] = <PSMA_8a5734c2659a5e0a> - Retired Person Name form,1
highdicom / (null),dciodvfy,6ec7f4208cdf,Warning,Warning - Value dubious for this VR - (TAG) PN Patient's Name PN [1] = <PSMA_ede705184679888a> - Retired Person Name form,1
highdicom / (null),dciodvfy,6ed022b16f74,Warning,Warning - Value dubious for this VR - (TAG) PN Patient's Name PN [1] = <PSMA_8e7619b9167225fb> - Retired Person Name form,1
highdicom / (null),dciodvfy,6f6856f99914,Warning,Warning - Value dubious for this VR - (TAG) PN Patient's Name PN [1] = <PSMA_c76a99febb4bf130> - Retired Person Name form,1
highdicom / (null),dciodvfy,714d88bdba3f,Warning,Warning - Value dubious for this VR - (TAG) PN Patient's Name PN [1] = <PSMA_ce956153f9464e26> - Retired Person Name form,1
highdicom / (null),dciodvfy,71ba983991e8,Warning,Warning - Value dubious for this VR - (TAG) PN Patient's Name PN [1] = <PSMA_12407d96f040b55b> - Retired Person Name form,1
highdicom / (null),dciodvfy,72d826c84d9e,Warning,Warning - Value dubious for this VR - (TAG) PN Patient's Name PN [1] = <PSMA_7731a871ce8b4642> - Retired Person Name form,1
highdicom / (null),dciodvfy,74b3af63cec5,Warning,Warning - Value dubious for this VR - (TAG) PN Patient's Name PN [1] = <PSMA_8f948062b06f8555> - Retired Person Name form,1
highdicom / (null),dciodvfy,752d46b7a3fa,Warning,Warning - Value dubious for this VR - (TAG) PN Patient's Name PN [1] = <PSMA_6aaac4dc1cccd43c> - Retired Person Name form,1
highdicom / (null),dciodvfy,75cd30565dfd,Warning,Warning - Value dubious for this VR - (TAG) PN Patient's Name PN [1] = <PSMA_c81bde6455d07a32> - Retired Person Name form,1
highdicom / (null),dciodvfy,7718792b19f4,Warning,Warning - Value dubious for this VR - (TAG) PN Patient's Name PN [1] = <PSMA_a63d490ca591ed15> - Retired Person Name form,1
highdicom / (null),dciodvfy,78b063ebc2be,Warning,Warning - Value dubious for this VR - (TAG) PN Patient's Name PN [1] = <PSMA_fedc5777fd9687d3> - Retired Person Name form,1
highdicom / (null),dciodvfy,790fde76a155,Warning,Warning - Value dubious for this VR - (TAG) PN Patient's Name PN [1] = <PSMA_8fa31ac9e70376a4> - Retired Person Name form,1
highdicom / (null),dciodvfy,7a19b586fde9,Warning,Warning - Value dubious for this VR - (TAG) PN Patient's Name PN [1] = <PSMA_72fd83ed9edea418> - Retired Person Name form,1
highdicom / (null),dciodvfy,7a73de27f72d,Warning,Warning - Value dubious for this VR - (TAG) PN Patient's Name PN [1] = <PSMA_e0cfd612e10c3ff7> - Retired Person Name form,1
highdicom / (null),dciodvfy,7a7e8d8c5fdb,Warning,Warning - Value dubious for this VR - (TAG) PN Patient's Name PN [1] = <PSMA_febfa344ff66b003> - Retired Person Name form,1
highdicom / (null),dciodvfy,7cc82b44b084,Warning,Warning - Value dubious for this VR - (TAG) PN Patient's Name PN [1] = <PSMA_1bbf6768fbbf5228> - Retired Person Name form,1
highdicom / (null),dciodvfy,7d7434b17602,Warning,Warning - Value dubious for this VR - (TAG) PN Patient's Name PN [1] = <PSMA_2109bda82957a5b7> - Retired Person Name form,1
highdicom / (null),dciodvfy,7f0331a8b659,Warning,Warning - Value dubious for this VR - (TAG) PN Patient's Name PN [1] = <PSMA_ef01d295b3511b54> - Retired Person Name form,1
highdicom / (null),dciodvfy,7f093182fb43,Warning,Warning - Value dubious for this VR - (TAG) PN Patient's Name PN [1] = <PSMA_a96814a79aa26c8f> - Retired Person Name form,1
highdicom / (null),dciodvfy,814223faed1c,Warning,Warning - Value dubious for this VR - (TAG) PN Patient's Name PN [1] = <PSMA_da0ed9952645bbac> - Retired Person Name form,1
highdicom / (null),dciodvfy,82f85fdbd24b,Warning,Warning - Value dubious for this VR - (TAG) PN Patient's Name PN [1] = <PSMA_a4320e00716c20b4> - Retired Person Name form,1
highdicom / (null),dciodvfy,8302863bded4,Warning,Warning - Value dubious for this VR - (TAG) PN Patient's Name PN [1] = <PSMA_90092e3de48644f1> - Retired Person Name form,1
highdicom / (null),dciodvfy,86b1aa079a45,Warning,Warning - Value dubious for this VR - (TAG) PN Patient's Name PN [1] = <PSMA_5f2413a58d43dcac> - Retired Person Name form,1
highdicom / (null),dciodvfy,884001490ec7,Warning,Warning - Value dubious for this VR - (TAG) PN Patient's Name PN [1] = <PSMA_8b4fac8d72277be9> - Retired Person Name form,1
highdicom / (null),dciodvfy,8a56da4c5ddf,Warning,Warning - Value dubious for this VR - (TAG) PN Patient's Name PN [1] = <PSMA_098d83617429637f> - Retired Person Name form,1
highdicom / (null),dciodvfy,8b6a93c5d103,Warning,Warning - Value dubious for this VR - (TAG) PN Patient's Name PN [1] = <PSMA_2ebe8e333bdbc130> - Retired Person Name form,1
highdicom / (null),dciodvfy,8c64c0c3a434,Warning,Warning - Value dubious for this VR - (TAG) PN Patient's Name PN [1] = <PSMA_fa6ce43d309315b9> - Retired Person Name form,1
highdicom / (null),dciodvfy,8da2e49e7dde,Warning,Warning - Value dubious for this VR - (TAG) PN Patient's Name PN [1] = <PSMA_5eb9920ce854b7a2> - Retired Person Name form,1
highdicom / (null),dciodvfy,8ed51eb127d7,Warning,Warning - Value dubious for this VR - (TAG) PN Patient's Name PN [1] = <PSMA_54d1613921a2d2ae> - Retired Person Name form,1
highdicom / (null),dciodvfy,8f09004b4db1,Warning,Warning - Value dubious for this VR - (TAG) PN Patient's Name PN [1] = <PSMA_dca89b53a183f8e5> - Retired Person Name form,1
highdicom / (null),dciodvfy,8f37cd64c170,Warning,Warning - Value dubious for this VR - (TAG) PN Patient's Name PN [1] = <PSMA_57a5841a095d55d1> - Retired Person Name form,1
highdicom / (null),dciodvfy,90a9c800878d,Warning,Warning - Value dubious for this VR - (TAG) PN Patient's Name PN [1] = <PSMA_e8c1c3c25d7a735b> - Retired Person Name form,1
highdicom / (null),dciodvfy,9175b301a4dd,Warning,Warning - Value dubious for this VR - (TAG) PN Patient's Name PN [1] = <PSMA_0fcbcd7dc52d5b82> - Retired Person Name form,1
highdicom / (null),dciodvfy,91ee82110d8a,Warning,Warning - Value dubious for this VR - (TAG) PN Patient's Name PN [1] = <PSMA_d0d4b360c767b075> - Retired Person Name form,1
highdicom / (null),dciodvfy,93fdeda1e8e0,Warning,Warning - Value dubious for this VR - (TAG) PN Patient's Name PN [1] = <PSMA_d854b5837ca97440> - Retired Person Name form,1
highdicom / (null),dciodvfy,94a3078bb119,Warning,Warning - Value dubious for this VR - (TAG) PN Patient's Name PN [1] = <PSMA_6786badc43e8c5cc> - Retired Person Name form,1
highdicom / (null),dciodvfy,957b51f8c8bc,Warning,Warning - Value dubious for this VR - (TAG) PN Patient's Name PN [1] = <PSMA_32e70fdbf4468564> - Retired Person Name form,1
highdicom / (null),dciodvfy,959729acddc7,Warning,Warning - Value dubious for this VR - (TAG) PN Patient's Name PN [1] = <PSMA_28f9ecc106933531> - Retired Person Name form,1
highdicom / (null),dciodvfy,97568fcef3dc,Warning,Warning - Value dubious for this VR - (TAG) PN Patient's Name PN [1] = <PSMA_e2b34467658ec579> - Retired Person Name form,1
highdicom / (null),dciodvfy,99cbfdb4116b,Warning,Warning - Value dubious for this VR - (TAG) PN Patient's Name PN [1] = <PSMA_416d9ff3295dafcb> - Retired Person Name form,1
highdicom / (null),dciodvfy,9a52fe2f93ea,Warning,Warning - Value dubious for this VR - (TAG) PN Patient's Name PN [1] = <PSMA_a6509098ad09ada5> - Retired Person Name form,1
highdicom / (null),dciodvfy,9b041d1a4cc3,Warning,Warning - Value dubious for this VR - (TAG) PN Patient's Name PN [1] = <PSMA_602ab51cfa8fae3b> - Retired Person Name form,1
highdicom / (null),dciodvfy,9c0468f7fcbe,Warning,Warning - Value dubious for this VR - (TAG) PN Patient's Name PN [1] = <PSMA_709da54824f16bc1> - Retired Person Name form,1
highdicom / (null),dciodvfy,9d0a1469bd87,Warning,Warning - Value dubious for this VR - (TAG) PN Patient's Name PN [1] = <PSMA_19eed20451e33bc1> - Retired Person Name form,1
highdicom / (null),dciodvfy,9e1c70104d90,Warning,Warning - Value dubious for this VR - (TAG) PN Patient's Name PN [1] = <PSMA_f21dfd4b31d6d5f2> - Retired Person Name form,1
highdicom / (null),dciodvfy,9ebfd4668df9,Warning,Warning - Value dubious for this VR - (TAG) PN Patient's Name PN [1] = <PSMA_dc822282f85e9b7b> - Retired Person Name form,1
highdicom / (null),dciodvfy,a1ceb960b602,Warning,Warning - Value dubious for this VR - (TAG) PN Patient's Name PN [1] = <PSMA_a17bb16aa6d2f6fa> - Retired Person Name form,1
highdicom / (null),dciodvfy,a3079b4d31d6,Warning,Warning - Value dubious for this VR - (TAG) PN Patient's Name PN [1] = <PSMA_215789b9b4379af2> - Retired Person Name form,1
highdicom / (null),dciodvfy,a4ac37d1af43,Warning,Warning - Value dubious for this VR - (TAG) PN Patient's Name PN [1] = <PSMA_bbbe1ae9a074871b> - Retired Person Name form,1
highdicom / (null),dciodvfy,a607c37e4590,Warning,Warning - Value dubious for this VR - (TAG) PN Patient's Name PN [1] = <PSMA_5c0552e946050837> - Retired Person Name form,1
highdicom / (null),dciodvfy,a8fc23b1f148,Warning,Warning - Value dubious for this VR - (TAG) PN Patient's Name PN [1] = <PSMA_348a4dbda705c573> - Retired Person Name form,1
highdicom / (null),dciodvfy,a95523788246,Warning,Warning - Value dubious for this VR - (TAG) PN Patient's Name PN [1] = <PSMA_4fc4664327ba8d0b> - Retired Person Name form,1
highdicom / (null),dciodvfy,ab876b7a6109,Warning,Warning - Value dubious for this VR - (TAG) PN Patient's Name PN [1] = <PSMA_bcd20c8fcb92d9cf> - Retired Person Name form,1
highdicom / (null),dciodvfy,af87162a75e4,Warning,Warning - Value dubious for this VR - (TAG) PN Patient's Name PN [1] = <PSMA_1cd68411f227b3c4> - Retired Person Name form,1
highdicom / (null),dciodvfy,b18c8d286388,Warning,Warning - Value dubious for this VR - (TAG) PN Patient's Name PN [1] = <PSMA_dc798b834a9962b6> - Retired Person Name form,1
highdicom / (null),dciodvfy,b3f34ffec0f2,Warning,Warning - Value dubious for this VR - (TAG) PN Patient's Name PN [1] = <PSMA_8b9bd3dbbb1553f1> - Retired Person Name form,1
highdicom / (null),dciodvfy,b6d8215840ab,Warning,Warning - Value dubious for this VR - (TAG) PN Patient's Name PN [1] = <PSMA_3959d1c381a5bcd6> - Retired Person Name form,1
highdicom / (null),dciodvfy,baf113f714d4,Warning,Warning - Value dubious for this VR - (TAG) PN Patient's Name PN [1] = <PSMA_2e53e6536753bac6> - Retired Person Name form,1
highdicom / (null),dciodvfy,bcb399255068,Warning,Warning - Value dubious for this VR - (TAG) PN Patient's Name PN [1] = <PSMA_466bb4681345143c> - Retired Person Name form,1
highdicom / (null),dciodvfy,bd8a177fd1c2,Warning,Warning - Value dubious for this VR - (TAG) PN Patient's Name PN [1] = <PSMA_b165b9d5698b0532> - Retired Person Name form,1
highdicom / (null),dciodvfy,bddb4dd81a81,Warning,Warning - Value dubious for this VR - (TAG) PN Patient's Name PN [1] = <PSMA_90b7bff35b17cdd3> - Retired Person Name form,1
highdicom / (null),dciodvfy,be8e3fb1ad0c,Warning,Warning - Value dubious for this VR - (TAG) PN Patient's Name PN [1] = <PSMA_46fcda50b67c2523> - Retired Person Name form,1
highdicom / (null),dciodvfy,c1ecff97b42f,Warning,Warning - Value dubious for this VR - (TAG) PN Patient's Name PN [1] = <PSMA_7bd096b4afea75d8> - Retired Person Name form,1
highdicom / (null),dciodvfy,c21ec716a351,Warning,Warning - Value dubious for this VR - (TAG) PN Patient's Name PN [1] = <PSMA_f57e73c0eea6a931> - Retired Person Name form,1
highdicom / (null),dciodvfy,c2315de5e8c1,Warning,Warning - Value dubious for this VR - (TAG) PN Patient's Name PN [1] = <PSMA_02826eb561d6e0c7> - Retired Person Name form,1
highdicom / (null),dciodvfy,c3274ed85921,Warning,Warning - Value dubious for this VR - (TAG) PN Patient's Name PN [1] = <PSMA_7e25beff54698eb8> - Retired Person Name form,1
highdicom / (null),dciodvfy,c411b2c56c3e,Warning,Warning - Value dubious for this VR - (TAG) PN Patient's Name PN [1] = <PSMA_834460a6d4330410> - Retired Person Name form,1
highdicom / (null),dciodvfy,c6c9046c9bf6,Warning,Warning - Value dubious for this VR - (TAG) PN Patient's Name PN [1] = <PSMA_0cd58730e7446445> - Retired Person Name form,1
highdicom / (null),dciodvfy,c9b0d3de6741,Warning,Warning - Value dubious for this VR - (TAG) PN Patient's Name PN [1] = <PSMA_56e540714db4775a> - Retired Person Name form,1
highdicom / (null),dciodvfy,cb256f60ff76,Warning,Warning - Value dubious for this VR - (TAG) PN Patient's Name PN [1] = <PSMA_572ba4a3592c01f2> - Retired Person Name form,1
highdicom / (null),dciodvfy,cc6ec4e0cdd9,Warning,Warning - Value dubious for this VR - (TAG) PN Patient's Name PN [1] = <PSMA_a1e1b43ebcf4e89c> - Retired Person Name form,1
highdicom / (null),dciodvfy,ce1baa82dce3,Warning,Warning - Value dubious for this VR - (TAG) PN Patient's Name PN [1] = <PSMA_c878220db97c05e1> - Retired Person Name form,1
highdicom / (null),dciodvfy,ce2dfca92ca8,Warning,Warning - Value dubious for this VR - (TAG) PN Patient's Name PN [1] = <PSMA_ecbe2f11374632fa> - Retired Person Name form,1
highdicom / (null),dciodvfy,cf07cce6c23a,Warning,Warning - Value dubious for this VR - (TAG) PN Patient's Name PN [1] = <PSMA_d38ec7d5180e7941> - Retired Person Name form,1
highdicom / (null),dciodvfy,d0788b22cba9,Warning,Warning - Value dubious for this VR - (TAG) PN Patient's Name PN [1] = <PSMA_304ecd79e68f0116> - Retired Person Name form,1
highdicom / (null),dciodvfy,d15ae6834592,Warning,Warning - Value dubious for this VR - (TAG) PN Patient's Name PN [1] = <PSMA_0179419e313f7d8c> - Retired Person Name form,1
highdicom / (null),dciodvfy,d3801b80f744,Warning,Warning - Value dubious for this VR - (TAG) PN Patient's Name PN [1] = <PSMA_35650dda11e850e6> - Retired Person Name form,1
highdicom / (null),dciodvfy,d3bb69a37666,Warning,Warning - Value dubious for this VR - (TAG) PN Patient's Name PN [1] = <PSMA_313bce3639064450> - Retired Person Name form,1
highdicom / (null),dciodvfy,d4b4cf5c62e2,Warning,Warning - Value dubious for this VR - (TAG) PN Patient's Name PN [1] = <PSMA_c2c49ffc29ebf6fc> - Retired Person Name form,1
highdicom / (null),dciodvfy,d511d8997e71,Warning,Warning - Value dubious for this VR - (TAG) PN Patient's Name PN [1] = <PSMA_0d3b8a9b27c9e89e> - Retired Person Name form,1
highdicom / (null),dciodvfy,d8d0c919162a,Warning,Warning - Value dubious for this VR - (TAG) PN Patient's Name PN [1] = <PSMA_3a15b9fe3b4346f9> - Retired Person Name form,1
highdicom / (null),dciodvfy,d959dd2dd584,Warning,Warning - Value dubious for this VR - (TAG) PN Patient's Name PN [1] = <PSMA_ed407d8135a958c6> - Retired Person Name form,1
highdicom / (null),dciodvfy,d9a206b1406d,Warning,Warning - Value dubious for this VR - (TAG) PN Patient's Name PN [1] = <PSMA_30fbb9471537bfb0> - Retired Person Name form,1
highdicom / (null),dciodvfy,dd02a063873e,Warning,Warning - Value dubious for this VR - (TAG) PN Patient's Name PN [1] = <PSMA_2771d2bae29384ca> - Retired Person Name form,1
highdicom / (null),dciodvfy,dde3be409b3e,Warning,Warning - Value dubious for this VR - (TAG) PN Patient's Name PN [1] = <PSMA_27a4d77ee7e78fe3> - Retired Person Name form,1
highdicom / (null),dciodvfy,df5c3e0657f6,Warning,Warning - Value dubious for this VR - (TAG) PN Patient's Name PN [1] = <PSMA_9c07b999c0e09e36> - Retired Person Name form,1
highdicom / (null),dciodvfy,dffc6d73f6e3,Warning,Warning - Value dubious for this VR - (TAG) PN Patient's Name PN [1] = <PSMA_a56129204a801f02> - Retired Person Name form,1
highdicom / (null),dciodvfy,e04f034e460e,Warning,Warning - Value dubious for this VR - (TAG) PN Patient's Name PN [1] = <PSMA_ec45934c2fa23c76> - Retired Person Name form,1
highdicom / (null),dciodvfy,e371a1d0cffd,Warning,Warning - Value dubious for this VR - (TAG) PN Patient's Name PN [1] = <PSMA_e88804f6e145e11a> - Retired Person Name form,1
highdicom / (null),dciodvfy,e407f9a46c1a,Warning,Warning - Value dubious for this VR - (TAG) PN Patient's Name PN [1] = <PSMA_4f8549d7a1cb31b0> - Retired Person Name form,1
highdicom / (null),dciodvfy,e469f1224259,Warning,Warning - Value dubious for this VR - (TAG) PN Patient's Name PN [1] = <PSMA_5203bac8a9bfd9e2> - Retired Person Name form,1
highdicom / (null),dciodvfy,e7a0d4a47312,Warning,Warning - Value dubious for this VR - (TAG) PN Patient's Name PN [1] = <PSMA_e8f437bd8a964dd8> - Retired Person Name form,1
highdicom / (null),dciodvfy,e8167a471ef4,Warning,Warning - Value dubious for this VR - (TAG) PN Patient's Name PN [1] = <PSMA_0d2d8c9b29ea6861> - Retired Person Name form,1
highdicom / (null),dciodvfy,e8a2b6022bfa,Warning,Warning - Value dubious for this VR - (TAG) PN Patient's Name PN [1] = <PSMA_53d59c767e28c8b9> - Retired Person Name form,1
highdicom / (null),dciodvfy,ec24647b8b00,Warning,Warning - Value dubious for this VR - (TAG) PN Patient's Name PN [1] = <PSMA_b8e8c96ded38dc79> - Retired Person Name form,1
highdicom / (null),dciodvfy,ec30f6323a3a,Warning,Warning - Value dubious for this VR - (TAG) PN Patient's Name PN [1] = <PSMA_18f866bfa3d793d4> - Retired Person Name form,1
highdicom / (null),dciodvfy,ed7694ca2bb1,Warning,Warning - Value dubious for this VR - (TAG) PN Patient's Name PN [1] = <PSMA_fd142797eb926383> - Retired Person Name form,1
highdicom / (null),dciodvfy,ee1c072cb30c,Warning,Warning - Value dubious for this VR - (TAG) PN Patient's Name PN [1] = <PSMA_e21d5b67b48f750d> - Retired Person Name form,1
highdicom / (null),dciodvfy,ee28ab33e8e7,Warning,Warning - Value dubious for this VR - (TAG) PN Patient's Name PN [1] = <PSMA_db3c36bf584eab12> - Retired Person Name form,1
highdicom / (null),dciodvfy,f0f899601b07,Warning,Warning - Value dubious for this VR - (TAG) PN Patient's Name PN [1] = <PSMA_8a33927f6bd135d0> - Retired Person Name form,1
highdicom / (null),dciodvfy,f2261fd6ae72,Warning,Warning - Value dubious for this VR - (TAG) PN Patient's Name PN [1] = <PSMA_06612db91891b34c> - Retired Person Name form,1
highdicom / (null),dciodvfy,f3d026bea47e,Warning,Warning - Value dubious for this VR - (TAG) PN Patient's Name PN [1] = <PSMA_44d265a64415fee2> - Retired Person Name form,1
highdicom / (null),dciodvfy,f4410dc38665,Warning,Warning - Value dubious for this VR - (TAG) PN Patient's Name PN [1] = <PSMA_bed76b3b7c2b172e> - Retired Person Name form,1
highdicom / (null),dciodvfy,f7242de0a274,Warning,Warning - Value dubious for this VR - (TAG) PN Patient's Name PN [1] = <PSMA_ba08a6110368d572> - Retired Person Name form,1
highdicom / (null),dciodvfy,f9428c406bd3,Warning,Warning - Value dubious for this VR - (TAG) PN Patient's Name PN [1] = <PSMA_324f91cd0ec8a80e> - Retired Person Name form,1
highdicom / (null),dciodvfy,f9cf306a2ecd,Warning,Warning - Value dubious for this VR - (TAG) PN Patient's Name PN [1] = <PSMA_3f55913f4da93e63> - Retired Person Name form,1
highdicom / (null),dciodvfy,fd88f1d0195b,Warning,Warning - Value dubious for this VR - (TAG) PN Patient's Name PN [1] = <PSMA_8c633b06dc898af2> - Retired Person Name form,1
highdicom / (null),dciodvfy,fe54fd364cc2,Warning,Warning - Value dubious for this VR - (TAG) PN Patient's Name PN [1] = <PSMA_1160f053324a19bd> - Retired Person Name form,1
highdicom / (null),dciodvfy,ff5318bc6d87,Warning,Warning - Value dubious for this VR - (TAG) PN Patient's Name PN [1] = <PSMA_04f0f08528c9c231> - Retired Person Name form,1
highdicom / eay131_tumor_annotations,dciodvfy,147558acc184,Warning,Warning - Attribute is not present in standard DICOM IOD - (TAG) SH Code Value,384
highdicom / eay131_tumor_annotations,dciodvfy,1e5af1bdbedd,Warning,Warning - Dicom dataset contains attributes not present in standard DICOM IOD - this is a Standard Extended SOP Class,384
highdicom / eay131_tumor_annotations,dciodvfy,64bbfd5997f6,Warning,Warning - Attribute is not present in standard DICOM IOD - (TAG) SH Coding Scheme Designator,384
highdicom / eay131_tumor_annotations,dciodvfy,7588500d789e,Warning,Warning - Attribute is not present in standard DICOM IOD - (TAG) SQ Concept Code Sequence,384
highdicom / eay131_tumor_annotations,dciodvfy,815f5dab3ba7,Warning,Warning - Missing attribute or value that would be needed to build DICOMDIR - Study ID,384
highdicom / eay131_tumor_annotations,dciodvfy,843bba1be584,Warning,Warning - Attribute is not present in standard DICOM IOD - (TAG) SQ Acquisition Context Sequence,384
highdicom / eay131_tumor_annotations,dciodvfy,899168e52351,Warning,Warning - Unrecognized defined term <REGISTRATION> for value 1 of attribute <Longitudinal Temporal Event Type>,384
highdicom / eay131_tumor_annotations,dciodvfy,958923375dea,Warning,Warning - Attribute is not present in standard DICOM IOD - (TAG) LO Code Meaning,384
highdicom / eay131_tumor_annotations,dciodvfy,9c2e18e3d374,Warning,Warning - Attribute is not present in standard DICOM IOD - (TAG) SQ Concept Name Code Sequence,384
highdicom / eay131_tumor_annotations,dciodvfy,e9df746a21e1,Warning,Warning - Attribute is not present in standard DICOM IOD - (TAG) CS Value Type,384
highdicom / eay131_tumor_annotations,dicom-validator,380880930b44,ERROR,Module <Multi-frame Functional Groups> (TAG) (Per-Frame Functional Groups Sequence) Tag (TAG) (Plane Position Sequence) is unexpected,384
highdicom / eay131_tumor_annotations,dicom-validator,6f01abd4f319,ERROR,Module <Multi-frame Functional Groups> (TAG) (Shared Functional Groups Sequence) Tag (TAG) (Plane Orientation Sequence) is unexpected,384
highdicom / eay131_tumor_annotations,dicom-validator,726344f68c09,ERROR,Module <General> Tag (TAG) (Acquisition Context Sequence) is unexpected,384
highdicom / eay131_tumor_annotations,dicom-validator,972394b5bb82,ERROR,Module <Multi-frame Functional Groups> (TAG) (Per-Frame Functional Groups Sequence) Tag (TAG) (Segment Identification Sequence) is unexpected,384
highdicom / eay131_tumor_annotations,dicom-validator,d0eabe730084,ERROR,Module <Multi-frame Functional Groups> (TAG) (Per-Frame Functional Groups Sequence) Tag (TAG) (Frame Content Sequence) is unexpected,384
highdicom / eay131_tumor_annotations,dicom-validator,d81147d20e87,ERROR,Module <Multi-frame Functional Groups> (TAG) (Shared Functional Groups Sequence) Tag (TAG) (Pixel Measures Sequence) is unexpected,384
highdicom / eay131_tumor_annotations,dicom-validator,f782376ec325,ERROR,Module <Multi-frame Functional Groups> (TAG) (Per-Frame Functional Groups Sequence) Tag (TAG) (Derivation Image Sequence) is unexpected,384
highdicom / eay131_tumor_annotations,dciodvfy,565f8bd4abeb,Warning,Warning - Unrecognized defined term <UNKNOWNID> for value 1 of attribute <Type of Patient ID>,31
highdicom / eay131_tumor_annotations,dciodvfy,0786a34e0c26,Warning,Warning - Value is zero for value 1 of attribute <Patient's Weight>,22
highdicom / eay131_tumor_annotations,dciodvfy,b70a1c508ab0,Warning,Warning - Unrecognized defined term <BONYPELVIS> for value 1 of attribute <Body Part Examined>,11
highdicom / eay131_tumor_annotations,dciodvfy,0507257941dd,Warning,Warning - Value is zero for value 1 of attribute <Patient's Size>,6
highdicom / eay131_tumor_annotations,dciodvfy,4cd65797aad3,Warning,Warning - Value dubious for this VR - (TAG) PN Patient's Name PN [1] = <EAY131-5928121> - Retired Person Name form,4
highdicom / eay131_tumor_annotations,dciodvfy,8e1286e0764c,Warning,Warning - Value dubious for this VR - (TAG) PN Patient's Name PN [1] = <EAY131-6535447> - Retired Person Name form,4
highdicom / eay131_tumor_annotations,dciodvfy,0de9ccca5c56,Warning,Warning - Value dubious for this VR - (TAG) PN Patient's Name PN [1] = <EAY131-8140133> - Retired Person Name form,3
highdicom / eay131_tumor_annotations,dciodvfy,1d6c3bb21b4c,Warning,Warning - Value dubious for this VR - (TAG) PN Patient's Name PN [1] = <EAY131-8396307> - Retired Person Name form,3
highdicom / eay131_tumor_annotations,dciodvfy,2243a917ff2c,Warning,Warning - Value dubious for this VR - (TAG) PN Patient's Name PN [1] = <EAY131-6901885> - Retired Person Name form,3
highdicom / eay131_tumor_annotations,dciodvfy,2377c7deddde,Warning,Warning - Value dubious for this VR - (TAG) PN Patient's Name PN [1] = <EAY131-4788656> - Retired Person Name form,3
highdicom / eay131_tumor_annotations,dciodvfy,365bdca1a3d5,Warning,Warning - Value dubious for this VR - (TAG) PN Patient's Name PN [1] = <EAY131-4296883> - Retired Person Name form,3
highdicom / eay131_tumor_annotations,dciodvfy,415073a3ffe2,Warning,Warning - Value dubious for this VR - (TAG) PN Patient's Name PN [1] = <EAY131-7094337> - Retired Person Name form,3
highdicom / eay131_tumor_annotations,dciodvfy,41fd443e796d,Warning,Warning - Value dubious for this VR - (TAG) PN Patient's Name PN [1] = <EAY131-2306908> - Retired Person Name form,3
highdicom / eay131_tumor_annotations,dciodvfy,48c90b3e9296,Warning,Warning - Value dubious for this VR - (TAG) PN Patient's Name PN [1] = <EAY131-7174699> - Retired Person Name form,3
highdicom / eay131_tumor_annotations,dciodvfy,4f0e0bca5341,Warning,Warning - Value dubious for this VR - (TAG) PN Patient's Name PN [1] = <EAY131-4365706> - Retired Person Name form,3
highdicom / eay131_tumor_annotations,dciodvfy,5383e63221d4,Warning,Warning - Value dubious for this VR - (TAG) PN Patient's Name PN [1] = <EAY131-3332476> - Retired Person Name form,3
highdicom / eay131_tumor_annotations,dciodvfy,5912cd19497f,Warning,Warning - Value dubious for this VR - (TAG) PN Patient's Name PN [1] = <EAY131-9675393> - Retired Person Name form,3
highdicom / eay131_tumor_annotations,dciodvfy,5b14907bf041,Warning,Warning - Value dubious for this VR - (TAG) PN Patient's Name PN [1] = <EAY131-6620767> - Retired Person Name form,3
highdicom / eay131_tumor_annotations,dciodvfy,6bdc83b500ef,Warning,Warning - Value dubious for this VR - (TAG) PN Patient's Name PN [1] = <EAY131-1315230> - Retired Person Name form,3
highdicom / eay131_tumor_annotations,dciodvfy,8828e3cf8902,Warning,Warning - Value dubious for this VR - (TAG) PN Patient's Name PN [1] = <EAY131-2657252> - Retired Person Name form,3
highdicom / eay131_tumor_annotations,dciodvfy,b315cc0b9e0c,Warning,Warning - Value dubious for this VR - (TAG) PN Patient's Name PN [1] = <EAY131-5383134> - Retired Person Name form,3
highdicom / eay131_tumor_annotations,dciodvfy,ecf28384e275,Warning,Warning - Value dubious for this VR - (TAG) PN Patient's Name PN [1] = <EAY131-3125620> - Retired Person Name form,3
highdicom / eay131_tumor_annotations,dciodvfy,07231a7bc5dc,Warning,Warning - Value dubious for this VR - (TAG) PN Patient's Name PN [1] = <EAY131-1182169> - Retired Person Name form,2
highdicom / eay131_tumor_annotations,dciodvfy,07b8b48aca0e,Warning,Warning - Value dubious for this VR - (TAG) PN Patient's Name PN [1] = <EAY131-162052> - Retired Person Name form,2
highdicom / eay131_tumor_annotations,dciodvfy,0a9f256c715a,Warning,Warning - Value dubious for this VR - (TAG) PN Patient's Name PN [1] = <EAY131-24581> - Retired Person Name form,2
highdicom / eay131_tumor_annotations,dciodvfy,0ea42a9546be,Warning,Warning - Value dubious for this VR - (TAG) PN Patient's Name PN [1] = <EAY131-6536384> - Retired Person Name form,2
highdicom / eay131_tumor_annotations,dciodvfy,0fd0ad197d44,Warning,Warning - Value dubious for this VR - (TAG) PN Patient's Name PN [1] = <EAY131-8100347> - Retired Person Name form,2
highdicom / eay131_tumor_annotations,dciodvfy,125cd8ecb284,Warning,Warning - Value dubious for this VR - (TAG) PN Patient's Name PN [1] = <EAY131-3811597> - Retired Person Name form,2
highdicom / eay131_tumor_annotations,dciodvfy,1491f0064d4f,Warning,Warning - Value dubious for this VR - (TAG) PN Patient's Name PN [1] = <EAY131-7841932> - Retired Person Name form,2
highdicom / eay131_tumor_annotations,dciodvfy,14d72ee987c9,Warning,Warning - Value dubious for this VR - (TAG) PN Patient's Name PN [1] = <EAY131-4740754> - Retired Person Name form,2
highdicom / eay131_tumor_annotations,dciodvfy,166aa39e0c28,Warning,Warning - Value dubious for this VR - (TAG) PN Patient's Name PN [1] = <EAY131-34827> - Retired Person Name form,2
highdicom / eay131_tumor_annotations,dciodvfy,1a0e9e246a91,Warning,Warning - Value dubious for this VR - (TAG) PN Patient's Name PN [1] = <EAY131-7744468> - Retired Person Name form,2
highdicom / eay131_tumor_annotations,dciodvfy,20efe8e64be7,Warning,Warning - Value dubious for this VR - (TAG) PN Patient's Name PN [1] = <EAY131-4571923> - Retired Person Name form,2
highdicom / eay131_tumor_annotations,dciodvfy,2942c196659e,Warning,Warning - Value dubious for this VR - (TAG) PN Patient's Name PN [1] = <EAY131-8476713> - Retired Person Name form,2
highdicom / eay131_tumor_annotations,dciodvfy,297c72c248f8,Warning,Warning - Value dubious for this VR - (TAG) PN Patient's Name PN [1] = <EAY131-9448610> - Retired Person Name form,2
highdicom / eay131_tumor_annotations,dciodvfy,2b2848c85f25,Warning,Warning - Value dubious for this VR - (TAG) PN Patient's Name PN [1] = <EAY131-6359894> - Retired Person Name form,2
highdicom / eay131_tumor_annotations,dciodvfy,2bae7eb05bf1,Warning,Warning - Value dubious for this VR - (TAG) PN Patient's Name PN [1] = <EAY131-8985242> - Retired Person Name form,2
highdicom / eay131_tumor_annotations,dciodvfy,2cd69a43ff51,Warning,Warning - Value dubious for this VR - (TAG) PN Patient's Name PN [1] = <EAY131-8278321> - Retired Person Name form,2
highdicom / eay131_tumor_annotations,dciodvfy,2d2a768fa56e,Warning,Warning - Value dubious for this VR - (TAG) PN Patient's Name PN [1] = <EAY131-1168930> - Retired Person Name form,2
highdicom / eay131_tumor_annotations,dciodvfy,2da14ddc5e8e,Warning,Warning - Value dubious for this VR - (TAG) PN Patient's Name PN [1] = <EAY131-6748882> - Retired Person Name form,2
highdicom / eay131_tumor_annotations,dciodvfy,2f9b57689f5d,Warning,Warning - Value dubious for this VR - (TAG) PN Patient's Name PN [1] = <EAY131-581401> - Retired Person Name form,2
highdicom / eay131_tumor_annotations,dciodvfy,3af14f514413,Warning,Warning - Value dubious for this VR - (TAG) PN Patient's Name PN [1] = <EAY131-3478664> - Retired Person Name form,2
highdicom / eay131_tumor_annotations,dciodvfy,400e15b099bf,Warning,Warning - Value dubious for this VR - (TAG) PN Patient's Name PN [1] = <EAY131-7924466> - Retired Person Name form,2
highdicom / eay131_tumor_annotations,dciodvfy,4131b680eec9,Warning,Warning - Value dubious for this VR - (TAG) PN Patient's Name PN [1] = <EAY131-6983781> - Retired Person Name form,2
highdicom / eay131_tumor_annotations,dciodvfy,42b79ffa0263,Warning,Warning - Value dubious for this VR - (TAG) PN Patient's Name PN [1] = <EAY131-7890390> - Retired Person Name form,2
highdicom / eay131_tumor_annotations,dciodvfy,44efafa3a5a2,Warning,Warning - Value dubious for this VR - (TAG) PN Patient's Name PN [1] = <EAY131-9674751> - Retired Person Name form,2
highdicom / eay131_tumor_annotations,dciodvfy,454d52c63eaa,Warning,Warning - Value dubious for this VR - (TAG) PN Patient's Name PN [1] = <EAY131-8357290> - Retired Person Name form,2
highdicom / eay131_tumor_annotations,dciodvfy,4a95d4f33697,Warning,Warning - Value dubious for this VR - (TAG) PN Patient's Name PN [1] = <EAY131-7541479> - Retired Person Name form,2
highdicom / eay131_tumor_annotations,dciodvfy,4d797369a17e,Warning,Warning - Value dubious for this VR - (TAG) PN Patient's Name PN [1] = <EAY131-4853950> - Retired Person Name form,2
highdicom / eay131_tumor_annotations,dciodvfy,4ef05eea5666,Warning,Warning - Value dubious for this VR - (TAG) PN Patient's Name PN [1] = <EAY131-3943147> - Retired Person Name form,2
highdicom / eay131_tumor_annotations,dciodvfy,51b3cf82d9ed,Warning,Warning - Value dubious for this VR - (TAG) PN Patient's Name PN [1] = <EAY131-3201416> - Retired Person Name form,2
highdicom / eay131_tumor_annotations,dciodvfy,5433ea5d515f,Warning,Warning - Value dubious for this VR - (TAG) PN Patient's Name PN [1] = <EAY131-3072064> - Retired Person Name form,2
highdicom / eay131_tumor_annotations,dciodvfy,5770e9e75ee9,Warning,Warning - Value dubious for this VR - (TAG) PN Patient's Name PN [1] = <EAY131-7731533> - Retired Person Name form,2
highdicom / eay131_tumor_annotations,dciodvfy,58ee4f272f77,Warning,Warning - Value dubious for this VR - (TAG) PN Patient's Name PN [1] = <EAY131-5472158> - Retired Person Name form,2
highdicom / eay131_tumor_annotations,dciodvfy,5c0979c86c7a,Warning,Warning - Value dubious for this VR - (TAG) PN Patient's Name PN [1] = <EAY131-1238640> - Retired Person Name form,2
highdicom / eay131_tumor_annotations,dciodvfy,5cce1d1d8123,Warning,Warning - Value dubious for this VR - (TAG) PN Patient's Name PN [1] = <EAY131-335321> - Retired Person Name form,2
highdicom / eay131_tumor_annotations,dciodvfy,5f1b47cdf3b0,Warning,Warning - Value dubious for this VR - (TAG) PN Patient's Name PN [1] = <EAY131-5159290> - Retired Person Name form,2
highdicom / eay131_tumor_annotations,dciodvfy,6212af6cd6f1,Warning,Warning - Value dubious for this VR - (TAG) PN Patient's Name PN [1] = <EAY131-4360898> - Retired Person Name form,2
highdicom / eay131_tumor_annotations,dciodvfy,64482b980028,Warning,Warning - Value dubious for this VR - (TAG) PN Patient's Name PN [1] = <EAY131-8257043> - Retired Person Name form,2
highdicom / eay131_tumor_annotations,dciodvfy,6468e305213b,Warning,Warning - Value dubious for this VR - (TAG) PN Patient's Name PN [1] = <EAY131-5475736> - Retired Person Name form,2
highdicom / eay131_tumor_annotations,dciodvfy,6a48fa927d76,Warning,Warning - Value dubious for this VR - (TAG) PN Patient's Name PN [1] = <EAY131-7944348> - Retired Person Name form,2
highdicom / eay131_tumor_annotations,dciodvfy,6d14f45aa6a4,Warning,Warning - Value dubious for this VR - (TAG) PN Patient's Name PN [1] = <EAY131-5326913> - Retired Person Name form,2
highdicom / eay131_tumor_annotations,dciodvfy,7241ff62ae7c,Warning,Warning - Value dubious for this VR - (TAG) PN Patient's Name PN [1] = <EAY131-4969070> - Retired Person Name form,2
highdicom / eay131_tumor_annotations,dciodvfy,74cac48bb5ee,Warning,Warning - Value dubious for this VR - (TAG) PN Patient's Name PN [1] = <EAY131-7959199> - Retired Person Name form,2
highdicom / eay131_tumor_annotations,dciodvfy,79989cdc1451,Warning,Warning - Value dubious for this VR - (TAG) PN Patient's Name PN [1] = <EAY131-4417035> - Retired Person Name form,2
highdicom / eay131_tumor_annotations,dciodvfy,7a9b10c9fbf4,Warning,Warning - Value dubious for this VR - (TAG) PN Patient's Name PN [1] = <EAY131-8747589> - Retired Person Name form,2
highdicom / eay131_tumor_annotations,dciodvfy,7bb3c0eb593f,Warning,Warning - Value dubious for this VR - (TAG) PN Patient's Name PN [1] = <EAY131-6012732> - Retired Person Name form,2
highdicom / eay131_tumor_annotations,dciodvfy,7e1b84aceae4,Warning,Warning - Value dubious for this VR - (TAG) PN Patient's Name PN [1] = <EAY131-1251390> - Retired Person Name form,2
highdicom / eay131_tumor_annotations,dciodvfy,804d440e7f80,Warning,Warning - Value dubious for this VR - (TAG) PN Patient's Name PN [1] = <EAY131-3131866> - Retired Person Name form,2
highdicom / eay131_tumor_annotations,dciodvfy,86e8241dbf3e,Warning,Warning - Value dubious for this VR - (TAG) PN Patient's Name PN [1] = <EAY131-3318114> - Retired Person Name form,2
highdicom / eay131_tumor_annotations,dciodvfy,913813145b7e,Warning,Warning - Value dubious for this VR - (TAG) PN Patient's Name PN [1] = <EAY131-531169> - Retired Person Name form,2
highdicom / eay131_tumor_annotations,dciodvfy,93e2aec43853,Warning,Warning - Value dubious for this VR - (TAG) PN Patient's Name PN [1] = <EAY131-1009072> - Retired Person Name form,2
highdicom / eay131_tumor_annotations,dciodvfy,99ae69e17b5f,Warning,Warning - Value dubious for this VR - (TAG) PN Patient's Name PN [1] = <EAY131-6190741> - Retired Person Name form,2
highdicom / eay131_tumor_annotations,dciodvfy,9b3ea6e7a5f0,Warning,Warning - Value dubious for this VR - (TAG) PN Patient's Name PN [1] = <EAY131-9819385> - Retired Person Name form,2
highdicom / eay131_tumor_annotations,dciodvfy,9bc5375743d6,Warning,Warning - Value dubious for this VR - (TAG) PN Patient's Name PN [1] = <EAY131-7244633> - Retired Person Name form,2
highdicom / eay131_tumor_annotations,dciodvfy,a53b641bad1f,Warning,Warning - Value dubious for this VR - (TAG) PN Patient's Name PN [1] = <EAY131-4074023> - Retired Person Name form,2
highdicom / eay131_tumor_annotations,dciodvfy,a80f95848281,Warning,Warning - Value dubious for this VR - (TAG) PN Patient's Name PN [1] = <EAY131-5496336> - Retired Person Name form,2
highdicom / eay131_tumor_annotations,dciodvfy,ae13564ee0fd,Warning,Warning - Value dubious for this VR - (TAG) PN Patient's Name PN [1] = <EAY131-7366580> - Retired Person Name form,2
highdicom / eay131_tumor_annotations,dciodvfy,af0b97ac15b9,Warning,Warning - Value dubious for this VR - (TAG) PN Patient's Name PN [1] = <EAY131-5616829> - Retired Person Name form,2
highdicom / eay131_tumor_annotations,dciodvfy,afd5be0981dd,Warning,Warning - Value dubious for this VR - (TAG) PN Patient's Name PN [1] = <EAY131-160117> - Retired Person Name form,2
highdicom / eay131_tumor_annotations,dciodvfy,b00782c0de02,Warning,Warning - Value dubious for this VR - (TAG) PN Patient's Name PN [1] = <EAY131-7231506> - Retired Person Name form,2
highdicom / eay131_tumor_annotations,dciodvfy,b23ff62e69a4,Warning,Warning - Value dubious for this VR - (TAG) PN Patient's Name PN [1] = <EAY131-5346141> - Retired Person Name form,2
highdicom / eay131_tumor_annotations,dciodvfy,b2421a733a60,Warning,Warning - Value dubious for this VR - (TAG) PN Patient's Name PN [1] = <EAY131-1939597> - Retired Person Name form,2
highdicom / eay131_tumor_annotations,dciodvfy,b4fb6e5bd203,Warning,Warning - Value dubious for this VR - (TAG) PN Patient's Name PN [1] = <EAY131-9561915> - Retired Person Name form,2
highdicom / eay131_tumor_annotations,dciodvfy,b5e31dc83707,Warning,Warning - Value dubious for this VR - (TAG) PN Patient's Name PN [1] = <EAY131-1537888> - Retired Person Name form,2
highdicom / eay131_tumor_annotations,dciodvfy,ba89017ca4bb,Warning,Warning - Value dubious for this VR - (TAG) PN Patient's Name PN [1] = <EAY131-4130609> - Retired Person Name form,2
highdicom / eay131_tumor_annotations,dciodvfy,bb357e9e53b4,Warning,Warning - Value dubious for this VR - (TAG) PN Patient's Name PN [1] = <EAY131-325969> - Retired Person Name form,2
highdicom / eay131_tumor_annotations,dciodvfy,bd8c82ea608e,Warning,Warning - Value dubious for this VR - (TAG) PN Patient's Name PN [1] = <EAY131-6059054> - Retired Person Name form,2
highdicom / eay131_tumor_annotations,dciodvfy,bda18c9e872f,Warning,Warning - Value dubious for this VR - (TAG) PN Patient's Name PN [1] = <EAY131-8563568> - Retired Person Name form,2
highdicom / eay131_tumor_annotations,dciodvfy,beeb55a77868,Warning,Warning - Value dubious for this VR - (TAG) PN Patient's Name PN [1] = <EAY131-7805842> - Retired Person Name form,2
highdicom / eay131_tumor_annotations,dciodvfy,c1a88dd237fd,Warning,Warning - Value dubious for this VR - (TAG) PN Patient's Name PN [1] = <EAY131-8871879> - Retired Person Name form,2
highdicom / eay131_tumor_annotations,dciodvfy,c206b3d16c3d,Warning,Warning - Value dubious for this VR - (TAG) PN Patient's Name PN [1] = <EAY131-6559906> - Retired Person Name form,2
highdicom / eay131_tumor_annotations,dciodvfy,c2b7365fdc96,Warning,Warning - Value dubious for this VR - (TAG) PN Patient's Name PN [1] = <EAY131-9028752> - Retired Person Name form,2
highdicom / eay131_tumor_annotations,dciodvfy,c768feaa12ba,Warning,Warning - Value dubious for this VR - (TAG) PN Patient's Name PN [1] = <EAY131-6534102> - Retired Person Name form,2
highdicom / eay131_tumor_annotations,dciodvfy,cea5b7f7118c,Warning,Warning - Value dubious for this VR - (TAG) PN Patient's Name PN [1] = <EAY131-8834605> - Retired Person Name form,2
highdicom / eay131_tumor_annotations,dciodvfy,d4cc002b34b6,Warning,Warning - Value dubious for this VR - (TAG) PN Patient's Name PN [1] = <EAY131-1879845> - Retired Person Name form,2
highdicom / eay131_tumor_annotations,dciodvfy,d6349adb7827,Warning,Warning - Value dubious for this VR - (TAG) PN Patient's Name PN [1] = <EAY131-8283111> - Retired Person Name form,2
highdicom / eay131_tumor_annotations,dciodvfy,db210db6a677,Warning,Warning - Value dubious for this VR - (TAG) PN Patient's Name PN [1] = <EAY131-9316379> - Retired Person Name form,2
highdicom / eay131_tumor_annotations,dciodvfy,db6cbcc74a9f,Warning,Warning - Value dubious for this VR - (TAG) PN Patient's Name PN [1] = <EAY131-841858> - Retired Person Name form,2
highdicom / eay131_tumor_annotations,dciodvfy,e02207799285,Warning,Warning - Value dubious for this VR - (TAG) PN Patient's Name PN [1] = <EAY131-502268> - Retired Person Name form,2
highdicom / eay131_tumor_annotations,dciodvfy,e78332421c01,Warning,Warning - Value dubious for this VR - (TAG) PN Patient's Name PN [1] = <EAY131-7234611> - Retired Person Name form,2
highdicom / eay131_tumor_annotations,dciodvfy,edcca08bdf72,Error,Error - Empty attribute (no value) Type 1 Required Element=<ReferencedSOPClassUID> Module=<SOPInstanceReferenceMacro>,2
highdicom / eay131_tumor_annotations,dciodvfy,ef5c628dc54f,Warning,Warning - Value dubious for this VR - (TAG) PN Patient's Name PN [1] = <EAY131-3145312> - Retired Person Name form,2
highdicom / eay131_tumor_annotations,dciodvfy,ef6611768c96,Warning,Warning - Value dubious for this VR - (TAG) PN Patient's Name PN [1] = <EAY131-961054> - Retired Person Name form,2
highdicom / eay131_tumor_annotations,dciodvfy,f10e8a53c4fb,Warning,Warning - Value dubious for this VR - (TAG) PN Patient's Name PN [1] = <EAY131-1557750> - Retired Person Name form,2
highdicom / eay131_tumor_annotations,dciodvfy,f6004fcecf59,Warning,Warning - Value dubious for this VR - (TAG) PN Patient's Name PN [1] = <EAY131-4824764> - Retired Person Name form,2
highdicom / eay131_tumor_annotations,dciodvfy,fb383b07616f,Warning,Warning - Value dubious for this VR - (TAG) PN Patient's Name PN [1] = <EAY131-1336729> - Retired Person Name form,2
highdicom / eay131_tumor_annotations,dciodvfy,fb6c5c8be000,Warning,Warning - Value dubious for this VR - (TAG) PN Patient's Name PN [1] = <EAY131-4672408> - Retired Person Name form,2
highdicom / eay131_tumor_annotations,dicom-validator,26ce64041b79,ERROR,Module <General Study> (TAG) (Referenced Study Sequence) Tag (TAG) (Referenced SOP Class UID) is empty,2
highdicom / eay131_tumor_annotations,dciodvfy,01857f3064ea,Warning,Warning - Value dubious for this VR - (TAG) PN Patient's Name PN [1] = <EAY131-3969103> - Retired Person Name form,1
highdicom / eay131_tumor_annotations,dciodvfy,01b2a9643e50,Warning,Warning - Value dubious for this VR - (TAG) PN Patient's Name PN [1] = <EAY131-5864227> - Retired Person Name form,1
highdicom / eay131_tumor_annotations,dciodvfy,026292ade59b,Warning,Warning - Value dubious for this VR - (TAG) PN Patient's Name PN [1] = <EAY131-1532943> - Retired Person Name form,1
highdicom / eay131_tumor_annotations,dciodvfy,048f5411741f,Warning,Warning - Value dubious for this VR - (TAG) PN Patient's Name PN [1] = <EAY131-7065104> - Retired Person Name form,1
highdicom / eay131_tumor_annotations,dciodvfy,07288133c3c4,Warning,Warning - Value dubious for this VR - (TAG) PN Patient's Name PN [1] = <EAY131-2982470> - Retired Person Name form,1
highdicom / eay131_tumor_annotations,dciodvfy,08c8f2db1a37,Warning,Warning - Value dubious for this VR - (TAG) PN Patient's Name PN [1] = <EAY131-4043380> - Retired Person Name form,1
highdicom / eay131_tumor_annotations,dciodvfy,0959fe23d319,Warning,Warning - Value dubious for this VR - (TAG) PN Patient's Name PN [1] = <EAY131-2443396> - Retired Person Name form,1
highdicom / eay131_tumor_annotations,dciodvfy,0b0c48241d37,Warning,Warning - Value dubious for this VR - (TAG) PN Patient's Name PN [1] = <EAY131-5853546> - Retired Person Name form,1
highdicom / eay131_tumor_annotations,dciodvfy,0c5089dabb52,Warning,Warning - Value dubious for this VR - (TAG) PN Patient's Name PN [1] = <EAY131-951527> - Retired Person Name form,1
highdicom / eay131_tumor_annotations,dciodvfy,0e717e552aee,Warning,Warning - Value dubious for this VR - (TAG) PN Patient's Name PN [1] = <EAY131-38892> - Retired Person Name form,1
highdicom / eay131_tumor_annotations,dciodvfy,0ebccd0fff07,Warning,Warning - Value dubious for this VR - (TAG) PN Patient's Name PN [1] = <EAY131-3156570> - Retired Person Name form,1
highdicom / eay131_tumor_annotations,dciodvfy,0f8d260e0283,Warning,Warning - Value dubious for this VR - (TAG) PN Patient's Name PN [1] = <EAY131-6797491> - Retired Person Name form,1
highdicom / eay131_tumor_annotations,dciodvfy,101ffaa366e6,Warning,Warning - Value dubious for this VR - (TAG) PN Patient's Name PN [1] = <EAY131-5190558> - Retired Person Name form,1
highdicom / eay131_tumor_annotations,dciodvfy,1033b0318ec1,Warning,Warning - Value dubious for this VR - (TAG) PN Patient's Name PN [1] = <EAY131-6501540> - Retired Person Name form,1
highdicom / eay131_tumor_annotations,dciodvfy,13bd3385196f,Warning,Warning - Value dubious for this VR - (TAG) PN Patient's Name PN [1] = <EAY131-9493273> - Retired Person Name form,1
highdicom / eay131_tumor_annotations,dciodvfy,15862e3ff672,Warning,Warning - Value dubious for this VR - (TAG) PN Patient's Name PN [1] = <EAY131-9907334> - Retired Person Name form,1
highdicom / eay131_tumor_annotations,dciodvfy,172c81f0b007,Warning,Warning - Value dubious for this VR - (TAG) PN Patient's Name PN [1] = <EAY131-3416227> - Retired Person Name form,1
highdicom / eay131_tumor_annotations,dciodvfy,175cee4b0e2b,Warning,Warning - Value dubious for this VR - (TAG) PN Patient's Name PN [1] = <EAY131-1091654> - Retired Person Name form,1
highdicom / eay131_tumor_annotations,dciodvfy,1a07be2f9d5b,Warning,Warning - Value dubious for this VR - (TAG) PN Patient's Name PN [1] = <EAY131-4127397> - Retired Person Name form,1
highdicom / eay131_tumor_annotations,dciodvfy,1a4213e09cee,Warning,Warning - Value dubious for this VR - (TAG) PN Patient's Name PN [1] = <EAY131-4356101> - Retired Person Name form,1
highdicom / eay131_tumor_annotations,dciodvfy,218c8133cc02,Warning,Warning - Value dubious for this VR - (TAG) PN Patient's Name PN [1] = <EAY131-9055248> - Retired Person Name form,1
highdicom / eay131_tumor_annotations,dciodvfy,224e207d65f9,Warning,Warning - Value dubious for this VR - (TAG) PN Patient's Name PN [1] = <EAY131-7880705> - Retired Person Name form,1
highdicom / eay131_tumor_annotations,dciodvfy,22fb0a8cb575,Warning,Warning - Value dubious for this VR - (TAG) PN Patient's Name PN [1] = <EAY131-4781720> - Retired Person Name form,1
highdicom / eay131_tumor_annotations,dciodvfy,23d4d712e6e9,Warning,Warning - Value dubious for this VR - (TAG) PN Patient's Name PN [1] = <EAY131-8588392> - Retired Person Name form,1
highdicom / eay131_tumor_annotations,dciodvfy,26b8c4f81d0d,Warning,Warning - Value dubious for this VR - (TAG) PN Patient's Name PN [1] = <EAY131-3772424> - Retired Person Name form,1
highdicom / eay131_tumor_annotations,dciodvfy,26e8476ba170,Warning,Warning - Value dubious for this VR - (TAG) PN Patient's Name PN [1] = <EAY131-9259502> - Retired Person Name form,1
highdicom / eay131_tumor_annotations,dciodvfy,2a980987a1c8,Warning,Warning - Value dubious for this VR - (TAG) PN Patient's Name PN [1] = <EAY131-6831593> - Retired Person Name form,1
highdicom / eay131_tumor_annotations,dciodvfy,2b74acf7b972,Warning,Warning - Value dubious for this VR - (TAG) PN Patient's Name PN [1] = <EAY131-6331226> - Retired Person Name form,1
highdicom / eay131_tumor_annotations,dciodvfy,2bdf59e1a8d9,Warning,Warning - Value dubious for this VR - (TAG) PN Patient's Name PN [1] = <EAY131-816508> - Retired Person Name form,1
highdicom / eay131_tumor_annotations,dciodvfy,2ffc6f84e008,Warning,Warning - Value dubious for this VR - (TAG) PN Patient's Name PN [1] = <EAY131-6599993> - Retired Person Name form,1
highdicom / eay131_tumor_annotations,dciodvfy,322f1dba63f0,Warning,Warning - Value dubious for this VR - (TAG) PN Patient's Name PN [1] = <EAY131-1278975> - Retired Person Name form,1
highdicom / eay131_tumor_annotations,dciodvfy,3286af101479,Warning,Warning - Value dubious for this VR - (TAG) PN Patient's Name PN [1] = <EAY131-6478125> - Retired Person Name form,1
highdicom / eay131_tumor_annotations,dciodvfy,351ac55bc686,Warning,Warning - Value dubious for this VR - (TAG) PN Patient's Name PN [1] = <EAY131-5518196> - Retired Person Name form,1
highdicom / eay131_tumor_annotations,dciodvfy,36d14e70601f,Warning,Warning - Value dubious for this VR - (TAG) PN Patient's Name PN [1] = <EAY131-1002116> - Retired Person Name form,1
highdicom / eay131_tumor_annotations,dciodvfy,37459051e575,Warning,Warning - Value dubious for this VR - (TAG) PN Patient's Name PN [1] = <EAY131-5005772> - Retired Person Name form,1
highdicom / eay131_tumor_annotations,dciodvfy,3797226784c3,Warning,Warning - Value dubious for this VR - (TAG) PN Patient's Name PN [1] = <EAY131-6284497> - Retired Person Name form,1
highdicom / eay131_tumor_annotations,dciodvfy,3b04b732297b,Warning,Warning - Value dubious for this VR - (TAG) PN Patient's Name PN [1] = <EAY131-532247> - Retired Person Name form,1
highdicom / eay131_tumor_annotations,dciodvfy,3d475135ce73,Warning,Warning - Value dubious for this VR - (TAG) PN Patient's Name PN [1] = <EAY131-8589034> - Retired Person Name form,1
highdicom / eay131_tumor_annotations,dciodvfy,425a4f282c4c,Warning,Warning - Value dubious for this VR - (TAG) PN Patient's Name PN [1] = <EAY131-7536304> - Retired Person Name form,1
highdicom / eay131_tumor_annotations,dciodvfy,42e331d22221,Warning,Warning - Value dubious for this VR - (TAG) PN Patient's Name PN [1] = <EAY131-8723907> - Retired Person Name form,1
highdicom / eay131_tumor_annotations,dciodvfy,445205ea018e,Warning,Warning - Value dubious for this VR - (TAG) PN Patient's Name PN [1] = <EAY131-2888358> - Retired Person Name form,1
highdicom / eay131_tumor_annotations,dciodvfy,449b0cf83c36,Warning,Warning - Value dubious for this VR - (TAG) PN Patient's Name PN [1] = <EAY131-2247136> - Retired Person Name form,1
highdicom / eay131_tumor_annotations,dciodvfy,44a035433ef0,Warning,Warning - Value dubious for this VR - (TAG) PN Patient's Name PN [1] = <EAY131-3083734> - Retired Person Name form,1
highdicom / eay131_tumor_annotations,dciodvfy,44d174a47f56,Warning,Warning - Value dubious for this VR - (TAG) PN Patient's Name PN [1] = <EAY131-7214776> - Retired Person Name form,1
highdicom / eay131_tumor_annotations,dciodvfy,466bc3a38986,Warning,Warning - Value dubious for this VR - (TAG) PN Patient's Name PN [1] = <EAY131-3317197> - Retired Person Name form,1
highdicom / eay131_tumor_annotations,dciodvfy,47c66aade82f,Warning,Warning - Value dubious for this VR - (TAG) PN Patient's Name PN [1] = <EAY131-4748324> - Retired Person Name form,1
highdicom / eay131_tumor_annotations,dciodvfy,4a973d20bdbb,Warning,Warning - Unrecognized defined term <LOWERLIMB> for value 1 of attribute <Body Part Examined>,1
highdicom / eay131_tumor_annotations,dciodvfy,4d0d125cbb03,Warning,Warning - Value dubious for this VR - (TAG) PN Patient's Name PN [1] = <EAY131-5739657> - Retired Person Name form,1
highdicom / eay131_tumor_annotations,dciodvfy,4d29b48e62f2,Warning,Warning - Value dubious for this VR - (TAG) PN Patient's Name PN [1] = <EAY131-399350> - Retired Person Name form,1
highdicom / eay131_tumor_annotations,dciodvfy,4d4645ad22b9,Warning,Warning - Value dubious for this VR - (TAG) PN Patient's Name PN [1] = <EAY131-4735723> - Retired Person Name form,1
highdicom / eay131_tumor_annotations,dciodvfy,4ebdf466aced,Warning,Warning - Value dubious for this VR - (TAG) PN Patient's Name PN [1] = <EAY131-7617225> - Retired Person Name form,1
highdicom / eay131_tumor_annotations,dciodvfy,4ec3316f2dbb,Warning,Warning - Value dubious for this VR - (TAG) PN Patient's Name PN [1] = <EAY131-1282534> - Retired Person Name form,1
highdicom / eay131_tumor_annotations,dciodvfy,4ef4cbc8004b,Warning,Warning - Value dubious for this VR - (TAG) PN Patient's Name PN [1] = <EAY131-396916> - Retired Person Name form,1
highdicom / eay131_tumor_annotations,dciodvfy,4f5769f66750,Warning,Warning - Value dubious for this VR - (TAG) PN Patient's Name PN [1] = <EAY131-2717931> - Retired Person Name form,1
highdicom / eay131_tumor_annotations,dciodvfy,500fc08c478a,Warning,Warning - Value dubious for this VR - (TAG) PN Patient's Name PN [1] = <EAY131-9867279> - Retired Person Name form,1
highdicom / eay131_tumor_annotations,dciodvfy,51ef78b24eb8,Warning,Warning - Value dubious for this VR - (TAG) PN Patient's Name PN [1] = <EAY131-4783940> - Retired Person Name form,1
highdicom / eay131_tumor_annotations,dciodvfy,53abf0b34a9b,Warning,Warning - Value dubious for this VR - (TAG) PN Patient's Name PN [1] = <EAY131-3403647> - Retired Person Name form,1
highdicom / eay131_tumor_annotations,dciodvfy,5407a662c6c4,Warning,Warning - Value dubious for this VR - (TAG) PN Patient's Name PN [1] = <EAY131-653843> - Retired Person Name form,1
highdicom / eay131_tumor_annotations,dciodvfy,54b09af4823c,Warning,Warning - Value dubious for this VR - (TAG) PN Patient's Name PN [1] = <EAY131-2906989> - Retired Person Name form,1
highdicom / eay131_tumor_annotations,dciodvfy,55da243c8c81,Warning,Warning - Value dubious for this VR - (TAG) PN Patient's Name PN [1] = <EAY131-6051797> - Retired Person Name form,1
highdicom / eay131_tumor_annotations,dciodvfy,56d65784d31e,Warning,Warning - Value dubious for this VR - (TAG) PN Patient's Name PN [1] = <EAY131-6708357> - Retired Person Name form,1
highdicom / eay131_tumor_annotations,dciodvfy,578a4b294a64,Warning,Warning - Value dubious for this VR - (TAG) PN Patient's Name PN [1] = <EAY131-8179382> - Retired Person Name form,1
highdicom / eay131_tumor_annotations,dciodvfy,58046d57425f,Warning,Warning - Value dubious for this VR - (TAG) PN Patient's Name PN [1] = <EAY131-9944587> - Retired Person Name form,1
highdicom / eay131_tumor_annotations,dciodvfy,5855a74dffa3,Warning,Warning - Value dubious for this VR - (TAG) PN Patient's Name PN [1] = <EAY131-7967561> - Retired Person Name form,1
highdicom / eay131_tumor_annotations,dciodvfy,59fa49469cad,Warning,Warning - Value dubious for this VR - (TAG) PN Patient's Name PN [1] = <EAY131-8008946> - Retired Person Name form,1
highdicom / eay131_tumor_annotations,dciodvfy,5b47e5244157,Warning,Warning - Value dubious for this VR - (TAG) PN Patient's Name PN [1] = <EAY131-328484> - Retired Person Name form,1
highdicom / eay131_tumor_annotations,dciodvfy,5eaa73ac2ea4,Warning,Warning - Value dubious for this VR - (TAG) PN Patient's Name PN [1] = <EAY131-4868368> - Retired Person Name form,1
highdicom / eay131_tumor_annotations,dciodvfy,5f4703365b48,Warning,Warning - Value dubious for this VR - (TAG) PN Patient's Name PN [1] = <EAY131-8249295> - Retired Person Name form,1
highdicom / eay131_tumor_annotations,dciodvfy,6111ac17a29c,Warning,Warning - Value dubious for this VR - (TAG) PN Patient's Name PN [1] = <EAY131-7500416> - Retired Person Name form,1
highdicom / eay131_tumor_annotations,dciodvfy,6231de7762ff,Warning,Warning - Value dubious for this VR - (TAG) PN Patient's Name PN [1] = <EAY131-9164385> - Retired Person Name form,1
highdicom / eay131_tumor_annotations,dciodvfy,6360dd3cff13,Warning,Warning - Value dubious for this VR - (TAG) PN Patient's Name PN [1] = <EAY131-2041429> - Retired Person Name form,1
highdicom / eay131_tumor_annotations,dciodvfy,64f485f0d1ae,Warning,Warning - Value dubious for this VR - (TAG) PN Patient's Name PN [1] = <EAY131-6380862> - Retired Person Name form,1
highdicom / eay131_tumor_annotations,dciodvfy,66459bb1f437,Warning,Warning - Value dubious for this VR - (TAG) PN Patient's Name PN [1] = <EAY131-2109735> - Retired Person Name form,1
highdicom / eay131_tumor_annotations,dciodvfy,6c3e04810bc3,Warning,Warning - Value dubious for this VR - (TAG) PN Patient's Name PN [1] = <EAY131-7518554> - Retired Person Name form,1
highdicom / eay131_tumor_annotations,dciodvfy,6fd880f0c5ef,Warning,Warning - Value dubious for this VR - (TAG) PN Patient's Name PN [1] = <EAY131-1773916> - Retired Person Name form,1
highdicom / eay131_tumor_annotations,dciodvfy,705aebc1643d,Warning,Warning - Value dubious for this VR - (TAG) PN Patient's Name PN [1] = <EAY131-1481977> - Retired Person Name form,1
highdicom / eay131_tumor_annotations,dciodvfy,73b6e1ec823d,Warning,Warning - Value dubious for this VR - (TAG) PN Patient's Name PN [1] = <EAY131-1217226> - Retired Person Name form,1
highdicom / eay131_tumor_annotations,dciodvfy,7435829c31ca,Warning,Warning - Value dubious for this VR - (TAG) PN Patient's Name PN [1] = <EAY131-6882450> - Retired Person Name form,1
highdicom / eay131_tumor_annotations,dciodvfy,75d8bbcfd95c,Warning,Warning - Value dubious for this VR - (TAG) PN Patient's Name PN [1] = <EAY131-7258902> - Retired Person Name form,1
highdicom / eay131_tumor_annotations,dciodvfy,778bc0e7a73c,Warning,Warning - Value dubious for this VR - (TAG) PN Patient's Name PN [1] = <EAY131-7167386> - Retired Person Name form,1
highdicom / eay131_tumor_annotations,dciodvfy,77c5e53624d6,Warning,Warning - Value dubious for this VR - (TAG) PN Patient's Name PN [1] = <EAY131-2278795> - Retired Person Name form,1
highdicom / eay131_tumor_annotations,dciodvfy,7878b9b2702b,Warning,Warning - Value dubious for this VR - (TAG) PN Patient's Name PN [1] = <EAY131-5193045> - Retired Person Name form,1
highdicom / eay131_tumor_annotations,dciodvfy,7c34e8921bcc,Warning,Warning - Value dubious for this VR - (TAG) PN Patient's Name PN [1] = <EAY131-8438647> - Retired Person Name form,1
highdicom / eay131_tumor_annotations,dciodvfy,7c76fb8f9879,Warning,Warning - Value dubious for this VR - (TAG) PN Patient's Name PN [1] = <EAY131-699188> - Retired Person Name form,1
highdicom / eay131_tumor_annotations,dciodvfy,7d5a6daf10d9,Warning,Warning - Value dubious for this VR - (TAG) PN Patient's Name PN [1] = <EAY131-1097567> - Retired Person Name form,1
highdicom / eay131_tumor_annotations,dciodvfy,805468ad0da8,Warning,Warning - Value dubious for this VR - (TAG) PN Patient's Name PN [1] = <EAY131-2481657> - Retired Person Name form,1
highdicom / eay131_tumor_annotations,dciodvfy,80c7cbefcb2a,Warning,Warning - Value dubious for this VR - (TAG) PN Patient's Name PN [1] = <EAY131-9015134> - Retired Person Name form,1
highdicom / eay131_tumor_annotations,dciodvfy,812d62e1db14,Warning,Warning - Value dubious for this VR - (TAG) PN Patient's Name PN [1] = <EAY131-1327875> - Retired Person Name form,1
highdicom / eay131_tumor_annotations,dciodvfy,84c1e5a216ce,Warning,Warning - Value dubious for this VR - (TAG) PN Patient's Name PN [1] = <EAY131-747292> - Retired Person Name form,1
highdicom / eay131_tumor_annotations,dciodvfy,856b7fea5c77,Warning,Warning - Value dubious for this VR - (TAG) PN Patient's Name PN [1] = <EAY131-468542> - Retired Person Name form,1
highdicom / eay131_tumor_annotations,dciodvfy,87b297b43485,Warning,Warning - Value dubious for this VR - (TAG) PN Patient's Name PN [1] = <EAY131-7091239> - Retired Person Name form,1
highdicom / eay131_tumor_annotations,dciodvfy,889d84b6c7bb,Warning,Warning - Value dubious for this VR - (TAG) PN Patient's Name PN [1] = <EAY131-4471661> - Retired Person Name form,1
highdicom / eay131_tumor_annotations,dciodvfy,88fc27bfb833,Warning,Warning - Value dubious for this VR - (TAG) PN Patient's Name PN [1] = <EAY131-712135> - Retired Person Name form,1
highdicom / eay131_tumor_annotations,dciodvfy,8b755f65ca0f,Warning,Warning - Value dubious for this VR - (TAG) PN Patient's Name PN [1] = <EAY131-4938206> - Retired Person Name form,1
highdicom / eay131_tumor_annotations,dciodvfy,8c04dca31438,Warning,Warning - Value dubious for this VR - (TAG) PN Patient's Name PN [1] = <EAY131-6295097> - Retired Person Name form,1
highdicom / eay131_tumor_annotations,dciodvfy,8d4cecb4a512,Warning,Warning - Value dubious for this VR - (TAG) PN Patient's Name PN [1] = <EAY131-1343122> - Retired Person Name form,1
highdicom / eay131_tumor_annotations,dciodvfy,8dbe2cde6a7b,Warning,Warning - Value dubious for this VR - (TAG) PN Patient's Name PN [1] = <EAY131-1516502> - Retired Person Name form,1
highdicom / eay131_tumor_annotations,dciodvfy,958c54b13232,Warning,Warning - Value dubious for this VR - (TAG) PN Patient's Name PN [1] = <EAY131-9292533> - Retired Person Name form,1
highdicom / eay131_tumor_annotations,dciodvfy,968e82d20b3a,Warning,Warning - Value dubious for this VR - (TAG) PN Patient's Name PN [1] = <EAY131-584649> - Retired Person Name form,1
highdicom / eay131_tumor_annotations,dciodvfy,97cac3867b4f,Warning,Warning - Value dubious for this VR - (TAG) PN Patient's Name PN [1] = <EAY131-4471080> - Retired Person Name form,1
highdicom / eay131_tumor_annotations,dciodvfy,97ff37008d59,Warning,Warning - Value dubious for this VR - (TAG) PN Patient's Name PN [1] = <EAY131-7211278> - Retired Person Name form,1
highdicom / eay131_tumor_annotations,dciodvfy,99274d51b2df,Warning,Warning - Value dubious for this VR - (TAG) PN Patient's Name PN [1] = <EAY131-4119964> - Retired Person Name form,1
highdicom / eay131_tumor_annotations,dciodvfy,99b67922b14f,Warning,Warning - Value dubious for this VR - (TAG) PN Patient's Name PN [1] = <EAY131-1213837> - Retired Person Name form,1
highdicom / eay131_tumor_annotations,dciodvfy,9b5d2a2b39b7,Warning,Warning - Value dubious for this VR - (TAG) PN Patient's Name PN [1] = <EAY131-5661327> - Retired Person Name form,1
highdicom / eay131_tumor_annotations,dciodvfy,9db85e694e91,Warning,Warning - Value dubious for this VR - (TAG) PN Patient's Name PN [1] = <EAY131-9975210> - Retired Person Name form,1
highdicom / eay131_tumor_annotations,dciodvfy,9f586dd4de10,Warning,Warning - Value dubious for this VR - (TAG) PN Patient's Name PN [1] = <EAY131-8124242> - Retired Person Name form,1
highdicom / eay131_tumor_annotations,dciodvfy,a19307cdeac6,Warning,Warning - Value dubious for this VR - (TAG) PN Patient's Name PN [1] = <EAY131-1927184> - Retired Person Name form,1
highdicom / eay131_tumor_annotations,dciodvfy,a2c0f3a0f3a5,Warning,Warning - Value dubious for this VR - (TAG) PN Patient's Name PN [1] = <EAY131-7499348> - Retired Person Name form,1
highdicom / eay131_tumor_annotations,dciodvfy,a35e6ddfbad4,Warning,Warning - Value dubious for this VR - (TAG) PN Patient's Name PN [1] = <EAY131-5650460> - Retired Person Name form,1
highdicom / eay131_tumor_annotations,dciodvfy,a37f3cb362fe,Warning,Warning - Value dubious for this VR - (TAG) PN Patient's Name PN [1] = <EAY131-4292549> - Retired Person Name form,1
highdicom / eay131_tumor_annotations,dciodvfy,a57761b71f11,Warning,Warning - Value dubious for this VR - (TAG) PN Patient's Name PN [1] = <EAY131-8054991> - Retired Person Name form,1
highdicom / eay131_tumor_annotations,dciodvfy,a5b69b6f82b5,Warning,Warning - Value dubious for this VR - (TAG) PN Patient's Name PN [1] = <EAY131-8177264> - Retired Person Name form,1
highdicom / eay131_tumor_annotations,dciodvfy,ae33bf342ee4,Warning,Warning - Value dubious for this VR - (TAG) PN Patient's Name PN [1] = <EAY131-1098754> - Retired Person Name form,1
highdicom / eay131_tumor_annotations,dciodvfy,af5fee44709d,Warning,Warning - Value dubious for this VR - (TAG) PN Patient's Name PN [1] = <EAY131-932024> - Retired Person Name form,1
highdicom / eay131_tumor_annotations,dciodvfy,b370fd1d1f94,Warning,Warning - Value dubious for this VR - (TAG) PN Patient's Name PN [1] = <EAY131-795714> - Retired Person Name form,1
highdicom / eay131_tumor_annotations,dciodvfy,b41275c6861f,Warning,Warning - Value dubious for this VR - (TAG) PN Patient's Name PN [1] = <EAY131-9659014> - Retired Person Name form,1
highdicom / eay131_tumor_annotations,dciodvfy,b4c61090de5e,Warning,Warning - Value dubious for this VR - (TAG) PN Patient's Name PN [1] = <EAY131-1059334> - Retired Person Name form,1
highdicom / eay131_tumor_annotations,dciodvfy,b69b52194ad9,Warning,Warning - Value dubious for this VR - (TAG) PN Patient's Name PN [1] = <EAY131-8409344> - Retired Person Name form,1
highdicom / eay131_tumor_annotations,dciodvfy,b849d4106311,Warning,Warning - Value dubious for this VR - (TAG) PN Patient's Name PN [1] = <EAY131-1020274> - Retired Person Name form,1
highdicom / eay131_tumor_annotations,dciodvfy,b9d20c460c9a,Warning,Warning - Value dubious for this VR - (TAG) PN Patient's Name PN [1] = <EAY131-2092248> - Retired Person Name form,1
highdicom / eay131_tumor_annotations,dciodvfy,ba0302b1b3ea,Warning,Warning - Value dubious for this VR - (TAG) PN Patient's Name PN [1] = <EAY131-3081578> - Retired Person Name form,1
highdicom / eay131_tumor_annotations,dciodvfy,bbea7258dc3e,Warning,Warning - Value dubious for this VR - (TAG) PN Patient's Name PN [1] = <EAY131-2154325> - Retired Person Name form,1
highdicom / eay131_tumor_annotations,dciodvfy,bc8a668af77d,Warning,Warning - Value dubious for this VR - (TAG) PN Patient's Name PN [1] = <EAY131-7312743> - Retired Person Name form,1
highdicom / eay131_tumor_annotations,dciodvfy,be0070c8da14,Warning,Warning - Value dubious for this VR - (TAG) PN Patient's Name PN [1] = <EAY131-7215185> - Retired Person Name form,1
highdicom / eay131_tumor_annotations,dciodvfy,be1b55a3a3b0,Warning,Warning - Value dubious for this VR - (TAG) PN Patient's Name PN [1] = <EAY131-1710661> - Retired Person Name form,1
highdicom / eay131_tumor_annotations,dciodvfy,be6c12d84231,Warning,Warning - Value dubious for this VR - (TAG) PN Patient's Name PN [1] = <EAY131-8705896> - Retired Person Name form,1
highdicom / eay131_tumor_annotations,dciodvfy,c446f75b9aaf,Warning,Warning - Value dubious for this VR - (TAG) PN Patient's Name PN [1] = <EAY131-8050210> - Retired Person Name form,1
highdicom / eay131_tumor_annotations,dciodvfy,c981971b6778,Warning,Warning - Value dubious for this VR - (TAG) PN Patient's Name PN [1] = <EAY131-589308> - Retired Person Name form,1
highdicom / eay131_tumor_annotations,dciodvfy,ca3435ce9442,Warning,Warning - Value dubious for this VR - (TAG) PN Patient's Name PN [1] = <EAY131-4318658> - Retired Person Name form,1
highdicom / eay131_tumor_annotations,dciodvfy,caeedaaac0c8,Warning,Warning - Value dubious for this VR - (TAG) PN Patient's Name PN [1] = <EAY131-5251375> - Retired Person Name form,1
highdicom / eay131_tumor_annotations,dciodvfy,cba09af97607,Warning,Warning - Value dubious for this VR - (TAG) PN Patient's Name PN [1] = <EAY131-284867> - Retired Person Name form,1
highdicom / eay131_tumor_annotations,dciodvfy,ce02193a0177,Warning,Warning - Value dubious for this VR - (TAG) PN Patient's Name PN [1] = <EAY131-9435267> - Retired Person Name form,1
highdicom / eay131_tumor_annotations,dciodvfy,d1e6fd1a273b,Warning,Warning - Value dubious for this VR - (TAG) PN Patient's Name PN [1] = <EAY131-5606345> - Retired Person Name form,1
highdicom / eay131_tumor_annotations,dciodvfy,d216abe59da6,Warning,Warning - Value dubious for this VR - (TAG) PN Patient's Name PN [1] = <EAY131-5869207> - Retired Person Name form,1
highdicom / eay131_tumor_annotations,dciodvfy,d2d21fee89db,Warning,Warning - Value dubious for this VR - (TAG) PN Patient's Name PN [1] = <EAY131-958039> - Retired Person Name form,1
highdicom / eay131_tumor_annotations,dciodvfy,d324bbaef034,Warning,Warning - Value dubious for this VR - (TAG) PN Patient's Name PN [1] = <EAY131-2057162> - Retired Person Name form,1
highdicom / eay131_tumor_annotations,dciodvfy,da3d92b29690,Warning,Warning - Value dubious for this VR - (TAG) PN Patient's Name PN [1] = <EAY131-4534366> - Retired Person Name form,1
highdicom / eay131_tumor_annotations,dciodvfy,db3eed821137,Warning,Warning - Value dubious for this VR - (TAG) PN Patient's Name PN [1] = <EAY131-1874603> - Retired Person Name form,1
highdicom / eay131_tumor_annotations,dciodvfy,dbf14c69556a,Warning,Warning - Value dubious for this VR - (TAG) PN Patient's Name PN [1] = <EAY131-5421597> - Retired Person Name form,1
highdicom / eay131_tumor_annotations,dciodvfy,dca5128265f4,Warning,Warning - Value dubious for this VR - (TAG) PN Patient's Name PN [1] = <EAY131-5123729> - Retired Person Name form,1
highdicom / eay131_tumor_annotations,dciodvfy,dd2449c691a6,Warning,Warning - Value dubious for this VR - (TAG) PN Patient's Name PN [1] = <EAY131-742779> - Retired Person Name form,1
highdicom / eay131_tumor_annotations,dciodvfy,ddfd65ba1f3b,Warning,Warning - Value dubious for this VR - (TAG) PN Patient's Name PN [1] = <EAY131-5194885> - Retired Person Name form,1
highdicom / eay131_tumor_annotations,dciodvfy,df933f8e7746,Warning,Warning - Value dubious for this VR - (TAG) PN Patient's Name PN [1] = <EAY131-334779> - Retired Person Name form,1
highdicom / eay131_tumor_annotations,dciodvfy,e108317bb4a6,Warning,Warning - Value dubious for this VR - (TAG) PN Patient's Name PN [1] = <EAY131-9821177> - Retired Person Name form,1
highdicom / eay131_tumor_annotations,dciodvfy,e33d89586a20,Warning,Warning - Value dubious for this VR - (TAG) PN Patient's Name PN [1] = <EAY131-2354751> - Retired Person Name form,1
highdicom / eay131_tumor_annotations,dciodvfy,e47c4a19c457,Warning,Warning - Value dubious for this VR - (TAG) PN Patient's Name PN [1] = <EAY131-5426112> - Retired Person Name form,1
highdicom / eay131_tumor_annotations,dciodvfy,e5ad9b64369e,Warning,Warning - Value dubious for this VR - (TAG) PN Patient's Name PN [1] = <EAY131-3156204> - Retired Person Name form,1
highdicom / eay131_tumor_annotations,dciodvfy,e5c507025ebb,Warning,Warning - Value dubious for this VR - (TAG) PN Patient's Name PN [1] = <EAY131-3232377> - Retired Person Name form,1
highdicom / eay131_tumor_annotations,dciodvfy,e6dfbf42a442,Warning,Warning - Value dubious for this VR - (TAG) PN Patient's Name PN [1] = <EAY131-2121172> - Retired Person Name form,1
highdicom / eay131_tumor_annotations,dciodvfy,eab7fd0cf09e,Warning,Warning - Value dubious for this VR - (TAG) PN Patient's Name PN [1] = <EAY131-9658020> - Retired Person Name form,1
highdicom / eay131_tumor_annotations,dciodvfy,ec82cce5f7df,Warning,Warning - Value dubious for this VR - (TAG) PN Patient's Name PN [1] = <EAY131-7059973> - Retired Person Name form,1
highdicom / eay131_tumor_annotations,dciodvfy,f02e7174dfbc,Warning,Warning - Value dubious for this VR - (TAG) PN Patient's Name PN [1] = <EAY131-3941780> - Retired Person Name form,1
highdicom / eay131_tumor_annotations,dciodvfy,f1cee9c5aeb5,Warning,Warning - Value dubious for this VR - (TAG) PN Patient's Name PN [1] = <EAY131-4066475> - Retired Person Name form,1
highdicom / eay131_tumor_annotations,dciodvfy,f266517eface,Warning,Warning - Value dubious for this VR - (TAG) PN Patient's Name PN [1] = <EAY131-9700069> - Retired Person Name form,1
highdicom / eay131_tumor_annotations,dciodvfy,f754d881c496,Warning,Warning - Value dubious for this VR - (TAG) PN Patient's Name PN [1] = <EAY131-9852369> - Retired Person Name form,1
highdicom / eay131_tumor_annotations,dciodvfy,fa11bdf1e1c4,Warning,Warning - Value dubious for this VR - (TAG) PN Patient's Name PN [1] = <EAY131-8914519> - Retired Person Name form,1
highdicom / eay131_tumor_annotations,dciodvfy,fc322ba3b451,Warning,Warning - Value dubious for this VR - (TAG) PN Patient's Name PN [1] = <EAY131-4001197> - Retired Person Name form,1
highdicom / eay131_tumor_annotations,dciodvfy,fdda10130c57,Warning,Warning - Value dubious for this VR - (TAG) PN Patient's Name PN [1] = <EAY131-2852625> - Retired Person Name form,1
highdicom / eay131_tumor_annotations,dciodvfy,fde013b8e45e,Warning,Warning - Value dubious for this VR - (TAG) PN Patient's Name PN [1] = <EAY131-6839467> - Retired Person Name form,1
not identifiable from index / (null),dciodvfy,76ab0c6981d2,Warning,Warning - CodingSchemeDesignator is deprecated - attribute <CodingSchemeDesignator> = <SRT>,384
not identifiable from index / (null),dicom-validator,380880930b44,ERROR,Module <Multi-frame Functional Groups> (TAG) (Per-Frame Functional Groups Sequence) Tag (TAG) (Plane Position Sequence) is unexpected,384
not identifiable from index / (null),dicom-validator,6f01abd4f319,ERROR,Module <Multi-frame Functional Groups> (TAG) (Shared Functional Groups Sequence) Tag (TAG) (Plane Orientation Sequence) is unexpected,384
not identifiable from index / (null),dicom-validator,d0eabe730084,ERROR,Module <Multi-frame Functional Groups> (TAG) (Per-Frame Functional Groups Sequence) Tag (TAG) (Frame Content Sequence) is unexpected,384
not identifiable from index / (null),dicom-validator,d81147d20e87,ERROR,Module <Multi-frame Functional Groups> (TAG) (Shared Functional Groups Sequence) Tag (TAG) (Pixel Measures Sequence) is unexpected,384
not identifiable from index / (null),dicom-validator,972394b5bb82,ERROR,Module <Multi-frame Functional Groups> (TAG) (Per-Frame Functional Groups Sequence) Tag (TAG) (Segment Identification Sequence) is unexpected,355
not identifiable from index / (null),dciodvfy,635802cb8573,Warning,Warning - Unrecognized defined term <MRSC> for value 1 of attribute <Coding Scheme Designator>,343
not identifiable from index / (null),dciodvfy,338512419580,Error,Error - Attribute present when condition unsatisfied (which may not be present otherwise) Type 2C Conditional Element=<Laterality> Module=<GeneralSeries>,302
not identifiable from index / (null),dciodvfy,702e93617425,Error,Error - Missing attribute Type 1 Required Element=<DeviceSerialNumber> Module=<EnhancedGeneralEquipment>,238
not identifiable from index / (null),dicom-validator,6a2af7ccf9a8,ERROR,Module <Enhanced General Equipment> Tag (TAG) (Device Serial Number) is missing,238
not identifiable from index / (null),dciodvfy,5f2ebd7be984,Error,Error - Missing attribute Type 2 Required Element=<ClinicalTrialSiteName> Module=<ClinicalTrialSubject>,100
not identifiable from index / (null),dicom-validator,7ece92bac474,ERROR,Module <Clinical Trial Subject> Tag (TAG) (Clinical Trial Site Name) is missing,100
not identifiable from index / (null),dicom-validator,064469e7f890,ERROR,Module <General Equipment> Tag (TAG) (Pixel Padding Value) is not allowed by condition: Pixel Padding Range Limit exists and Pixel Data exists or Pixel Data Provider URL exists,93
not identifiable from index / (null),dciodvfy,113635600c0a,Error,Error - Missing attribute Type 1C Conditional Element=<DeidentificationMethodCodeSequence> Module=<Patient>,57
not identifiable from index / (null),dciodvfy,a9d5bb8768bb,Error,Error - Missing attribute Type 1C Conditional Element=<DeidentificationMethod> Module=<Patient>,57
not identifiable from index / (null),dicom-validator,4236b7da7d99,ERROR,Module <Patient> Tag (TAG) (De-identification Method) is missing,57
not identifiable from index / (null),dicom-validator,e897560f8e1b,ERROR,Module <Patient> Tag (TAG) (De-identification Method Code Sequence) is missing,57
not identifiable from index / (null),dicom-validator,f6bdf6ba947e,ERROR,Module <Multi-frame Functional Groups> (TAG) (Shared Functional Groups Sequence) Tag (TAG) (Segment Identification Sequence) is unexpected,29
not identifiable from index / (null),dciodvfy,0dac2447ad14,Error,Error - Empty attribute (no value) Type 1 Required Element=<DimensionOrganizationSequence> Module=<MultiFrameDimension>,25
not identifiable from index / (null),dciodvfy,14603f34e31e,Warning,Warning - Value dubious for this VR - (TAG) PN Patient's Name PN [1] = <QIBA_CT_1C> - Retired Person Name form,25
not identifiable from index / (null),dciodvfy,6b19fea96279,Error,Error - Unrecognized enumerated value <SEMIAUTOMATED> for value 1 of attribute <Segment Algorithm Type>,25
not identifiable from index / (null),dciodvfy,c12050116490,Error,Error - Empty attribute (no value) Type 1C Conditional Element=<DimensionIndexSequence> Module=<MultiFrameDimension>,25
not identifiable from index / (null),dciodvfy,f3db9465250c,Error,Error - Missing attribute Type 1C Conditional Element=<DimensionIndexValues> Module=<FrameContentMacro>,25
not identifiable from index / (null),dicom-validator,4640db6e272a,ERROR,Module <Multi-frame Dimension> Tag (TAG) (Dimension Index Sequence) is empty,25
not identifiable from index / (null),dicom-validator,597334691544,ERROR,Module <Multi-frame Dimension> Tag (TAG) (Dimension Organization Sequence) is empty,25
not identifiable from index / (null),dicom-validator,e5a7a9721b5f,ERROR,"Module <Segmentation Image> (TAG) (Segment Sequence) Tag (TAG) (Segment Algorithm Type) - enum value 'SEMIAUTOMATED' not allowed, allowed values: AUTOMATIC, SEMIAUTOMATIC, MANUAL",25
not identifiable from index / (null),dciodvfy,9e243289e34f,Warning,Warning - Unrecognized defined term <LOCAL> for value 1 of attribute <Coding Scheme Designator>,23
not identifiable from index / (null),dciodvfy,815f5dab3ba7,Warning,Warning - Missing attribute or value that would be needed to build DICOMDIR - Study ID,16
not identifiable from index / (null),dicom-validator,f782376ec325,ERROR,Module <Multi-frame Functional Groups> (TAG) (Per-Frame Functional Groups Sequence) Tag (TAG) (Derivation Image Sequence) is unexpected,16
not identifiable from index / (null),dicom-validator,041ad0826016,ERROR,Module <General> Tag (TAG) (Ethnic Group) is unexpected,14
not identifiable from index / (null),dciodvfy,49f931e94be4,Warning,Warning - Unrecognized defined term <SURGERY> for value 1 of attribute <Longitudinal Temporal Event Type>,12
not identifiable from index / (null),dciodvfy,d5148f228115,Warning,Warning - Unrecognized defined term <L> for value 1 of attribute <Coding Scheme Designator>,10
not identifiable from index / (null),dciodvfy,8ff7c850db6b,Warning,Warning - Value dubious for this VR - (TAG) PN Content Creator's Name PN [1] = <QIBA CT 1C Reader 3> - Retired Person Name form,9
not identifiable from index / (null),dciodvfy,c3b594f8706b,Error,Error - Empty attribute (no value) Type 1 Required Element=<DeviceSerialNumber> Module=<EnhancedGeneralEquipment>,9
not identifiable from index / (null),dicom-validator,809191a1e767,ERROR,Module <Enhanced General Equipment> Tag (TAG) (Device Serial Number) is empty,9
not identifiable from index / (null),dciodvfy,0786a34e0c26,Warning,Warning - Value is zero for value 1 of attribute <Patient's Weight>,8
not identifiable from index / (null),dciodvfy,0507257941dd,Warning,Warning - Value is zero for value 1 of attribute <Patient's Size>,5
not identifiable from index / (null),dciodvfy,420918913223,Error,Error - Missing attribute Type 1C Conditional Element=<CodingSchemeDesignator> Module=<BasicCodeSequenceMacro>,4
not identifiable from index / (null),dciodvfy,7b5c66c32014,Warning,Warning - Value dubious for this VR - (TAG) PN Content Creator's Name PN [1] = <QIBA CT 1C Reader 5> - Retired Person Name form,4
not identifiable from index / (null),dciodvfy,89d750060e7d,Warning,Warning - Value dubious for this VR - (TAG) PN Content Creator's Name PN [1] = <QIBA CT 1C Reader 4> - Retired Person Name form,4
not identifiable from index / (null),dciodvfy,c612f1fe4d74,Warning,Warning - Value dubious for this VR - (TAG) PN Content Creator's Name PN [1] = <QIBA CT 1C Reader 2> - Retired Person Name form,4
not identifiable from index / (null),dicom-validator,14b6342ba548,ERROR,Module <General Study> (TAG) (Procedure Code Sequence) Tag (TAG) (Coding Scheme Designator) is missing,4
not identifiable from index / (null),dciodvfy,57f59b450407,Warning,Warning - Unrecognized defined term <RP> for value 1 of attribute <Coding Scheme Designator>,3
not identifiable from index / (null),dciodvfy,1e5af1bdbedd,Warning,Warning - Dicom dataset contains attributes not present in standard DICOM IOD - this is a Standard Extended SOP Class,2
not identifiable from index / (null),dciodvfy,437d182817e2,Warning,Warning - Value dubious for this VR - (TAG) PN Content Creator's Name PN [1] = <QIBA CT 1C Reader 6> - Retired Person Name form,2
not identifiable from index / (null),dciodvfy,8dfa81ed99c3,Warning,Warning - Unrecognized defined term <99UNKNOWN> for value 1 of attribute <Coding Scheme Designator>,2
not identifiable from index / (null),dciodvfy,92c8084dd8c4,Warning,Warning - Attribute is not present in standard DICOM IOD - (TAG) SQ Performed Procedure Code Sequence,2
not identifiable from index / (null),dciodvfy,9ee22e1c2108,Warning,Warning - Unrecognized defined term <GEIIS> for value 1 of attribute <Coding Scheme Designator>,2
not identifiable from index / (null),dciodvfy,a631efaa369c,Warning,Warning - Unrecognized defined term <FHS> for value 1 of attribute <Coding Scheme Designator>,2
not identifiable from index / (null),dicom-validator,a63680a5dfc5,ERROR,Module <General> Tag (TAG) (Performed Procedure Code Sequence) is unexpected,2
not identifiable from index / (null),dciodvfy,01774db95179,Warning,Warning - Value dubious for this VR - (TAG) PN Patient's Name PN [1] = <KiTS-00020> - Retired Person Name form,1
not identifiable from index / (null),dciodvfy,147558acc184,Warning,Warning - Attribute is not present in standard DICOM IOD - (TAG) SH Code Value,1
not identifiable from index / (null),dciodvfy,3489a48154f6,Warning,Warning - Attribute is not present in standard DICOM IOD - (TAG) SH Coding Scheme Version,1
not identifiable from index / (null),dciodvfy,350dc4945622,Warning,Warning - Value dubious for this VR - (TAG) PN Content Creator's Name PN [1] = <QIBA CT 1C Reader 1> - Retired Person Name form,1
not identifiable from index / (null),dciodvfy,3860ab61ce7f,Warning,Warning - Value dubious for this VR - (TAG) PN Patient's Name PN [1] = <KiTS-00203> - Retired Person Name form,1
not identifiable from index / (null),dciodvfy,3a08bd09c3ed,Warning,Warning - Value dubious for this VR - (TAG) PN Patient's Name PN [1] = <KiTS-00013> - Retired Person Name form,1
not identifiable from index / (null),dciodvfy,3eff115fa2e1,Warning,Warning - Value dubious for this VR - (TAG) PN Patient's Name PN [1] = <KiTS-00103> - Retired Person Name form,1
not identifiable from index / (null),dciodvfy,467684476235,Error,Error - Missing attribute Type 2 Required Element=<PatientSex> Module=<Patient>,1
not identifiable from index / (null),dciodvfy,526a742420f5,Warning,Warning - Value dubious for this VR - (TAG) PN Patient's Name PN [1] = <Phantom-20.0-1.0-1.0-1.0-9.0-0.0-100.0-10.0-0.0-0.0> - Retired Person Name form,1
not identifiable from index / (null),dciodvfy,64bbfd5997f6,Warning,Warning - Attribute is not present in standard DICOM IOD - (TAG) SH Coding Scheme Designator,1
not identifiable from index / (null),dciodvfy,70a946b110cc,Warning,Warning - Unrecognized defined term <SYN99> for value 1 of attribute <Coding Scheme Designator>,1
not identifiable from index / (null),dciodvfy,7d461c9bbd03,Warning,Warning - Value dubious for this VR - (TAG) PN Patient's Name PN [1] = <R01-116> - Retired Person Name form,1
not identifiable from index / (null),dciodvfy,82f0446643c1,Warning,Warning - Value dubious for this VR - (TAG) PN Patient's Name PN [1] = <R01-115> - Retired Person Name form,1
not identifiable from index / (null),dciodvfy,8641588d6d21,Error,Error - Missing attribute Type 1C Conditional Element=<CodeValue> Module=<BasicCodeSequenceMacro>,1
not identifiable from index / (null),dciodvfy,877a0b6bf8cb,Warning,Warning - Value dubious for this VR - (TAG) PN Content Creator's Name PN [1] = <QIBA CT 1C Reader 7> - Retired Person Name form,1
not identifiable from index / (null),dciodvfy,9526db7d10a8,Error,Error - Missing attribute Type 1 Required Element=<CodeMeaning> Module=<BasicCodeSequenceMacro>,1
not identifiable from index / (null),dciodvfy,958923375dea,Warning,Warning - Attribute is not present in standard DICOM IOD - (TAG) LO Code Meaning,1
not identifiable from index / (null),dciodvfy,a428157f1f8e,Warning,Warning - Value dubious for this VR - (TAG) PN Patient's Name PN [1] = <KiTS-00165> - Retired Person Name form,1
not identifiable from index / (null),dciodvfy,b5867b020be7,Warning,Warning - Value dubious for this VR - (TAG) PN Patient's Name PN [1] = <KiTS-00092> - Retired Person Name form,1
not identifiable from index / (null),dciodvfy,c05396559efe,Warning,Warning - Value dubious for this VR - (TAG) PN Patient's Name PN [1] = <KiTS-00151> - Retired Person Name form,1
not identifiable from index / (null),dciodvfy,c71eaf6a109f,Warning,Warning - Value dubious for this VR - (TAG) PN Patient's Name PN [1] = <KiTS-00192> - Retired Person Name form,1
not identifiable from index / (null),dciodvfy,c9ba5c1ec257,Warning,Warning - Value dubious for this VR - (TAG) PN Patient's Name PN [1] = <R01-135> - Retired Person Name form,1
not identifiable from index / (null),dciodvfy,d1a7311db3d0,Warning,Warning - Unrecognized defined term <99DRSYS710> for value 1 of attribute <Coding Scheme Designator>,1
not identifiable from index / (null),dciodvfy,dd8393effc97,Error,Error - SeriesInstanceUID has same value as FrameOfReferenceUID <UID>,1
not identifiable from index / (null),dciodvfy,dfd5ac96d48a,Error,Error - Missing attribute Type 1C Conditional Element=<LongCodeValue> Module=<BasicCodeSequenceMacro>,1
not identifiable from index / (null),dciodvfy,ed466b732f50,Warning,Warning - Value dubious for this VR - (TAG) PN Patient's Name PN [1] = <KiTS-00078> - Retired Person Name form,1
not identifiable from index / (null),dciodvfy,f2013c7a8c2e,Error,Error - Missing attribute Type 1C Conditional Element=<URNCodeValue> Module=<BasicCodeSequenceMacro>,1
not identifiable from index / (null),dciodvfy,f231b30fad84,Warning,Warning - Value dubious for this VR - (TAG) PN Patient's Name PN [1] = <KiTS-00027> - Retired Person Name form,1
not identifiable from index / (null),dciodvfy,ff0a832c44c9,Warning,Warning - Value dubious for this VR - (TAG) PN Patient's Name PN [1] = <KiTS-00008> - Retired Person Name form,1
not identifiable from index / (null),dciodvfy,ff84d4462b9c,Warning,Warning - Value dubious for this VR - (TAG) PN Patient's Name PN [1] = <KiTS-00087> - Retired Person Name form,1
not identifiable from index / (null),dicom-validator,3e57553cb235,ERROR,Module <General Study> (TAG) (Procedure Code Sequence) Tag (TAG) (URN Code Value) is missing,1
not identifiable from index / (null),dicom-validator,6c83a7f5adfe,ERROR,Module <General Study> (TAG) (Procedure Code Sequence) Tag (TAG) (Code Meaning) is missing,1
not identifiable from index / (null),dicom-validator,8cd927d88e2e,ERROR,Module <Patient> Tag (TAG) (Patient's Sex) is missing,1
not identifiable from index / pan_cancer_nuclei_seg_dicom,dciodvfy,50a67d7318c0,Warning,Warning - DimensionIndexPointer Attribute not present in any Shared or Per-Frame Functional Group - (TAG),356
not identifiable from index / pan_cancer_nuclei_seg_dicom,dciodvfy,8b9d6770833b,Error,Error - Value is zero for value 1 of attribute <Slice Thickness>,356
not identifiable from index / pan_cancer_nuclei_seg_dicom,dicom-validator,d81147d20e87,ERROR,Module <Multi-frame Functional Groups> (TAG) (Shared Functional Groups Sequence) Tag (TAG) (Pixel Measures Sequence) is unexpected,356
not identifiable from index / pan_cancer_nuclei_seg_dicom,dciodvfy,0ec987259905,Warning,Warning - Value dubious for this VR - (TAG) PN Patient's Name PN [1] = <TCGA-VQ-AA6F> - Retired Person Name form,5
not identifiable from index / pan_cancer_nuclei_seg_dicom,dciodvfy,1209b44025d3,Warning,Warning - Value dubious for this VR - (TAG) PN Patient's Name PN [1] = <TCGA-06-0747> - Retired Person Name form,5
not identifiable from index / pan_cancer_nuclei_seg_dicom,dciodvfy,16b5fa4449ab,Warning,Warning - Value dubious for this VR - (TAG) PN Patient's Name PN [1] = <TCGA-B5-A11U> - Retired Person Name form,5
not identifiable from index / pan_cancer_nuclei_seg_dicom,dciodvfy,23b6f86b745d,Warning,Warning - Value dubious for this VR - (TAG) PN Patient's Name PN [1] = <TCGA-M7-A71Z> - Retired Person Name form,5
not identifiable from index / pan_cancer_nuclei_seg_dicom,dciodvfy,29ff77a1fb14,Warning,Warning - Value dubious for this VR - (TAG) PN Patient's Name PN [1] = <TCGA-BH-A0HB> - Retired Person Name form,5
not identifiable from index / pan_cancer_nuclei_seg_dicom,dciodvfy,30debd35b1d7,Warning,Warning - Value dubious for this VR - (TAG) PN Patient's Name PN [1] = <TCGA-ER-A196> - Retired Person Name form,5
not identifiable from index / pan_cancer_nuclei_seg_dicom,dciodvfy,3496c3870037,Warning,Warning - Value dubious for this VR - (TAG) PN Patient's Name PN [1] = <TCGA-A2-A3XU> - Retired Person Name form,5
not identifiable from index / pan_cancer_nuclei_seg_dicom,dciodvfy,370a72a805ea,Warning,Warning - Value dubious for this VR - (TAG) PN Patient's Name PN [1] = <TCGA-05-4245> - Retired Person Name form,5
not identifiable from index / pan_cancer_nuclei_seg_dicom,dciodvfy,3939d238bf47,Warning,Warning - Value dubious for this VR - (TAG) PN Patient's Name PN [1] = <TCGA-98-8020> - Retired Person Name form,5
not identifiable from index / pan_cancer_nuclei_seg_dicom,dciodvfy,3d4beeab4ab5,Warning,Warning - Value dubious for this VR - (TAG) PN Patient's Name PN [1] = <TCGA-4Z-AA81> - Retired Person Name form,5
not identifiable from index / pan_cancer_nuclei_seg_dicom,dciodvfy,439f15e0caaa,Warning,Warning - Value dubious for this VR - (TAG) PN Patient's Name PN [1] = <TCGA-A8-A0A7> - Retired Person Name form,5
not identifiable from index / pan_cancer_nuclei_seg_dicom,dciodvfy,44c89c160940,Warning,Warning - Value dubious for this VR - (TAG) PN Patient's Name PN [1] = <TCGA-G9-6362> - Retired Person Name form,5
not identifiable from index / pan_cancer_nuclei_seg_dicom,dciodvfy,45acdb1fb1a4,Warning,Warning - Value dubious for this VR - (TAG) PN Patient's Name PN [1] = <TCGA-67-6216> - Retired Person Name form,5
not identifiable from index / pan_cancer_nuclei_seg_dicom,dciodvfy,46b40d896162,Warning,Warning - Value dubious for this VR - (TAG) PN Patient's Name PN [1] = <TCGA-V4-A9F0> - Retired Person Name form,5
not identifiable from index / pan_cancer_nuclei_seg_dicom,dciodvfy,4ec909c4bfec,Warning,Warning - Value dubious for this VR - (TAG) PN Patient's Name PN [1] = <TCGA-GM-A3XG> - Retired Person Name form,5
not identifiable from index / pan_cancer_nuclei_seg_dicom,dciodvfy,52066920138d,Warning,Warning - Value dubious for this VR - (TAG) PN Patient's Name PN [1] = <TCGA-QG-A5YX> - Retired Person Name form,5
not identifiable from index / pan_cancer_nuclei_seg_dicom,dciodvfy,53c9866a4f00,Warning,Warning - Value dubious for this VR - (TAG) PN Patient's Name PN [1] = <TCGA-BT-A42B> - Retired Person Name form,5
not identifiable from index / pan_cancer_nuclei_seg_dicom,dciodvfy,55e6e441b1ec,Warning,Warning - Value dubious for this VR - (TAG) PN Patient's Name PN [1] = <TCGA-BH-A201> - Retired Person Name form,5
not identifiable from index / pan_cancer_nuclei_seg_dicom,dciodvfy,5a03b746068b,Warning,Warning - Value dubious for this VR - (TAG) PN Patient's Name PN [1] = <TCGA-AG-A032> - Retired Person Name form,5
not identifiable from index / pan_cancer_nuclei_seg_dicom,dciodvfy,5bfab9a3b43e,Warning,Warning - Value dubious for this VR - (TAG) PN Patient's Name PN [1] = <TCGA-66-2758> - Retired Person Name form,5
not identifiable from index / pan_cancer_nuclei_seg_dicom,dciodvfy,5effed383c2a,Warning,Warning - Value dubious for this VR - (TAG) PN Patient's Name PN [1] = <TCGA-BS-A0UJ> - Retired Person Name form,5
not identifiable from index / pan_cancer_nuclei_seg_dicom,dciodvfy,63d4f5c1dc52,Warning,Warning - Value dubious for this VR - (TAG) PN Patient's Name PN [1] = <TCGA-D5-6930> - Retired Person Name form,5
not identifiable from index / pan_cancer_nuclei_seg_dicom,dciodvfy,68c6b4bc67e2,Warning,Warning - Value dubious for this VR - (TAG) PN Patient's Name PN [1] = <TCGA-EE-A181> - Retired Person Name form,5
not identifiable from index / pan_cancer_nuclei_seg_dicom,dciodvfy,696007146472,Warning,Warning - Value dubious for this VR - (TAG) PN Patient's Name PN [1] = <TCGA-UY-A9PA> - Retired Person Name form,5
not identifiable from index / pan_cancer_nuclei_seg_dicom,dciodvfy,6a648ea4e749,Warning,Warning - Value dubious for this VR - (TAG) PN Patient's Name PN [1] = <TCGA-CA-5796> - Retired Person Name form,5
not identifiable from index / pan_cancer_nuclei_seg_dicom,dciodvfy,6b0902d9b8cf,Warning,Warning - Value dubious for this VR - (TAG) PN Patient's Name PN [1] = <TCGA-EY-A547> - Retired Person Name form,5
not identifiable from index / pan_cancer_nuclei_seg_dicom,dciodvfy,6ba48153b302,Warning,Warning - Value dubious for this VR - (TAG) PN Patient's Name PN [1] = <TCGA-BH-A0DL> - Retired Person Name form,5
not identifiable from index / pan_cancer_nuclei_seg_dicom,dciodvfy,6e5c46e08d72,Warning,Warning - Value dubious for this VR - (TAG) PN Patient's Name PN [1] = <TCGA-EW-A1IX> - Retired Person Name form,5
not identifiable from index / pan_cancer_nuclei_seg_dicom,dciodvfy,721136646c81,Warning,Warning - Value dubious for this VR - (TAG) PN Patient's Name PN [1] = <TCGA-BH-A18F> - Retired Person Name form,5
not identifiable from index / pan_cancer_nuclei_seg_dicom,dciodvfy,789b868c5bf7,Warning,Warning - Value dubious for this VR - (TAG) PN Patient's Name PN [1] = <TCGA-ER-A19D> - Retired Person Name form,5
not identifiable from index / pan_cancer_nuclei_seg_dicom,dciodvfy,827fd83abcea,Warning,Warning - Value dubious for this VR - (TAG) PN Patient's Name PN [1] = <TCGA-12-1096> - Retired Person Name form,5
not identifiable from index / pan_cancer_nuclei_seg_dicom,dciodvfy,8e65808bd518,Warning,Warning - Value dubious for this VR - (TAG) PN Patient's Name PN [1] = <TCGA-A5-A0GR> - Retired Person Name form,5
not identifiable from index / pan_cancer_nuclei_seg_dicom,dciodvfy,8e979b70d170,Warning,Warning - Value dubious for this VR - (TAG) PN Patient's Name PN [1] = <TCGA-G2-A2EC> - Retired Person Name form,5
not identifiable from index / pan_cancer_nuclei_seg_dicom,dciodvfy,900aa0ea29e6,Warning,Warning - Value dubious for this VR - (TAG) PN Patient's Name PN [1] = <TCGA-EW-A1P6> - Retired Person Name form,5
not identifiable from index / pan_cancer_nuclei_seg_dicom,dciodvfy,962f8c134174,Warning,Warning - Value dubious for this VR - (TAG) PN Patient's Name PN [1] = <TCGA-BH-A0H0> - Retired Person Name form,5
not identifiable from index / pan_cancer_nuclei_seg_dicom,dciodvfy,98052fb0bc37,Warning,Warning - Value dubious for this VR - (TAG) PN Patient's Name PN [1] = <TCGA-EI-6885> - Retired Person Name form,5
not identifiable from index / pan_cancer_nuclei_seg_dicom,dciodvfy,9a979792647b,Warning,Warning - Value dubious for this VR - (TAG) PN Patient's Name PN [1] = <TCGA-90-A4EE> - Retired Person Name form,5
not identifiable from index / pan_cancer_nuclei_seg_dicom,dciodvfy,9e45ccd087cd,Warning,Warning - Value dubious for this VR - (TAG) PN Patient's Name PN [1] = <TCGA-D1-A1NX> - Retired Person Name form,5
not identifiable from index / pan_cancer_nuclei_seg_dicom,dciodvfy,a0a8b06a4161,Warning,Warning - Value dubious for this VR - (TAG) PN Patient's Name PN [1] = <TCGA-BR-6455> - Retired Person Name form,5
not identifiable from index / pan_cancer_nuclei_seg_dicom,dciodvfy,a3739efcc438,Warning,Warning - Value dubious for this VR - (TAG) PN Patient's Name PN [1] = <TCGA-E2-A15R> - Retired Person Name form,5
not identifiable from index / pan_cancer_nuclei_seg_dicom,dciodvfy,a7a131914f70,Warning,Warning - Value dubious for this VR - (TAG) PN Patient's Name PN [1] = <TCGA-06-5408> - Retired Person Name form,5
not identifiable from index / pan_cancer_nuclei_seg_dicom,dciodvfy,a7c507cdcbb8,Warning,Warning - Value dubious for this VR - (TAG) PN Patient's Name PN [1] = <TCGA-A6-5667> - Retired Person Name form,5
not identifiable from index / pan_cancer_nuclei_seg_dicom,dciodvfy,a81ede97bd66,Warning,Warning - Value dubious for this VR - (TAG) PN Patient's Name PN [1] = <TCGA-BH-A42U> - Retired Person Name form,5
not identifiable from index / pan_cancer_nuclei_seg_dicom,dciodvfy,a860b699f138,Warning,Warning - Value dubious for this VR - (TAG) PN Patient's Name PN [1] = <TCGA-BG-A0VV> - Retired Person Name form,5
not identifiable from index / pan_cancer_nuclei_seg_dicom,dciodvfy,aa738f742783,Warning,Warning - Value dubious for this VR - (TAG) PN Patient's Name PN [1] = <TCGA-AR-A2LH> - Retired Person Name form,5
not identifiable from index / pan_cancer_nuclei_seg_dicom,dciodvfy,b23ce187e8e4,Warning,Warning - Value dubious for this VR - (TAG) PN Patient's Name PN [1] = <TCGA-F4-6459> - Retired Person Name form,5
not identifiable from index / pan_cancer_nuclei_seg_dicom,dciodvfy,bb9f85a612e7,Warning,Warning - Value dubious for this VR - (TAG) PN Patient's Name PN [1] = <TCGA-WW-A8ZI> - Retired Person Name form,5
not identifiable from index / pan_cancer_nuclei_seg_dicom,dciodvfy,bf7bc433bd49,Warning,Warning - Value dubious for this VR - (TAG) PN Patient's Name PN [1] = <TCGA-C5-A2LS> - Retired Person Name form,5
not identifiable from index / pan_cancer_nuclei_seg_dicom,dciodvfy,c6016e89156d,Warning,Warning - Value dubious for this VR - (TAG) PN Patient's Name PN [1] = <TCGA-CD-A4MG> - Retired Person Name form,5
not identifiable from index / pan_cancer_nuclei_seg_dicom,dciodvfy,ccce84e81c7a,Warning,Warning - Value dubious for this VR - (TAG) PN Patient's Name PN [1] = <TCGA-26-1443> - Retired Person Name form,5
not identifiable from index / pan_cancer_nuclei_seg_dicom,dciodvfy,d26b67ad279f,Warning,Warning - Value dubious for this VR - (TAG) PN Patient's Name PN [1] = <TCGA-AC-A2FF> - Retired Person Name form,5
not identifiable from index / pan_cancer_nuclei_seg_dicom,dciodvfy,d3f30b5d793a,Warning,Warning - Value dubious for this VR - (TAG) PN Patient's Name PN [1] = <TCGA-FD-A3SP> - Retired Person Name form,5
not identifiable from index / pan_cancer_nuclei_seg_dicom,dciodvfy,e350266a5767,Warning,Warning - Value dubious for this VR - (TAG) PN Patient's Name PN [1] = <TCGA-FD-A3SO> - Retired Person Name form,5
not identifiable from index / pan_cancer_nuclei_seg_dicom,dciodvfy,e4993eb6a1e6,Warning,Warning - Value dubious for this VR - (TAG) PN Patient's Name PN [1] = <TCGA-H4-A2HQ> - Retired Person Name form,5
not identifiable from index / pan_cancer_nuclei_seg_dicom,dciodvfy,ea59c9326f5a,Warning,Warning - Value dubious for this VR - (TAG) PN Patient's Name PN [1] = <TCGA-BG-A0MG> - Retired Person Name form,5
not identifiable from index / pan_cancer_nuclei_seg_dicom,dciodvfy,efb82333f73c,Warning,Warning - Value dubious for this VR - (TAG) PN Patient's Name PN [1] = <TCGA-12-1092> - Retired Person Name form,5
not identifiable from index / pan_cancer_nuclei_seg_dicom,dciodvfy,f8b1a4a82e53,Warning,Warning - Value dubious for this VR - (TAG) PN Patient's Name PN [1] = <TCGA-50-8459> - Retired Person Name form,5
not identifiable from index / pan_cancer_nuclei_seg_dicom,dciodvfy,0e91c2eba8f7,Warning,Warning - Value dubious for this VR - (TAG) PN Patient's Name PN [1] = <TCGA-FP-8210> - Retired Person Name form,4
not identifiable from index / pan_cancer_nuclei_seg_dicom,dciodvfy,15c3b9c2ba8f,Warning,Warning - Value dubious for this VR - (TAG) PN Patient's Name PN [1] = <TCGA-12-0818> - Retired Person Name form,4
not identifiable from index / pan_cancer_nuclei_seg_dicom,dciodvfy,19b2845e8fa0,Warning,Warning - Value dubious for this VR - (TAG) PN Patient's Name PN [1] = <TCGA-06-0197> - Retired Person Name form,4
not identifiable from index / pan_cancer_nuclei_seg_dicom,dciodvfy,43fa8b52405e,Warning,Warning - Value dubious for this VR - (TAG) PN Patient's Name PN [1] = <TCGA-08-0517> - Retired Person Name form,4
not identifiable from index / pan_cancer_nuclei_seg_dicom,dciodvfy,44c59a788694,Warning,Warning - Value dubious for this VR - (TAG) PN Patient's Name PN [1] = <TCGA-AG-3882> - Retired Person Name form,4
not identifiable from index / pan_cancer_nuclei_seg_dicom,dciodvfy,45d33b046a1d,Warning,Warning - Value dubious for this VR - (TAG) PN Patient's Name PN [1] = <TCGA-AP-A05D> - Retired Person Name form,4
not identifiable from index / pan_cancer_nuclei_seg_dicom,dciodvfy,5e60aba664ad,Warning,Warning - Value dubious for this VR - (TAG) PN Patient's Name PN [1] = <TCGA-55-8299> - Retired Person Name form,4
not identifiable from index / pan_cancer_nuclei_seg_dicom,dciodvfy,65bf28bd069a,Warning,Warning - Value dubious for this VR - (TAG) PN Patient's Name PN [1] = <TCGA-MF-A522> - Retired Person Name form,4
not identifiable from index / pan_cancer_nuclei_seg_dicom,dciodvfy,7d8fb664bf80,Warning,Warning - Value dubious for this VR - (TAG) PN Patient's Name PN [1] = <TCGA-85-8479> - Retired Person Name form,4
not identifiable from index / pan_cancer_nuclei_seg_dicom,dciodvfy,842941c792f9,Warning,Warning - Value dubious for this VR - (TAG) PN Patient's Name PN [1] = <TCGA-14-1401> - Retired Person Name form,4
not identifiable from index / pan_cancer_nuclei_seg_dicom,dciodvfy,acd16a5e68e1,Warning,Warning - Value dubious for this VR - (TAG) PN Patient's Name PN [1] = <TCGA-27-1835> - Retired Person Name form,4
not identifiable from index / pan_cancer_nuclei_seg_dicom,dciodvfy,afdb84b78ab2,Warning,Warning - Value dubious for this VR - (TAG) PN Patient's Name PN [1] = <TCGA-FU-A770> - Retired Person Name form,4
not identifiable from index / pan_cancer_nuclei_seg_dicom,dciodvfy,c38632d59726,Warning,Warning - Value dubious for this VR - (TAG) PN Patient's Name PN [1] = <TCGA-63-6202> - Retired Person Name form,4
not identifiable from index / pan_cancer_nuclei_seg_dicom,dciodvfy,cfe2888fbd64,Warning,Warning - Value dubious for this VR - (TAG) PN Patient's Name PN [1] = <TCGA-55-6975> - Retired Person Name form,4
not identifiable from index / pan_cancer_nuclei_seg_dicom,dciodvfy,d5b4e57b71eb,Warning,Warning - Value dubious for this VR - (TAG) PN Patient's Name PN [1] = <TCGA-12-0826> - Retired Person Name form,4
not identifiable from index / pan_cancer_nuclei_seg_dicom,dciodvfy,e29ee86464d1,Warning,Warning - Value dubious for this VR - (TAG) PN Patient's Name PN [1] = <TCGA-AP-A052> - Retired Person Name form,4
not identifiable from index / pan_cancer_nuclei_seg_dicom,dciodvfy,f4022f4ffe07,Warning,Warning - Value dubious for this VR - (TAG) PN Patient's Name PN [1] = <TCGA-A8-A07L> - Retired Person Name form,4
not identifiable from index / pan_cancer_nuclei_seg_dicom,dciodvfy,070b0b21a77a,Warning,Warning - Value dubious for this VR - (TAG) PN Patient's Name PN [1] = <TCGA-75-5147> - Retired Person Name form,3
not identifiable from index / pan_cancer_nuclei_seg_dicom,dciodvfy,00cc6b2d04bf,Error,Error - PixelData has incorrect value length - expected 110448000 dec - got 1054166400 dec,1
not identifiable from index / pan_cancer_nuclei_seg_dicom,dciodvfy,161bff25e498,Error,Error - PixelData has incorrect value length - expected 409477120 dec - got 1483218944 dec,1
not identifiable from index / pan_cancer_nuclei_seg_dicom,dciodvfy,1ba96ed2d93f,Error,Error - PixelData has incorrect value length - expected 468676800 dec - got 1884254400 dec,1
not identifiable from index / pan_cancer_nuclei_seg_dicom,dciodvfy,1e2a90561aec,Error,Error - PixelData has incorrect value length - expected 33357600 dec - got 977076000 dec,1
not identifiable from index / pan_cancer_nuclei_seg_dicom,dciodvfy,216ca00d6238,Error,Error - PixelData has incorrect value length - expected 200998912 dec - got 737869824 dec,1
not identifiable from index / pan_cancer_nuclei_seg_dicom,dciodvfy,21af92143048,Error,Error - PixelData has incorrect value length - expected 44105728 dec - got 580976640 dec,1
not identifiable from index / pan_cancer_nuclei_seg_dicom,dciodvfy,22ad6dac2463,Error,Error - PixelData has incorrect value length - expected 351617024 dec - got 888487936 dec,1
not identifiable from index / pan_cancer_nuclei_seg_dicom,dciodvfy,22d9db98ad50,Error,Error - PixelData has incorrect value length - expected 342842400 dec - got 1286560800 dec,1
not identifiable from index / pan_cancer_nuclei_seg_dicom,dciodvfy,257d9c07dfff,Error,Error - PixelData has incorrect value length - expected 141942784 dec - got 678813696 dec,1
not identifiable from index / pan_cancer_nuclei_seg_dicom,dciodvfy,25d0919da207,Error,Error - PixelData has incorrect value length - expected 9014400 dec - got 480873600 dec,1
not identifiable from index / pan_cancer_nuclei_seg_dicom,dciodvfy,3106f807c4a7,Error,Error - PixelData has incorrect value length - expected 136440000 dec - got 1552017600 dec,1
not identifiable from index / pan_cancer_nuclei_seg_dicom,dciodvfy,3802617f8645,Error,Error - PixelData has incorrect value length - expected 133171200 dec - got 1076889600 dec,1
not identifiable from index / pan_cancer_nuclei_seg_dicom,dciodvfy,3e2b43802fad,Error,Error - PixelData has incorrect value length - expected 64086016 dec - got 600956928 dec,1
not identifiable from index / pan_cancer_nuclei_seg_dicom,dciodvfy,43311a1edb53,Error,Error - PixelData has incorrect value length - expected 190936800 dec - got 662796000 dec,1
not identifiable from index / pan_cancer_nuclei_seg_dicom,dciodvfy,44d1242c9d36,Error,Error - PixelData has incorrect value length - expected 224352000 dec - got 1639929600 dec,1
not identifiable from index / pan_cancer_nuclei_seg_dicom,dciodvfy,46120e359450,Error,Error - PixelData has incorrect value length - expected 84246528 dec - got 621117440 dec,1
not identifiable from index / pan_cancer_nuclei_seg_dicom,dciodvfy,47fa17ef8b2f,Error,Error - PixelData has incorrect value length - expected 190824448 dec - got 727695360 dec,1
not identifiable from index / pan_cancer_nuclei_seg_dicom,dciodvfy,4ea356665777,Error,Error - PixelData has incorrect value length - expected 404899200 dec - got 1348617600 dec,1
not identifiable from index / pan_cancer_nuclei_seg_dicom,dciodvfy,5d52d9620f43,Error,Error - PixelData has incorrect value length - expected 182476800 dec - got 1598054400 dec,1
not identifiable from index / pan_cancer_nuclei_seg_dicom,dciodvfy,62178d93b298,Error,Error - PixelData has incorrect value length - expected 227966976 dec - got 1301708800 dec,1
not identifiable from index / pan_cancer_nuclei_seg_dicom,dciodvfy,6735d00852b6,Error,Error - PixelData has incorrect value length - expected 296229600 dec - got 1239948000 dec,1
not identifiable from index / pan_cancer_nuclei_seg_dicom,dciodvfy,69295d90dc0b,Error,Error - PixelData has incorrect value length - expected 230860800 dec - got 1646438400 dec,1
not identifiable from index / pan_cancer_nuclei_seg_dicom,dciodvfy,7711fc2058a0,Error,Error - PixelData has incorrect value length - expected 197459968 dec - got 1271201792 dec,1
not identifiable from index / pan_cancer_nuclei_seg_dicom,dciodvfy,7eae8f9b6e11,Error,Error - PixelData has incorrect value length - expected 334209600 dec - got 806068800 dec,1
not identifiable from index / pan_cancer_nuclei_seg_dicom,dciodvfy,7eebe7ca4c6f,Error,Error - PixelData has incorrect value length - expected 420681600 dec - got 1364400000 dec,1
not identifiable from index / pan_cancer_nuclei_seg_dicom,dciodvfy,80674ee82771,Error,Error - PixelData has incorrect value length - expected 119144448 dec - got 1192886272 dec,1
not identifiable from index / pan_cancer_nuclei_seg_dicom,dciodvfy,887ec97c649f,Error,Error - PixelData has incorrect value length - expected 328536000 dec - got 800395200 dec,1
not identifiable from index / pan_cancer_nuclei_seg_dicom,dciodvfy,8ecbaeeecd04,Error,Error - PixelData has incorrect value length - expected 479838208 dec - got 1016709120 dec,1
not identifiable from index / pan_cancer_nuclei_seg_dicom,dciodvfy,98c514dd3959,Error,Error - PixelData has incorrect value length - expected 458883072 dec - got 995753984 dec,1
not identifiable from index / pan_cancer_nuclei_seg_dicom,dciodvfy,9aa58c297a01,Error,Error - PixelData has incorrect value length - expected 29174400 dec - got 1444752000 dec,1
not identifiable from index / pan_cancer_nuclei_seg_dicom,dciodvfy,9ffc2263459b,Error,Error - PixelData has incorrect value length - expected 513474560 dec - got 1050345472 dec,1
not identifiable from index / pan_cancer_nuclei_seg_dicom,dciodvfy,a0b512f54e53,Error,Error - PixelData has incorrect value length - expected 291799040 dec - got 1365540864 dec,1
not identifiable from index / pan_cancer_nuclei_seg_dicom,dciodvfy,a1ca93d840c8,Error,Error - PixelData has incorrect value length - expected 399278080 dec - got 936148992 dec,1
not identifiable from index / pan_cancer_nuclei_seg_dicom,dciodvfy,c0f3263f167b,Error,Error - PixelData has incorrect value length - expected 38338560 dec - got 575209472 dec,1
not identifiable from index / pan_cancer_nuclei_seg_dicom,dciodvfy,c26ec5610a7f,Error,Error - PixelData has incorrect value length - expected 333283328 dec - got 1407025152 dec,1
not identifiable from index / pan_cancer_nuclei_seg_dicom,dciodvfy,c4fdb535dff6,Error,Error - PixelData has incorrect value length - expected 199987200 dec - got 1143705600 dec,1
not identifiable from index / pan_cancer_nuclei_seg_dicom,dciodvfy,cbc989a2f739,Error,Error - PixelData has incorrect value length - expected 142516800 dec - got 1086235200 dec,1
not identifiable from index / pan_cancer_nuclei_seg_dicom,dciodvfy,ccf39c11baaf,Error,Error - PixelData has incorrect value length - expected 394379264 dec - got 931250176 dec,1
not identifiable from index / pan_cancer_nuclei_seg_dicom,dciodvfy,ce8ac17cc18c,Error,Error - PixelData has incorrect value length - expected 283600800 dec - got 1227319200 dec,1
not identifiable from index / pan_cancer_nuclei_seg_dicom,dciodvfy,d30940ba8b6b,Error,Error - PixelData has incorrect value length - expected 40896000 dec - got 984614400 dec,1
not identifiable from index / pan_cancer_nuclei_seg_dicom,dciodvfy,da36d2dba921,Error,Error - PixelData has incorrect value length - expected 249036800 dec - got 1322778624 dec,1
not identifiable from index / pan_cancer_nuclei_seg_dicom,dciodvfy,dab3811f1f42,Error,Error - PixelData has incorrect value length - expected 206176256 dec - got 1816788992 dec,1
not identifiable from index / pan_cancer_nuclei_seg_dicom,dciodvfy,db77f0f0ba15,Error,Error - PixelData has incorrect value length - expected 289497088 dec - got 826368000 dec,1
not identifiable from index / pan_cancer_nuclei_seg_dicom,dciodvfy,e207047bcce6,Error,Error - PixelData has incorrect value length - expected 394300800 dec - got 866160000 dec,1
not identifiable from index / pan_cancer_nuclei_seg_dicom,dciodvfy,e6536e41cd32,Error,Error - PixelData has incorrect value length - expected 137494528 dec - got 674365440 dec,1
not identifiable from index / pan_cancer_nuclei_seg_dicom,dciodvfy,ed0402d617f3,Error,Error - PixelData has incorrect value length - expected 274710528 dec - got 1348452352 dec,1
not identifiable from index / pan_cancer_nuclei_seg_dicom,dciodvfy,fb55dce7e683,Error,Error - PixelData has incorrect value length - expected 171727200 dec - got 1115445600 dec,1
not identifiable from index / qiba_volct_1b,dciodvfy,76ab0c6981d2,Warning,Warning - CodingSchemeDesignator is deprecated - attribute <CodingSchemeDesignator> = <SRT>,384
not identifiable from index / qiba_volct_1b,dciodvfy,815f5dab3ba7,Warning,Warning - Missing attribute or value that would be needed to build DICOMDIR - Study ID,384
not identifiable from index / qiba_volct_1b,dicom-validator,380880930b44,ERROR,Module <Multi-frame Functional Groups> (TAG) (Per-Frame Functional Groups Sequence) Tag (TAG) (Plane Position Sequence) is unexpected,384
not identifiable from index / qiba_volct_1b,dicom-validator,6f01abd4f319,ERROR,Module <Multi-frame Functional Groups> (TAG) (Shared Functional Groups Sequence) Tag (TAG) (Plane Orientation Sequence) is unexpected,384
not identifiable from index / qiba_volct_1b,dicom-validator,d0eabe730084,ERROR,Module <Multi-frame Functional Groups> (TAG) (Per-Frame Functional Groups Sequence) Tag (TAG) (Frame Content Sequence) is unexpected,384
not identifiable from index / qiba_volct_1b,dicom-validator,d81147d20e87,ERROR,Module <Multi-frame Functional Groups> (TAG) (Shared Functional Groups Sequence) Tag (TAG) (Pixel Measures Sequence) is unexpected,384
not identifiable from index / qiba_volct_1b,dicom-validator,f6bdf6ba947e,ERROR,Module <Multi-frame Functional Groups> (TAG) (Shared Functional Groups Sequence) Tag (TAG) (Segment Identification Sequence) is unexpected,384
not identifiable from index / qiba_volct_1b,dciodvfy,4a71864409dc,Warning,Warning - Missing attribute or value that would be needed to build DICOMDIR - Study Time,240
not identifiable from index / qiba_volct_1b,dciodvfy,3e71ea7ef539,Warning,Warning - Value dubious for this VR - (TAG) PN Patient's Name PN [1] = <UID> - Retired Person Name form,144
not identifiable from index / qiba_volct_1b,dciodvfy,e99edf4aa839,Warning,Warning - Value dubious for this VR - (TAG) PN Content Creator's Name PN [1] = <QIBA CT 1B Round 2 Reader 4> - Retired Person Name form,80
not identifiable from index / qiba_volct_1b,dciodvfy,0237ee27f4b6,Warning,Warning - Value dubious for this VR - (TAG) PN Content Creator's Name PN [1] = <QIBA CT 1B Round 2 Reader 5> - Retired Person Name form,79
not identifiable from index / qiba_volct_1b,dciodvfy,b06f1eedbaf1,Warning,Warning - Value dubious for this VR - (TAG) PN Content Creator's Name PN [1] = <QIBA CT 1B Round 2 Reader 2> - Retired Person Name form,77
not identifiable from index / qiba_volct_1b,dciodvfy,318604145268,Warning,Warning - Value dubious for this VR - (TAG) PN Content Creator's Name PN [1] = <QIBA CT 1B Round 2 Reader 1> - Retired Person Name form,76
not identifiable from index / qiba_volct_1b,dciodvfy,2ce2c41255ae,Warning,Warning - Value dubious for this VR - (TAG) PN Content Creator's Name PN [1] = <QIBA CT 1B Round 2 Reader 3> - Retired Person Name form,72
not identifiable from index / qiba_volct_1b,dciodvfy,768eba208839,Warning,Warning - Value dubious for this VR - (TAG) PN Patient's Name PN [1] = <200320> - Retired Person Name form,10
not identifiable from index / qiba_volct_1b,dciodvfy,1f9be1443f24,Warning,Warning - Value dubious for this VR - (TAG) PN Patient's Name PN [1] = <107166> - Retired Person Name form,9
not identifiable from index / qiba_volct_1b,dciodvfy,3fae8fcc3fa4,Warning,Warning - Value dubious for this VR - (TAG) PN Patient's Name PN [1] = <895032> - Retired Person Name form,9
not identifiable from index / qiba_volct_1b,dciodvfy,42435c890dab,Warning,Warning - Value dubious for this VR - (TAG) PN Patient's Name PN [1] = <157876> - Retired Person Name form,9
not identifiable from index / qiba_volct_1b,dciodvfy,4469b7e1da6a,Warning,Warning - Value dubious for this VR - (TAG) PN Patient's Name PN [1] = <714842> - Retired Person Name form,9
not identifiable from index / qiba_volct_1b,dciodvfy,6f68d706b3b4,Warning,Warning - Value dubious for this VR - (TAG) PN Patient's Name PN [1] = <318903> - Retired Person Name form,9
not identifiable from index / qiba_volct_1b,dciodvfy,13dcac3f2161,Warning,Warning - Value dubious for this VR - (TAG) PN Patient's Name PN [1] = <244660> - Retired Person Name form,8
not identifiable from index / qiba_volct_1b,dciodvfy,4ecf6197af84,Warning,Warning - Value dubious for this VR - (TAG) PN Patient's Name PN [1] = <229925> - Retired Person Name form,8
not identifiable from index / qiba_volct_1b,dciodvfy,61d8c8c59970,Warning,Warning - Value dubious for this VR - (TAG) PN Patient's Name PN [1] = <238644> - Retired Person Name form,8
not identifiable from index / qiba_volct_1b,dciodvfy,69c66e31383e,Warning,Warning - Value dubious for this VR - (TAG) PN Patient's Name PN [1] = <335900> - Retired Person Name form,8
not identifiable from index / qiba_volct_1b,dciodvfy,700b417c1b0e,Warning,Warning - Value dubious for this VR - (TAG) PN Patient's Name PN [1] = <296698> - Retired Person Name form,8
not identifiable from index / qiba_volct_1b,dciodvfy,795d9a9c3174,Warning,Warning - Value dubious for this VR - (TAG) PN Patient's Name PN [1] = <269755> - Retired Person Name form,8
not identifiable from index / qiba_volct_1b,dciodvfy,8de6774298e0,Warning,Warning - Value dubious for this VR - (TAG) PN Patient's Name PN [1] = <324303> - Retired Person Name form,8
not identifiable from index / qiba_volct_1b,dciodvfy,9dc0c5458436,Warning,Warning - Value dubious for this VR - (TAG) PN Patient's Name PN [1] = <277654> - Retired Person Name form,8
not identifiable from index / qiba_volct_1b,dciodvfy,a68c2bd56d67,Warning,Warning - Value dubious for this VR - (TAG) PN Patient's Name PN [1] = <132854> - Retired Person Name form,8
not identifiable from index / qiba_volct_1b,dciodvfy,d9a7e9292901,Warning,Warning - Value dubious for this VR - (TAG) PN Patient's Name PN [1] = <293546> - Retired Person Name form,8
not identifiable from index / qiba_volct_1b,dciodvfy,fb3d1edad913,Warning,Warning - Value dubious for this VR - (TAG) PN Patient's Name PN [1] = <157357> - Retired Person Name form,8
not identifiable from index / qiba_volct_1b,dciodvfy,094a5533a029,Warning,Warning - Value dubious for this VR - (TAG) PN Patient's Name PN [1] = <182825> - Retired Person Name form,7
not identifiable from index / qiba_volct_1b,dciodvfy,21d3d71e7b65,Warning,Warning - Value dubious for this VR - (TAG) PN Patient's Name PN [1] = <315906> - Retired Person Name form,7
not identifiable from index / qiba_volct_1b,dciodvfy,249aa045bbf3,Warning,Warning - Value dubious for this VR - (TAG) PN Patient's Name PN [1] = <978961> - Retired Person Name form,7
not identifiable from index / qiba_volct_1b,dciodvfy,3ebdcd29c02e,Warning,Warning - Value dubious for this VR - (TAG) PN Patient's Name PN [1] = <209868> - Retired Person Name form,7
not identifiable from index / qiba_volct_1b,dciodvfy,459613cc4d8f,Warning,Warning - Value dubious for this VR - (TAG) PN Patient's Name PN [1] = <301889> - Retired Person Name form,7
not identifiable from index / qiba_volct_1b,dciodvfy,4fe5563f9dca,Warning,Warning - Value dubious for this VR - (TAG) PN Patient's Name PN [1] = <314333> - Retired Person Name form,7
not identifiable from index / qiba_volct_1b,dciodvfy,6c4f0cb87cf0,Warning,Warning - Value dubious for this VR - (TAG) PN Patient's Name PN [1] = <308221> - Retired Person Name form,7
not identifiable from index / qiba_volct_1b,dciodvfy,9003826dca02,Warning,Warning - Value dubious for this VR - (TAG) PN Patient's Name PN [1] = <243509> - Retired Person Name form,7
not identifiable from index / qiba_volct_1b,dciodvfy,dd83dbf18979,Warning,Warning - Value dubious for this VR - (TAG) PN Patient's Name PN [1] = <130094> - Retired Person Name form,7
not identifiable from index / qiba_volct_1b,dciodvfy,ddd057e3f4bd,Warning,Warning - Value dubious for this VR - (TAG) PN Patient's Name PN [1] = <231091> - Retired Person Name form,7
not identifiable from index / qiba_volct_1b,dciodvfy,18e8e59eb754,Warning,Warning - Value dubious for this VR - (TAG) PN Patient's Name PN [1] = <643677> - Retired Person Name form,6
not identifiable from index / qiba_volct_1b,dciodvfy,5e4594de6b4f,Warning,Warning - Value dubious for this VR - (TAG) PN Patient's Name PN [1] = <126123> - Retired Person Name form,6
not identifiable from index / qiba_volct_1b,dciodvfy,8fe425de795f,Warning,Warning - Value dubious for this VR - (TAG) PN Patient's Name PN [1] = <110743> - Retired Person Name form,6
not identifiable from index / qiba_volct_1b,dciodvfy,aadbdf3d4725,Warning,Warning - Value dubious for this VR - (TAG) PN Patient's Name PN [1] = <135798> - Retired Person Name form,5
not identifiable from index / qiba_volct_1b,dciodvfy,e55baf9bd08e,Warning,Warning - Value dubious for this VR - (TAG) PN Patient's Name PN [1] = <573377> - Retired Person Name form,4
not identifiable from index / rms_mutation_prediction_expert_annotations,dciodvfy,50a67d7318c0,Warning,Warning - DimensionIndexPointer Attribute not present in any Shared or Per-Frame Functional Group - (TAG),261
not identifiable from index / rms_mutation_prediction_expert_annotations,dciodvfy,8b9d6770833b,Error,Error - Value is zero for value 1 of attribute <Slice Thickness>,261
not identifiable from index / rms_mutation_prediction_expert_annotations,dicom-validator,d81147d20e87,ERROR,Module <Multi-frame Functional Groups> (TAG) (Shared Functional Groups Sequence) Tag (TAG) (Pixel Measures Sequence) is unexpected,261
not identifiable from index / rms_mutation_prediction_expert_annotations,dicom-validator,041ad0826016,ERROR,Module <General> Tag (TAG) (Ethnic Group) is unexpected,247
not identifiable from index / rms_mutation_prediction_expert_annotations,dciodvfy,a2e714ba7331,Warning,Warning - Value dubious for this VR - (TAG) PN Patient's Name PN [1] = <RMS2448> - Retired Person Name form,6
not identifiable from index / rms_mutation_prediction_expert_annotations,dciodvfy,00536d23ffff,Warning,Warning - Value dubious for this VR - (TAG) PN Patient's Name PN [1] = <RMS2455> - Retired Person Name form,3
not identifiable from index / rms_mutation_prediction_expert_annotations,dciodvfy,051df294cd0a,Warning,Warning - Value dubious for this VR - (TAG) PN Patient's Name PN [1] = <RMS2451> - Retired Person Name form,3
not identifiable from index / rms_mutation_prediction_expert_annotations,dciodvfy,0e173458432d,Warning,Warning - Value dubious for this VR - (TAG) PN Patient's Name PN [1] = <RMS2153> - Retired Person Name form,3
not identifiable from index / rms_mutation_prediction_expert_annotations,dciodvfy,0eb063209739,Warning,Warning - Value dubious for this VR - (TAG) PN Patient's Name PN [1] = <RMS2339> - Retired Person Name form,3
not identifiable from index / rms_mutation_prediction_expert_annotations,dciodvfy,1b1f3b325897,Warning,Warning - Value dubious for this VR - (TAG) PN Patient's Name PN [1] = <RMS2210> - Retired Person Name form,3
not identifiable from index / rms_mutation_prediction_expert_annotations,dciodvfy,1cd527e91e7e,Warning,Warning - Value dubious for this VR - (TAG) PN Patient's Name PN [1] = <RMS2154> - Retired Person Name form,3
not identifiable from index / rms_mutation_prediction_expert_annotations,dciodvfy,2067c38a88d8,Warning,Warning - Value dubious for this VR - (TAG) PN Patient's Name PN [1] = <RMS2397> - Retired Person Name form,3
not identifiable from index / rms_mutation_prediction_expert_annotations,dciodvfy,2073f1b292e7,Warning,Warning - Value dubious for this VR - (TAG) PN Patient's Name PN [1] = <RMS2388> - Retired Person Name form,3
not identifiable from index / rms_mutation_prediction_expert_annotations,dciodvfy,244357c382e7,Warning,Warning - Value dubious for this VR - (TAG) PN Patient's Name PN [1] = <RMS2416> - Retired Person Name form,3
not identifiable from index / rms_mutation_prediction_expert_annotations,dciodvfy,2daf7c7c4d5c,Warning,Warning - Value dubious for this VR - (TAG) PN Patient's Name PN [1] = <RMS2328> - Retired Person Name form,3
not identifiable from index / rms_mutation_prediction_expert_annotations,dciodvfy,3845a382c824,Warning,Warning - Value dubious for this VR - (TAG) PN Patient's Name PN [1] = <RMS2450> - Retired Person Name form,3
not identifiable from index / rms_mutation_prediction_expert_annotations,dciodvfy,39f4ea22a6f0,Warning,Warning - Value dubious for this VR - (TAG) PN Patient's Name PN [1] = <RMS2456> - Retired Person Name form,3
not identifiable from index / rms_mutation_prediction_expert_annotations,dciodvfy,447691f644c0,Warning,Warning - Value dubious for this VR - (TAG) PN Patient's Name PN [1] = <RMS2467> - Retired Person Name form,3
not identifiable from index / rms_mutation_prediction_expert_annotations,dciodvfy,454544298efa,Warning,Warning - Value dubious for this VR - (TAG) PN Patient's Name PN [1] = <RMS2206> - Retired Person Name form,3
not identifiable from index / rms_mutation_prediction_expert_annotations,dciodvfy,478737f10846,Warning,Warning - Value dubious for this VR - (TAG) PN Patient's Name PN [1] = <RMS2420> - Retired Person Name form,3
not identifiable from index / rms_mutation_prediction_expert_annotations,dciodvfy,49297d093f2a,Warning,Warning - Value dubious for this VR - (TAG) PN Patient's Name PN [1] = <RMS2407> - Retired Person Name form,3
not identifiable from index / rms_mutation_prediction_expert_annotations,dciodvfy,49be1d32867c,Warning,Warning - Value dubious for this VR - (TAG) PN Patient's Name PN [1] = <RMS2399> - Retired Person Name form,3
not identifiable from index / rms_mutation_prediction_expert_annotations,dciodvfy,4b2d518fab8a,Warning,Warning - Value dubious for this VR - (TAG) PN Patient's Name PN [1] = <RMS2268> - Retired Person Name form,3
not identifiable from index / rms_mutation_prediction_expert_annotations,dciodvfy,4e93fb4500e1,Warning,Warning - Value dubious for this VR - (TAG) PN Patient's Name PN [1] = <RMS2404> - Retired Person Name form,3
not identifiable from index / rms_mutation_prediction_expert_annotations,dciodvfy,5538887e7420,Warning,Warning - Value dubious for this VR - (TAG) PN Patient's Name PN [1] = <RMS2419> - Retired Person Name form,3
not identifiable from index / rms_mutation_prediction_expert_annotations,dciodvfy,560a738f6ced,Warning,Warning - Value dubious for this VR - (TAG) PN Patient's Name PN [1] = <RMS2152> - Retired Person Name form,3
not identifiable from index / rms_mutation_prediction_expert_annotations,dciodvfy,573fb78a56ec,Warning,Warning - Value dubious for this VR - (TAG) PN Patient's Name PN [1] = <RMS2421> - Retired Person Name form,3
not identifiable from index / rms_mutation_prediction_expert_annotations,dciodvfy,5de95c0d6d10,Warning,Warning - Value dubious for this VR - (TAG) PN Patient's Name PN [1] = <RMS2454> - Retired Person Name form,3
not identifiable from index / rms_mutation_prediction_expert_annotations,dciodvfy,62a30a0f1e82,Warning,Warning - Value dubious for this VR - (TAG) PN Patient's Name PN [1] = <RMS2463> - Retired Person Name form,3
not identifiable from index / rms_mutation_prediction_expert_annotations,dciodvfy,6300faa4846d,Warning,Warning - Value dubious for this VR - (TAG) PN Patient's Name PN [1] = <RMS2461> - Retired Person Name form,3
not identifiable from index / rms_mutation_prediction_expert_annotations,dciodvfy,63b8126cbf91,Warning,Warning - Value dubious for this VR - (TAG) PN Patient's Name PN [1] = <RMS2410> - Retired Person Name form,3
not identifiable from index / rms_mutation_prediction_expert_annotations,dciodvfy,6a73e56816e0,Warning,Warning - Value dubious for this VR - (TAG) PN Patient's Name PN [1] = <RMS2276> - Retired Person Name form,3
not identifiable from index / rms_mutation_prediction_expert_annotations,dciodvfy,6cf36d383a27,Warning,Warning - Value dubious for this VR - (TAG) PN Patient's Name PN [1] = <RMS2391> - Retired Person Name form,3
not identifiable from index / rms_mutation_prediction_expert_annotations,dciodvfy,758e53ed2caf,Warning,Warning - Value dubious for this VR - (TAG) PN Patient's Name PN [1] = <RMS2330> - Retired Person Name form,3
not identifiable from index / rms_mutation_prediction_expert_annotations,dciodvfy,82e5085aae63,Warning,Warning - Value dubious for this VR - (TAG) PN Patient's Name PN [1] = <RMS2269> - Retired Person Name form,3
not identifiable from index / rms_mutation_prediction_expert_annotations,dciodvfy,83415c55b46a,Warning,Warning - Value dubious for this VR - (TAG) PN Patient's Name PN [1] = <RMS2327> - Retired Person Name form,3
not identifiable from index / rms_mutation_prediction_expert_annotations,dciodvfy,87c45b0104eb,Warning,Warning - Value dubious for this VR - (TAG) PN Patient's Name PN [1] = <RMS2466> - Retired Person Name form,3
not identifiable from index / rms_mutation_prediction_expert_annotations,dciodvfy,8bc18a761a37,Warning,Warning - Value dubious for this VR - (TAG) PN Patient's Name PN [1] = <RMS2403> - Retired Person Name form,3
not identifiable from index / rms_mutation_prediction_expert_annotations,dciodvfy,8fd671fd495c,Warning,Warning - Value dubious for this VR - (TAG) PN Patient's Name PN [1] = <RMS2452> - Retired Person Name form,3
not identifiable from index / rms_mutation_prediction_expert_annotations,dciodvfy,90b48ffb0882,Warning,Warning - Value dubious for this VR - (TAG) PN Patient's Name PN [1] = <RMS2413> - Retired Person Name form,3
not identifiable from index / rms_mutation_prediction_expert_annotations,dciodvfy,90c9e47e0ade,Warning,Warning - Value dubious for this VR - (TAG) PN Patient's Name PN [1] = <RMS2387> - Retired Person Name form,3
not identifiable from index / rms_mutation_prediction_expert_annotations,dciodvfy,93babb51ed14,Warning,Warning - Value dubious for this VR - (TAG) PN Patient's Name PN [1] = <RMS2465> - Retired Person Name form,3
not identifiable from index / rms_mutation_prediction_expert_annotations,dciodvfy,93f4fdfd684c,Warning,Warning - Value dubious for this VR - (TAG) PN Patient's Name PN [1] = <RMS2395> - Retired Person Name form,3
not identifiable from index / rms_mutation_prediction_expert_annotations,dciodvfy,986ed65b61b3,Warning,Warning - Value dubious for this VR - (TAG) PN Patient's Name PN [1] = <RMS2337> - Retired Person Name form,3
not identifiable from index / rms_mutation_prediction_expert_annotations,dciodvfy,a4163cca2790,Warning,Warning - Value dubious for this VR - (TAG) PN Patient's Name PN [1] = <RMS2389> - Retired Person Name form,3
not identifiable from index / rms_mutation_prediction_expert_annotations,dciodvfy,a629145b6e39,Warning,Warning - Value dubious for this VR - (TAG) PN Patient's Name PN [1] = <RMS2202> - Retired Person Name form,3
not identifiable from index / rms_mutation_prediction_expert_annotations,dciodvfy,a70799833ec2,Warning,Warning - Value dubious for this VR - (TAG) PN Patient's Name PN [1] = <RMS2329> - Retired Person Name form,3
not identifiable from index / rms_mutation_prediction_expert_annotations,dciodvfy,a86cde7d179d,Warning,Warning - Value dubious for this VR - (TAG) PN Patient's Name PN [1] = <RMS2396> - Retired Person Name form,3
not identifiable from index / rms_mutation_prediction_expert_annotations,dciodvfy,a99ba2c2637c,Warning,Warning - Value dubious for this VR - (TAG) PN Patient's Name PN [1] = <RMS2394> - Retired Person Name form,3
not identifiable from index / rms_mutation_prediction_expert_annotations,dciodvfy,af30309fa38f,Warning,Warning - Value dubious for this VR - (TAG) PN Patient's Name PN [1] = <RMS2340> - Retired Person Name form,3
not identifiable from index / rms_mutation_prediction_expert_annotations,dciodvfy,b26a51b7690b,Warning,Warning - Value dubious for this VR - (TAG) PN Patient's Name PN [1] = <RMS2411> - Retired Person Name form,3
not identifiable from index / rms_mutation_prediction_expert_annotations,dciodvfy,b2e7b02c8786,Warning,Warning - Value dubious for this VR - (TAG) PN Patient's Name PN [1] = <RMS2338> - Retired Person Name form,3
not identifiable from index / rms_mutation_prediction_expert_annotations,dciodvfy,c5793e494a61,Warning,Warning - Value dubious for this VR - (TAG) PN Patient's Name PN [1] = <RMS2274> - Retired Person Name form,3
not identifiable from index / rms_mutation_prediction_expert_annotations,dciodvfy,c59b1c20d0fd,Warning,Warning - Value dubious for this VR - (TAG) PN Patient's Name PN [1] = <RMS2331> - Retired Person Name form,3
not identifiable from index / rms_mutation_prediction_expert_annotations,dciodvfy,c983bea2a2a5,Warning,Warning - Value dubious for this VR - (TAG) PN Patient's Name PN [1] = <RMS2453> - Retired Person Name form,3
not identifiable from index / rms_mutation_prediction_expert_annotations,dciodvfy,cc59d3b4db7e,Warning,Warning - Value dubious for this VR - (TAG) PN Patient's Name PN [1] = <RMS2423> - Retired Person Name form,3
not identifiable from index / rms_mutation_prediction_expert_annotations,dciodvfy,d1bd1b8542fd,Warning,Warning - Value dubious for this VR - (TAG) PN Patient's Name PN [1] = <RMS2333> - Retired Person Name form,3
not identifiable from index / rms_mutation_prediction_expert_annotations,dciodvfy,d1d2d5f29dc9,Warning,Warning - Value dubious for this VR - (TAG) PN Patient's Name PN [1] = <RMS2211> - Retired Person Name form,3
not identifiable from index / rms_mutation_prediction_expert_annotations,dciodvfy,d2702cb70905,Warning,Warning - Value dubious for this VR - (TAG) PN Patient's Name PN [1] = <RMS2458> - Retired Person Name form,3
not identifiable from index / rms_mutation_prediction_expert_annotations,dciodvfy,d2935aa3555a,Warning,Warning - Value dubious for this VR - (TAG) PN Patient's Name PN [1] = <RMS2414> - Retired Person Name form,3
not identifiable from index / rms_mutation_prediction_expert_annotations,dciodvfy,da1344b08ff9,Warning,Warning - Value dubious for this VR - (TAG) PN Patient's Name PN [1] = <RMS2415> - Retired Person Name form,3
not identifiable from index / rms_mutation_prediction_expert_annotations,dciodvfy,dc805231eb91,Warning,Warning - Value dubious for this VR - (TAG) PN Patient's Name PN [1] = <RMS2208> - Retired Person Name form,3
not identifiable from index / rms_mutation_prediction_expert_annotations,dciodvfy,dddc6e8bfd67,Warning,Warning - Value dubious for this VR - (TAG) PN Patient's Name PN [1] = <RMS2203> - Retired Person Name form,3
not identifiable from index / rms_mutation_prediction_expert_annotations,dciodvfy,e0a00ecc756c,Warning,Warning - Value dubious for this VR - (TAG) PN Patient's Name PN [1] = <RMS2462> - Retired Person Name form,3
not identifiable from index / rms_mutation_prediction_expert_annotations,dciodvfy,e2e0760e9581,Warning,Warning - Value dubious for this VR - (TAG) PN Patient's Name PN [1] = <RMS2393> - Retired Person Name form,3
not identifiable from index / rms_mutation_prediction_expert_annotations,dciodvfy,e31fbaa3bf3f,Warning,Warning - Value dubious for this VR - (TAG) PN Patient's Name PN [1] = <RMS2409> - Retired Person Name form,3
not identifiable from index / rms_mutation_prediction_expert_annotations,dciodvfy,e7bea19d7ce9,Warning,Warning - Value dubious for this VR - (TAG) PN Patient's Name PN [1] = <RMS2275> - Retired Person Name form,3
not identifiable from index / rms_mutation_prediction_expert_annotations,dciodvfy,e8b81e5ee0b6,Warning,Warning - Value dubious for this VR - (TAG) PN Patient's Name PN [1] = <RMS2155> - Retired Person Name form,3
not identifiable from index / rms_mutation_prediction_expert_annotations,dciodvfy,ed934f790d42,Warning,Warning - Value dubious for this VR - (TAG) PN Patient's Name PN [1] = <RMS2334> - Retired Person Name form,3
not identifiable from index / rms_mutation_prediction_expert_annotations,dciodvfy,f498d1ef3865,Warning,Warning - Value dubious for this VR - (TAG) PN Patient's Name PN [1] = <RMS2400> - Retired Person Name form,3
not identifiable from index / rms_mutation_prediction_expert_annotations,dciodvfy,ffdce072b4d1,Warning,Warning - Value dubious for this VR - (TAG) PN Patient's Name PN [1] = <RMS2277> - Retired Person Name form,3
not identifiable from index / rms_mutation_prediction_expert_annotations,dciodvfy,010274ff7a52,Warning,Warning - Value dubious for this VR - (TAG) PN Patient's Name PN [1] = <RMS2270> - Retired Person Name form,2
not identifiable from index / rms_mutation_prediction_expert_annotations,dciodvfy,1b76b110bbde,Warning,Warning - Value dubious for this VR - (TAG) PN Patient's Name PN [1] = <RMS2459> - Retired Person Name form,2
not identifiable from index / rms_mutation_prediction_expert_annotations,dciodvfy,1cb5393b6eff,Warning,Warning - Value dubious for this VR - (TAG) PN Patient's Name PN [1] = <RMS2398> - Retired Person Name form,2
not identifiable from index / rms_mutation_prediction_expert_annotations,dciodvfy,1d5647500d15,Warning,Warning - Value dubious for this VR - (TAG) PN Patient's Name PN [1] = <RMS2272> - Retired Person Name form,2
not identifiable from index / rms_mutation_prediction_expert_annotations,dciodvfy,22087fa4b42d,Warning,Warning - Value dubious for this VR - (TAG) PN Patient's Name PN [1] = <RMS2447> - Retired Person Name form,2
not identifiable from index / rms_mutation_prediction_expert_annotations,dciodvfy,2c3bd9a04808,Warning,Warning - Value dubious for this VR - (TAG) PN Patient's Name PN [1] = <RMS2406> - Retired Person Name form,2
not identifiable from index / rms_mutation_prediction_expert_annotations,dciodvfy,38bc54a546db,Warning,Warning - Value dubious for this VR - (TAG) PN Patient's Name PN [1] = <RMS2460> - Retired Person Name form,2
not identifiable from index / rms_mutation_prediction_expert_annotations,dciodvfy,3ceb88763048,Warning,Warning - Value dubious for this VR - (TAG) PN Patient's Name PN [1] = <RMS2271> - Retired Person Name form,2
not identifiable from index / rms_mutation_prediction_expert_annotations,dciodvfy,5478fba6129b,Warning,Warning - Value dubious for this VR - (TAG) PN Patient's Name PN [1] = <RMS2417> - Retired Person Name form,2
not identifiable from index / rms_mutation_prediction_expert_annotations,dciodvfy,56e3ee1c3ac3,Warning,Warning - Value dubious for this VR - (TAG) PN Patient's Name PN [1] = <RMS2273> - Retired Person Name form,2
not identifiable from index / rms_mutation_prediction_expert_annotations,dciodvfy,6391ba829661,Warning,Warning - Value dubious for this VR - (TAG) PN Patient's Name PN [1] = <RMS2418> - Retired Person Name form,2
not identifiable from index / rms_mutation_prediction_expert_annotations,dciodvfy,660dc250d3ad,Warning,Warning - Value dubious for this VR - (TAG) PN Patient's Name PN [1] = <RMS2207> - Retired Person Name form,2
not identifiable from index / rms_mutation_prediction_expert_annotations,dciodvfy,6937624d8cd2,Warning,Warning - Value dubious for this VR - (TAG) PN Patient's Name PN [1] = <RMS2457> - Retired Person Name form,2
not identifiable from index / rms_mutation_prediction_expert_annotations,dciodvfy,6e4177f1fb2e,Warning,Warning - Value dubious for this VR - (TAG) PN Patient's Name PN [1] = <RMS2449> - Retired Person Name form,2
not identifiable from index / rms_mutation_prediction_expert_annotations,dciodvfy,6ec241778184,Warning,Warning - Value dubious for this VR - (TAG) PN Patient's Name PN [1] = <RMS2392> - Retired Person Name form,2
not identifiable from index / rms_mutation_prediction_expert_annotations,dciodvfy,7139ea80c3dc,Warning,Warning - Value dubious for this VR - (TAG) PN Patient's Name PN [1] = <RMS2422> - Retired Person Name form,2
not identifiable from index / rms_mutation_prediction_expert_annotations,dciodvfy,78cc394298aa,Warning,Warning - Value dubious for this VR - (TAG) PN Patient's Name PN [1] = <RMS2402> - Retired Person Name form,2
not identifiable from index / rms_mutation_prediction_expert_annotations,dciodvfy,89dee3ff5fd8,Warning,Warning - Value dubious for this VR - (TAG) PN Patient's Name PN [1] = <RMS2267> - Retired Person Name form,2
not identifiable from index / rms_mutation_prediction_expert_annotations,dciodvfy,8b56845caeea,Warning,Warning - Value dubious for this VR - (TAG) PN Patient's Name PN [1] = <RMS2405> - Retired Person Name form,2
not identifiable from index / rms_mutation_prediction_expert_annotations,dciodvfy,8f21bf2cd948,Warning,Warning - Value dubious for this VR - (TAG) PN Patient's Name PN [1] = <RMS2150> - Retired Person Name form,2
not identifiable from index / rms_mutation_prediction_expert_annotations,dciodvfy,92ae34203189,Warning,Warning - Value dubious for this VR - (TAG) PN Patient's Name PN [1] = <RMS2464> - Retired Person Name form,2
not identifiable from index / rms_mutation_prediction_expert_annotations,dciodvfy,a1636a16e70a,Warning,Warning - Value dubious for this VR - (TAG) PN Patient's Name PN [1] = <RMS2212> - Retired Person Name form,2
not identifiable from index / rms_mutation_prediction_expert_annotations,dciodvfy,bf038d1dc308,Warning,Warning - Value dubious for this VR - (TAG) PN Patient's Name PN [1] = <RMS2204> - Retired Person Name form,2
not identifiable from index / rms_mutation_prediction_expert_annotations,dciodvfy,cd6cb1e7cbf9,Warning,Warning - Value dubious for this VR - (TAG) PN Patient's Name PN [1] = <RMS2332> - Retired Person Name form,2
not identifiable from index / rms_mutation_prediction_expert_annotations,dciodvfy,da7eb54c6db3,Warning,Warning - Value dubious for this VR - (TAG) PN Patient's Name PN [1] = <RMS2412> - Retired Person Name form,2
not identifiable from index / rms_mutation_prediction_expert_annotations,dciodvfy,e7918067545d,Warning,Warning - Value dubious for this VR - (TAG) PN Patient's Name PN [1] = <RMS2209> - Retired Person Name form,2
not identifiable from index / rms_mutation_prediction_expert_annotations,dciodvfy,e7b773e00a85,Warning,Warning - Value dubious for this VR - (TAG) PN Patient's Name PN [1] = <RMS2266> - Retired Person Name form,2
not identifiable from index / rms_mutation_prediction_expert_annotations,dciodvfy,f06d6542d3b7,Warning,Warning - Value dubious for this VR - (TAG) PN Patient's Name PN [1] = <RMS2408> - Retired Person Name form,2
not identifiable from index / rms_mutation_prediction_expert_annotations,dciodvfy,903eb908e45e,Warning,Warning - Value dubious for this VR - (TAG) PN Patient's Name PN [1] = <RMS2401> - Retired Person Name form,1
not identifiable from index / tcga_sbu_til_maps,dicom-validator,d81147d20e87,ERROR,Module <Multi-frame Functional Groups> (TAG) (Shared Functional Groups Sequence) Tag (TAG) (Pixel Measures Sequence) is unexpected,384
not identifiable from index / tcga_sbu_til_maps,dciodvfy,066ebbd71554,Warning,Warning - Value dubious for this VR - (TAG) PN Patient's Name PN [1] = <TCGA-PK-A5HA> - Retired Person Name form,2
not identifiable from index / tcga_sbu_til_maps,dciodvfy,0e88ae875506,Warning,Warning - Value dubious for this VR - (TAG) PN Patient's Name PN [1] = <TCGA-05-5428> - Retired Person Name form,2
not identifiable from index / tcga_sbu_til_maps,dciodvfy,7b928dd05722,Warning,Warning - Value dubious for this VR - (TAG) PN Patient's Name PN [1] = <TCGA-D3-A3CF> - Retired Person Name form,2
not identifiable from index / tcga_sbu_til_maps,dciodvfy,fd9dd188e25a,Warning,Warning - Value dubious for this VR - (TAG) PN Patient's Name PN [1] = <TCGA-MP-A4TH> - Retired Person Name form,2
not identifiable from index / tcga_sbu_til_maps,dciodvfy,0010e5f518d8,Warning,Warning - Value dubious for this VR - (TAG) PN Patient's Name PN [1] = <TCGA-E2-A1II> - Retired Person Name form,1
not identifiable from index / tcga_sbu_til_maps,dciodvfy,00ab1f0809a3,Warning,Warning - Value dubious for this VR - (TAG) PN Patient's Name PN [1] = <TCGA-55-8205> - Retired Person Name form,1
not identifiable from index / tcga_sbu_til_maps,dciodvfy,020a5fd163da,Warning,Warning - Value dubious for this VR - (TAG) PN Patient's Name PN [1] = <TCGA-EJ-5508> - Retired Person Name form,1
not identifiable from index / tcga_sbu_til_maps,dciodvfy,03711e04d784,Warning,Warning - Value dubious for this VR - (TAG) PN Patient's Name PN [1] = <TCGA-DF-A2KU> - Retired Person Name form,1
not identifiable from index / tcga_sbu_til_maps,dciodvfy,03b8e5889a20,Warning,Warning - Value dubious for this VR - (TAG) PN Patient's Name PN [1] = <TCGA-D8-A73W> - Retired Person Name form,1
not identifiable from index / tcga_sbu_til_maps,dciodvfy,03f26b021f1f,Warning,Warning - Value dubious for this VR - (TAG) PN Patient's Name PN [1] = <TCGA-DX-AB32> - Retired Person Name form,1
not identifiable from index / tcga_sbu_til_maps,dciodvfy,04b527f8c36b,Warning,Warning - Value dubious for this VR - (TAG) PN Patient's Name PN [1] = <TCGA-77-8154> - Retired Person Name form,1
not identifiable from index / tcga_sbu_til_maps,dciodvfy,05159bcf0c04,Warning,Warning - Value dubious for this VR - (TAG) PN Patient's Name PN [1] = <TCGA-E7-A7XN> - Retired Person Name form,1
not identifiable from index / tcga_sbu_til_maps,dciodvfy,0558f5b220ab,Warning,Warning - Value dubious for this VR - (TAG) PN Patient's Name PN [1] = <TCGA-ED-A66Y> - Retired Person Name form,1
not identifiable from index / tcga_sbu_til_maps,dciodvfy,058533d373a7,Warning,Warning - Value dubious for this VR - (TAG) PN Patient's Name PN [1] = <TCGA-H8-A6C1> - Retired Person Name form,1
not identifiable from index / tcga_sbu_til_maps,dciodvfy,062ef6a5d767,Warning,Warning - Value dubious for this VR - (TAG) PN Patient's Name PN [1] = <TCGA-A3-3363> - Retired Person Name form,1
not identifiable from index / tcga_sbu_til_maps,dciodvfy,070f768c3626,Warning,Warning - Value dubious for this VR - (TAG) PN Patient's Name PN [1] = <TCGA-55-8092> - Retired Person Name form,1
not identifiable from index / tcga_sbu_til_maps,dciodvfy,0740189f5d3e,Warning,Warning - Value dubious for this VR - (TAG) PN Patient's Name PN [1] = <TCGA-86-8668> - Retired Person Name form,1
not identifiable from index / tcga_sbu_til_maps,dciodvfy,0787a6b4d655,Warning,Warning - Value dubious for this VR - (TAG) PN Patient's Name PN [1] = <TCGA-V4-A9F8> - Retired Person Name form,1
not identifiable from index / tcga_sbu_til_maps,dciodvfy,0799ed5d880b,Warning,Warning - Value dubious for this VR - (TAG) PN Patient's Name PN [1] = <TCGA-CV-5434> - Retired Person Name form,1
not identifiable from index / tcga_sbu_til_maps,dciodvfy,07cf3a9aa4b8,Warning,Warning - Value dubious for this VR - (TAG) PN Patient's Name PN [1] = <TCGA-HC-7212> - Retired Person Name form,1
not identifiable from index / tcga_sbu_til_maps,dciodvfy,08349eb1df09,Warning,Warning - Value dubious for this VR - (TAG) PN Patient's Name PN [1] = <TCGA-AX-A1CA> - Retired Person Name form,1
not identifiable from index / tcga_sbu_til_maps,dciodvfy,0a0ffccc3650,Warning,Warning - Value dubious for this VR - (TAG) PN Patient's Name PN [1] = <TCGA-VD-A8KA> - Retired Person Name form,1
not identifiable from index / tcga_sbu_til_maps,dciodvfy,0a14b5cdfa95,Warning,Warning - Value dubious for this VR - (TAG) PN Patient's Name PN [1] = <TCGA-A6-2674> - Retired Person Name form,1
not identifiable from index / tcga_sbu_til_maps,dciodvfy,0a4a66e2114e,Warning,Warning - Value dubious for this VR - (TAG) PN Patient's Name PN [1] = <TCGA-AG-3726> - Retired Person Name form,1
not identifiable from index / tcga_sbu_til_maps,dciodvfy,0b9543d69fd4,Warning,Warning - Value dubious for this VR - (TAG) PN Patient's Name PN [1] = <TCGA-GH-A9DA> - Retired Person Name form,1
not identifiable from index / tcga_sbu_til_maps,dciodvfy,0bc1b16e9d1e,Warning,Warning - Value dubious for this VR - (TAG) PN Patient's Name PN [1] = <TCGA-34-2604> - Retired Person Name form,1
not identifiable from index / tcga_sbu_til_maps,dciodvfy,0c2f153f69fb,Warning,Warning - Value dubious for this VR - (TAG) PN Patient's Name PN [1] = <TCGA-MM-A564> - Retired Person Name form,1
not identifiable from index / tcga_sbu_til_maps,dciodvfy,0ca710fd4872,Warning,Warning - Value dubious for this VR - (TAG) PN Patient's Name PN [1] = <TCGA-G9-6379> - Retired Person Name form,1
not identifiable from index / tcga_sbu_til_maps,dciodvfy,0ce6d03e10d3,Warning,Warning - Value dubious for this VR - (TAG) PN Patient's Name PN [1] = <TCGA-E2-A1L6> - Retired Person Name form,1
not identifiable from index / tcga_sbu_til_maps,dciodvfy,0dad18d626c4,Warning,Warning - Value dubious for this VR - (TAG) PN Patient's Name PN [1] = <TCGA-4V-A9QX> - Retired Person Name form,1
not identifiable from index / tcga_sbu_til_maps,dciodvfy,0e7acb757bbf,Warning,Warning - Value dubious for this VR - (TAG) PN Patient's Name PN [1] = <TCGA-G9-A9S0> - Retired Person Name form,1
not identifiable from index / tcga_sbu_til_maps,dciodvfy,0e854c6980bc,Warning,Warning - Value dubious for this VR - (TAG) PN Patient's Name PN [1] = <TCGA-AA-A01V> - Retired Person Name form,1
not identifiable from index / tcga_sbu_til_maps,dciodvfy,0eb168ce8839,Warning,Warning - Value dubious for this VR - (TAG) PN Patient's Name PN [1] = <TCGA-97-7937> - Retired Person Name form,1
not identifiable from index / tcga_sbu_til_maps,dciodvfy,0efcc7cf0bc2,Warning,Warning - Value dubious for this VR - (TAG) PN Patient's Name PN [1] = <TCGA-D1-A2G6> - Retired Person Name form,1
not identifiable from index / tcga_sbu_til_maps,dciodvfy,0fe59fd354cd,Warning,Warning - Value dubious for this VR - (TAG) PN Patient's Name PN [1] = <TCGA-EE-A2M8> - Retired Person Name form,1
not identifiable from index / tcga_sbu_til_maps,dciodvfy,1241939ba816,Warning,Warning - Value dubious for this VR - (TAG) PN Patient's Name PN [1] = <TCGA-05-4426> - Retired Person Name form,1
not identifiable from index / tcga_sbu_til_maps,dciodvfy,13abe35112eb,Warning,Warning - Value dubious for this VR - (TAG) PN Patient's Name PN [1] = <TCGA-AH-6897> - Retired Person Name form,1
not identifiable from index / tcga_sbu_til_maps,dciodvfy,14a6ad72d46d,Warning,Warning - Value dubious for this VR - (TAG) PN Patient's Name PN [1] = <TCGA-OR-A5JB> - Retired Person Name form,1
not identifiable from index / tcga_sbu_til_maps,dciodvfy,14e92538c761,Warning,Warning - Value dubious for this VR - (TAG) PN Patient's Name PN [1] = <TCGA-OR-A5JU> - Retired Person Name form,1
not identifiable from index / tcga_sbu_til_maps,dciodvfy,152c8e3f8c40,Warning,Warning - Value dubious for this VR - (TAG) PN Patient's Name PN [1] = <TCGA-CF-A47W> - Retired Person Name form,1
not identifiable from index / tcga_sbu_til_maps,dciodvfy,153c6aa1a8b1,Warning,Warning - Value dubious for this VR - (TAG) PN Patient's Name PN [1] = <TCGA-A6-2685> - Retired Person Name form,1
not identifiable from index / tcga_sbu_til_maps,dciodvfy,17123564c064,Warning,Warning - Value dubious for this VR - (TAG) PN Patient's Name PN [1] = <TCGA-PK-A5H8> - Retired Person Name form,1
not identifiable from index / tcga_sbu_til_maps,dciodvfy,1993d3ec86a2,Warning,Warning - Value dubious for this VR - (TAG) PN Patient's Name PN [1] = <TCGA-T1-A6J8> - Retired Person Name form,1
not identifiable from index / tcga_sbu_til_maps,dciodvfy,1b5b7ae15667,Warning,Warning - Value dubious for this VR - (TAG) PN Patient's Name PN [1] = <TCGA-56-8625> - Retired Person Name form,1
not identifiable from index / tcga_sbu_til_maps,dciodvfy,1c33c5869368,Warning,Warning - Value dubious for this VR - (TAG) PN Patient's Name PN [1] = <TCGA-33-4566> - Retired Person Name form,1
not identifiable from index / tcga_sbu_til_maps,dciodvfy,1c3cb70b3486,Warning,Warning - Value dubious for this VR - (TAG) PN Patient's Name PN [1] = <TCGA-ZB-A96P> - Retired Person Name form,1
not identifiable from index / tcga_sbu_til_maps,dciodvfy,1eb12d99a365,Warning,Warning - Value dubious for this VR - (TAG) PN Patient's Name PN [1] = <TCGA-E9-A1R2> - Retired Person Name form,1
not identifiable from index / tcga_sbu_til_maps,dciodvfy,1f2ab24035b8,Warning,Warning - Value dubious for this VR - (TAG) PN Patient's Name PN [1] = <TCGA-OR-A5LD> - Retired Person Name form,1
not identifiable from index / tcga_sbu_til_maps,dciodvfy,1f6f2a68eca1,Warning,Warning - Value dubious for this VR - (TAG) PN Patient's Name PN [1] = <TCGA-BC-4073> - Retired Person Name form,1
not identifiable from index / tcga_sbu_til_maps,dciodvfy,1fc735ce4111,Warning,Warning - Value dubious for this VR - (TAG) PN Patient's Name PN [1] = <TCGA-BH-A0BP> - Retired Person Name form,1
not identifiable from index / tcga_sbu_til_maps,dciodvfy,1fd737610667,Warning,Warning - Value dubious for this VR - (TAG) PN Patient's Name PN [1] = <TCGA-CV-5976> - Retired Person Name form,1
not identifiable from index / tcga_sbu_til_maps,dciodvfy,226780860a36,Warning,Warning - Value dubious for this VR - (TAG) PN Patient's Name PN [1] = <TCGA-C5-A1MJ> - Retired Person Name form,1
not identifiable from index / tcga_sbu_til_maps,dciodvfy,22bcae6c23d8,Warning,Warning - Value dubious for this VR - (TAG) PN Patient's Name PN [1] = <TCGA-IB-7645> - Retired Person Name form,1
not identifiable from index / tcga_sbu_til_maps,dciodvfy,23d31234fb37,Warning,Warning - Value dubious for this VR - (TAG) PN Patient's Name PN [1] = <TCGA-23-2641> - Retired Person Name form,1
not identifiable from index / tcga_sbu_til_maps,dciodvfy,2528b16d2c3b,Warning,Warning - Value dubious for this VR - (TAG) PN Patient's Name PN [1] = <TCGA-CC-A1HT> - Retired Person Name form,1
not identifiable from index / tcga_sbu_til_maps,dciodvfy,2635e0c6e966,Warning,Warning - Value dubious for this VR - (TAG) PN Patient's Name PN [1] = <TCGA-A7-A13D> - Retired Person Name form,1
not identifiable from index / tcga_sbu_til_maps,dciodvfy,26d850516f7d,Warning,Warning - Value dubious for this VR - (TAG) PN Patient's Name PN [1] = <TCGA-2H-A9GN> - Retired Person Name form,1
not identifiable from index / tcga_sbu_til_maps,dciodvfy,2762c58f792d,Warning,Warning - Value dubious for this VR - (TAG) PN Patient's Name PN [1] = <TCGA-VS-A94X> - Retired Person Name form,1
not identifiable from index / tcga_sbu_til_maps,dciodvfy,279803425415,Warning,Warning - Value dubious for this VR - (TAG) PN Patient's Name PN [1] = <TCGA-B6-A0IP> - Retired Person Name form,1
not identifiable from index / tcga_sbu_til_maps,dciodvfy,28700c16dcbf,Warning,Warning - Value dubious for this VR - (TAG) PN Patient's Name PN [1] = <TCGA-AR-A1AS> - Retired Person Name form,1
not identifiable from index / tcga_sbu_til_maps,dciodvfy,28826cfa6472,Warning,Warning - Value dubious for this VR - (TAG) PN Patient's Name PN [1] = <TCGA-AA-3833> - Retired Person Name form,1
not identifiable from index / tcga_sbu_til_maps,dciodvfy,296b6d70754a,Warning,Warning - Value dubious for this VR - (TAG) PN Patient's Name PN [1] = <TCGA-49-AAR9> - Retired Person Name form,1
not identifiable from index / tcga_sbu_til_maps,dciodvfy,2b2c0bb40693,Warning,Warning - Value dubious for this VR - (TAG) PN Patient's Name PN [1] = <TCGA-E9-A1R5> - Retired Person Name form,1
not identifiable from index / tcga_sbu_til_maps,dciodvfy,2c3cdba0ce46,Warning,Warning - Value dubious for this VR - (TAG) PN Patient's Name PN [1] = <TCGA-VQ-A8PU> - Retired Person Name form,1
not identifiable from index / tcga_sbu_til_maps,dciodvfy,2c3ecb3bfdfc,Warning,Warning - Value dubious for this VR - (TAG) PN Patient's Name PN [1] = <TCGA-DD-AACS> - Retired Person Name form,1
not identifiable from index / tcga_sbu_til_maps,dciodvfy,2e063feceb9b,Warning,Warning - Value dubious for this VR - (TAG) PN Patient's Name PN [1] = <TCGA-SC-A6LR> - Retired Person Name form,1
not identifiable from index / tcga_sbu_til_maps,dciodvfy,2ec06ff39e80,Warning,Warning - Value dubious for this VR - (TAG) PN Patient's Name PN [1] = <TCGA-OR-A5JX> - Retired Person Name form,1
not identifiable from index / tcga_sbu_til_maps,dciodvfy,2fcb858333dc,Warning,Warning - Value dubious for this VR - (TAG) PN Patient's Name PN [1] = <TCGA-D3-A8GL> - Retired Person Name form,1
not identifiable from index / tcga_sbu_til_maps,dciodvfy,327e35a824c8,Warning,Warning - Value dubious for this VR - (TAG) PN Patient's Name PN [1] = <TCGA-HC-7818> - Retired Person Name form,1
not identifiable from index / tcga_sbu_til_maps,dciodvfy,3303ffff7b5d,Warning,Warning - Value dubious for this VR - (TAG) PN Patient's Name PN [1] = <TCGA-21-1075> - Retired Person Name form,1
not identifiable from index / tcga_sbu_til_maps,dciodvfy,33a73dd72a8c,Warning,Warning - Value dubious for this VR - (TAG) PN Patient's Name PN [1] = <TCGA-37-4141> - Retired Person Name form,1
not identifiable from index / tcga_sbu_til_maps,dciodvfy,35695e18648e,Warning,Warning - Value dubious for this VR - (TAG) PN Patient's Name PN [1] = <TCGA-85-8664> - Retired Person Name form,1
not identifiable from index / tcga_sbu_til_maps,dciodvfy,37feb5069535,Warning,Warning - Value dubious for this VR - (TAG) PN Patient's Name PN [1] = <TCGA-98-A53D> - Retired Person Name form,1
not identifiable from index / tcga_sbu_til_maps,dciodvfy,383ec68e11be,Warning,Warning - Value dubious for this VR - (TAG) PN Patient's Name PN [1] = <TCGA-EW-A2FR> - Retired Person Name form,1
not identifiable from index / tcga_sbu_til_maps,dciodvfy,3874761faa31,Warning,Warning - Value dubious for this VR - (TAG) PN Patient's Name PN [1] = <TCGA-CM-6163> - Retired Person Name form,1
not identifiable from index / tcga_sbu_til_maps,dciodvfy,388fe992a1ae,Warning,Warning - Value dubious for this VR - (TAG) PN Patient's Name PN [1] = <TCGA-AJ-A23M> - Retired Person Name form,1
not identifiable from index / tcga_sbu_til_maps,dciodvfy,39a0a8e1c34a,Warning,Warning - Value dubious for this VR - (TAG) PN Patient's Name PN [1] = <TCGA-LC-A66R> - Retired Person Name form,1
not identifiable from index / tcga_sbu_til_maps,dciodvfy,3a912e123431,Warning,Warning - Value dubious for this VR - (TAG) PN Patient's Name PN [1] = <TCGA-ZB-A96B> - Retired Person Name form,1
not identifiable from index / tcga_sbu_til_maps,dciodvfy,3bac994b6033,Warning,Warning - Value dubious for this VR - (TAG) PN Patient's Name PN [1] = <TCGA-HC-A6AL> - Retired Person Name form,1
not identifiable from index / tcga_sbu_til_maps,dciodvfy,3bd5d249cb7f,Warning,Warning - Value dubious for this VR - (TAG) PN Patient's Name PN [1] = <TCGA-BR-A4CS> - Retired Person Name form,1
not identifiable from index / tcga_sbu_til_maps,dciodvfy,3c90257e4879,Warning,Warning - Value dubious for this VR - (TAG) PN Patient's Name PN [1] = <TCGA-DD-AAC8> - Retired Person Name form,1
not identifiable from index / tcga_sbu_til_maps,dciodvfy,3cd63bf39f0f,Warning,Warning - Value dubious for this VR - (TAG) PN Patient's Name PN [1] = <TCGA-P6-A5OG> - Retired Person Name form,1
not identifiable from index / tcga_sbu_til_maps,dciodvfy,3e0344eb080b,Warning,Warning - Value dubious for this VR - (TAG) PN Patient's Name PN [1] = <TCGA-CZ-5467> - Retired Person Name form,1
not identifiable from index / tcga_sbu_til_maps,dciodvfy,3e8f9ce7fcc6,Warning,Warning - Value dubious for this VR - (TAG) PN Patient's Name PN [1] = <TCGA-42-2589> - Retired Person Name form,1
not identifiable from index / tcga_sbu_til_maps,dciodvfy,409bb9d923f6,Warning,Warning - Value dubious for this VR - (TAG) PN Patient's Name PN [1] = <TCGA-97-A4M3> - Retired Person Name form,1
not identifiable from index / tcga_sbu_til_maps,dciodvfy,409e5db76cc7,Warning,Warning - Value dubious for this VR - (TAG) PN Patient's Name PN [1] = <TCGA-85-A4CN> - Retired Person Name form,1
not identifiable from index / tcga_sbu_til_maps,dciodvfy,4172e720e1ad,Warning,Warning - Value dubious for this VR - (TAG) PN Patient's Name PN [1] = <TCGA-KK-A6E5> - Retired Person Name form,1
not identifiable from index / tcga_sbu_til_maps,dciodvfy,41a7c961715d,Warning,Warning - Value dubious for this VR - (TAG) PN Patient's Name PN [1] = <TCGA-93-8067> - Retired Person Name form,1
not identifiable from index / tcga_sbu_til_maps,dciodvfy,43df26153847,Warning,Warning - Value dubious for this VR - (TAG) PN Patient's Name PN [1] = <TCGA-CM-5868> - Retired Person Name form,1
not identifiable from index / tcga_sbu_til_maps,dciodvfy,43fffb4efc93,Warning,Warning - Value dubious for this VR - (TAG) PN Patient's Name PN [1] = <TCGA-HD-A6HZ> - Retired Person Name form,1
not identifiable from index / tcga_sbu_til_maps,dciodvfy,44233c358338,Warning,Warning - Value dubious for this VR - (TAG) PN Patient's Name PN [1] = <TCGA-DD-AADR> - Retired Person Name form,1
not identifiable from index / tcga_sbu_til_maps,dciodvfy,442b1e5a468d,Warning,Warning - Value dubious for this VR - (TAG) PN Patient's Name PN [1] = <TCGA-FB-AAPU> - Retired Person Name form,1
not identifiable from index / tcga_sbu_til_maps,dciodvfy,44ad1d5261e5,Warning,Warning - Value dubious for this VR - (TAG) PN Patient's Name PN [1] = <TCGA-BH-A1ET> - Retired Person Name form,1
not identifiable from index / tcga_sbu_til_maps,dciodvfy,44bcef3b25ed,Warning,Warning - Value dubious for this VR - (TAG) PN Patient's Name PN [1] = <TCGA-77-8136> - Retired Person Name form,1
not identifiable from index / tcga_sbu_til_maps,dciodvfy,45d0926fdaa8,Warning,Warning - Value dubious for this VR - (TAG) PN Patient's Name PN [1] = <TCGA-BP-4972> - Retired Person Name form,1
not identifiable from index / tcga_sbu_til_maps,dciodvfy,4634b275334b,Warning,Warning - Value dubious for this VR - (TAG) PN Patient's Name PN [1] = <TCGA-BP-4160> - Retired Person Name form,1
not identifiable from index / tcga_sbu_til_maps,dciodvfy,46a8f2696360,Warning,Warning - Value dubious for this VR - (TAG) PN Patient's Name PN [1] = <TCGA-E9-A248> - Retired Person Name form,1
not identifiable from index / tcga_sbu_til_maps,dciodvfy,470097222089,Warning,Warning - Value dubious for this VR - (TAG) PN Patient's Name PN [1] = <TCGA-49-4490> - Retired Person Name form,1
not identifiable from index / tcga_sbu_til_maps,dciodvfy,479ec4227247,Warning,Warning - Value dubious for this VR - (TAG) PN Patient's Name PN [1] = <TCGA-EJ-7328> - Retired Person Name form,1
not identifiable from index / tcga_sbu_til_maps,dciodvfy,47aded1f03fb,Warning,Warning - Value dubious for this VR - (TAG) PN Patient's Name PN [1] = <TCGA-AC-A2QJ> - Retired Person Name form,1
not identifiable from index / tcga_sbu_til_maps,dciodvfy,47b7e9d133a9,Warning,Warning - Value dubious for this VR - (TAG) PN Patient's Name PN [1] = <TCGA-FV-A496> - Retired Person Name form,1
not identifiable from index / tcga_sbu_til_maps,dciodvfy,47c2bfffda67,Warning,Warning - Value dubious for this VR - (TAG) PN Patient's Name PN [1] = <TCGA-XF-A9SM> - Retired Person Name form,1
not identifiable from index / tcga_sbu_til_maps,dciodvfy,483332aa952a,Warning,Warning - Value dubious for this VR - (TAG) PN Patient's Name PN [1] = <TCGA-VQ-AA6D> - Retired Person Name form,1
not identifiable from index / tcga_sbu_til_maps,dciodvfy,48872d7c6170,Warning,Warning - Value dubious for this VR - (TAG) PN Patient's Name PN [1] = <TCGA-22-4596> - Retired Person Name form,1
not identifiable from index / tcga_sbu_til_maps,dciodvfy,488fb9aa2774,Warning,Warning - Value dubious for this VR - (TAG) PN Patient's Name PN [1] = <TCGA-YL-A8HM> - Retired Person Name form,1
not identifiable from index / tcga_sbu_til_maps,dciodvfy,4aeee031b2b1,Warning,Warning - Value dubious for this VR - (TAG) PN Patient's Name PN [1] = <TCGA-BF-AAP6> - Retired Person Name form,1
not identifiable from index / tcga_sbu_til_maps,dciodvfy,4b4916da715d,Warning,Warning - Value dubious for this VR - (TAG) PN Patient's Name PN [1] = <TCGA-LK-A4O6> - Retired Person Name form,1
not identifiable from index / tcga_sbu_til_maps,dciodvfy,4b9d284b3a12,Warning,Warning - Value dubious for this VR - (TAG) PN Patient's Name PN [1] = <TCGA-66-2791> - Retired Person Name form,1
not identifiable from index / tcga_sbu_til_maps,dciodvfy,4c1f70d2f1f7,Warning,Warning - Value dubious for this VR - (TAG) PN Patient's Name PN [1] = <TCGA-IB-7891> - Retired Person Name form,1
not identifiable from index / tcga_sbu_til_maps,dciodvfy,4c8834543b7c,Warning,Warning - Value dubious for this VR - (TAG) PN Patient's Name PN [1] = <TCGA-55-8302> - Retired Person Name form,1
not identifiable from index / tcga_sbu_til_maps,dciodvfy,4cabe028a652,Warning,Warning - Value dubious for this VR - (TAG) PN Patient's Name PN [1] = <TCGA-BR-4361> - Retired Person Name form,1
not identifiable from index / tcga_sbu_til_maps,dciodvfy,4cb8a305d6d8,Warning,Warning - Value dubious for this VR - (TAG) PN Patient's Name PN [1] = <TCGA-77-7141> - Retired Person Name form,1
not identifiable from index / tcga_sbu_til_maps,dciodvfy,4cc2373d06b7,Warning,Warning - Value dubious for this VR - (TAG) PN Patient's Name PN [1] = <TCGA-AG-A00Y> - Retired Person Name form,1
not identifiable from index / tcga_sbu_til_maps,dciodvfy,4d974c254612,Warning,Warning - Value dubious for this VR - (TAG) PN Patient's Name PN [1] = <TCGA-FB-AAQ1> - Retired Person Name form,1
not identifiable from index / tcga_sbu_til_maps,dciodvfy,5022e430489a,Warning,Warning - Value dubious for this VR - (TAG) PN Patient's Name PN [1] = <TCGA-DC-6683> - Retired Person Name form,1
not identifiable from index / tcga_sbu_til_maps,dciodvfy,5033acf76769,Warning,Warning - Value dubious for this VR - (TAG) PN Patient's Name PN [1] = <TCGA-CV-5440> - Retired Person Name form,1
not identifiable from index / tcga_sbu_til_maps,dciodvfy,511818fe189d,Warning,Warning - Value dubious for this VR - (TAG) PN Patient's Name PN [1] = <TCGA-AO-A128> - Retired Person Name form,1
not identifiable from index / tcga_sbu_til_maps,dciodvfy,521ca02b5dc8,Warning,Warning - Value dubious for this VR - (TAG) PN Patient's Name PN [1] = <TCGA-AY-A54L> - Retired Person Name form,1
not identifiable from index / tcga_sbu_til_maps,dciodvfy,52c9c7ff8c06,Warning,Warning - Value dubious for this VR - (TAG) PN Patient's Name PN [1] = <TCGA-H7-A6C5> - Retired Person Name form,1
not identifiable from index / tcga_sbu_til_maps,dciodvfy,53c9866a4f00,Warning,Warning - Value dubious for this VR - (TAG) PN Patient's Name PN [1] = <TCGA-BT-A42B> - Retired Person Name form,1
not identifiable from index / tcga_sbu_til_maps,dciodvfy,53de230135f0,Warning,Warning - Value dubious for this VR - (TAG) PN Patient's Name PN [1] = <TCGA-NJ-A4YF> - Retired Person Name form,1
not identifiable from index / tcga_sbu_til_maps,dciodvfy,550687c4679a,Warning,Warning - Value dubious for this VR - (TAG) PN Patient's Name PN [1] = <TCGA-UD-AAC5> - Retired Person Name form,1
not identifiable from index / tcga_sbu_til_maps,dciodvfy,5642496bca9d,Warning,Warning - Value dubious for this VR - (TAG) PN Patient's Name PN [1] = <TCGA-CM-4743> - Retired Person Name form,1
not identifiable from index / tcga_sbu_til_maps,dciodvfy,56d4691977f4,Warning,Warning - Value dubious for this VR - (TAG) PN Patient's Name PN [1] = <TCGA-DX-A8BJ> - Retired Person Name form,1
not identifiable from index / tcga_sbu_til_maps,dciodvfy,5711cf52587d,Warning,Warning - Value dubious for this VR - (TAG) PN Patient's Name PN [1] = <TCGA-D1-A0ZU> - Retired Person Name form,1
not identifiable from index / tcga_sbu_til_maps,dciodvfy,57dbce1388cf,Warning,Warning - Value dubious for this VR - (TAG) PN Patient's Name PN [1] = <TCGA-55-6968> - Retired Person Name form,1
not identifiable from index / tcga_sbu_til_maps,dciodvfy,598ff4138c3f,Warning,Warning - Value dubious for this VR - (TAG) PN Patient's Name PN [1] = <TCGA-94-8490> - Retired Person Name form,1
not identifiable from index / tcga_sbu_til_maps,dciodvfy,59bd6f0e2169,Warning,Warning - Value dubious for this VR - (TAG) PN Patient's Name PN [1] = <TCGA-EO-A2CG> - Retired Person Name form,1
not identifiable from index / tcga_sbu_til_maps,dciodvfy,5ac647eb0865,Warning,Warning - Value dubious for this VR - (TAG) PN Patient's Name PN [1] = <TCGA-05-4420> - Retired Person Name form,1
not identifiable from index / tcga_sbu_til_maps,dciodvfy,5b6510042778,Warning,Warning - Value dubious for this VR - (TAG) PN Patient's Name PN [1] = <TCGA-EE-A3J4> - Retired Person Name form,1
not identifiable from index / tcga_sbu_til_maps,dciodvfy,5c0986ebac76,Warning,Warning - Value dubious for this VR - (TAG) PN Patient's Name PN [1] = <TCGA-VS-A9UR> - Retired Person Name form,1
not identifiable from index / tcga_sbu_til_maps,dciodvfy,5c8f6f87b505,Warning,Warning - Value dubious for this VR - (TAG) PN Patient's Name PN [1] = <TCGA-BG-A0W1> - Retired Person Name form,1
not identifiable from index / tcga_sbu_til_maps,dciodvfy,5cc514e5d488,Warning,Warning - Value dubious for this VR - (TAG) PN Patient's Name PN [1] = <TCGA-25-1314> - Retired Person Name form,1
not identifiable from index / tcga_sbu_til_maps,dciodvfy,5d465c9761b2,Warning,Warning - Value dubious for this VR - (TAG) PN Patient's Name PN [1] = <TCGA-IB-AAUT> - Retired Person Name form,1
not identifiable from index / tcga_sbu_til_maps,dciodvfy,5d98b9713f99,Warning,Warning - Value dubious for this VR - (TAG) PN Patient's Name PN [1] = <TCGA-ER-A19K> - Retired Person Name form,1
not identifiable from index / tcga_sbu_til_maps,dciodvfy,5d9eb5e29356,Warning,Warning - Value dubious for this VR - (TAG) PN Patient's Name PN [1] = <TCGA-CN-6989> - Retired Person Name form,1
not identifiable from index / tcga_sbu_til_maps,dciodvfy,5dfcb7f2d2fd,Warning,Warning - Value dubious for this VR - (TAG) PN Patient's Name PN [1] = <TCGA-CD-5799> - Retired Person Name form,1
not identifiable from index / tcga_sbu_til_maps,dciodvfy,5e8faaf63751,Warning,Warning - Value dubious for this VR - (TAG) PN Patient's Name PN [1] = <TCGA-AZ-6603> - Retired Person Name form,1
not identifiable from index / tcga_sbu_til_maps,dciodvfy,5fac74ad1016,Warning,Warning - Value dubious for this VR - (TAG) PN Patient's Name PN [1] = <TCGA-G4-6314> - Retired Person Name form,1
not identifiable from index / tcga_sbu_til_maps,dciodvfy,606db9a2c446,Warning,Warning - Value dubious for this VR - (TAG) PN Patient's Name PN [1] = <TCGA-UT-A88G> - Retired Person Name form,1
not identifiable from index / tcga_sbu_til_maps,dciodvfy,60fdc363c568,Warning,Warning - Value dubious for this VR - (TAG) PN Patient's Name PN [1] = <TCGA-56-8082> - Retired Person Name form,1
not identifiable from index / tcga_sbu_til_maps,dciodvfy,6188ce3074fc,Warning,Warning - Value dubious for this VR - (TAG) PN Patient's Name PN [1] = <TCGA-A2-A0CT> - Retired Person Name form,1
not identifiable from index / tcga_sbu_til_maps,dciodvfy,61d1939a16e1,Warning,Warning - Value dubious for this VR - (TAG) PN Patient's Name PN [1] = <TCGA-60-2714> - Retired Person Name form,1
not identifiable from index / tcga_sbu_til_maps,dciodvfy,628db63db2a7,Warning,Warning - Value dubious for this VR - (TAG) PN Patient's Name PN [1] = <TCGA-AA-3527> - Retired Person Name form,1
not identifiable from index / tcga_sbu_til_maps,dciodvfy,631c2b7cf27f,Warning,Warning - Value dubious for this VR - (TAG) PN Patient's Name PN [1] = <TCGA-AG-3575> - Retired Person Name form,1
not identifiable from index / tcga_sbu_til_maps,dciodvfy,63a8a5a2cc56,Warning,Warning - Value dubious for this VR - (TAG) PN Patient's Name PN [1] = <TCGA-97-8177> - Retired Person Name form,1
not identifiable from index / tcga_sbu_til_maps,dciodvfy,64267431fdb6,Warning,Warning - Value dubious for this VR - (TAG) PN Patient's Name PN [1] = <TCGA-49-4488> - Retired Person Name form,1
not identifiable from index / tcga_sbu_til_maps,dciodvfy,646f97fb2298,Warning,Warning - Value dubious for this VR - (TAG) PN Patient's Name PN [1] = <TCGA-37-4135> - Retired Person Name form,1
not identifiable from index / tcga_sbu_til_maps,dciodvfy,64f558fbfbcb,Warning,Warning - Value dubious for this VR - (TAG) PN Patient's Name PN [1] = <TCGA-E9-A2JT> - Retired Person Name form,1
not identifiable from index / tcga_sbu_til_maps,dciodvfy,663ad4aa9bff,Warning,Warning - Value dubious for this VR - (TAG) PN Patient's Name PN [1] = <TCGA-AA-A00Z> - Retired Person Name form,1
not identifiable from index / tcga_sbu_til_maps,dciodvfy,6677bf228cf7,Warning,Warning - Value dubious for this VR - (TAG) PN Patient's Name PN [1] = <TCGA-OR-A5K6> - Retired Person Name form,1
not identifiable from index / tcga_sbu_til_maps,dciodvfy,6691fae40b09,Warning,Warning - Value dubious for this VR - (TAG) PN Patient's Name PN [1] = <TCGA-RN-AAAQ> - Retired Person Name form,1
not identifiable from index / tcga_sbu_til_maps,dciodvfy,669a4abad986,Warning,Warning - Value dubious for this VR - (TAG) PN Patient's Name PN [1] = <TCGA-E7-A4IJ> - Retired Person Name form,1
not identifiable from index / tcga_sbu_til_maps,dciodvfy,66b6aa704a07,Warning,Warning - Value dubious for this VR - (TAG) PN Patient's Name PN [1] = <TCGA-AX-A05W> - Retired Person Name form,1
not identifiable from index / tcga_sbu_til_maps,dciodvfy,679eb5a17083,Warning,Warning - Value dubious for this VR - (TAG) PN Patient's Name PN [1] = <TCGA-39-5040> - Retired Person Name form,1
not identifiable from index / tcga_sbu_til_maps,dciodvfy,67bc36b1a4b6,Warning,Warning - Value dubious for this VR - (TAG) PN Patient's Name PN [1] = <TCGA-A6-2675> - Retired Person Name form,1
not identifiable from index / tcga_sbu_til_maps,dciodvfy,6867f1159db6,Warning,Warning - Value dubious for this VR - (TAG) PN Patient's Name PN [1] = <TCGA-DD-A4NR> - Retired Person Name form,1
not identifiable from index / tcga_sbu_til_maps,dciodvfy,68811843eb24,Warning,Warning - Value dubious for this VR - (TAG) PN Patient's Name PN [1] = <TCGA-B6-A0IN> - Retired Person Name form,1
not identifiable from index / tcga_sbu_til_maps,dciodvfy,695b3bebe74e,Warning,Warning - Value dubious for this VR - (TAG) PN Patient's Name PN [1] = <TCGA-D7-A4Z0> - Retired Person Name form,1
not identifiable from index / tcga_sbu_til_maps,dciodvfy,6ba48153b302,Warning,Warning - Value dubious for this VR - (TAG) PN Patient's Name PN [1] = <TCGA-BH-A0DL> - Retired Person Name form,1
not identifiable from index / tcga_sbu_til_maps,dciodvfy,6bc0096f8973,Warning,Warning - Value dubious for this VR - (TAG) PN Patient's Name PN [1] = <TCGA-D1-A162> - Retired Person Name form,1
not identifiable from index / tcga_sbu_til_maps,dciodvfy,6bfe7cebdd3a,Warning,Warning - Value dubious for this VR - (TAG) PN Patient's Name PN [1] = <TCGA-FU-A3HY> - Retired Person Name form,1
not identifiable from index / tcga_sbu_til_maps,dciodvfy,6c4c4e053aa0,Warning,Warning - Value dubious for this VR - (TAG) PN Patient's Name PN [1] = <TCGA-A2-A0YK> - Retired Person Name form,1
not identifiable from index / tcga_sbu_til_maps,dciodvfy,6fa1ad727a25,Warning,Warning - Value dubious for this VR - (TAG) PN Patient's Name PN [1] = <TCGA-HZ-8005> - Retired Person Name form,1
not identifiable from index / tcga_sbu_til_maps,dciodvfy,6fdce554ebb3,Warning,Warning - Value dubious for this VR - (TAG) PN Patient's Name PN [1] = <TCGA-EX-A8YF> - Retired Person Name form,1
not identifiable from index / tcga_sbu_til_maps,dciodvfy,70b466861470,Warning,Warning - Value dubious for this VR - (TAG) PN Patient's Name PN [1] = <TCGA-CC-A3M9> - Retired Person Name form,1
not identifiable from index / tcga_sbu_til_maps,dciodvfy,72822091fb36,Warning,Warning - Value dubious for this VR - (TAG) PN Patient's Name PN [1] = <TCGA-OR-A5JP> - Retired Person Name form,1
not identifiable from index / tcga_sbu_til_maps,dciodvfy,72c98117efd4,Warning,Warning - Value dubious for this VR - (TAG) PN Patient's Name PN [1] = <TCGA-CJ-4636> - Retired Person Name form,1
not identifiable from index / tcga_sbu_til_maps,dciodvfy,73e6e0ddce0d,Warning,Warning - Value dubious for this VR - (TAG) PN Patient's Name PN [1] = <TCGA-43-3394> - Retired Person Name form,1
not identifiable from index / tcga_sbu_til_maps,dciodvfy,7591c5c6f881,Warning,Warning - Value dubious for this VR - (TAG) PN Patient's Name PN [1] = <TCGA-D7-A6EX> - Retired Person Name form,1
not identifiable from index / tcga_sbu_til_maps,dciodvfy,75b09c7f0983,Warning,Warning - Value dubious for this VR - (TAG) PN Patient's Name PN [1] = <TCGA-D8-A73X> - Retired Person Name form,1
not identifiable from index / tcga_sbu_til_maps,dciodvfy,7609cb05f25e,Warning,Warning - Value dubious for this VR - (TAG) PN Patient's Name PN [1] = <TCGA-C5-A2LT> - Retired Person Name form,1
not identifiable from index / tcga_sbu_til_maps,dciodvfy,76601e2b4e90,Warning,Warning - Value dubious for this VR - (TAG) PN Patient's Name PN [1] = <TCGA-2Y-A9H3> - Retired Person Name form,1
not identifiable from index / tcga_sbu_til_maps,dciodvfy,78a55f18e712,Warning,Warning - Value dubious for this VR - (TAG) PN Patient's Name PN [1] = <TCGA-AA-3845> - Retired Person Name form,1
not identifiable from index / tcga_sbu_til_maps,dciodvfy,78f9f068778d,Warning,Warning - Value dubious for this VR - (TAG) PN Patient's Name PN [1] = <TCGA-39-5019> - Retired Person Name form,1
not identifiable from index / tcga_sbu_til_maps,dciodvfy,7a24c9828991,Warning,Warning - Value dubious for this VR - (TAG) PN Patient's Name PN [1] = <TCGA-EI-6881> - Retired Person Name form,1
not identifiable from index / tcga_sbu_til_maps,dciodvfy,7ab8e87d2764,Warning,Warning - Value dubious for this VR - (TAG) PN Patient's Name PN [1] = <TCGA-DM-A0X9> - Retired Person Name form,1
not identifiable from index / tcga_sbu_til_maps,dciodvfy,7ad58431a425,Warning,Warning - Value dubious for this VR - (TAG) PN Patient's Name PN [1] = <TCGA-95-7039> - Retired Person Name form,1
not identifiable from index / tcga_sbu_til_maps,dciodvfy,7b476ddbccab,Warning,Warning - Value dubious for this VR - (TAG) PN Patient's Name PN [1] = <TCGA-AZ-6605> - Retired Person Name form,1
not identifiable from index / tcga_sbu_til_maps,dciodvfy,7b9fe37a328e,Warning,Warning - Value dubious for this VR - (TAG) PN Patient's Name PN [1] = <TCGA-AH-6643> - Retired Person Name form,1
not identifiable from index / tcga_sbu_til_maps,dciodvfy,7c29328d8488,Warning,Warning - Value dubious for this VR - (TAG) PN Patient's Name PN [1] = <TCGA-UD-AABZ> - Retired Person Name form,1
not identifiable from index / tcga_sbu_til_maps,dciodvfy,7cb869f7cd03,Warning,Warning - Value dubious for this VR - (TAG) PN Patient's Name PN [1] = <TCGA-CQ-5324> - Retired Person Name form,1
not identifiable from index / tcga_sbu_til_maps,dciodvfy,7d7c59841e82,Warning,Warning - Value dubious for this VR - (TAG) PN Patient's Name PN [1] = <TCGA-AG-3725> - Retired Person Name form,1
not identifiable from index / tcga_sbu_til_maps,dciodvfy,7da197071aac,Warning,Warning - Value dubious for this VR - (TAG) PN Patient's Name PN [1] = <TCGA-2G-AAHN> - Retired Person Name form,1
not identifiable from index / tcga_sbu_til_maps,dciodvfy,7e605b304c46,Warning,Warning - Value dubious for this VR - (TAG) PN Patient's Name PN [1] = <TCGA-HU-A4H6> - Retired Person Name form,1
not identifiable from index / tcga_sbu_til_maps,dciodvfy,806d3379aead,Warning,Warning - Value dubious for this VR - (TAG) PN Patient's Name PN [1] = <TCGA-BP-4795> - Retired Person Name form,1
not identifiable from index / tcga_sbu_til_maps,dciodvfy,80a392a1e06a,Warning,Warning - Value dubious for this VR - (TAG) PN Patient's Name PN [1] = <TCGA-D9-A6EG> - Retired Person Name form,1
not identifiable from index / tcga_sbu_til_maps,dciodvfy,80b5615ba71f,Warning,Warning - Value dubious for this VR - (TAG) PN Patient's Name PN [1] = <TCGA-CG-4476> - Retired Person Name form,1
not identifiable from index / tcga_sbu_til_maps,dciodvfy,8102ab2ef88d,Warning,Warning - Value dubious for this VR - (TAG) PN Patient's Name PN [1] = <TCGA-P3-A5QE> - Retired Person Name form,1
not identifiable from index / tcga_sbu_til_maps,dciodvfy,8122baabe0a9,Warning,Warning - Value dubious for this VR - (TAG) PN Patient's Name PN [1] = <TCGA-CV-7423> - Retired Person Name form,1
not identifiable from index / tcga_sbu_til_maps,dciodvfy,8168d9b0c43f,Warning,Warning - Value dubious for this VR - (TAG) PN Patient's Name PN [1] = <TCGA-ZB-A966> - Retired Person Name form,1
not identifiable from index / tcga_sbu_til_maps,dciodvfy,818c5c0e6b63,Warning,Warning - Value dubious for this VR - (TAG) PN Patient's Name PN [1] = <TCGA-23-2647> - Retired Person Name form,1
not identifiable from index / tcga_sbu_til_maps,dciodvfy,81d308ce93a7,Warning,Warning - Value dubious for this VR - (TAG) PN Patient's Name PN [1] = <TCGA-EU-5904> - Retired Person Name form,1
not identifiable from index / tcga_sbu_til_maps,dciodvfy,81e39d187e03,Warning,Warning - Value dubious for this VR - (TAG) PN Patient's Name PN [1] = <TCGA-VS-A9UM> - Retired Person Name form,1
not identifiable from index / tcga_sbu_til_maps,dciodvfy,8409491d1882,Warning,Warning - Value dubious for this VR - (TAG) PN Patient's Name PN [1] = <TCGA-AA-3518> - Retired Person Name form,1
not identifiable from index / tcga_sbu_til_maps,dciodvfy,842689a85c5a,Warning,Warning - Value dubious for this VR - (TAG) PN Patient's Name PN [1] = <TCGA-66-2770> - Retired Person Name form,1
not identifiable from index / tcga_sbu_til_maps,dciodvfy,84a1271be351,Warning,Warning - Value dubious for this VR - (TAG) PN Patient's Name PN [1] = <TCGA-KK-A7AP> - Retired Person Name form,1
not identifiable from index / tcga_sbu_til_maps,dciodvfy,852be6babb83,Warning,Warning - Value dubious for this VR - (TAG) PN Patient's Name PN [1] = <TCGA-CV-6950> - Retired Person Name form,1
not identifiable from index / tcga_sbu_til_maps,dciodvfy,85dc186fa0c0,Warning,Warning - Value dubious for this VR - (TAG) PN Patient's Name PN [1] = <TCGA-B8-5158> - Retired Person Name form,1
not identifiable from index / tcga_sbu_til_maps,dciodvfy,866d597e4755,Warning,Warning - Value dubious for this VR - (TAG) PN Patient's Name PN [1] = <TCGA-B4-5843> - Retired Person Name form,1
not identifiable from index / tcga_sbu_til_maps,dciodvfy,88f69d434501,Warning,Warning - Value dubious for this VR - (TAG) PN Patient's Name PN [1] = <TCGA-3C-AALI> - Retired Person Name form,1
not identifiable from index / tcga_sbu_til_maps,dciodvfy,892cba0e2324,Warning,Warning - Value dubious for this VR - (TAG) PN Patient's Name PN [1] = <TCGA-DM-A285> - Retired Person Name form,1
not identifiable from index / tcga_sbu_til_maps,dciodvfy,8a646e01dd73,Warning,Warning - Value dubious for this VR - (TAG) PN Patient's Name PN [1] = <TCGA-AF-A56N> - Retired Person Name form,1
not identifiable from index / tcga_sbu_til_maps,dciodvfy,8ad3df75919b,Warning,Warning - Value dubious for this VR - (TAG) PN Patient's Name PN [1] = <TCGA-FT-A3EE> - Retired Person Name form,1
not identifiable from index / tcga_sbu_til_maps,dciodvfy,8b20e2170d40,Warning,Warning - Value dubious for this VR - (TAG) PN Patient's Name PN [1] = <TCGA-IQ-A61E> - Retired Person Name form,1
not identifiable from index / tcga_sbu_til_maps,dciodvfy,8b9339610e01,Warning,Warning - Value dubious for this VR - (TAG) PN Patient's Name PN [1] = <TCGA-69-8255> - Retired Person Name form,1
not identifiable from index / tcga_sbu_til_maps,dciodvfy,8bcc4a75fcfe,Warning,Warning - Value dubious for this VR - (TAG) PN Patient's Name PN [1] = <TCGA-51-4079> - Retired Person Name form,1
not identifiable from index / tcga_sbu_til_maps,dciodvfy,8d07dba2743f,Warning,Warning - Value dubious for this VR - (TAG) PN Patient's Name PN [1] = <TCGA-50-5045> - Retired Person Name form,1
not identifiable from index / tcga_sbu_til_maps,dciodvfy,8d0ffb60f5f4,Warning,Warning - Value dubious for this VR - (TAG) PN Patient's Name PN [1] = <TCGA-DG-A2KH> - Retired Person Name form,1
not identifiable from index / tcga_sbu_til_maps,dciodvfy,8d39a1c149bd,Warning,Warning - Value dubious for this VR - (TAG) PN Patient's Name PN [1] = <TCGA-A8-A093> - Retired Person Name form,1
not identifiable from index / tcga_sbu_til_maps,dciodvfy,8f1b50ea67b1,Warning,Warning - Value dubious for this VR - (TAG) PN Patient's Name PN [1] = <TCGA-AA-A00A> - Retired Person Name form,1
not identifiable from index / tcga_sbu_til_maps,dciodvfy,8f5fb6e5f8c6,Warning,Warning - Value dubious for this VR - (TAG) PN Patient's Name PN [1] = <TCGA-A8-A09Z> - Retired Person Name form,1
not identifiable from index / tcga_sbu_til_maps,dciodvfy,9165eeaf6a8b,Warning,Warning - Value dubious for this VR - (TAG) PN Patient's Name PN [1] = <TCGA-LB-A8F3> - Retired Person Name form,1
not identifiable from index / tcga_sbu_til_maps,dciodvfy,91d442f0ec8a,Warning,Warning - Value dubious for this VR - (TAG) PN Patient's Name PN [1] = <TCGA-XF-A9SG> - Retired Person Name form,1
not identifiable from index / tcga_sbu_til_maps,dciodvfy,932d84ce8466,Warning,Warning - Value dubious for this VR - (TAG) PN Patient's Name PN [1] = <TCGA-B0-5104> - Retired Person Name form,1
not identifiable from index / tcga_sbu_til_maps,dciodvfy,9458f656f007,Warning,Warning - Value dubious for this VR - (TAG) PN Patient's Name PN [1] = <TCGA-ED-A7PX> - Retired Person Name form,1
not identifiable from index / tcga_sbu_til_maps,dciodvfy,946689e58a4a,Warning,Warning - Value dubious for this VR - (TAG) PN Patient's Name PN [1] = <TCGA-A6-6141> - Retired Person Name form,1
not identifiable from index / tcga_sbu_til_maps,dciodvfy,947ea4a3cf21,Warning,Warning - Value dubious for this VR - (TAG) PN Patient's Name PN [1] = <TCGA-M7-A721> - Retired Person Name form,1
not identifiable from index / tcga_sbu_til_maps,dciodvfy,94ffaacd3724,Warning,Warning - Value dubious for this VR - (TAG) PN Patient's Name PN [1] = <TCGA-E2-A107> - Retired Person Name form,1
not identifiable from index / tcga_sbu_til_maps,dciodvfy,9570d6375c0c,Warning,Warning - Value dubious for this VR - (TAG) PN Patient's Name PN [1] = <TCGA-E2-A14T> - Retired Person Name form,1
not identifiable from index / tcga_sbu_til_maps,dciodvfy,958d9611b145,Warning,Warning - Value dubious for this VR - (TAG) PN Patient's Name PN [1] = <TCGA-E2-A15K> - Retired Person Name form,1
not identifiable from index / tcga_sbu_til_maps,dciodvfy,965dcb58b507,Warning,Warning - Value dubious for this VR - (TAG) PN Patient's Name PN [1] = <TCGA-D8-A1XO> - Retired Person Name form,1
not identifiable from index / tcga_sbu_til_maps,dciodvfy,973baa2fc04c,Warning,Warning - Value dubious for this VR - (TAG) PN Patient's Name PN [1] = <TCGA-DA-A95W> - Retired Person Name form,1
not identifiable from index / tcga_sbu_til_maps,dciodvfy,9744067d0dfb,Warning,Warning - Value dubious for this VR - (TAG) PN Patient's Name PN [1] = <TCGA-IB-7889> - Retired Person Name form,1
not identifiable from index / tcga_sbu_til_maps,dciodvfy,97449408777f,Warning,Warning - Value dubious for this VR - (TAG) PN Patient's Name PN [1] = <TCGA-CJ-5683> - Retired Person Name form,1
not identifiable from index / tcga_sbu_til_maps,dciodvfy,9773ec0679ba,Warning,Warning - Value dubious for this VR - (TAG) PN Patient's Name PN [1] = <TCGA-OR-A5JT> - Retired Person Name form,1
not identifiable from index / tcga_sbu_til_maps,dciodvfy,97a521c54685,Warning,Warning - Value dubious for this VR - (TAG) PN Patient's Name PN [1] = <TCGA-CN-A63V> - Retired Person Name form,1
not identifiable from index / tcga_sbu_til_maps,dciodvfy,97d1ea6912ae,Warning,Warning - Value dubious for this VR - (TAG) PN Patient's Name PN [1] = <TCGA-71-6725> - Retired Person Name form,1
not identifiable from index / tcga_sbu_til_maps,dciodvfy,9804a101badc,Warning,Warning - Value dubious for this VR - (TAG) PN Patient's Name PN [1] = <TCGA-AZ-6606> - Retired Person Name form,1
not identifiable from index / tcga_sbu_til_maps,dciodvfy,981dc499b5df,Warning,Warning - Value dubious for this VR - (TAG) PN Patient's Name PN [1] = <TCGA-CJ-4885> - Retired Person Name form,1
not identifiable from index / tcga_sbu_til_maps,dciodvfy,98579c8b4b2b,Warning,Warning - Value dubious for this VR - (TAG) PN Patient's Name PN [1] = <TCGA-BR-A4QL> - Retired Person Name form,1
not identifiable from index / tcga_sbu_til_maps,dciodvfy,985b66580755,Warning,Warning - Value dubious for this VR - (TAG) PN Patient's Name PN [1] = <TCGA-HF-7134> - Retired Person Name form,1
not identifiable from index / tcga_sbu_til_maps,dciodvfy,99e1a6c3bca2,Warning,Warning - Value dubious for this VR - (TAG) PN Patient's Name PN [1] = <TCGA-AR-A1AJ> - Retired Person Name form,1
not identifiable from index / tcga_sbu_til_maps,dciodvfy,9a10992dc4f7,Warning,Warning - Value dubious for this VR - (TAG) PN Patient's Name PN [1] = <TCGA-IN-7806> - Retired Person Name form,1
not identifiable from index / tcga_sbu_til_maps,dciodvfy,9c48113fd2bd,Warning,Warning - Value dubious for this VR - (TAG) PN Patient's Name PN [1] = <TCGA-25-1323> - Retired Person Name form,1
not identifiable from index / tcga_sbu_til_maps,dciodvfy,9ca20b8e2dde,Warning,Warning - Value dubious for this VR - (TAG) PN Patient's Name PN [1] = <TCGA-3B-A9HZ> - Retired Person Name form,1
not identifiable from index / tcga_sbu_til_maps,dciodvfy,9da5859755e6,Warning,Warning - Value dubious for this VR - (TAG) PN Patient's Name PN [1] = <TCGA-D7-A6ET> - Retired Person Name form,1
not identifiable from index / tcga_sbu_til_maps,dciodvfy,9de30b8bc551,Warning,Warning - Value dubious for this VR - (TAG) PN Patient's Name PN [1] = <TCGA-TS-A8AV> - Retired Person Name form,1
not identifiable from index / tcga_sbu_til_maps,dciodvfy,9ed8db7128d0,Warning,Warning - Value dubious for this VR - (TAG) PN Patient's Name PN [1] = <TCGA-77-8150> - Retired Person Name form,1
not identifiable from index / tcga_sbu_til_maps,dciodvfy,9f6691fbde74,Warning,Warning - Value dubious for this VR - (TAG) PN Patient's Name PN [1] = <TCGA-VQ-A91E> - Retired Person Name form,1
not identifiable from index / tcga_sbu_til_maps,dciodvfy,9f993e92ef09,Warning,Warning - Value dubious for this VR - (TAG) PN Patient's Name PN [1] = <TCGA-LN-A4A8> - Retired Person Name form,1
not identifiable from index / tcga_sbu_til_maps,dciodvfy,9fb0d8e75b3f,Warning,Warning - Value dubious for this VR - (TAG) PN Patient's Name PN [1] = <TCGA-67-6215> - Retired Person Name form,1
not identifiable from index / tcga_sbu_til_maps,dciodvfy,a30f09814e0a,Warning,Warning - Value dubious for this VR - (TAG) PN Patient's Name PN [1] = <TCGA-XF-A9SI> - Retired Person Name form,1
not identifiable from index / tcga_sbu_til_maps,dciodvfy,a3541451e4d9,Warning,Warning - Value dubious for this VR - (TAG) PN Patient's Name PN [1] = <TCGA-BH-A0BV> - Retired Person Name form,1
not identifiable from index / tcga_sbu_til_maps,dciodvfy,a35e2b6747e8,Warning,Warning - Value dubious for this VR - (TAG) PN Patient's Name PN [1] = <TCGA-G9-7510> - Retired Person Name form,1
not identifiable from index / tcga_sbu_til_maps,dciodvfy,a404b0e53867,Warning,Warning - Value dubious for this VR - (TAG) PN Patient's Name PN [1] = <TCGA-CZ-5461> - Retired Person Name form,1
not identifiable from index / tcga_sbu_til_maps,dciodvfy,a49e2e5182cf,Warning,Warning - Value dubious for this VR - (TAG) PN Patient's Name PN [1] = <TCGA-UF-A7J9> - Retired Person Name form,1
not identifiable from index / tcga_sbu_til_maps,dciodvfy,a4e56a40b2ec,Warning,Warning - Value dubious for this VR - (TAG) PN Patient's Name PN [1] = <TCGA-3U-A98G> - Retired Person Name form,1
not identifiable from index / tcga_sbu_til_maps,dciodvfy,a58ef9878388,Warning,Warning - Value dubious for this VR - (TAG) PN Patient's Name PN [1] = <TCGA-CG-5716> - Retired Person Name form,1
not identifiable from index / tcga_sbu_til_maps,dciodvfy,a5d9de58efaa,Warning,Warning - Value dubious for this VR - (TAG) PN Patient's Name PN [1] = <TCGA-97-8171> - Retired Person Name form,1
not identifiable from index / tcga_sbu_til_maps,dciodvfy,a651e1c47e32,Warning,Warning - Value dubious for this VR - (TAG) PN Patient's Name PN [1] = <TCGA-IW-A3M6> - Retired Person Name form,1
not identifiable from index / tcga_sbu_til_maps,dciodvfy,a839c770015c,Warning,Warning - Value dubious for this VR - (TAG) PN Patient's Name PN [1] = <TCGA-CV-5977> - Retired Person Name form,1
not identifiable from index / tcga_sbu_til_maps,dciodvfy,a86740b9e350,Warning,Warning - Value dubious for this VR - (TAG) PN Patient's Name PN [1] = <TCGA-X6-A8C7> - Retired Person Name form,1
not identifiable from index / tcga_sbu_til_maps,dciodvfy,a87fb291e11e,Warning,Warning - Value dubious for this VR - (TAG) PN Patient's Name PN [1] = <TCGA-A8-A08P> - Retired Person Name form,1
not identifiable from index / tcga_sbu_til_maps,dciodvfy,a8a757fedb86,Warning,Warning - Value dubious for this VR - (TAG) PN Patient's Name PN [1] = <TCGA-44-6777> - Retired Person Name form,1
not identifiable from index / tcga_sbu_til_maps,dciodvfy,a8da1b34b08c,Warning,Warning - Value dubious for this VR - (TAG) PN Patient's Name PN [1] = <TCGA-QK-A6IH> - Retired Person Name form,1
not identifiable from index / tcga_sbu_til_maps,dciodvfy,a9699a061a76,Warning,Warning - Value dubious for this VR - (TAG) PN Patient's Name PN [1] = <TCGA-CJ-4881> - Retired Person Name form,1
not identifiable from index / tcga_sbu_til_maps,dciodvfy,aa01e00b04f0,Warning,Warning - Value dubious for this VR - (TAG) PN Patient's Name PN [1] = <TCGA-DD-A1EL> - Retired Person Name form,1
not identifiable from index / tcga_sbu_til_maps,dciodvfy,aaabf04dfa38,Warning,Warning - Value dubious for this VR - (TAG) PN Patient's Name PN [1] = <TCGA-ER-A19A> - Retired Person Name form,1
not identifiable from index / tcga_sbu_til_maps,dciodvfy,ab2a0bec7bfd,Warning,Warning - Value dubious for this VR - (TAG) PN Patient's Name PN [1] = <TCGA-MX-A663> - Retired Person Name form,1
not identifiable from index / tcga_sbu_til_maps,dciodvfy,ab3b4124ebf8,Warning,Warning - Value dubious for this VR - (TAG) PN Patient's Name PN [1] = <TCGA-D5-5538> - Retired Person Name form,1
not identifiable from index / tcga_sbu_til_maps,dciodvfy,abebb02b0400,Warning,Warning - Value dubious for this VR - (TAG) PN Patient's Name PN [1] = <TCGA-33-AASL> - Retired Person Name form,1
not identifiable from index / tcga_sbu_til_maps,dciodvfy,ac0964ff5d17,Warning,Warning - Value dubious for this VR - (TAG) PN Patient's Name PN [1] = <TCGA-D7-A74B> - Retired Person Name form,1
not identifiable from index / tcga_sbu_til_maps,dciodvfy,ac164a9716d7,Warning,Warning - Value dubious for this VR - (TAG) PN Patient's Name PN [1] = <TCGA-LP-A4AW> - Retired Person Name form,1
not identifiable from index / tcga_sbu_til_maps,dciodvfy,ad9536e0ea91,Warning,Warning - Value dubious for this VR - (TAG) PN Patient's Name PN [1] = <TCGA-69-7980> - Retired Person Name form,1
not identifiable from index / tcga_sbu_til_maps,dciodvfy,adafc0b3f8ac,Warning,Warning - Value dubious for this VR - (TAG) PN Patient's Name PN [1] = <TCGA-EA-A439> - Retired Person Name form,1
not identifiable from index / tcga_sbu_til_maps,dciodvfy,adceb54d1013,Warning,Warning - Value dubious for this VR - (TAG) PN Patient's Name PN [1] = <TCGA-C8-A1HJ> - Retired Person Name form,1
not identifiable from index / tcga_sbu_til_maps,dciodvfy,ae8dc3bd7423,Warning,Warning - Value dubious for this VR - (TAG) PN Patient's Name PN [1] = <TCGA-HC-7736> - Retired Person Name form,1
not identifiable from index / tcga_sbu_til_maps,dciodvfy,aeabb0c2d546,Warning,Warning - Value dubious for this VR - (TAG) PN Patient's Name PN [1] = <TCGA-49-4487> - Retired Person Name form,1
not identifiable from index / tcga_sbu_til_maps,dciodvfy,b0086b771f82,Warning,Warning - Value dubious for this VR - (TAG) PN Patient's Name PN [1] = <TCGA-BR-8381> - Retired Person Name form,1
not identifiable from index / tcga_sbu_til_maps,dciodvfy,b00dedf16c99,Warning,Warning - Value dubious for this VR - (TAG) PN Patient's Name PN [1] = <TCGA-E2-A15D> - Retired Person Name form,1
not identifiable from index / tcga_sbu_til_maps,dciodvfy,b1ce6cefd5f5,Warning,Warning - Value dubious for this VR - (TAG) PN Patient's Name PN [1] = <TCGA-E2-A1B0> - Retired Person Name form,1
not identifiable from index / tcga_sbu_til_maps,dciodvfy,b42e0430b18a,Warning,Warning - Value dubious for this VR - (TAG) PN Patient's Name PN [1] = <TCGA-BP-4965> - Retired Person Name form,1
not identifiable from index / tcga_sbu_til_maps,dciodvfy,b46fe2ee5c6c,Warning,Warning - Value dubious for this VR - (TAG) PN Patient's Name PN [1] = <TCGA-3H-AB3U> - Retired Person Name form,1
not identifiable from index / tcga_sbu_til_maps,dciodvfy,b5334f069e4c,Warning,Warning - Value dubious for this VR - (TAG) PN Patient's Name PN [1] = <TCGA-EC-A24G> - Retired Person Name form,1
not identifiable from index / tcga_sbu_til_maps,dciodvfy,b63cd3d9a2fb,Warning,Warning - Value dubious for this VR - (TAG) PN Patient's Name PN [1] = <TCGA-56-8623> - Retired Person Name form,1
not identifiable from index / tcga_sbu_til_maps,dciodvfy,b71caebd3fb9,Warning,Warning - Value dubious for this VR - (TAG) PN Patient's Name PN [1] = <TCGA-CJ-4643> - Retired Person Name form,1
not identifiable from index / tcga_sbu_til_maps,dciodvfy,b8f3008c474e,Warning,Warning - Value dubious for this VR - (TAG) PN Patient's Name PN [1] = <TCGA-AF-2693> - Retired Person Name form,1
not identifiable from index / tcga_sbu_til_maps,dciodvfy,bb8b3c52a2e1,Warning,Warning - Value dubious for this VR - (TAG) PN Patient's Name PN [1] = <TCGA-G6-A5PC> - Retired Person Name form,1
not identifiable from index / tcga_sbu_til_maps,dciodvfy,bba91ed953b4,Warning,Warning - Value dubious for this VR - (TAG) PN Patient's Name PN [1] = <TCGA-DS-A7WF> - Retired Person Name form,1
not identifiable from index / tcga_sbu_til_maps,dciodvfy,bbb5d85036bd,Warning,Warning - Value dubious for this VR - (TAG) PN Patient's Name PN [1] = <TCGA-AA-A01R> - Retired Person Name form,1
not identifiable from index / tcga_sbu_til_maps,dciodvfy,bc576a0bf12d,Warning,Warning - Value dubious for this VR - (TAG) PN Patient's Name PN [1] = <TCGA-AR-A24T> - Retired Person Name form,1
not identifiable from index / tcga_sbu_til_maps,dciodvfy,bd364121e5d0,Warning,Warning - Value dubious for this VR - (TAG) PN Patient's Name PN [1] = <TCGA-55-8091> - Retired Person Name form,1
not identifiable from index / tcga_sbu_til_maps,dciodvfy,bdada0dd5d31,Warning,Warning - Value dubious for this VR - (TAG) PN Patient's Name PN [1] = <TCGA-CN-4726> - Retired Person Name form,1
not identifiable from index / tcga_sbu_til_maps,dciodvfy,bdbf00e6d254,Warning,Warning - Value dubious for this VR - (TAG) PN Patient's Name PN [1] = <TCGA-WK-A8Y0> - Retired Person Name form,1
not identifiable from index / tcga_sbu_til_maps,dciodvfy,bfbd5c065377,Warning,Warning - Value dubious for this VR - (TAG) PN Patient's Name PN [1] = <TCGA-D8-A1XV> - Retired Person Name form,1
not identifiable from index / tcga_sbu_til_maps,dciodvfy,c0749192db40,Warning,Warning - Value dubious for this VR - (TAG) PN Patient's Name PN [1] = <TCGA-AF-2689> - Retired Person Name form,1
not identifiable from index / tcga_sbu_til_maps,dciodvfy,c0bf2b8d5e1c,Warning,Warning - Value dubious for this VR - (TAG) PN Patient's Name PN [1] = <TCGA-VQ-A922> - Retired Person Name form,1
not identifiable from index / tcga_sbu_til_maps,dciodvfy,c21ecb87c6fe,Warning,Warning - Value dubious for this VR - (TAG) PN Patient's Name PN [1] = <TCGA-XF-A9SY> - Retired Person Name form,1
not identifiable from index / tcga_sbu_til_maps,dciodvfy,c37f65d70d34,Warning,Warning - Value dubious for this VR - (TAG) PN Patient's Name PN [1] = <TCGA-HC-7210> - Retired Person Name form,1
not identifiable from index / tcga_sbu_til_maps,dciodvfy,c3cbe977d4fd,Warning,Warning - Value dubious for this VR - (TAG) PN Patient's Name PN [1] = <TCGA-OR-A5JS> - Retired Person Name form,1
not identifiable from index / tcga_sbu_til_maps,dciodvfy,c48202f12768,Warning,Warning - Value dubious for this VR - (TAG) PN Patient's Name PN [1] = <TCGA-AN-A0AR> - Retired Person Name form,1
not identifiable from index / tcga_sbu_til_maps,dciodvfy,c7c3572daba7,Warning,Warning - Value dubious for this VR - (TAG) PN Patient's Name PN [1] = <TCGA-BS-A0TG> - Retired Person Name form,1
not identifiable from index / tcga_sbu_til_maps,dciodvfy,c9c317143c62,Warning,Warning - Value dubious for this VR - (TAG) PN Patient's Name PN [1] = <TCGA-OE-A75W> - Retired Person Name form,1
not identifiable from index / tcga_sbu_til_maps,dciodvfy,caf1df9f7b11,Warning,Warning - Value dubious for this VR - (TAG) PN Patient's Name PN [1] = <TCGA-A7-A13G> - Retired Person Name form,1
not identifiable from index / tcga_sbu_til_maps,dciodvfy,cc598bd91f2b,Warning,Warning - Value dubious for this VR - (TAG) PN Patient's Name PN [1] = <TCGA-A8-A08F> - Retired Person Name form,1
not identifiable from index / tcga_sbu_til_maps,dciodvfy,cdb33f87b9e5,Warning,Warning - Value dubious for this VR - (TAG) PN Patient's Name PN [1] = <TCGA-LL-A5YM> - Retired Person Name form,1
not identifiable from index / tcga_sbu_til_maps,dciodvfy,cf87b0aba946,Warning,Warning - Value dubious for this VR - (TAG) PN Patient's Name PN [1] = <TCGA-AH-6644> - Retired Person Name form,1
not identifiable from index / tcga_sbu_til_maps,dciodvfy,d02dd003afc6,Warning,Warning - Value dubious for this VR - (TAG) PN Patient's Name PN [1] = <TCGA-AR-A0U4> - Retired Person Name form,1
not identifiable from index / tcga_sbu_til_maps,dciodvfy,d0d3c0889b8c,Warning,Warning - Value dubious for this VR - (TAG) PN Patient's Name PN [1] = <TCGA-EB-A6L9> - Retired Person Name form,1
not identifiable from index / tcga_sbu_til_maps,dciodvfy,d15f193c73ae,Warning,Warning - Value dubious for this VR - (TAG) PN Patient's Name PN [1] = <TCGA-SJ-A6ZJ> - Retired Person Name form,1
not identifiable from index / tcga_sbu_til_maps,dciodvfy,d18d9d9b3691,Warning,Warning - Value dubious for this VR - (TAG) PN Patient's Name PN [1] = <TCGA-49-6744> - Retired Person Name form,1
not identifiable from index / tcga_sbu_til_maps,dciodvfy,d26a2c338394,Warning,Warning - Value dubious for this VR - (TAG) PN Patient's Name PN [1] = <TCGA-MA-AA3X> - Retired Person Name form,1
not identifiable from index / tcga_sbu_til_maps,dciodvfy,d26b67ad279f,Warning,Warning - Value dubious for this VR - (TAG) PN Patient's Name PN [1] = <TCGA-AC-A2FF> - Retired Person Name form,1
not identifiable from index / tcga_sbu_til_maps,dciodvfy,d3f30b5d793a,Warning,Warning - Value dubious for this VR - (TAG) PN Patient's Name PN [1] = <TCGA-FD-A3SP> - Retired Person Name form,1
not identifiable from index / tcga_sbu_til_maps,dciodvfy,d51de9988080,Warning,Warning - Value dubious for this VR - (TAG) PN Patient's Name PN [1] = <TCGA-OR-A5JV> - Retired Person Name form,1
not identifiable from index / tcga_sbu_til_maps,dciodvfy,d758067d03ee,Warning,Warning - Value dubious for this VR - (TAG) PN Patient's Name PN [1] = <TCGA-E2-A15G> - Retired Person Name form,1
not identifiable from index / tcga_sbu_til_maps,dciodvfy,d79ca4a02deb,Warning,Warning - Value dubious for this VR - (TAG) PN Patient's Name PN [1] = <TCGA-55-6972> - Retired Person Name form,1
not identifiable from index / tcga_sbu_til_maps,dciodvfy,d7c6732b6ed2,Warning,Warning - Value dubious for this VR - (TAG) PN Patient's Name PN [1] = <TCGA-EE-A3AB> - Retired Person Name form,1
not identifiable from index / tcga_sbu_til_maps,dciodvfy,d887beb07dee,Warning,Warning - Value dubious for this VR - (TAG) PN Patient's Name PN [1] = <TCGA-CM-6164> - Retired Person Name form,1
not identifiable from index / tcga_sbu_til_maps,dciodvfy,d922827f7a99,Warning,Warning - Value dubious for this VR - (TAG) PN Patient's Name PN [1] = <TCGA-GJ-A9DB> - Retired Person Name form,1
not identifiable from index / tcga_sbu_til_maps,dciodvfy,d99c5d593897,Warning,Warning - Value dubious for this VR - (TAG) PN Patient's Name PN [1] = <TCGA-B2-5633> - Retired Person Name form,1
not identifiable from index / tcga_sbu_til_maps,dciodvfy,d99d8f95f6ca,Warning,Warning - Value dubious for this VR - (TAG) PN Patient's Name PN [1] = <TCGA-56-5897> - Retired Person Name form,1
not identifiable from index / tcga_sbu_til_maps,dciodvfy,d9dfe973b1bb,Warning,Warning - Value dubious for this VR - (TAG) PN Patient's Name PN [1] = <TCGA-XF-A9SV> - Retired Person Name form,1
not identifiable from index / tcga_sbu_til_maps,dciodvfy,dab87eda9f0f,Warning,Warning - Value dubious for this VR - (TAG) PN Patient's Name PN [1] = <TCGA-DA-A3F5> - Retired Person Name form,1
not identifiable from index / tcga_sbu_til_maps,dciodvfy,dcc1ffbccf1a,Warning,Warning - Value dubious for this VR - (TAG) PN Patient's Name PN [1] = <TCGA-35-3615> - Retired Person Name form,1
not identifiable from index / tcga_sbu_til_maps,dciodvfy,dcfcafdd2bf9,Warning,Warning - Value dubious for this VR - (TAG) PN Patient's Name PN [1] = <TCGA-FI-A3PV> - Retired Person Name form,1
not identifiable from index / tcga_sbu_til_maps,dciodvfy,dd847b82a720,Warning,Warning - Value dubious for this VR - (TAG) PN Patient's Name PN [1] = <TCGA-B0-5107> - Retired Person Name form,1
not identifiable from index / tcga_sbu_til_maps,dciodvfy,de43358c985e,Warning,Warning - Value dubious for this VR - (TAG) PN Patient's Name PN [1] = <TCGA-OR-A5JW> - Retired Person Name form,1
not identifiable from index / tcga_sbu_til_maps,dciodvfy,de99f6a1226b,Warning,Warning - Value dubious for this VR - (TAG) PN Patient's Name PN [1] = <TCGA-22-1017> - Retired Person Name form,1
not identifiable from index / tcga_sbu_til_maps,dciodvfy,deb9c2eb90b1,Warning,Warning - Value dubious for this VR - (TAG) PN Patient's Name PN [1] = <TCGA-3T-AA9L> - Retired Person Name form,1
not identifiable from index / tcga_sbu_til_maps,dciodvfy,df22c622ca62,Warning,Warning - Value dubious for this VR - (TAG) PN Patient's Name PN [1] = <TCGA-B5-A1MY> - Retired Person Name form,1
not identifiable from index / tcga_sbu_til_maps,dciodvfy,df56f1f01722,Warning,Warning - Value dubious for this VR - (TAG) PN Patient's Name PN [1] = <TCGA-E9-A226> - Retired Person Name form,1
not identifiable from index / tcga_sbu_til_maps,dciodvfy,df71541e49de,Warning,Warning - Value dubious for this VR - (TAG) PN Patient's Name PN [1] = <TCGA-G4-6307> - Retired Person Name form,1
not identifiable from index / tcga_sbu_til_maps,dciodvfy,e06776b40547,Warning,Warning - Value dubious for this VR - (TAG) PN Patient's Name PN [1] = <TCGA-FD-A62P> - Retired Person Name form,1
not identifiable from index / tcga_sbu_til_maps,dciodvfy,e0a673b9203e,Warning,Warning - Value dubious for this VR - (TAG) PN Patient's Name PN [1] = <TCGA-FI-A2D5> - Retired Person Name form,1
not identifiable from index / tcga_sbu_til_maps,dciodvfy,e198d4a16823,Warning,Warning - Value dubious for this VR - (TAG) PN Patient's Name PN [1] = <TCGA-GN-A264> - Retired Person Name form,1
not identifiable from index / tcga_sbu_til_maps,dciodvfy,e1e82aa7db80,Warning,Warning - Value dubious for this VR - (TAG) PN Patient's Name PN [1] = <TCGA-E2-A15S> - Retired Person Name form,1
not identifiable from index / tcga_sbu_til_maps,dciodvfy,e2667e7e1cc1,Warning,Warning - Value dubious for this VR - (TAG) PN Patient's Name PN [1] = <TCGA-55-8206> - Retired Person Name form,1
not identifiable from index / tcga_sbu_til_maps,dciodvfy,e276d657d0a9,Warning,Warning - Value dubious for this VR - (TAG) PN Patient's Name PN [1] = <TCGA-CJ-4899> - Retired Person Name form,1
not identifiable from index / tcga_sbu_til_maps,dciodvfy,e27e57e7985a,Warning,Warning - Value dubious for this VR - (TAG) PN Patient's Name PN [1] = <TCGA-EE-A2M7> - Retired Person Name form,1
not identifiable from index / tcga_sbu_til_maps,dciodvfy,e2b8d891aa8b,Warning,Warning - Value dubious for this VR - (TAG) PN Patient's Name PN [1] = <TCGA-RL-AAAS> - Retired Person Name form,1
not identifiable from index / tcga_sbu_til_maps,dciodvfy,e2bf86ebbb21,Warning,Warning - Value dubious for this VR - (TAG) PN Patient's Name PN [1] = <TCGA-55-5899> - Retired Person Name form,1
not identifiable from index / tcga_sbu_til_maps,dciodvfy,e3252236e1bc,Warning,Warning - Value dubious for this VR - (TAG) PN Patient's Name PN [1] = <TCGA-E9-A1NI> - Retired Person Name form,1
not identifiable from index / tcga_sbu_til_maps,dciodvfy,e32cac9631d7,Warning,Warning - Value dubious for this VR - (TAG) PN Patient's Name PN [1] = <TCGA-BR-6566> - Retired Person Name form,1
not identifiable from index / tcga_sbu_til_maps,dciodvfy,e33b258cb1f5,Warning,Warning - Value dubious for this VR - (TAG) PN Patient's Name PN [1] = <TCGA-G2-AA3F> - Retired Person Name form,1
not identifiable from index / tcga_sbu_til_maps,dciodvfy,e4b171dc8b5a,Warning,Warning - Value dubious for this VR - (TAG) PN Patient's Name PN [1] = <TCGA-GU-A767> - Retired Person Name form,1
not identifiable from index / tcga_sbu_til_maps,dciodvfy,e4e0acea658d,Warning,Warning - Value dubious for this VR - (TAG) PN Patient's Name PN [1] = <TCGA-AD-6965> - Retired Person Name form,1
not identifiable from index / tcga_sbu_til_maps,dciodvfy,e4f447ec751f,Warning,Warning - Value dubious for this VR - (TAG) PN Patient's Name PN [1] = <TCGA-XU-A933> - Retired Person Name form,1
not identifiable from index / tcga_sbu_til_maps,dciodvfy,e60850b21c5b,Warning,Warning - Value dubious for this VR - (TAG) PN Patient's Name PN [1] = <TCGA-FD-A6TK> - Retired Person Name form,1
not identifiable from index / tcga_sbu_til_maps,dciodvfy,e666987ac4bb,Warning,Warning - Value dubious for this VR - (TAG) PN Patient's Name PN [1] = <TCGA-PK-A5H9> - Retired Person Name form,1
not identifiable from index / tcga_sbu_til_maps,dciodvfy,e7131e324cd7,Warning,Warning - Value dubious for this VR - (TAG) PN Patient's Name PN [1] = <TCGA-AO-A1KT> - Retired Person Name form,1
not identifiable from index / tcga_sbu_til_maps,dciodvfy,e72730bff55f,Warning,Warning - Value dubious for this VR - (TAG) PN Patient's Name PN [1] = <TCGA-AK-3434> - Retired Person Name form,1
not identifiable from index / tcga_sbu_til_maps,dciodvfy,e7b7b69ad675,Warning,Warning - Value dubious for this VR - (TAG) PN Patient's Name PN [1] = <TCGA-C5-A905> - Retired Person Name form,1
not identifiable from index / tcga_sbu_til_maps,dciodvfy,e92526c53155,Warning,Warning - Value dubious for this VR - (TAG) PN Patient's Name PN [1] = <TCGA-A1-A0SK> - Retired Person Name form,1
not identifiable from index / tcga_sbu_til_maps,dciodvfy,e932f8c57029,Warning,Warning - Value dubious for this VR - (TAG) PN Patient's Name PN [1] = <TCGA-EF-5830> - Retired Person Name form,1
not identifiable from index / tcga_sbu_til_maps,dciodvfy,e99eaf8accfc,Warning,Warning - Value dubious for this VR - (TAG) PN Patient's Name PN [1] = <TCGA-CQ-A4CA> - Retired Person Name form,1
not identifiable from index / tcga_sbu_til_maps,dciodvfy,e9a5f0332efa,Warning,Warning - Value dubious for this VR - (TAG) PN Patient's Name PN [1] = <TCGA-EW-A423> - Retired Person Name form,1
not identifiable from index / tcga_sbu_til_maps,dciodvfy,e9c5975bffb5,Warning,Warning - Value dubious for this VR - (TAG) PN Patient's Name PN [1] = <TCGA-CJ-5686> - Retired Person Name form,1
not identifiable from index / tcga_sbu_til_maps,dciodvfy,ea7f6d44dd10,Warning,Warning - Value dubious for this VR - (TAG) PN Patient's Name PN [1] = <TCGA-D1-A15W> - Retired Person Name form,1
not identifiable from index / tcga_sbu_til_maps,dciodvfy,eafefb4fc712,Warning,Warning - Value dubious for this VR - (TAG) PN Patient's Name PN [1] = <TCGA-VR-AA7I> - Retired Person Name form,1
not identifiable from index / tcga_sbu_til_maps,dciodvfy,eb06837b488d,Warning,Warning - Value dubious for this VR - (TAG) PN Patient's Name PN [1] = <TCGA-OR-A5JQ> - Retired Person Name form,1
not identifiable from index / tcga_sbu_til_maps,dciodvfy,ed622f1b397f,Warning,Warning - Value dubious for this VR - (TAG) PN Patient's Name PN [1] = <TCGA-YF-AA3L> - Retired Person Name form,1
not identifiable from index / tcga_sbu_til_maps,dciodvfy,eed388e19b3c,Warning,Warning - Value dubious for this VR - (TAG) PN Patient's Name PN [1] = <TCGA-A5-A1OF> - Retired Person Name form,1
not identifiable from index / tcga_sbu_til_maps,dciodvfy,f0dd307cd602,Warning,Warning - Value dubious for this VR - (TAG) PN Patient's Name PN [1] = <TCGA-BF-A5EQ> - Retired Person Name form,1
not identifiable from index / tcga_sbu_til_maps,dciodvfy,f1eeccee853c,Warning,Warning - Value dubious for this VR - (TAG) PN Patient's Name PN [1] = <TCGA-60-2719> - Retired Person Name form,1
not identifiable from index / tcga_sbu_til_maps,dciodvfy,f28fd0841ad1,Warning,Warning - Value dubious for this VR - (TAG) PN Patient's Name PN [1] = <TCGA-CH-5744> - Retired Person Name form,1
not identifiable from index / tcga_sbu_til_maps,dciodvfy,f2a68016e698,Warning,Warning - Value dubious for this VR - (TAG) PN Patient's Name PN [1] = <TCGA-OR-A5LO> - Retired Person Name form,1
not identifiable from index / tcga_sbu_til_maps,dciodvfy,f2f3c4385c76,Warning,Warning - Value dubious for this VR - (TAG) PN Patient's Name PN [1] = <TCGA-3L-AA1B> - Retired Person Name form,1
not identifiable from index / tcga_sbu_til_maps,dciodvfy,f321bfb347ce,Warning,Warning - Value dubious for this VR - (TAG) PN Patient's Name PN [1] = <TCGA-33-4533> - Retired Person Name form,1
not identifiable from index / tcga_sbu_til_maps,dciodvfy,f42e91548427,Warning,Warning - Value dubious for this VR - (TAG) PN Patient's Name PN [1] = <TCGA-OR-A5KW> - Retired Person Name form,1
not identifiable from index / tcga_sbu_til_maps,dciodvfy,f53e8ffecc7b,Warning,Warning - Value dubious for this VR - (TAG) PN Patient's Name PN [1] = <TCGA-FI-A2D4> - Retired Person Name form,1
not identifiable from index / tcga_sbu_til_maps,dciodvfy,f634f2a0390e,Warning,Warning - Value dubious for this VR - (TAG) PN Patient's Name PN [1] = <TCGA-HD-8635> - Retired Person Name form,1
not identifiable from index / tcga_sbu_til_maps,dciodvfy,f652ed84080e,Warning,Warning - Value dubious for this VR - (TAG) PN Patient's Name PN [1] = <TCGA-JY-A6FE> - Retired Person Name form,1
not identifiable from index / tcga_sbu_til_maps,dciodvfy,f6ac44640e32,Warning,Warning - Value dubious for this VR - (TAG) PN Patient's Name PN [1] = <TCGA-BR-A4IY> - Retired Person Name form,1
not identifiable from index / tcga_sbu_til_maps,dciodvfy,f743b79c0605,Warning,Warning - Value dubious for this VR - (TAG) PN Patient's Name PN [1] = <TCGA-BS-A0UT> - Retired Person Name form,1
not identifiable from index / tcga_sbu_til_maps,dciodvfy,f7fdeeb6044d,Warning,Warning - Value dubious for this VR - (TAG) PN Patient's Name PN [1] = <TCGA-HD-A634> - Retired Person Name form,1
not identifiable from index / tcga_sbu_til_maps,dciodvfy,f95f3df51395,Warning,Warning - Value dubious for this VR - (TAG) PN Patient's Name PN [1] = <TCGA-CN-4729> - Retired Person Name form,1
not identifiable from index / tcga_sbu_til_maps,dciodvfy,f96f4cc039c6,Warning,Warning - Value dubious for this VR - (TAG) PN Patient's Name PN [1] = <TCGA-NH-A50T> - Retired Person Name form,1
not identifiable from index / tcga_sbu_til_maps,dciodvfy,f9700cba8cef,Warning,Warning - Value dubious for this VR - (TAG) PN Patient's Name PN [1] = <TCGA-UB-AA0U> - Retired Person Name form,1
not identifiable from index / tcga_sbu_til_maps,dciodvfy,f97272624472,Warning,Warning - Value dubious for this VR - (TAG) PN Patient's Name PN [1] = <TCGA-RE-A7BO> - Retired Person Name form,1
not identifiable from index / tcga_sbu_til_maps,dciodvfy,f993c6266c35,Warning,Warning - Value dubious for this VR - (TAG) PN Patient's Name PN [1] = <TCGA-66-2793> - Retired Person Name form,1
not identifiable from index / tcga_sbu_til_maps,dciodvfy,f9b18754de21,Warning,Warning - Value dubious for this VR - (TAG) PN Patient's Name PN [1] = <TCGA-AG-3599> - Retired Person Name form,1
not identifiable from index / tcga_sbu_til_maps,dciodvfy,fa000c315eea,Warning,Warning - Value dubious for this VR - (TAG) PN Patient's Name PN [1] = <TCGA-QK-A652> - Retired Person Name form,1
not identifiable from index / tcga_sbu_til_maps,dciodvfy,fb2cdcd2bf7f,Warning,Warning - Value dubious for this VR - (TAG) PN Patient's Name PN [1] = <TCGA-A6-5665> - Retired Person Name form,1
not identifiable from index / tcga_sbu_til_maps,dciodvfy,fbe08fef7f5a,Warning,Warning - Value dubious for this VR - (TAG) PN Patient's Name PN [1] = <TCGA-C8-A1HE> - Retired Person Name form,1
not identifiable from index / tcga_sbu_til_maps,dciodvfy,fc58f4defdbc,Warning,Warning - Value dubious for this VR - (TAG) PN Patient's Name PN [1] = <TCGA-Z7-A8R6> - Retired Person Name form,1
not identifiable from index / tcga_sbu_til_maps,dciodvfy,fef3d121ee3e,Warning,Warning - Value dubious for this VR - (TAG) PN Patient's Name PN [1] = <TCGA-BH-A0HU> - Retired Person Name form,1
not identifiable from index / tcga_sbu_til_maps,dciodvfy,ffcc2f22769c,Warning,Warning - Value dubious for this VR - (TAG) PN Patient's Name PN [1] = <TCGA-G9-6385> - Retired Person Name form,1
not identifiable from index / tcga_sbu_til_maps,dciodvfy,ffe5fafd1645,Warning,Warning - Value dubious for this VR - (TAG) PN Patient's Name PN [1] = <TCGA-AR-A1AY> - Retired Person Name form,1
pydicom-seg / (null),dicom-validator,380880930b44,ERROR,Module <Multi-frame Functional Groups> (TAG) (Per-Frame Functional Groups Sequence) Tag (TAG) (Plane Position Sequence) is unexpected,384
pydicom-seg / (null),dicom-validator,6f01abd4f319,ERROR,Module <Multi-frame Functional Groups> (TAG) (Shared Functional Groups Sequence) Tag (TAG) (Plane Orientation Sequence) is unexpected,384
pydicom-seg / (null),dicom-validator,972394b5bb82,ERROR,Module <Multi-frame Functional Groups> (TAG) (Per-Frame Functional Groups Sequence) Tag (TAG) (Segment Identification Sequence) is unexpected,384
pydicom-seg / (null),dicom-validator,d0eabe730084,ERROR,Module <Multi-frame Functional Groups> (TAG) (Per-Frame Functional Groups Sequence) Tag (TAG) (Frame Content Sequence) is unexpected,384
pydicom-seg / (null),dicom-validator,d81147d20e87,ERROR,Module <Multi-frame Functional Groups> (TAG) (Shared Functional Groups Sequence) Tag (TAG) (Pixel Measures Sequence) is unexpected,384
pydicom-seg / (null),dicom-validator,f782376ec325,ERROR,Module <Multi-frame Functional Groups> (TAG) (Per-Frame Functional Groups Sequence) Tag (TAG) (Derivation Image Sequence) is unexpected,384
pydicom-seg / (null),dciodvfy,c3b594f8706b,Error,Error - Empty attribute (no value) Type 1 Required Element=<DeviceSerialNumber> Module=<EnhancedGeneralEquipment>,301
pydicom-seg / (null),dicom-validator,809191a1e767,ERROR,Module <Enhanced General Equipment> Tag (TAG) (Device Serial Number) is empty,301
pydicom-seg / (null),dciodvfy,8aaae10b51a0,Warning,Warning - Value dubious for this VR - (TAG) PN Referring Physician's Name PN [1] = <Name> - Retired Person Name form,252
pydicom-seg / (null),dciodvfy,99cd36f84a70,Warning,Warning - Value dubious for this VR - (TAG) PN Patient's Name PN [1] = <CT4Harmonization-Multicentric> - Retired Person Name form,252
pydicom-seg / (null),dciodvfy,de6052971fe4,Warning,Warning - Value dubious for this VR - (TAG) PN Content Creator's Name PN [1] = <NIfTI to SEG> - Retired Person Name form,252
pydicom-seg / (null),dciodvfy,702e93617425,Error,Error - Missing attribute Type 1 Required Element=<DeviceSerialNumber> Module=<EnhancedGeneralEquipment>,83
pydicom-seg / (null),dciodvfy,7d279d153f54,Warning,Warning - Private CodingSchemeDesignator contains non-alphanumeric characters - value is <99CT_VIA> - bad character is '_',83
pydicom-seg / (null),dciodvfy,815f5dab3ba7,Warning,Warning - Missing attribute or value that would be needed to build DICOMDIR - Study ID,83
pydicom-seg / (null),dciodvfy,ba167a3e5268,Warning,Warning - Unrecognized defined term <99CT_VIA> for value 1 of attribute <Coding Scheme Designator>,83
pydicom-seg / (null),dicom-validator,6a2af7ccf9a8,ERROR,Module <Enhanced General Equipment> Tag (TAG) (Device Serial Number) is missing,83
pydicom-seg / (null),dciodvfy,c1afc3d6e90f,Warning,Warning - Value dubious for this VR - (TAG) PN Patient's Name PN [1] = <SPHNQA4IQI> - Retired Person Name form,49
pydicom-seg / (null),dciodvfy,f9edf0b87df8,Warning,Warning - Unrecognized defined term <XPLORE> for value 1 of attribute <Coding Scheme Designator>,37
pydicom-seg / (null),dciodvfy,d5148f228115,Warning,Warning - Unrecognized defined term <L> for value 1 of attribute <Coding Scheme Designator>,28
pydicom-seg / (null),dciodvfy,700b417c1b0e,Warning,Warning - Value dubious for this VR - (TAG) PN Patient's Name PN [1] = <296698> - Retired Person Name form,6
pydicom-seg / (null),dciodvfy,8de6774298e0,Warning,Warning - Value dubious for this VR - (TAG) PN Patient's Name PN [1] = <324303> - Retired Person Name form,6
pydicom-seg / (null),dciodvfy,459613cc4d8f,Warning,Warning - Value dubious for this VR - (TAG) PN Patient's Name PN [1] = <301889> - Retired Person Name form,5
pydicom-seg / (null),dciodvfy,6f68d706b3b4,Warning,Warning - Value dubious for this VR - (TAG) PN Patient's Name PN [1] = <318903> - Retired Person Name form,5
pydicom-seg / (null),dciodvfy,9003826dca02,Warning,Warning - Value dubious for this VR - (TAG) PN Patient's Name PN [1] = <243509> - Retired Person Name form,5
pydicom-seg / (null),dciodvfy,1f9be1443f24,Warning,Warning - Value dubious for this VR - (TAG) PN Patient's Name PN [1] = <107166> - Retired Person Name form,4
pydicom-seg / (null),dciodvfy,3fae8fcc3fa4,Warning,Warning - Value dubious for this VR - (TAG) PN Patient's Name PN [1] = <895032> - Retired Person Name form,4
pydicom-seg / (null),dciodvfy,4469b7e1da6a,Warning,Warning - Value dubious for this VR - (TAG) PN Patient's Name PN [1] = <714842> - Retired Person Name form,4
pydicom-seg / (null),dciodvfy,3ebdcd29c02e,Warning,Warning - Value dubious for this VR - (TAG) PN Patient's Name PN [1] = <209868> - Retired Person Name form,3
pydicom-seg / (null),dciodvfy,5e4594de6b4f,Warning,Warning - Value dubious for this VR - (TAG) PN Patient's Name PN [1] = <126123> - Retired Person Name form,3
pydicom-seg / (null),dciodvfy,61d8c8c59970,Warning,Warning - Value dubious for this VR - (TAG) PN Patient's Name PN [1] = <238644> - Retired Person Name form,3
pydicom-seg / (null),dciodvfy,69c66e31383e,Warning,Warning - Value dubious for this VR - (TAG) PN Patient's Name PN [1] = <335900> - Retired Person Name form,3
pydicom-seg / (null),dciodvfy,6c4f0cb87cf0,Warning,Warning - Value dubious for this VR - (TAG) PN Patient's Name PN [1] = <308221> - Retired Person Name form,3
pydicom-seg / (null),dciodvfy,795d9a9c3174,Warning,Warning - Value dubious for this VR - (TAG) PN Patient's Name PN [1] = <269755> - Retired Person Name form,3
pydicom-seg / (null),dciodvfy,fb3d1edad913,Warning,Warning - Value dubious for this VR - (TAG) PN Patient's Name PN [1] = <157357> - Retired Person Name form,3
pydicom-seg / (null),dciodvfy,094a5533a029,Warning,Warning - Value dubious for this VR - (TAG) PN Patient's Name PN [1] = <182825> - Retired Person Name form,2
pydicom-seg / (null),dciodvfy,13dcac3f2161,Warning,Warning - Value dubious for this VR - (TAG) PN Patient's Name PN [1] = <244660> - Retired Person Name form,2
pydicom-seg / (null),dciodvfy,4ecf6197af84,Warning,Warning - Value dubious for this VR - (TAG) PN Patient's Name PN [1] = <229925> - Retired Person Name form,2
pydicom-seg / (null),dciodvfy,4fe5563f9dca,Warning,Warning - Value dubious for this VR - (TAG) PN Patient's Name PN [1] = <314333> - Retired Person Name form,2
pydicom-seg / (null),dciodvfy,a68c2bd56d67,Warning,Warning - Value dubious for this VR - (TAG) PN Patient's Name PN [1] = <132854> - Retired Person Name form,2
pydicom-seg / (null),dciodvfy,aadbdf3d4725,Warning,Warning - Value dubious for this VR - (TAG) PN Patient's Name PN [1] = <135798> - Retired Person Name form,2
pydicom-seg / (null),dciodvfy,e55baf9bd08e,Warning,Warning - Value dubious for this VR - (TAG) PN Patient's Name PN [1] = <573377> - Retired Person Name form,2
pydicom-seg / (null),dciodvfy,18e8e59eb754,Warning,Warning - Value dubious for this VR - (TAG) PN Patient's Name PN [1] = <643677> - Retired Person Name form,1
pydicom-seg / (null),dciodvfy,21d3d71e7b65,Warning,Warning - Value dubious for this VR - (TAG) PN Patient's Name PN [1] = <315906> - Retired Person Name form,1
pydicom-seg / (null),dciodvfy,249aa045bbf3,Warning,Warning - Value dubious for this VR - (TAG) PN Patient's Name PN [1] = <978961> - Retired Person Name form,1
pydicom-seg / (null),dciodvfy,42435c890dab,Warning,Warning - Value dubious for this VR - (TAG) PN Patient's Name PN [1] = <157876> - Retired Person Name form,1
pydicom-seg / (null),dciodvfy,768eba208839,Warning,Warning - Value dubious for this VR - (TAG) PN Patient's Name PN [1] = <200320> - Retired Person Name form,1
pydicom-seg / (null),dciodvfy,8fe425de795f,Warning,Warning - Value dubious for this VR - (TAG) PN Patient's Name PN [1] = <110743> - Retired Person Name form,1
pydicom-seg / (null),dciodvfy,9dc0c5458436,Warning,Warning - Value dubious for this VR - (TAG) PN Patient's Name PN [1] = <277654> - Retired Person Name form,1
pydicom-seg / (null),dciodvfy,dd83dbf18979,Warning,Warning - Value dubious for this VR - (TAG) PN Patient's Name PN [1] = <130094> - Retired Person Name form,1
pydicom-seg / (null),dciodvfy,ddd057e3f4bd,Warning,Warning - Value dubious for this VR - (TAG) PN Patient's Name PN [1] = <231091> - Retired Person Name form,1
